timestamp_ns,busv,current,power,soc,hall_speed,int_r,v_unloaded,drain_time,max_time
1778942173457961517,12.444,1.5175,794.775,0.0,0.0,-4100.164744645797,6.2219999999999995,,
1778942173858362357,12.436,1.5975,787.05,83.82999999999974,0.0,99.99999999999748,12.595749999999994,1.7789421734579617e+18,1.7789421739355958e+18
1778942174259079714,12.44,1.68,763.475,78.93676238561059,0.0,24.23477437677831,12.478735247712212,1.778942173307754e+18,1.7789421743227904e+18
1778942174659334516,12.44,1.5825,691.525,78.90484190876636,0.0,23.894528059790105,12.478096838175327,1.7789421730149197e+18,1.7789421747424952e+18
1778942175059735896,12.436,1.5975,471.95,78.92399253731377,0.0,24.626865671649032,12.478479850746275,1.778942172579889e+18,1.7789421751984622e+18
1778942175460218758,12.44,1.5825,1440.275,78.9582723843247,0.0,25.00577411655419,12.479165447686494,1.7789421720033144e+18,1.7789421756911288e+18
1778942175860890430,12.444,1.6325,1118.55,77.9673190058853,0.0,12.102293192488823,12.459346380117706,1.7789421712466934e+18,1.7789421762493463e+18
1778942176261342436,12.44,1.5975,136.725,77.96717264562344,0.0,12.101475917868102,12.459343452912469,1.778942170337457e+18,1.7789421768501522e+18
1778942176662021437,12.432,1.5475,417.25,76.11088116410869,0.0,-10.606305577990318,12.422217623282174,1.7789421691419753e+18,1.7789421775747218e+18
1778942177062749490,12.444,1.5175,1273.325,77.51006199332463,0.0,6.687424612200988,12.450201239866493,1.7789421678906406e+18,1.7789421782832973e+18
1778942177463499075,12.44,1.4825,609.075,77.44246248173116,0.0,5.846077068410311,12.448849249634623,1.7789421664742815e+18,1.7789421790415537e+18
1778942177863997559,12.44,1.5975,220.325,77.42082963870676,0.0,5.545971915470097,12.448416592774135,1.778942164896671e+18,1.7789421798472763e+18
1778942178264838774,12.44,2.0325,672.375,76.99878618194342,0.0,0.1757408683670838,12.439975723638868,1.7789421630876247e+18,1.7789421807348032e+18
1778942178665049232,12.44,1.9125,413.525,76.97334544401198,0.0,-0.15138348493393264,12.43946690888024,1.7789421611027146e+18,1.7789421816756465e+18
1778942179065246919,12.44,1.5475,1261.975,76.98061072960796,0.0,-0.07438203142556386,12.43961221459216,1.7789421589479788e+18,1.7789421826669138e+18
1778942179466108052,12.44,1.5825,574.425,76.98444257724591,0.0,-0.037618966884739556,12.439688851544918,1.7789421566217436e+18,1.778942183709368e+18
1778942179866766112,12.444,1.5325,114.6,77.09005558987033,0.0,1.1117974058077982,12.441801111797407,1.778942154157328e+18,1.7789421847884475e+18
1778942180267484087,12.448,1.8975,349.725,76.66409206296612,0.0,-4.379680928481096,12.433281841259323,1.7789421513699075e+18,1.7789421859839862e+18
1778942180668271011,12.444,1.5675,1067.275,76.72468717435335,0.0,-3.761292493005029,12.434493743487067,1.7789421484193743e+18,1.778942187226366e+18
1778942181069006779,12.436,1.65,1618.65,76.72943399518344,0.0,-3.5592222301824266,12.43458867990367,1.7789421452860413e+18,1.7789421885240466e+18
1778942181469894987,12.44,1.4975,24.525,76.73166401963378,0.0,-3.534180858030923,12.434633280392676,1.77894214196893e+18,1.778942189877434e+18
1778942181870556003,12.444,1.4975,74.825,76.83434431674945,0.0,-2.3811641130491092,12.43668688633499,1.7789421385277302e+18,1.7789421912625106e+18
1778942182271283856,12.444,1.5175,228.325,76.90859865954592,0.0,-1.5617035476891565,12.438171973190919,1.7789421349566956e+18,1.7789421926821228e+18
1778942182671820191,12.44,1.615,696.775,76.90703431083979,0.0,-1.563167170678702,12.438140686216796,1.7789421312114903e+18,1.7789421941541133e+18
1778942183072563046,12.44,1.65,487.975,76.90986540998469,0.0,-1.5103516974571671,12.438197308199694,1.7789421272951076e+18,1.7789421956773036e+18
1778942183473126497,12.444,1.5975,1489.175,76.92807789716474,0.0,-1.3656791214441752,12.438561557943295,1.7789421232211502e+18,1.7789421972464794e+18
1778942183873972342,12.448,1.615,1267.8,76.94341348902985,0.0,-1.3416592032004053,12.438868269780597,1.7789421189890644e+18,1.7789421988619423e+18
1778942184274739203,12.44,1.5825,592.2,76.9357760873179,0.0,-1.4143030479688459,12.438715521746358,1.7789421145784888e+18,1.778942200531491e+18
1778942184675450323,12.444,1.65,168.85,76.92302640243432,0.0,-1.634999447243667,12.438460528048687,1.7789421099830333e+18,1.7789422022574853e+18
1778942185076311372,12.448,1.5825,515.275,76.97562755378239,0.0,-1.127186705131681,12.439512551075648,1.7789421052750766e+18,1.7789422040128594e+18
1778942185477156279,12.44,1.5825,1572.475,76.96615762986934,0.0,-1.2186095714878906,12.439323152597387,1.7789421003871754e+18,1.7789422058228887e+18
1778942185877787943,12.444,1.5325,1522.0,77.00978968619606,0.0,-0.7316451931080102,12.440195793723921,1.778942095387549e+18,1.7789422076624207e+18
1778942186278340214,12.44,1.4975,1367.975,76.98334350868015,0.0,-1.0361917051400664,12.439666870173603,1.7789420901861594e+18,1.7789422095646362e+18
1778942186679002456,12.44,1.5475,897.925,76.96876023504507,0.0,-1.1944899335321366,12.439375204700902,1.7789420847957092e+18,1.7789422115247662e+18
1778942187079844432,12.452,1.75,1101.825,76.74401775926799,0.0,-4.172211611003481,12.43488035518536,1.7789420788810066e+18,1.77894221366395e+18
1778942187480605386,12.448,1.5975,85.7,76.76636622562772,0.0,-4.005974339893434,12.435327324512555,1.7789420728119114e+18,1.7789422158478395e+18
1778942187880989479,12.452,1.5325,261.525,76.90885182987444,0.0,-2.4109184183672308,12.438177036597489,1.7789420668099151e+18,1.7789422179972413e+18
1778942188281622156,12.452,1.5325,798.1,77.04077909393955,0.0,-0.9340578971197386,12.440815581878791,1.7789420608841513e+18,1.7789422201097021e+18
1778942188682426239,12.444,1.5475,797.2,77.05868807878736,0.0,-0.738627333747755,12.441173761575747,1.7789420548331397e+18,1.778942222257482e+18
1778942189083203792,12.44,1.5475,794.45,77.03556946481758,0.0,-0.9909076160119763,12.440711389296352,1.7789420485745014e+18,1.7789422244697987e+18
1778942189484018103,12.448,1.5975,786.05,77.04748926226328,0.0,-0.9290042593249933,12.440949785245266,1.7789420421805809e+18,1.7789422267210483e+18
1778942189884617365,12.448,1.5325,760.425,77.11428152261962,0.0,-0.17847111473705768,12.442285630452393,1.7789420357801964e+18,1.7789422289661194e+18
1778942190285451524,12.452,1.5825,682.225,77.15218209869965,0.0,0.1579983277399298,12.443043641973993,1.7789420293162327e+18,1.778942231225341e+18
1778942190686210295,12.46,1.5825,443.575,77.21970816056354,0.0,0.7574735531353648,12.444394163211271,1.778942022870157e+18,1.7789422334705533e+18
1778942191086969887,12.448,1.665,1353.675,77.17793824271065,0.0,0.16846774322666508,12.443558764854213,1.7789420161711373e+18,1.7789422357961503e+18
1778942191487888054,12.456,1.5675,854.275,77.25738394033597,0.0,0.9882998453504812,12.44514767880672,1.778942009537336e+18,1.7789422380917885e+18
1778942191888481732,12.448,1.78,968.625,77.14528139509974,0.0,-0.46974863930780175,12.442905627901995,1.7789420024491133e+18,1.7789422405371814e+18
1778942192289214256,12.452,1.5675,1317.6,77.1983525443412,0.0,0.08335369069393422,12.443967050886824,1.77894199536359e+18,1.7789422429744568e+18
1778942192689972213,12.452,1.6325,744.175,77.17400662950925,0.0,-0.32394611916654675,12.443480132590185,1.7789419880585452e+18,1.7789422454801352e+18
1778942193090854096,12.448,1.5675,632.625,77.19913323095648,0.0,-0.06068101422802051,12.44398266461913,1.7789419806831421e+18,1.7789422480030464e+18
1778942193491671748,12.452,1.5825,292.2,77.23097047522894,0.0,0.2395290668657666,12.444619409504579,1.7789419732642368e+18,1.7789422505341627e+18
1778942193892317421,12.448,1.75,891.7,77.1588831626688,0.0,-0.7034358152211179,12.443177663253376,1.778941965460798e+18,1.7789422531897165e+18
1778942194293071128,12.448,1.73,1082.85,77.10304312628926,0.0,-1.4399142219354961,12.442060862525786,1.778941957312829e+18,1.7789422559557292e+18
1778942194693835389,12.452,1.5825,27.775,77.13687269995725,0.0,-1.1074295062738522,12.442737453999145,1.778941949129756e+18,1.7789422587270902e+18
1778942195094140908,12.452,1.5975,84.75,77.15442295821529,0.0,-0.9738792013469991,12.443088459164306,1.7789419408605338e+18,1.7789422615212472e+18
1778942195495014464,12.448,1.5825,258.625,77.16887831858871,0.0,-0.8314824157071788,12.443377566371774,1.7789419324964227e+18,1.778942264341235e+18
1778942195895931044,12.452,1.5675,789.25,77.21417229212362,0.0,-0.34765638930630505,12.444283445842473,1.778941924163353e+18,1.7789422671447585e+18
1778942196296538140,12.444,1.5825,770.175,77.21076110326958,0.0,-0.38117700311048314,12.444215222065392,1.778941915672506e+18,1.7789422699954621e+18
1778942196697293234,12.46,1.715,711.975,77.01036047043478,0.0,-3.0326384581147607,12.440207209408696,1.7789419061846595e+18,1.7789422731745183e+18
1778942197098086030,12.448,1.615,534.375,77.01027071901817,0.0,-3.0637529433277986,12.440205414380364,1.778941896524776e+18,1.7789422764049554e+18
1778942197498937644,12.448,1.665,1630.775,76.99277679996382,0.0,-3.3085874765752323,12.439855535999277,1.7789418866128102e+18,1.7789422797134886e+18
1778942197899504874,12.452,1.73,61.525,76.89991497684252,0.0,-4.525466617101751,12.43799829953685,1.7789418760847007e+18,1.7789422832213297e+18
1778942198300383078,12.456,1.5675,187.75,76.96890666248777,0.0,-3.776264957774712,12.439378133249756,1.7789418657051643e+18,1.7789422866736164e+18
1778942198701072084,12.452,1.5675,572.95,77.01051570089703,0.0,-3.32441977776759,12.440210314017941,1.7789418553595766e+18,1.7789422901087826e+18
1778942199101855289,12.448,1.6325,110.1,77.00563606726699,0.0,-3.40759637482064,12.44011272134534,1.7789418448168965e+18,1.7789422936036467e+18
1778942199502263033,12.444,1.5825,335.975,76.99923803436191,0.0,-3.4729139986562543,12.439984760687238,1.778941834068251e+18,1.7789422971611244e+18
1778942199903062458,12.452,1.5175,1025.3,77.08146860225816,0.0,-2.51305625845956,12.441629372045163,1.7789418236089472e+18,1.7789423006174948e+18
1778942200303679928,12.46,1.5675,1490.55,77.16519150403789,0.0,-1.6036543227036062,12.443303830080758,1.7789418134746132e+18,1.7789423039614528e+18
1778942200704501245,12.456,1.5825,1271.975,77.20440285319219,0.0,-1.2073932797959823,12.444088057063844,1.7789418034264735e+18,1.7789423072721362e+18
1778942201105291609,12.448,1.5975,604.95,77.20827570168086,0.0,-1.1768304276782788,12.444165514033617,1.7789417932596756e+18,1.7789423106171502e+18
1778942201506067336,12.456,1.5175,207.75,77.32540114093896,0.0,0.1935337408121926,12.44650802281878,1.7789417836788913e+18,1.7789423137649915e+18
1778942201906580114,12.456,1.75,634.0,77.16492210385644,0.0,-1.8872234784062387,12.443298442077129,1.7789417729514606e+18,1.7789423172848015e+18
1778942202307196385,12.448,1.5975,296.4,77.16819717796231,0.0,-1.860857625074233,12.443363943559246,1.7789417620988375e+18,1.7789423208409994e+18
1778942202707887669,12.456,1.5675,904.525,77.2211806496408,0.0,-1.2833344979563028,12.444423612992816,1.7789417514529539e+18,1.7789423243249626e+18
1778942203108572616,12.452,1.5975,1121.975,77.23134036677949,0.0,-1.2027578326515562,12.44462680733559,1.7789417407375324e+18,1.778942327827288e+18
1778942203509362076,12.456,1.615,147.175,77.22897654249047,0.0,-1.3093678945229048,12.44457953084981,1.7789417298670815e+18,1.778942331375929e+18
1778942203910193436,12.448,1.615,449.125,77.22865351053133,0.0,-1.3239368526731516,12.444573070210627,1.7789417188559104e+18,1.778942334966207e+18
1778942204310853051,12.46,1.715,1370.6,77.0728001287405,0.0,-3.366191598422068,12.44145600257481,1.7789417065664356e+18,1.7789423389686031e+18
1778942204711577055,12.46,1.5475,905.925,77.1757687813584,0.0,-2.190533103384946,12.443515375627168,1.7789416948869988e+18,1.7789423427679898e+18
1778942205112383276,12.452,1.5475,1126.25,77.21441390573621,0.0,-1.7492971775764805,12.444288278114724,1.7789416833584717e+18,1.7789423465141097e+18
1778942205512962789,12.448,1.68,160.225,77.20848501533456,0.0,-1.828961752993967,12.444169700306691,1.7789416716435185e+18,1.778942350316669e+18
1778942205913384414,12.452,1.5175,488.95,77.26325910125037,0.0,-1.1856817843397771,12.445265182025008,1.778941660226897e+18,1.7789423540184512e+18
1778942206313909272,12.448,1.9975,1492.15,77.25015791532047,0.0,-1.3509828308491074,12.44500315830641,1.778941648570014e+18,1.7789423577942067e+18
1778942206714441289,12.452,1.9675,1276.875,77.1270034673881,0.0,-2.9070657442958128,12.442540069347762,1.7789416357515725e+18,1.7789423619419743e+18
1778942207114889802,12.448,1.73,619.9,77.12330638874906,0.0,-2.9559145994042817,12.442466127774981,1.778941622746718e+18,1.778942366145867e+18
1778942207515362319,12.452,1.5975,253.375,77.13381429856572,0.0,-2.860559087324686,12.442676285971315,1.7789416096792794e+18,1.778942370365888e+18
1778942207915440902,12.448,1.73,773.225,77.13066504903372,0.0,-2.902138129580006,12.442613300980675,1.7789415964311299e+18,1.7789423746402015e+18
1778942208315673889,12.46,1.5975,721.275,77.15917507806705,0.0,-2.639316474859116,12.443183501561341,1.7789415832904164e+18,1.7789423788759089e+18
1778942208716262156,12.464,2.0175,562.75,76.74148542943291,0.0,-7.8945866164168015,12.434829708588659,1.7789415660719442e+18,1.7789423844209723e+18
1778942209116561585,12.456,1.73,78.975,76.6905917036711,0.0,-8.572791662078249,12.433811834073422,1.7789415480794903e+18,1.7789423902101614e+18
1778942209517070447,12.46,1.7,241.0,76.63684825525553,0.0,-9.312904248724582,12.43273696510511,1.7789415292411397e+18,1.778942396266303e+18
1778942209917549462,12.46,1.78,735.45,76.53188326823123,0.0,-10.675052454879612,12.430637665364625,1.7789415089678676e+18,1.7789424027782956e+18
1778942210317925882,12.46,1.5975,606.0,76.56226843489638,0.0,-10.382732996710333,12.431245368697928,1.7789414886416614e+18,1.7789424093019896e+18
1778942210718376585,12.456,1.615,210.95,76.57244651363895,0.0,-10.309794591634242,12.43144893027278,1.778941468060274e+18,1.7789424159023762e+18
1778942211119213993,12.456,1.5825,643.75,76.60064770502207,0.0,-10.016152307444175,12.432012954100442,1.778941447444744e+18,1.778942422508644e+18
1778942211519848546,12.456,1.665,326.15,76.58526678881819,0.0,-10.252175892300807,12.431705335776364,1.7789414262882573e+18,1.778942429283209e+18
1778942211920522150,12.46,1.65,995.325,76.57293678310033,0.0,-10.475950620695556,12.431458735662007,1.7789414046118628e+18,1.778942436219225e+18
1778942212321012312,12.46,1.6325,1399.075,76.57398678572012,0.0,-10.53481349012464,12.431479735714403,1.7789413825765276e+18,1.778942443265127e+18
1778942212721880360,12.456,1.615,992.825,76.5834090856191,0.0,-10.465556931944752,12.431668181712382,1.778941360293767e+18,1.7789424503852454e+18
1778942213122674417,12.456,1.8825,1391.45,76.51066004376342,0.0,-11.387311623956048,12.430213200875269,1.7789413366158587e+18,1.7789424579461222e+18
1778942213523261513,12.456,1.5825,969.55,76.53716672174956,0.0,-11.10895516746432,12.430743334434991,1.7789413129020716e+18,1.778942465513535e+18
1778942213923958648,12.46,1.665,1320.425,76.51750912778655,0.0,-11.415129901976444,12.430350182555731,1.7789412884838597e+18,1.778942473300815e+18
1778942214324622180,12.456,1.5325,752.8,76.57054931571992,0.0,-10.812057139715128,12.431410986314399,1.7789412644746396e+18,1.7789424809529539e+18
1778942214725414573,12.452,1.615,658.95,76.57453803638461,0.0,-10.78151969113949,12.431490760727693,1.7789412401450778e+18,1.7789424887025505e+18
1778942215126084868,12.468,1.68,372.55,76.52303055767496,0.0,-11.521875598549904,12.4304606111535,1.778941214566938e+18,1.7789424968450857e+18
1778942215526933726,12.456,1.5825,1136.925,76.54724494818188,0.0,-11.266682373234536,12.430944898963638,1.7789411889824602e+18,1.778942504985012e+18
1778942215927684661,12.456,1.5675,192.8,76.57835691976427,0.0,-10.926728940419755,12.431567138395286,1.7789411635458145e+18,1.778942513073417e+18
1778942216328477216,12.456,1.65,588.375,76.57219540229124,0.0,-11.038893475303585,12.431443908045825,1.7789411376079828e+18,1.778942521316723e+18
1778942216729277592,12.46,1.5675,157.175,76.61906629085449,0.0,-10.526100363409164,12.43238132581709,1.778941112172142e+18,1.7789425293962376e+18
1778942217129997579,12.46,1.9125,479.65,76.49739284144435,0.0,-12.061406585607104,12.429947856828887,1.7789410839881009e+18,1.7789425383440788e+18
1778942217530859540,12.456,1.73,1463.775,76.46941421663689,0.0,-12.433308589402932,12.429388284332738,1.7789410547699249e+18,1.7789425476155758e+18
1778942217931364764,12.456,1.5325,1190.275,76.51537988277904,0.0,-11.910510507835241,12.430307597655581,1.7789410260270612e+18,1.7789425567317957e+18
1778942218331862484,12.46,1.5675,355.625,76.5594625940821,0.0,-11.429116104339439,12.431189251881642,1.778940997788644e+18,1.778942565683741e+18
1778942218732535829,12.46,1.4975,1085.275,76.65176786756618,0.0,-10.35794918999809,12.433035357351324,1.7789409711991542e+18,1.7789425741090235e+18
1778942219133375746,12.46,1.8825,35.175,76.55156614650407,0.0,-11.627331046568987,12.431031322930082,1.7789409419809815e+18,1.778942583363034e+18
1778942219534205413,12.464,1.765,107.325,76.4665209870545,0.0,-12.735938003112285,12.42933041974109,1.778940910322429e+18,1.778942593385488e+18
1778942219934981208,12.464,1.5475,327.525,76.53978978633873,0.0,-11.915553866143163,12.430795795726775,1.7789408799419492e+18,1.7789426029991483e+18
1778942220335738290,12.464,1.68,999.525,76.51039201462507,0.0,-12.344618019459514,12.430207840292502,1.7789408483823089e+18,1.7789426129817073e+18
1778942220736449545,12.46,1.615,1411.9,76.52283184708111,0.0,-12.242831322361088,12.430456636941623,1.7789408166739804e+18,1.7789426230071421e+18
1778942221136986401,12.46,1.615,1031.975,76.53506040005827,0.0,-12.142773381690585,12.430701208001166,1.7789407848317637e+18,1.7789426330708262e+18
1778942221537806357,12.46,2.0825,1510.925,76.45110581301715,0.0,-13.190507516079139,12.429022116260343,1.7789407502236352e+18,1.7789426440043456e+18
1778942221938163981,12.464,1.65,1334.175,76.44668574816009,0.0,-13.310865626785668,12.428933714963202,1.7789407149357458e+18,1.7789426551483116e+18
1778942222338786977,12.456,1.815,794.775,76.42350845010775,0.0,-13.60868363622363,12.428470169002155,1.7789406783997555e+18,1.7789426666820733e+18
1778942222739385310,12.456,1.5825,787.05,76.44072806491727,0.0,-13.42765619115649,12.428814561298346,1.7789406417872182e+18,1.7789426782357425e+18
1778942223140108850,12.46,1.5825,763.475,76.4689992004473,0.0,-13.130445626890507,12.429379984008946,1.778940605481481e+18,1.778942689688475e+18
1778942223540889848,12.46,1.5475,691.525,76.51454271995829,0.0,-12.623117451946847,12.430290854399166,1.7789405701033976e+18,1.7789427008446546e+18
1778942223941629609,12.452,1.415,471.95,76.55381131388364,0.0,-12.160606085491748,12.431076226277673,1.778940535544641e+18,1.778942711738726e+18
1778942224342059710,12.464,1.4325,1440.275,76.69556062316634,0.0,-10.496675989771663,12.433911212463327,1.7789405053595005e+18,1.7789427212508692e+18
1778942224742358956,12.456,1.4625,1118.55,76.74705523598062,0.0,-9.896767783715662,12.434941104719613,1.778940476665011e+18,1.7789427302902884e+18
1778942225142895857,12.456,1.73,136.725,76.73164305261527,0.0,-10.10439735421298,12.434632861052306,1.7789404471802432e+18,1.7789427395756406e+18
1778942225543320034,12.46,1.65,1273.325,76.72768159161363,0.0,-10.193690510616195,12.434553631832273,1.7789404172950095e+18,1.7789427489841075e+18
1778942225943769973,12.456,1.5475,609.075,76.7499501635327,0.0,-9.946813698216886,12.434999003270654,1.7789403879563244e+18,1.778942758217594e+18
1778942226344151674,12.46,1.4825,220.325,76.81759396187307,0.0,-9.16358964834767,12.436351879237462,1.7789403608783982e+18,1.7789427667369418e+18
1778942226744958363,12.452,1.5675,672.375,76.82139006573198,0.0,-9.122851523612695,12.43642780131464,1.7789403337401718e+18,1.7789427752726664e+18
1778942227145577808,12.456,1.4825,413.525,76.86034075737709,0.0,-8.671673517605491,12.437206815147542,1.7789403078803932e+18,1.778942783403829e+18
1778942227545948077,12.46,1.5675,1261.975,76.88657790655463,0.0,-8.390712604869373,12.437731558131093,1.7789402828484063e+18,1.7789427912723796e+18
1778942227946580733,12.46,1.5675,574.425,76.91233840870835,0.0,-8.114855874069265,12.438246768174167,1.7789402586449362e+18,1.7789427988782682e+18
1778942228346979010,12.456,1.5475,114.6,76.93115955036706,0.0,-7.906493179811279,12.438623191007341,1.7789402350141747e+18,1.778942806302037e+18
1778942228747817395,12.46,1.5825,349.725,76.95021209088077,0.0,-7.711315914011789,12.439004241817615,1.778940211976183e+18,1.778942813537513e+18
1778942229148294418,12.452,1.4975,1067.275,76.9583115933811,0.0,-7.617975351041376,12.439166231867622,1.7789401891068644e+18,1.7789428207180012e+18
1778942229548710256,12.476,1.5975,1618.65,76.99443337339896,0.0,-7.28093380054162,12.43988866746798,1.778940167533711e+18,1.7789428274896156e+18
1778942229949143476,12.46,1.5825,24.525,77.01217382619757,0.0,-7.099720696775713,12.440243476523952,1.7789401465283804e+18,1.7789428340811889e+18
1778942230349912971,12.452,1.5175,74.825,77.01677080674793,0.0,-7.047320666382485,12.440335416134959,1.7789401255546614e+18,1.778942840661032e+18
1778942230750546875,12.456,1.5175,228.325,77.03973111208668,0.0,-6.7856008952506635,12.440794622241734,1.7789401053709033e+18,1.778942846991341e+18
1778942231151311353,12.46,1.73,696.775,77.0101588797382,0.0,-7.181636375743527,12.440203177594764,1.778940083810614e+18,1.7789428537515587e+18
1778942231551955898,12.46,1.5325,487.975,77.04510163187646,0.0,-6.78809452124738,12.44090203263753,1.7789400635524646e+18,1.7789428601018127e+18
1778942231952633943,12.46,1.5825,1489.175,77.06138566125773,0.0,-6.622404091619798,12.441227713225155,1.7789400438199857e+18,1.7789428662856558e+18
1778942232353300642,12.46,1.5325,1267.8,77.09515187005982,0.0,-6.241956569074055,12.441903037401197,1.778940025349462e+18,1.77894287207252e+18
1778942232753990106,12.46,1.5675,592.2,77.11589059020946,0.0,-6.020574437067085,12.44231781180419,1.7789400075896896e+18,1.7789428776352632e+18
1778942233154583829,12.468,1.4475,168.85,77.2369269505596,0.0,-4.596474731838845,12.444738539011192,1.7789399947550275e+18,1.7789428816543222e+18
1778942233555000537,12.464,1.615,515.275,77.24334432924378,0.0,-4.565648822659131,12.444866886584876,1.7789399819694856e+18,1.7789428856569876e+18
1778942233955574048,12.464,1.4975,1572.475,77.30595761893531,0.0,-3.8423822256190414,12.446119152378706,1.7789399715789343e+18,1.778942888909045e+18
1778942234356143038,12.464,1.5825,1522.0,77.32675305915696,0.0,-3.633168408219629,12.44653506118314,1.7789399617902968e+18,1.7789428919719396e+18
1778942234756979114,12.464,1.4325,1367.975,77.41794180180445,0.0,-2.5552616019771675,12.448358836036089,1.7789399554996987e+18,1.7789428939397962e+18
1778942235157792441,12.452,1.5975,897.925,77.41745386539041,0.0,-2.559535128853334,12.448349077307808,1.7789399488361472e+18,1.7789428960237988e+18
1778942235558399554,12.464,1.7,1101.825,77.38588902637505,0.0,-2.9943411993176454,12.447717780527501,1.7789399405498427e+18,1.7789428986146678e+18
1778942235959182848,12.46,1.8,85.7,77.34128308332818,0.0,-3.5722560054631654,12.446825661666564,1.7789399301568927e+18,1.7789429018634017e+18
1778942236359830699,12.468,1.75,261.525,77.27376176854177,0.0,-4.463892871704448,12.445475235370836,1.7789399167784305e+18,1.7789429060443402e+18
1778942236760492274,12.46,1.6325,798.1,77.27280528677758,0.0,-4.503785646415768,12.445456105735552,1.778939903167998e+18,1.7789429102967365e+18
1778942237161239785,12.464,1.5825,797.2,77.29249452969809,0.0,-4.30479269032352,12.445849890593962,1.7789398901627492e+18,1.778942914359052e+18
1778942237561625538,12.464,1.6325,794.45,77.29091795064687,0.0,-4.36688623773586,12.445818359012938,1.778939876895387e+18,1.7789429185022298e+18
1778942237962057367,12.456,1.5825,786.05,77.29652348922473,0.0,-4.310151429376494,12.445930469784495,1.7789398636613082e+18,1.7789429226340127e+18
1778942238362656104,12.464,1.5475,760.425,77.33065293283731,0.0,-3.931902614275986,12.446613058656746,1.7789398516143055e+18,1.7789429263942797e+18
1778942238763452597,12.46,1.7,682.225,77.31284351078065,0.0,-4.176970540116984,12.446256870215613,1.778939838639599e+18,1.7789429304431406e+18
1778942239164233300,12.46,1.5325,443.575,77.33873084889612,0.0,-3.8847806269285226,12.446774616977923,1.7789398265138621e+18,1.7789429342261704e+18
1778942239564999961,12.46,1.5675,1353.675,77.3545419035612,0.0,-3.716050705141608,12.447090838071224,1.7789398148190395e+18,1.7789429378738985e+18
1778942239965636846,12.464,1.5975,854.275,77.3666246489552,0.0,-3.607387568838798,12.447332492979104,1.7789398033995436e+18,1.7789429414349128e+18
1778942240366285810,12.46,1.6325,968.625,77.36533969999063,0.0,-3.648174855148874,12.447306793999813,1.7789397917145014e+18,1.7789429450778683e+18
1778942240767031769,12.464,1.7,1317.6,77.33746170090532,0.0,-4.030720297138355,12.446749234018107,1.7789397787117496e+18,1.7789429491306982e+18
1778942241167353337,12.46,1.5825,744.175,77.34885074958405,0.0,-3.9150365982614477,12.446977014991681,1.7789397659769226e+18,1.7789429530990876e+18
1778942241568075771,12.46,1.665,632.625,77.33995238213761,0.0,-4.048387498070795,12.446799047642752,1.7789397527017188e+18,1.7789429572349238e+18
1778942241968770129,12.464,1.6325,292.2,77.33812556724376,0.0,-4.108957635087022,12.446762511344875,1.77893973917182e+18,1.778942961449125e+18
1778942242369414180,12.464,1.5675,891.7,77.36188936965443,0.0,-3.854037549504782,12.447237787393089,1.7789397264143107e+18,1.7789429654218442e+18
1778942242770188549,12.464,1.6325,1082.85,77.35996767497407,0.0,-3.9149198204219977,12.447199353499482,1.7789397133962235e+18,1.778942969474786e+18
1778942243171012618,12.464,1.665,27.775,77.345909853124,0.0,-4.124751581875729,12.44691819706248,1.7789396996403948e+18,1.7789429737564403e+18
1778942243571798817,12.464,1.5675,84.75,77.36919300219542,0.0,-3.8744825815096857,12.447383860043908,1.7789396866402148e+18,1.7789429778019766e+18
1778942243972393524,12.464,1.6325,258.625,77.3672776027075,0.0,-3.93403021204244,12.44734555205415,1.7789396733862822e+18,1.778942981925553e+18
1778942244373055845,12.464,1.73,789.25,77.33068892895939,0.0,-4.419799120737437,12.446613778579188,1.778939658507642e+18,1.778942986553578e+18
1778942244773847108,12.448,1.4975,770.175,77.30610891846831,0.0,-4.705275932199744,12.446122178369366,1.7789396424980052e+18,1.7789429915322936e+18
1778942245174382351,12.448,1.5475,711.975,77.29062111045258,0.0,-4.87803406054152,12.445812422209052,1.7789396257292703e+18,1.778942996745931e+18
1778942245575095363,12.44,1.665,534.375,77.30963660177093,0.0,-4.595664008287855,12.446192732035419,1.7789396095847055e+18,1.7789430017644122e+18
1778942245975742000,12.44,1.665,1630.775,77.32840847371857,0.0,-4.316911575648661,12.446568169474372,1.7789395940471176e+18,1.7789430065931535e+18
1778942246376305290,12.448,1.815,61.525,77.37074457724891,0.0,-3.772914869884637,12.447414891544978,1.7789395800575795e+18,1.7789430109398577e+18
1778942246777078432,12.444,1.6325,187.75,77.3720905783681,0.0,-3.724204236875905,12.447441811567362,1.7789395659627553e+18,1.7789430153183375e+18
1778942247177899564,12.448,1.7,572.95,77.38659846161964,0.0,-3.525990838195567,12.447731969232393,1.7789395522870252e+18,1.7789430195657068e+18
1778942247578628688,12.44,1.715,110.1,77.4281519650371,0.0,-2.9678761832628093,12.448563039300742,1.778939540109319e+18,1.7789430233470267e+18
1778942247979107711,12.44,1.65,335.975,77.437854574755,0.0,-2.8038571418730873,12.4487570914951,1.7789395281390095e+18,1.7789430270631624e+18
1778942248379821710,12.44,1.665,1025.3,77.45452508952316,0.0,-2.554302598266334,12.449090501790463,1.7789395166497644e+18,1.7789430306291973e+18
1778942248780125385,12.444,1.75,1490.55,77.49451334937963,0.0,-2.030319311899234,12.449890266987593,1.7789395065579026e+18,1.7789430337608492e+18
1778942249180866757,12.444,1.5975,1271.975,77.48405422212993,0.0,-2.1296032690543982,12.449681084442599,1.7789394958485888e+18,1.778943037083418e+18
1778942249581523287,12.452,1.5825,604.95,77.4823095739655,0.0,-2.1477167713876124,12.44964619147931,1.7789394848739185e+18,1.778943040487596e+18
1778942249982053252,12.44,1.615,207.75,77.47546998250262,0.0,-2.1899275065067747,12.449509399650053,1.7789394734421332e+18,1.7789430440328312e+18
1778942250382479862,12.436,1.73,634.0,77.53533380934395,0.0,-1.3970262763399806,12.45070667618688,1.7789394641755958e+18,1.778943046905979e+18
1778942250782808549,12.464,1.7,296.4,77.50914081782129,0.0,-1.7543813264361152,12.450182816356426,1.778939453672332e+18,1.7789430501619077e+18
1778942251183407175,12.464,1.75,904.525,77.46524212735109,0.0,-2.328914897077574,12.449304842547022,1.778939441266589e+18,1.778943054006814e+18
1778942251584033240,12.472,1.5975,1121.975,77.48737247650405,0.0,-2.115977888587674,12.449747449530081,1.778939429557439e+18,1.778943057635077e+18
1778942251984404839,12.464,1.665,147.175,77.475000038348,0.0,-2.301867744651221,12.44950000076696,1.7789394171946985e+18,1.7789430614650847e+18
1778942252384786291,12.472,1.5675,449.125,77.51638816413512,0.0,-1.8508758884169134,12.450327763282703,1.7789394062771146e+18,1.7789430648466895e+18
1778942252785050830,12.464,1.615,1370.6,77.52231208699767,0.0,-1.8109732430165966,12.450446241739954,1.7789393954085207e+18,1.7789430682124431e+18
1778942253185285439,12.472,1.615,905.925,77.53259017833037,0.0,-1.7417415795875968,12.450651803566608,1.7789393847582106e+18,1.7789430715099384e+18
1778942253585630335,12.468,1.5675,1126.25,77.56432912705958,0.0,-1.3955424747636442,12.451286582541192,1.7789393751478618e+18,1.7789430744848417e+18
1778942253986116253,12.476,1.615,160.225,77.57640616636296,0.0,-1.3152478380609312,12.45152812332726,1.7789393658067707e+18,1.778943077375827e+18
1778942254386663329,12.476,1.6325,488.95,77.57500518560781,0.0,-1.4002456122596338,12.451500103712156,1.7789393562120292e+18,1.778943080344722e+18
1778942254787406478,12.48,1.7,1492.15,77.51329570479132,0.0,-2.2391207306767664,12.450265914095827,1.7789393440630354e+18,1.7789430841032228e+18
1778942255188054476,12.464,1.65,1276.875,77.50680493624672,0.0,-2.3492123074269,12.450136098724935,1.7789393315092723e+18,1.77894308798618e+18
1778942255588734701,12.472,1.5825,619.9,77.53685288786967,0.0,-2.033366273729082,12.450737057757394,1.7789393199509043e+18,1.7789430915605527e+18
1778942255989398345,12.472,1.5825,253.375,77.56656776967593,0.0,-1.7210212700444214,12.451331355393519,1.7789393093604956e+18,1.7789430948349425e+18
1778942256389880563,12.464,1.5975,773.225,77.57775757729492,0.0,-1.6125457447581155,12.451555151545898,1.778939299022044e+18,1.778943098030812e+18
1778942256790392774,12.472,1.615,721.275,77.58716730445389,0.0,-1.5492028894462095,12.451743346089078,1.7789392888619297e+18,1.7789431011709376e+18
1778942257190931015,12.472,1.5325,562.75,77.64652723385704,0.0,-0.8701863621154464,12.452930544677141,1.7789392807646886e+18,1.7789431036730145e+18
1778942257591741868,12.468,1.5975,78.975,77.6615851421794,0.0,-0.7245641778200123,12.453231702843588,1.778939273023947e+18,1.7789431060644695e+18
1778942257992425555,12.472,1.5825,241.0,77.68982617300813,0.0,-0.4277114806105197,12.453796523460163,1.778939266125975e+18,1.778943108195144e+18
1778942258393237556,12.472,1.5175,735.45,77.75614469643682,0.0,0.3391232443754469,12.455122893928737,1.7789392614679987e+18,1.7789431096336433e+18
1778942258794014345,12.476,2.0175,606.0,77.49126998389252,0.0,-2.9848349679619175,12.44982539967785,1.7789392467212306e+18,1.7789431141869394e+18
1778942259194561070,12.464,1.7,210.95,77.47154013352687,0.0,-3.253811581648084,12.449430802670538,1.778939231116847e+18,1.7789431190041044e+18
1778942259595315465,12.476,1.5675,643.75,77.51505949624145,0.0,-2.7790998788173256,12.45030118992483,1.7789392170220518e+18,1.7789431233544297e+18
1778942259996198018,12.468,1.68,326.15,77.49511124945877,0.0,-3.0616741557640372,12.449902224989176,1.778939202057356e+18,1.7789431279723694e+18
1778942260396958824,12.472,1.6325,995.325,77.49466063054557,0.0,-3.115509073971226,12.449893212610911,1.7789391869559155e+18,1.7789431326316188e+18
1778942260797756444,12.468,1.615,1399.075,77.50153166928638,0.0,-3.0676653975518486,12.450030633385728,1.7789391719950193e+18,1.778943137246643e+18
1778942261198486925,12.476,1.65,992.825,77.48940106595353,0.0,-3.275512213000401,12.44978802131907,1.7789391564643525e+18,1.7789431420365327e+18
1778942261599225560,12.472,1.7,1391.45,77.45363513802604,0.0,-3.7621005595403507,12.449072702760521,1.778939139480115e+18,1.7789431472737464e+18
1778942262000038667,12.476,1.5475,969.55,77.50961186719502,0.0,-3.131463892838144,12.4501922373439,1.7789391244926648e+18,1.778943151894383e+18
1778942262400831650,12.476,1.5975,1320.425,77.53189410717988,0.0,-2.9145507252962957,12.450637882143598,1.778939110225599e+18,1.7789431562921157e+18
1778942262801084218,12.472,1.9825,752.8,77.36839107033529,0.0,-4.968481758560738,12.447367821406706,1.7789390896889649e+18,1.778943162621241e+18
1778942263201794601,12.48,1.5825,658.95,77.4060856314617,0.0,-4.572484030682439,12.448121712629234,1.778939070483972e+18,1.7789431685388933e+18
1778942263602182829,12.476,1.765,372.55,77.32857610800306,0.0,-5.579519246465362,12.446571522160061,1.7789390482408655e+18,1.7789431753914455e+18
1778942264002976619,12.476,1.715,1136.925,77.28083119077685,0.0,-6.220283778899373,12.445616623815537,1.7789390240780076e+18,1.778943182834091e+18
1778942264403551772,12.468,1.615,192.8,77.28784272598236,0.0,-6.167344314477168,12.445756854519647,1.7789390000840515e+18,1.7789431902233874e+18
1778942264804064850,12.472,1.5675,588.375,77.3204992122337,0.0,-5.810285889103852,12.446409984244674,1.7789389772573048e+18,1.778943197251986e+18
1778942265204321103,12.48,1.615,157.175,77.33397506245582,0.0,-5.709284072695472,12.446679501249116,1.7789389548579543e+18,1.7789432041477627e+18
1778942265604906303,12.476,1.5325,479.65,77.39537009792922,0.0,-5.008892594889691,12.447907401958584,1.778938934767186e+18,1.7789432103317604e+18
1778942266005261022,12.472,1.9825,1463.775,77.25604527848536,0.0,-6.7584761557198805,12.445120905569707,1.7789389091111084e+18,1.7789432182274007e+18
1778942266406023423,12.48,2.0325,1190.275,77.03187317197609,0.0,-9.565942755594005,12.440637463439522,1.7789388744449247e+18,1.7789432288940518e+18
1778942266806619829,12.476,1.9825,355.625,76.88659513982401,0.0,-11.390590451242694,12.43773190279648,1.7789388337116006e+18,1.7789432414254042e+18
1778942267207458418,12.48,1.5175,1085.275,76.96430937595791,0.0,-10.50243636671564,12.439286187519158,1.7789387958552783e+18,1.7789432530697065e+18
1778942267607936882,12.472,1.5675,35.175,76.99382788900442,0.0,-10.182502554378102,12.439876557780089,1.7789387589772536e+18,1.7789432644112018e+18
1778942268008355734,12.476,1.65,107.325,76.98806043694387,0.0,-10.303276312820962,12.439761208738878,1.778938721629456e+18,1.778943275895275e+18
1778942268408980501,12.476,1.9825,327.525,76.85427947817081,0.0,-11.98385291677584,12.437085589563416,1.7789386783340393e+18,1.7789432892060168e+18
1778942268809653805,12.48,1.5825,999.525,76.88821232349979,0.0,-11.629284108851236,12.437764246469996,1.7789386361635082e+18,1.7789433021688376e+18
1778942269210095651,12.472,1.8325,1411.9,76.8277394518294,0.0,-12.40325376836755,12.436554789036588,1.7789385910029015e+18,1.778943316048567e+18
1778942269610687682,12.476,1.5975,1031.975,76.84838415354136,0.0,-12.200180201305953,12.436967683070828,1.7789385463887654e+18,1.7789433297581932e+18
1778942270011046289,12.492,1.665,1510.925,76.82782017778136,0.0,-12.540048074478861,12.436556403555628,1.7789385004738168e+18,1.7789433438653568e+18
1778942270411218562,12.484,1.5975,1334.175,76.8565790962195,0.0,-12.256746324696998,12.43713158192439,1.7789384555090565e+18,1.77894335767846e+18
1778942270811973375,12.472,1.615,794.775,76.86592444918095,0.0,-12.180075306044658,12.43731848898362,1.7789384106309228e+18,1.7789433714628675e+18
1778942271212421995,12.472,1.4825,787.05,76.92923869644677,0.0,-11.445481613997515,12.438584773928936,1.778938368436963e+18,1.7789433844208817e+18
1778942271613168251,12.472,1.6325,763.475,76.93184862358785,0.0,-11.4501900479553,12.438636972471757,1.7789383260875523e+18,1.7789433974247104e+18
1778942272013627447,12.472,1.5675,691.525,76.95868963276196,0.0,-11.159347511848079,12.43917379265524,1.7789382847767396e+18,1.7789434101077688e+18
1778942272414360055,12.472,1.5175,471.95,77.00520095403452,0.0,-10.628199418889844,12.44010401908069,1.7789382455241567e+18,1.778943422157172e+18
1778942272815031680,12.476,1.6325,1440.275,77.00812709721197,0.0,-10.637984609892417,12.44016254194424,1.7789382062000873e+18,1.7789434342267827e+18
1778942273215665723,12.472,1.75,1118.55,76.97310530899202,0.0,-11.09980677920011,12.43946210617984,1.7789381648776694e+18,1.7789434469079432e+18
1778942273616301312,12.488,1.5675,136.725,77.063330306689,0.0,-10.100217523845135,12.44126660613378,1.7789381279609743e+18,1.7789434582354698e+18
1778942274016970304,12.472,1.7,417.25,77.0657362272024,0.0,-10.15643795560692,12.441314724544048,1.7789380909893046e+18,1.7789434695782687e+18
1778942274417386189,12.476,1.5675,1273.325,77.08046479127938,0.0,-10.066940984100498,12.441609295825588,1.7789380546203418e+18,1.778943480734634e+18
1778942274818006451,12.472,1.615,609.075,77.1130339381597,0.0,-9.745336281661757,12.442260678763194,1.7789380198079844e+18,1.7789434914120253e+18
1778942275218623273,12.472,1.73,220.325,77.10777920245162,0.0,-9.894802085137353,12.442155584049033,1.77893798456789e+18,1.7789435022191452e+18
1778942275619047575,12.484,1.68,672.375,77.10891441229376,0.0,-9.986346333081642,12.442178288245875,1.7789379492407964e+18,1.7789435130514929e+18
1778942276019855539,12.476,1.715,413.525,77.08235332983914,0.0,-10.388082171101566,12.441647066596783,1.778937912316733e+18,1.7789435243720013e+18
1778942276420587839,12.484,1.6325,1261.975,77.10675645791066,0.0,-10.19607858665775,12.442135129158213,1.778937876566761e+18,1.7789435353310874e+18
1778942276821040686,12.476,1.615,574.425,77.17625436157736,0.0,-9.451065290456395,12.443525087231547,1.778937844515429e+18,1.7789435451550792e+18
1778942277221549140,12.472,1.5975,114.6,77.23202921963407,0.0,-8.834875422309397,12.444640584392682,1.7789378154493204e+18,1.7789435540629156e+18
1778942277622183375,12.484,1.615,349.725,77.31734301669279,0.0,-7.895482632175703,12.446346860333856,1.7789377910434972e+18,1.7789435615415447e+18
1778942278022737485,12.476,1.5675,1067.275,77.36909228394008,0.0,-7.3507404635637785,12.447381845678802,1.7789377694382943e+18,1.7789435681611418e+18
1778942278423291674,12.476,1.9675,1618.65,77.0413687506328,0.0,-11.452320313499802,12.440827375012656,1.778937729278078e+18,1.7789435804641969e+18
1778942278823939127,12.48,1.765,24.525,76.82810517053653,0.0,-14.16632777876102,12.436562103410731,1.778937676710228e+18,1.7789435965662822e+18
1778942279224673037,12.472,1.5475,74.825,76.90299262644444,0.0,-13.327544960322287,12.43805985252889,1.7789376280849828e+18,1.7789436114588355e+18
1778942279625045733,12.472,2.0175,228.325,76.86749304205449,0.0,-13.825967823356613,12.43734986084109,1.7789375770370358e+18,1.7789436270914527e+18
1778942280025387851,12.48,1.6325,696.775,76.91162650820047,0.0,-13.370844343055966,12.43823253016401,1.7789375282608837e+18,1.7789436420265295e+18
1778942280425822620,12.476,1.5475,487.975,76.85344117190516,0.0,-14.163143033190906,12.437068823438103,1.7789374756310134e+18,1.7789436581396372e+18
1778942280826281160,12.484,1.5825,1489.175,76.91705445268592,0.0,-13.481846804593333,12.438341089053718,1.7789374265314286e+18,1.7789436731701133e+18
1778942281226899571,12.472,1.68,1267.8,76.90207957910867,0.0,-13.752284917332657,12.438041591582174,1.7789373761827005e+18,1.778943688581143e+18
1778942281627614025,12.472,1.5975,592.2,76.9818916315602,0.0,-12.850549682930565,12.439637832631204,1.7789373305462515e+18,1.7789437025481592e+18
1778942282028161641,12.48,1.5975,168.85,77.05770681854008,0.0,-12.00794232061383,12.441154136370802,1.7789372895041267e+18,1.778943715107622e+18
1778942282428837312,12.488,1.6325,515.275,77.11308185276425,0.0,-11.434908845837198,12.442261637055285,1.7789372518427323e+18,1.7789437266311985e+18
1778942282829009637,12.48,1.765,1572.475,77.07524876606611,0.0,-11.991089790121409,12.441504975321322,1.7789372115849382e+18,1.7789437389478034e+18
1778942283229893803,12.476,1.5675,1522.0,77.10138068221042,0.0,-11.76199279460887,12.442027613644209,1.778937172866806e+18,1.7789437507920036e+18
1778942283630353310,12.468,1.4975,1367.975,77.15022549149194,0.0,-11.226118863515469,12.443004509829839,1.7789371372158945e+18,1.7789437616966897e+18
1778942284031191796,12.528,1.5675,897.925,77.2842530243346,0.0,-9.78355568195693,12.445685060486692,1.7789371103019356e+18,1.7789437699280307e+18
1778942284431873305,12.472,1.5975,1101.825,77.3277196288623,0.0,-9.329765876886357,12.446554392577246,1.778937086169433e+18,1.778943777307878e+18
1778942284832492902,12.484,1.9475,85.7,77.18585556012282,0.0,-11.154913605611021,12.443717111202456,1.778937052501425e+18,1.778943787602587e+18
1778942285233087597,12.48,1.5675,261.525,77.24015721095566,0.0,-10.569752993996698,12.444803144219113,1.7789370223526164e+18,1.7789437968201992e+18
1778942285633910643,12.528,1.5675,798.1,77.39418476082963,0.0,-8.902332371689658,12.447883695216593,1.7789370024336737e+18,1.778943802909495e+18
1778942286034501605,12.476,1.615,797.2,77.45101708163871,0.0,-8.284133106347843,12.449020341632774,1.7789369861932506e+18,1.778943807873704e+18
1778942286434937823,12.48,1.5975,794.45,77.54740923182358,0.0,-7.202008482427936,12.450948184636472,1.7789369762398986e+18,1.778943810915818e+18
1778942286835308980,12.472,1.5325,786.05,77.62629426435828,0.0,-6.316515575940297,12.452525885287166,1.7789369713058445e+18,1.7789438124236838e+18
1778942287235825862,12.48,1.5175,760.425,77.65122332084059,0.0,-6.083774160590906,12.453024466416812,1.7789369677253617e+18,1.7789438135177805e+18
1778942287636305866,12.472,1.5475,682.225,77.68971840427322,0.0,-5.672484433091589,12.453794368085465,1.7789369663513623e+18,1.7789438139375813e+18
1778942288036726949,12.48,1.5675,443.575,77.74963317861926,0.0,-5.007878282322769,12.454992663572385,1.7789369685251387e+18,1.7789438132734856e+18
1778942288436981535,12.476,1.6325,1353.675,77.78207638412145,0.0,-4.668736021598734,12.45564152768243,1.7789369723663145e+18,1.778943812100117e+18
1778942288837267415,12.508,1.5825,854.275,77.89358020342122,0.0,-3.461858009922485,12.457871604068425,1.7789369828717878e+18,1.7789438088913574e+18
1778942289237627817,12.476,1.5825,968.625,77.96714139995544,0.0,-2.650483693108509,12.459342827999109,1.7789369973864896e+18,1.778943804458506e+18
1778942289638357585,12.484,1.5675,1317.6,78.0229795816621,0.0,-2.0561701248292996,12.460459591633242,1.7789370146333934e+18,1.778943799191809e+18
1778942290038812964,12.48,1.5975,744.175,78.0840422819578,0.0,-1.3878035336453427,12.461680845639156,1.7789370347991273e+18,1.7789437930344632e+18
1778942290439259175,12.48,1.615,632.625,78.11365583099264,0.0,-1.0942439266723583,12.462273116619853,1.7789370558328701e+18,1.778943786612786e+18
1778942290839739615,12.48,1.615,292.2,78.13135123327692,0.0,-0.9268103242764468,12.462627024665538,1.7789370769752156e+18,1.7789437801586716e+18
1778942291240017137,12.476,1.715,891.7,78.10368590057229,0.0,-1.333122774733007,12.462073718011446,1.7789370955520115e+18,1.7789437744883697e+18
1778942312261275823,12.476,1.615,1082.85,78.12779875328123,0.0,-1.0872638803657213,12.462555975065625,1.778937097180938e+18,1.7789437739933225e+18
1778942312661991786,12.476,1.6325,27.775,78.0768756014763,0.0,-1.7784072605981858,12.461537512029526,1.7789370943859702e+18,1.7789437748426877e+18
1778942313062259238,12.476,1.615,84.75,78.10867906706741,0.0,-1.448238384769497,12.462173581341348,1.778937093640998e+18,1.7789437750690655e+18
1778942313462994126,12.484,1.5475,258.625,78.15874478711564,0.0,-0.9148655343325542,12.463174895742313,1.7789370961953523e+18,1.7789437742929188e+18
1778942313863232358,12.484,1.715,789.25,78.15745403721462,0.0,-1.0182706615786106,12.463149080744293,1.778937098122609e+18,1.7789437737073513e+18
1778942314264083117,12.484,1.73,770.175,78.13800670890619,0.0,-1.3335770773572204,12.462760134178124,1.7789370981519887e+18,1.7789437736984256e+18
1778942314664421501,12.48,1.5825,711.975,78.11738513390802,0.0,-1.6642723401908401,12.46234770267816,1.778937096295121e+18,1.7789437742625295e+18
1778942315064876805,12.48,1.5675,534.375,78.10968130424999,0.0,-1.837322411195711,12.462193626085,1.778937093544644e+18,1.7789437750980534e+18
1778942315465514738,12.48,1.65,1630.775,78.12770727989957,0.0,-1.6851635464968753,12.462554145597991,1.7789370917132815e+18,1.7789437756543337e+18
1778942315865778931,12.484,1.9475,61.525,78.01297167794525,0.0,-3.162835520677388,12.460259433558905,1.7789370817270508e+18,1.7789437786874836e+18
1778942316265904482,12.476,1.9325,187.75,77.975547778874,0.0,-3.685024200150672,12.45951095557748,1.778937069107393e+18,1.7789437825202304e+18
1778942316666679718,12.472,1.5675,572.95,78.0129562117618,0.0,-3.2774427454589095,12.460259124235236,1.7789370589436982e+18,1.7789437856068564e+18
1778942317067470814,12.48,1.68,110.1,78.0353182429086,0.0,-3.0917310926331774,12.460706364858172,1.7789370501578373e+18,1.778943788274865e+18
1778942317468174659,12.488,1.5475,335.975,78.07831616371887,0.0,-2.6366639165027728,12.461566323274377,1.778937044048887e+18,1.7789437901298447e+18
1778942317868839927,12.48,1.4975,1025.3,78.14171771312762,0.0,-1.9416854250205127,12.462834354262553,1.7789370418330079e+18,1.7789437908026493e+18
1778942318269593114,12.476,1.6325,1490.55,78.13763387133676,0.0,-2.060045391899849,12.462752677426735,1.778937039044816e+18,1.7789437916491615e+18
1778942318669977384,12.476,1.5975,1271.975,78.12130478547596,0.0,-2.3187078223154405,12.46242609570952,1.77893703493757e+18,1.7789437928960594e+18
1778942319070807260,12.476,1.665,604.95,78.13577105299335,0.0,-2.190388346753521,12.462715421059867,1.778937031481063e+18,1.778943793945326e+18
1778942319471353807,12.476,1.5675,207.75,78.17996888397013,0.0,-1.7094372443879688,12.463599377679403,1.778937030481904e+18,1.778943794248611e+18
1778942319871991286,12.48,1.815,634.0,78.13530314160442,0.0,-2.3317860041263567,12.462706062832089,1.7789370264357693e+18,1.7789437954766917e+18
1778942320272577413,12.5,1.6325,296.4,78.18093603044024,0.0,-1.9113986745255127,12.463618720608805,1.7789370248931423e+18,1.778943795944875e+18
1778942320673159341,12.476,1.5675,904.525,78.242157620525,0.0,-1.2228706949256685,12.4648431524105,1.7789370266791434e+18,1.7789437954028682e+18
1778942321073816858,12.492,1.5825,1121.975,78.29299614006013,0.0,-0.6807341165681727,12.465859922801203,1.7789370310437084e+18,1.778943794078434e+18
1778942321474519107,12.484,1.615,147.175,78.322740125219,0.0,-0.38617845004818385,12.46645480250438,1.7789370366509274e+18,1.7789437923770424e+18
1778942321874891169,12.508,1.68,449.125,78.31563165274417,0.0,-0.6191337364578016,12.466312633054883,1.7789370413452652e+18,1.7789437909527534e+18
1778942322275543478,12.476,1.65,1370.6,78.3498415819194,0.0,-0.25063447440259384,12.466996831638388,1.7789370474872323e+18,1.77894378908939e+18
1778942322676157914,12.492,1.5675,905.925,78.36910478809723,0.0,-0.10361404460242007,12.467382095761945,1.7789370541811249e+18,1.7789437870587387e+18
1778942323076916384,12.476,1.6325,1126.25,78.39545418407995,0.0,0.14944855944013052,12.4679090836816,1.7789370617870935e+18,1.778943784751582e+18
1778942323477454433,12.48,1.815,160.225,78.37032695968294,0.0,-0.21540535821458756,12.467406539193659,1.7789370674906545e+18,1.7789437830216253e+18
1778942323878093653,12.484,1.5825,488.95,78.41441209508072,0.0,0.24392351623549383,12.468288241901615,1.7789370750507753e+18,1.7789437807287342e+18
1778942324278817480,12.48,1.615,1492.15,78.43354539430509,0.0,0.41862929950819855,12.468670907886102,1.7789370830758172e+18,1.7789437782950346e+18
1778942324679522490,12.476,1.5175,1276.875,78.47337536695235,0.0,0.8360504608740109,12.469467507339047,1.7789370926068337e+18,1.778943775404856e+18
1778942325080372082,12.472,1.65,619.9,78.46103882993366,0.0,0.6564910368669948,12.469220776598673,1.7789371009226004e+18,1.7789437728833964e+18
1778942325480907779,12.472,1.6325,253.375,78.48179605054862,0.0,0.8801498354074085,12.469635921010973,1.7789371097351084e+18,1.778943770211537e+18
1778942325881248163,12.484,1.5975,773.225,78.53910306728268,0.0,1.5005798271826336,12.470782061345654,1.778937120822127e+18,1.7789437668503421e+18
1778942326282043377,12.488,1.5825,721.275,78.5547071832145,0.0,1.5936499309852,12.47109414366429,1.7789371320447283e+18,1.778943763448328e+18
1778942326682638268,12.476,1.5675,562.75,78.61965738545067,0.0,2.3267487787715933,12.472393147709013,1.778937145754546e+18,1.7789437592926856e+18
1778942327083259885,12.48,1.665,78.975,78.44872714009466,0.0,0.1650436194641353,12.468974542801893,1.7789371506968125e+18,1.7789437577947425e+18
1778942327483997656,12.472,1.68,241.0,78.31327875121971,0.0,-1.5374342827848924,12.466265575024394,1.7789371488892063e+18,1.778943758342562e+18
1778942327884579366,12.48,1.7,735.45,78.25472993012471,0.0,-2.330597025247727,12.465094598602494,1.7789371441269286e+18,1.7789437597857114e+18
1778942328285355984,12.496,1.5475,606.0,78.34136810233741,0.0,-1.3803315238908844,12.466827362046748,1.7789371431804739e+18,1.778943760072495e+18
1778942328685856597,12.48,1.615,210.95,78.3050185743588,0.0,-1.9029179392848565,12.466100371487176,1.7789371403246103e+18,1.7789437609377774e+18
1778942329086440682,12.476,1.5975,643.75,78.32402654632214,0.0,-1.7098187086925938,12.466480530926443,1.7789371381214502e+18,1.7789437616052452e+18
1778942329487251396,12.48,1.7,326.15,78.25109938840794,0.0,-2.641784471970867,12.465021987768159,1.7789371324297974e+18,1.7789437633294316e+18
1778942329888086804,12.48,1.5175,995.325,78.2560576801072,0.0,-2.6412216453687454,12.465121153602144,1.778937126812034e+18,1.7789437650310835e+18
1778942330288816349,12.476,1.68,1399.075,78.23563411919903,0.0,-2.9303081885508884,12.464712682383981,1.7789371201466616e+18,1.778943767049889e+18
1778942330689577467,12.476,2.0475,992.825,78.14955968193617,0.0,-4.019659667314701,12.462991193638723,1.7789371095735741e+18,1.7789437702519754e+18
1778942331090222956,12.488,1.5325,1391.45,78.21218826292525,0.0,-3.3230849938825706,12.464243765258505,1.7789371016786964e+18,1.7789437726427487e+18
1778942331490979721,12.488,2.0475,969.55,78.06228783548637,0.0,-5.2284357823618,12.461245756709728,1.778937087164442e+18,1.7789437770376515e+18
1778942331891551140,12.484,1.5975,1320.425,78.09901640681201,0.0,-4.848092046579323,12.46198032813624,1.7789370742359754e+18,1.778943780952034e+18
1778942332292065846,12.476,1.5675,752.8,78.1044930958161,0.0,-4.831208748355494,12.462089861916322,1.7789370615176346e+18,1.7789437848024558e+18
1778942332692768708,12.476,1.5675,658.95,78.11501798740139,0.0,-4.742689390749834,12.462300359748028,1.778937049220032e+18,1.7789437885251635e+18
1778942333093314597,12.476,1.5825,372.55,78.12714027117434,0.0,-4.634245847931844,12.462542805423487,1.7789370374060682e+18,1.7789437921011471e+18
1778942333494105812,12.492,1.665,1136.925,78.12724087270136,0.0,-4.7204179343379025,12.462544817454027,1.7789370255543014e+18,1.7789437956882532e+18
1778942333894541549,12.48,1.6325,192.8,78.04249614360953,0.0,-5.818002241979006,12.46084992287219,1.7789370100621952e+18,1.7789438003767398e+18
1778942334295308179,12.476,1.5825,588.375,78.07196085368446,0.0,-5.506692009212122,12.46143921707369,1.7789369958180298e+18,1.7789438046871642e+18
1778942334696112056,12.476,1.715,157.175,78.05824303997328,0.0,-5.71281663918589,12.461164860799466,1.7789369809813166e+18,1.778943809176498e+18
1778942335096790627,12.484,1.5475,479.65,78.12774010351112,0.0,-4.931579258288038,12.462554802070223,1.7789369690598633e+18,1.778943812783396e+18
1778942335497520651,12.484,1.615,1463.775,78.15030789535601,0.0,-4.733956774337468,12.46300615790712,1.778936958042092e+18,1.7789438161165814e+18
1778942335898356273,12.476,1.6325,1190.275,78.14929944065298,0.0,-4.7663939677174465,12.46298598881306,1.7789369469279286e+18,1.778943819478622e+18
1778942336499217773,12.48,1.4975,355.625,78.20482959051135,0.0,-4.147097994597647,12.464096591810227,1.778936937926481e+18,1.778943822201199e+18
1778942336899860650,12.476,1.68,1085.275,78.22736932588566,0.0,-3.9193310407326027,12.464547386517713,1.7789369297769882e+18,1.778943824665871e+18
1778942337300632501,12.476,1.5825,35.175,78.2330395928553,0.0,-3.89955751210615,12.464660791857106,1.778936921768137e+18,1.7789438270877875e+18
1778942337701380483,12.496,1.9675,107.325,78.07748410338436,0.0,-5.883624796827414,12.461549682067687,1.7789369072913772e+18,1.7789438314652367e+18
1778942338102136747,12.48,1.5475,327.525,78.01831535081956,0.0,-6.661100098782617,12.460366307016391,1.7789368903788672e+18,1.7789438365787356e+18
1778942338502952177,12.484,1.615,999.525,77.99502612207576,0.0,-7.01623759353754,12.459900522441515,1.7789368725214866e+18,1.7789438419774226e+18
1778942338903511496,12.488,1.5825,1411.9,78.05831706748397,0.0,-6.319789364158862,12.46116634134968,1.7789368572628232e+18,1.7789438465900442e+18
1778942339304155536,12.488,1.5825,1031.975,78.10287882498424,0.0,-5.843200046651812,12.462057576499685,1.7789368438092027e+18,1.7789438506566372e+18
1778942339704926199,12.484,1.73,1510.925,78.11690334239174,0.0,-5.7271624574113185,12.462338066847835,1.7789368308985864e+18,1.7789438545587423e+18
1778942340105729386,12.484,1.5675,1334.175,78.0649324393255,0.0,-6.425811966749025,12.46129864878651,1.77893681585417e+18,1.7789438591053501e+18
1778942340706688575,12.488,1.5325,794.775,78.08429719734367,0.0,-6.251257863356054,12.461685943946874,1.7789368014341804e+18,1.7789438634626534e+18
1778942341107421412,12.484,1.6325,787.05,78.10440248700408,0.0,-6.0529391766560385,12.462088049740082,1.7789367878094904e+18,1.7789438675792696e+18
1778942341508171047,12.48,1.68,763.475,78.09020225087028,0.0,-6.265799120799738,12.461804045017406,1.7789367735875779e+18,1.7789438718759337e+18
1778942341908982845,12.488,1.5975,691.525,78.11608887524795,0.0,-6.017887177902647,12.46232177750496,1.7789367603864484e+18,1.7789438758638446e+18
1778942342309822380,12.476,1.6325,471.95,78.12526756492517,0.0,-5.944491223618355,12.462505351298503,1.7789367475230024e+18,1.7789438797493893e+18
1778942342710613660,12.492,1.73,1440.275,77.91410424739712,0.0,-8.613407521357654,12.458282084947943,1.7789367261919503e+18,1.77894388619208e+18
1778942343111152976,12.476,1.5825,1118.55,77.91827280322883,0.0,-8.593174180711156,12.458365456064577,1.778936705054079e+18,1.7789438925758392e+18
1778942343511937867,12.484,1.5675,136.725,77.86009561529569,0.0,-9.379859268660834,12.457201912305914,1.7789366816117094e+18,1.7789438996549235e+18
1778942343912382857,12.484,1.615,417.25,77.89144008140642,0.0,-9.063685934402784,12.457828801628128,1.7789366594575334e+18,1.7789439063443948e+18
1778942344312943359,12.48,1.6325,1273.325,77.9110636969084,0.0,-8.871175369864657,12.458221273938168,1.7789366381173678e+18,1.7789439127874906e+18
1778942344713595654,12.488,1.5475,609.075,77.97804075461211,0.0,-8.119263554016872,12.459560815092242,1.7789366194828111e+18,1.778943918413182e+18
1778942345114371585,12.488,1.5975,220.325,78.10822765488298,0.0,-6.609632644749633,12.46216455309766,1.7789366060656701e+18,1.7789439224633946e+18
1778942345515133797,12.48,1.5975,672.375,78.15899805430116,0.0,-6.024687973304854,12.463179961086023,1.7789365946402143e+18,1.7789439259120614e+18
1778942345915931274,12.488,1.5825,413.525,78.26002317553417,0.0,-4.865021132333604,12.465200463510683,1.7789365871753352e+18,1.7789439281650657e+18
1778942346316779364,12.5,1.5975,1261.975,78.24994073285325,0.0,-5.097732629252549,12.464998814657065,1.7789365792139284e+18,1.7789439305677033e+18
1778942346717579692,12.496,1.5675,574.425,78.29201978070462,0.0,-4.671733923802609,12.465840395614093,1.7789365728174845e+18,1.778943932497885e+18
1778942347118427054,12.48,1.5675,114.6,78.34832083196997,0.0,-4.0410022713624025,12.4669664166394,1.778936568511163e+18,1.7789439337972316e+18
1778942347519122859,12.484,1.65,349.725,78.40172093918146,0.0,-3.44460155683473,12.46803441878363,1.7789365661412262e+18,1.7789439345122514e+18
1778942347919966645,12.476,1.5975,1067.275,78.44775016205513,0.0,-2.9398428568203143,12.468955003241103,1.7789365653776064e+18,1.778943934742614e+18
1778942348320580152,12.484,1.5675,1618.65,78.54414188295014,0.0,-1.8284798816964491,12.470882837659003,1.778936568112683e+18,1.7789439339175872e+18
1778942348721244613,12.488,1.6325,24.525,78.57600515753137,0.0,-1.5069336831972566,12.471520103150628,1.7789365717986376e+18,1.7789439328058294e+18
1778942349121971149,12.48,1.5475,74.825,78.62014613904559,0.0,-1.015974225114969,12.472402922780912,1.7789365768723026e+18,1.7789439312756544e+18
1778942349522783622,12.488,1.665,228.325,78.6584398697003,0.0,-0.6256474480710371,12.473168797394006,1.7789365830727726e+18,1.7789439294058184e+18
1778942349923510616,12.48,1.5825,696.775,78.69133405968266,0.0,-0.2722946297591784,12.473826681193653,1.7789365901654428e+18,1.7789439272671273e+18
1778942350324347263,12.488,1.5975,487.975,78.79745794213574,0.0,0.9372360469710592,12.475949158842715,1.7789366008015142e+18,1.7789439240602767e+18
1778942350725137044,12.488,1.5675,1489.175,78.82352693694676,0.0,1.2267081199787166,12.476470538738935,1.7789366119586621e+18,1.7789439206966339e+18
1778942351125362223,12.488,2.0175,1267.8,78.71065689087794,0.0,-0.2216019923996946,12.474213137817559,1.7789366186362025e+18,1.778943918683685e+18
1778942351525667612,12.484,1.6325,592.2,78.7899118108853,0.0,0.668068585999804,12.475798236217706,1.7789366278062804e+18,1.7789439159196296e+18
1778942351925999831,12.484,1.615,168.85,78.86130160991779,0.0,1.4710567041191709,12.477226032198356,1.7789366391061422e+18,1.7789439125139315e+18
1778942352326238154,12.476,1.8,515.275,78.82315737591253,0.0,0.9661704147823531,12.47646314751825,1.7789366486493614e+18,1.7789439096379446e+18
1778942352726467196,12.48,1.5975,1572.475,78.8747841968653,0.0,1.5472431337425103,12.477495683937306,1.778936659587303e+18,1.7789439063419564e+18
1778942353126808416,12.488,1.5975,1522.0,78.91700073826675,0.0,1.994029388817269,12.478340014765335,1.7789366715498066e+18,1.778943902737582e+18
1778942353527565506,12.476,1.5175,1367.975,78.96527991182538,0.0,2.5442375317305683,12.479305598236508,1.778936684700958e+18,1.7789438987754417e+18
1778942353928349483,12.484,1.6325,897.925,79.00064918505524,0.0,2.916834666038185,12.480012983701105,1.7789366985654054e+18,1.7789438945988127e+18
1778942354328983021,12.476,1.615,1101.825,79.04289287907977,0.0,3.411367192709321,12.480857857581595,1.7789367133386941e+18,1.7789438901488292e+18
1778942354729760995,12.484,1.615,85.7,79.0601492520474,0.0,3.573052953123839,12.481202985040948,1.7789367281704335e+18,1.7789438856816814e+18
1778942355130522046,12.46,1.615,261.525,79.09451636206512,0.0,4.0008335617364965,12.481890327241302,1.7789367436046963e+18,1.778943881033517e+18
1778942355531310730,12.488,2.0175,798.1,78.9800224344247,0.0,2.543544189629648,12.479600448688494,1.7789367548788027e+18,1.7789438776385587e+18
1778942355932128036,12.496,1.765,797.2,78.98603517746638,0.0,2.5367724588315363,12.479720703549328,1.7789367659354063e+18,1.77894387430943e+18
1778942356332931591,12.484,1.5975,794.45,79.03063227712394,0.0,3.001652483386401,12.480612645542479,1.7789367779831475e+18,1.7789438706822313e+18
1778942356733772676,12.476,1.6325,786.05,79.01597390222275,0.0,2.7945016825270232,12.480319478044455,1.778936789157058e+18,1.778943867318457e+18
1778942357134544294,12.484,1.615,760.425,78.9632139407643,0.0,2.0947931652486966,12.479264278815286,1.778936798319618e+18,1.7789438645604544e+18
1778942357535313154,12.496,1.65,682.225,78.94281121378911,0.0,1.7785640269132126,12.478856224275782,1.7789368065133317e+18,1.778943862094327e+18
1778942357936040107,12.48,1.5825,443.575,78.9568260699099,0.0,1.900786622527948,12.479136521398198,1.778936814803083e+18,1.778943859599554e+18
1778942358336892318,12.484,1.615,1353.675,78.98540922236546,0.0,2.200096506521257,12.47970818444731,1.7789368236175828e+18,1.77894385694713e+18
1778942358737311841,12.484,1.715,854.275,78.97706803200288,0.0,2.0493500268252447,12.479541360640058,1.7789368318500047e+18,1.7789438544701158e+18
1778942359137479423,12.476,1.5675,968.625,79.01222679969983,0.0,2.4289239352039944,12.480244535993997,1.7789368407883707e+18,1.7789438517809654e+18
1778942359738306500,12.496,1.5475,1317.6,79.09822502870256,0.0,3.398392652124163,12.481964500574051,1.7789368518215368e+18,1.7789438484620984e+18
1778942360138539196,12.488,1.9975,744.175,78.96577665128231,0.0,1.7157854217134347,12.479315533025646,1.7789368586672049e+18,1.7789438464030792e+18
1778942360539183766,12.48,1.615,632.625,79.01944069531163,0.0,2.3197660689397166,12.480388813906233,1.7789368667547612e+18,1.7789438439707791e+18
1778942360939578762,12.484,1.5325,292.2,79.07667508110399,0.0,2.9580534123192894,12.48153350162208,1.7789368761465787e+18,1.778943841146519e+18
1778942361340001000,12.488,1.5475,891.7,79.12304662783366,0.0,3.4643715962383967,12.482460932556673,1.7789368864975744e+18,1.7789438380341468e+18
1778942361740404181,12.484,1.6325,1082.85,79.13439288086927,0.0,3.544044604319805,12.482687857617385,1.7789368968033577e+18,1.7789438349356895e+18
1778942362140918745,12.488,1.85,27.775,79.06034853390463,0.0,2.5835040745621547,12.481206970678093,1.7789369047205443e+18,1.7789438325556183e+18
1778942362541252145,12.488,1.5975,84.75,79.10496194067129,0.0,3.0580427591108075,12.482099238813426,1.7789369135511163e+18,1.778943829901247e+18
1778942362941651151,12.48,1.6325,258.625,79.10074316814317,0.0,2.9582879790590333,12.482014863362863,1.7789369219477632e+18,1.778943827377573e+18
1778942363342002252,12.492,1.615,789.25,79.12065375452438,0.0,3.13253622256988,12.482413075090488,1.77893693056814e+18,1.7789438247869302e+18
1778942363742421548,12.484,1.5475,770.175,79.16579924750852,0.0,3.6333456737833734,12.48331598495017,1.77893694007286e+18,1.7789438219308232e+18
1778942364142784550,12.48,1.665,711.975,79.17135002050532,0.0,3.6616601938855866,12.483427000410106,1.778936949394025e+18,1.7789438191301722e+18
1778942364543124305,12.528,1.5325,534.375,79.31518683922187,0.0,5.257680941804376,12.486303736784437,1.7789369621308175e+18,1.7789438153036628e+18
1778942364943793214,12.492,1.665,1630.775,79.33989850493523,0.0,5.488984941256754,12.486797970098705,1.7789369751024689e+18,1.7789438114070162e+18
1778942365344182947,12.488,1.9125,61.525,79.27265906100607,0.0,4.6092652590473815,12.485453181220121,1.7789369859571164e+18,1.7789438081466616e+18
1778942365744842791,12.488,1.615,187.75,79.25626360293282,0.0,4.352751037608791,12.485125272058657,1.7789369960454075e+18,1.778943805116823e+18
1778942366145107886,12.488,2.0475,572.95,79.26084576606904,0.0,4.305418929361196,12.48521691532138,1.7789370059134822e+18,1.7789438021534415e+18
1778942366545567658,12.492,1.5475,110.1,79.37208648338496,0.0,5.549756556410753,12.4874417296677,1.778937018208765e+18,1.7789437984615752e+18
1778942366946236550,12.492,1.65,335.975,79.36466046656295,0.0,5.3334199831486195,12.48729320933126,1.7789370299402094e+18,1.7789437949393948e+18
1778942367346982423,12.488,1.5475,1025.3,79.37769407263559,0.0,5.376664025511437,12.487553881452712,1.7789370416210524e+18,1.7789437914327926e+18
1778942367747360845,12.484,1.6325,1490.55,79.2667666143971,0.0,3.943067793920516,12.485335332287942,1.778937050271126e+18,1.778943788836318e+18
1778942368148073400,12.488,1.615,1271.975,79.2924453244239,0.0,4.148425393254373,12.485848906488478,1.7789370592379935e+18,1.7789437861450496e+18
1778942368548451845,12.484,1.715,604.95,79.25116828437739,0.0,3.558973576833054,12.485023365687548,1.7789370669286141e+18,1.7789437838370844e+18
1778942368948796744,12.484,1.665,207.75,79.19325827601008,0.0,2.7483620581885746,12.483865165520202,1.7789370729866977e+18,1.7789437820192445e+18
1778942369349238289,12.488,1.715,634.0,79.1839699070753,0.0,2.5183237959645437,12.483679398141506,1.7789370785886766e+18,1.7789437803384563e+18
1778942369749570360,12.484,1.65,296.4,79.17383745945365,0.0,2.2882674801645746,12.483476749189073,1.7789370837265313e+18,1.7789437787970941e+18
1778942370149948759,12.484,1.5675,904.525,79.10079657973343,0.0,1.3036902145104012,12.482015931594669,1.7789370869658862e+18,1.7789437778253944e+18
1778942370550588509,12.484,1.665,1121.975,79.14700737100554,0.0,1.7681072362913304,12.482940147420111,1.778937091073104e+18,1.7789437765935e+18
1778942370951422075,12.508,1.665,147.175,79.18676910808593,0.0,2.114984506641481,12.483735382161719,1.7789370958814339e+18,1.7789437751514796e+18
1778942371351952341,12.484,1.8325,449.125,79.20684875608261,0.0,2.250923535920191,12.484136975121652,1.7789371009302144e+18,1.7789437736375214e+18
1778942371752640317,12.48,1.5475,1370.6,79.1261999047456,0.0,1.1645634978964476,12.482523998094912,1.7789371039614062e+18,1.7789437727286728e+18
1778942372153281693,12.488,1.615,905.925,79.11477159097161,0.0,0.9674886890062024,12.482295431819432,1.778937106558797e+18,1.7789437719499779e+18
1778942372553774493,12.488,1.5825,1126.25,79.08879711585018,0.0,0.5935522289956695,12.481775942317004,1.778937108411097e+18,1.7789437713947277e+18
1778942372954361998,12.488,1.6325,160.225,79.10373402081748,0.0,0.7362534306821537,12.48207468041635,1.778937110431531e+18,1.77894377078914e+18
1778942373355114613,12.484,1.5975,488.95,79.1028534612229,0.0,0.677004108277168,12.482057069224458,1.778937112272326e+18,1.7789437702374597e+18
1778942373755852722,12.492,1.665,1492.15,79.11782337857424,0.0,0.8102569604682585,12.482356467571485,1.7789371142809052e+18,1.7789437696355648e+18
1778942374156497063,12.484,1.6325,1276.875,79.13453087934573,0.0,0.9647613582374621,12.482690617586915,1.7789371164910915e+18,1.7789437689733322e+18
1778942374557368401,12.484,1.665,619.9,79.14195135521213,0.0,1.0256918014307526,12.482839027104243,1.778937118698882e+18,1.778943768311892e+18
1778942374958167350,12.48,1.5975,253.375,79.16714573338731,0.0,1.3027708039692225,12.483342914667746,1.7789371212841943e+18,1.77894376753744e+18
1778942375358970977,12.488,1.5975,773.225,79.18073116759771,0.0,1.43883425052292,12.483614623351954,1.7789371239917967e+18,1.7789437667264448e+18
1778942375759635025,12.484,2.13,721.275,79.14729825255426,0.0,1.0116316096421127,12.482945965051085,1.778937125827697e+18,1.7789437661766126e+18
1778942376160147729,12.484,1.715,562.75,79.14246484985537,0.0,0.9431813058146608,12.482849296997108,1.7789371274092122e+18,1.7789437657030172e+18
1778942376560845326,12.492,1.5675,78.975,79.16525339984963,0.0,1.1521542124636788,12.483305067996993,1.7789371293180756e+18,1.778943765131464e+18
1778942376961283106,12.48,1.5975,241.0,79.17867778061371,0.0,1.2957340047800416,12.483573555612274,1.7789371313531502e+18,1.7789437645221888e+18
1778942377362169840,12.484,1.6325,735.45,79.19541680016053,0.0,1.4697206723387115,12.48390833600321,1.7789371335807788e+18,1.7789437638553446e+18
1778942377762578648,12.5,1.65,606.0,79.22062460019241,0.0,1.6882059027267415,12.484412492003848,1.7789371361695652e+18,1.7789437630804772e+18
1778942378163084469,12.488,1.78,210.95,79.21164215990892,0.0,1.5396549055187605,12.484232843198178,1.778937138414916e+18,1.7789437624084823e+18
1778942378563860351,12.488,1.7,643.75,79.23286868137531,0.0,1.757752422138526,12.484657373627506,1.778937140936316e+18,1.7789437616539581e+18
1778942378964089601,12.488,1.665,326.15,79.25026628168716,0.0,1.9199966236651533,12.485005325633743,1.7789371436509732e+18,1.7789437608416968e+18
1778942379364374229,12.484,1.73,995.325,79.26327754259016,0.0,2.047993482782944,12.485265550851803,1.7789371464667005e+18,1.7789437599992937e+18
1778942379764919300,12.488,1.5475,1399.075,79.30944501611529,0.0,2.5688770658776714,12.486188900322306,1.7789371500420616e+18,1.7789437589297498e+18
1778942380165478238,12.48,1.9325,992.825,79.27654769674649,0.0,2.160701727691943,12.48553095393493,1.7789371527936804e+18,1.7789437581067177e+18
1778942380565760266,12.484,1.7,1391.45,79.25761905885837,0.0,1.8826069310474587,12.485152381177167,1.7789371550140493e+18,1.7789437574426621e+18
1778942380966563564,12.484,1.9125,969.55,79.25652068409309,0.0,1.848332292264013,12.485130413681862,1.7789371570634522e+18,1.7789437568298125e+18
1778942381367392484,12.492,1.5975,1320.425,79.2634033910865,0.0,1.873946426261966,12.48526806782173,1.778937159100463e+18,1.7789437562207406e+18
1778942381768142803,12.484,1.5175,752.8,79.27416852395012,0.0,1.9758909770405397,12.485483370479002,1.7789371612009426e+18,1.7789437555927665e+18
1778942382168790727,12.484,1.5675,658.95,79.29103918453413,0.0,2.1418858544921435,12.485820783690682,1.778937163480278e+18,1.778943754911398e+18
1778942382569327792,12.484,1.6325,372.55,79.29315489286674,0.0,2.1482303856422402,12.485863097857335,1.7789371656525302e+18,1.7789437542621174e+18
1778942382970074979,12.488,1.9475,1136.925,79.24522542347765,0.0,1.5273031991419703,12.484904508469553,1.7789371667649925e+18,1.7789437539296445e+18
1778942383370882613,12.488,1.73,192.8,79.25250064904417,0.0,1.5856846822204897,12.485050012980883,1.778937167885328e+18,1.7789437535948585e+18
1778942383771593026,12.48,2.0475,588.375,79.27564317919106,0.0,1.8543126539426766,12.485512863583821,1.7789371693131497e+18,1.778943753168237e+18
1778942384172031377,12.48,1.865,157.175,79.2180844629444,0.0,1.13878891942171,12.484361689258888,1.778937169526171e+18,1.778943753104597e+18
1778942384572514928,12.48,1.715,479.65,79.22505469354812,0.0,1.2227636872161844,12.484501093870962,1.7789371697525988e+18,1.7789437530369564e+18
1778942384973120935,12.492,1.615,1463.775,79.22058825799648,0.0,1.1304100127264982,12.48441176515993,1.7789371697799726e+18,1.778943753028781e+18
1778942385373347776,12.5,1.6325,1190.275,79.22391690374067,0.0,1.112822389649432,12.484478338074814,1.7789371697556178e+18,1.7789437530360543e+18
1778942385773768530,12.48,1.75,355.625,79.24315072936069,0.0,1.3161964219119346,12.484863014587214,1.7789371699748823e+18,1.7789437529705795e+18
1778942386174234441,12.492,1.5825,1085.275,79.28015013342346,0.0,1.715521777400845,12.48560300266847,1.778937170759349e+18,1.7789437527363548e+18
1778942386574911933,12.488,1.5325,35.175,79.29658415985436,0.0,1.895428116601709,12.485931683197087,1.7789371717225152e+18,1.7789437524488061e+18
1778942387175894966,12.484,1.6325,107.325,79.31652330938813,0.0,2.116908314478361,12.486330466187763,1.778937172873064e+18,1.77894375210538e+18
1778942387576289457,12.492,1.765,327.525,79.22495865391116,0.0,0.9608981197229761,12.484499173078223,1.7789371722357896e+18,1.7789437522955766e+18
1778942387976966352,12.516,1.5475,999.525,79.28580291536191,0.0,1.6123324406471353,12.485716058307238,1.778937172596288e+18,1.7789437521879982e+18
1778942388377793259,12.484,1.68,1411.9,79.2364019059126,0.0,0.9948005400007953,12.484728038118252,1.7789371719534546e+18,1.7789437523798088e+18
1778942388778376652,12.496,1.9975,1031.975,79.14610724167012,0.0,-0.1392614291169824,12.482922144833402,1.7789371695896125e+18,1.7789437530850555e+18
1778942389178975709,12.512,1.5975,1510.925,79.20935187713171,0.0,0.53011694946992,12.484187037542634,1.7789371682744384e+18,1.7789437534773873e+18
1778942389579462534,12.528,1.65,1334.175,79.22051094367879,0.0,0.539314132962206,12.484410218873576,1.7789371670647995e+18,1.7789437538381926e+18
1778942389980174618,12.492,1.715,794.775,79.15432480852483,0.0,-0.3015942418650022,12.483086496170497,1.7789371645875845e+18,1.7789437545770002e+18
1778942390380852796,12.492,1.85,787.05,79.12412735524913,0.0,-0.6963637930651828,12.482482547104983,1.7789371614962353e+18,1.7789437554988552e+18
1778942390981736440,12.504,1.5475,763.475,79.12903228125786,0.0,-0.7149725523592325,12.482580645625157,1.778937158358935e+18,1.778943756434247e+18
1778942391382328966,12.496,1.78,691.525,79.10618313745579,0.0,-1.0400531140209555,12.482123662749116,1.7789371547463867e+18,1.778943757511206e+18
1778942391783023696,12.488,1.665,471.95,79.10673799561368,0.0,-1.0236329792823906,12.482134759912274,1.7789371510758244e+18,1.7789437586053307e+18
1778942392183748328,12.492,1.6325,1440.275,79.11141629270395,0.0,-0.9862420448164819,12.482228325854079,1.7789371474197312e+18,1.778943759695011e+18
1778942392584450741,12.488,2.165,1118.55,79.08409307112231,0.0,-1.354329943214122,12.481681861422446,1.7789371432194284e+18,1.7789437609467402e+18
1778942392985224344,12.48,1.5825,136.725,79.1228389823867,0.0,-0.9045604618734167,12.482456779647734,1.778937139632484e+18,1.7789437620155576e+18
1778942393385560775,12.484,2.0325,417.25,79.13297428931465,0.0,-0.8101839824614548,12.482659485786293,1.7789371361543747e+18,1.7789437630518185e+18
1778942393786060304,12.492,1.65,1273.325,79.15953188636405,0.0,-0.5374082413643959,12.483190637727281,1.778937133068768e+18,1.7789437639710318e+18
1778942394186915213,12.488,1.665,609.075,79.19667477804958,0.0,-0.12715459921994599,12.483933495560992,1.7789371305534262e+18,1.7789437647202716e+18
1778942394587647306,12.492,1.5825,220.325,79.21575191639214,0.0,0.06466400521905044,12.484315038327843,1.7789371282894917e+18,1.7789437653945428e+18
1778942394988351037,12.472,1.8,672.375,79.22848034655836,0.0,0.21842762378463287,12.484569606931167,1.7789371261655772e+18,1.7789437660270385e+18
1778942395389116280,12.496,1.6325,413.525,79.2288526975118,0.0,0.20356449620182743,12.484577053950236,1.7789371239682148e+18,1.7789437666813284e+18
1778942395789912557,12.496,1.5825,1261.975,79.24008542694844,0.0,0.2813455883712418,12.484801708538969,1.7789354321646495e+18,1.7789442361796157e+18
1778942396190541699,12.488,1.5825,574.425,79.26339381769277,0.0,0.5339513419285062,12.485267876353856,1.7789356440022223e+18,1.7789441773424996e+18
1778942396591223023,12.492,1.68,114.6,79.27404670806243,0.0,0.6142353339548744,12.485480934161249,1.7789357139714537e+18,1.7789441578770458e+18
1778942396991941466,12.492,1.7,349.725,79.25162405523294,0.0,0.29506738467563437,12.485032481104659,1.7789357810054308e+18,1.7789441392484905e+18
1778942397392635168,12.488,1.73,1067.275,79.24674950119545,0.0,0.2264856488331825,12.484934990023909,1.7789358470344955e+18,1.778944120913234e+18
1778942397993763336,12.484,1.665,1618.65,79.23781444013571,0.0,0.09923877686786498,12.484756288802714,1.7789359123022182e+18,1.778944102806155e+18
1778942398394536440,12.488,1.65,24.525,79.23929817497398,0.0,0.1074944426501274,12.48478596349948,1.7789359514244093e+18,1.7789440919511933e+18
1778942398795186374,12.492,1.8,74.825,79.22773151748085,0.0,-0.0708625553273994,12.484554630349617,1.7789359896649126e+18,1.7789440813533048e+18
1778942399196015253,12.488,1.68,228.325,79.24493344917727,0.0,0.09819270659906554,12.484898668983545,1.7789359817887944e+18,1.778944083518938e+18
1778942399596829233,12.484,1.68,696.775,79.24593555954493,0.0,0.11027357935455025,12.484918711190899,1.778936008445967e+18,1.778944076131132e+18
1778942399997530287,12.496,1.715,487.975,79.25283733743963,0.0,0.14524865988750066,12.485056746748793,1.778936033242554e+18,1.7789440692612032e+18
1778942400398250942,12.492,1.665,1489.175,79.19625098018123,0.0,-0.5765849748996035,12.483925019603625,1.7789360557627996e+18,1.7789440630499282e+18
1778942400798834895,12.496,1.715,1267.8,79.17389418987045,0.0,-0.8852984490957675,12.48347788379741,1.7789360671871089e+18,1.7789440599199619e+18
1778942401199552224,12.496,1.4825,592.2,79.24987825021469,0.0,-0.025627937810837897,12.484997565004294,1.7789360796328986e+18,1.7789440564799964e+18
1778942401600205939,12.492,1.665,168.85,79.14765943110461,0.0,-1.3097264131459807,12.482953188622092,1.7789360895129188e+18,1.7789440537946732e+18
1778942402001008350,12.492,1.615,515.275,79.15853253626112,0.0,-1.2073463424973334,12.483170650725222,1.778936099536791e+18,1.7789440510683681e+18
1778942402401860367,12.496,1.615,1572.475,79.19347262497205,0.0,-0.8331605829592992,12.483869452499441,1.7789361127253734e+18,1.7789440474573704e+18
1778942402802401137,12.464,1.715,1522.0,79.21959988902937,0.0,-0.4688466884278484,12.484391997780588,1.7789361161337664e+18,1.7789440465384855e+18
1778942403202903264,12.48,1.6325,1367.975,79.21132788754967,0.0,-0.5882039524161431,12.484226557750993,1.7789361205699372e+18,1.778944045341881e+18
1778942403603294660,12.516,1.5475,897.925,79.30990435037828,0.0,0.49680735799408426,12.486198087007566,1.7789361272754552e+18,1.7789440434817856e+18
1778942404003938530,12.492,1.715,1101.825,79.31041681617252,0.0,0.47385910153151506,12.48620833632345,1.7789361338113114e+18,1.77894404167139e+18
1778942404404471307,12.496,1.75,85.7,79.28862396929352,0.0,0.1911476770079329,12.48577247938587,1.7789361420325417e+18,1.7789440394084408e+18
1778942404805221733,12.48,1.7,261.525,79.28082296986513,0.0,0.09692972012686282,12.485616459397303,1.7789361515990612e+18,1.7789440367812657e+18
1778942405205624111,12.496,1.5825,798.1,79.3202590447856,0.0,0.525032555939,12.486405180895712,1.7789361618382172e+18,1.7789440339562929e+18
1778942405606323581,12.484,1.65,797.2,79.38552461817834,0.0,1.2743826504371412,12.487710492363567,1.778936173452192e+18,1.778944030730065e+18
1778942406007030993,12.5,1.65,794.45,79.29803359384586,0.0,0.2853575040864372,12.485960671876917,1.7789361831836485e+18,1.7789440280612424e+18
1778942406407611077,12.484,1.5975,786.05,79.31622386466631,0.0,0.47601290332447443,12.486324477293326,1.778936193475566e+18,1.7789440252343314e+18
1778942406808438775,12.492,1.665,760.425,79.30703537008583,0.0,0.3459861424382165,12.486140707401717,1.7789362031464486e+18,1.778944022585486e+18
1778942407209001373,12.48,1.73,682.225,79.32775170157315,0.0,0.5960566394079179,12.486555034031463,1.778936212780187e+18,1.7789440199419758e+18
1778942407609328550,12.48,1.665,443.575,79.23298997704916,0.0,-0.4324020328199721,12.484659799540983,1.7789362212100454e+18,1.778944017670707e+18
1778942408009869722,12.496,1.78,1353.675,79.21624983563211,0.0,-0.6825649444814909,12.484324996712642,1.77893622883117e+18,1.778944015631342e+18
1778942408410146491,12.496,1.73,854.275,79.20948336855906,0.0,-0.8026042695201121,12.484189667371181,1.7789362371075057e+18,1.7789440134174735e+18
1778942408810405509,12.492,1.665,968.625,79.25108887262492,0.0,-0.3487364961889124,12.485021777452499,1.7789362455369725e+18,1.7789440111478697e+18
1778942409210930310,12.496,1.7,1317.6,79.26249313961621,0.0,-0.2496637333932697,12.485249862792324,1.7789362536913848e+18,1.778944008952243e+18
1778942409611613196,12.496,1.85,744.175,79.25762345889612,0.0,-0.3659846276646085,12.485152469177923,1.7789362563755136e+18,1.7789440082629804e+18
1778942410012070550,12.488,1.665,632.625,79.2712087919334,0.0,-0.22153010836785267,12.485424175838668,1.778936259679434e+18,1.7789440074004636e+18
1778942410412761963,12.496,1.73,292.2,79.26534821881283,0.0,-0.3402250906168512,12.485306964376257,1.7789362659121505e+18,1.7789440057391578e+18
1778942410813464997,12.496,1.8,891.7,79.19082723785503,0.0,-1.208116826090153,12.4838165447571,1.7789362732703114e+18,1.7789440038013007e+18
1778942411213850872,12.492,1.5975,1082.85,79.22088414022684,0.0,-0.8848271020336974,12.484417682804537,1.7789362815366205e+18,1.7789440016052214e+18
1778942411614099903,12.484,1.68,27.775,79.22557051838953,0.0,-0.8281981964408538,12.48451141036779,1.7789362891960494e+18,1.7789439995764045e+18
1778942412014868492,12.492,1.715,84.75,79.22937875937015,0.0,-0.8110240539606539,12.484587575187403,1.7789362970261568e+18,1.7789439975020257e+18
1778942412415434076,12.488,1.65,258.625,79.23806336536494,0.0,-0.72574075194544,12.484761267307299,1.7789363063792105e+18,1.7789439950097997e+18
1778942412816207051,12.492,1.68,789.25,79.2446612086134,0.0,-0.6751427088858536,12.484893224172268,1.7789363165482918e+18,1.7789439922944512e+18
1778942413216985535,12.5,1.6325,770.175,79.24710042896328,0.0,-0.7036738181696315,12.484942008579266,1.77893632810281e+18,1.7789439892019039e+18
1778942413617492898,12.492,1.665,711.975,79.26113307110747,0.0,-0.5733022496096999,12.48522266142215,1.7789363388401759e+18,1.7789439863307192e+18
1778942414018124806,12.488,1.615,534.375,79.27267219710423,0.0,-0.4634031692629032,12.485453443942085,1.778936351417998e+18,1.7789439829546243e+18
1778942414418621255,12.48,1.615,1630.775,79.27787964061041,0.0,-0.41039149624940313,12.485557592812208,1.7789363614168292e+18,1.7789439802852762e+18
1778942414819069220,12.492,1.6325,61.525,79.28943047069545,0.0,-0.2906458705672483,12.485788609413909,1.7789363726591667e+18,1.7789439772744755e+18
1778942415219687492,12.492,2.13,187.75,79.23166925907782,0.0,-1.0034807477369623,12.484633385181557,1.7789363819102584e+18,1.7789439748334853e+18
1778942415620231963,12.484,1.68,572.95,79.2290719321928,0.0,-1.0348075573670128,12.484581438643856,1.778936391484877e+18,1.7789439723078487e+18
1778942416020968795,12.488,1.665,110.1,79.2418872475505,0.0,-0.8998799056966625,12.48483774495101,1.7789364018645696e+18,1.7789439695601213e+18
1778942416421420274,12.5,1.9975,335.975,79.16457376057392,0.0,-1.874711123690082,12.483291475211479,1.7789364088152842e+18,1.7789439677814994e+18
1778942416821836162,12.496,1.85,1025.3,79.13431048133505,0.0,-2.2751775883784515,12.482686209626701,1.7789364137322286e+18,1.7789439665720837e+18
1778942417222543574,12.496,1.615,1490.55,79.12856627065247,0.0,-2.374755174808249,12.48257132541305,1.7789364191167688e+18,1.778943965239177e+18
1778942417623047884,12.48,1.715,1271.975,79.07118024770556,0.0,-3.074813721432359,12.481423604954111,1.7789364235057554e+18,1.778943964201896e+18
1778942418023579279,12.496,1.765,604.95,79.08682193789149,0.0,-2.943208073038012,12.48173643875783,1.7789364284088338e+18,1.7789439630201096e+18
1778942418424354085,12.488,1.815,207.75,79.08339360729164,0.0,-3.002596816371713,12.481667872145833,1.778936434089434e+18,1.778943961629342e+18
1778942418825107452,12.524,1.5975,634.0,79.14318784850886,0.0,-2.3711561254053346,12.482863756970177,1.7789364408351483e+18,1.778943959927207e+18
1778942419225778740,12.496,1.5975,296.4,79.18474465299622,0.0,-1.910452819144311,12.483694893059925,1.7789364439540275e+18,1.7789439592003064e+18
1778942419626454954,12.532,1.65,904.525,79.22145301664952,0.0,-1.6043830135541086,12.48442906033299,1.778936447694136e+18,1.7789439582919455e+18
1778942420027016805,12.488,2.1,1121.975,79.23849920869667,0.0,-1.4269720035422577,12.484769984173933,1.7789364512533184e+18,1.7789439574283773e+18
1778942420427749004,12.488,1.8325,147.175,79.23991227614755,0.0,-1.4382193940267862,12.484798245522951,1.7789364526569065e+18,1.778943957153511e+18
1778942420828494593,12.492,1.615,449.125,79.27257094967095,0.0,-1.085286866122408,12.485451418993419,1.778936456083619e+18,1.7789439563169472e+18
1778942421229246753,12.492,1.6325,1370.6,79.25593780833957,0.0,-1.313783811765288,12.485118756166791,1.7789364598932667e+18,1.7789439553844058e+18
1778942421629992389,12.5,1.9675,905.925,79.17040836124968,0.0,-2.336575056119303,12.483408167224994,1.778936461623929e+18,1.7789439550521288e+18
1778942422030386431,12.492,1.615,1126.25,79.20286807652684,0.0,-1.986090745012175,12.484057361530537,1.7789364637476122e+18,1.7789439546022098e+18
1778942422430847239,12.496,1.5975,160.225,79.20821486069852,0.0,-1.9315995128823689,12.48416429721397,1.7789364676130903e+18,1.778943953678038e+18
1778942422831141167,12.528,1.5175,488.95,79.34984715462693,0.0,-0.34182538561552805,12.486996943092539,1.7789364761228288e+18,1.7789439514390927e+18
1778942423231772280,12.484,1.5975,1492.15,79.34383302766987,0.0,-0.3564309257199596,12.486876660553397,1.7789364851789965e+18,1.7789439490565645e+18
1778942423632357535,12.492,1.6325,1276.875,79.35532161544174,0.0,-0.25719382064032603,12.487106432308835,1.7789364943853588e+18,1.778943946631679e+18
1778942424032907015,12.488,1.5675,619.9,79.34607224978924,0.0,-0.3583711055586436,12.486921444995785,1.7789365057433352e+18,1.7789439436283249e+18
1778942424433452943,12.492,1.815,253.375,79.34525374128889,0.0,-0.4063133171869427,12.486905074825778,1.7789365134683423e+18,1.7789439416153738e+18
1778942424833891238,12.492,1.5975,773.225,79.33154377689321,0.0,-0.5994505991630806,12.486630875537864,1.77893652081151e+18,1.7789439397138258e+18
1778942425234317369,12.488,1.665,721.275,79.33885283050489,0.0,-0.5213981021894322,12.486777056610098,1.7789365292731932e+18,1.778943937508312e+18
1778942425634877702,12.492,1.65,562.75,79.35181384421847,0.0,-0.39491608439859655,12.48703627688437,1.7789365380528888e+18,1.7789439352142671e+18
1778942426035494456,12.496,1.615,78.975,79.40242674406505,0.0,0.1631037094899052,12.488048534881301,1.778936547653401e+18,1.7789439326813798e+18
1778942426435971552,12.492,1.665,241.0,79.413812135721,0.0,0.25149325515303267,12.48827624271442,1.7789365573042322e+18,1.7789439301335345e+18
1778942426836351731,12.48,1.75,735.45,79.4409485795468,0.0,0.5569810769826866,12.488818971590936,1.7789365640346184e+18,1.778943928370699e+18
1778942427236863527,12.492,1.6325,606.0,79.45189821267348,0.0,0.6687989073193907,12.48903796425347,1.7789365729848154e+18,1.7789439260045453e+18
1778942427637289621,12.484,1.73,210.95,79.45573524648078,0.0,0.7240235437487584,12.489114704929616,1.7789365826473894e+18,1.7789439234467924e+18
1778942428037724393,12.488,1.65,643.75,79.48436323537635,0.0,1.0375150715826822,12.489687264707527,1.7789365925834857e+18,1.7789439208074107e+18
1778942428438485958,12.492,1.715,326.15,79.4844529596575,0.0,1.009768038377309,12.48968905919315,1.7789366034848453e+18,1.77894391790961e+18
1778942428839050543,12.496,1.6325,995.325,79.49338384057835,0.0,1.0592795415079534,12.489867676811567,1.7789366141073275e+18,1.778943915087282e+18
1778942429239597957,12.488,1.7,1399.075,79.49041485111056,0.0,1.0046438761681402,12.489808297022211,1.7789366219225024e+18,1.7789439130292467e+18
1778942429640326531,12.492,1.815,992.825,79.45757035359345,0.0,0.6210606308924048,12.48915140707187,1.7789366288289915e+18,1.7789439112318886e+18
1778942430040948000,12.496,1.665,1391.45,79.47218597714817,0.0,0.7573900961659816,12.489443719542964,1.7789366360731436e+18,1.7789439093404206e+18
1778942430441176782,12.5,1.715,969.55,79.4865085167075,0.0,0.8709290222900824,12.48973017033415,1.7789366433639488e+18,1.7789439074337656e+18
1778942430841833995,12.5,1.7,1320.425,79.47978998412808,0.0,0.7428907419769641,12.489595799682562,1.7789366509385905e+18,1.778943905455453e+18
1778942431242547037,12.488,1.68,752.8,79.50940042998084,0.0,1.0770715016878631,12.490188008599617,1.77893665028972e+18,1.7789439056921467e+18
1778942431643222087,12.5,1.665,658.95,79.51526224870406,0.0,1.089789578875625,12.490305244974081,1.7789366485038956e+18,1.7789439062356188e+18
1778942432043530725,12.488,1.7,372.55,79.419847296984,0.0,-0.07831276348974557,12.48839694593968,1.7789366435074854e+18,1.7789439076825275e+18
1778942432443935626,12.496,1.5175,1136.925,79.44831791580863,0.0,0.2428324894539515,12.488966358316173,1.778936636675436e+18,1.7789439096158912e+18
1778942432844112343,12.496,1.5825,192.8,79.46075101121367,0.0,0.37272006477222347,12.489215020224274,1.7789366304923604e+18,1.7789439113702835e+18
1778942433244549395,12.516,1.65,588.375,79.48824501760924,0.0,0.6250301192646888,12.489764900352185,1.7789366248413821e+18,1.7789439129719306e+18
1778942433644905718,12.488,1.7,157.175,79.52127402544306,0.0,0.9911441848390755,12.490425480508861,1.7789366202140644e+18,1.7789439142862881e+18
1778942434045274501,12.488,1.7,479.65,79.55478189839243,0.0,1.362751502158108,12.491095637967849,1.778936615707381e+18,1.7789439155570435e+18
1778942434445488591,12.496,1.7,1463.775,79.58104713631748,0.0,1.6284940006489708,12.49162094272635,1.7789366112365455e+18,1.7789439168097403e+18
1778942434845789800,12.52,1.7,1190.275,79.5673305264912,0.0,1.397495282041736,12.491346610529824,1.7789366062787533e+18,1.7789439181998932e+18
1778942435246127696,12.496,2.0675,355.625,79.51466321149542,0.0,0.7290389810595994,12.490293264229908,1.7789366002262392e+18,1.7789439199053527e+18
1778942435646617358,12.492,1.615,1085.275,79.54823403157853,0.0,1.0915541285569792,12.49096468063157,1.7789365930644173e+18,1.7789439218984128e+18
1778942436047337497,12.484,1.5975,35.175,79.52957534178086,0.0,0.8499410899112171,12.490591506835617,1.7789365858395917e+18,1.7789439239160333e+18
1778942436447862089,12.492,1.665,107.325,79.54657254094448,0.0,1.0335168739290357,12.49093145081889,1.7789365782878313e+18,1.778943926016267e+18
1778942436848261612,12.488,1.5825,327.525,79.55165667145387,0.0,1.0847456849613257,12.491033133429077,1.7789365717258944e+18,1.7789439278489073e+18
1778942437248817910,12.484,1.5325,999.525,79.54881456089647,0.0,1.0319573540996283,12.49097629121793,1.7789365649457708e+18,1.7789439297421722e+18
1778942437649403584,12.492,1.815,1411.9,79.5792208998691,0.0,1.3653719465961305,12.491584417997382,1.7789365574226506e+18,1.7789439318250747e+18
1778942438049878891,12.496,1.85,1031.975,79.55628705773663,0.0,1.0435499992418436,12.491125741154733,1.7789365496955205e+18,1.7789439339719974e+18
1778942438450207870,12.5,1.6325,1510.925,79.59887977957207,0.0,1.4941652502461051,12.491977595591441,1.778936543264147e+18,1.778943935755617e+18
1778942438850864530,12.5,2.13,1334.175,79.53554006337413,0.0,0.7289122167710117,12.490710801267483,1.778936535140407e+18,1.7789439380182907e+18
1778942439251487474,12.484,1.6325,794.775,79.55745341987283,0.0,0.9804270774052446,12.491149068397457,1.7789365282409603e+18,1.7789439399445622e+18
1778942439651860316,12.492,1.5175,787.05,79.57420244511974,0.0,1.1612671696270838,12.491484048902395,1.7789365187547116e+18,1.7789439425605018e+18
1778942441654967667,12.536,1.85,464.25,79.4199283546683,0.0,-0.7919938201927921,12.488398567093366,1.7789365045954084e+18,1.7789439464977006e+18
1778942442055688371,12.5,2.0475,1416.775,79.35119614003902,0.0,-1.6377025196990094,12.48702392280078,1.778936489691922e+18,1.7789439506601702e+18
1778942442456392908,12.536,1.665,1046.85,79.36995744918269,0.0,-1.5384278065845116,12.487399148983654,1.778936475870289e+18,1.7789439545250755e+18
1778942442857173632,12.524,1.7,1556.325,79.37797044056609,0.0,-1.5377880840827192,12.487559408811322,1.7789364640079852e+18,1.7789439578610575e+18
1778942443257879312,12.524,1.665,1472.725,79.40224607968683,0.0,-1.3341730297500332,12.488044921593737,1.778936450125646e+18,1.7789439617302205e+18
1778942443658263129,12.54,1.715,1217.6,79.38566457022766,0.0,-1.6643327081971735,12.487713291404553,1.778936433639787e+18,1.7789439663040335e+18
1778942444058928162,12.52,1.715,439.0,79.37395196074101,0.0,-1.898628062450433,12.48747903921482,1.778936418241452e+18,1.778943970590264e+18
1778942444459322122,12.524,1.665,1339.7,79.39711878797634,0.0,-1.7084668996090147,12.487942375759527,1.7789364023494684e+18,1.778943975000006e+18
1778942444859497922,12.532,1.7,811.625,79.40835691109875,4.69,-1.7077394564651647,12.488167138221975,1.7789363866606287e+18,1.7789439793508408e+18
1778942445259743238,12.528,1.6325,838.475,79.45401921648855,4.69,-1.2507599696920046,12.489080384329771,1.7789363719358198e+18,1.77894398342587e+18
1778942445660098577,12.524,1.8,920.4,79.41591670794922,4.69,-1.8170756272601871,12.488318334158985,1.7789363540594335e+18,1.7789439883597102e+18
1778942446060368922,12.532,1.765,1170.425,79.37471748946737,7.07,-2.4197075256468707,12.487494349789348,1.7789363347840205e+18,1.7789439936835822e+18
1778942446460613906,12.536,1.5825,295.05,79.48813508980336,7.07,-1.1959713698027767,12.489762701796067,1.77893631712366e+18,1.7789439985312622e+18
1778942446860910900,12.536,1.7,900.4,79.49680293458343,7.07,-1.225858575808912,12.489936058691669,1.7789362996919798e+18,1.778944003314006e+18
1778942447261342643,12.516,1.78,1109.4,79.46620933960872,8.26,-1.6548814008172654,12.489324186792174,1.7789362818669066e+18,1.7789440082133824e+18
1778942447661827863,12.528,1.615,108.8,79.53308887436644,8.26,-0.9558088602920177,12.490661777487329,1.778936266305533e+18,1.7789440124809124e+18
1778942448062099479,12.52,1.4625,332.025,79.68909578786543,8.26,0.80155080504976,12.493781915757308,1.778936254943858e+18,1.7789440155647636e+18
1778942448462995430,12.496,2.23,1013.25,79.65818324398698,8.854999999999999,0.41480795848243013,12.49316366487974,1.7789362460256942e+18,1.7789440180072274e+18
1778942448863468479,12.516,1.5675,1453.775,79.70203169622218,8.854999999999999,0.8968539810486762,12.494040633924444,1.7789362391019187e+18,1.77894401990017e+18
1778942449264110743,12.504,2.0475,1159.75,79.61724721927129,8.854999999999999,-0.12736338010424123,12.492344944385426,1.778936229549196e+18,1.7789440225293983e+18
1778942449664797069,12.388,4.3675,262.475,81.32010100967754,9.2225,24.01014593105689,12.533002525241939,1.7789362590415695e+18,1.7789440140728806e+18
1778942450065347827,11.764,16.2,801.0,83.00687238230523,9.2225,48.841704717865355,12.57517180955763,1.7789363266008174e+18,1.7789439948303951e+18
1778942450465941141,12.456,1.715,806.05,83.00518435413125,9.94,48.85014635734215,12.575129608853281,1.778936393729127e+18,1.7789439757473408e+18
1778942450866690002,12.484,1.615,821.45,83.00588169911315,9.94,48.85478197058186,12.575147042477829,1.7789364589982671e+18,1.7789439572025226e+18
1778942451267281866,12.484,1.815,868.45,83.00701060125569,10.045,48.85964669750613,12.575175265031392,1.778936523285132e+18,1.7789439389607314e+18
1778942451667811404,12.496,1.7,1011.875,83.01216093098816,10.045,48.87950774734303,12.575304023274704,1.7789365864162903e+18,1.7789439210655603e+18
1778942452068371303,12.488,1.5825,1449.575,83.011132753022,10.045,48.87406658684174,12.57527831882555,1.7789366482910602e+18,1.778943903544812e+18
1778942452469121513,12.504,1.615,1146.95,83.01659207401343,9.87,48.89346137472641,12.575414801850336,1.7789367089323092e+18,1.7789438863888553e+18
1778942452869912961,12.5,1.8,223.4,83.02042140295889,9.87,48.89807902959529,12.575510535073972,1.7789367683530552e+18,1.778943869593644e+18
1778942453270502348,12.448,2.615,681.75,83.0228020631192,9.66,48.9063713098858,12.57557005157798,1.778936826342709e+18,1.778943853214234e+18
1778942453671060733,12.356,4.2825,442.125,83.02815821792244,9.66,49.02973054609858,12.575703955448061,1.7789368835686295e+18,1.7789438370718428e+18
1778942454071757932,12.228,6.7825,1349.25,83.04959853332278,9.450000000000001,49.33624055833796,12.57623996333307,1.7789369399786496e+18,1.7789438211740508e+18
1778942454472278006,12.12,9.235,840.775,83.05322267408457,9.450000000000001,49.359713540824266,12.576330566852114,1.778936995019137e+18,1.7789438056722388e+18
1778942454872640357,11.892,13.515,927.425,83.08627157509136,9.450000000000001,49.81342795785571,12.577156789377284,1.7789370495990136e+18,1.7789437903159022e+18
1778942455273071677,11.784,15.15,1191.875,83.14692120048072,9.485,50.64411998983271,12.578673030012018,1.7789371032151183e+18,1.778943775228314e+18
1778942455673690100,11.688,16.5325,360.5,83.21446446676624,9.485,51.58239368533181,12.580361611669156,1.7789371571719025e+18,1.7789437600639288e+18
1778942456074243982,12.4,2.0675,1100.15,83.20857792625503,10.0275,51.604203572857294,12.580214448156376,1.77893720988072e+18,1.7789437452643543e+18
1778942456474890620,12.412,2.0825,80.575,83.20172231042456,10.0275,51.616126171984654,12.580043057760614,1.7789372616765368e+18,1.778943730740696e+18
1778942456875461377,12.408,2.15,245.875,83.19693308163316,10.115,51.63711751664486,12.579923327040829,1.7789373123971423e+18,1.778943716533805e+18
1778942457276220727,12.432,1.9475,750.35,83.1916072472282,10.115,51.64021653306058,12.579790181180705,1.778937363756384e+18,1.778943702193933e+18
1778942457677003186,12.408,2.3975,651.475,83.1929343911078,10.115,51.68006320672629,12.579823359777695,1.778937413912543e+18,1.778943688201057e+18
1778942458077531397,12.4,2.565,349.725,83.18597803467888,9.835,51.71254409243845,12.579649450866972,1.7789374636940854e+18,1.7789436743400486e+18
1778942458478169177,12.328,4.3475,1067.275,83.18630995625249,9.835,51.785278155661445,12.579657748906312,1.778937512544333e+18,1.7789436607534764e+18
1778942458878856746,12.34,3.8175,1618.65,83.18944151512639,9.6425,51.88164460895916,12.57973603787816,1.778937561628444e+18,1.7789436471357517e+18
1778942459279361355,12.288,4.7975,24.525,83.19771496602485,9.6425,52.03039611817953,12.579942874150621,1.7789376095854188e+18,1.7789436338399273e+18
1778942459679819600,11.532,19.6325,74.825,83.2295461230651,9.6425,52.43657395197292,12.580738653076628,1.7789376563107494e+18,1.7789436208853937e+18
1778942460080177411,11.464,21.28,228.325,83.23003710288162,9.5725,52.44709919301995,12.58075092757204,1.7789377012312018e+18,1.778943608429321e+18
1778942460480734894,11.46,20.85,696.775,83.25356688257436,9.5725,52.72440181947532,12.581339172064359,1.7789377443926397e+18,1.7789435964516787e+18
1778942460881438605,11.172,26.3325,487.975,83.27189487373992,10.0625,52.93372191962978,12.581797371843498,1.7789377867418427e+18,1.7789435847069996e+18
1778942461281763251,11.132,26.7825,1489.175,83.29330128707937,10.0625,53.192355380865806,12.582332532176984,1.7789378286296922e+18,1.7789435731028716e+18
1778942461682023481,12.18,4.55,1267.8,83.28282394077611,10.745,53.308788980177674,12.582070598519403,1.778937869370612e+18,1.7789435618252093e+18
1778942462082529027,12.328,2.285,592.2,83.26153783553401,10.745,53.30174468887676,12.58153844588835,1.7789379089708856e+18,1.7789435508741944e+18
1778942462482970435,12.364,1.815,168.85,83.2373663950446,10.885,53.273671893157456,12.580934159876115,1.7789379478183447e+18,1.7789435401491924e+18
1778942462883561114,12.304,2.9175,515.275,83.2224717829704,10.885,53.29550879440544,12.58056179457426,1.7789379853683064e+18,1.7789435297873423e+18
1778942463484342597,12.344,2.315,1572.475,83.20659652543796,10.885,53.29401808984903,12.580164913135949,1.7789380222322547e+18,1.7789435196304072e+18
1778942463884991703,12.228,4.8475,1522.0,83.20066900874835,10.6225,53.36956748530124,12.580016725218709,1.7789380584067062e+18,1.7789435096755008e+18
1778942464285488890,11.756,14.015,1367.975,83.2181100295955,10.6225,53.64672477821262,12.580452750739887,1.7789380941315003e+18,1.7789434998541146e+18
1778942464686059133,11.664,16.0325,897.925,83.23129115749893,10.5175,53.870707687900236,12.580782278937473,1.7789381292029263e+18,1.7789434902193756e+18
1778942465086524349,11.62,16.4325,1101.825,83.25169024558107,10.5175,54.16610473120265,12.581292256139527,1.7789381633949601e+18,1.7789434808269448e+18
1778942465487050770,11.608,16.365,85.7,83.27477486172839,10.92,54.487412936577755,12.58186937154321,1.7789381972330468e+18,1.778943471540727e+18
1778942465887675391,11.368,21.365,261.525,83.29251211634705,10.92,54.71446811331674,12.582312802908676,1.7789382304256074e+18,1.7789434624365627e+18
1778942466288016217,11.34,21.835,798.1,83.31096422820579,11.3925,54.9220176212508,12.582774105705145,1.7789382630795067e+18,1.7789434534864335e+18
1778942466688792966,11.356,21.5675,797.2,83.32581992299566,11.3925,55.08942787887194,12.583145498074892,1.7789382954639534e+18,1.778943444621997e+18
1778942467089425400,11.372,21.28,794.45,83.33069827223447,11.969999999999999,55.21934613677635,12.583267456805862,1.7789383271899868e+18,1.778943435944839e+18
1778942467489978261,11.352,21.365,786.05,83.3438244097514,11.969999999999999,55.391701256473624,12.583595610243785,1.7789383582240806e+18,1.778943427460925e+18
1778942467890872488,12.26,2.15,760.425,83.30464563299707,12.530000000000001,55.35315911386038,12.582616140824927,1.7789383884795313e+18,1.778943419204442e+18
1778942468291116254,12.268,2.4975,682.225,83.27492838169519,12.530000000000001,55.334460547409364,12.58187320954238,1.7789384178028884e+18,1.7789434112112438e+18
1778942468691800192,12.244,3.265,443.575,83.24669535063435,12.6875,55.33468312902185,12.581167383765859,1.7789384458690084e+18,1.7789434035627144e+18
1778942469092596816,12.252,3.015,1353.675,83.22098677560575,12.4775,55.3322778008939,12.580524669390144,1.7789384728710467e+18,1.7789433962079713e+18
1778942469493241443,12.296,2.265,854.275,83.19179585449014,12.4775,55.30613627178083,12.579794896362253,1.7789384989060198e+18,1.778943389122174e+18
1778942469893867607,12.3,2.615,968.625,83.16976237691406,12.39,55.29498044944704,12.579244059422852,1.7789385244275433e+18,1.7789433821876383e+18
1778942470294404872,12.316,2.13,1317.6,83.14406817841778,12.39,55.26936844835717,12.578601704460445,1.7789385494153981e+18,1.7789433754097426e+18
1778942470695192747,12.328,2.365,744.175,83.1229944912932,12.25,55.25261066201041,12.57807486228233,1.7789385741658386e+18,1.7789433687118162e+18
1778942471096012012,12.312,2.315,632.625,83.09810443481652,12.25,55.23134712058143,12.577452610870413,1.7789385982424397e+18,1.7789433622047444e+18
1778942471496407942,12.34,2.0675,292.2,83.07559402019997,12.0225,55.20728912853423,12.576889850505,1.778938621816534e+18,1.7789433558440128e+18
1778942471897285384,12.356,1.815,891.7,83.05144354121417,12.0225,55.17619023610701,12.576286088530354,1.7789386451530719e+18,1.7789433495625446e+18
1778942472297924706,12.36,1.9975,1082.85,83.03188680269223,11.83,55.15407418488271,12.575797170067306,1.7789386679910362e+18,1.77894334342479e+18
1778942472698843112,12.364,1.715,27.775,83.0102894795315,11.83,55.12470085993805,12.575257236988287,1.7789386903939722e+18,1.778943337414674e+18
1778942473099392131,12.38,1.5825,84.75,82.98898379195492,11.62,55.093425712020434,12.574724594798873,1.7789387125978442e+18,1.7789433314722399e+18
1778942473500035515,12.384,1.5325,258.625,82.96313853707133,11.62,55.05500256619905,12.574078463426783,1.7789387340980152e+18,1.7789433257251218e+18
1778942473900695352,12.38,1.5975,789.25,82.94029125066658,11.34,55.0221302449664,12.573507281266664,1.7789387550198733e+18,1.7789433201404992e+18
1778942474301109420,12.384,1.865,770.175,82.9254530108885,11.34,55.00407449001221,12.573136325272213,1.7789387753977656e+18,1.7789433147074688e+18
1778942474702057063,12.384,1.665,711.975,82.90576819829496,11.34,54.97639853787324,12.572644204957374,1.7789387958141978e+18,1.7789433092804372e+18
1778942475102945820,12.392,1.65,534.375,82.8877926616925,11.042499999999999,54.95091324239469,12.572194816542313,1.7789388155066427e+18,1.7789433040500608e+18
1778942475503534851,12.376,1.9475,1630.775,82.86996177966017,11.042499999999999,54.92963631244628,12.571749044491504,1.778938834336367e+18,1.7789432990504645e+18
1778942475904500976,12.396,1.5825,61.525,82.85252152622363,10.71,54.90400878766042,12.57131303815559,1.7789388529125804e+18,1.7789432941284408e+18
1778942476305091828,12.356,2.4825,187.75,82.83629482509234,10.71,54.89093922151058,12.570907370627308,1.7789388709484826e+18,1.7789432893551552e+18
1778942476706003087,12.344,2.68,572.95,82.82211333175901,10.36,54.883168651455215,12.570552833293975,1.7789388889411397e+18,1.7789432846055468e+18
1778942477106982682,11.54,18.7475,110.1,82.82148477836039,10.36,54.886306248064464,12.57053711945901,1.7789389066890499e+18,1.7789432799269604e+18
1778942477507371034,11.788,13.05,335.975,82.82616814906596,10.36,54.99964956164323,12.570654203726649,1.778938924274801e+18,1.778943275297497e+18
1778942477908166438,11.12,27.1325,1025.3,82.81069725273255,10.325000000000001,54.84180217019744,12.570267431318314,1.7789389417334303e+18,1.7789432707124209e+18
1778942478308724420,11.06,27.5,1490.55,82.80566867054517,10.325000000000001,54.84322373679334,12.57014171676363,1.7789389589802125e+18,1.7789432661905096e+18
1778942478709087966,12.196,2.815,1271.975,82.76601625848492,10.7975,54.82005020483695,12.569150406462123,1.778938975653722e+18,1.7789432618284956e+18
1778942479109357333,12.276,2.3325,604.95,82.7339896777115,10.7975,54.79006388270816,12.568349741942788,1.7789389913235287e+18,1.7789432577313203e+18
1778942479510049738,12.28,2.5825,207.75,82.7079723983239,11.270000000000001,54.77104350789887,12.567699309958098,1.7789390065091814e+18,1.7789432537679846e+18
1778942479910782994,11.944,9.7,634.0,82.70365565833544,11.270000000000001,54.85194143081499,12.567591391458386,1.7789390216755663e+18,1.7789432498183524e+18
1778942480311252401,11.888,10.4475,296.4,82.69702566682362,11.042499999999999,54.95100301695039,12.56742564167059,1.7789390368045778e+18,1.7789432458873006e+18
1778942480712169092,11.816,12.1975,904.525,82.69466937702724,11.042499999999999,55.04537662878394,12.567366734425681,1.7789390517783444e+18,1.7789432420031055e+18
1778942481113037924,11.728,13.83,1121.975,82.6955638952753,11.042499999999999,55.15284094528784,12.567389097381882,1.7789390666085184e+18,1.7789432381621015e+18
1778942481513638690,11.7,13.9975,147.175,82.69783090330677,11.042499999999999,55.284979997850876,12.56744577258267,1.7789390817046098e+18,1.7789432342625705e+18
1778942481914533423,11.668,14.78,449.125,82.70068358188347,11.094999999999999,55.404985500547745,12.567517089547087,1.778939096716155e+18,1.7789432303911542e+18
1778942482315019661,11.628,15.0975,1370.6,82.70654074945931,11.094999999999999,55.55855806001769,12.567663518736483,1.7789391117686113e+18,1.778943226516192e+18
1778942482715911825,11.64,15.415,905.925,82.70788371232506,11.217500000000001,55.66166475699389,12.567697092808126,1.7789391271267425e+18,1.7789432225731945e+18
1778942483116670687,11.628,15.4825,1126.25,82.71137387425071,11.217500000000001,55.77491393123635,12.567784346856268,1.7789391402407854e+18,1.7789432191908227e+18
1778942483517302036,11.588,15.6,160.225,82.71489149248012,11.2875,55.930915908942055,12.567872287312003,1.7789391530298179e+18,1.778943215894838e+18
1778942483918166227,11.58,16.0675,488.95,82.71935342226428,11.2875,56.06079878355486,12.567983835556607,1.7789391659882327e+18,1.7789432125630925e+18
1778942484318692456,11.628,15.25,1492.15,82.7245486409214,11.445,56.17720259937817,12.568113716023035,1.7789391786367142e+18,1.7789432093134723e+18
1778942484719754831,11.616,15.5475,1276.875,82.72908777950548,11.445,56.28467088770798,12.568227194487637,1.7789391911228142e+18,1.7789432061096305e+18
1778942485119896983,11.604,15.665,619.9,82.73317610447712,11.532499999999999,56.395211748676196,12.568329402611928,1.7789392035012378e+18,1.778943202938097e+18
1778942485520385809,11.588,15.3975,253.375,82.7340931837962,11.532499999999999,56.5340346630028,12.568352329594905,1.7789392156115016e+18,1.778943199838782e+18
1778942485921276951,12.184,2.715,773.225,82.68643165468099,11.62,56.48733362704336,12.567160791367025,1.7789392269712207e+18,1.7789431969388897e+18
1778942486321870253,12.256,2.5475,562.75,82.64817692237351,11.479999999999999,56.44652572857801,12.566204423059338,1.7789392383310182e+18,1.778943194052089e+18
1778942486722801496,12.272,2.615,78.975,82.61596522744746,11.479999999999999,56.41297142787594,12.565399130686187,1.7789392494844214e+18,1.7789431912277071e+18
1778942487123651159,12.052,8.6325,241.0,82.61164987220326,11.1475,56.42306134349724,12.565291246805081,1.7789392592523668e+18,1.778943188749045e+18
1778942487524291632,11.792,11.98,735.45,82.60728921895542,11.1475,56.504471267662346,12.565182230473885,1.7789392691157074e+18,1.778943186253121e+18
1778942487925134637,11.484,18.03,606.0,82.60855809184115,10.9725,56.593308014143844,12.565213952296029,1.7789392782730903e+18,1.7789431839348104e+18
1778942488325729640,11.168,25.3675,210.95,82.59608783848556,10.9725,56.50176138727271,12.564902195962139,1.778939286860953e+18,1.7789431817629138e+18
1778942488726506760,11.048,26.6825,643.75,82.5949161942119,11.2525,56.51790245226841,12.564872904855298,1.7789392953497121e+18,1.778943179620218e+18
1778942489127254152,12.24,2.165,326.15,82.55109592035055,11.2525,56.464116172894734,12.563777398008764,1.7789393036627968e+18,1.7789431775330173e+18
1778942489527874423,12.22,2.8975,995.325,82.51379522401848,11.585,56.428757138349326,12.562844880600462,1.7789393117072686e+18,1.7789431755225864e+18
1778942489928681750,12.26,2.3,1399.075,82.47241717818035,11.585,56.3792574136755,12.561810429454509,1.778939319805219e+18,1.7789431735109568e+18
1778942490329220763,12.26,2.5475,992.825,82.43190218750868,11.270000000000001,56.33259064620067,12.560797554687717,1.7789393265339963e+18,1.778943171844215e+18
1778942490730139424,12.272,2.3975,1391.45,82.39700551211847,11.270000000000001,56.29210932482949,12.559925137802962,1.7789393313307333e+18,1.7789431706575933e+18
1778942491130997911,12.3,2.18,969.55,82.35855191092305,10.92,56.24460007679378,12.558963797773076,1.7789393347378908e+18,1.7789431698189207e+18
1778942491531778307,12.32,1.9825,1320.425,82.32247080641898,10.92,56.196625999182096,12.558061770160474,1.7789393383577027e+18,1.778943168937808e+18
1778942491932566067,12.336,1.78,752.8,82.2828189439118,10.92,56.141727741837165,12.557070473597795,1.7789393418287086e+18,1.7789431681026803e+18
1778942492333136097,12.328,1.865,658.95,82.24970849104977,10.4825,56.09706898508948,12.556242712276244,1.7789393449416653e+18,1.778943167363022e+18
1778942492734155119,12.34,1.9325,372.55,82.21855519496174,10.4825,56.05591332475062,12.555463879874043,1.778939346796641e+18,1.7789431669365535e+18
1778942493135013072,12.344,1.5675,1136.925,82.18391482943993,9.9925,56.005814404109366,12.554597870735998,1.7789393485648722e+18,1.7789431665394486e+18
1778942493535649417,12.352,1.5325,192.8,82.14960473325597,9.9925,55.95661495362789,12.5537401183314,1.7789393495754135e+18,1.7789431663341046e+18
1778942493936285683,12.352,1.715,157.175,82.12092725938497,9.59,55.91658691660148,12.553023181484624,1.778939350440092e+18,1.778943166171061e+18
1778942494336899499,12.36,1.815,479.65,82.09485323785493,9.59,55.88079469176935,12.552371330946373,1.7789393508799652e+18,1.7789431661172692e+18
1778942494737945425,12.36,1.765,1463.775,82.06309384245507,9.24,55.83892232657521,12.551577346061377,1.7789393512133507e+18,1.778943166096562e+18
1778942495138525197,12.372,1.9675,1190.275,82.0447790005219,9.24,55.814607721311,12.551119475013047,1.7789393513835412e+18,1.7789431661201981e+18
1778942495538866625,12.368,1.68,355.625,82.01582075441898,9.24,55.775197393586396,12.550395518860475,1.778939351715677e+18,1.7789431661114245e+18
1778942495939091758,12.372,1.7,1085.275,81.9905456958849,8.8375,55.739751447375724,12.549763642397123,1.778939351796413e+18,1.7789431661694162e+18
1778942496339266317,12.388,1.765,35.175,81.97026627700197,8.8375,55.71164582356124,12.54925665692505,1.7789393518317696e+18,1.7789431662434637e+18
1778942496739526580,12.376,1.73,107.325,81.94702438928992,8.8375,55.679058203743196,12.548675609732248,1.7789393519478697e+18,1.7789431663036257e+18
1778942497139889588,12.38,1.75,327.525,81.92672148627345,8.2775,55.65113856412333,12.548168037156836,1.7789393518475553e+18,1.7789431664210268e+18
1778942497540200118,12.38,1.765,999.525,81.9033587312876,8.2775,55.618630026818984,12.54758396828219,1.7789393512337892e+18,1.7789431666676943e+18
1778942497940319922,12.392,2.15,1411.9,81.88797633306031,8.2775,55.598031802206236,12.547199408326508,1.7789393510704955e+18,1.7789431668098678e+18
1778942498340859833,12.38,1.73,1031.975,81.86644294418507,7.3675,55.56780829100434,12.546661073604627,1.7789393506802678e+18,1.7789431670118333e+18
1778942498740944256,12.384,2.1,1510.925,81.8485275763058,7.3675,55.544088204382355,12.546213189407645,1.7789393501756764e+18,1.7789431672457725e+18
1778942499141142724,12.392,1.68,1334.175,81.82670582701547,7.3675,55.51344901554902,12.545667645675387,1.778939349664575e+18,1.7789431674863808e+18
1778942499541497155,12.392,1.665,794.775,81.80521335003824,7.3675,55.48329057167786,12.545130333750956,1.7789393488701025e+18,1.7789431678001336e+18
1778942499941829902,12.388,1.665,787.05,81.78445346155733,6.125,55.45397496154909,12.544611336538933,1.7789393478426678e+18,1.77894316817469e+18
1778942500342181445,12.4,1.4975,763.475,81.76338989551702,6.125,55.42340338765034,12.544084747387926,1.778939346372154e+18,1.7789431686604867e+18
1778942500742517961,12.408,1.615,691.525,81.74309135896138,6.125,55.39506690923734,12.543577283974034,1.778939344840961e+18,1.7789431691654397e+18
1778942501143118821,12.108,8.65,471.95,81.73857370453831,6.125,55.365409968165736,12.543464342613458,1.7789393436882414e+18,1.778943169581363e+18
1778942501543609282,11.552,19.05,1440.275,81.72403630955692,5.3374999999999995,55.26283038158508,12.543100907738923,1.7789393427531684e+18,1.778943169948687e+18
1778942501944224135,11.532,18.7675,1118.55,81.7108650209012,5.3374999999999995,55.211928575252315,12.54277162552253,1.7789393422719713e+18,1.7789431702105777e+18
1778942502344795537,11.516,18.48,136.725,81.70244202407552,5.3374999999999995,55.20776658076801,12.542561050601888,1.7789393420267932e+18,1.7789431704185172e+18
1778942502745204397,11.68,15.0325,417.25,81.69290844668154,5.3374999999999995,55.225097432576376,12.542322711167039,1.7789393391249705e+18,1.7789431712657592e+18
1778942503145784500,11.512,18.3675,1273.325,81.68638386508093,5.7575,55.233768042164854,12.542159596627023,1.7789393344191854e+18,1.7789431725468908e+18
1778942503546196568,11.392,20.015,609.075,81.68250942914149,5.7575,55.28326075726575,12.542062735728537,1.7789393301126904e+18,1.778943173733575e+18
1778942503946930365,11.5,18.7975,220.325,81.67394625215259,5.7575,55.2742992881115,12.541848656303815,1.7789393253286958e+18,1.77894317503654e+18
1778942504347395647,11.464,18.565,672.375,81.66882249257135,5.7575,55.32312834356202,12.541720562314284,1.7789393207017347e+18,1.7789431763032883e+18
1778942504747821514,11.476,18.165,413.525,81.66994073125636,6.37,55.38804243115905,12.541748518281409,1.7789393154743112e+18,1.7789431777138665e+18
1778942505148374856,11.368,20.6825,1261.975,81.66695044099662,6.37,55.416799020737805,12.541673761024915,1.7789393105683218e+18,1.778943179048524e+18
1778942505548750021,11.36,19.3175,574.425,81.66405819456877,6.37,55.530672284279426,12.54160145486422,1.7789393053684572e+18,1.7789431804543214e+18
1778942505949224989,11.428,18.8825,114.6,81.65939654173663,6.947500000000001,55.59053126823381,12.541484913543416,1.7789393006144415e+18,1.7789431817548516e+18
1778942506349872562,11.248,22.68,349.725,81.6525849789349,6.947500000000001,55.62083711663902,12.541314624473372,1.778939296270203e+18,1.778943182959213e+18
1778942506750333921,11.248,22.285,1067.275,81.65266354639307,6.947500000000001,55.68319599141291,12.541316588659827,1.7789392922260682e+18,1.7789431840924508e+18
1778942507150975530,11.24,22.265,1618.65,81.65127711811195,7.9275,55.75035767865023,12.541281927952799,1.7789392877223493e+18,1.7789431853361034e+18
1778942507551313771,11.216,23.0175,24.525,81.64947007063944,7.9275,55.79563385709034,12.541236751765986,1.7789392832697032e+18,1.7789431865683768e+18
1778942507951664655,11.188,24.15,74.825,81.63846516555118,7.9275,55.7873368882643,12.54096162913878,1.7789392789942508e+18,1.7789431877608584e+18
1778942508352202265,11.932,8.815,228.325,81.6182132762237,8.89,55.80277596391539,12.540455331905592,1.7789392755408404e+18,1.7789431887615885e+18
1778942508752671399,11.764,11.665,696.775,81.60055674994744,8.89,55.842909487397215,12.540013918748686,1.7789392721936535e+18,1.7789431897407767e+18
1778942509153308895,11.312,21.715,487.975,81.59375793037356,9.3275,55.84921093645613,12.539843948259339,1.7789392674857016e+18,1.7789431910457887e+18
1778942509553517312,11.156,24.5,1489.175,81.58843451809318,9.3275,55.859295074759714,12.53971086295233,1.7789392630460616e+18,1.7789431922883261e+18
1778942509954035815,11.116,25.5,1267.8,81.57503664326043,9.3275,55.84079109334217,12.53937591608151,1.7789392596662065e+18,1.778943193281576e+18
1778942510354423483,12.192,2.215,592.2,81.51072909435968,9.94,55.760274672308995,12.537768227358992,1.7789392561901076e+18,1.7789431943098186e+18
1778942510754856244,12.228,2.265,168.85,81.45725286553301,9.94,55.6935179118312,12.536431321638325,1.7789392530334075e+18,1.778943195272252e+18
1778942511155534950,12.204,2.9825,515.275,81.40809389327742,10.43,55.63776053999779,12.535202347331936,1.77893925008643e+18,1.7789431961942203e+18
1778942511555952410,12.22,2.7975,1572.475,81.35774579592088,10.43,55.57900128233479,12.533943644898022,1.7789392468843587e+18,1.7789431971864097e+18
1778942511956523235,12.26,2.25,1522.0,81.31220373265336,10.325000000000001,55.52170424535629,12.532805093316334,1.7789392435775964e+18,1.7789431982121754e+18
1778942512356945946,12.268,2.3975,1367.975,81.26797101101424,10.325000000000001,55.46676783795541,12.531699275275356,1.778939240363242e+18,1.77894319922444e+18
1778942512757563694,12.272,2.3975,897.925,81.22376024706703,10.15,55.4118888430467,12.530594006176676,1.7789392370066952e+18,1.7789432002789071e+18
1778942513158250270,12.272,2.3475,1101.825,81.18221701521549,10.15,55.35976709763144,12.529555425380387,1.7789392342218565e+18,1.7789432012055951e+18
1778942513558648474,12.316,2.0825,85.7,81.14779979109272,10.15,55.315239902095826,12.528694994777318,1.7789392317389924e+18,1.7789432020673052e+18
1778942513959069056,12.292,2.215,261.525,81.1073705816181,9.9925,55.263702538285536,12.527684264540452,1.778939229365599e+18,1.7789432029108183e+18
1778942514359686925,12.284,2.4475,798.1,81.0702446259274,9.9925,55.217468382444146,12.526756115648185,1.7789392271771612e+18,1.7789432037176315e+18
1778942514759968723,12.272,3.165,797.2,81.03903880440875,9.799999999999999,55.18093496645375,12.525975970110219,1.7789392249417554e+18,1.7789432045416865e+18
1778942515160731239,12.312,2.165,794.45,81.00148379671907,9.799999999999999,55.13220393292135,12.525037094917977,1.7789392225075592e+18,1.7789432054201172e+18
1778942515561101663,12.192,4.7325,786.05,80.97373079658595,9.799999999999999,55.104995656613085,12.524343269914649,1.7789392195366505e+18,1.7789432064312392e+18
1778942515961432484,11.992,8.5825,760.425,80.95382606783339,9.520000000000001,55.09713891858023,12.523845651695835,1.7789392110236334e+18,1.7789432087692728e+18
1778942516362143951,11.9,10.3975,682.225,80.93836303338982,9.520000000000001,55.09680067996328,12.523459075834745,1.7789392018781978e+18,1.778943211259028e+18
1778942516762420368,12.252,2.8825,443.575,80.8989499130481,9.520000000000001,55.049256652611454,12.522473747826202,1.7789391925433915e+18,1.7789432138011876e+18
1778942517163232479,11.888,10.665,1353.675,80.87450381846118,9.520000000000001,55.0375396093684,12.52186259546153,1.7789391832711636e+18,1.7789432163336765e+18
1778942517563558236,11.78,2.915,854.275,80.73137161621368,9.5725,54.87508685150159,12.518284290405342,1.7789391727712978e+18,1.7789432191829028e+18
1778942517964082713,11.688,14.0675,968.625,80.71513531053284,9.5725,54.8862686691452,12.517878382763321,1.7789391618476288e+18,1.778943222135021e+18
1778942518364647462,11.86,10.7,1317.6,80.68715193443197,9.5725,54.87849016215727,12.5171787983608,1.7789391503927836e+18,1.7789432252175708e+18
1778942518765108783,11.508,17.3825,744.175,80.66964299552687,9.887500000000001,54.89456287197532,12.516741074888172,1.7789391385794888e+18,1.7789432283879524e+18
1778942519165928173,11.484,17.7975,632.625,80.65521702056763,9.887500000000001,54.914939613370784,12.51638042551419,1.7789391266301512e+18,1.7789432315933896e+18
1778942519566184337,11.384,19.915,292.2,80.64402034571465,10.2025,54.93092046273482,12.516100508642866,1.7789391135011715e+18,1.7789432350779845e+18
1778942519966812497,11.468,18.8325,891.7,80.62552956092375,10.2025,54.91597600980834,12.515638239023094,1.7789390997311652e+18,1.7789432387169068e+18
1778942520367380668,11.8,11.1825,1082.85,80.59950937458112,10.5525,54.9224582831839,12.514987734364528,1.7789390858569974e+18,1.7789432423858314e+18
1778942520767793783,12.164,3.8475,27.775,80.54464732686654,10.5525,54.85950804616469,12.513616183171663,1.7789390715233009e+18,1.7789432461740344e+18
1778942521168778163,12.28,1.65,84.75,80.49001407708573,10.780000000000001,54.783626024501956,12.512250351927143,1.7789390568956524e+18,1.7789432500427553e+18
1778942521569009529,12.252,2.5325,258.625,80.43268032593254,10.780000000000001,54.708761874331955,12.510817008148313,1.7789390421207916e+18,1.778943253958255e+18
1778942521969650376,12.24,2.75,789.25,80.38149718402067,10.780000000000001,54.64528457045145,12.509537429600517,1.7789390266784686e+18,1.7789432580413164e+18
1778942522370149467,12.256,2.8975,770.175,80.33941921001428,10.745,54.59263351748033,12.508485480250357,1.7789390105245786e+18,1.778943262300498e+18
1778942522770510900,12.288,2.1,711.975,80.29471340754704,10.745,54.53249966634714,12.507367835188676,1.7789389938856172e+18,1.778943266683365e+18
1778942523171180651,12.216,3.565,534.375,80.25434995084069,10.762500000000001,54.48436208433613,12.506358748771017,1.7789389770483402e+18,1.778943271121918e+18
1778942523771666229,12.312,2.18,1630.775,80.21036619221988,10.762500000000001,54.42631561345034,12.505259154805497,1.778938959115628e+18,1.7789432758287741e+18
1778942524171896040,12.28,2.68,61.525,80.1722401176228,10.71,54.376684821077546,12.50430600294057,1.7789389409945695e+18,1.7789432805887555e+18
1778942524572197447,12.304,2.3325,187.75,80.13398087894039,10.71,54.32540613514567,12.50334952197351,1.7789389228246705e+18,1.778943285369305e+18
1778942524972559447,12.236,3.4825,572.95,80.08867990735013,10.64,54.26783868547116,12.502216997683753,1.778938904453529e+18,1.7789432902077612e+18
1778942525372934041,11.328,22.0175,110.1,80.06825810820501,10.64,54.221470496678094,12.501706452705125,1.7789388859105894e+18,1.7789432950919606e+18
1778942525773357466,11.024,29.1325,335.975,80.0220115775219,10.9025,54.042925623005566,12.500550289438047,1.7789388666168576e+18,1.7789433001633341e+18
1778942526173817108,10.904,30.4325,1025.3,79.98784694016703,10.9025,53.94484975230707,12.49975693880334,1.7789388470527496e+18,1.7789433053067914e+18
1778942526574157931,10.908,30.8675,1490.55,79.93447318865964,11.585,53.80637470993518,12.498689463773193,1.778938826894049e+18,1.778943310602699e+18
1778942526974458016,10.852,31.95,1271.975,79.88367783291866,11.585,53.67180379946958,12.497673556658373,1.7789388062194056e+18,1.7789433160322596e+18
1778942527374916149,10.844,31.55,604.95,79.8448671283417,12.285,53.58927084507646,12.496897342566834,1.7789387846291167e+18,1.7789433216867446e+18
1778942527775078325,10.828,31.7825,207.75,79.8066617945824,12.285,53.51449801034822,12.496133235891648,1.7789387627850596e+18,1.778943327411007e+18
1778942528175755896,10.88,30.8325,634.0,79.7685372133736,12.8975,53.4427408562421,12.495370744267472,1.7789387404366948e+18,1.778943333263951e+18
1778942528576094474,10.864,31.135,296.4,79.73109073824115,13.457500000000001,53.374107464417875,12.494621814764823,1.7789387177890985e+18,1.778943339197499e+18
1778942528976250520,10.86,30.63,904.525,79.70521221265712,13.457500000000001,53.34848469710189,12.494104244253142,1.7789386944197696e+18,1.778943345308304e+18
1778942529376409597,12.02,5.165,1121.975,79.62592391983982,13.895000000000001,53.29168454602415,12.492518478396796,1.7789386701091054e+18,1.7789433516603753e+18
1778942529776931204,12.208,1.8325,147.175,79.5373470719259,14.0175,53.2049773277099,12.490746941438518,1.7789386451193702e+18,1.7789433581947438e+18
1778942530177221976,12.188,2.9475,449.125,79.46486514564042,14.0175,53.13889173394002,12.489297302912808,1.7789386191576143e+18,1.7789433649768748e+18
1778942530577518277,12.212,2.815,1370.6,79.3947332051011,13.737499999999999,53.074013778576926,12.487894664102022,1.7789385927538342e+18,1.7789433718822195e+18
1778942530978088108,12.252,1.8825,905.925,79.31895233576311,13.737499999999999,52.99956749880492,12.486379046715262,1.7789385632462083e+18,1.7789433795377083e+18
1778942531378726962,12.224,2.735,1126.25,79.25239322542589,13.4925,52.93747443760554,12.485047864508518,1.7789385309914284e+18,1.778943387858345e+18
1778942531779601859,12.22,3.185,160.225,79.18966953631578,13.4925,52.88019504906141,12.483793390726316,1.778938496777544e+18,1.7789433966589604e+18
1778942532180354558,12.216,3.215,488.95,79.12714070047039,13.2125,52.8227266642099,12.482542814009408,1.7789384622018954e+18,1.778943405564784e+18
1778942532580694629,12.228,2.8475,1492.15,79.0593885147863,12.985,52.759290061206315,12.481187770295726,1.7789384257553434e+18,1.7789434149324086e+18
1778942532981477069,12.22,3.215,1276.875,78.99595158694909,12.985,52.700642702313466,12.479919031738982,1.7789383880691105e+18,1.778943424613145e+18
1778942533382020971,12.224,3.265,619.9,78.93875646652921,12.81,52.64785057574863,12.478775129330584,1.7789383480410875e+18,1.7789434348654927e+18
1778942533782404730,12.304,1.9475,253.375,78.87891565800464,12.81,52.58877667504602,12.477578313160093,1.7789383064955297e+18,1.7789434454970941e+18
1778942534183134136,12.304,2.25,773.225,78.82804667810738,12.635,52.53912623738672,12.476560933562148,1.7789382631533704e+18,1.778943456572217e+18
1778942534583491818,12.288,2.3975,721.275,78.77482188216086,12.635,52.4869530971046,12.475496437643217,1.778938217039163e+18,1.7789434683221522e+18
1778942534984344280,12.188,4.7125,562.75,78.72925290110554,12.4425,52.44495916516746,12.474585058022111,1.7789381700876703e+18,1.7789434802901583e+18
1778942535384978919,12.232,3.55,78.975,78.66984658841353,12.4425,52.38876852385562,12.47339693176827,1.778938119184969e+18,1.7789434932146888e+18
1778942535785555268,12.184,4.7975,241.0,78.62498800134549,12.3375,52.3476567979471,12.47249976002691,1.7789380669014444e+18,1.7789435064873224e+18
1778942536186160014,12.132,5.6675,735.45,78.57900254736673,12.3375,52.30709849009848,12.471580050947335,1.7789380127192374e+18,1.7789435202314e+18
1778942536586460258,12.096,6.35,606.0,78.5306451955612,12.3025,52.26494890389519,12.470612903911224,1.7789379565869847e+18,1.77894353446073e+18
1778942536987255462,12.308,1.615,210.95,78.45779173453444,12.3025,52.19165556551621,12.469155834690689,1.7789378980712056e+18,1.778943549285625e+18
1778942537388045099,12.304,2.23,643.75,78.39774274527339,12.1975,52.13378600304229,12.467954854905468,1.7789378370523041e+18,1.778943564732294e+18
1778942537788590806,12.336,1.765,326.15,78.3478110670271,12.1975,52.08347953486922,12.466956221340542,1.7789377721915497e+18,1.7789435811159035e+18
1778942538189452183,12.344,1.8325,995.325,78.30473273906435,12.0575,52.04004267553074,12.466094654781287,1.778937705223052e+18,1.7789435980262387e+18
1778942538589793125,12.344,1.4625,1399.075,78.25114303216411,12.0575,51.98580492421997,12.465022860643282,1.778937635140971e+18,1.7789436157057175e+18
1778942538990767373,12.344,1.4825,992.825,78.200544461905,11.9,51.93434870430271,12.4640108892381,1.7789375632630367e+18,1.7789436338432422e+18
1778942539391204907,12.352,1.6325,1391.45,78.15753917902182,11.9,51.89061570345967,12.463150783580437,1.778937488817456e+18,1.7789436526206764e+18
1778942539791920228,12.36,1.73,969.55,78.11201570555033,11.655000000000001,51.84540015083267,12.462240314111007,1.7789374111866194e+18,1.7789436721867837e+18
1778942540192779245,12.364,1.8,1320.425,78.0672200036012,11.655000000000001,51.80108597257936,12.461344400072024,1.778937331237908e+18,1.7789436923373358e+18
1778942540593131576,12.328,2.18,752.8,78.01897156115177,11.3225,51.75271122630702,12.460379431223036,1.7789372481993684e+18,1.7789437132583345e+18
1778942540993946050,12.336,2.15,658.95,77.96569768798892,11.3225,51.7014618049252,12.459313953759779,1.7789371614515684e+18,1.778943735100497e+18
1778942541394378342,12.316,2.5175,372.55,77.92465480519911,10.92,51.66035804127002,12.458493096103982,1.7789370675956204e+18,1.778943758669858e+18
1778942541794734157,12.348,1.9825,1136.925,77.88389976226338,10.92,51.61885410313856,12.457677995245268,1.778936968141024e+18,1.7789437836112673e+18
1778942542195341008,12.272,3.6825,192.8,77.8272020779288,10.5175,51.562402693736566,12.456544041558576,1.7789368631093212e+18,1.7789438099282895e+18
1778942542595590177,12.316,2.4825,588.375,77.77407795211096,10.5175,51.51092546733395,12.45548155904222,1.7789367542139428e+18,1.7789438372153436e+18
1778942542996226718,11.996,9.235,157.175,77.7205280298393,10.5175,51.452918772854154,12.454410560596786,1.7789366407756198e+18,1.778943865637186e+18
1778942543396725820,11.464,20.1975,479.65,77.6641122360041,10.237499999999999,51.36801442838231,12.453282244720082,1.7789365216550817e+18,1.778943895469639e+18
1778942543797310373,11.56,17.8975,1463.775,77.61019089982214,10.237499999999999,51.30044376558286,12.452203817996443,1.7789363947270377e+18,1.7789439272227034e+18
1778942544198047054,11.476,19.35,1190.275,77.54895602413906,10.2025,51.229880572930654,12.450979120482781,1.7789362610745062e+18,1.778943960645376e+18
1778942544598314464,11.128,27.2175,355.625,77.47971819409881,10.2025,51.10614388232593,12.449594363881976,1.778936119996059e+18,1.7789439959134433e+18
1778942544999013320,11.084,26.7325,1085.275,77.42393501997961,10.57,51.0498442507407,12.448478700399592,1.778935970237228e+18,1.7789440333270042e+18
1778942545399582990,11.06,27.6675,35.175,77.35927224275008,10.57,50.96783757866941,12.447185444855002,1.7789358120347576e+18,1.7789440728390935e+18
1778942545800213543,12.192,3.2825,107.325,77.27379739670683,11.06,50.886578733789925,12.445475947934137,1.7789356434176545e+18,1.778944114936633e+18
1778942546201015655,12.216,2.9675,327.525,77.18916376693167,11.06,50.80577708258932,12.443783275338633,1.7789354555305324e+18,1.7789441617494285e+18
1778942546601211806,12.148,4.6325,999.525,77.10954955979821,10.99,50.73193346675875,12.442190991195965,1.77893525420535e+18,1.7789442118906808e+18
1778942547001981395,11.968,7.9825,1411.9,77.03280054624219,10.99,50.66721481544192,12.440656010924844,1.7789350356196006e+18,1.7789442662872044e+18
1778942547402412988,11.964,8.365,1031.975,76.95757277366245,10.7275,50.602048172676774,12.43915145547325,1.7789348015702508e+18,1.7789443245199808e+18
1778942547803007306,11.928,9.0325,1510.925,76.88803971379912,10.7275,50.54404889221944,12.437760794275983,1.7789345501149184e+18,1.7789443870657782e+18
1778942548203461301,11.908,9.4325,1334.175,76.81648905141527,10.7275,50.483416191549686,12.436329781028306,1.778934281502917e+18,1.778944453879552e+18
1778942548604014310,11.888,9.365,794.775,76.7449543525392,10.674999999999999,50.42675800452862,12.434899087050784,1.7789339972588278e+18,1.7789445246083697e+18
1778942549004589656,11.908,9.3975,787.05,76.6745342465188,10.674999999999999,50.36986891106096,12.433490684930376,1.7789336916758917e+18,1.7789446006409306e+18
1778942549405022207,11.88,9.68,763.475,76.60359736670107,10.71,50.312386467400074,12.432071947334022,1.7789333653027482e+18,1.7789446818629914e+18
1778942549805505504,12.22,3.185,691.525,76.52449907741979,10.71,50.23624504133633,12.430489981548396,1.7789330082231135e+18,1.778944770692205e+18
1778942550206297763,12.08,6.0825,471.95,76.45917598043815,10.745,50.189000300860016,12.429183519608763,1.778932620699602e+18,1.778944867082878e+18
1778942550606314989,12.236,3.1,1440.275,76.44190987295048,10.745,50.23397407808612,12.42883819745901,1.7789322034509253e+18,1.7789449708564595e+18
1778942551007032974,12.212,3.8675,1118.55,76.39392951314363,10.6225,50.186830397292,12.427878590262873,1.7789317502044854e+18,1.7789450835744143e+18
1778942551407055876,11.852,11.0,136.725,76.34019551937126,10.6225,50.138242481554734,12.426803910387425,1.778931254937236e+18,1.7789452067302636e+18
1778942551807652149,12.264,2.7,417.25,76.2773253007282,10.5525,50.075668124897355,12.425546506014564,1.7789307157405594e+18,1.7789453408286031e+18
1778942552207958196,11.908,9.765,1273.325,76.21531192134175,10.5525,50.019071711923544,12.424306238426835,1.778930119517238e+18,1.7789454890885783e+18
1778942552608207613,11.868,10.58,609.075,76.15804106055278,10.6225,49.966967458712205,12.423160821211056,1.7789294588779292e+18,1.7789456533521e+18
1778942553008990432,11.696,13.8,220.325,76.09468560888999,10.6225,49.91460099878257,12.4218937121778,1.7789287212009167e+18,1.7789458367519432e+18
1778942553409193926,11.576,16.315,672.375,76.03163393936407,10.815,49.86339173566583,12.420632678787282,1.7789278914605363e+18,1.7789460430164644e+18
1778942553809522516,11.644,15.0825,413.525,75.97453072366261,10.815,49.81799784587479,12.419490614473252,1.7789269653004805e+18,1.7789462732829286e+18
1778942554210008221,11.556,16.2,1261.975,75.92546762707934,11.200000000000001,49.800921250368226,12.418509352541587,1.7789259107129859e+18,1.778946535444919e+18
1778942554610159974,11.252,23.1,574.425,75.88965057277264,11.200000000000001,49.794094194241474,12.417793011455453,1.7789246699003384e+18,1.778946843729838e+18
1778942555010644871,12.276,1.865,114.6,75.83927851799181,11.62,49.77627500480408,12.416785570359837,1.7789232383965793e+18,1.7789471994039053e+18
1778942555411059459,12.292,1.715,349.725,75.81012209584266,11.62,49.79449310235145,12.416202441916854,1.7789215730663165e+18,1.7789476131753175e+18
1778942555811415045,12.304,1.5175,1067.275,75.78913438913109,11.6025,49.81824559007942,12.415782687782622,1.778919573018786e+18,1.77894810997906e+18
1778942556212094674,12.312,1.865,1618.65,75.78257916781581,11.6025,49.85104737567689,12.415651583356317,1.7789171752419528e+18,1.7789487055456494e+18
1778942556612234998,12.32,1.5825,24.525,75.74491582774901,11.6025,49.81370950010828,12.41489831655498,1.7789142251806674e+18,1.7789494382514952e+18
1778942557013026945,12.332,1.5675,74.825,75.70690301828868,11.549999999999999,49.77624278199279,12.414138060365774,1.7789105117493176e+18,1.7789503605224532e+18
1778942557413444391,12.336,1.65,228.325,75.67230586404187,11.549999999999999,49.74245812924904,12.413446117280838,1.7789056856464292e+18,1.778951559074432e+18
1778942557814158029,12.336,1.8,696.775,75.63492163059307,11.62,49.705347304166565,12.412698432611862,1.7788991647748485e+18,1.7789531784618263e+18
1778942558214685263,12.348,1.8325,487.975,75.60428637084141,11.62,49.676439279398714,12.412085727416828,1.7788898298851884e+18,1.7789554965393275e+18
1778942558614994348,12.344,1.5825,1489.175,75.56809451208456,11.62,49.64260495078665,12.411361890241691,1.7788753974045107e+18,1.7789590803564585e+18
1778942559015727964,12.352,1.5975,1267.8,75.53489995000939,11.62,49.61882561626668,12.410697999000188,1.7788492023535823e+18,1.7789655841140017e+18
1778942559416310962,12.34,1.7,592.2,75.5021677074307,11.655000000000001,49.59273623903138,12.410043354148614,1.7787891748379295e+18,1.7789804873520425e+18
1778942559816605360,12.344,1.68,168.85,75.47431578754127,11.655000000000001,49.57460929714963,12.409486315750826,1.778516184277548e+18,1.7790482630637793e+18
1778942560217043602,12.352,1.68,515.275,75.48778802330132,11.69,49.636344892352795,12.409755760466027,1.7794907129192832e+18,1.7788063182738066e+18
1778942560617187811,12.356,1.75,1572.475,75.50861968130339,11.69,49.71867318129591,12.410172393626068,1.7791088900769313e+18,1.7789011140159178e+18
1778942561017944200,12.372,1.65,1522.0,75.5305888625495,11.637500000000001,49.788407650600334,12.41061177725099,1.779040659541924e+18,1.7789180542349294e+18
1778942561418219830,12.364,1.615,1367.975,75.55703662374596,11.637500000000001,49.8674710019438,12.41114073247492,1.7790122927108093e+18,1.7789250973817505e+18
1778942561818452759,12.22,4.65,897.925,75.58079106429237,11.515,49.930327559326294,12.411615821285848,1.7789967796807104e+18,1.7789289492380956e+18
1778942562218621042,12.268,3.08,1101.825,75.58537051064435,11.515,49.93420771990259,12.411707410212887,1.778986917915094e+18,1.7789313980911314e+18
1778942562619141752,12.268,3.3325,85.7,75.582201559547,11.4275,49.930396775634485,12.41164403119094,1.7789801325058888e+18,1.7789330831110433e+18
1778942563019674950,12.144,6.065,261.525,75.57604668233866,11.4275,49.919674394381886,12.411520933646774,1.778975218748086e+18,1.7789343033286984e+18
1778942563420070548,12.212,4.55,798.1,75.57156533405474,11.3575,49.914125496704855,12.411431306681095,1.7789713625981734e+18,1.7789352612103772e+18
1778942563820248716,11.972,9.215,797.2,75.55883287518218,11.3575,49.897361183832565,12.411176657503644,1.7789683448636022e+18,1.7789360108566853e+18
1778942564220463778,12.256,3.2975,794.45,75.54506517196762,11.200000000000001,49.88829265630581,12.410901303439353,1.778965920371963e+18,1.7789366131550085e+18
1778942564620924149,12.292,2.7825,786.05,75.54829840423922,11.200000000000001,49.90724555325829,12.410965968084785,1.7789639322712625e+18,1.7789371070789865e+18
1778942565021264948,11.808,12.1975,760.425,75.54739767654138,10.9725,49.927335202706146,12.410947953530828,1.7789622615703885e+18,1.7789375222115968e+18
1778942565421590984,11.712,13.33,682.225,75.54377192420728,10.9725,49.94833601692224,12.410875438484146,1.7789608161243087e+18,1.7789378815064622e+18
1778942565821829387,11.568,16.7975,443.575,75.5434098951815,10.9725,49.956115062032005,12.41086819790363,1.778959579637043e+18,1.7789381888897096e+18
1778942566222394150,11.272,23.1,1353.675,75.54366604459464,10.9725,49.961085423207635,12.410873320891893,1.7789585009472788e+18,1.7789384571092042e+18
1778942566622739908,11.308,22.0175,854.275,75.54601048018243,11.305,49.97729951640688,12.410920209603649,1.7789575560502444e+18,1.7789386921041533e+18
1778942567023247957,11.344,21.335,968.625,75.54827333346105,11.305,49.993669880448415,12.410965466669222,1.7789567253308367e+18,1.7789388987271913e+18
1778942567423892120,11.232,23.9825,1317.6,75.54748111039098,11.9525,49.99410559931956,12.41094962220782,1.7789559837126687e+18,1.7789390832346035e+18
1778942567824344017,11.276,22.335,744.175,75.55035744723924,11.9525,50.01370066951811,12.411007148944785,1.7789553348550712e+18,1.7789392446263178e+18
1778942568225185559,11.432,18.8475,632.625,75.56662524066003,12.4775,50.04815899166692,12.4113325048132,1.7789547515020155e+18,1.7789393897571986e+18
1778942568625495499,11.304,21.5825,292.2,75.57542061510291,12.4775,50.07245593112099,12.411508412302059,1.7789542142221888e+18,1.7789395235057188e+18
1778942569026245094,11.392,19.485,891.7,75.5787021336741,12.915,50.0981368817066,12.411574042673482,1.7789537220156746e+18,1.7789396460830656e+18
1778942569426828827,11.28,22.265,1082.85,75.58327039096878,12.915,50.11192298204396,12.411665407819376,1.7789532713438044e+18,1.7789397583539077e+18
1778942569827393451,11.316,21.4325,27.775,75.5859162017961,13.37,50.126603297463895,12.411718324035922,1.7789528654945797e+18,1.778939859443492e+18
1778942570227889787,11.348,21.0475,84.75,75.57987838505049,13.755,50.1256472784935,12.41159756770101,1.7789524890792906e+18,1.7789399532386004e+18
1778942570628125621,11.388,19.415,258.625,75.57783755655541,13.755,50.1483411242342,12.411556751131108,1.7789521406903887e+18,1.7789400400773888e+18
1778942571028344024,11.372,19.45,789.25,75.56787233026317,14.1225,50.16999488192127,12.411357446605264,1.7789518088631137e+18,1.778940122865751e+18
1778942571428781766,11.468,16.7,770.175,75.5592332644894,14.1225,50.20446129571352,12.411184665289788,1.7789515008982643e+18,1.7789401997209116e+18
1778942571829201352,11.4,18.8325,711.975,75.54884665136603,14.489999999999998,50.2245256077003,12.410976933027321,1.778951210474457e+18,1.778940272243581e+18
1778942572229642336,11.464,17.4825,534.375,75.53471684251782,14.84,50.2393292116176,12.410694336850357,1.778950935078672e+18,1.77894034106274e+18
1778942572629989047,11.444,17.98,1630.775,75.51635913852826,14.84,50.24840104265467,12.410327182770565,1.7789506758162852e+18,1.7789404058802314e+18
1778942573030602417,11.452,17.7325,61.525,75.50090974444342,15.155000000000001,50.26107188750091,12.410018194888869,1.778950431410457e+18,1.7789404670133243e+18
1778942573430992146,11.472,17.6,187.75,75.4812915067025,15.435,50.26311426533524,12.40962583013405,1.7789501976772288e+18,1.778940525525683e+18
1778942573831539880,11.38,19.2825,572.95,75.46311724567101,15.435,50.271870809636475,12.40926234491342,1.7789499790033702e+18,1.7789405802788093e+18
1778942574232310354,11.38,19.515,110.1,75.44484631124125,15.662499999999998,50.27514656833007,12.408896926224825,1.778949773752561e+18,1.7789406316830467e+18
1778942574632722817,11.412,18.865,335.975,75.41900741536986,15.8725,50.27025771425322,12.408380148307398,1.7789495797363407e+18,1.7789406802898017e+18
1778942575033517262,11.432,18.4,1025.3,75.39591898400779,15.8725,50.268329408509594,12.407918379680156,1.7789493926090179e+18,1.7789407272155973e+18
1778942575434057133,11.42,18.965,1490.55,75.36979132622035,16.0825,50.25653842496762,12.407395826524407,1.7789492142967593e+18,1.7789407719552154e+18
1778942575834739388,11.452,17.665,1271.975,75.34283972214082,16.24,50.256270013005825,12.406856794442817,1.7789490437099e+18,1.778940814784018e+18
1778942576235455384,12.16,2.9175,604.95,75.2772360467695,16.24,50.19209903451273,12.40554472093539,1.7789488804428626e+18,1.778940855785892e+18
1778942576635912469,12.148,3.7,207.75,75.2227121682739,16.24,50.14141635363145,12.404454243365478,1.7789487239176755e+18,1.7789408951109222e+18
1778942577036811780,12.212,2.8825,634.0,75.17650731067613,15.995000000000001,50.09740892293238,12.403530146213523,1.7789485744057354e+18,1.7789409326873167e+18
1778942577437274573,12.156,3.8325,296.4,75.15867102249115,15.802499999999998,50.11444935738891,12.403173420449823,1.778948432239838e+18,1.778940968434046e+18
1778942577837954705,12.116,4.565,904.525,75.1346996659093,15.802499999999998,50.10523849141172,12.402693993318186,1.7789482965123564e+18,1.7789410025793464e+18
1778942578238820547,12.072,5.45,1121.975,75.1349557619685,15.575000000000001,50.16094358965721,12.40269911523937,1.7789481678001352e+18,1.7789410349761418e+18
1778942578639154701,12.072,5.7325,147.175,75.13118418165723,15.435,50.186220821374036,12.402623683633145,1.7789480452295977e+18,1.7789410658449377e+18
1778942579040195921,12.048,6.35,449.125,75.14534579025032,15.435,50.2033452638122,12.402906915805007,1.7789479277394616e+18,1.7789410954639744e+18
1778942579440833574,12.06,6.015,1370.6,75.13714531617559,15.4525,50.19926632602325,12.402742906323512,1.7789478151490527e+18,1.778941123868155e+18
1778942579841443764,12.036,6.4825,905.925,75.12287953902987,15.400000000000002,50.18973871680906,12.402457590780598,1.778947707594044e+18,1.7789411510156877e+18
1778942580242040609,12.068,6.35,1126.25,75.11272998256607,15.400000000000002,50.18700846795907,12.402254599651322,1.778947604648412e+18,1.7789411770154624e+18
1778942580642359249,12.068,6.0825,160.225,75.10248678929932,15.382499999999999,50.18198264555534,12.402049735785987,1.778947506086619e+18,1.7789412019227418e+18
1778942581043302307,12.06,6.38,488.95,75.092772534631,15.364999999999998,50.1817182647665,12.40185545069262,1.7789474118002924e+18,1.7789412257624369e+18
1778942581443934547,12.056,6.365,1492.15,75.08342429476622,15.364999999999998,50.18166224850437,12.401668485895325,1.7789473209400259e+18,1.778941248754612e+18
1778942581844573131,12.044,6.465,1276.875,75.0741073313848,15.382499999999999,50.17640844639364,12.401482146627696,1.7789472338272714e+18,1.778941270811594e+18
1778942582245522428,12.072,5.915,619.9,75.06403591979085,15.3475,50.17241174776237,12.401280718395817,1.778947150166642e+18,1.7789412920078702e+18
1778942582645667290,12.06,6.0825,253.375,75.05468778598683,15.3475,50.161298212693154,12.401093755719737,1.7789470697046694e+18,1.7789413124076408e+18
1778942583046675490,12.016,7.25,773.225,75.04857664001365,15.3125,50.16256847454336,12.400971532800273,1.778946992811484e+18,1.7789413319111798e+18
1778942583447226773,12.02,6.9825,721.275,75.04037009835417,15.3125,50.15975280017791,12.400807401967084,1.7789469180919803e+18,1.7789413508841357e+18
1778942583848014563,12.02,7.25,562.75,75.0374368878294,15.2075,50.14792816502607,12.400748737756588,1.778946845727291e+18,1.7789413692780357e+18
1778942584248912154,11.896,9.75,78.975,75.03493524890743,15.2075,50.14294454642762,12.400698704978149,1.778946775856354e+18,1.7789413870540076e+18
1778942584649146581,11.912,9.4975,241.0,75.03291823835738,15.120000000000001,50.140536963699695,12.400658364767148,1.7789467084652493e+18,1.7789414042136328e+18
1778942585050088728,11.932,8.765,735.45,75.02690512495178,15.102500000000001,50.137972653826054,12.400538102499036,1.7789466434251845e+18,1.7789414207878787e+18
1778942585450617961,11.848,9.9175,606.0,75.01714657854662,15.102500000000001,50.135987056481184,12.400342931570933,1.778946580647205e+18,1.7789414367973996e+18
1778942585851223538,11.916,8.73,210.95,75.00915348106415,14.962500000000002,50.12148363664973,12.400183069621283,1.7789465198624614e+18,1.778941452312353e+18
1778942586251838123,11.884,9.615,643.75,75.0317082500966,14.962500000000002,50.1502191042795,12.400634165001932,1.778946460751195e+18,1.7789414674239716e+18
1778942586652194794,11.728,13.465,326.15,75.0382141351313,14.944999999999999,50.155780127956405,12.400764282702626,1.7789464036871724e+18,1.778941482026643e+18
1778942587253064878,11.74,12.6975,995.325,75.03452649304512,14.91,50.15912688955679,12.400690529860903,1.7789463486232453e+18,1.7789414961289825e+18
1778942587653547412,11.708,13.0,1399.075,75.01153329188055,14.91,50.16335835778172,12.400230665837611,1.7789462943979958e+18,1.7789415100350758e+18
1778942588054436168,11.696,13.35,992.825,75.00902461896821,14.98,50.16961139116615,12.400180492379365,1.7789462418919112e+18,1.7789415235132682e+18
1778942588455304051,11.732,12.2975,1391.45,75.00231613267117,15.084999999999999,50.17218751598563,12.400046322653424,1.7789461908676506e+18,1.7789415366247037e+18
1778942588856079662,11.728,12.7475,969.55,75.00704008522874,15.084999999999999,50.21359162622425,12.400140801704575,1.7789461414540134e+18,1.7789415493361388e+18
1778942589256970966,11.764,12.1,1320.425,75.00035436394148,15.2075,50.206192740412654,12.40000708727883,1.7789460936207593e+18,1.7789415616515976e+18
1778942589657903083,11.732,12.515,752.8,75.01543985665818,15.2775,50.23353050997586,12.400308797133164,1.7789460476684526e+18,1.7789415734937262e+18
1778942590058547295,11.764,12.5,658.95,75.02724093583018,15.3475,50.2474597217394,12.400544818716604,1.778946003284212e+18,1.7789415849442744e+18
1778942590459470824,11.74,12.35,372.55,75.03195462427827,15.3475,50.26385520063505,12.400639092485566,1.7789459604487747e+18,1.778941596005932e+18
1778942590860341543,11.752,12.415,1136.925,75.03375706873898,15.3475,50.27275627154534,12.40067514137478,1.7789459180131758e+18,1.7789416069863084e+18
1778942591261212055,11.724,12.3825,192.8,75.03022972662015,15.242500000000001,50.28471980257347,12.400604594532403,1.7789458772304164e+18,1.7789416175451333e+18
1778942591662087485,11.768,11.95,588.375,75.02236345738194,15.242500000000001,50.285301866253285,12.400447269147639,1.7789458370724636e+18,1.7789416279582339e+18
1778942592062850339,11.724,13.015,157.175,75.01222465929106,15.2075,50.281347294121396,12.400244493185822,1.7789457971789568e+18,1.77894163832219e+18
1778942592463478322,11.72,12.6975,479.65,74.99693849310694,15.2075,50.27744774531002,12.399938769862139,1.7789457587338301e+18,1.778941648314682e+18
1778942592864326312,11.712,12.55,1463.775,74.9810263948591,15.155000000000001,50.27712688368596,12.399620527897182,1.7789457212649329e+18,1.7789416580625846e+18
1778942593265211068,11.68,13.6175,1190.275,74.96226215488466,15.120000000000001,50.26834716636283,12.399245243097694,1.7789456841319982e+18,1.778941667738531e+18
1778942593665964127,11.696,13.38,355.625,74.94915895934797,15.120000000000001,50.26370955192105,12.39898317918696,1.7789456476473295e+18,1.7789416772584778e+18
1778942594066873425,11.668,13.515,1085.275,74.93123261617703,15.049999999999999,50.26047948659402,12.39862465232354,1.7789456120915704e+18,1.7789416865450954e+18
1778942594467767026,11.676,13.5975,35.175,74.91055401474442,14.962500000000002,50.25048550427836,12.398211080294889,1.778945577141304e+18,1.778941695684717e+18
1778942594868544579,11.704,13.05,107.325,74.88356838800057,14.962500000000002,50.23290597031492,12.397671367760012,1.7789455428999122e+18,1.778941704647465e+18
1778942595269480688,11.66,13.7325,327.525,74.8570682972936,14.8925,50.219365038804284,12.397141365945872,1.7789455093781325e+18,1.778941713430023e+18
1778942595670413598,11.632,14.2325,999.525,74.82139325153376,14.9975,50.19762365388386,12.396427865030676,1.7789454762833073e+18,1.778941722110198e+18
1778942596271513788,12.232,1.5975,1411.9,74.75965083542198,14.9975,50.13014628719485,12.39519301670844,1.7789454438777626e+18,1.7789417306117307e+18
1778942596672493459,12.26,1.9325,1031.975,74.71588879583892,14.927499999999998,50.08273004252449,12.394317775916779,1.7789454120676273e+18,1.778941738962797e+18
1778942597073275684,12.268,1.85,1510.925,74.66541021746282,14.665000000000001,50.02803725727973,12.393308204349257,1.7789453808978033e+18,1.7789417471495447e+18
1778942597474141764,12.208,3.015,1334.175,74.62122064484804,14.665000000000001,49.981139667707644,12.392424412896961,1.778945350453384e+18,1.778941755149441e+18
1778942597875076279,12.296,1.8825,794.775,74.5873486025407,14.349999999999998,49.94434536847831,12.391746972050814,1.778945320666555e+18,1.7789417629825644e+18
1778942598276005944,12.292,1.8325,787.05,74.55034268676562,14.349999999999998,49.90418479863959,12.391006853735313,1.7789452914625316e+18,1.7789417706685128e+18
1778942598676991412,12.184,3.9175,763.475,74.49977255274014,14.035,49.85099955479219,12.389995451054803,1.7789452626780403e+18,1.7789417782495347e+18
1778942599077796629,12.244,3.08,691.525,74.46926607613058,13.79,49.81750862405882,12.389385321522612,1.7789452344798374e+18,1.7789417856829704e+18
1778942599478595829,12.24,3.08,471.95,74.42827739883117,13.79,49.77367438738773,12.388565547976624,1.778945206859011e+18,1.7789417929690565e+18
1778942599879156684,12.244,2.9825,1440.275,74.391355329261,13.405000000000001,49.73318537721933,12.38782710658522,1.7789451797540495e+18,1.7789418001251482e+18
1778942600279845081,12.272,2.7825,1118.55,74.36207729642837,13.405000000000001,49.70048363492226,12.387241545928568,1.7789451530197796e+18,1.7789418071924168e+18
1778942600680539546,12.264,2.8625,136.725,74.33280842401615,13.055,49.667839901136766,12.386656168480323,1.7789451267402296e+18,1.7789418141473216e+18
1778942601081510116,12.264,2.8475,417.25,74.3011055791901,13.055,49.63214280143944,12.386022111583802,1.778945100934277e+18,1.7789418209844137e+18
1778942601482127111,12.252,2.9975,1273.325,74.26151403268024,12.792499999999999,49.588096936843144,12.385230280653605,1.7789450755420582e+18,1.7789418277181783e+18
1778942601882791843,12.316,1.7,609.075,74.23181695399981,12.792499999999999,49.583364281555085,12.384636339079997,1.7789450505406807e+18,1.778941834356361e+18
1778942602283314736,12.332,1.5325,220.325,74.24916488232833,12.5475,49.65388668450344,12.384983297646567,1.7789450262832916e+18,1.778941840807919e+18
1778942602683886178,12.34,1.7,672.375,74.27062012158947,12.5475,49.71332370337308,12.38541240243179,1.7789450026857905e+18,1.7789418470961234e+18
1778942603084281023,12.348,1.73,413.525,74.29383651620486,12.285,49.76094732516079,12.385876730324098,1.7789449797587407e+18,1.7789418532175276e+18
1778942603484609593,12.364,1.68,1261.975,74.31812665899473,12.285,49.80272359709355,12.386362533179895,1.7789449571991757e+18,1.7789418592562058e+18
1778942603885328386,12.344,1.5325,574.425,74.3344641353012,11.935,49.83910579716678,12.386689282706024,1.7789449351116477e+18,1.7789418651811436e+18
1778942604285685488,12.34,1.715,114.6,74.35104008027986,11.935,49.85863241947654,12.387020801605598,1.7789449139048899e+18,1.7789418708773002e+18
1778942604686067550,12.38,1.78,349.725,74.38788484731376,11.585,49.92261062834773,12.387757696946275,1.7789448928786547e+18,1.77894187654328e+18
1778942605086639092,12.364,1.665,1067.275,74.41272557841687,11.585,49.95126174767208,12.388254511568338,1.7789448724497004e+18,1.778941882059846e+18
1778942605487167599,12.356,1.75,1618.65,74.43516668216175,11.13,49.97342418800991,12.388703333643235,1.7789448526848855e+18,1.7789418874071506e+18
1778942605887887936,12.364,1.68,24.525,74.46084222960963,11.13,50.00855114349898,12.389216844592193,1.7789448335377009e+18,1.7789418925980452e+18
1778942606288303167,12.404,1.68,74.825,74.49635417352782,10.5875,50.015278654388936,12.389927083470557,1.7789448148897272e+18,1.7789418976666596e+18
1778942606689105660,12.36,1.615,228.325,74.5158694104469,10.5875,50.027984036076404,12.390317388208938,1.7789447970757806e+18,1.7789419025155876e+18
1778942607089644463,12.372,1.5825,696.775,74.53913845917369,10.5875,50.048969053269694,12.390782769183474,1.77894477970459e+18,1.7789419072550218e+18
1778942607490209741,12.368,1.615,487.975,74.55803463222512,10.2025,50.05295241899489,12.391160692644503,1.7789447626610964e+18,1.7789419119163377e+18
1778942608491499210,12.376,1.715,1267.8,74.58011210257833,9.695,50.054282498406934,12.391602242051567,1.778944746058955e+18,1.7789419164700961e+18
1778942608892308522,12.38,2.115,592.2,74.61183812388165,9.695,50.07273288485184,12.392236762477634,1.7789447300373468e+18,1.7789419208751493e+18
1778942609292748748,12.388,1.615,168.85,74.6430131100408,9.695,50.11114529803056,12.392860262200816,1.7789447146677258e+18,1.7789419251105347e+18
1778942609693572921,12.38,1.615,515.275,74.67340505993727,9.344999999999999,50.14076388128156,12.393468101198746,1.7789446993819085e+18,1.778941929336711e+18
1778942610094160602,12.376,1.73,1572.475,74.70551126770273,9.344999999999999,50.16221064654067,12.394110225354055,1.7789446845560604e+18,1.7789419334468431e+18
1778942610494643455,12.372,1.5825,1522.0,74.72871568041315,8.96,50.19277679651719,12.394574313608263,1.778944670049298e+18,1.7789419374792317e+18
1778942610895338319,12.384,1.865,1367.975,74.75805832862319,8.96,50.218471663606145,12.395161166572464,1.7789446559759286e+18,1.7789419414018286e+18
1778942611295798119,12.38,1.65,897.925,74.784224646901,8.96,50.24906162435884,12.39568449293802,1.7789446419225142e+18,1.7789419453315246e+18
1778942611696625552,12.42,1.78,1101.825,74.86098703034942,8.469999999999999,50.33328639520805,12.397219740606989,1.778944628322367e+18,1.7789419491515287e+18
1778942612097411728,12.384,1.5675,85.7,74.90626308335129,8.469999999999999,50.383309504431935,12.398125261667026,1.778944615087027e+18,1.7789419528821862e+18
1778942612497982486,12.384,1.5325,261.525,74.94557912874482,8.469999999999999,50.4258448575804,12.398911582574897,1.7789446023422912e+18,1.778941956486299e+18
1778942612898564519,12.248,4.6825,798.1,74.98440404259784,7.9624999999999995,50.45954073576615,12.399688080851957,1.7789445899749312e+18,1.7789419599956744e+18
1778942613298909079,11.448,20.6325,797.2,74.98294842609701,7.9624999999999995,50.40179927382053,12.39965896852194,1.7789445777915791e+18,1.77894196345987e+18
1778942613699502629,11.38,22.0175,794.45,74.97261507084146,7.9624999999999995,50.330753803099284,12.39945230141683,1.7789445658175117e+18,1.7789419668702986e+18
1778942614099933035,11.312,22.785,786.05,74.96462095034006,7.909999999999999,50.281810916517834,12.399292419006802,1.7789445539955863e+18,1.778941970243502e+18
1778942614500278741,11.236,24.2325,760.425,74.95635083586434,7.909999999999999,50.233503774542406,12.399127016717287,1.7789445421124618e+18,1.778941973640578e+18
1778942614900987254,11.216,24.515,682.225,74.93772682814503,7.909999999999999,50.179259960836745,12.398754536562901,1.7789445304554586e+18,1.7789419769776417e+18
1778942615301126448,11.048,27.965,443.575,74.9202275797928,8.6975,50.11865583500865,12.398404551595856,1.778944518947379e+18,1.7789419802768986e+18
1778942615701969239,11.048,27.6175,1353.675,74.9074720314793,8.6975,50.07920796847153,12.398149440629586,1.7789445075976568e+18,1.7789419835361626e+18
1778942616102765498,10.924,29.165,854.275,74.90031198159413,9.520000000000001,50.08363830537503,12.398006239631883,1.7789444964342474e+18,1.7789419867479813e+18
1778942616503267620,12.024,4.3475,968.625,74.84090198250372,9.520000000000001,50.031976915361874,12.396818039650075,1.7789444852927101e+18,1.7789419899529613e+18
1778942616904022534,11.896,9.5175,1317.6,74.82608424217591,10.29,50.02435794376681,12.396521684843519,1.7789444742937848e+18,1.7789419931220224e+18
1778942617304244416,11.976,8.2,744.175,74.81840481989038,10.29,50.02293651158751,12.396368096397808,1.778944463488144e+18,1.7789419962413284e+18
1778942617704935996,11.692,13.865,632.625,74.81355767448186,10.5,50.0274211620837,12.396271153489637,1.7789444528728799e+18,1.7789419993119242e+18
1778942618105735797,11.416,19.6475,292.2,74.81339184606198,10.5,50.02589293346622,12.39626783692124,1.7789444424396588e+18,1.7789420023366561e+18
1778942618506208406,11.252,23.3,866.7,74.80572152881484,10.5,50.01110582811652,12.396114430576297,1.7789444321807542e+18,1.7789420053166615e+18
1778942618906957091,12.212,1.68,1082.85,74.93813426240017,10.9725,50.13651186991304,12.398762685248004,1.7789444222934835e+18,1.77894200821192e+18
1778942619307342159,12.204,2.665,27.775,74.91588620908702,10.9725,50.11251925012016,12.39831772418174,1.7789444124894134e+18,1.7789420110865024e+18
1778942619708055995,12.176,3.4325,84.75,74.89865846631938,11.4275,50.09608096188152,12.397973169326388,1.7789444028221181e+18,1.778942013925429e+18
1778942620108829222,12.204,3.215,258.625,74.8868525705289,11.4275,50.07633865182814,12.397737051410578,1.7789443930685059e+18,1.778942016794162e+18
1778942620509336016,12.256,2.3825,789.25,74.87803834644957,11.3225,50.05696695848489,12.397560766928992,1.77894438336167e+18,1.778942019654376e+18
1778942620910236300,12.224,3.13,770.175,74.87085174346709,11.3225,50.0411727634607,12.397417034869342,1.778944373768589e+18,1.7789420224867185e+18
1778942621310864077,12.26,2.23,711.975,74.861914346417,11.165,50.03855480582108,12.39723828692834,1.7789443641521772e+18,1.7789420253308677e+18
1778942621711794964,12.18,4.03,534.375,74.86228499715608,11.165,50.02950942449074,12.397245699943122,1.7789443547209262e+18,1.7789420281270868e+18
1778942622112298565,12.256,2.4475,1630.775,74.8688317391001,11.042499999999999,50.03432643887154,12.397376634782002,1.7789443454392945e+18,1.77894203088634e+18
1778942622513000401,12.224,3.565,61.525,74.88388639508781,11.042499999999999,50.05016430825219,12.397677727901756,1.7789443364804132e+18,1.7789420335588626e+18
1778942622913954358,11.684,14.265,187.75,74.89079602819722,11.042499999999999,50.056978132110245,12.397815920563945,1.7789443277718986e+18,1.778942036164601e+18
1778942623314354447,11.604,15.8825,572.95,74.89810014148235,11.042499999999999,50.06366967799121,12.397962002829647,1.778944319297297e+18,1.7789420387082079e+18
1778942623714739670,11.376,21.0975,110.1,74.89336123627366,11.2875,50.03963068582333,12.397867224725474,1.7789443109751222e+18,1.778942041211966e+18
1778942624115096840,11.408,19.7175,335.975,74.89541394891637,11.2875,50.043409986489095,12.397908278978328,1.7789443027820434e+18,1.7789420436833969e+18
1778942624515657105,11.9,9.0325,1025.3,74.88722551075656,11.9,50.044037104680534,12.397744510215132,1.7789442947639427e+18,1.7789420461077281e+18
1778942624916086254,11.416,20.915,1490.55,74.87174011614152,11.9,49.99282409411271,12.397434802322831,1.7789442867860163e+18,1.7789420485236173e+18
1778942625316605087,10.812,33.8325,1271.975,74.82104837510902,12.1975,49.84722478811395,12.39642096750218,1.7789442786073748e+18,1.7789420509978926e+18
1778942625717597933,10.816,32.3675,604.95,74.79965360059362,12.1975,49.798527794338646,12.395993072011873,1.778944270570591e+18,1.7789420534332306e+18
1778942626118433162,11.428,19.05,207.75,74.79563232820396,12.775,49.80379980650119,12.39591264656408,1.7789442626524541e+18,1.7789420558383634e+18
1778942626518937738,11.888,8.715,634.0,74.78259485669439,13.229999999999999,49.81943692963542,12.395651897133888,1.778944255133688e+18,1.7789420581293596e+18
1778942626919611828,11.096,27.2825,296.4,74.7913598497175,13.229999999999999,49.846264468420365,12.39582719699435,1.7789442477294482e+18,1.7789420603925074e+18
1778942627319863706,10.92,30.1,904.525,74.79175582549722,13.44,49.84733525615905,12.395835116509945,1.7789442404568952e+18,1.7789420626216773e+18
1778942627720509964,11.472,17.8175,1121.975,74.81007105384813,13.44,49.92241633266297,12.396201421076963,1.7789442333085873e+18,1.77894206482096e+18
1778942628121013099,11.52,15.9175,147.175,74.82750416787897,13.8775,50.01560827784124,12.39655008335758,1.7789442262980844e+18,1.7789420669861025e+18
1778942628521555008,11.88,8.5475,449.125,74.8178352020088,14.052499999999998,50.043959491670925,12.396356704040176,1.7789442193355195e+18,1.7789420691405906e+18
1778942628922062634,11.764,11.1825,1370.6,74.81629293111185,14.052499999999998,50.08166913239767,12.396325858622237,1.7789442124825577e+18,1.7789420712669962e+18
1778942629322310925,11.624,14.215,905.925,74.82381513908027,14.052499999999998,50.13648759293297,12.396476302781606,1.7789442057686973e+18,1.7789420733574646e+18
1778942629722867587,11.576,14.6475,1126.25,74.83219473287387,14.052499999999998,50.205163844976646,12.396643894657478,1.7789441992715208e+18,1.77894207538892e+18
1778942630123204353,11.792,10.8975,160.225,74.82426838390398,14.1225,50.21359153564996,12.39648536767808,1.778944192871129e+18,1.7789420773950543e+18
1778942630523638739,12.18,2.215,488.95,74.81900919817627,14.227500000000001,50.19667754247548,12.396380183963526,1.7789441866038935e+18,1.778942079365269e+18
1778942630924133347,12.228,2.1,1492.15,74.83311833443062,14.227500000000001,50.21312524730018,12.396662366688613,1.7789441804751982e+18,1.778942081299953e+18
1778942631324434069,12.216,2.4175,1276.875,74.83273312208789,14.315,50.21165680404965,12.396654662441758,1.7789441744379292e+18,1.778942083211454e+18
1778942631725023766,12.216,3.015,619.9,74.83822518471479,14.174999999999999,50.217603430049735,12.396764503694296,1.778944168552369e+18,1.7789420850823447e+18
1778942632125544128,12.204,2.8825,253.375,74.84051259103914,14.174999999999999,50.221687517044515,12.396810251820783,1.7789441627526042e+18,1.778942086931837e+18
1778942632525938707,12.24,2.3325,773.225,74.83844365466359,14.052499999999998,50.218971321806876,12.396768873093272,1.7789441570457628e+18,1.7789420887572598e+18
1778942632926267591,12.236,2.4175,721.275,74.82926841506554,14.052499999999998,50.20862968480793,12.396585368301311,1.778944151392725e+18,1.7789420905694822e+18
1778942633326425667,12.232,2.9675,562.75,74.83047014508246,13.93,50.209709162699404,12.39660940290165,1.7789441457555023e+18,1.7789420923809377e+18
1778942633727035752,12.224,3.13,78.975,74.83444680486251,13.737499999999999,50.214007879966026,12.39668893609725,1.7789441402311398e+18,1.778942094162815e+18
1778942634127450901,12.256,2.4825,241.0,74.83382138091876,13.737499999999999,50.21296805617926,12.396676427618376,1.778944134808016e+18,1.7789420959180196e+18
1778942634527979227,12.2,3.3475,735.45,74.82662415413577,13.5275,50.20581759570462,12.396532483082716,1.7789441294316644e+18,1.7789420976621307e+18
1778942634928420712,12.272,2.365,606.0,74.82223430331629,13.5275,50.20098159673101,12.396444686066326,1.778944124175681e+18,1.7789420993732984e+18
1778942635328724950,12.176,4.215,210.95,74.81111359268517,13.265,50.189356936858644,12.396222271853704,1.7789441189805903e+18,1.7789421010686144e+18
1778942635729255434,12.184,4.2975,643.75,74.80753304932826,13.265,50.18525830640336,12.396150660986565,1.778944113671184e+18,1.7789421028015304e+18
1778942636129846513,11.92,9.6,326.15,74.79932085644387,13.0025,50.17715979190965,12.395986417128878,1.7789441084701875e+18,1.778942104504568e+18
1778942636530170719,11.84,11.53,995.325,74.79710875048546,13.0025,50.16859126700213,12.39594217500971,1.7789441033578043e+18,1.7789421061842383e+18
1778942636930630160,11.776,12.2675,1399.075,74.78723297739967,12.792499999999999,50.16151382783563,12.395744659547994,1.778944098345873e+18,1.7789421078361183e+18
1778942637330915953,11.728,13.1475,992.825,74.78033933554737,12.792499999999999,50.159032606838984,12.395606786710948,1.778944093448593e+18,1.7789421094561562e+18
1778942637731530444,12.204,3.65,1391.45,74.77193408613063,12.792499999999999,50.15264453364277,12.395438681722613,1.7789440886624356e+18,1.778942111045191e+18
1778942638132051585,12.216,3.63,969.55,74.77559673331253,12.705,50.156691549667045,12.395511934666251,1.7789440839951114e+18,1.7789421126020416e+18
1778942638532439313,12.288,1.8825,1320.425,74.76198218802041,12.705,50.14154155036752,12.395239643760409,1.7789440793419364e+18,1.7789421141565368e+18
1778942638933045504,12.272,2.165,752.8,74.74382641143605,12.4425,50.12106329986919,12.394876528228721,1.778944074625738e+18,1.7789421157315796e+18
1778942639333250272,11.576,16.9825,658.95,74.72572299791685,12.4425,50.08551037995052,12.394514459958337,1.7789440699994913e+18,1.7789421172808607e+18
1778942639733859292,11.216,23.8825,372.55,74.71182064510148,12.25,50.057794909569765,12.39423641290203,1.7789440653784993e+18,1.7789421188304504e+18
1778942640134237360,11.032,27.35,1136.925,74.69919482058253,12.25,50.038225161814715,12.393983896411651,1.7789440608270612e+18,1.7789421203609508e+18
1778942640534613061,11.088,27.065,192.8,74.66692564645294,12.6525,49.96669896200248,12.39333851292906,1.7789440562888668e+18,1.7789421218874678e+18
1778942640935029529,11.02,27.6175,588.375,74.64197367007124,12.6525,49.93411031337691,12.392839473401425,1.778944051763546e+18,1.7789421234108616e+18
1778942641335327456,10.968,29.23,157.175,74.60316317128077,13.195,49.86505871877446,12.392063263425616,1.778944047283617e+18,1.778942124919868e+18
1778942641735923758,10.92,30.3825,479.65,74.56779873543526,13.7025,49.793789835980526,12.391355974708706,1.7789440427646413e+18,1.778942126440555e+18
1778942642136260378,12.148,2.9475,1463.775,74.50772202404474,13.7025,49.73191951674372,12.390154440480895,1.7789440382751096e+18,1.7789421279496556e+18
1778942642536669264,11.388,19.8325,1190.275,74.48802746908925,14.069999999999999,49.71916256058289,12.389760549381785,1.778944033707849e+18,1.7789421294838907e+18
1778942642937124308,11.348,19.7825,355.625,74.46840572871531,14.245000000000001,49.72593655963074,12.389368114574307,1.778944029206116e+18,1.7789421309995802e+18
1778942643337424189,11.716,12.1975,1085.275,74.43405500971262,14.245000000000001,49.71028049596834,12.388681100194253,1.7789440247355802e+18,1.7789421325057462e+18
1778942643738015469,12.172,2.75,35.175,74.37993222568915,14.5425,49.65436446302451,12.387598644513783,1.7789440202336084e+18,1.7789421340228995e+18
1778942644138423158,12.164,3.3325,107.325,74.3422727223737,14.5425,49.62904160386251,12.386845454447474,1.7789440156220285e+18,1.7789421355734236e+18
1778942644538778398,12.088,5.2175,327.525,74.33656765164054,14.367500000000001,49.665682940087194,12.386731353032811,1.7789440110957545e+18,1.7789421371007286e+18
1778942644938977817,11.9,9.0475,999.525,74.33013671511021,14.227500000000001,49.69293807246997,12.386602734302205,1.7789440066353533e+18,1.7789421386106455e+18
1778942645339081398,11.692,13.83,1411.9,74.33331438705642,14.227500000000001,49.723013410575255,12.386666287741129,1.7789440022812936e+18,1.7789421400916124e+18
1778942645739396075,11.68,13.435,1031.975,74.35903262656618,14.315,49.82977420029116,12.387180652531324,1.7789439980049677e+18,1.7789421415545244e+18
1778942646139729007,11.64,14.25,1510.925,74.36529062621648,14.315,49.8696365546027,12.38730581252433,1.7789439937808993e+18,1.77894214300525e+18
1778942646540028385,11.716,12.8325,1334.175,74.37975688059018,14.4375,49.93400550657677,12.387595137611804,1.778943989675282e+18,1.778942144424116e+18
1778942646940521391,11.68,13.315,794.775,74.38833677594224,14.4725,49.95614831771677,12.387766735518845,1.7789439856584955e+18,1.7789421458195855e+18
1778942647340771523,11.644,14.33,787.05,74.39618455975365,14.4725,49.973969485186466,12.387923691195073,1.7789439817804667e+18,1.7789421471760876e+18
1778942647741197970,12.232,1.9325,763.475,74.37321174638853,14.455,49.94781525230197,12.387464234927771,1.7789439778634086e+18,1.778942148545505e+18
1778942648141474284,12.256,1.615,691.525,74.35587313990135,14.245000000000001,49.924580244204485,12.387117462798027,1.7789439739123272e+18,1.7789421499268652e+18
1778942648541783719,12.256,1.9125,471.95,74.34174483521323,14.245000000000001,49.90792387444813,12.386834896704265,1.7789439701644175e+18,1.7789421512470756e+18
1778942648942074143,12.264,2.13,1440.275,74.33648944365103,14.035,49.90058818217444,12.386729788873021,1.7789439664750395e+18,1.7789421525516588e+18
1778942649342436014,12.268,2.0175,1118.55,74.33046642790231,14.035,49.89227246062875,12.386609328558047,1.7789439627841884e+18,1.778942153859101e+18
1778942649742973783,12.264,2.0175,136.725,74.32769774881515,13.755,49.882621150205864,12.386553954976304,1.7789439592404608e+18,1.7789421551235904e+18
1778942650143468663,12.296,1.5675,417.25,74.32434845283966,13.755,49.87672423445539,12.386486969056794,1.778943955971614e+18,1.7789421563052746e+18
1778942650543797991,12.304,1.5325,1273.325,74.32639715833051,13.4225,49.873639143565576,12.38652794316661,1.7789439527104346e+18,1.7789421574875466e+18
1778942650944121277,12.312,1.68,609.075,74.33330603097454,13.4225,49.88099707837233,12.386666120619491,1.778943949572455e+18,1.7789421586348928e+18
1778942651544821709,12.316,1.5325,220.325,74.33676835969196,13.0375,49.884460310201625,12.38673536719384,1.7789439463878484e+18,1.7789421598009943e+18
1778942651945174793,12.316,1.68,672.375,74.34082445520342,12.705,49.889118203290245,12.386816489104069,1.778943945705635e+18,1.778942160190248e+18
1778942652345476447,12.268,2.6,413.525,74.33859872653699,12.705,49.88748563138493,12.38677197453074,1.778943947492351e+18,1.7789421598108623e+18
1778942652745908459,12.276,2.25,1261.975,74.33699320085178,12.3375,49.88937402282948,12.386739864017036,1.7789439493280072e+18,1.7789421594167877e+18
1778942653146148449,12.28,2.4825,574.425,74.33912372814034,12.3375,49.891690010983915,12.386782474562807,1.7789439512220664e+18,1.778942159005388e+18
1778942653546392209,12.24,3.3325,114.6,74.3447896292607,11.987499999999999,49.89897206802574,12.386895792585214,1.7789439531809224e+18,1.7789421585749583e+18
1778942653946856987,12.228,3.3125,349.725,74.34565152587975,11.987499999999999,49.90191380379503,12.386913030517595,1.7789439552035395e+18,1.7789421581253253e+18
1778942654347097242,12.256,3.1,1067.275,74.35477548395886,11.6725,49.91023470828054,12.387095509679177,1.7789439572940262e+18,1.7789421576559485e+18
1778942654747506480,12.252,3.185,1618.65,74.36362354238115,11.6725,49.92030892287365,12.387272470847623,1.7789439594619553e+18,1.7789421571637512e+18
1778942655148018468,12.256,2.9825,24.525,74.36983776157966,11.41,49.93024004190408,12.387396755231594,1.7789439617014728e+18,1.778942156650279e+18
1778942655548351472,12.256,3.065,74.825,74.37805120002822,11.41,49.92890051117523,12.387561024000565,1.77894396401407e+18,1.778942156115207e+18
1778942655948837978,12.264,3.2,228.325,74.3945121270408,11.41,49.956755266201206,12.387890242540816,1.7789439664175232e+18,1.7789421555536924e+18
1778942656349198726,12.248,3.215,696.775,74.40958479545925,11.1825,49.97240726235966,12.388191695909185,1.778943968934259e+18,1.778942154958498e+18
1778942656749665319,12.232,3.7975,487.975,74.42556929159076,11.1825,49.98801599749032,12.388511385831816,1.7789439715402819e+18,1.7789421543371945e+18
1778942657150138469,12.208,4.135,1489.175,74.43805915391843,10.9725,50.00001990220271,12.388761183078369,1.7789439742748234e+18,1.7789421536770486e+18
1778942657550355811,12.18,4.8675,1267.8,74.4424971453058,10.9725,50.00178515544215,12.388849942906116,1.77894397716802e+18,1.7789421529677135e+18
1778942657950821611,12.168,5.0825,592.2,74.44875589731427,10.7975,50.005378691639,12.388975117946286,1.7789439802352502e+18,1.7789421522044285e+18
1778942658351071814,12.152,5.2825,168.85,74.44831916424519,10.7975,50.00193546862147,12.388966383284904,1.7789439833572992e+18,1.7789421514240765e+18
1778942658751578810,12.288,2.4175,515.275,74.4439131375552,10.657499999999999,49.99656628818661,12.388878262751104,1.7789439865269924e+18,1.7789421506285174e+18
1778942659152384892,12.316,2.265,1572.475,74.44471496238813,10.657499999999999,49.99689543714403,12.388894299247763,1.7789439897563323e+18,1.7789421498144328e+18
1778942659552943432,12.272,2.9675,1522.0,74.43584045771523,10.4825,49.98603227446932,12.388716809154305,1.778943993029609e+18,1.7789421489858243e+18
1778942659953735556,11.88,10.6,1367.975,74.42489342665439,10.4825,49.968161378897385,12.388497868533088,1.778943996354252e+18,1.7789421481401126e+18
1778942660354197363,11.752,13.4825,897.925,74.40968331549458,10.4825,49.93819318963596,12.388193666309892,1.7789439997111918e+18,1.7789421472828964e+18
1778942660755087285,11.092,26.9,1101.825,74.38027492267318,10.4825,49.871417579988574,12.387605498453464,1.7789440030891364e+18,1.7789421464163502e+18
1778942661155751978,11.06,28.65,85.7,74.3289248749818,10.9725,49.738196861471536,12.386578497499636,1.7789440064570458e+18,1.7789421455481551e+18
1778942661556271452,11.892,8.3975,261.525,74.2902027281434,10.9725,49.70988405196934,12.385804054562868,1.7789440098437658e+18,1.7789421446703857e+18
1778942661957191772,12.232,2.7,798.1,74.25828199881109,11.585,49.67527213976037,12.385165639976222,1.7789440132980242e+18,1.778942143768209e+18
1778942662357734983,12.224,2.815,797.2,74.22059712892084,11.585,49.634216494594305,12.384411942578417,1.778944016762031e+18,1.778942142859382e+18
1778942662758562149,12.172,4.3975,794.45,74.19706175971461,11.655000000000001,49.60760651547305,12.383941235194293,1.7789440202961382e+18,1.778942141926085e+18
1778942663159288833,12.28,2.23,786.05,74.1770712508604,11.655000000000001,49.590942976079184,12.383541425017208,1.7789440238991583e+18,1.7789421409690028e+18
1778942663559684376,12.284,2.315,760.425,74.16895600146098,11.7425,49.583156578597844,12.38337912002922,1.7789440275969492e+18,1.7789421399810225e+18
1778942663960335361,12.248,3.1,682.225,74.15716517972398,11.7425,49.57169841769208,12.38314330359448,1.778944031333522e+18,1.7789421389795858e+18
1778942664360981558,12.26,2.8475,443.575,74.14579284388844,11.7425,49.56610732449166,12.38291585687777,1.7789440350925919e+18,1.7789421379699098e+18
1778942664761796580,12.176,4.3975,1353.675,74.13093198682957,11.7425,49.55324424805632,12.382618639736592,1.7789440388637169e+18,1.778942136954962e+18
1778942665162466371,11.808,12.2325,854.275,74.12518567534461,11.865,49.54728640579434,12.382503713506892,1.778944042677578e+18,1.7789421359258465e+18
1778942665563058597,11.716,13.7825,968.625,74.11247737551702,11.865,49.52937877453538,12.382249547510341,1.7789440465369326e+18,1.7789421348809137e+18
1778942665963624930,11.772,12.015,1317.6,74.09156677077817,12.3025,49.51204186332066,12.381831335415564,1.7789440504285094e+18,1.7789421338235958e+18
1778942666364145303,11.692,13.5,744.175,74.08583050650037,12.3025,49.52149791291138,12.381716610130008,1.778944054417651e+18,1.7789421327344635e+18
1778942666765019522,11.804,11.585,632.625,74.08615529036382,12.6875,49.51985602162913,12.381723105807277,1.7789440585093834e+18,1.7789421316124744e+18
1778942667165877362,11.7,13.9975,292.2,74.08711633553926,12.6875,49.52461213684959,12.381742326710786,1.7789440627184148e+18,1.7789421304529126e+18
1778942667566306568,11.768,11.4325,891.7,74.08668594590218,12.862499999999999,49.557837867049145,12.381733718918044,1.7789440670486239e+18,1.7789421292543314e+18
1778942667967009870,11.724,12.465,1082.85,74.0849028300385,12.862499999999999,49.57813764605506,12.38169805660077,1.778944071490623e+18,1.7789421280195392e+18
1778942668367552439,11.744,11.615,27.775,74.07923959833838,12.9325,49.600663366642266,12.381584791966768,1.778944076040532e+18,1.7789421267493292e+18
1778942668768388948,11.476,17.2825,84.75,74.08968318834539,13.2125,49.659912393424186,12.381793663766908,1.7789440807229076e+18,1.7789421254374019e+18
1778942669169242618,11.524,17.0,258.625,74.09059279035598,13.2125,49.66898975559297,12.38181185580712,1.778944085505607e+18,1.7789421240930586e+18
1778942669569777615,11.512,17.3975,789.25,74.08973070566765,13.475,49.66379358377138,12.381794614113353,1.7789440904012657e+18,1.7789421227119928e+18
1778942669970488685,11.456,17.3825,770.175,74.0909989984167,13.475,49.69044641358964,12.381819979968334,1.7789440953246646e+18,1.7789421213218527e+18
1778942670371017052,12.028,5.45,711.975,74.06256147308383,13.5975,49.656027688215296,12.381251229461677,1.778944100237878e+18,1.7789421199317652e+18
1778942670771875669,12.072,4.6325,534.375,74.0364974288644,13.5975,49.635953801315374,12.380729948577288,1.7789441051475282e+18,1.7789421185398377e+18
1778942671172554483,12.232,1.9125,1630.775,74.01391446638507,13.7025,49.609969449595276,12.380278289327702,1.778944110064205e+18,1.7789421171430057e+18
1778942671572901463,12.236,1.9475,61.525,73.99601796865349,13.335,49.596903183298025,12.37992035937307,1.7789441149902415e+18,1.7789421157409966e+18
1778942671973338349,12.228,2.3,187.75,73.97787071091084,13.335,49.56088867342606,12.379557414218217,1.7789441199378747e+18,1.778942114329814e+18
1778942672373784430,12.244,2.115,572.95,73.96088840528066,13.2125,49.517555876509064,12.379217768105613,1.7789441249028052e+18,1.778942112910956e+18
1778942672774377241,12.192,3.05,110.1,73.9452371429154,13.2125,49.461220995580284,12.378904742858309,1.7789441298960033e+18,1.7789421114810004e+18
1778942673175122801,12.248,2.315,335.975,73.93460839408758,13.0725,49.42341259288654,12.378692167881752,1.778944134920328e+18,1.7789421100395377e+18
1778942673575604559,12.196,3.3675,1025.3,73.92623286384232,13.0725,49.38893510643921,12.378524657276847,1.7789441399846362e+18,1.7789421085839158e+18
1778942673976343829,12.164,4.15,1490.55,73.91998533108186,12.88,49.357915254635486,12.378399706621638,1.778944145090448e+18,1.7789421071138527e+18
1778942674977577399,12.244,2.265,1271.975,73.9082357358308,12.88,49.31791799334505,12.378164714716617,1.778944150312952e+18,1.7789421056080356e+18
1778942675377970877,12.232,2.75,604.95,73.90220236496754,12.775,49.29125832015017,12.378044047299351,1.7789441555830318e+18,1.7789421040857375e+18
1778942675778385618,12.24,2.9675,207.75,73.90015966664637,12.775,49.260571033690006,12.378003193332928,1.7789441609096182e+18,1.7789421025444664e+18
1778942676178878249,12.232,2.9675,634.0,73.89606474790779,12.635,49.23371669226933,12.377921294958156,1.7789441662806515e+18,1.778942100987899e+18
1778942676779499555,12.236,2.8825,296.4,73.89250207843173,12.424999999999999,49.20779230092488,12.377850041568635,1.7789441717294781e+18,1.77894209940646e+18
1778942677180247158,12.212,3.3675,904.525,73.88906700921883,12.424999999999999,49.180483213113725,12.377781340184377,1.778944177246234e+18,1.778942097802088e+18
1778942677580359288,12.216,3.3825,1121.975,73.88809082684328,12.32,49.1639513199818,12.377761816536866,1.778944182827414e+18,1.7789420961761608e+18
1778942677981075071,12.296,1.9825,147.175,73.89031627577961,12.32,49.13410760198498,12.377806325515593,1.7789441884837957e+18,1.7789420945254938e+18
1778942678381516495,11.688,14.1675,449.125,73.91688193521045,12.2675,49.15909279842989,12.37833763870421,1.7789441942668032e+18,1.7789420928359672e+18
1778942678782244803,11.664,14.0675,1370.6,73.93217464473469,12.2675,49.183351305358144,12.378643492894694,1.7789442001557325e+18,1.778942091113051e+18
1778942679182342306,11.496,18.085,905.925,73.94058257018195,12.4425,49.18824786879395,12.37881165140364,1.7789442061400364e+18,1.7789420893593828e+18
1778942679582763856,11.48,18.215,1126.25,73.95224875737094,12.4425,49.200903867217974,12.37904497514742,1.7789442122321572e+18,1.7789420875712266e+18
1778942679983129716,11.464,17.7975,160.225,73.96690881266927,12.844999999999999,49.235645224702836,12.379338176253386,1.7789442184675261e+18,1.778942085737274e+18
1778942680383459096,11.58,15.8825,488.95,73.9783992650783,12.844999999999999,49.25231537267307,12.379567985301566,1.778944224852711e+18,1.7789420838549612e+18
1778942680784181356,11.452,18.2325,1492.15,73.98779807344144,13.195,49.27608245188659,12.37975596146883,1.778944231344733e+18,1.778942081938095e+18
1778942681184294896,11.548,15.8975,1276.875,73.99321330713127,13.51,49.30217510426395,12.379864266142626,1.7789442379581637e+18,1.7789420799813978e+18
1778942681584781739,11.972,6.85,619.9,73.98193544252462,13.51,49.297772173052586,12.379638708850493,1.7789442445865595e+18,1.7789420780178627e+18
1778942681985392395,11.6,14.6475,253.375,73.98664390907621,13.65,49.323946717973016,12.379732878181525,1.7789442512806943e+18,1.778942076032646e+18
1778942682385878474,11.58,15.3975,773.225,73.98593041627376,13.65,49.34139591328436,12.379718608325476,1.778944258041934e+18,1.7789420740246502e+18
1778942682786381237,11.524,16.235,721.275,73.99000672131012,13.8075,49.37026142505358,12.379800134426203,1.7789442649281016e+18,1.778942071975384e+18
1778942683187081453,11.496,16.665,562.75,73.9929593971305,13.9825,49.40241036318726,12.37985918794261,1.778944271934001e+18,1.7789420698863864e+18
1778942683587606697,11.484,17.2825,78.975,73.99736857909235,13.9825,49.42705795202166,12.379947371581848,1.7789442790744046e+18,1.7789420677529142e+18
1778942683988333244,11.488,17.08,241.0,74.00357610020637,14.174999999999999,49.45503004934826,12.380071522004128,1.7789442863631544e+18,1.7789420655705695e+18
1778942684388689464,11.464,16.7975,735.45,74.01042813587813,14.174999999999999,49.50147592395702,12.380208562717563,1.7789442938076608e+18,1.7789420633369329e+18
1778942684789345073,11.416,18.135,606.0,74.02022311331669,14.367500000000001,49.544251761419034,12.380404462266334,1.7789443014193262e+18,1.778942061048541e+18
1778942685190063967,11.436,17.7675,210.95,74.02496251667951,14.5425,49.58075630493128,12.38049925033359,1.7789443091965056e+18,1.7789420587052751e+18
1778942685590431918,11.404,18.3675,643.75,74.03327485448905,14.5425,49.62168101094993,12.380665497089781,1.7789443171409615e+18,1.7789420563069248e+18
1778942685991076037,11.428,17.7975,326.15,74.0370993453455,14.735,49.66007685785264,12.38074198690691,1.7789443252504712e+18,1.7789420538536305e+18
1778942686391587757,11.508,16.15,995.325,74.03741194335005,15.015,49.69138341152083,12.380748238867001,1.7789443335201928e+18,1.7789420513465085e+18
1778942686792244927,11.424,17.565,1399.075,74.04040422557179,15.015,49.73577299403188,12.380808084511436,1.7789443419623956e+18,1.7789420487817718e+18
1778942687192664699,11.448,17.4325,992.825,74.04565212377773,15.2775,49.770065513203825,12.380913042475555,1.7789443505881475e+18,1.7789420461559683e+18
1778942687593146738,11.492,17.4475,1391.45,74.05353642812287,15.487499999999999,49.77898397521959,12.381070728562458,1.7789443594066606e+18,1.778942043466317e+18
1778942687993911246,11.424,17.515,969.55,74.06338870554663,15.487499999999999,49.823703892491615,12.381267774110933,1.7789443684262226e+18,1.778942040710257e+18
1778942688394424825,11.684,12.3175,1320.425,74.05744769586784,15.715,49.83902093333358,12.381148953917357,1.778944377603926e+18,1.7789420378999852e+18
1778942688795109211,11.636,13.6325,752.8,74.05111708715629,15.8725,49.86136294962863,12.381022341743126,1.7789443868234734e+18,1.7789420350739886e+18
1778942689195845303,11.628,14.0675,658.95,74.04871392458921,15.8725,49.874964143357005,12.380974278491784,1.7789443961177567e+18,1.778942032221828e+18
1778942689596357128,11.736,10.8175,372.55,74.03452901501035,15.995000000000001,49.87923113955321,12.380690580300207,1.7789444054717368e+18,1.7789420293469857e+18
1778942689996960407,11.996,5.7825,1136.925,74.00710234030407,16.0825,49.8534995101475,12.380142046806082,1.7789444149212913e+18,1.7789420264358216e+18
1778942690397367334,11.748,10.8975,192.8,73.99745384591529,16.0825,49.85589525034239,12.379949076918306,1.778944424515301e+18,1.7789420234742886e+18
1778942690798039137,12.196,2.0175,588.375,73.9651597243065,16.0825,49.814923792167896,12.37930319448613,1.7789444342106888e+18,1.7789420204737485e+18
1778942691198748363,12.196,2.315,157.175,73.93971343755393,16.099999999999998,49.783670432747705,12.37879426875108,1.778944443992333e+18,1.778942017440043e+18
1778942691599219931,12.22,2.2,479.65,73.92265600350906,16.099999999999998,49.75753402362026,12.378453120070182,1.778944453914277e+18,1.7789420143561984e+18
1778942691999838625,12.22,2.365,1463.775,73.90598388252636,15.8725,49.74213075849348,12.378119677650528,1.7789444638673124e+18,1.7789420112585907e+18
1778942692400253821,12.232,2.15,1190.275,73.89315900131388,15.645,49.72061938290068,12.377863180026278,1.7789444738787963e+18,1.778942008138574e+18
1778942692800830967,12.2,2.715,355.625,73.87798092050691,15.645,49.70218570097618,12.377559618410139,1.778944483931066e+18,1.778942005001706e+18
1778942693201215127,12.208,2.6,1085.275,73.86685874040992,15.435,49.678420768365385,12.377337174808199,1.7789444940374362e+18,1.7789420018440543e+18
1778942693601566788,12.136,4.1975,35.175,73.85785253192435,15.1725,49.6659615088355,12.377157050638488,1.778944504219391e+18,1.7789419986587036e+18
1778942694002096540,12.16,3.7975,107.325,73.84873790490118,15.1725,49.655299152359525,12.376974758098024,1.7789445144671703e+18,1.7789419954488673e+18
1778942694402738227,11.68,13.6675,327.525,73.85001415987142,14.962500000000002,49.654499339127085,12.377000283197429,1.7789445248182019e+18,1.7789419922034168e+18
1778942694803158551,11.564,15.5175,999.525,73.85339378370855,14.875,49.66235467683499,12.377067875674172,1.7789445352696768e+18,1.778941988923549e+18
1778942695203800986,11.544,16.2825,1411.9,73.85490796899052,14.875,49.6673715332365,12.37709815937981,1.7789445458359485e+18,1.7789419856041866e+18
1778942695604328326,11.524,16.0675,1031.975,73.85589147939208,15.032499999999999,49.68676890719484,12.377117829587842,1.7789445565226877e+18,1.7789419822433334e+18
1778942696004834235,11.504,16.7,1510.925,73.85921804384594,15.19,49.6967491247894,12.37718436087692,1.7789445673285092e+18,1.778941978841742e+18
1778942696405123994,11.516,16.7975,1334.175,73.86144699906225,15.19,49.70214400090434,12.377228939981245,1.778944578252553e+18,1.7789419753995236e+18
1778942696805815915,11.536,15.5675,794.775,73.86223226665933,15.3475,49.72296118374526,12.377244645333187,1.778944589308949e+18,1.778941971911714e+18
1778942771092971358,11.528,16.265,787.05,73.86458873680901,15.469999999999999,49.73089591235048,12.37729177473618,1.7789446192295823e+18,1.7789419627110612e+18
1778942771493280636,11.544,15.73,763.475,73.86588214102855,15.469999999999999,49.739773782048275,12.377317642820572,1.7789446493047537e+18,1.7789419534474685e+18
1778942771893975618,11.52,16.165,691.525,73.89221613546421,15.592500000000001,49.79230861041664,12.377844322709285,1.778944679723492e+18,1.7789419440624847e+18
1778942772294322616,11.516,16.315,471.95,73.90072794629798,15.592500000000001,49.823179114093904,12.37801455892596,1.778944710362437e+18,1.7789419345941258e+18
1778942772695048604,11.508,16.65,1440.275,73.90820506363863,15.592500000000001,49.84931285037061,12.378164101272773,1.7789447412350833e+18,1.7789419250377336e+18
1778942773095644267,11.508,16.4675,1118.55,73.91569257529892,15.662499999999998,49.878254885775384,12.378313851505979,1.7789447723661304e+18,1.778941915385071e+18
1778942773496063329,11.448,17.3175,136.725,73.91261390795067,15.6275,49.905239563009125,12.378252278159014,1.7789448036904317e+18,1.778941905655916e+18
1778942773896667047,11.476,16.6,417.25,73.91078693010735,15.6275,49.93511152403519,12.378215738602147,1.778944835231553e+18,1.7789418958426148e+18
1778942774297000923,11.444,17.635,1273.325,73.91204382680492,15.697500000000002,49.96115929680137,12.378240876536099,1.7789448670042417e+18,1.7789418859408663e+18
1778942774697686220,11.472,16.3975,609.075,73.9043060553783,15.6275,49.98987196224755,12.378086121107566,1.778944898987638e+18,1.7789418759557888e+18
1778942775098322182,11.476,16.365,220.325,73.89785256467904,15.662499999999998,50.01828304459266,12.377957051293581,1.778944931173259e+18,1.7789418658904963e+18
1778942775699085543,11.448,16.8825,672.375,73.89278773979422,15.662499999999998,50.04978943961571,12.377855754795885,1.778944963657603e+18,1.778941855714714e+18
1778942776099749606,12.076,3.2325,413.525,73.82599184611544,15.61,49.98275459082167,12.37651983692231,1.7789449959517665e+18,1.7789418455775142e+18
1778942776500194462,12.2,1.865,1261.975,73.7788773389373,15.4525,49.93189830169613,12.375577546778747,1.778945028177262e+18,1.7789418354420582e+18
1778942776900821885,12.212,1.6325,574.425,73.73175908760068,15.4525,49.880510656675646,12.374635181752014,1.7789450603299766e+18,1.7789418253095424e+18
1778942777301117447,12.232,1.8,114.6,73.69900307981271,15.2775,49.845357240307095,12.373980061596255,1.7789450925020216e+18,1.778941815151988e+18
1778942777701864880,12.24,1.7,349.725,73.66668357290774,15.2775,49.80955577912785,12.373333671458155,1.778945124697142e+18,1.778941804968111e+18
1778942778102466670,12.248,1.8325,1067.275,73.63726915037194,14.927499999999998,49.77692984129674,12.37274538300744,1.7789451570005545e+18,1.7789417947296374e+18
1778942778502964687,12.256,1.75,1618.65,73.60263643051316,14.629999999999999,49.738601503637334,12.372052728610264,1.7789451893332047e+18,1.7789417844619382e+18
1778942778903543605,12.28,1.765,24.525,73.57450978443154,14.629999999999999,49.707499298349475,12.371490195688631,1.7789452217476787e+18,1.7789417741486428e+18
1778942779303981538,12.26,1.8,74.825,73.53281838419531,14.3325,49.66132471396537,12.370656367683907,1.7789452541635574e+18,1.7789417638135465e+18
1778942779704508352,12.264,2.215,228.325,73.51290145592583,14.3325,49.638968254493214,12.370258029118517,1.778945286739843e+18,1.7789417534079708e+18
1778942780105038335,12.272,1.5475,696.775,73.48034547042488,14.0175,49.602819227323444,12.369606909408498,1.7789453193966124e+18,1.7789417429557565e+18
1778942780505454397,12.28,1.78,487.975,73.43800664538094,14.0175,49.55612269955472,12.368760132907619,1.778945352070334e+18,1.778941732475831e+18
1778942780905992302,12.276,1.665,1489.175,73.40045818815177,13.7025,49.51442293758708,12.368009163763036,1.7789453847755878e+18,1.778941721964291e+18
1778942781306363710,12.284,1.6325,1267.8,73.36743715548452,13.229999999999999,49.47792853593241,12.367348743109691,1.7789454175646182e+18,1.7789417114043868e+18
1778942781707002593,12.3,1.68,592.2,73.34015990497304,13.229999999999999,49.447664162566305,12.366803198099461,1.7789454505167534e+18,1.7789417007704945e+18
1778942782107479529,12.296,1.715,168.85,73.2948515416667,12.844999999999999,49.397379502257856,12.365897030833334,1.7789454834663805e+18,1.7789416901140344e+18
1778942782507918206,12.308,1.715,515.275,73.27462675617626,12.844999999999999,49.37477699762876,12.365492535123526,1.7789455166236639e+18,1.7789416793699702e+18
1778942782908495906,12.304,1.5825,1572.475,73.24545060446823,12.512500000000001,49.34221723327875,12.364909012089365,1.77894554990942e+18,1.778941668562726e+18
1778942783508997193,12.304,2.18,1522.0,73.22922055226506,12.512500000000001,49.32339647641197,12.364584411045302,1.778945583491053e+18,1.778941657640386e+18
1778942783909238930,12.312,1.615,1367.975,73.19997077686935,12.18,49.291078879803905,12.363999415537387,1.7789456172340577e+18,1.7789416466432978e+18
1778942784309392176,12.316,2.18,897.925,73.17469041553596,12.18,49.263657038586,12.36349380831072,1.7789456511705295e+18,1.7789416355614346e+18
1778942784709876460,12.316,1.4625,1101.825,73.14074379861974,11.7775,49.225944377233674,12.362814875972395,1.7789456852256686e+18,1.7789416244177487e+18
1778942785110383617,12.32,1.5975,85.7,73.11469621100208,11.7775,49.19694437658076,12.362293924220042,1.7789457194231644e+18,1.778941613206215e+18
1778942785511135166,12.312,1.665,261.525,73.08619951507858,11.3925,49.16547342399174,12.361723990301572,1.778945753690698e+18,1.77894160195073e+18
1778942785911594151,12.316,1.665,798.1,73.06381873617802,11.3925,49.1404097633204,12.36127637472356,1.7789457881002468e+18,1.7789415906283187e+18
1778942786312008227,12.324,2.115,797.2,73.04324223629796,10.955,49.11735178281445,12.36086484472596,1.7789458227351985e+18,1.7789415792108352e+18
1778942786712432162,12.324,1.5975,794.45,73.01827062915959,10.955,49.08964889171615,12.360365412583192,1.778945857568297e+18,1.7789415677061752e+18
1778942787112878371,12.332,1.615,786.05,72.97780761453767,10.955,49.04525086716786,12.359556152290754,1.7789458924041126e+18,1.778941556176543e+18
1778942787513136258,12.336,1.615,760.425,72.95810808576019,10.57,49.023169478555104,12.359162161715204,1.7789459271327793e+18,1.7789415446657577e+18
1778942787913410690,12.332,1.7,682.225,72.93897567536591,10.57,49.00148831400274,12.358779513507319,1.778945961816877e+18,1.7789415331525453e+18
1778942788313772783,12.34,1.715,443.575,72.92638291649051,10.2025,48.99749102668283,12.35852765832981,1.7789459965430213e+18,1.778941521609186e+18
1778942788713954522,12.332,2.165,1353.675,72.9707189692032,10.2025,49.09978073507972,12.359414379384065,1.778946031887437e+18,1.778941509855323e+18
1778942789114169454,12.332,1.765,854.275,73.01155965110507,10.2025,49.20467667524141,12.360231193022102,1.7789460678622103e+18,1.778941497885819e+18
1778942789514427232,12.332,1.815,968.625,73.0500749531175,9.799999999999999,49.29240515283463,12.36100149906235,1.7789461044694392e+18,1.7789414856993203e+18
1778942789914809009,12.34,1.665,1317.6,73.09111942911092,9.799999999999999,49.38499203974931,12.361822388582219,1.7789461417546499e+18,1.778941473281054e+18
1778942790315163216,12.348,1.73,744.175,73.13591370701218,9.415,49.48006926319612,12.362718274140244,1.778946179796974e+18,1.778941460605085e+18
1778942790715414454,12.344,1.665,632.625,73.18570126149888,9.415,49.5926625879117,12.363714025229978,1.7789462187247524e+18,1.7789414476289172e+18
1778942791115780546,12.34,1.68,292.2,73.22837756463389,9.415,49.6857012794687,12.364567551292678,1.7789462584447624e+18,1.7789414343824868e+18
1778942791516161987,12.348,1.75,891.7,73.2603263937687,8.995,49.73009234854511,12.365206527875374,1.778946298883507e+18,1.7789414208877123e+18
1778942791916501085,12.348,1.5325,1082.85,73.32582834729652,8.995,49.795257999928914,12.366516566945931,1.7789463404947988e+18,1.778941406999295e+18
1778942792316860087,12.332,1.65,27.775,73.344554959215,8.575000000000001,49.81777051952606,12.3668910991843,1.7789463827238031e+18,1.7789413928931889e+18
1778942792717183433,12.28,2.8825,84.75,73.36166607650742,8.575000000000001,49.838996563350776,12.367233321530149,1.778946425643137e+18,1.7789413785437924e+18
1778942793117579939,12.012,7.6475,258.625,73.36682382464738,8.575000000000001,49.8461724754289,12.367336476492948,1.7789464691899804e+18,1.7789413639686866e+18
1778942793518138289,12.248,3.8975,789.25,73.3952870216945,8.1725,49.890194807381334,12.36790574043389,1.7789465137056223e+18,1.7789413490579318e+18
1778942793918450843,11.836,11.7825,770.175,73.41181001442853,8.1725,49.92416759323855,12.368236200288571,1.7789465588821642e+18,1.7789413339138532e+18
1778942794318679247,11.656,15.68,711.975,73.44075240324983,8.1725,49.924985141696965,12.368815048064997,1.7789466050185185e+18,1.7789413184374697e+18
1778942794719025135,11.688,14.0975,534.375,73.45372109042793,8.032499999999999,49.92960539430952,12.369074421808559,1.7789466509463867e+18,1.7789413030275884e+18
1778942795119273539,11.304,22.165,1630.775,73.45352303035772,8.032499999999999,49.90037400488262,12.369070460607155,1.778946697540143e+18,1.7789412873768602e+18
1778942795519608911,11.636,14.8825,61.525,73.45543531965387,8.032499999999999,49.89827058690713,12.369108706393078,1.7789467447456847e+18,1.7789412715047027e+18
1778942795920062923,11.616,15.4325,187.75,73.45328551248755,8.5575,49.88841510837146,12.369065710249751,1.7789467926163466e+18,1.778941255391042e+18
1778942796320372818,11.128,25.585,572.95,73.43900214772461,8.5575,49.845837477786326,12.368780042954493,1.7789468410312466e+18,1.7789412390731028e+18
1778942796720759758,11.124,26.035,110.1,73.42240808214972,9.344999999999999,49.787018979190556,12.368448161642995,1.7789468900011732e+18,1.778941222546054e+18
1778942797121077074,11.084,25.93,335.975,73.41627991782848,9.344999999999999,49.776123862606184,12.36832559835657,1.7789469396213535e+18,1.7789412057806328e+18
1778942797521339626,11.916,7.965,1025.3,73.39933875896855,9.344999999999999,49.76770532027883,12.367986775179372,1.7789469896799327e+18,1.7789411888460237e+18
1778942797921598288,11.72,12.4,1490.55,73.38379820931502,10.237499999999999,49.761896235951816,12.3676759641863,1.7789470399220815e+18,1.7789411718310843e+18
1778942798321967996,12.1,4.0,1271.975,73.35832751714797,10.237499999999999,49.74772378697537,12.36716655034296,1.7789470901904387e+18,1.778941154786452e+18
1778942798722139943,11.152,24.08,604.95,73.362116236098,10.5525,49.775118068973306,12.36724232472196,1.778947140887279e+18,1.7789411375838592e+18
1778942799122360024,11.168,23.4825,207.75,73.37697007631405,10.5525,49.84600964256153,12.367539401526281,1.7789471922492178e+18,1.7789411201455194e+18
1778942799522750341,11.192,23.615,634.0,73.37899364469011,11.0775,49.859788415267374,12.367579872893803,1.778947244182446e+18,1.7789411024988785e+18
1778942799923072484,11.228,22.9175,296.4,73.38198532086854,11.0775,49.857489490685865,12.367639706417371,1.7789472966837076e+18,1.7789410846454364e+18
1778942800323448767,12.176,2.1,904.525,73.35909232084975,11.725,49.88507022893715,12.367181846416996,1.7789473493860285e+18,1.7789410667021166e+18
1778942800723797892,12.2,2.215,1121.975,73.4054216815867,11.725,50.07011885522258,12.368108433631734,1.7789474033567619e+18,1.7789410483251318e+18
1778942801124151427,12.24,1.615,147.175,73.4195271237212,11.83,50.15315441258499,12.368390542474424,1.778947458193298e+18,1.778941029642291e+18
1778942801724591476,12.16,3.9325,449.125,73.41715401674875,11.83,50.159582107506765,12.368343080334975,1.7789475137064878e+18,1.7789410107140695e+18
1778942802125058362,12.072,5.2825,1370.6,73.41640114584766,11.725,50.152575187171564,12.368328022916954,1.7789475697784783e+18,1.7789409915804982e+18
1778942802525578617,12.172,3.08,905.925,73.434606041765,11.725,50.25654863546339,12.3686921208353,1.7789476270524547e+18,1.7789409720255562e+18
1778942802925814924,11.828,10.8475,1126.25,73.46416493353667,11.62,50.351592516751,12.369283298670734,1.7789476854586936e+18,1.7789409520785902e+18
1778942803326187885,11.932,8.28,160.225,73.4598247150151,11.62,50.350914497122965,12.369196494300303,1.7789477445564518e+18,1.7789409318783555e+18
1778942803726407245,12.04,5.6475,488.95,73.44571281590753,11.76,50.316937278554946,12.368914256318151,1.778947803928724e+18,1.7789409115658593e+18
1778942804126764132,11.808,10.7475,1492.15,73.45493316799424,11.76,50.320358780685055,12.369098663359885,1.7789478640428188e+18,1.7789408909884846e+18
1778942804526978927,11.812,10.3825,1276.875,73.45503795082608,11.9,50.317021391609266,12.369100759016522,1.7789479248922834e+18,1.7789408701442988e+18
1778942804927301731,11.324,20.6825,619.9,73.45671600923689,11.9,50.3091703269621,12.369134320184738,1.7789479865294034e+18,1.778940849015686e+18
1778942805327640794,11.228,22.6,253.375,73.45880443440613,12.092500000000001,50.290048765068356,12.369176088688123,1.7789480489786652e+18,1.7789408275942182e+18
1778942805728364296,11.224,22.715,773.225,73.46338471237326,12.6175,50.28849535491044,12.369267694247466,1.7789481123169818e+18,1.7789408058541233e+18
1778942806128627670,11.228,22.9675,721.275,73.49133017608612,12.6175,50.31026406193302,12.369826603521723,1.7789481772196867e+18,1.778940783570449e+18
1778942806529023048,11.252,21.6825,562.75,73.51084510205891,13.09,50.349895738915784,12.370216902041179,1.778948242776516e+18,1.778940761057616e+18
1778942806929276375,11.248,20.3,78.975,73.53766206476404,13.09,50.43963066552643,12.370753241295281,1.778948309003138e+18,1.7789407383139607e+18
1778942807329662632,11.132,22.715,241.0,73.55807569556951,13.475,50.52448650323761,12.37116151391139,1.778948376001193e+18,1.778940715301056e+18
1778942807730101225,11.408,17.7475,735.45,73.57034952135376,13.475,50.57107168308223,12.371406990427076,1.7789484436279424e+18,1.7789406920649956e+18
1778942808130216616,11.304,20.6475,606.0,73.57919082397899,13.737499999999999,50.594542228918506,12.37158381647958,1.77894851170979e+18,1.7789406686649725e+18
1778942808530385503,11.396,17.9325,210.95,73.58886172052354,13.9475,50.63917656835415,12.371777234410471,1.7789485804018972e+18,1.7789406450472018e+18
1778942808930661542,11.504,15.815,643.75,73.58458993527312,13.9475,50.66324446549729,12.371691798705463,1.7789486494314542e+18,1.7789406213001416e+18
1778942809330840593,11.408,17.53,326.15,73.58406561508158,14.157499999999999,50.699016207359726,12.371681312301632,1.7789487188732777e+18,1.778940597399522e+18
1778942809731203746,11.412,17.3975,995.325,73.58333237468199,14.385000000000002,50.734701767957446,12.37166664749364,1.7789487886160579e+18,1.7789405733842706e+18
1778942810131432373,11.404,17.98,1399.075,73.58747926145934,14.385000000000002,50.766037797763076,12.371749585229187,1.7789488588360668e+18,1.77894054919523e+18
1778942810531853042,11.32,20.45,992.825,73.5807509325812,14.700000000000001,50.76614426285941,12.371615018651624,1.7789489293559642e+18,1.7789405248887836e+18
1778942811132401892,11.356,19.1975,1391.45,73.5779756572369,15.032499999999999,50.785063418501736,12.371559513144739,1.7789490002948145e+18,1.778940500426868e+18
1778942811532678932,11.316,19.6825,969.55,73.57289391756412,15.032499999999999,50.81036406046061,12.371457878351283,1.7789490716556367e+18,1.778940475805527e+18
1778942811933022106,11.344,19.3325,1320.425,73.56991534775696,15.3475,50.837756703923425,12.37139830695514,1.7789491434368486e+18,1.778940451026439e+18
1778942812333164545,11.34,19.2675,752.8,73.56686296250112,15.645,50.875225180669716,12.371337259250023,1.778949215772445e+18,1.7789404260425027e+18
1778942812733767002,11.392,18.135,658.95,73.56661653483759,15.645,50.90968994656501,12.371332330696752,1.7789492884585672e+18,1.7789404009268503e+18
1778942813134073092,11.408,16.8975,372.55,73.56608907725136,15.837500000000002,50.96133452982067,12.371321781545028,1.7789493617643264e+18,1.778940375584839e+18
1778942813534380773,11.52,15.5175,1136.925,73.5573147216531,16.03,50.97570014480237,12.371146294433062,1.7789494354252431e+18,1.7789403501045696e+18
1778942813934546208,11.52,15.285,192.8,73.54322022344046,16.03,50.988404648516365,12.37086440446881,1.7789495092180168e+18,1.7789403245612833e+18
1778942814335013304,11.508,16.0175,588.375,73.53684806000604,16.135,50.99943297871413,12.370736961200121,1.7789495828152579e+18,1.7789402990744742e+18
1778942814735143568,11.52,15.6325,157.175,73.53045748943047,16.2225,51.01271992500987,12.37060914978861,1.7789496564479716e+18,1.7789402735629824e+18
1778942815135342243,11.508,15.7,479.65,73.53079450060775,16.2225,51.06679948967492,12.370615890012155,1.7789497305163123e+18,1.7789402478901765e+18
1778942815535528848,12.032,4.65,1463.775,73.50947042976283,16.2575,51.09080893138278,12.370189408595257,1.7789498044829888e+18,1.7789402222318495e+18
1778942815935776692,12.176,2.215,1190.275,73.49488906695382,16.2225,51.118217879727084,12.369897781339077,1.7789498782816082e+18,1.7789401966153106e+18
1778942816336066064,12.212,1.865,355.625,73.50288827026493,15.977500000000001,51.20228319562312,12.3700577654053,1.778949952673938e+18,1.7789401707864538e+18
1778942816736373183,12.16,2.9175,1085.275,73.50209776977374,15.977500000000001,51.252508030190015,12.370041955395475,1.7789500275480374e+18,1.7789401447792852e+18
1778942817136674407,12.168,2.765,35.175,73.51955654586763,15.7325,51.35500266732494,12.370391130917353,1.7789501034446362e+18,1.7789401184149832e+18
1778942817537320075,12.168,2.9675,107.325,73.55364599425992,15.7325,51.49556363962459,12.371072919885199,1.7789501809641073e+18,1.77894009149294e+18
1778942817937871069,12.18,2.8625,327.525,73.56498120657982,15.522499999999999,51.507926157646104,12.371299624131597,1.7789502592722145e+18,1.778940064292624e+18
1778942818338392797,12.188,2.9325,999.525,73.55736057562171,15.3125,51.521804420365875,12.371147211512435,1.7789503375706952e+18,1.7789400370830157e+18
1778942818738586161,12.192,3.115,1411.9,73.54924361206665,15.3125,51.5106476096127,12.370984872241333,1.7789504161284221e+18,1.7789400097690678e+18
1778942819139203455,12.192,3.08,1031.975,73.5437856633867,15.137500000000001,51.49606792742671,12.370875713267734,1.778950495028551e+18,1.7789399823231603e+18
1778942819539332989,12.192,3.13,1510.925,73.56037400403217,14.962500000000002,51.51486212293765,12.371207480080644,1.778950574628592e+18,1.7789399546339366e+18
1778942819939663337,12.184,3.215,1334.175,73.56579090232901,14.962500000000002,51.52055506467267,12.37131581804658,1.7789506546020068e+18,1.7789399268092255e+18
1778942820340215957,12.188,3.065,794.775,73.56037885040863,14.787499999999998,51.51354484040727,12.371207577008173,1.778950734501361e+18,1.7789398989995359e+18
1778942820740868217,12.184,3.2325,787.05,73.55325639488103,14.665000000000001,51.5048215698291,12.371065127897621,1.7789508141345234e+18,1.7789398712714706e+18
1778942821141118578,12.188,3.25,763.475,73.54551470345818,14.665000000000001,51.509282890916396,12.370910294069164,1.7789508934994033e+18,1.7789398436253588e+18
1778942821541364657,12.184,3.3675,691.525,73.54025499744061,14.594999999999999,51.504136559160536,12.370805099948813,1.7789509724243914e+18,1.7789398161234783e+18
1778942821941756116,12.196,3.3125,471.95,73.53853294793228,14.594999999999999,51.50357056191135,12.370770658958646,1.7789510507478792e+18,1.7789397888254077e+18
1778942822342096359,12.196,3.2,1440.275,73.53419958991596,14.385000000000002,51.501109344754084,12.37068399179832,1.778951128714122e+18,1.7789397616432696e+18
1778942822742381894,12.192,3.1,1118.55,73.52713464309505,14.209999999999999,51.491661721616126,12.370542692861902,1.778951205874702e+18,1.7789397347334615e+18
1778942823142675510,12.2,3.2325,136.725,73.52523798698084,14.209999999999999,51.49431927654683,12.370504759739617,1.778951281703374e+18,1.7789397082855652e+18
1778942823542962182,12.2,3.2975,417.25,73.54145087985238,14.052499999999998,51.51342752354452,12.370829017597048,1.7789513569055862e+18,1.7789396820638802e+18
1778942824143264264,12.192,3.4475,1273.325,73.55470095671545,13.86,51.52943017861989,12.37109401913431,1.7789514315481984e+18,1.778939656044522e+18
1778942824544727894,12.196,3.8325,609.075,73.56987372013276,13.86,51.545898675763176,12.371397474402656,1.7789515056461315e+18,1.7789396302224957e+18
1778942824945068347,12.196,3.5,220.325,73.57075006494362,13.5625,51.546684817606035,12.371415001298873,1.7789515785480855e+18,1.7789396048176404e+18
1778942825345225402,12.172,3.9825,672.375,73.57261781836203,13.5625,51.54848810773387,12.371452356367241,1.7789516504127826e+18,1.7789395797748756e+18
1778942825745512534,12.156,4.3825,413.525,73.57772100433796,13.2475,51.55364992068064,12.37155442008676,1.7789517212424197e+18,1.7789395550960847e+18
1778942826346175274,12.164,4.3475,1261.975,73.58121189392017,13.2475,51.55637577622055,12.371624237878404,1.7789517909918013e+18,1.7789395307977882e+18
1778942826746521754,12.136,4.5,574.425,73.57492646010009,12.88,51.54908981618398,12.371498529202002,1.7789518590617262e+18,1.7789395070831101e+18
1778942827146692593,12.136,4.8675,114.6,73.56820451514271,12.88,51.53937644447551,12.371364090302855,1.7789519253218816e+18,1.7789394839980124e+18
1778942827547245166,12.16,4.6825,349.725,73.56795044398865,12.67,51.536005159073184,12.371359008879773,1.778951989686678e+18,1.7789394615779553e+18
1778942828147571481,12.108,5.1475,1067.275,73.55479667910573,12.67,51.519893351503,12.371095933582115,1.77895205205967e+18,1.7789394398488543e+18
1778942828547978019,12.212,3.115,1618.65,73.54264501611958,12.424999999999999,51.50607262398242,12.370852900322392,1.7789521141349212e+18,1.7789394182110382e+18
1778942828948239372,12.2,3.63,24.525,73.53982990422523,12.145000000000001,51.50203194782763,12.370796598084505,1.7789521751681987e+18,1.7789393969350444e+18
1778942829348511890,12.22,3.3825,74.825,73.53345444417565,12.145000000000001,51.49398855245155,12.370669088883513,1.778952234705278e+18,1.7789393761789565e+18
1778942829749020408,12.144,4.8325,228.325,73.52506235605638,12.145000000000001,51.48375796003983,12.370501247121128,1.7789522922191342e+18,1.7789393561278725e+18
1778942830149305505,12.172,4.1975,696.775,73.5204789653709,11.707500000000001,51.47825705624365,12.370409579307418,1.7789523478590254e+18,1.7789393367322537e+18
1778942830549526562,12.216,3.2,487.975,73.50660874425579,11.707500000000001,51.463051468665014,12.370132174885116,1.7789524012695908e+18,1.778939318110761e+18
1778942830949840336,12.244,2.9325,1489.175,73.49854115502765,11.41,51.454524757838485,12.369970823100553,1.7789524524283978e+18,1.7789393002762332e+18
1778942831350233421,11.892,10.265,1267.8,73.4907380677786,11.41,51.43267237756807,12.369814761355572,1.7789525012882557e+18,1.7789392832459072e+18
1778942831750430836,12.136,4.8475,592.2,73.47846780374114,11.06,51.418170530835205,12.369569356074823,1.778952547792126e+18,1.7789392670366996e+18
1778942832351029511,11.228,23.4475,168.85,73.43755437782082,11.06,51.32693191222129,12.368751087556417,1.77895259080552e+18,1.7789392520290043e+18
1778942832751276403,11.036,27.015,515.275,73.39935704387014,11.025,51.240543361944404,12.367987140877403,1.7789526308569216e+18,1.778939238036757e+18
1778942833151523625,10.972,28.1825,1572.475,73.35736477158602,11.025,51.15552400034937,12.367147295431721,1.7789526670771308e+18,1.7789392253652196e+18
1778942833551882005,12.124,3.9475,1522.0,73.32248818988009,11.41,51.12108451351101,12.366449763797602,1.778952700689314e+18,1.7789392135872384e+18
1778942833952202815,12.024,6.365,1367.975,73.2957766791208,11.41,51.09803276860022,12.365915533582417,1.7789527324467794e+18,1.7789392024428495e+18
1778942834352545138,11.64,14.3,897.925,73.27488093952671,11.4625,51.07788734116814,12.365497618790535,1.7789527632627272e+18,1.7789391916133345e+18
1778942834752799463,11.6,14.6325,1101.825,73.25536165552941,11.4625,51.0680922830939,12.365107233110589,1.778952791857909e+18,1.7789391815536397e+18
1778942835153075696,11.572,14.5825,85.7,73.2336675302193,11.637500000000001,51.06232555594184,12.364673350604386,1.7789528180721723e+18,1.7789391723192056e+18
1778942835553524728,11.612,14.75,261.525,73.20410193790278,11.637500000000001,51.02830023760226,12.364082038758056,1.778952841604545e+18,1.7789391640108114e+18
1778942835953858946,11.612,14.2325,798.1,73.17791980201979,11.935,51.00925487644955,12.363558396040396,1.7789528624942564e+18,1.7789391566178785e+18
1778942836354275027,11.588,14.5475,797.2,73.1671469517745,12.2675,51.02454145373598,12.36334293903549,1.77895288185107e+18,1.7789391497597507e+18
1778942836754591727,11.604,14.25,794.45,73.16018423738457,12.2675,51.05530084618822,12.363203684747692,1.7789528996226796e+18,1.778939143458472e+18
1778942837154825066,11.636,13.5,786.05,73.19702060827744,12.512500000000001,51.19082020043853,12.36394041216555,1.7789529182940877e+18,1.7789391368680458e+18
1778942837555171408,11.648,13.5975,760.425,73.27047736814886,12.512500000000001,51.42202414741184,12.365409547362978,1.7789529398524623e+18,1.7789391293126787e+18
1778942837955380055,11.648,14.1175,682.225,73.28078651862562,12.74,51.422616371242945,12.365615730372513,1.7789529610798054e+18,1.77893912188284e+18
1778942838355625526,11.612,13.915,443.575,73.27660501888315,12.74,51.43196385672417,12.365532100377663,1.7789529830230835e+18,1.7789391141946463e+18
1778942838756013178,11.64,13.7825,1353.675,73.27426941628862,12.8975,51.43538937772845,12.365485388325773,1.778953006124749e+18,1.7789391060922706e+18
1778942839156330705,11.64,13.83,854.275,73.26092928818797,12.8975,51.42716531724874,12.36521858576376,1.7789530298545157e+18,1.7789390977548961e+18
1778942839556541834,11.628,13.4,968.625,73.24390960032305,12.844999999999999,51.4240581881787,12.364878192006461,1.778953054231605e+18,1.7789390891725368e+18
1778942839957046955,11.652,13.865,1317.6,73.2261700142712,12.967500000000001,51.403286281861604,12.364523400285425,1.7789530791151173e+18,1.7789390803945848e+18
1778942840357684288,11.652,12.985,744.175,73.2034753434232,12.967500000000001,51.39283118335557,12.364069506868464,1.7789531033780221e+18,1.7789390718176586e+18
1778942840758154704,11.608,12.8,632.625,73.17523991585045,13.16,51.39256092971081,12.36350479831701,1.7789531263658422e+18,1.7789390636700805e+18
1778942841158331418,11.628,13.4,292.2,73.15653457865814,13.16,51.3892418683171,12.363130691573163,1.778953148463818e+18,1.778939055822973e+18
1778942841558946062,11.636,12.6325,891.7,73.14036021576786,13.3525,51.41784351468826,12.362807204315358,1.778953169886998e+18,1.7789390482021102e+18
1778942841959047300,11.66,12.2975,1082.85,73.12891078198795,13.3525,51.44830177911277,12.36257821563976,1.7789531905136113e+18,1.7789390408549174e+18
1778942842359445011,11.736,10.965,27.775,73.11556726189785,13.65,51.45775578833141,12.362311345237957,1.778953210186483e+18,1.7789390338359532e+18
1778942842759742776,12.176,2.165,84.75,73.0783226508688,13.86,51.422317697606104,12.361566453017376,1.778953228372759e+18,1.7789390273152143e+18
1778942843159991495,12.192,2.3475,258.625,73.05041894853659,13.86,51.40083734645371,12.361008378970732,1.7789532454009505e+18,1.7789390211838584e+18
1778942843560281363,12.212,2.13,789.25,73.02901761180935,13.79,51.397134397916,12.360580352236187,1.7789532615066844e+18,1.7789390153636657e+18
1778942843960446705,12.196,2.5325,770.175,73.01415246546713,13.79,51.378611491740195,12.360283049309343,1.7789532772071726e+18,1.7789390096760317e+18
1778942844360937117,12.104,4.665,711.975,73.00750256639014,13.615,51.37343864156219,12.360150051327803,1.7789532929901005e+18,1.7789390039541207e+18
1778942844761183768,12.132,3.9175,534.375,72.99931375916104,13.545,51.359528248236394,12.359986275183221,1.7789533088723756e+18,1.7789389981906081e+18
1778942845161367261,11.796,10.065,1630.775,72.9909079889328,13.545,51.36313471639109,12.359818159778657,1.7789533248429555e+18,1.778938992389241e+18
1778942845561634050,11.784,11.0,61.525,72.99149390052663,13.5275,51.38447577450818,12.359829878010533,1.7789533412599672e+18,1.7789389864298074e+18
1778942845961954226,11.684,12.48,187.75,72.99154375363219,13.5275,51.418339847425656,12.359830875072644,1.7789533582712942e+18,1.778938980259001e+18
1778942846362311248,11.476,17.165,572.95,72.99088306885996,13.51,51.41326811362443,12.3598176613772,1.7789533764828396e+18,1.778938973659887e+18
1778942846762821368,11.568,14.25,110.1,73.00656007547194,13.51,51.44910225332675,12.36013120150944,1.7789533964584133e+18,1.7789389664446723e+18
1778942847163062084,11.428,17.3175,335.975,73.02819910477626,13.667499999999999,51.49039447321308,12.360563982095526,1.778953418276112e+18,1.7789389585900948e+18
1778942847563298272,11.476,16.9825,1025.3,73.04311804509567,13.737499999999999,51.512912469298435,12.360862360901914,1.7789534416336074e+18,1.7789389501980792e+18
1778942847963580286,11.448,17.635,1490.55,73.05523187437588,13.737499999999999,51.52948136501039,12.361104637487518,1.7789534662926167e+18,1.7789389413510618e+18
1778942848564139578,11.284,20.8,1271.975,73.06310233509156,14.087500000000002,51.5416974065498,12.361262046701832,1.7789534916766213e+18,1.778938932252309e+18
1778942848964373071,11.4,18.6,604.95,73.06735785767309,14.087500000000002,51.54800066548721,12.361347157153462,1.7789535177076913e+18,1.7789389229253504e+18
1778942849364638444,11.3,20.6325,207.75,73.07240406959359,14.4725,51.55236558163894,12.361448081391872,1.7789535440459822e+18,1.778938913492191e+18
1778942849765101380,11.252,21.9975,634.0,73.06388997479755,14.77,51.52800394320577,12.361277799495952,1.7789535699896492e+18,1.7789389041921764e+18
1778942850165461153,11.256,21.0825,296.4,73.06394462066716,14.77,51.53884739320714,12.361278892413344,1.7789535959345838e+18,1.7789388948911173e+18
1778942850565764187,11.38,18.6825,904.525,73.05897997088157,15.155000000000001,51.54284844617882,12.361179599417632,1.7789536214059292e+18,1.7789388857545646e+18
1778942851166106994,11.408,18.3825,1121.975,73.0597459371597,15.400000000000002,51.546394888625755,12.361194918743195,1.7789536465858266e+18,1.7789388767234714e+18
1778942851766768319,11.42,18.1975,147.175,73.05403196309203,15.400000000000002,51.54141708876319,12.361080639261841,1.77895367124119e+18,1.7789388678757645e+18
1778942852167129534,11.44,17.265,449.125,73.04065328789599,15.6275,51.539948593810955,12.36081306575792,1.7789536946371533e+18,1.778938859466812e+18
1778942852567807796,11.428,17.7475,1370.6,73.03044008516898,15.8725,51.53656302953063,12.36060880170338,1.7789537170165064e+18,1.778938851412683e+18
1778942852968773022,11.368,18.7325,905.925,73.0217777484201,16.135,51.53954968083516,12.360435554968403,1.7789537384531635e+18,1.778938843688443e+18
1778942853369020272,11.416,18.03,1126.25,73.01120396264959,16.135,51.534784899230694,12.360224079252992,1.778953758438234e+18,1.7789388364748434e+18
1778942853769533210,11.44,17.6,160.225,72.99782256445359,16.397499999999997,51.52588428011291,12.359956451289072,1.7789537769359096e+18,1.7789388297826033e+18
1778942854169945910,11.452,17.215,488.95,72.97858741924887,16.6425,51.5119948543264,12.359571748384978,1.778953793438099e+18,1.7789388237890043e+18
1778942854570297815,11.38,17.7675,1492.15,72.9791119700823,16.6425,51.55886722242856,12.359582239401647,1.7789538090322552e+18,1.7789388181218138e+18
1778942854970732892,11.456,17.08,1276.875,72.97794895240796,16.765,51.57639518938054,12.35955897904816,1.7789538216003308e+18,1.778938813538692e+18
1778942855370940561,11.428,17.3675,619.9,72.98546368183504,16.905,51.629737044165836,12.359709273636701,1.7789538321876938e+18,1.7789388096730092e+18
1778942855771329681,11.364,18.5,253.375,72.99458248189907,17.0625,51.68468168515218,12.359891649637982,1.778953841294651e+18,1.7789388063471565e+18
1778942856171464298,11.416,18.0,773.225,72.99730565549653,17.0625,51.703814305024586,12.359946113109931,1.7789538500108536e+18,1.7789388031652442e+18
1778942856571803023,11.444,17.1,721.275,72.99853869707923,17.185000000000002,51.733431596274514,12.359970773941585,1.7789538579221391e+18,1.778938800274569e+18
1778942856972197070,11.44,17.4325,562.75,73.00259092127996,17.22,51.760975375896074,12.3600518184256,1.7789538664514076e+18,1.778938797167333e+18
1778942857372560530,11.436,18.015,78.975,73.00190726237456,17.272499999999997,51.76059339784825,12.360038145247492,1.7789538751139886e+18,1.7789387940132237e+18
1778942857772927473,12.076,3.265,241.0,72.95818685836684,17.272499999999997,51.709313156000874,12.359163737167338,1.7789538823686244e+18,1.7789387913284867e+18
1778942858173104122,12.188,2.0825,735.45,72.92523997375139,17.377499999999998,51.67058606284918,12.358504799475028,1.7789538876772204e+18,1.778938789315851e+18
1778942858573383123,12.216,1.73,606.0,72.89680011827738,17.255,51.643379891478936,12.357936002365548,1.7789538909876764e+18,1.7789387879983793e+18
1778942858973711292,12.176,2.665,210.95,72.87514728526733,17.01,51.62079233235727,12.357502945705347,1.7789538929136038e+18,1.77893878716207e+18
1778942859374051718,12.184,2.815,643.75,72.86157534179347,17.01,51.6051695752867,12.35723150683587,1.7789538939197373e+18,1.7789387866472814e+18
1778942859774281736,12.184,2.9825,326.15,72.85341297276159,16.9225,51.60407224382636,12.357068259455232,1.7789538943469356e+18,1.7789387863364242e+18
1778942860174623307,12.18,3.13,995.325,72.84676719466584,16.7825,51.6020061835436,12.356935343893317,1.7789538943018857e+18,1.7789387861925993e+18
1778942860574960484,12.188,3.15,1399.075,72.84297693589234,16.7825,51.58698271886844,12.356859538717847,1.778953893949387e+18,1.7789387861591293e+18
1778942860975296992,12.188,3.115,992.825,72.83882426209088,16.6775,51.579984975643406,12.356776485241818,1.7789538932277732e+18,1.778938786257931e+18
1778942861375613052,12.192,2.9975,1391.45,72.83389097383805,16.537499999999998,51.57259205555865,12.356677819476761,1.778953892129469e+18,1.7789387864911524e+18
1778942861775903802,12.204,3.15,969.55,72.83776367766802,16.52,51.57423886877537,12.356755273553361,1.778953891325396e+18,1.778938786625068e+18
1778942862176324250,12.2,3.3475,1320.425,72.84391939357535,16.52,51.57583828689519,12.356878387871507,1.7789538908298752e+18,1.7789387866563474e+18
1778942862576440102,12.2,3.265,752.8,72.84871140854294,16.4325,51.57444668528539,12.35697422817086,1.7789538908394312e+18,1.7789387865130296e+18
1778942862976791688,12.208,2.9975,658.95,72.84944015930853,16.2925,51.562781453437125,12.356988803186171,1.7789538911439562e+18,1.77893878626714e+18
1778942863377117125,12.208,3.3825,372.55,72.85965493606125,16.2225,51.569054385046336,12.357193098721226,1.7789538923026732e+18,1.7789387857253258e+18
1778942863777419951,12.204,3.165,1136.925,72.86612234502252,16.2225,51.59215820080008,12.35732244690045,1.778953893887483e+18,1.778938785038297e+18
1778942864177664798,12.2,3.2,192.8,72.86749655544814,16.064999999999998,51.57965971392293,12.357349931108963,1.7789538954081329e+18,1.7789387843781466e+18
1778942864577877737,12.228,3.2325,588.375,72.88756671519936,15.855,51.58989354838194,12.357751334303988,1.778953898005798e+18,1.7789387833496148e+18
1778942864978444393,12.216,3.15,157.175,72.89757281970263,15.855,51.5943510840536,12.357951456394053,1.778953902733396e+18,1.7789387815647094e+18
1778942865378850680,12.208,3.25,479.65,72.90516888057734,15.6275,51.601013453413444,12.358103377611547,1.7789539086058e+18,1.77893877937585e+18
1778942865779012252,12.208,3.165,1463.775,72.92093096310745,15.400000000000002,51.60171374545791,12.35841861926215,1.7789539155929646e+18,1.7789387768003236e+18
1778942866179113030,12.212,3.13,1190.275,72.94825466365377,15.400000000000002,51.62560324371494,12.358965093273076,1.7789539232526126e+18,1.778938774007074e+18
1778942866579466902,12.212,3.13,355.625,72.96190181818892,15.120000000000001,51.62778667423039,12.359238036363779,1.778953931901238e+18,1.7789387708703365e+18
1778942866979843041,12.224,3.08,1085.275,72.99852403747627,14.8925,51.669562378655286,12.359970480749526,1.7789539426014623e+18,1.7789387670260536e+18
1778942867380052464,12.22,3.25,35.175,73.02966470582079,14.8925,51.70429741144072,12.360593294116416,1.778953955657122e+18,1.7789387623596413e+18
1778942867780171189,12.236,3.115,107.325,73.05684830803844,14.629999999999999,51.73452922539781,12.36113696616077,1.7789539702334298e+18,1.7789387571684037e+18
1778942868180504225,12.276,1.9975,327.525,73.07339270793997,14.629999999999999,51.75357444935344,12.3614678541588,1.7789539869133522e+18,1.7789387512328863e+18
1778942868580783804,12.288,1.9975,999.525,73.09511410060264,14.4375,51.77876984934157,12.361902282012053,1.7789540058270223e+18,1.778938744510174e+18
1778942868981113999,12.22,3.2975,1411.9,73.11611284378756,14.227500000000001,51.80159973142431,12.362322256875752,1.7789540265631956e+18,1.7789387371477097e+18
1778942869381383138,12.22,3.2325,1031.975,73.1350062358027,14.227500000000001,51.82228820243476,12.362700124716055,1.7789540488558927e+18,1.7789387292394588e+18
1778942869781584572,12.288,2.13,1510.925,73.15449979630415,13.965,51.84420595350278,12.363089995926083,1.7789540724563863e+18,1.7789387208754952e+18
1778942870182028544,12.272,2.4825,1334.175,73.17335044707045,13.965,51.8652261885384,12.36346700894141,1.7789540970948739e+18,1.7789387121525153e+18
1778942870582257233,12.268,2.6,794.775,73.18862979623607,13.685,51.89136348143893,12.363772595924722,1.7789541224439455e+18,1.7789387031855775e+18
1778942870982511774,12.252,3.065,787.05,73.20805479351122,13.405000000000001,51.914643517021226,12.364161095870225,1.7789541484530179e+18,1.7789386939963853e+18
1778942871382801292,12.228,3.55,763.475,73.22754012175334,13.405000000000001,51.946144377675864,12.364550802435067,1.778954175087418e+18,1.7789386845974548e+18
1778942871782984927,12.224,3.165,691.525,73.23704667029521,12.985,51.953705543665116,12.364740933405905,1.7789542016042294e+18,1.7789386752485624e+18
1778942872183313126,12.316,1.5825,471.95,73.25237881604458,12.985,51.97515130745245,12.365047576320892,1.7789542286545718e+18,1.7789386657195305e+18
1778942872583618956,12.148,5.1325,1440.275,73.26997822788543,12.6,52.00196338277196,12.365399564557709,1.7789542560907587e+18,1.7789386560655933e+18
1778942872983915690,11.724,13.465,1118.55,73.27377175390133,12.6,51.97624246855072,12.365475435078027,1.7789542829397704e+18,1.7789386466264645e+18
1778942873384177608,11.424,19.065,136.725,73.26832153705611,12.354999999999999,51.94664243277472,12.365366430741123,1.7789543082760975e+18,1.7789386377286682e+18
1778942873984543978,11.668,13.9975,417.25,73.2697349182902,12.354999999999999,51.93504262535447,12.365394698365805,1.7789543326052672e+18,1.7789386291968164e+18
1778942874384851761,11.396,19.7825,1273.325,73.26171886816066,12.4425,51.8903438517271,12.365234377363214,1.7789543547073393e+18,1.7789386214624566e+18
1778942874785320458,11.404,18.865,609.075,73.25978402773332,12.4425,51.877460882886524,12.365195680554667,1.7789543734407107e+18,1.778938614943463e+18
1778942875185515100,11.46,17.715,220.325,73.25906235689342,12.530000000000001,51.8727994609827,12.365181247137869,1.7789543898197796e+18,1.7789386092746245e+18
1778942875585962433,11.38,19.415,672.375,73.25630438236148,12.530000000000001,51.856212478223895,12.36512608764723,1.7789544032896064e+18,1.778938604654975e+18
1778942875986157820,11.436,17.965,413.525,73.25507021613465,12.635,51.84431836009496,12.365101404322694,1.77895441427801e+18,1.7789386009314337e+18
1778942876386445539,11.348,20.1675,1261.975,73.25008347556786,12.775,51.8092703725563,12.365001669511358,1.7789544231489856e+18,1.7789385979694254e+18
1778942876786857312,11.432,18.6325,574.425,73.24654149537356,12.775,51.78471823127193,12.364930829907472,1.7789544297804902e+18,1.7789385958145055e+18
1778942877187188570,11.444,18.015,114.6,73.24460842554288,13.055,51.75674689176205,12.364892168510858,1.7789544334339523e+18,1.778938594735282e+18
1778942877587404637,11.392,19.415,349.725,73.23991423566935,13.055,51.71519107236802,12.364798284713387,1.7789544351266964e+18,1.7789385943618045e+18
1778942877987661457,12.096,2.9175,1067.275,73.19085676893334,13.195,51.641706214521776,12.363817135378667,1.7789544315867914e+18,1.7789385958397747e+18
1778942878388019940,12.212,1.73,1618.65,73.2107495291947,13.195,51.65935188036663,12.364214990583895,1.7789544271462546e+18,1.7789385976617254e+18
1778942878788202861,12.248,1.5975,24.525,73.22530309716501,13.1775,51.6759383834952,12.3645060619433,1.778954421930212e+18,1.7789385997778158e+18
1778942879188409807,12.256,1.5175,74.825,73.2419901105871,13.1775,51.695444998688465,12.364839802211742,1.778954416050036e+18,1.7789386021495355e+18
1778942879588868673,12.26,1.5325,228.325,73.24795252076485,12.862499999999999,51.70216920985951,12.364959050415298,1.7789544087130683e+18,1.7789386050545288e+18
1778942879988992334,12.268,1.815,696.775,73.26287056430729,12.862499999999999,51.71964224688537,12.365257411286146,1.778954399959716e+18,1.778938608485793e+18
1778942880389203897,12.276,1.5175,487.975,73.26785491544818,12.4775,51.72532346891695,12.365357098308964,1.7789543897889853e+18,1.778938612435323e+18
1778942880789354492,12.276,1.4475,1489.175,73.26962072899929,12.4775,51.7272482006603,12.365392414579986,1.7789543808354148e+18,1.7789386159471196e+18
1778942881189744334,12.284,1.9125,1267.8,73.27462011553355,11.6025,51.732995899077174,12.365492402310672,1.7789543735351813e+18,1.7789386188659249e+18
1778942881590187131,12.292,1.765,592.2,73.28779475666128,11.6025,51.74833970438262,12.365755895133226,1.778954368470309e+18,1.778938620987772e+18
1778942882190757973,12.312,1.6325,168.85,73.29590021032261,10.9725,51.75809037558017,12.365918004206453,1.7789543655146406e+18,1.7789386223551137e+18
1778942882591114477,12.296,1.65,515.275,73.30884605100952,10.9725,51.77332558686696,12.366176921020191,1.778954364370699e+18,1.77893862307821e+18
1778942882991367139,12.308,1.5325,1572.475,73.31563227103501,10.6225,51.78138832448162,12.3663126454207,1.7789543646969812e+18,1.7789386232753556e+18
1778942883391652597,12.308,1.665,1522.0,73.32970113776928,10.6225,51.7978812735842,12.366594022755386,1.778954368148517e+18,1.778938622353301e+18
1778942883792004101,12.316,1.4325,1367.975,73.33938354840316,10.6225,51.809397476017296,12.366787670968064,1.7789543737598838e+18,1.7789386206576932e+18
1778942884192220197,12.324,1.65,897.925,73.34927901124404,10.237499999999999,51.821025656937444,12.366985580224881,1.7789543814120765e+18,1.7789386182316388e+18
1778942884592401255,12.32,1.5675,1101.825,73.35659999099339,10.237499999999999,51.829736506311114,12.367131999819868,1.7789543911686845e+18,1.7789386150498214e+18
1778942884992686536,12.316,1.75,85.7,73.3608542982453,9.7475,51.834665415339195,12.367217085964906,1.7789544034746499e+18,1.7789386109484216e+18
1778942885392997302,12.328,1.615,261.525,73.37216389870473,9.7475,51.84794236966122,12.367443277974095,1.7789544177894095e+18,1.7789386061289556e+18
1778942885793296292,12.32,1.5825,798.1,73.36647474546822,9.7475,51.84214774507641,12.367329494909365,1.7789544333728102e+18,1.778938600845212e+18
1778942886193778564,12.328,1.6325,797.2,73.37390260039189,9.3275,51.8508534315087,12.367478052007838,1.778954450745662e+18,1.7789385949194348e+18
1778942886594050514,12.332,1.615,794.45,73.36913482802795,9.3275,51.846315702548225,12.36738269656056,1.7789544696777262e+18,1.778938588424951e+18
1778942886994249105,12.328,1.5675,786.05,73.37676589334592,8.505,51.85522944673108,12.367535317866919,1.7789544912594094e+18,1.7789385809767867e+18
1778942887394535512,12.34,1.6325,760.425,73.38632692616994,8.505,51.86641488431085,12.3677265385234,1.7789545156136502e+18,1.7789385725318968e+18
1778942887794874029,12.336,1.5675,682.225,73.39479412743879,8.505,51.87648296400027,12.367895882548776,1.7789545426744799e+18,1.778938563113156e+18
1778942888195189350,12.344,1.4625,443.575,73.40280216366226,8.505,51.88618700018042,12.368056043273246,1.7789545725747825e+18,1.7789385526719324e+18
1778942888595535710,12.212,4.03,1353.675,73.39423458441141,7.734999999999999,51.87319885216318,12.367884691688229,1.7789546038093115e+18,1.7789385417396344e+18
1778942888995758043,11.224,25.0,854.275,73.33275647845454,7.734999999999999,51.69379241302657,12.366655129569091,1.7789546336260058e+18,1.77893853126894e+18
1778942889396035689,11.18,24.4825,968.625,73.28972747506093,7.734999999999999,51.590374030922135,12.365794549501219,1.7789546629453624e+18,1.7789385209418074e+18
1778942889796407311,11.144,25.55,1317.6,73.23699631906297,7.385,51.46243226659233,12.36473992638126,1.7789546945061868e+18,1.7789385097573737e+18
1778942890196764359,11.132,25.585,744.175,73.18769561743794,7.385,51.348479595578674,12.36375391234876,1.7789547265357768e+18,1.7789384983608548e+18
1778942890597083343,11.088,25.7675,632.625,73.14470229093217,7.385,51.267432200111855,12.362894045818644,1.7789547590721242e+18,1.7789384867437082e+18
1778942890997259150,11.008,27.7,292.2,73.08680150870153,7.734999999999999,51.15620002005318,12.36173603017403,1.7789547912061996e+18,1.7789384752227313e+18
1778942891397503008,11.052,26.1975,891.7,73.05028197263255,7.734999999999999,51.0950475777255,12.361005639452651,1.7789548215832594e+18,1.7789384643072653e+18
1778942891797850113,11.792,10.5,1082.85,73.01533591612274,8.137500000000001,51.063676209658716,12.360306718322455,1.7789548496836577e+18,1.778938454187242e+18
1778942892198128083,11.696,12.3175,27.775,72.98086147369273,8.137500000000001,51.03489054081112,12.359617229473855,1.778954875669277e+18,1.7789384448045868e+18
1778942892598368681,12.188,1.9825,84.75,72.91369782741012,8.137500000000001,50.95979598691628,12.358273956548203,1.7789548974521006e+18,1.7789384368890632e+18
1778942892998689608,12.184,2.4675,258.625,72.85980157855806,8.0675,50.899973104449764,12.357196031571162,1.7789549151212068e+18,1.7789384304202698e+18
1778942893399046664,11.856,9.315,789.25,72.82195129342179,8.0675,50.8627416748734,12.356439025868436,1.7789549297324854e+18,1.7789384250294367e+18
1778942893799385670,11.628,14.1675,770.175,72.78378295807782,8.0675,50.82231547949834,12.355675659161557,1.7789549415742528e+18,1.7789384206121976e+18
1778942894199675290,12.188,2.265,711.975,72.7268094536689,7.682499999999999,50.75835961157468,12.354536189073379,1.7789549498369157e+18,1.7789384174468943e+18
1778942894600075342,12.22,2.1,534.375,72.68525795340962,7.682499999999999,50.7115737977178,12.353705159068193,1.7789549518410301e+18,1.7789384165202017e+18
1778942895000309354,11.536,16.58,1630.775,72.6536643723313,7.682499999999999,50.668966673889,12.353073287446627,1.7789549513024724e+18,1.7789384164926356e+18
1778942895400740204,12.132,3.7325,61.525,72.62765822518462,7.630000000000001,50.64866507549417,12.352553164503693,1.7789549490738977e+18,1.7789384170598945e+18
1778942895800875528,11.192,23.235,187.75,72.58675196527332,7.630000000000001,50.59876360693725,12.351735039305467,1.778954944419678e+18,1.7789384184769736e+18
1778942896201108362,11.22,22.8825,572.95,72.56924253061871,7.630000000000001,50.58587369787925,12.351384850612375,1.778954939153895e+18,1.7789384201053253e+18
1778942896601352606,11.164,23.685,110.1,72.56380974889706,7.9975000000000005,50.60906091368268,12.351276194977942,1.7789549335143939e+18,1.7789384218689418e+18
1778942897001792173,11.132,24.1,335.975,72.55954011894657,7.9975000000000005,50.62002620154472,12.351190802378932,1.7789549374466752e+18,1.7789384201540795e+18
1778942897401957377,10.996,27.1825,1025.3,72.56528970005041,7.9975000000000005,50.65188006976187,12.351305794001009,1.7789549407397942e+18,1.778938418679335e+18
1778942897802279053,10.96,27.75,1490.55,72.55809637701329,8.89,50.647387733086504,12.351161927540266,1.7789549429204273e+18,1.7789384176059574e+18
1778942898202613004,10.896,29.7,1271.975,72.53699772515114,8.89,50.606209790750505,12.350739954503023,1.778954943489512e+18,1.7789384171039375e+18
1778942899003425360,10.9,29.0825,207.75,72.54776375568008,9.8525,50.646089064490155,12.350955275113602,1.7789549447525775e+18,1.778938416363559e+18
1778942899403865967,10.812,30.565,634.0,72.5683441333789,10.762500000000001,50.71652253723417,12.351366882667579,1.7789549473543124e+18,1.778938415156725e+18
1778942899804259331,10.8,30.3,296.4,72.58628910473037,10.762500000000001,50.774183840949995,12.351725782094608,1.778954950997465e+18,1.778938413589017e+18
1778942900204442558,12.064,3.08,904.525,72.53970040220369,11.6025,50.723701279147654,12.350794008044074,1.7789549522632934e+18,1.7789384128500224e+18
1778942900605056048,11.58,13.5825,1121.975,72.53097483503107,11.6025,50.73751726938827,12.350619496700622,1.7789549540006239e+18,1.7789384119352246e+18
1778942901005211211,11.248,21.4,147.175,72.55187483864862,12.005,50.76530148854763,12.351037496772973,1.7789549587076375e+18,1.7789384099598912e+18
1778942901405544118,11.94,6.015,449.125,72.52128302358967,12.005,50.75623167458362,12.350425660471794,1.7789549625470397e+18,1.7789384082774687e+18
1778942901806008943,11.928,7.0675,1370.6,72.50386210138595,12.32,50.75090440380624,12.35007724202772,1.7789549663935094e+18,1.7789384065807073e+18
1778942902206225862,11.684,12.2825,905.925,72.50559515579846,12.4425,50.7861362738004,12.35011190311597,1.7789549705954386e+18,1.7789384047588216e+18
1778942902606453918,11.628,13.365,1126.25,72.50823267984562,12.4425,50.82401018444591,12.350164653596913,1.7789549757064655e+18,1.7789384026107448e+18
1778942903006862864,11.604,14.45,160.225,72.53786065421872,12.635,50.85945862048753,12.350757213084375,1.778954982697645e+18,1.7789383998050168e+18
1778942903407104729,11.316,20.6675,488.95,72.55331950585172,12.635,50.868142086652355,12.351066390117035,1.7789549901274345e+18,1.778938396854758e+18
1778942903807411902,11.336,19.8325,1492.15,72.56758589642479,12.9325,50.88653167872342,12.351351717928496,1.7789549953084268e+18,1.778938394738623e+18
1778942904207793045,11.308,20.5,1276.875,72.56404072431683,12.9325,50.88322976133278,12.351280814486337,1.778954999232754e+18,1.7789383930802465e+18
1778942904608047933,11.432,17.7325,619.9,72.56819162385247,13.2475,50.89342329056004,12.35136383247705,1.7789550036682004e+18,1.7789383912415542e+18
1778942905008295906,11.272,21.5825,253.375,72.57552989593012,13.2475,50.891579629816185,12.351510597918603,1.7789550081458716e+18,1.7789383893961405e+18
1778942905408586757,11.376,18.2675,773.225,72.57131026137795,13.5625,50.911315298847555,12.35142620522756,1.7789550135498557e+18,1.7789383872117297e+18
1778942906009026351,12.12,2.8475,721.275,72.53228468512665,13.895000000000001,50.87177197291712,12.350645693702534,1.7789550170820708e+18,1.7789383856809516e+18
1778942906409417572,11.7,11.98,562.75,72.5339411882314,13.895000000000001,50.881449124794074,12.350678823764628,1.7789550226584407e+18,1.778938383408204e+18
1778942906809650819,11.464,16.4975,78.975,72.53194444482699,13.755,50.8967625012965,12.35063888889654,1.7789550299998587e+18,1.778938380491926e+18
1778942907209976729,11.404,17.665,241.0,72.53465158904663,13.755,50.91551022187699,12.350693031780933,1.7789550373748388e+18,1.7789383775679096e+18
1778942907610368039,11.436,16.9175,735.45,72.53682145719526,13.93,50.94892005234915,12.350736429143906,1.778955045363509e+18,1.7789383744238328e+18
1778942908010794670,11.388,18.3325,606.0,72.54257313205396,14.0175,50.98077004333816,12.35085146264108,1.7789550548956221e+18,1.7789383707229737e+18
1778942908411060263,11.352,19.2175,210.95,72.54911926980556,14.0175,51.011496751142126,12.350982385396112,1.7789550661048067e+18,1.7789383664168904e+18
1778942908811980150,11.396,18.665,643.75,72.55807047765435,14.14,51.04716370344716,12.351161409553088,1.7789550779064824e+18,1.7789383619035423e+18
1778942909212683865,12.152,1.815,326.15,72.50832160126669,14.4025,50.99691979928346,12.350166432025334,1.7789550866846863e+18,1.7789383584551675e+18
1778942909613181914,12.156,2.265,995.325,72.46552016477965,14.4025,50.92088118415908,12.349310403295593,1.7789550943928346e+18,1.7789383553642673e+18
1778942910013797070,12.176,2.5825,992.825,72.43619743932656,14.4375,50.85821265636721,12.348723948786532,1.7789551007941048e+18,1.7789383527289836e+18
1778942910414306207,12.18,2.5475,1391.45,72.41794127707689,14.4025,50.82383527738917,12.348358825541538,1.7789551070761748e+18,1.7789383501246154e+18
1778942910815055489,12.188,2.8325,969.55,72.41141721583818,14.262500000000001,50.81954165788556,12.348228344316764,1.7789551137653501e+18,1.7789383473685404e+18
1778942911215840595,12.244,1.815,1320.425,72.40468754207691,14.262500000000001,50.795394210534,12.348093750841539,1.7789551205113492e+18,1.778938344588638e+18
1778942911616281257,12.228,2.18,752.8,72.40191118993495,14.1225,50.777822874415804,12.3480382237987,1.7789551270124713e+18,1.7789383418985787e+18
1778942912017023689,12.18,3.13,658.95,72.39724166238099,14.1225,50.75279378590259,12.34794483324762,1.7789551339670554e+18,1.7789383390412933e+18
1778942912417533278,12.204,2.9175,372.55,72.39818458883826,13.9475,50.732237925767954,12.347963691776766,1.778955141975065e+18,1.7789383358017823e+18
1778942912818050898,12.176,3.3325,1136.925,72.39598277546574,13.737499999999999,50.716487241276106,12.347919655509315,1.7789551504702733e+18,1.7789383323844849e+18
1778942913218607016,12.172,3.4325,192.8,72.39624311470595,13.737499999999999,50.721402113846885,12.34792486229412,1.778955159090906e+18,1.7789383289238067e+18
1778942913618906089,12.192,3.13,588.375,72.39609685939995,13.51,50.712698439427584,12.347921937188,1.7789551680360786e+18,1.7789383253464558e+18
1778942914019180867,12.188,3.25,157.175,72.3951377546612,13.51,50.695204603117396,12.347902755093225,1.77895517670473e+18,1.778938321871837e+18
1778942914419386079,12.188,3.2325,479.65,72.39488137788798,13.282499999999999,50.68341882822849,12.34789762755776,1.778955185754243e+18,1.7789383182597527e+18
1778942914819635167,12.176,3.3975,1463.775,72.39263568278139,13.282499999999999,50.665932009834805,12.347852713655628,1.778955194673538e+18,1.7789383146957292e+18
1778942915220367794,12.18,3.6825,1190.275,72.3980807334283,12.985,50.65423088039044,12.347961614668566,1.7789552044703258e+18,1.7789383108168842e+18
1778942915620900574,12.216,2.8825,355.625,72.40300605915787,12.985,50.62392562790026,12.348060121183158,1.7789552144798031e+18,1.7789383068662723e+18
1778942916021244677,12.248,2.5475,1085.275,72.41601066149668,12.67,50.62127731458617,12.348320213229934,1.7789552254909903e+18,1.7789383025612877e+18
1778942916421496662,12.244,2.75,35.175,72.43185640359026,12.67,50.61701031891232,12.348637128071806,1.778955237572084e+18,1.7789382978790618e+18
1778942916821903792,12.204,3.4825,107.325,72.4441110246536,12.354999999999999,50.61690860339684,12.348882220493072,1.7789552515001042e+18,1.778938292531427e+18
1778942917222182423,12.224,3.115,327.525,72.45757741228624,12.092500000000001,50.61561463997559,12.349151548245725,1.7789552659128755e+18,1.7789382870186765e+18
1778942917622435067,12.224,3.165,999.525,72.4718980948232,12.092500000000001,50.61140836083731,12.349437961896465,1.7789552804755889e+18,1.7789382814642358e+18
1778942918022806283,11.692,14.0675,1411.9,72.5033452582453,11.9,50.62010104518054,12.350066905164907,1.7789552963521528e+18,1.7789382754552481e+18
1778942918423034271,11.376,20.365,1031.975,72.52258458279604,11.9,50.61065570511945,12.350451691655921,1.7789553130621187e+18,1.7789382691576054e+18
1778942918823479435,11.192,23.4975,1510.925,72.53517952229957,12.145000000000001,50.605734255561806,12.350703590445992,1.778955330255017e+18,1.7789382626942595e+18
1778942919223821234,11.312,21.1675,1334.175,72.5480334505132,12.145000000000001,50.601086723684126,12.350960669010265,1.7789553462278953e+18,1.7789382566904415e+18
1778942919624108994,11.348,20.2175,794.775,72.56329460448869,12.67,50.606480152289166,12.351265892089774,1.7789553617513165e+18,1.7789382508654295e+18
1778942920024287666,11.352,19.7675,787.05,72.57632740518741,12.67,50.6190592712216,12.351526548103749,1.7789553754189028e+18,1.7789382457337958e+18
1778942920424568244,11.292,21.5825,763.475,72.58262669265622,13.09,50.60773693729345,12.351652533853125,1.7789553870152008e+18,1.7789382413692874e+18
1778942920824979971,11.224,22.18,691.525,72.58954165391208,13.09,50.617536354616476,12.351790833078242,1.7789553943297326e+18,1.7789382385845524e+18
1778942921225283757,11.204,23.4325,471.95,72.58336690383311,13.5275,50.58925244045003,12.351667338076663,1.778955399983264e+18,1.778938236406565e+18
1778942921625625327,11.268,20.465,1440.275,72.58962194339995,13.9475,50.61910989029219,12.351792438868,1.7789554048336287e+18,1.778938234530753e+18
1778942922025942033,11.336,19.2675,1118.55,72.59268032635856,13.9475,50.64041806366126,12.351853606527172,1.7789554073027758e+18,1.7789382335343544e+18
1778942922426283787,11.36,19.3175,136.725,72.5955792376788,14.4025,50.64938857712803,12.351911584753577,1.7789554055457654e+18,1.7789382340955077e+18
1778942922826454644,11.336,19.0,417.25,72.60199050181323,14.4025,50.67914506569924,12.352039810036265,1.7789554012496394e+18,1.7789382355976246e+18
1778942923226803379,11.368,18.6,1273.325,72.60540388530119,14.700000000000001,50.699999299097776,12.352108077706024,1.7789553970804913e+18,1.778938237058519e+18
1778942923627048607,11.404,18.2675,609.075,72.60579245154551,14.91,50.709383643517164,12.35211584903091,1.7789553927536538e+18,1.7789382385802926e+18
1778942924027266234,11.332,19.965,220.325,72.60531329836385,14.91,50.71240471311393,12.352106265967278,1.7789553890850655e+18,1.7789382398622387e+18
1778942924427459667,11.656,13.2825,672.375,72.59768141614211,15.1725,50.71098141783753,12.351953628322843,1.778955387650511e+18,1.7789382403189197e+18
1778942924827861682,11.408,17.9325,413.525,72.5956643890309,15.295,50.72257504177279,12.351913287780619,1.7789553870825938e+18,1.7789382404575762e+18
1778942925228420547,11.36,18.8825,1261.975,72.59841268005215,15.295,50.739484859774436,12.351968253601044,1.7789553884933786e+18,1.7789382398729997e+18
1778942925628559346,11.348,18.8825,574.425,72.5953794476811,15.3475,50.75538472548332,12.351907588953623,1.7789553909463672e+18,1.778938238904644e+18
1778942926028842152,11.3,20.2325,114.6,72.59090543179391,15.435,50.76206814190427,12.351818108635879,1.7789553942864369e+18,1.7789382376082668e+18
1778942926429036227,11.332,19.415,349.725,72.58649724949348,15.435,50.77213898866991,12.35172994498987,1.7789553956347973e+18,1.7789382370430618e+18
1778942926829207729,12.128,2.5825,1067.275,72.5283466359885,15.504999999999999,50.713599645703326,12.35056693271977,1.7789553916474447e+18,1.7789382383957489e+18
1778942927229420461,12.152,2.5325,1618.65,72.48670541101764,15.469999999999999,50.67126962795595,12.349734108220353,1.7789553837938573e+18,1.7789382411400402e+18
1778942927629836892,12.148,2.75,24.525,72.44891662462808,15.469999999999999,50.63357281897411,12.348978332492562,1.7789553731849242e+18,1.7789382448709494e+18
1778942928030291335,12.14,3.2825,74.825,72.41899009221616,15.1725,50.60489614940422,12.348379801844324,1.778955360315614e+18,1.778938249413307e+18
1778942928430498931,12.076,4.7675,228.325,72.39278037155738,14.927499999999998,50.5812394626459,12.347855607431148,1.7789553457662026e+18,1.7789382545570081e+18
1778942928830751967,11.812,9.8675,696.775,72.37804551319965,14.927499999999998,50.57346678746537,12.347560910263994,1.7789553303088118e+18,1.7789382600274547e+18
1778942929230978883,11.772,10.5,487.975,72.35522117340531,14.612499999999999,50.56065084752292,12.347104423468107,1.7789553138837294e+18,1.7789382658403133e+18
1778942929631251281,11.776,10.3825,1489.175,72.32569188363377,14.525000000000002,50.54169479175124,12.346513837672676,1.77895529648718e+18,1.7789382719918523e+18
1778942930031558003,11.604,14.33,1267.8,72.31569939977777,14.525000000000002,50.53802810958262,12.346313987995556,1.778955279304056e+18,1.7789382780615852e+18
1778942930431888613,11.552,14.815,592.2,72.30165032127677,14.489999999999998,50.5374691599028,12.346033006425536,1.778955262002671e+18,1.7789382841685228e+18
1778942930832261679,12.188,1.9975,168.85,72.25812675003186,14.489999999999998,50.49276671961504,12.345162535000638,1.778955241890609e+18,1.7789382912814676e+18
1778942931232683674,12.232,1.415,515.275,72.21743578762057,14.4725,50.450577663803365,12.344348715752412,1.7789552192480392e+18,1.7789382993002386e+18
1778942931633117771,12.204,2.3325,1572.475,72.18983871116363,14.192499999999999,50.42444374343911,12.343796774223273,1.7789551953826898e+18,1.7789383077538975e+18
1778942932033560406,12.228,2.5175,1522.0,72.1786497428714,14.192499999999999,50.41453393718325,12.343572994857428,1.7789551718105347e+18,1.778938316096875e+18
1778942932433665286,12.236,2.0675,1367.975,72.16220654715747,13.965,50.39810717655864,12.34324413094315,1.7789551477050004e+18,1.7789383246298941e+18
1778942932834003027,12.24,1.9675,897.925,72.13850780063805,13.965,50.374122181239905,12.342770156012762,1.7789551233560563e+18,1.7789383332404332e+18
1778942933234379302,12.236,2.215,1101.825,72.12609831246448,13.737499999999999,50.37392649332533,12.34252196624929,1.7789550995472463e+18,1.7789383416484982e+18
1778942933634686879,12.248,1.85,85.7,72.1109404894661,13.475,50.360472845932826,12.342218809789323,1.7789550758401682e+18,1.7789383500136858e+18
1778942934035277657,12.264,1.7,261.525,72.12661036835709,13.475,50.4111769478069,12.342532207367142,1.7789550546000197e+18,1.7789383574871818e+18
1778942934435311208,12.26,1.8975,798.1,72.14903235513307,13.265,50.46858594996269,12.342980647102662,1.7789550370913454e+18,1.7789383636067174e+18
1778942935035661352,12.276,1.615,797.2,72.17309469780807,13.265,50.527628843267436,12.343461893956162,1.7789550233339453e+18,1.7789383683660498e+18
1778942935436044527,12.272,1.8825,794.45,72.19218497746533,12.967500000000001,50.547104104555395,12.343843699549307,1.7789550130441162e+18,1.7789383718644833e+18
1778942935836339886,12.284,1.5825,786.05,72.20109484520546,12.967500000000001,50.55700822686675,12.34402189690411,1.7789550051829386e+18,1.7789383744770783e+18
1778942936236677255,12.288,1.615,760.425,72.21142362102516,12.6875,50.57402640954599,12.344228472420504,1.7789549990823452e+18,1.7789383764512724e+18
1778942936637006886,12.292,1.68,682.225,72.22689030901356,12.6875,50.5893915877621,12.344537806180272,1.778954995294997e+18,1.7789383775864374e+18
1778942937037397135,12.288,2.165,443.575,72.2531931235637,12.46,50.60609639767069,12.345063862471275,1.7789549939448284e+18,1.7789383778446984e+18
1778942937437567025,12.288,1.715,1353.675,72.26571939309476,12.46,50.623873523653664,12.345314387861896,1.7789549936730332e+18,1.7789383777171105e+18
1778942937837980297,12.3,1.665,854.275,72.28446990742627,12.215,50.64007192040247,12.345689398148526,1.7789549954446853e+18,1.7789383768514463e+18
1778942938238375384,12.3,1.615,968.625,72.30235850418784,12.215,50.65261900055766,12.346047170083757,1.7789549982457876e+18,1.7789383756215841e+18
1778942938638627004,12.304,1.73,1317.6,72.32431491369961,12.092500000000001,50.66975175423869,12.346486298273993,1.7789550021586235e+18,1.7789383740000092e+18
1778942939038950372,12.308,1.7,744.175,72.34815742023021,12.092500000000001,50.68741901516606,12.346963148404605,1.7789550068849687e+18,1.7789383720982377e+18
1778942939439397292,12.304,1.5325,632.625,72.3645227888859,12.04,50.702122786447006,12.347290455777719,1.778955010430621e+18,1.778938370648008e+18
1778942939839608259,12.304,1.5975,292.2,72.37954489929653,12.04,50.72343564668591,12.347590897985931,1.7789550104107139e+18,1.7789383705307523e+18
1778942940239972796,12.308,1.8325,891.7,72.4051470718062,11.9525,50.74126539914508,12.348102941436125,1.7789550088097236e+18,1.7789383710207498e+18
1778942940640330602,12.316,1.68,1082.85,72.42877114048117,11.9525,50.76370839555007,12.348575422809624,1.7789550061326756e+18,1.7789383719296556e+18
1778942941040608037,12.312,1.68,27.775,72.4501137740173,11.917499999999999,50.78436554232168,12.349002275480347,1.7789550015715676e+18,1.7789383735547976e+18
1778942941440972092,12.324,1.75,84.75,72.48127749751843,11.917499999999999,50.80510527772623,12.34962554995037,1.778954997265286e+18,1.7789383751120983e+18
1778942941841431244,12.32,1.865,258.625,72.50764502752833,11.8475,50.834873281663974,12.350152900550567,1.7789549932061248e+18,1.7789383766005292e+18
1778942942241809463,12.316,1.665,789.25,72.53312206725128,11.8475,50.850674791859106,12.350662441345026,1.7789549905549517e+18,1.7789383775894285e+18
1778942942842734560,12.316,1.7,770.175,72.56558445735831,11.725,50.85834018598647,12.351311689147167,1.7789549895290504e+18,1.77893837800438e+18
1778942943243017333,12.272,2.8825,711.975,72.5955019579409,11.725,50.87496091723837,12.351910039158819,1.7789549898894735e+18,1.7789383779306708e+18
1778942943643286334,12.244,2.8625,534.375,72.61883238035995,11.6025,50.87731032283048,12.3523766476072,1.7789549907699566e+18,1.7789383776838167e+18
1778942944043464281,12.292,2.5325,1630.775,72.65397081616099,11.6025,50.89407328143005,12.35307941632322,1.7789549940157197e+18,1.7789383765892836e+18
1778942944443757782,12.284,2.5325,61.525,72.68664186986261,11.515,50.91256029230433,12.353732837397253,1.7789549987012142e+18,1.778938374987699e+18
1778942944844029477,11.94,9.9175,187.75,72.73088974628993,11.515,50.93844697181818,12.3546177949258,1.7789550047981967e+18,1.7789383728981773e+18
1778942945244322038,12.256,2.75,572.95,72.76337710112023,11.41,50.97070033743704,12.355267542022405,1.7789550130731254e+18,1.7789383700275482e+18
1778942945644766625,11.452,18.45,110.1,72.77617910724955,11.41,50.96748085608949,12.355523582144992,1.7789550227234427e+18,1.7789383666578688e+18
1778942946044972873,11.308,21.8,335.975,72.78085052758145,11.375,50.938662804853735,12.35561701055163,1.7789550332203318e+18,1.778938362978738e+18
1778942946445375020,12.008,5.9,1025.3,72.77129748699957,11.375,50.93268087504457,12.355425949739992,1.7789550433334653e+18,1.7789383594350812e+18
1778942946845815836,11.332,20.45,1490.55,72.77841108188737,11.69,50.930058422734525,12.355568221637748,1.7789550541909824e+18,1.7789383556216627e+18
1778942947246138383,10.852,30.4475,1271.975,72.77212831563416,11.69,50.87965943513874,12.355442566312684,1.7789550643240911e+18,1.778938352072464e+18
1778942947646405144,10.8,32.7325,604.95,72.73279655050268,12.005,50.752896206974256,12.354655931010054,1.778955073000101e+18,1.7789383490337833e+18
1778942948046755277,10.644,35.365,207.75,72.7021368977156,12.005,50.64448796973101,12.354042737954313,1.7789550797958958e+18,1.7789383466692518e+18
1778942948447199900,10.684,34.2175,634.0,72.67816549043795,12.6175,50.56945131105546,12.35356330980876,1.77895508501437e+18,1.7789383448719183e+18
1778942948847406756,10.664,34.5675,296.4,72.66273072250583,13.405000000000001,50.49145125986076,12.353254614450117,1.7789550895643784e+18,1.7789383433115942e+18
1778942949247795440,10.664,34.1325,904.525,72.65232271283865,13.405000000000001,50.43851117695893,12.353046454256774,1.7789550903346634e+18,1.77893834314556e+18
1778942949648355446,10.688,33.35,1121.975,72.64765893297883,14.052499999999998,50.415146030133585,12.352953178659577,1.7789550879909297e+18,1.7789383441317233e+18
1778942950249003559,10.712,33.1325,147.175,72.63892149022978,14.647499999999999,50.38118734929858,12.352778429804596,1.778955082680485e+18,1.7789383462136018e+18
1778942950649284785,10.736,31.8675,449.125,72.64142747347461,14.647499999999999,50.3823029916524,12.352828549469493,1.7789550756972874e+18,1.7789383489192271e+18
1778942951049737126,10.76,30.4175,1370.6,72.65644467226737,15.19,50.42757959989577,12.353128893445348,1.7789550679801334e+18,1.7789383519100882e+18
1778942951650655184,10.832,30.5175,905.925,72.6518758217332,15.61,50.40748492166971,12.353037516434664,1.7789550581838024e+18,1.7789383556711613e+18
1778942952051167152,10.816,30.05,1126.25,72.65732141309255,15.61,50.4290219987573,12.353146428261851,1.7789550471237594e+18,1.7789383599067604e+18
1778942952451877854,10.896,28.9825,160.225,72.65550575802084,16.0475,50.41124012763138,12.353110115160417,1.7789550347975877e+18,1.7789383646123428e+18
1778942952852320656,10.924,29.1325,488.95,72.64847550309027,16.4675,50.37170532147877,12.352969510061806,1.7789550210376435e+18,1.77893836984625e+18
1778942953252764180,10.868,29.68,1492.15,72.64707433568151,16.834999999999997,50.358298509449845,12.35294148671363,1.7789550065469294e+18,1.7789383753520748e+18
1778942953653189956,10.984,25.965,1276.875,72.65544643783731,17.2025,50.39042301235143,12.353108928756747,1.778954991981614e+18,1.7789383808941737e+18
1778942954053594462,11.024,26.365,619.9,72.65822427660912,17.2025,50.379838401448936,12.353164485532183,1.7789549770307164e+18,1.7789383865832893e+18
1778942954454250230,11.036,24.2825,253.375,72.66792318298262,17.5175,50.4208252513418,12.353358463659653,1.7789549627462188e+18,1.7789383920342715e+18
1778942954854751995,11.036,25.3675,773.225,72.6734001330338,17.6925,50.42995445615202,12.353468002660676,1.7789549485225828e+18,1.7789383974685414e+18
1778942955255209209,11.1,24.3325,721.275,72.67700808855135,17.9375,50.4358957415594,12.353540161771027,1.77895493445601e+18,1.7789384028490883e+18
1778942955655657962,11.124,23.4325,562.75,72.68158659605025,18.165000000000003,50.45225848096979,12.353631731921006,1.7789549204487188e+18,1.7789384082127503e+18
1778942956056089118,11.136,23.3675,78.975,72.68621864431911,18.165000000000003,50.46275406130319,12.353724372886383,1.7789549068099187e+18,1.7789384134447588e+18
1778942956456942884,12.092,2.4475,241.0,72.63847624026356,18.34,50.39755200452151,12.352769524805272,1.7789548896136115e+18,1.778938419963427e+18
1778942956857112396,12.096,2.7975,735.45,72.5984853443279,18.3575,50.353214124347396,12.351969706886559,1.7789548726089068e+18,1.778938426383383e+18
1778942957257379816,12.056,4.5,606.0,72.57873645012482,18.147499999999997,50.32398780166174,12.351574729002497,1.778954856072403e+18,1.778938432617137e+18
1778942957657873438,11.9,7.5675,210.95,72.56219838509813,18.025000000000002,50.298477507576976,12.351243967701963,1.7789548394080305e+18,1.7789384388884334e+18
1778942958058079921,12.172,1.78,643.75,72.52937306561859,18.025000000000002,50.259417663342454,12.350587461312372,1.7789548216924452e+18,1.7789384455282468e+18
1778942958458552366,12.192,1.9675,326.15,72.51012143505545,17.8675,50.22788646974728,12.35020242870111,1.7789548044666028e+18,1.7789384519746355e+18
1778942959058975990,12.236,1.865,995.325,72.50451733144833,17.727500000000003,50.21193537294344,12.350090346628967,1.7789547885981888e+18,1.7789384579163587e+18
1778942959459201258,12.212,1.865,1399.075,72.4883932040761,17.64,50.19451361509868,12.349767864081523,1.7789547728376532e+18,1.7789384638087665e+18
1778942959859397624,12.212,1.8325,992.825,72.509180062809,17.5175,50.20970963906384,12.35018360125618,1.778954759791122e+18,1.778938468710846e+18
1778942960259853419,12.22,2.0675,1391.45,72.52068786794909,17.5175,50.21973874217284,12.350413757358982,1.7789547464758085e+18,1.7789384737234506e+18
1778942960860280517,12.228,1.9325,969.55,72.52911917041382,17.377499999999998,50.22736216556912,12.350582383408277,1.7789547348697992e+18,1.77893847811039e+18
1778942961260618046,12.228,2.115,1320.425,72.5376353042896,17.290000000000003,50.23430762595071,12.350752706085792,1.7789547241511224e+18,1.7789384821759485e+18
1778942961660888057,12.232,2.0325,752.8,72.54044754321284,17.2375,50.236356711018786,12.350808950864257,1.778954714485433e+18,1.7789384858543194e+18
1778942962061153662,12.232,2.18,658.95,72.54298849402633,17.2375,50.238272776427316,12.350859769880527,1.778954705713295e+18,1.7789384892044306e+18
1778942962461491448,12.236,2.0675,372.55,72.54366436227143,17.0975,50.23856205627899,12.35087328724543,1.7789546978877883e+18,1.7789384922051154e+18
1778942962862067044,12.252,1.9675,1136.925,72.54525370894623,16.8875,50.23984341189641,12.350905074178925,1.7789546913565617e+18,1.778938494727742e+18
1778942963262520920,12.248,1.9325,192.8,72.54532148465945,16.8875,50.239746896359996,12.35090642969319,1.778954686103111e+18,1.7789384967772247e+18
1778942963663203041,12.256,1.8,588.375,72.54655297508917,16.8175,50.24063390303198,12.350931059501784,1.7789546826739366e+18,1.7789384981511526e+18
1778942964063657928,12.252,2.0325,157.175,72.54381078902856,16.5725,50.23850413705211,12.350876215780572,1.778954680045024e+18,1.7789384992271718e+18
1778942964464220283,12.26,2.25,479.65,72.54595389609929,16.5725,50.24074397938536,12.350919077921986,1.7789546791847974e+18,1.7789384996487048e+18
1778942964864932354,12.268,1.9475,1463.775,72.54696369842985,16.3625,50.24198510324025,12.350939273968597,1.7789546793900662e+18,1.7789384996762227e+18
1778942965265258150,12.272,2.0675,1190.275,72.55343019606711,16.1525,50.24775301934806,12.351068603921343,1.7789546806693348e+18,1.7789384993103762e+18
1778942965665761745,12.268,1.9825,355.625,72.55037376186921,16.1525,50.2458614900521,12.351007475237385,1.7789546825737206e+18,1.7789384987111534e+18
1778942966066248332,12.284,1.9675,1085.275,72.55794631673228,15.924999999999999,50.25277575419297,12.351158926334646,1.7789546864313856e+18,1.7789384973922063e+18
1778942966466625615,12.28,1.4325,35.175,72.55495186055948,15.697500000000002,50.25041580721261,12.35109903721119,1.7789546917140365e+18,1.778938495542279e+18
1778942966866994908,12.304,1.615,107.325,72.55423394708654,15.697500000000002,50.25106484734904,12.351084678941731,1.7789546989807685e+18,1.77893849295495e+18
1778942967267248506,12.296,1.5975,327.525,72.55568502224516,15.4175,50.253089468236674,12.351113700444904,1.7789547060827187e+18,1.778938490430898e+18
1778942967667518010,12.316,1.7,999.525,72.56747608309242,15.2075,50.264178373470294,12.351349521661849,1.7789547139275745e+18,1.7789384876398723e+18
1778942968067814312,12.34,1.65,1411.9,72.58870795973527,15.2075,50.283528466673395,12.351774159194706,1.7789547240401687e+18,1.7789384840212844e+18
1778942968468151049,12.296,2.0325,1031.975,72.59957554606336,14.9975,50.29334969826042,12.351991510921268,1.7789547336094725e+18,1.7789384806133266e+18
1778942968868455435,12.304,1.5325,1510.925,72.6044732939865,14.9975,50.29829040654509,12.35208946587973,1.7789547398972874e+18,1.7789384784304998e+18
1778942969268772209,12.3,1.4475,1334.175,72.60303954641047,14.805000000000001,50.29788327042751,12.35206079092821,1.7789547450349315e+18,1.778938476675467e+18
1778942969669047632,12.328,1.68,794.775,72.61473628950446,14.5425,50.30923662334594,12.35229472579009,1.7789547465718543e+18,1.7789384762695135e+18
1778942970069443405,12.316,1.5975,787.05,72.61728782418258,14.5425,50.31274742591062,12.352345756483652,1.7789547445891315e+18,1.7789384771761285e+18
1778942970469826461,12.316,1.615,763.475,72.62515837096392,14.280000000000001,50.3199218626942,12.352503167419279,1.7789547408983985e+18,1.7789384787251087e+18
1778942970870278890,12.312,1.6325,691.525,72.62749919627919,14.280000000000001,50.32226420637199,12.352549983925584,1.7789547349386004e+18,1.7789384811213852e+18
1778942971270475281,12.316,2.115,471.95,72.64142066064208,13.9475,50.33504623047577,12.352828413212842,1.7789547284638717e+18,1.7789384837204308e+18
1778942971670860599,12.32,1.715,1440.275,72.65098853375525,13.9475,50.34440189516335,12.353019770675106,1.7789547205867013e+18,1.778938486849447e+18
1778942972071281683,12.316,1.5825,1118.55,72.6515987935631,13.5275,50.34541205587074,12.353031975871263,1.7789547110267418e+18,1.7789384906064717e+18
1778942972472010894,12.328,1.5675,136.725,72.65605767520034,13.1075,50.350188782260815,12.353121153504008,1.7789547004985756e+18,1.7789384947283067e+18
1778942972872613079,12.324,1.5325,417.25,72.65783927923736,13.1075,50.35276239667762,12.353156785584748,1.7789546886644818e+18,1.7789384993387958e+18
1778942973273016330,12.324,1.5325,1273.325,72.65750240526242,12.6875,50.3541090818865,12.353150048105249,1.778954677108823e+18,1.7789385038466803e+18
1778942973673578435,12.328,1.5175,609.075,72.65873795478103,12.6875,50.35740851715799,12.353174759095621,1.778954666383589e+18,1.7789385080475354e+18
1778942974074052939,12.328,1.5825,220.325,72.66861821739798,12.3375,50.367128686352586,12.35337236434796,1.7789546570958019e+18,1.778938511721365e+18
1778942974474524595,12.336,1.5475,672.375,72.67537992751096,12.3375,50.373160857000464,12.35350759855022,1.77895464884283e+18,1.7789385150157755e+18
1778942974875143799,12.28,2.5175,413.525,72.67814289236723,11.9,50.37841165507238,12.353562857847345,1.7789546416492815e+18,1.77893851791872e+18
1778942975275492850,12.316,1.8325,1261.975,72.69113898509393,11.9,50.40139724303435,12.35382277970188,1.7789546364617702e+18,1.7789385200847872e+18
1778942975675785209,12.28,2.565,574.425,72.70928944079776,11.41,50.42742020312095,12.354185788815956,1.7789546336298245e+18,1.7789385213872658e+18
1778942976075979735,12.312,2.13,114.6,72.72970226706734,11.41,50.44967955456382,12.354594045341347,1.7789547023877573e+18,1.7789384960000727e+18
1778942976476468973,12.228,3.665,349.725,72.74769281142478,11.042499999999999,50.47785435101175,12.354953856228496,1.778954774635428e+18,1.7789384693227645e+18
1778942976876686485,12.292,2.23,1067.275,72.76478930749225,11.042499999999999,50.492691229122215,12.355295786149846,1.7789548532487608e+18,1.7789384402787528e+18
1778942977276950528,10.796,33.8325,1618.65,72.72938764576703,11.042499999999999,50.36310923305665,12.354587752915341,1.778954930284446e+18,1.7789384117923612e+18
1778942977877585574,10.9,30.7825,24.525,72.71226874182747,10.745,50.2928126232529,12.35424537483655,1.778955007938172e+18,1.7789383830597235e+18
1778942978278150792,10.764,33.95,74.825,72.68624456912319,10.745,50.190026984016804,12.353724891382464,1.7789550849314624e+18,1.7789383545493642e+18
1778942978678657103,12.196,2.615,228.325,72.67724502264973,11.112499999999999,50.18527281454806,12.353544900452995,1.7789551620215785e+18,1.7789383259933215e+18
1778942979079074252,12.212,2.68,696.775,72.67427190701622,11.112499999999999,50.18754428081225,12.353485438140325,1.7789552400888225e+18,1.7789382970676618e+18
1778942979479829488,12.064,6.0975,487.975,72.67904115028729,11.165,50.188325518305284,12.353580823005746,1.7789553204964047e+18,1.7789382672693965e+18
1778942979880246703,12.224,2.615,1489.175,72.67917743202491,11.165,50.193087874418325,12.353583548640499,1.778955401602693e+18,1.7789382372085135e+18
1778942980280946981,12.148,4.2325,1267.8,72.71736018584417,10.9375,50.222385561777266,12.354347203716884,1.7789554884220836e+18,1.7789382050442616e+18
1778942980681430082,12.284,1.815,592.2,72.74372007054629,10.9375,50.2446988716803,12.354874401410926,1.778955579859512e+18,1.7789381711753078e+18
1778942981081856960,12.296,1.5975,168.85,72.76044240522451,10.5875,50.25900837740707,12.35520884810449,1.7789556666683167e+18,1.7789381390540782e+18
1778942981482446442,12.3,1.615,515.275,72.77750393986321,10.5875,50.27363705738774,12.355550078797265,1.778955751237151e+18,1.778938107787196e+18
1778942981882797994,12.3,1.6325,1572.475,72.79319748943774,10.255,50.28707302799562,12.355863949788755,1.7789558332333353e+18,1.7789380774981906e+18
1778942982283310606,12.308,1.7,1522.0,72.80506337855178,10.255,50.29716339806848,12.356101267571036,1.7789559139318113e+18,1.7789380477063516e+18
1778942982683809359,12.308,1.5825,1367.975,72.8173654741912,10.255,50.30770701414967,12.356347309483825,1.7789559933596874e+18,1.778938018402161e+18
1778942983084192596,12.308,1.615,897.925,72.83146198595975,9.782499999999999,50.31978261433542,12.356629239719195,1.7789560720807542e+18,1.778937989376534e+18
1778942983484350736,12.32,1.65,1101.825,72.83949104944608,9.782499999999999,50.32675576740313,12.356789820988922,1.77895614843634e+18,1.7789379612445855e+18
1778942983884989706,12.356,1.715,85.7,72.86080401259899,9.415,50.34487028760058,12.35721608025198,1.7789562251239967e+18,1.7789379330098693e+18
1778942984285252081,12.316,1.615,261.525,72.86190111496892,9.415,50.34582122081657,12.357238022299379,1.7789562972414884e+18,1.7789379064876017e+18
1778942984685838104,12.324,1.5825,798.1,72.87050418373661,9.415,50.35322046567813,12.357410083674733,1.7789563688621857e+18,1.7789378801604088e+18
1778942985086149530,12.32,1.715,797.2,72.87775253676907,9.1,50.35926854858999,12.357555050735382,1.778956437882208e+18,1.7789378548146903e+18
1778942985486952403,12.324,2.13,794.45,72.89083342633606,9.1,50.36970844753971,12.357816668526722,1.778956503600218e+18,1.778937830719076e+18
1778942985887501770,12.324,1.5325,786.05,72.89533832222402,9.1,50.37351970599411,12.357906766444481,1.7789565653079224e+18,1.7789378081300751e+18
1778942986288114100,12.336,2.0825,760.425,72.90644747304603,8.7675,50.382259150535525,12.358128949460921,1.7789566245439112e+18,1.778937786478478e+18
1778942986688872736,12.332,2.0675,682.225,72.91874310296683,8.7675,50.392011916312185,12.358374862059337,1.7789566822657958e+18,1.7789377654070671e+18
1778942987089356720,12.336,1.6325,443.575,72.92373943426388,8.7675,50.396390249721364,12.358474788685278,1.778956734512268e+18,1.7789377463914698e+18
1778942987490160350,12.336,1.65,1353.675,72.92710340829663,8.207500000000001,50.39922376988945,12.358542068165933,1.7789567847494344e+18,1.778937728132248e+18
1778942987890967771,12.336,1.7,854.275,72.93462231649909,8.207500000000001,50.40551722881213,12.358692446329982,1.7789568321668818e+18,1.7789377109371668e+18
1778942988291652489,12.344,1.7,968.625,72.94129162852352,8.207500000000001,50.41111646655979,12.35882583257047,1.7789568788137766e+18,1.7789376940383798e+18
1778942988692137005,11.992,9.15,1317.6,72.94250531796214,7.472499999999999,50.397593421617614,12.358850106359244,1.7789569215098476e+18,1.7789376786206482e+18
1778942989092685621,11.392,21.4975,744.175,72.92486726599171,7.472499999999999,50.33539151353427,12.358497345319835,1.7789569578020797e+18,1.7789376655824312e+18
1778942989493488698,11.496,18.7975,632.625,72.90594141062927,7.472499999999999,50.29017014900269,12.358118828212586,1.7789569860035692e+18,1.7789376555538212e+18
1778942989894128165,11.32,22.23,292.2,72.88417377089188,6.9825,50.238536292691236,12.357683475417838,1.7789570068130836e+18,1.7789376482700813e+18
1778942990294994903,11.468,17.615,891.7,72.86222897133045,6.9825,50.22096041287996,12.35724457942661,1.7789570197440745e+18,1.7789376439131796e+18
1778942990695494823,11.368,19.7675,1082.85,72.84424040684695,6.9825,50.20693358565702,12.35688480813694,1.7789570263590292e+18,1.7789376419023255e+18
1778942991096186993,11.316,21.35,27.775,72.85277476771314,7.2275,50.2587648688961,12.357055495354263,1.7789570311685875e+18,1.7789376405768271e+18
1778942991496267695,11.272,21.835,84.75,72.85590919089672,7.2275,50.280743379721784,12.357118183817935,1.7789570325815293e+18,1.77893764052674e+18
1778942992497401015,11.232,22.0975,789.25,72.86204543781966,7.5600000000000005,50.32584977882257,12.357240908756394,1.7789570295059986e+18,1.7789376421688023e+18
1778942992898010420,11.172,23.235,770.175,72.86788019299041,7.5600000000000005,50.36756649405747,12.357357603859809,1.7789570242652357e+18,1.7789376446280182e+18
1778942993298308506,11.652,12.985,711.975,72.86275317533669,7.5600000000000005,50.38871173615902,12.357255063506734,1.7789570151788234e+18,1.7789376485219392e+18
1778942993698581738,11.932,8.23,534.375,72.86617802553755,7.8575,50.41788458751872,12.357323560510752,1.778957004665239e+18,1.77893765295407e+18
1778942994099232538,12.168,2.4325,1630.775,72.84489794235975,7.8575,50.40827157323811,12.356897958847195,1.7789569978319498e+18,1.778937655985629e+18
1778942994499469272,12.164,2.265,61.525,72.82462601866672,7.8575,50.385076509494795,12.356492520373335,1.7789569943151795e+18,1.7789376577540088e+18
1778942994900143720,12.04,5.465,187.75,72.81922044945634,7.630000000000001,50.374788766458586,12.356384408989127,1.7789569961567242e+18,1.778937657510448e+18
1778942995300106027,11.72,12.2975,572.95,72.84053171678585,7.630000000000001,50.396636762324285,12.356810634335718,1.778957008067415e+18,1.7789376535191158e+18
1778942995700466472,11.832,9.75,110.1,72.85022115215911,7.630000000000001,50.40989384624239,12.357004423043183,1.7789570288431025e+18,1.7789376462184983e+18
1778942996100907559,11.6,15.25,335.975,72.85819701464965,7.7875000000000005,50.408587057843214,12.357163940292994,1.7789570591093967e+18,1.778937635372444e+18
1778942996501524953,11.46,17.215,1025.3,72.85808352403986,7.7875000000000005,50.414044489653875,12.357161670480798,1.7789570965551168e+18,1.7789376218378527e+18
1778942996901907574,11.584,14.715,1490.55,72.8736770087143,7.7875000000000005,50.435398974423826,12.357473540174286,1.7789571421384095e+18,1.7789376052727004e+18
1778942997302473963,11.544,16.115,1271.975,72.88478847738337,8.3125,50.44505928373122,12.357695769547668,1.7789572007845266e+18,1.7789375838277268e+18
1778942997703106767,11.008,27.78,604.95,72.87688316977884,8.3125,50.41527210357931,12.357537663395577,1.778957261957813e+18,1.7789375614282506e+18
1778942998103498146,10.948,27.85,207.75,72.88973689984405,8.3125,50.427760308642185,12.357794737996882,1.7789573289375296e+18,1.7789375368685996e+18
1778942998504137603,10.868,29.815,634.0,72.88772831295036,8.9425,50.42089013250826,12.357754566259008,1.7789573973582684e+18,1.7789375117676534e+18
1778942998904154934,10.848,30.185,296.4,72.88619001377218,8.9425,50.41939774643253,12.357723800275444,1.7789574713013594e+18,1.7789374845973765e+18
1778942999304487200,10.804,31.7825,904.525,72.87672023590783,9.905000000000001,50.38282749483515,12.357534404718157,1.7789575475276193e+18,1.7789374565621942e+18
1778942999704904633,10.824,30.5,1121.975,72.87561639586303,9.905000000000001,50.37520880293806,12.357512327917261,1.77895762973255e+18,1.7789374262872003e+18
1778943000105491400,10.764,32.415,147.175,72.86850326764699,10.815,50.3496392633187,12.35737006535294,1.7789577142575754e+18,1.778937395135952e+18
1778943000506170663,10.696,33.3,449.125,72.86520130807713,10.815,50.33749951665097,12.357304026161543,1.7789577995184284e+18,1.7789373637059845e+18
1778943000906539306,10.888,28.785,1370.6,72.8729551027861,11.7425,50.37278237370789,12.357459102055723,1.7789578878991462e+18,1.7789373311167939e+18
1778943001307176042,10.776,31.2825,905.925,72.87499522658044,11.7425,50.381661628196746,12.35749990453161,1.7789579777071946e+18,1.778937297995959e+18
1778943001707492038,11.968,5.3475,1126.25,72.83889310406158,12.5475,50.35635008068897,12.356777862081232,1.7789580596977175e+18,1.7789372677626685e+18
1778943002108125931,11.696,11.6325,160.225,72.82048780500449,13.0725,50.33781233164617,12.35640975610009,1.7789581364820352e+18,1.7789372394586452e+18
1778943002508151061,11.052,26.115,488.95,72.86570968992726,13.0725,50.36789219106309,12.357314193798546,1.7789582218278118e+18,1.778937208000113e+18
1778943002908481291,11.98,5.415,1492.15,72.84841891037307,13.282499999999999,50.339063454425165,12.356968378207462,1.7789583020074286e+18,1.7789371784571825e+18
1778943003309134673,12.076,2.8475,1276.875,72.80199057196509,13.282499999999999,50.29024433874874,12.356039811439302,1.7789583715196498e+18,1.778937152856365e+18
1778943003709177261,12.132,2.765,619.9,72.80491460141123,13.405000000000001,50.28484746666035,12.356098292028225,1.7789584377160197e+18,1.7789371285011292e+18
1778943004109532714,12.092,3.8675,253.375,72.80166555682771,13.265,50.27735128148827,12.356033311136555,1.778958504989395e+18,1.7789371037388288e+18
1778943004509885002,11.244,21.45,773.225,72.81070806893747,13.265,50.28673770202663,12.35621416137875,1.7789585779686484e+18,1.7789370768499604e+18
1778943004910522414,10.764,32.03,721.275,72.81547710460652,13.265,50.2672680755291,12.35630954209213,1.7789586534069489e+18,1.778937049045771e+18
1778943005310535701,10.724,32.8825,562.75,72.81473808970009,13.265,50.24812950706643,12.356294761794002,1.778958730451012e+18,1.7789370206394045e+18
1778943005710971438,10.772,31.135,78.975,72.81803835900237,13.7725,50.26122917364652,12.356360767180048,1.778958804705885e+18,1.7789369932820564e+18
1778943006111231684,10.844,29.735,241.0,72.82136171933827,14.315,50.265350831681296,12.356427234386766,1.7789588902541635e+18,1.778936961698262e+18
1778943006511529203,12.06,2.8825,735.45,72.77125388915574,14.315,50.22083701063531,12.355425077783115,1.7789589697377823e+18,1.7789369323262792e+18
1778943006911925085,11.792,8.815,606.0,72.74600532784356,14.682500000000001,50.2061768448931,12.354920106556872,1.7789590449296727e+18,1.7789369045314104e+18
1778943007312236439,11.052,25.4325,210.95,72.74758313056812,14.525000000000002,50.21936557755994,12.354951662611363,1.778959121540533e+18,1.7789368762066568e+18
1778943007712797765,10.98,27.35,643.75,72.75174877437037,14.525000000000002,50.20443906007422,12.355034975487408,1.7789592041863596e+18,1.778936845625731e+18
1778943008113067679,11.108,23.8975,326.15,72.7841505636153,14.787499999999998,50.24861383396067,12.355683011272307,1.7789593015777313e+18,1.7789368095597125e+18
1778943008513348101,12.116,2.315,995.325,72.75123095937398,15.049999999999999,50.21269815272409,12.35502461918748,1.7789593925866806e+18,1.7789367758442665e+18
1778943008913669357,12.144,2.3975,1399.075,72.72648222155115,15.049999999999999,50.17628583377176,12.354529644431024,1.7789594766539712e+18,1.778936744698737e+18
1778943009314017439,12.148,2.5825,992.825,72.705615447569,14.927499999999998,50.14126788920645,12.35411230895138,1.778959559611985e+18,1.7789367139423846e+18
1778943009714254779,12.156,2.4825,1391.45,72.68717560375205,14.927499999999998,50.10726325175208,12.353743512075042,1.7789596399401306e+18,1.7789366841478193e+18
1778943010114548027,12.152,2.765,969.55,72.66948084499728,14.805000000000001,50.0792375034894,12.353389616899946,1.778959718093847e+18,1.778936655145177e+18
1778943010715059598,12.136,3.65,1320.425,72.66062182509171,14.647499999999999,50.06028450016984,12.353212436501835,1.7789597964261281e+18,1.778936626065092e+18
1778943011115368861,12.092,3.7825,752.8,72.63983055722693,14.647499999999999,50.03877478119793,12.352796611144539,1.77895987245876e+18,1.778936597819642e+18
1778943011515686654,12.208,1.78,658.95,72.65828860718652,14.507499999999999,50.05367034997924,12.353165772143731,1.778959960741528e+18,1.778936565005787e+18
1778943011916061542,12.128,3.7325,372.55,72.67439542148784,14.349999999999998,50.06739850527214,12.353487908429758,1.7789600591116518e+18,1.7789365284309225e+18
1778943012516440207,12.032,6.015,1136.925,72.68472996194122,14.349999999999998,50.07670617810429,12.353694599238825,1.7789601685864054e+18,1.7789364877075912e+18
1778943012916755021,12.1,4.3175,192.8,72.68869598116615,14.1225,50.081078009703276,12.353773919623324,1.7789602861723136e+18,1.7789364439479933e+18
1778943013317081423,11.996,6.6175,588.375,72.68958763895225,14.1225,50.08376930724361,12.353791752779046,1.778960409432499e+18,1.7789363980613967e+18
1778943013717401494,12.116,3.8975,157.175,72.68295743780735,13.93,50.08008696495523,12.353659148756147,1.7789605358533507e+18,1.7789363509799631e+18
1778943014117873701,12.072,5.2175,479.65,72.6826977713709,13.719999999999999,50.08109239066672,12.353653955427419,1.7789606673755794e+18,1.7789363019844303e+18
1778943014517984846,10.672,34.2175,1463.775,72.68167885401535,13.719999999999999,50.060331187663095,12.353633577080307,1.7789608004183887e+18,1.7789362524160428e+18
1778943014918292522,10.656,35.85,1190.275,72.66101695225284,13.842500000000001,49.982897080676985,12.353220339045057,1.7789609308571543e+18,1.7789362037944988e+18
1778943015318541781,10.58,36.4825,355.625,72.65286364392692,14.2975,49.944759249590945,12.353057272878539,1.7789610618112259e+18,1.778936154966967e+18
1778943015718977936,10.52,36.9475,1085.275,72.65310299187799,14.2975,49.93709231047177,12.35306205983756,1.7789611968349716e+18,1.7789361046121075e+18
1778943016119163221,10.556,36.25,35.175,72.65181374441258,14.77,49.92817890018543,12.353036274888252,1.7789613326905818e+18,1.778936053941722e+18
1778943016519367346,10.592,34.9975,107.325,72.65535555068156,15.224999999999998,49.938527549907754,12.353107111013632,1.7789614718446103e+18,1.7789360020371983e+18
1778943016920052271,10.608,34.7,327.525,72.65882701317102,15.224999999999998,49.94779515546955,12.353176540263421,1.7789616136728799e+18,1.7789359491329124e+18
1778943017320542377,10.612,33.935,999.525,72.66909617981509,15.715,49.97965380473911,12.353381923596302,1.7789617607779712e+18,1.7789358942625308e+18
1778943017721156710,11.956,4.3675,1411.9,72.60952416431853,16.135,49.94142628795841,12.352190483286371,1.7789618931059648e+18,1.7789358448471252e+18
1778943018121426844,12.068,3.4825,1031.975,72.570751225025,16.135,49.91461533502411,12.3514150245005,1.778962016966819e+18,1.7789357985493036e+18
1778943018521803167,12.06,3.58,1510.925,72.52580556246738,16.275000000000002,49.883418931936184,12.350516111249348,1.7789621301286738e+18,1.778935756196886e+18
1778943018922145028,12.048,4.1,1334.175,72.48419653368819,16.135,49.8553735332636,12.349683930673764,1.7789622307680392e+18,1.7789357184785393e+18
1778943019322548411,12.004,5.6325,794.775,72.45598462014948,15.995000000000001,49.83834162769505,12.34911969240299,1.7789623209523965e+18,1.7789356846384812e+18
1778943019722904932,11.992,5.7475,787.05,72.42526516382961,15.995000000000001,49.81972153440052,12.348505303276593,1.7789624019831642e+18,1.7789356541852398e+18
1778943020123184347,11.9,7.9475,763.475,72.40068432543589,15.8725,49.806635722415216,12.348013686508718,1.778962475530655e+18,1.7789356265015744e+18
1778943020523452039,11.66,13.1825,691.525,72.38840552607444,15.8725,49.811807605170095,12.34776811052149,1.7789625473259118e+18,1.7789355994556314e+18
1778943020923749796,11.604,14.1825,471.95,72.38050724282007,15.8725,49.826091912141536,12.347610144856402,1.778962611953461e+18,1.778935575086178e+18
1778943021324006193,12.076,3.6825,1440.275,72.35195492443277,15.995000000000001,49.812066888522935,12.347039098488656,1.778962664899462e+18,1.7789355550571988e+18
1778943021724333635,12.152,1.9675,1118.55,72.31727098025553,15.907499999999999,49.791657236773936,12.346345419605111,1.7789627111708933e+18,1.778935537481279e+18
1778943022124567131,12.168,2.3475,136.725,72.29582975568744,15.907499999999999,49.778175549630284,12.34591659511375,1.7789627521283046e+18,1.7789355218680159e+18
1778943022524880635,12.172,2.615,417.25,72.281743800698,15.785,49.764907096663364,12.34563487601396,1.7789627958550612e+18,1.77893550519428e+18
1778943022925063957,12.092,3.8675,1273.325,72.26194459988422,15.61,49.75855615610489,12.345238891997685,1.7789628459177206e+18,1.7789354861120425e+18
1778943023325336991,12.132,3.4675,609.075,72.24934201141718,15.61,49.743899503836765,12.344986840228344,1.7789628974844106e+18,1.778935466445668e+18
1778943023725720590,12.152,3.2825,220.325,72.23986057485642,15.382499999999999,49.746464614897036,12.344797211497129,1.7789629454989768e+18,1.7789354480984456e+18
1778943024126056096,12.156,3.265,672.375,72.23420614352801,15.084999999999999,49.723885616372804,12.34468412287056,1.7789629909862994e+18,1.778935430691613e+18
1778943024526289850,12.156,3.4325,413.525,72.23185486064922,15.084999999999999,49.70726149057617,12.344637097212985,1.7789630358441551e+18,1.7789354135175836e+18
1778943024926413280,12.144,3.4175,1261.975,72.2238096626862,14.7525,49.69449389740084,12.344476193253724,1.7789630854125338e+18,1.778935394561672e+18
1778943025326594862,12.164,3.515,574.425,72.22643601478511,14.489999999999998,49.677304199505386,12.344528720295703,1.7789631396178596e+18,1.7789353738671288e+18
1778943025726837899,12.16,3.4175,114.6,72.22579612019783,14.489999999999998,49.66168303686163,12.344515922403957,1.7789631938787817e+18,1.7789353531499638e+18
1778943026127056156,12.152,3.715,349.725,72.22601407814561,14.227500000000001,49.652402087370106,12.344520281562913,1.778963247902945e+18,1.7789353325213617e+18
1778943026527279649,12.2,2.8825,1067.275,72.2267038514813,14.227500000000001,49.64608719930958,12.344534077029627,1.7789633016243732e+18,1.7789353120068854e+18
1778943026927492352,12.184,2.7975,1618.65,72.22440885502975,13.9825,49.63875016836488,12.344488177100596,1.7789633548596554e+18,1.7789352916709514e+18
1778943027327843949,12.18,3.3125,24.525,72.22828512306174,13.6325,49.62826780373443,12.344565702461235,1.7789634108673523e+18,1.778935270298089e+18
1778943027728427714,12.184,3.265,74.825,72.23202766205218,13.6325,49.616420507353624,12.344640553241044,1.778963468750571e+18,1.7789352482250125e+18
1778943028128958818,12.26,1.7,228.325,72.23607126358624,13.265,49.60092851203758,12.344721425271725,1.7789635276958085e+18,1.778935225757913e+18
1778943028729686736,12.164,3.2325,696.775,72.2319338080993,13.265,49.584448207029986,12.344638676161987,1.7789635867899889e+18,1.7789352032281777e+18
1778943029130015746,12.224,2.715,487.975,72.23927319811149,12.915,49.5735499131634,12.34478546396223,1.7789636561520945e+18,1.778935176847006e+18
1778943029530272672,12.22,2.68,1489.175,72.26924688129371,12.915,49.594765396165236,12.345384937625875,1.7789637428086802e+18,1.7789351440050798e+18
1778943029930818021,12.256,2.18,1267.8,72.29619477526458,12.565,49.61405811679223,12.345923895505292,1.7789638467981706e+18,1.778935104682333e+18
1778943030331103950,12.244,2.5825,592.2,72.32318951599684,12.565,49.63297699959961,12.346463790319937,1.7789639635385157e+18,1.778935060601455e+18
1778943030731473692,12.236,2.5325,168.85,72.34093965495231,12.2325,49.64497410493684,12.346818793099047,1.778964090434017e+18,1.7789350127237443e+18
1778943031332020492,12.236,2.6,515.275,72.35603328933838,12.2325,49.654216922129116,12.347120665786768,1.778964228220797e+18,1.7789349607684616e+18
1778943031732220435,12.268,2.3,1572.475,72.37608110173203,12.005,49.662251793484415,12.347521622034641,1.778964378240587e+18,1.7789349042364685e+18
1778943032132449769,12.296,1.75,1522.0,72.39773430275793,12.005,49.6698365424318,12.347954686055159,1.7789645379525368e+18,1.7789348440869445e+18
1778943032532899684,12.284,1.9675,1367.975,72.41921758634442,11.76,49.676871542234394,12.348384351726889,1.7789647074686876e+18,1.7789347802773926e+18
1778943032933239266,12.304,1.5825,897.925,72.43453314792391,11.76,49.680870768671895,12.348690662958479,1.7789648872651366e+18,1.778934712618437e+18
1778943033333497783,12.3,1.5675,1101.825,72.45156448694264,11.532499999999999,49.678950645107264,12.349031289738853,1.7789650732636308e+18,1.778934642647256e+18
1778943033734052919,12.304,2.2,85.7,72.49065426933167,11.532499999999999,49.70732056550966,12.349813085386634,1.7789652750006868e+18,1.778934566812012e+18
1778943034134409418,12.308,1.865,261.525,72.52180269960807,11.34,49.73077376583781,12.350436053992162,1.7789654937290962e+18,1.7789344846282806e+18
1778943034534621353,12.308,1.73,798.1,72.54488966891248,11.34,49.7477003997049,12.35089779337825,1.7789657254301243e+18,1.7789343975957857e+18
1778943034934960686,12.312,1.715,797.2,72.55882159876616,11.1825,49.75816385439146,12.351176431975324,1.7789659659573535e+18,1.7789343072603218e+18
1778943035335255374,12.316,1.75,794.45,72.57898390572652,11.1825,49.773139679305,12.35157967811453,1.7789662200542682e+18,1.7789342118472412e+18
1778943035735785658,12.312,1.615,786.05,72.59616598931932,10.955,49.7860089073166,12.351923319786387,1.7789664829447767e+18,1.7789341131502047e+18
1778943036136085938,12.312,1.7,760.425,72.61201280518036,10.955,49.79782443624575,12.352240256103608,1.7789667570125578e+18,1.7789340102699807e+18
1778943036536259781,12.324,1.75,682.225,72.6343501226216,10.955,49.814466274192476,12.352687002452432,1.778967045942987e+18,1.7789339018313219e+18
1778943036936547966,12.324,1.6325,443.575,72.65226830555997,10.815,49.82795211394868,12.3530453661112,1.7789673462757284e+18,1.7789337891301527e+18
1778943037336915526,12.324,1.7,1353.675,72.66935632703094,10.815,49.840754631753626,12.35338712654062,1.7789676439960433e+18,1.7789336774425326e+18
1778943037737191906,12.32,1.5475,854.275,72.68226552929525,10.7275,49.850540724382675,12.353645310585906,1.7789679378897047e+18,1.7789335672196416e+18
1778943038137551620,12.32,1.715,968.625,72.69479186741003,10.7275,49.85994739807396,12.353895837348201,1.778968225170949e+18,1.778933459510598e+18
1778943038537794992,12.324,1.5825,1317.6,72.7074750670006,10.674999999999999,49.869531853192754,12.354149501340013,1.778968508834529e+18,1.7789333531887278e+18
1778943038938134400,12.328,1.5675,744.175,72.71942471837666,10.674999999999999,49.878584812944176,12.354388494367534,1.778968792290514e+18,1.7789332469692012e+18
1778943039338411595,12.328,1.5175,632.625,72.72834427140678,10.64,49.88542215778593,12.354566885428136,1.7789690767491448e+18,1.7789331403909827e+18
1778943039738839199,12.336,1.665,292.2,72.7359214723842,10.64,49.89149349748305,12.354718429447685,1.778969362018635e+18,1.778933033524144e+18
1778943040139151731,12.336,1.5675,891.7,72.74885077213574,10.64,49.90132269048525,12.354977015442715,1.7789696497034353e+18,1.7789329257757263e+18
1778943040539633299,12.356,1.615,1082.85,72.76580359606831,10.64,49.914122212967094,12.355316071921367,1.778969937425985e+18,1.7789328180500237e+18
1778943040940016069,12.336,1.4625,27.775,72.77490382691613,10.64,49.92112983782418,12.355498076538323,1.778970222198551e+18,1.7789327114569121e+18
1778943041340234642,12.172,6.1975,84.75,72.79555714069498,10.657499999999999,49.926134444898295,12.3559111428139,1.7789705199955945e+18,1.77893260000551e+18
1778943041740530888,12.272,2.8325,258.625,72.80111512897739,10.657499999999999,49.92909588020696,12.356022302579548,1.7789708243519552e+18,1.7789324861000317e+18
1778943042141235465,12.28,2.7975,789.25,72.81243748939728,10.57,49.93622205924269,12.356248749787946,1.7789711671107727e+18,1.7789323577626542e+18
1778943042541482147,12.3,2.3,770.175,72.8217242883569,10.57,49.942489862462594,12.356434485767139,1.7789715736822428e+18,1.778932205422642e+18
1778943042942073664,12.3,2.25,711.975,72.82543054683339,10.5525,49.94480830847844,12.356508610936668,1.778972002787635e+18,1.778932044613222e+18
1778943043342341948,12.244,2.9475,534.375,72.82204208531748,10.5525,49.94144384813319,12.35644084170635,1.7789724408732744e+18,1.7789318804229133e+18
1778943043743081116,12.256,2.9825,1630.775,72.82400144980804,10.4475,49.94174886587073,12.356480028996161,1.7789728933466903e+18,1.7789317108276846e+18
1778943044143606362,12.28,2.815,61.525,72.82592303353805,10.4475,49.941920019273496,12.356518460670761,1.7789733527130163e+18,1.7789315386499523e+18
1778943044544000726,11.432,20.95,187.75,72.81282787005415,10.4475,49.88909768114877,12.356256557401084,1.778973804627062e+18,1.7789313692562179e+18
1778943044944563050,11.084,26.95,572.95,72.7956888377709,10.342500000000001,49.84300537672993,12.355913776755418,1.778974244031532e+18,1.7789312045396163e+18
1778943045344926541,11.02,27.5325,110.1,72.77923645550874,10.342500000000001,49.81375232133962,12.355584729110175,1.7789746658204419e+18,1.7789310464223818e+18
1778943045745652256,10.868,31.135,335.975,72.754116238458,10.657499999999999,49.76322051311503,12.35508232476916,1.7789750562743718e+18,1.7789309000471186e+18
1778943046145868575,10.78,33.1675,1025.3,72.73438559698748,10.657499999999999,49.70795205892801,12.35468771193975,1.7789754252664166e+18,1.7789307617074798e+18
1778943046546172666,10.772,32.2475,1490.55,72.71206147284008,11.4275,49.68165486353651,12.354241229456802,1.7789757709345695e+18,1.7789306320964736e+18
1778943046946436496,10.652,35.28,1271.975,72.68639851798201,11.4275,49.63505025318855,12.35372797035964,1.7789760927671928e+18,1.7789305113968067e+18
1778943047346827176,10.556,37.25,604.95,72.66046494878385,12.04,49.59676104534835,12.353209298975678,1.778976387250765e+18,1.7789304009291325e+18
1778943047747116029,10.508,37.7825,207.75,72.64273656238983,12.8975,49.567897849844506,12.352854731247797,1.7789766384554476e+18,1.778930306710834e+18
1778943048147411116,10.488,38.7675,634.0,72.630393007669,12.8975,49.52947065432146,12.35260786015338,1.7789768578263375e+18,1.7789302244461146e+18
1778943048547726145,10.436,38.9175,296.4,72.62659681994917,13.719999999999999,49.53136460921903,12.352531936398984,1.778977058029911e+18,1.7789301493876982e+18
1778943048948092698,10.412,39.6,904.525,72.63674262748009,14.385000000000002,49.52327437411022,12.352734852549602,1.7789772575919767e+18,1.778930074596265e+18
1778943049348394108,10.464,39.48,1121.975,72.62473270214399,14.385000000000002,49.475202644823305,12.35249465404288,1.778977443083497e+18,1.7789300050711055e+18
1778943049748719385,11.468,15.8,147.175,72.611199011871,15.049999999999999,49.48994310897073,12.35222398023742,1.7789776110773612e+18,1.778929942098557e+18
1778943050149190934,11.224,21.4325,449.125,72.61419686258188,15.260000000000002,49.54414707369632,12.352283937251638,1.7789777768997763e+18,1.778929879950824e+18
1778943050749857000,10.808,30.3975,1370.6,72.62292509199949,15.260000000000002,49.589601904196435,12.35245850183999,1.7789779555399132e+18,1.778929813000222e+18
1778943051350180714,10.824,30.115,905.925,72.62876424109768,15.645,49.62313669294698,12.352575284821954,1.778978143946451e+18,1.7789297423882117e+18
1778943051750521958,10.864,28.415,1126.25,72.63570930946129,16.0825,49.67394156487357,12.352714186189226,1.778978342120015e+18,1.7789296681161595e+18
1778943052150904087,10.904,28.9825,160.225,72.63704192691422,16.52,49.6821142099011,12.352740838538285,1.778978561271203e+18,1.7789295859474478e+18
1778943052551336496,10.912,27.9,488.95,72.63826420870662,16.52,49.70137327151445,12.352765284174133,1.7789788082563103e+18,1.7789294932996227e+18
1778943052951620174,11.996,3.5,1492.15,72.58335483651503,16.834999999999997,49.66979378287075,12.351667096730301,1.778979018428443e+18,1.7789294143649856e+18
1778943053352067931,12.064,3.3125,1276.875,72.54255669388891,17.08,49.62749770721617,12.350851133877779,1.7789792026771233e+18,1.778929345079962e+18
1778943053752194545,12.072,3.8175,619.9,72.5096246890831,16.939999999999998,49.568656747789305,12.350192493781663,1.778979364377221e+18,1.7789292841943488e+18
1778943054152453547,12.092,3.2825,253.375,72.48031458571161,16.939999999999998,49.54718528750911,12.349606291714233,1.778979502949702e+18,1.7789292319366858e+18
1778943054552801399,11.556,14.385,773.225,72.46516997320887,16.6775,49.532071939519994,12.349303399464178,1.778979634165437e+18,1.7789291824064612e+18
1778943054953054132,11.424,17.0325,721.275,72.4553767949045,16.6075,49.53780571176676,12.34910753589809,1.778979749012856e+18,1.7789291390131113e+18
1778943055353335052,11.36,18.2825,562.75,72.44930933970446,16.747500000000002,49.56522114519023,12.34898618679409,1.7789798606348324e+18,1.7789290968168535e+18
1778943055753609932,11.292,20.0,78.975,72.44449540261283,16.747500000000002,49.577490217284826,12.348889908052257,1.7789799648479508e+18,1.778929057397248e+18
1778943056153922024,11.3,19.88,241.0,72.4386203448323,16.852500000000003,49.560549824490536,12.348772406896646,1.7789800667873508e+18,1.7789290188166574e+18
1778943056554340423,11.308,19.865,735.45,72.43454902708945,16.9925,49.567462995903334,12.34869098054179,1.778980161248076e+18,1.77892898304123e+18
1778943056954556396,11.268,20.365,606.0,72.43047219297009,16.9925,49.54480680766262,12.348609443859402,1.7789802394692298e+18,1.7789289533727142e+18
1778943057354816973,11.244,21.015,210.95,72.42662916190898,17.185000000000002,49.540294918119784,12.34853258323818,1.7789803050008832e+18,1.778928928474986e+18
1778943057755009951,11.296,19.6975,643.75,72.42161128879515,17.377499999999998,49.54362690108378,12.348432225775904,1.778980358098754e+18,1.778928908249072e+18
1778943058155282897,11.324,18.2325,326.15,72.41198671741076,17.5175,49.54734694768641,12.348239734348216,1.7789803913131208e+18,1.778928895490038e+18
1778943058555606045,11.336,19.7325,995.325,72.41036323723725,17.6925,49.53636658680958,12.348207264744746,1.7789804103892636e+18,1.778928888056554e+18
1778943058955948760,11.292,19.93,1399.075,72.44861576124295,17.6925,49.58512482455372,12.34897231522486,1.7789804535871703e+18,1.7789288716427837e+18
1778943059356346421,11.356,18.7825,992.825,72.4793587623714,17.8675,49.624239279689505,12.349587175247429,1.7789805346339264e+18,1.7789288410523433e+18
1778943059756870796,12.132,1.665,1391.45,72.45533514878727,18.0775,49.60276850650455,12.349106702975746,1.7789805896311772e+18,1.7789288202122373e+18
1778943060157398937,12.136,2.25,969.55,72.440827899426,18.095,49.585390768296186,12.34881655798852,1.7789806391568287e+18,1.7789288013942129e+18
1778943060557722411,12.152,2.18,1320.425,72.44129042520741,18.0425,49.586352576912525,12.348825808504149,1.7789807021973212e+18,1.778928777484177e+18
1778943060958153100,12.176,2.165,752.8,72.43948398368305,18.0425,49.585256178361966,12.348789679673661,1.7789807689992182e+18,1.7789287521517637e+18
1778943061358501153,12.184,2.115,658.95,72.4269142611325,17.9725,49.5762372006984,12.34853828522265,1.7789808255310797e+18,1.7789287306557427e+18
1778943061758992269,12.2,2.0325,372.55,72.42583723172328,17.814999999999998,49.575581850499525,12.348516744634466,1.778980888265682e+18,1.778928706819111e+18
1778943062159800534,12.212,1.8825,1136.925,72.42667030507047,17.709999999999997,49.5762361873724,12.34853340610141,1.778980954021368e+18,1.778928681846607e+18
1778943062560288068,12.208,1.8975,192.8,72.42001936642727,17.709999999999997,49.57125953642343,12.348400387328546,1.778980964259655e+18,1.7789286777887683e+18
1778943063160873061,12.232,2.0825,588.375,72.42372974582496,17.587500000000002,49.57402039707595,12.3484745949165,1.7789809434391053e+18,1.7789286854566444e+18
1778943063561481385,12.244,1.8,157.175,72.42378252740744,17.377499999999998,49.573973728269586,12.34847565054815,1.778980892172854e+18,1.778928704609222e+18
1778943063962302808,12.236,1.75,479.65,72.42047143117104,17.1675,49.57143162549923,12.348409428623421,1.7789808144994995e+18,1.7789287337154683e+18
1778943064362603976,12.232,1.5175,1463.775,72.40962673590916,17.1675,49.563131881253106,12.348192534718184,1.7789807112702382e+18,1.7789287724343647e+18
1778943064763332685,12.276,1.5825,1190.275,72.41477365746309,16.9575,49.56692595461285,12.348295473149262,1.77898060721562e+18,1.7789288114859712e+18
1778943065164044040,12.248,1.6325,355.625,72.40806323637726,16.6775,49.561898804923246,12.348161264727546,1.7789804905966106e+18,1.778928855264119e+18
1778943065564340534,12.264,1.6325,1085.275,72.40841288201113,16.6775,49.56213832386852,12.348168257640223,1.7789803727818688e+18,1.7789288995015014e+18
1778943065965040780,12.268,1.9475,35.175,72.41462479159838,16.485,49.56670056226129,12.348292495831968,1.7789802599199017e+18,1.7789289418953618e+18
1778943066365284166,12.268,1.75,107.325,72.41529057991646,16.2225,49.567217659523855,12.34830581159833,1.7789801448601695e+18,1.7789289851269916e+18
1778943066765764739,12.268,2.13,327.525,72.41598488129382,16.2225,49.567768971956404,12.348319697625877,1.7789800373558193e+18,1.7789290255171177e+18
1778943067166239339,12.28,1.5675,999.525,72.41384075715293,16.0475,49.56626000241399,12.348276815143059,1.7789799366849672e+18,1.7789290633296873e+18
1778943067566823897,12.276,1.5675,1411.9,72.40724176060888,15.89,49.56151572514387,12.348144835212178,1.778979836431545e+18,1.7789291009726996e+18
1778943067967435687,12.288,1.665,1031.975,72.40871189090922,15.89,49.5627149452333,12.348174237818185,1.7789797409902413e+18,1.7789291368105743e+18
1778943068367961541,12.288,1.7,1510.925,72.40583567987046,15.680000000000001,49.56072420759113,12.34811671359741,1.7789796558331924e+18,1.7789291687660928e+18
1778943068768816117,12.296,1.5325,794.775,72.41268604515429,15.435,49.56589055151678,12.348253720903086,1.7789795873069404e+18,1.778929194470777e+18
1778943069169170248,12.292,1.7,787.05,72.41011369249283,15.19,49.56391867185534,12.348202273849857,1.7789795196636877e+18,1.778929219840272e+18
1778943069569844079,12.292,1.75,763.475,72.411206873232,14.805000000000001,49.56465976608617,12.34822413746464,1.7789794768030067e+18,1.7789292358651692e+18
1778943069970644917,12.304,1.5825,691.525,72.405478119403,14.805000000000001,49.560455654761505,12.34810956238806,1.778979440610708e+18,1.7789292493618076e+18
1778943070371229961,12.308,1.85,471.95,72.39814015669639,14.489999999999998,49.55478248403185,12.347962803133928,1.7789794068353667e+18,1.7789292619301038e+18
1778943070771845236,12.3,1.75,1440.275,72.39510078526736,14.489999999999998,49.55276286494599,12.347902015705348,1.7789793887847388e+18,1.7789292685588227e+18
1778943071172169016,12.3,1.6325,1118.55,72.39536540669799,14.052499999999998,49.55290578570228,12.34790730813396,1.778979402315985e+18,1.7789292632705403e+18
1778943071572519575,12.308,1.5975,136.725,72.40034774238441,13.7025,49.55658853840656,12.348006954847689,1.7789794380481797e+18,1.7789292496177178e+18
1778943071973294783,12.308,1.75,417.25,72.39492751043048,13.7025,49.55248186680603,12.34789855020861,1.7789795096337413e+18,1.7789292224164436e+18
1778943072373446994,12.308,1.78,1273.325,72.39513994997847,13.265,49.55248919752364,12.34790279899957,1.7789796178351631e+18,1.7789291813924278e+18
1778943072773744648,12.312,2.3325,609.075,72.4045996632891,13.265,49.55860412555746,12.348091993265783,1.7789797691732954e+18,1.7789291241074028e+18
1778943073173979485,12.316,1.5975,220.325,72.40536177424754,12.81,49.559204223795135,12.348107235484951,1.7789799435813484e+18,1.7789290581116833e+18
1778943073574281620,12.3,1.73,672.375,72.39438929402196,12.81,49.55151997191927,12.34788778588044,1.778980134529541e+18,1.7789289858367575e+18
1778943073974639019,12.316,1.85,413.525,72.395145139203,12.3725,49.5519432652156,12.34790290278406,1.7789803549751619e+18,1.77892890242169e+18
1778943074374983183,12.32,1.8,1261.975,72.39977741425382,12.3725,49.555199471503975,12.347995548285077,1.7789806080377976e+18,1.77892880669792e+18
1778943074775203882,12.32,1.5975,574.425,72.3976266361017,12.005,49.55355249893279,12.347952532722035,1.778980887947262e+18,1.7789287008236808e+18
1778943075175507220,12.328,1.75,114.6,72.40225303664499,12.005,49.55679684937125,12.3480450607329,1.7789812031151245e+18,1.7789285816402609e+18
1778943075575805437,12.324,1.5475,349.725,72.40248489397575,11.62,49.55695837835067,12.348049697879516,1.7789815457721032e+18,1.7789284520677527e+18
1778943075976067550,12.304,1.9975,1067.275,72.40203204689752,11.62,49.556161793884954,12.34804064093795,1.778981921562459e+18,1.7789283099709445e+18
1778943076376327050,11.492,18.7675,1618.65,72.38856021177743,11.217500000000001,49.52415523070472,12.34777120423555,1.7789823162934124e+18,1.7789281606704899e+18
1778943076776614932,11.944,7.815,24.525,72.36317015988857,11.217500000000001,49.50670838895151,12.347263403197772,1.778982703337275e+18,1.7789280141871767e+18
1778943077176929153,12.284,1.65,74.825,72.35111212118602,11.270000000000001,49.498493333819425,12.347022242423721,1.7789831069081193e+18,1.7789278614126733e+18
1778943077577140061,12.296,1.5475,228.325,72.34011264638517,11.270000000000001,49.49045168901921,12.346802252927704,1.7789835323310308e+18,1.778927700336581e+18
1778943077977547655,12.3,1.6325,696.775,72.33234724696017,11.270000000000001,49.48556991442488,12.346646944939204,1.7789839666006308e+18,1.7789275358803356e+18
1778943078377804655,12.304,1.815,487.975,72.3249918367868,11.025,49.4804903814184,12.346499836735736,1.7789843978712594e+18,1.7789273725198518e+18
1778943078778162304,12.316,1.73,1489.175,72.32424267957941,11.025,49.48203165553474,12.346484853591589,1.7789848438435896e+18,1.77892720358586e+18
1778943079178339898,12.304,1.765,1267.8,72.32103353632144,10.674999999999999,49.48009011989966,12.34642067072643,1.7789852888570094e+18,1.7789270349889047e+18
1778943079578507592,12.292,2.3825,592.2,72.35905948747428,10.674999999999999,49.57775342972543,12.347181189749486,1.7789858018830264e+18,1.7789268407971392e+18
1778943079978763852,12.308,1.9475,168.85,72.38549400386124,10.342500000000001,49.638431119383725,12.347709880077225,1.7789863716754358e+18,1.7789266252229517e+18
1778943080379011472,12.328,2.165,515.275,72.42851275664631,10.342500000000001,49.729896727872,12.348570255132927,1.7789870246941235e+18,1.7789263783214725e+18
1778943080779304696,12.332,1.5825,1572.475,72.45555584642707,10.342500000000001,49.75011314691631,12.349111116928542,1.7789877443547633e+18,1.778926106309313e+18
1778943114413757043,12.332,1.5975,1522.0,72.47686652681756,9.9225,49.7662767431074,12.349537330536352,1.7789886444383235e+18,1.7789257663829187e+18
1778943114814365943,12.328,1.665,1367.975,72.49197922883005,9.9225,49.779160947365924,12.349839584576602,1.7789896075560786e+18,1.7789254026752632e+18
1778943115214765981,12.332,1.665,897.925,72.51154372308964,9.5725,49.79403844999965,12.350230874461793,1.7789906524070915e+18,1.778925008138772e+18
1778943115615385155,12.34,1.5975,1101.825,72.5314363193612,9.5725,49.80955674523682,12.350628726387225,1.7789917822052593e+18,1.7789245815632108e+18
1778943116015742077,12.332,1.6325,85.7,72.54400130213322,9.5725,49.81915454835807,12.350880026042665,1.7789928987411556e+18,1.7789241600439014e+18
1778943116416101833,12.332,1.5975,261.525,72.55558655698876,9.2575,49.82795415837871,12.351111731139776,1.7789941354307574e+18,1.7789236931481096e+18
1778943116816627602,12.336,1.6325,798.1,72.56742627496821,9.2575,49.83691436734859,12.351348525499365,1.7789954949700275e+18,1.7789231798602273e+18
1778943117216908505,12.34,1.5975,797.2,72.57975262080167,8.8725,49.846295866103894,12.351595052416034,1.7789969978630047e+18,1.7789226124349123e+18
1778943117617220466,12.336,1.5975,794.45,72.58718007094922,8.8725,49.85201364768639,12.351743601418985,1.7789986207407752e+18,1.778921999686254e+18
1778943118017794166,12.344,1.5325,786.05,72.59801949519112,8.8725,49.860317562154705,12.351960389903823,1.7790004115224013e+18,1.7789213235200817e+18
1778943118418141214,12.344,1.5975,760.425,72.60933216544919,8.417499999999999,49.86892102179352,12.352186643308984,1.7790023674019151e+18,1.778920585004665e+18
1778943118818744884,12.344,1.5825,682.225,72.6160252316358,8.417499999999999,49.87407117189611,12.352320504632717,1.7790044831062328e+18,1.778919786114877e+18
1778943119219044341,12.352,1.5475,443.575,72.61225887981917,8.417499999999999,49.871470992809385,12.352245177596384,1.7790067461548877e+18,1.7789189315151e+18
1778943119619584367,12.392,1.5675,1353.675,72.63601128765627,7.945,49.88958668076136,12.352720225753126,1.7790093202238449e+18,1.7789179594913303e+18
1778943120020065593,12.352,1.5475,854.275,72.64450257890428,7.945,49.89609053951241,12.352890051578086,1.7790121655293837e+18,1.7789168850063368e+18
1778943120420305044,12.348,1.5325,968.625,72.65073844404374,7.945,49.90102235014531,12.353014768880875,1.779015336124087e+18,1.7789156876264886e+18
1778943120820777899,12.352,1.5825,1317.6,72.65157212118643,7.945,49.90242335353938,12.35303144242373,1.7790188308497728e+18,1.7789143677642483e+18
1778943121221156593,11.992,9.665,744.175,72.66105441562124,7.244999999999999,49.89184956480389,12.353221088312425,1.7790227906317432e+18,1.7789128722167078e+18
1778943121621489875,11.356,22.315,632.625,72.63587161197557,7.244999999999999,49.830174556918806,12.352717432239512,1.779027047019748e+18,1.7789112644215247e+18
1778943122021792112,11.292,23.2825,292.2,72.61017899710164,7.244999999999999,49.77284944475407,12.352203579942033,1.779031628412548e+18,1.7789095336174433e+18
1778943122422016168,11.328,21.865,891.7,72.59058844871129,6.895,49.73497046980825,12.351811768974226,1.779036603874433e+18,1.7789076537211802e+18
1778943122822650435,11.22,23.25,1082.85,72.56891085554118,6.895,49.70915108493555,12.351378217110824,1.779041982217614e+18,1.778905621360454e+18
1778943123222974508,11.188,23.9475,27.775,72.54593693675905,6.895,49.681205796421146,12.350918738735182,1.7790478524374725e+18,1.7789034028534013e+18
1778943123623247028,11.188,24.0325,84.75,72.51997234564644,7.5424999999999995,49.64947962041828,12.35039944691293,1.7790540917377055e+18,1.7789010445506452e+18
1778943124023856981,11.148,24.265,258.625,72.49872350032572,7.5424999999999995,49.64467340939585,12.349974470006515,1.7790609065152123e+18,1.7788984684345887e+18
1778943124424250165,11.152,24.4325,789.25,72.49475286612048,7.5424999999999995,49.67282186338733,12.34989505732241,1.779068489793794e+18,1.778895601678359e+18
1778943125024982666,11.148,24.2,770.175,72.48865744418465,8.207500000000001,49.69137527358574,12.349773148883694,1.7790771071906227e+18,1.7788923438251208e+18
1778943125425350233,11.036,27.315,711.975,72.48453358325494,8.207500000000001,49.69540538328678,12.3496906716651,1.779087053243438e+18,1.7788885835169828e+18
1778943125825983069,11.024,26.6825,534.375,72.48512349020517,8.207500000000001,49.6940302245322,12.349702469804104,1.779098748908085e+18,1.7788841616371886e+18
1778943126226282416,11.02,26.7325,1630.775,72.48513434136034,8.715,49.694754781548156,12.349702686827207,1.7791126716374034e+18,1.7788788976382218e+18
1778943126626913405,11.028,26.2675,61.525,72.48455586102088,8.715,49.70997674872248,12.349691117220418,1.7791290846856842e+18,1.7788726919356111e+18
1778943127027444743,11.208,22.5825,187.75,72.48386661805311,9.24,49.71871712270228,12.349677332361063,1.7791471048411715e+18,1.778865878384286e+18
1778943127428206632,11.036,26.465,572.95,72.48436771107122,9.24,49.71176434806195,12.349687354221425,1.7791674304567278e+18,1.7788581929403587e+18
1778943127828751094,12.136,2.4475,110.1,72.45506547835791,9.94,49.68277223543523,12.349101309567159,1.779188290175588e+18,1.7788503046504392e+18
1778943128229307644,12.08,4.45,335.975,72.4496590169374,9.94,49.671085759581864,12.348993180338748,1.7792105293676974e+18,1.7788418942644877e+18
1778943128629828094,12.176,2.3,1025.3,72.43266688172046,9.94,49.65808000808893,12.34865333763441,1.7792332942276406e+18,1.77883328425598e+18
1778943129030111180,12.168,2.765,1490.55,72.43816419035144,10.1325,49.66222759542574,12.34876328380703,1.779256732978542e+18,1.7788244190729756e+18
1778943129430660586,12.156,2.9825,1271.975,72.44755241787492,10.1325,49.66952237885738,12.348951048357499,1.7792823291075548e+18,1.7788147378913062e+18
1778943129831356351,11.832,10.4825,604.95,72.45865303239549,9.9925,49.67490953661758,12.34917306064791,1.779310532596982e+18,1.778804070607587e+18
1778943130231525725,12.072,5.1,207.75,72.45516017365343,9.9925,49.67039897314532,12.349103203473069,1.7793395538742966e+18,1.778793093462165e+18
1778943130632311304,11.38,19.6325,634.0,72.46254957916331,9.905000000000001,49.66967543825145,12.349250991583267,1.7793661988302536e+18,1.7787830146882721e+18
1778943131032655056,11.552,15.18,296.4,72.45572600520748,9.905000000000001,49.67621484694052,12.34911452010415,1.7793879033682476e+18,1.7787748035176323e+18
1778943131433067526,11.048,26.2475,904.525,72.45915552298204,10.342500000000001,49.668873972908806,12.349183110459641,1.7794069677029082e+18,1.778767590570346e+18
1778943131833948750,11.06,25.5,1121.975,72.46438746514751,10.342500000000001,49.67428873132693,12.34928774930295,1.779422736623339e+18,1.778761623801168e+18
1778943132434760363,11.044,25.8825,147.175,72.4654008523437,11.1475,49.68169280169246,12.349308017046875,1.7794303098835942e+18,1.7787587563807304e+18
1778943132835166256,11.1,25.15,449.125,72.46735809672663,11.1475,49.69976085334807,12.349347161934533,1.7794316803061274e+18,1.778758234865951e+18
1778943133435593522,11.008,27.5475,1370.6,72.46516455074213,11.935,49.67889927129379,12.349303291014843,1.779427521672873e+18,1.7787598044031521e+18
1778943133836470376,10.968,27.3,905.925,72.46625647132258,11.935,49.690248988902376,12.349325129426452,1.7794196764772739e+18,1.7787627683996157e+18
1778943134236841434,11.004,26.935,1126.25,72.46640388463463,12.705,49.69257774441057,12.349328077692693,1.7794060995331576e+18,1.7787679004486815e+18
1778943134637172532,11.084,24.98,160.225,72.47050928921661,12.705,49.72201661206649,12.349410185784333,1.779391693332775e+18,1.7787733465424957e+18
1778943135037770511,11.2,22.1175,488.95,72.46820079726815,13.37,49.733012803932596,12.349364015945364,1.779377209113529e+18,1.7787788222958036e+18
1778943135438362917,11.268,20.465,1492.15,72.46824566723706,13.8775,49.76719877512142,12.349364913344742,1.779363247925037e+18,1.778784100454333e+18
1778943135838761095,11.292,19.6325,1276.875,72.46373699056637,13.8775,49.790598771479736,12.349274739811328,1.7793502959459702e+18,1.7787889969452882e+18
1778943136639859652,11.812,8.0975,619.9,72.43000314081021,14.209999999999999,49.7666400287886,12.348600062816205,1.7793330163657864e+18,1.7787955295307592e+18
1778943137040336619,12.128,2.565,253.375,72.39868679418836,14.315,49.73592357695082,12.347973735883768,1.7793116193243745e+18,1.778803619091763e+18
1778943137440658617,12.128,2.9675,773.225,72.40754235733283,14.315,49.73694932062295,12.348150847146657,1.7792944529397335e+18,1.7788101090732122e+18
1778943138041662369,12.148,2.665,721.275,72.39954002188549,14.192499999999999,49.71907901160982,12.34799080043771,1.779279754542999e+18,1.7788156656164326e+18
1778943138442259067,12.108,3.6,562.75,72.381412428948,14.192499999999999,49.708412890770994,12.34762824857896,1.7792660436870234e+18,1.7788208484653676e+18
1778943138843111993,12.168,2.715,78.975,72.3942040882588,13.965,49.712403651082475,12.347884081765176,1.7792515484666437e+18,1.778826328838068e+18
1778943139243429601,12.156,2.68,241.0,72.41623968118168,13.8075,49.727512620170884,12.348324793623634,1.7792395104852654e+18,1.7788308804758405e+18
1778943139644264239,12.136,4.0,735.45,72.43682387706122,13.8075,49.74222313159765,12.348736477541225,1.7792310359045356e+18,1.778834084651854e+18
1778943140045072043,12.076,4.7975,606.0,72.4462111253568,13.475,49.748761094739464,12.348924222507137,1.7792221048932462e+18,1.7788374619341007e+18
1778943140445392061,12.148,3.4675,210.95,72.43891583850174,13.475,49.730649927648614,12.348778316770035,1.7792124769822753e+18,1.7788411029195505e+18
1778943140846178323,12.024,6.015,643.75,72.43328871123022,13.1775,49.732886874920126,12.348665774224605,1.7792033137648502e+18,1.778844568144073e+18
1778943141447021059,11.772,10.8325,326.15,72.42775321803128,13.1775,49.74131188250634,12.348555064360626,1.7791946289450122e+18,1.7788478524217341e+18
1778943141847947350,11.684,12.7175,995.325,72.41935863468657,13.0025,49.72595922362771,12.348387172693732,1.7791873260476293e+18,1.778850613782201e+18
1778943142248164025,11.68,12.1825,1399.075,72.40646055221224,13.1075,49.71465672953001,12.348129211044245,1.779180475153126e+18,1.7788532040110154e+18
1778943142648800500,11.652,13.3,992.825,72.44565402893048,13.1075,49.74965617427653,12.34891308057861,1.7791762909860288e+18,1.7788547859950922e+18
1778943143049062662,11.68,12.5975,1391.45,72.46453429459353,13.335,49.75705551886412,12.349290685891871,1.7791729774625257e+18,1.7788560389375985e+18
1778943143449480613,11.688,12.3325,969.55,72.45559727573595,13.335,49.745271450891806,12.34911194551472,1.7791695559959657e+18,1.7788573326168717e+18
1778943143849975993,11.688,12.85,1320.425,72.45166044475793,13.5625,49.74265250112521,12.34903320889516,1.77916635047874e+18,1.7788585445565906e+18
1778943144250339180,11.716,11.665,752.8,72.44173675264206,13.79,49.722371148514426,12.348834735052842,1.7791627454103716e+18,1.7788599075935045e+18
1778943144650898243,11.64,13.935,658.95,72.47665148485902,13.79,49.75227317926803,12.34953302969718,1.7791594064284992e+18,1.7788611706337262e+18
1778943145051360098,11.568,14.815,372.55,72.49841378061612,14.0,49.7796585253853,12.349968275612323,1.7791570339554708e+18,1.7788620683026816e+18
1778943145451740866,11.544,15.3825,1136.925,72.51688469804226,14.0,49.80371509770511,12.350337693960846,1.7791553309928064e+18,1.77886271292329e+18
1778943145852360699,11.604,13.9,192.8,72.53187447112718,14.174999999999999,49.82731251815078,12.350637489422544,1.7791542720175406e+18,1.7788631140780506e+18
1778943146253087042,11.584,14.1825,588.375,72.54300256309881,14.349999999999998,49.8493602891633,12.350860051261977,1.779153679667788e+18,1.778863338819636e+18
1778943146653642917,11.556,15.315,157.175,72.54928621268161,14.349999999999998,49.86135770735895,12.350985724253633,1.779153474675081e+18,1.778863417061016e+18
1778943147054042247,11.584,13.95,479.65,72.56059289196867,14.4725,49.884343618455276,12.351211857839374,1.7791538507141087e+18,1.778863275585698e+18
1778943147454304796,11.596,14.35,1463.775,72.57357994006215,14.56,49.90416396109034,12.351471598801243,1.779154938283365e+18,1.7788628650324948e+18
1778943147855087469,11.564,14.6325,1190.275,72.57760029086525,14.56,49.92004487975071,12.351552005817306,1.779154715549951e+18,1.778862950485873e+18
1778943148255315124,11.576,13.95,355.625,72.57180836622989,14.5775,49.932239702570676,12.351436167324598,1.7791530507531873e+18,1.7788635816334216e+18
1778943148656018933,11.568,14.85,1085.275,72.57721265058849,14.5775,49.94524226188919,12.35154425301177,1.779150764370785e+18,1.7788644481266688e+18
1778943149056445457,11.612,14.015,35.175,72.57823824475336,14.629999999999999,49.952939743881295,12.351564764895068,1.7791480529052746e+18,1.7788654755102474e+18
1778943149456949859,12.156,2.365,107.325,72.56522093611161,14.682500000000001,49.94176013374589,12.351304418722233,1.7791448154926426e+18,1.7788667017189133e+18
1778943149857287300,12.128,3.15,327.525,72.54970463948237,14.682500000000001,49.929868295049104,12.350994092789648,1.779141028534735e+18,1.778868135653091e+18
1778943150257867293,12.124,3.4325,999.525,72.53829447514563,14.525000000000002,49.94099781032113,12.350765889502913,1.779136978173976e+18,1.7788696690955177e+18
1778943150658359103,12.136,3.2975,1411.9,72.54455531901067,14.315,50.01217448100036,12.350891106380214,1.779133154448504e+18,1.778871116867259e+18
1778943151059055116,12.14,3.4475,1031.975,72.54589519212526,14.315,50.05245866631294,12.350917903842506,1.779129532046899e+18,1.7788724884648333e+18
1778943151459248381,12.148,3.515,1510.925,72.54246268138411,14.105,50.06411624702797,12.350849253627683,1.779125906771763e+18,1.778873861099955e+18
1778943151859484433,12.152,3.3675,1334.175,72.53830402916498,14.105,50.076446947831066,12.3507660805833,1.7791223203755955e+18,1.778875218962408e+18
1778943152260152173,12.208,2.5475,794.775,72.53199237937737,13.965,50.06686024605735,12.350639847587548,1.7791187189231393e+18,1.7788765824387167e+18
1778943152660849385,12.192,2.735,787.05,72.52391806302371,13.7725,50.05653605170596,12.350478361260475,1.779115059156252e+18,1.7788779678829153e+18
1778943153061355124,12.168,3.2,763.475,72.50791713239745,13.7725,50.01399659830461,12.35015834264795,1.7791112019908782e+18,1.7788794278356772e+18
1778943153461891826,12.132,4.03,691.525,72.55295382395852,13.5975,50.0428193157848,12.35105907647917,1.7791084017182625e+18,1.7788804884000038e+18
1778943153862080382,12.196,3.0325,471.95,72.5844665376905,13.5975,50.06554700845925,12.35168933075381,1.7791064094485233e+18,1.7788812435611295e+18
1778943154262447112,12.044,5.915,1440.275,72.61496989332787,13.475,50.088047066076626,12.352299397866558,1.7791051345079396e+18,1.7788817276129472e+18
1778943154663067453,12.152,4.08,1118.55,72.64469279112457,13.475,50.10793280735881,12.352893855822492,1.7791046555135496e+18,1.7788819107886648e+18
1778943155063370523,12.088,5.165,136.725,72.66049973404493,13.387500000000001,50.11598189200691,12.353209994680899,1.7791047271579328e+18,1.7788818857569667e+18
1778943155463752729,12.076,5.5,417.25,72.67908908335164,13.195,50.12529221329491,12.353581781667033,1.7791053425042196e+18,1.7788816551941798e+18
1778943155863999485,12.016,6.5325,1273.325,72.68881156350363,13.195,50.126836723526445,12.353776231270073,1.779106354805579e+18,1.7788812745358323e+18
1778943156264309732,11.888,9.235,609.075,72.69252657550113,13.0725,50.12178862049167,12.353850531510023,1.779107670917125e+18,1.7788807789651256e+18
1778943156665061257,11.84,10.05,220.325,72.69503871683474,13.0725,50.114646286432254,12.353900774336696,1.7791095773427758e+18,1.7788800600537859e+18
1778943157065477939,11.924,8.4475,672.375,72.72122837817071,13.125,50.133939512427595,12.354424567563415,1.7791123946160796e+18,1.778878996856353e+18
1778943157465823438,12.052,5.165,413.525,72.74331649214982,13.125,50.15581757441027,12.354866329842997,1.7791159938555502e+18,1.778877638136665e+18
1778943157866312216,11.844,10.1,1261.975,72.76467796067773,13.16,50.17407188256541,12.355293559213555,1.7791204534909883e+18,1.7788759542603146e+18
1778943158266560168,11.908,8.4675,574.425,72.77638432132657,13.055,50.18660316302079,12.355527686426532,1.779125706461479e+18,1.7788739705209096e+18
1778943158666983485,11.832,10.215,114.6,72.79490294787497,13.055,50.201326012086604,12.3558980589575,1.779132000393113e+18,1.7788715933898985e+18
1778943159067375287,11.604,14.9325,349.725,72.80981266363158,12.8975,50.212944332987306,12.356196253272632,1.7791392547762084e+18,1.778868853354782e+18
1778943159467879108,11.376,20.1475,1067.275,72.82218842891703,12.8975,50.20911413568683,12.356443768578341,1.7791475793276045e+18,1.7788657089486164e+18
1778943159868300052,11.128,24.7975,1618.65,72.8322868477587,12.985,50.20799803462385,12.356645736955175,1.7791567288492477e+18,1.7788622529784143e+18
1778943160268445036,11.788,10.185,24.525,72.83030308551596,12.985,50.21604270162019,12.35660606171032,1.779166777413343e+18,1.7788584572777267e+18
1778943160669148986,11.584,14.835,74.825,72.8401532045483,13.229999999999999,50.23113267374584,12.356803064090967,1.779178227213265e+18,1.7788541321735944e+18
1778943161069375671,12.024,5.1975,228.325,72.8252019574926,13.3175,50.2230405339279,12.356504039149852,1.7791902655836383e+18,1.778849584651331e+18
1778943161469650285,12.216,1.5325,696.775,72.81103825915326,13.3175,50.20952983754348,12.356220765183066,1.7792030820282506e+18,1.7788447430484925e+18
1778943161870406437,12.192,2.285,487.975,72.80007245407728,13.125,50.19984557353252,12.356001449081546,1.77921676480231e+18,1.7788395740607752e+18
1778943162270788743,12.2,2.4325,1489.175,72.79257734825107,13.125,50.193584734536785,12.355851546965022,1.779231432219931e+18,1.7788340330386025e+18
1778943162671321850,12.224,1.9325,1267.8,72.7909368313762,12.74,50.19157138894048,12.355818736627525,1.7792475079051103e+18,1.7788279599595894e+18
1778943163072176833,12.24,1.765,592.2,72.78467495250352,12.74,50.18582948623132,12.355693499050071,1.7792644059300897e+18,1.7788215763279747e+18
1778943163472474375,12.196,2.8475,168.85,72.78175381344941,12.424999999999999,50.18344897067673,12.355635076268989,1.7792827689311777e+18,1.7788146392609695e+18
1778943163873154954,12.18,3.25,515.275,72.78134928551835,12.424999999999999,50.18353019571137,12.355626985710368,1.7793033879789176e+18,1.7788068497906107e+18
1778943164273604792,12.188,3.2325,1572.475,72.78886277065152,12.0575,50.18923968882541,12.355777255413031,1.7793270081991299e+18,1.7787979265581537e+18
1778943164674371285,12.272,1.4975,1522.0,72.78445187779505,12.0575,50.18547178045934,12.355689037555901,1.7793527588807112e+18,1.778788198546722e+18
1778943165074924121,12.268,1.5825,1367.975,72.78200527736755,11.707500000000001,50.18330055227442,12.355640105547351,1.7793811403924252e+18,1.7787774767433503e+18
1778943165475454806,12.276,1.78,897.925,72.78205062222067,11.707500000000001,50.18342696250828,12.355641012444414,1.7794057542987896e+18,1.778768180147334e+18
1778943165876025911,12.288,1.4975,1101.825,72.77881102309676,11.41,50.181003782091885,12.355576220461936,1.779426445755447e+18,1.778760366963221e+18
1778943166276472509,12.284,1.5325,85.7,72.77819830766336,11.41,50.18063162262396,12.355563966153268,1.7794428219620298e+18,1.7787541855557304e+18
1778943166676918816,12.288,1.665,261.525,72.78010920344212,11.200000000000001,50.18251867639269,12.355602184068843,1.779455528050489e+18,1.7787493919610212e+18
1778943167077170285,12.284,1.5825,798.1,72.77363591647193,11.200000000000001,50.177302932839154,12.35547271832944,1.7794629491465162e+18,1.7787465960042115e+18
1778943167477826414,12.324,1.615,797.2,72.78093880972517,11.200000000000001,50.18375453848778,12.355618776194504,1.7794691506874122e+18,1.7787442614835668e+18
1778943167878501676,12.292,1.9975,794.45,72.78409890914092,10.955,50.186410947090955,12.355681978182819,1.77947183505421e+18,1.7787432565050376e+18
1778943168279039040,12.304,1.5975,786.05,72.78434827308712,10.955,50.18661941784361,12.355686965461743,1.779469193405309e+18,1.7787442643506737e+18
1778943168679290855,12.296,1.6325,760.425,72.78407024929345,10.780000000000001,50.18634418571359,12.35568140498587,1.7794644911227302e+18,1.7787460507556723e+18
1778943169079946059,12.308,1.9125,682.225,72.78087417510405,10.780000000000001,50.18400118822049,12.355617483502082,1.7794566561573583e+18,1.7787490206026954e+18
1778943169480236804,12.308,1.5475,443.575,72.77568735597438,10.64,50.179780086979214,12.355513747119488,1.7794411479562929e+18,1.7787548893769882e+18
1778943169880914838,12.312,2.165,1353.675,72.7839294511833,10.64,50.186271469319365,12.355678589023666,1.7794218149668472e+18,1.7787622031256376e+18
1778943170281222359,12.308,1.4975,854.275,72.77898044119037,10.4825,50.18212298369661,12.355579608823808,1.7793993822249546e+18,1.7787706871987735e+18
1778943170681850696,12.32,1.78,968.625,72.78081437791143,10.4825,50.18366942203298,12.35561628755823,1.7793776256866862e+18,1.7787789151010565e+18
1778943171082085665,12.312,1.5825,1317.6,72.78027942976317,10.4825,50.18322890524742,12.355605588595264,1.7793558211624952e+18,1.7787871603809577e+18
1778943171482295557,12.316,1.65,744.175,72.78082383684898,10.342500000000001,50.183748534632,12.35561647673698,1.7793337182096003e+18,1.7787955176924134e+18
1778943171883137607,12.316,1.68,632.625,72.77698477108386,10.342500000000001,50.180506036757016,12.355539695421678,1.7793122627099402e+18,1.7788036295694692e+18
1778943172283617946,12.328,1.9825,292.2,72.78387614827952,10.255,50.18594721231458,12.35567752296559,1.7792922991957222e+18,1.7788111773435305e+18
1778943172684156343,12.328,1.5825,891.7,72.78334146565405,10.255,50.18561948408505,12.355666829313082,1.779275206470234e+18,1.7788176400332618e+18
1778943173084807263,12.324,1.5325,1082.85,72.7844641456139,10.219999999999999,50.186618075190125,12.355689282912278,1.7792609858581624e+18,1.778823017322995e+18
1778943173485125865,12.324,1.5325,27.775,72.78286318868207,10.219999999999999,50.185417012083974,12.355657263773642,1.7792490868794693e+18,1.778827517210722e+18
1778943173885869839,12.324,1.5825,84.75,72.78286318868199,10.219999999999999,50.18541701208404,12.35565726377364,1.7792389155991107e+18,1.7788313641648412e+18
1778943174286252552,12.328,1.5975,258.625,72.78334929095197,10.185,50.18580738962608,12.35566698581904,1.7792297420373312e+18,1.7788348339759752e+18
1778943174687000470,12.328,1.6325,789.25,72.78521439765652,10.185,50.18730736353477,12.355704287953131,1.7792215823687045e+18,1.7788379206136497e+18
1778943175087400202,12.216,3.2825,770.175,72.77128046074903,10.185,50.17429752773039,12.355425609214981,1.7792137644540956e+18,1.7788408776122604e+18
1778943175487678779,12.32,1.9125,711.975,72.77135396520808,10.185,50.17390004461029,12.355427079304162,1.7792073788643625e+18,1.7788432934739692e+18
1778943175888580191,12.3,2.285,534.375,72.76300169014735,10.2025,50.165731019114986,12.355260033802947,1.7792013277642575e+18,1.7788455826523318e+18
1778943176288827543,12.292,2.315,1630.775,72.7617672209452,10.2025,50.16364981636028,12.355235344418904,1.7791961307623073e+18,1.7788475491103276e+18
1778943176689423062,12.04,7.915,61.525,72.74734988811974,10.2025,50.15259879062026,12.354946997762395,1.7791911325639836e+18,1.7788494400601516e+18
1778943177089971695,11.592,17.4325,187.75,72.73475299335884,10.167499999999999,50.1043783834285,12.354695059867177,1.7791865438841004e+18,1.7788511760012639e+18
1778943177490458805,11.004,29.0675,572.95,72.69765094946477,10.167499999999999,50.010920769769754,12.353953018989296,1.7791814764917376e+18,1.7788530918728778e+18
1778943177891157176,10.98,28.9475,110.1,72.66644164225413,10.3075,49.94183871184835,12.353328832845083,1.779175980601639e+18,1.778855168862888e+18
1778943178291482545,10.856,30.8825,335.975,72.63851792198616,10.3075,49.891014528447236,12.352770358439724,1.7791702088310282e+18,1.7788573494448622e+18
1778943178692069973,10.688,33.8,1025.3,72.62117071379384,11.094999999999999,49.86303401659292,12.352423414275878,1.779164879937767e+18,1.7788593624631744e+18
1778943179092520299,10.74,32.9,1490.55,72.59830161904527,11.094999999999999,49.82743497766745,12.351966032380906,1.7791597318804575e+18,1.7788613067878746e+18
1778943179492811840,10.724,33.6325,1271.975,72.56541201577109,12.0225,49.77123626207792,12.351308240315422,1.779154408742087e+18,1.7788633166654774e+18
1778943179893543460,10.668,34.2825,604.95,72.55869090307775,12.6875,49.79717792353834,12.351173818061556,1.779149941042841e+18,1.7788650034695227e+18
1778943180293841896,10.532,35.215,207.75,72.580544056765,12.6875,49.89380714905774,12.3516108811353,1.779146894875152e+18,1.7788661539154394e+18
1778943180694594519,10.612,34.9975,634.0,72.58311150785754,13.335,49.91247595803103,12.351662230157151,1.7791446154099128e+18,1.7788670149200783e+18
1778943181094955319,11.904,5.985,296.4,72.55363627305424,13.335,49.94050134297267,12.351072725461085,1.7791423946662116e+18,1.7788678532945859e+18
1778943181495348329,11.432,17.2325,904.525,72.5663283352368,13.737499999999999,50.0217678096633,12.351326566704737,1.779141243984343e+18,1.7788682878435942e+18
1778943181896245300,11.36,19.3175,1121.975,72.5717761384252,13.9125,50.05566787113051,12.351435522768504,1.7791407883343631e+18,1.7788684600479508e+18
1778943182296729792,11.52,15.75,147.175,72.58421302804904,13.9125,50.12388691967541,12.351684260560981,1.7791414724320463e+18,1.7788682020902195e+18
1778943182697269951,11.464,17.185,449.125,72.60350625900979,14.280000000000001,50.20163370503452,12.352070125180196,1.7791434389577303e+18,1.7788674602006356e+18
1778943183098068122,11.372,18.8475,1370.6,72.61896878256717,14.280000000000001,50.267742762422344,12.352379375651344,1.7791469465481874e+18,1.7788661366671537e+18
1778943183698833124,11.204,22.9175,905.925,72.64794117267516,14.489999999999998,50.35933724103994,12.352958823453504,1.7791522392199772e+18,1.7788641395958454e+18
1778943184099648387,11.08,25.465,1126.25,72.6623950093529,14.805000000000001,50.40249793715218,12.353247900187059,1.7791585997329367e+18,1.7788617396086387e+18
1778943184499964837,11.016,27.3,160.225,72.67782942993433,14.805000000000001,50.440704682018925,12.353556588598687,1.7791659898954253e+18,1.7788589511792187e+18
1778943185100935500,11.004,26.935,488.95,72.71657951070905,15.155000000000001,50.55887097818449,12.354331590214182,1.779174943482459e+18,1.778855573244169e+18
1778943185501414185,10.984,27.38,1492.15,72.72151244277215,15.540000000000001,50.52734583709806,12.354430248855444,1.7791850665353382e+18,1.7788517540178714e+18
1778943185902018764,11.032,26.015,1276.875,72.7210385527905,15.924999999999999,50.51017593053203,12.35442077105581,1.7791958419798308e+18,1.7788476886576963e+18
1778943186302519933,11.136,24.05,619.9,72.71902611756599,15.924999999999999,50.50300893688558,12.35438052235132,1.779205892642001e+18,1.7788438970871718e+18
1778943186703208292,11.104,24.3975,253.375,72.71875900574453,16.275000000000002,50.50606193099241,12.354375180114891,1.7792153855196616e+18,1.7788403162708204e+18
1778943187103437670,11.128,23.5325,773.225,72.71199779173986,16.5725,50.48493568867289,12.354239955834798,1.7792240909184763e+18,1.7788370327627535e+18
1778943187503911089,11.132,22.9325,721.275,72.71880683820919,16.852500000000003,50.531040294730445,12.354376136764184,1.779232938053521e+18,1.7788336960447795e+18
1778943187904530984,11.144,23.265,562.75,72.71591668421688,16.852500000000003,50.52596870338008,12.354318333684338,1.77924160934953e+18,1.7788304257919903e+18
1778943188304870186,11.232,22.0975,78.975,72.77547503540598,17.1325,50.57619030911915,12.35550950070812,1.779254144390945e+18,1.778825698588126e+18
1778943188705262631,11.216,21.3,241.0,72.81881733101326,17.290000000000003,50.63944661439267,12.356376346620266,1.779270090652553e+18,1.778819685158276e+18
1778943189105462375,11.184,22.285,735.45,72.85066126535388,17.4475,50.68483500873308,12.357013225307078,1.7792902619310405e+18,1.778812078346055e+18
1778943189505846699,11.188,21.815,606.0,72.8866279064162,17.4475,50.742945877446495,12.357732558128324,1.7793173496433298e+18,1.7788018628282806e+18
1778943189906308571,11.22,22.35,210.95,72.89470632159717,17.6575,50.73181285955616,12.357894126431944,1.7793492525194657e+18,1.7787898314340078e+18
1778943190306648395,11.24,21.78,643.75,72.8991628706395,17.745,50.71798415688679,12.35798325741279,1.7793880876787574e+18,1.7787751854412227e+18
1778943190707143286,11.26,20.6175,326.15,72.90222882083314,17.8325,50.71674642921196,12.358044576416663,1.7794350915496192e+18,1.778757458720255e+18
1778943191107474055,11.228,21.4,995.325,72.90347953645177,17.955,50.716446884737614,12.358069590729036,1.7794918663121477e+18,1.7787360472125967e+18
1778943191507862362,11.296,20.35,1399.075,72.90374326274288,17.955,50.709050968452914,12.358074865254858,1.7795627945104136e+18,1.7787092979337894e+18
1778943191908413744,11.232,20.83,992.825,72.90513626388284,18.165000000000003,50.72263723219154,12.358102725277657,1.7796572076971638e+18,1.7786736911543631e+18
1778943192308943345,12.088,2.615,1391.45,72.85654686810199,18.287499999999998,50.657250264323416,12.35713093736204,1.7797648563568274e+18,1.7786330921769042e+18
1778943192709667942,12.08,3.55,969.55,72.82342281408879,18.2,50.60991771687435,12.356468456281776,1.7798960799623086e+18,1.7785836009958502e+18
1778943193110223153,12.1,3.3675,1320.425,72.79512348876479,18.060000000000002,50.56139563734369,12.355902469775296,1.7800579930456579e+18,1.7785225342472387e+18
1778943193510568674,12.08,3.8325,752.8,72.77227093179118,17.9375,50.503098147364454,12.355445418635824,1.7802636191604698e+18,1.7784449798053007e+18
1778943193911079498,12.196,1.5975,658.95,72.74383167611171,17.9375,50.467438153253546,12.354876633522235,1.7805225414437624e+18,1.7783473225409114e+18
1778943194311374895,12.212,1.815,372.55,72.72541250146904,17.814999999999998,50.42669964792083,12.354508250029381,1.7808732582777208e+18,1.7782150417033068e+18
1778943194711696329,12.244,1.815,1136.925,72.71966027755602,17.727500000000003,50.401068643410376,12.354393205551121,1.7812413750305162e+18,1.778076202661431e+18
1778943195112251613,12.232,1.765,192.8,72.7570225568205,17.675,50.43534380843669,12.35514045113641,1.7817773347757158e+18,1.777874067973198e+18
1778943195512555319,12.232,1.5475,588.375,72.77719849242165,17.675,50.45224529365269,12.355543969848434,1.7826437934999465e+18,1.7775472922551365e+18
1778943195912852889,12.244,1.4975,157.175,72.79655370548257,17.535,50.46868994521017,12.355931074109652,1.7843189342353661e+18,1.7769155366074703e+18
1778943196313263167,12.244,1.9825,479.65,72.81678552643251,17.36,50.48646123414909,12.35633571052865,1.788082097024807e+18,1.775496337820728e+18
1778943196713589532,12.244,1.8325,1463.775,72.83249077066348,17.255,50.500215553348696,12.35664981541327,1.8072204970180355e+18,1.7682787321867963e+18
1778943197113924756,12.26,1.5825,1190.275,72.84528839357937,17.255,50.511423439285984,12.356905767871588,1.7553756486198085e+18,1.7878308201491955e+18
1778943197514245947,12.252,1.5975,355.625,72.8541188974229,16.9925,50.5192065472783,12.357082377948458,1.7702574688290806e+18,1.7822184704426647e+18
1778943197914646556,12.256,1.73,1085.275,72.86790594129239,16.8,50.53154287292323,12.357358118825848,1.7741243992313055e+18,1.7807601629045228e+18
1778943198314990698,12.268,1.5475,35.175,72.87089169022431,16.8,50.53404581689637,12.357417833804487,1.7756906491203133e+18,1.7801694994396296e+18
1778943198715206848,12.268,1.7,107.325,72.87754649046371,16.59,50.54005981605033,12.357550929809275,1.7765362799381868e+18,1.7798505985656591e+18
1778943199115544249,12.276,1.6325,327.525,72.88955728189367,16.310000000000002,50.5509707980851,12.357791145637874,1.7770734229057405e+18,1.7796480359624259e+18
1778943199515931845,12.268,1.615,999.525,72.90419012943924,16.310000000000002,50.56450192918698,12.358083802588785,1.7774365828198856e+18,1.7795110854551734e+18
1778943199916624968,12.272,1.4825,1411.9,72.9009456714066,16.0825,50.56149388104276,12.358018913428133,1.7776790269426258e+18,1.7794196581138903e+18
1778943200316924954,12.272,1.715,1031.975,72.9109419715466,15.785,50.570648954577244,12.358218839430933,1.7778606522779837e+18,1.779351166362161e+18
1778943200717165917,12.272,1.68,1510.925,72.9146347594831,15.785,50.57403293484625,12.358292695189663,1.7779984942477524e+18,1.7792991858072312e+18
1778943201117478682,12.292,1.665,1334.175,72.91812032804249,15.557500000000001,50.5772717175446,12.35836240656085,1.7781059270572861e+18,1.7792586727502054e+18
1778943201517768916,12.284,1.5475,794.775,72.92016539125656,15.382499999999999,50.57914722640183,12.358403307825132,1.778191893653752e+18,1.779226254804471e+18
1778943201918183356,12.288,1.73,787.05,72.92021951029176,15.382499999999999,50.57935812748191,12.358404390205836,1.7782605851981184e+18,1.7792003511367475e+18
1778943202318600194,12.292,1.5675,763.475,72.92449092228884,15.1725,50.583287242611306,12.358489818445777,1.778318836428781e+18,1.7791783847556196e+18
1778943202718993169,12.292,1.75,691.525,72.93339440633817,14.875,50.5913849775113,12.358667888126764,1.778369539587367e+18,1.7791592649394706e+18
1778943203119253976,12.292,1.5825,471.95,72.93335452786776,14.875,50.591374226990844,12.358667090557356,1.7784133675852593e+18,1.7791427380634248e+18
1778943203519499369,12.312,1.9475,1440.275,72.94601096103985,14.612499999999999,50.602609692691374,12.358920219220797,1.7784521236091325e+18,1.779128123769109e+18
1778943203919886434,12.304,1.4625,1118.55,72.94762727187391,14.612499999999999,50.60413115567341,12.358952545437479,1.7784864907749678e+18,1.7791151648187003e+18
1778943204320041914,12.304,1.5825,136.725,72.9498245838732,14.227500000000001,50.60620223748858,12.358996491677464,1.7785160717273252e+18,1.779104010564961e+18
1778943204720334734,12.316,1.5475,417.25,72.95481051136326,14.227500000000001,50.61089581104449,12.359096210227266,1.778542284622892e+18,1.7790941263679933e+18
1778943205120610623,12.308,1.8325,1273.325,72.9605299228619,13.79,50.615910909048964,12.359210598457238,1.7785659148891384e+18,1.7790852161343583e+18
1778943205520849668,12.304,1.665,609.075,72.95595230025214,13.335,50.611911660876636,12.359119046005043,1.7785872979809272e+18,1.779077153628158e+18
1778943205921239580,12.016,7.815,220.325,72.95781152543367,13.335,50.606188182960274,12.359156230508674,1.778607805879972e+18,1.779069421775295e+18
1778943206321934881,11.844,10.8175,672.375,72.95508977609639,12.967500000000001,50.59683106239383,12.359101795521928,1.7786264518704694e+18,1.7790623922139108e+18
1778943206722170565,11.784,12.43,413.525,72.9521362293541,12.967500000000001,50.580691192797005,12.359042724587082,1.778643141128883e+18,1.779056100502713e+18
1778943207122783887,11.696,13.5475,1261.975,72.94138651532451,12.7225,50.56478859232935,12.35882773030649,1.7786574805394683e+18,1.7790506946790239e+18
1778943207523319467,11.512,17.58,574.425,72.928988975565,12.7225,50.53813281119001,12.3585797795113,1.7786703998033894e+18,1.779045824519379e+18
1778943207923689060,11.668,13.5475,114.6,72.90318386151648,12.67,50.516954325497274,12.35806367723033,1.7786811811022612e+18,1.779041760414921e+18
1778943208324258759,12.092,3.63,349.725,72.86206734451798,12.67,50.48254095659315,12.35724134689036,1.7786898099321787e+18,1.7790385079233866e+18
1778943208724513564,12.172,3.1,1067.275,72.84140788323379,12.6175,50.46439310191973,12.356828157664676,1.7786971835983834e+18,1.7790357286556252e+18
1778943209124944016,12.244,1.8325,1618.65,72.8149926910036,12.6175,50.44023049307425,12.356299853820072,1.7787036719936945e+18,1.7790332833723668e+18
1778943209525782963,12.236,2.13,24.525,72.7906001566211,12.407499999999999,50.41794244443248,12.355812003132423,1.7787093130782154e+18,1.7790311576698412e+18
1778943209926175583,12.024,6.75,74.825,72.77634346719023,12.407499999999999,50.403662081985374,12.355526869343805,1.778714247500272e+18,1.779029298363544e+18
1778943210326612348,11.06,27.2325,228.325,72.74204461266142,12.04,50.327916147152855,12.354840892253229,1.7787180587437896e+18,1.779027862543456e+18
1778943210727115129,11.004,28.0675,696.775,72.71392320724777,12.04,50.26597455633252,12.354278464144956,1.7787209590622126e+18,1.7790267701500598e+18
1778943211127180871,12.204,1.5975,487.975,72.66953193146124,12.1975,50.22534596428807,12.353390638629225,1.7787224846199734e+18,1.7790261960153498e+18
1778943211527467566,12.224,1.6325,1489.175,72.650349582777,12.2325,50.23847979446833,12.35300699165554,1.7787234734482127e+18,1.7790258242408164e+18
1778943211927880113,12.236,1.715,1267.8,72.64301934906666,12.2325,50.22954266165262,12.352860386981334,1.778724529352852e+18,1.7790254273398144e+18
1778943212328144602,12.248,1.75,592.2,72.63165095525625,11.9,50.219128877764284,12.352633019105125,1.7787254505938168e+18,1.779025081315001e+18
1778943213128578468,12.264,1.5325,515.275,72.61952276676905,11.9,50.20790062984308,12.352390455335382,1.7787261002886769e+18,1.779024837704861e+18
1778943213529081596,12.264,1.665,1572.475,72.60686244677527,11.532499999999999,50.196251509620836,12.352137248935506,1.7787267650498609e+18,1.779024588626124e+18
1778943213929426876,12.268,1.78,1522.0,72.59309423498762,11.532499999999999,50.18373624656662,12.351861884699753,1.7787275607424156e+18,1.7790242904792366e+18
1778943214329920672,12.272,1.6325,1367.975,72.57518141947335,11.270000000000001,50.167360388373744,12.351503628389468,1.7787284372514767e+18,1.77902396219113e+18
1778943214730080463,12.28,1.715,897.925,72.56550128840269,11.270000000000001,50.158545489032235,12.351310025768054,1.7787295563848576e+18,1.7790235427122941e+18
1778943215130301612,12.28,1.5175,1101.825,72.54603433660209,10.9375,50.141649454024076,12.350920686732042,1.7787306268373903e+18,1.7790231418519153e+18
1778943215530599661,12.288,1.85,85.7,72.53708893037656,10.9375,50.13365852506362,12.350741778607532,1.7787305233245699e+18,1.7790231830505713e+18
1778943215930838352,12.288,2.0825,261.525,72.52138631611098,10.5875,50.119810828780125,12.35042772632222,1.7787295478897864e+18,1.779023552739383e+18
1778943216331206735,12.284,1.75,798.1,72.50669176298156,10.5875,50.10616917215645,12.350133835259632,1.7787274643760643e+18,1.7790243398316667e+18
1778943216731398374,12.304,1.5475,797.2,72.49547058138182,10.255,50.0958572749678,12.349909411627637,1.7787247919918518e+18,1.7790253488382676e+18
1778943217132021523,12.292,1.4825,794.45,72.47894252255652,10.255,50.0807520862628,12.349578850451131,1.778721510563369e+18,1.779026587468007e+18
1778943217532371786,12.308,2.115,786.05,72.47781752168255,10.255,50.079076081917826,12.349556350433652,1.7787182698030748e+18,1.7790278108733263e+18
1778943217932617262,12.308,1.4825,760.425,72.46396343670102,9.905000000000001,50.0663841272708,12.349279268734021,1.778714539094077e+18,1.7790292190571876e+18
1778943218533413335,12.304,1.615,682.225,72.45334353468421,9.905000000000001,50.056627516091815,12.349066870693685,1.778711598337542e+18,1.779030330076145e+18
1778943218933721592,12.308,2.18,443.575,72.454443146795,9.520000000000001,50.056764458412005,12.3490888629359,1.7787095277862167e+18,1.7790311134739354e+18
1778943219334040591,12.312,1.815,1353.675,72.44876781554774,9.520000000000001,50.05132380363761,12.348975356310955,1.778707837873417e+18,1.7790317536830326e+18
1778943219734606787,12.308,1.5975,854.275,72.43695597586965,9.520000000000001,50.040428334032214,12.348739119517393,1.778706357108442e+18,1.779032315376284e+18
1778943220135049112,12.312,1.5325,968.625,72.42694962749442,9.1175,50.03125601351781,12.348538992549889,1.77870511309066e+18,1.77903278812105e+18
1778943220535831811,12.32,1.68,1317.6,72.42062630473941,9.1175,50.025217938282225,12.348412526094789,1.7787041112224172e+18,1.779033169807252e+18
1778943220936095337,12.316,1.6325,744.175,72.4109014409163,9.1175,50.01620892059057,12.348218028818327,1.7787032602608645e+18,1.779033494848896e+18
1778943221336589759,12.316,1.665,632.625,72.40199519557596,8.592500000000001,50.007891758608665,12.34803990391152,1.778702658329973e+18,1.7790337262674117e+18
1778943221737096734,12.328,1.4825,292.2,72.39197921658372,8.592500000000001,49.99869993725699,12.347839584331675,1.7787020624417572e+18,1.7790339555926339e+18
1778943222137263155,12.324,1.75,891.7,72.3699706603991,8.592500000000001,49.97809980171699,12.347399413207983,1.7787015303545518e+18,1.779034161285624e+18
1778943222537977882,12.328,1.73,1082.85,72.3642130449801,8.049999999999999,49.972500394983726,12.347284260899603,1.7787009175378066e+18,1.7790343974924367e+18
1778943222938207753,12.288,2.4825,27.775,72.35831790106468,8.049999999999999,49.965679570669636,12.347166358021294,1.7787004872724636e+18,1.7790345650391585e+18
1778943223338537718,11.324,22.6,84.75,72.32105891009768,8.049999999999999,49.88249958618759,12.346421178201954,1.7786990956626908e+18,1.7790350954310963e+18
1778943223938929989,11.412,20.33,258.625,72.29371449920839,7.5249999999999995,49.84724694477678,12.345874289984168,1.7786972626577736e+18,1.7790357926701983e+18
1778943224339504803,11.208,24.3675,789.25,72.29276481491222,7.5249999999999995,49.86350132242623,12.345855296298245,1.7786956391727788e+18,1.7790364110466775e+18
1778943224739992073,11.16,25.45,770.175,72.29073757887514,7.5249999999999995,49.868969524282974,12.345814751577503,1.7786944443213837e+18,1.7790368680004577e+18
1778943225540934091,11.452,17.7325,711.975,72.29326116044622,7.9624999999999995,49.90659802075125,12.345865223208925,1.7786938568269688e+18,1.7790370960789463e+18
1778943226341401383,11.292,21.1675,534.375,72.29557968889279,7.9624999999999995,49.9239057466758,12.345911593777856,1.7786936048615017e+18,1.7790371976812575e+18
1778943226741997517,11.14,24.9175,1630.775,72.2947911375515,8.68,49.92216902998943,12.34589582275103,1.7786935635328696e+18,1.7790372198971635e+18
1778943227142438080,11.164,23.615,61.525,72.29857910255521,8.68,49.947527604581545,12.345971582051105,1.7786940606492017e+18,1.779037039072785e+18
1778943227743198740,11.124,24.8175,187.75,72.29805854171917,8.68,49.94506362211025,12.345961170834384,1.7786948773905042e+18,1.7790367377366461e+18
1778943229344616960,10.816,30.7,1271.975,72.29971528615299,10.5175,49.95745560118057,12.34599430572306,1.7786957674348252e+18,1.7790364087098778e+18
1778943229945291686,10.8,31.3975,604.95,72.2954877395451,11.4275,49.944524212944195,12.345909754790902,1.778695929593746e+18,1.7790363540945713e+18
1778943230345779412,10.716,34.0675,207.75,72.28338740586116,11.4275,49.91386472894853,12.345667748117224,1.7786950477598692e+18,1.7790366932563763e+18
1778943230746252969,10.676,33.6825,634.0,72.28160994167165,12.2675,49.90982051951056,12.345632198833433,1.7786933765882447e+18,1.7790373300688645e+18
1778943231146552752,10.624,34.7325,296.4,72.27934419342832,12.2675,49.90409438193734,12.345586883868567,1.7786908538632973e+18,1.7790382880589693e+18
1778943231547262416,12.06,2.9175,1121.975,72.2308533993023,13.685,49.8608946087053,12.344617067986047,1.7786857548048527e+18,1.7790402185575117e+18
1778943232347802810,12.124,2.63,1370.6,72.19957080356716,13.755,49.82996429688643,12.343991416071344,1.778679563328917e+18,1.7790425619081272e+18
1778943232748535916,12.148,2.365,905.925,72.17373672323583,13.685,49.81375053246815,12.343474734464717,1.7786722060400463e+18,1.7790453458048786e+18
1778943233148990267,12.128,2.9475,1126.25,72.18025303366485,13.667499999999999,49.82006057293739,12.343605060673298,1.7786650974998408e+18,1.779048036199478e+18
1778943233549615289,12.128,3.2,160.225,72.17450906948802,13.667499999999999,49.81424272955691,12.343490181389761,1.7786577741623808e+18,1.779050808155846e+18
1778943233949928551,12.18,2.3325,488.95,72.17649716906384,13.58,49.81598327148722,12.343529943381277,1.778650057201432e+18,1.779053728990975e+18
1778943234350594431,12.164,2.65,1492.15,72.17308865167577,13.58,49.81303744870969,12.343461773033516,1.7786420932081838e+18,1.7790567435539108e+18
1778943234751171762,12.084,5.0,1276.875,72.18306093914224,13.44,49.821635280412984,12.343661218782845,1.7786331943722493e+18,1.7790601110727716e+18
1778943235151393466,12.008,6.38,619.9,72.1762712591043,13.44,49.81939590675589,12.343525425182087,1.7786222505802424e+18,1.7790642508966548e+18
1778943235551777930,12.18,2.63,253.375,72.17029654401478,13.2125,49.813415887988654,12.343405930880296,1.7786099420178537e+18,1.7790689065335424e+18
1778943235952028163,11.496,16.7825,773.225,72.16937876997402,13.1075,49.82205280263466,12.34338757539948,1.7785983715525005e+18,1.7790732843799593e+18
1778943236352591559,11.508,16.0675,721.275,72.17000095803607,13.1075,49.82322145926388,12.343400019160722,1.778587016106361e+18,1.7790775817460498e+18
1778943236753124167,11.748,11.05,562.75,72.16356461797514,13.299999999999999,49.83338250224782,12.343271292359503,1.7785752904254129e+18,1.7790820197088794e+18
1778943237153576729,11.684,11.2975,78.975,72.14580786317777,13.299999999999999,49.831328763847495,12.342916157263556,1.7785614945703086e+18,1.7790872403519068e+18
1778943237554305914,11.72,11.3975,241.0,72.13554068026741,13.44,49.829055605211664,12.342710813605349,1.7785474837562588e+18,1.7790925433133343e+18
1778943237954505057,11.96,6.9825,735.45,72.12785661269282,13.51,49.831892602761286,12.342557132253857,1.7785331363103365e+18,1.7790979744998853e+18
1778943238555067312,11.744,11.3825,606.0,72.12866019410481,13.51,49.8625639598228,12.342573203882097,1.7785172028473024e+18,1.7791040054704768e+18
1778943238956155378,11.704,11.98,210.95,72.12037043580261,13.387500000000001,49.8568753184211,12.342407408716053,1.7785009794820877e+18,1.7791101472146668e+18
1778943239356151456,11.736,11.2975,643.75,72.11400204711839,13.387500000000001,49.86354812957531,12.342280040942368,1.7784828569301668e+18,1.7791170074884147e+18
1778943239756345054,11.7,11.6825,326.15,72.10333899440408,13.387500000000001,49.860890795914614,12.342066779888082,1.778461989688872e+18,1.7791249060081526e+18
1778943240156803914,11.66,12.95,995.325,72.09643016104872,13.387500000000001,49.84492025498809,12.341928603220975,1.7784371404892833e+18,1.7791343103263818e+18
1778943240557345231,11.508,15.5825,1399.075,72.09085598461512,13.457500000000001,49.83444757553533,12.341817119692303,1.7784090557600983e+18,1.7791449388665956e+18
1778943240957695560,11.42,17.7975,992.825,72.08925275726469,13.7025,49.81538330657805,12.341785055145294,1.7783766399963889e+18,1.779157205726508e+18
1778943241358149703,11.476,16.4175,1391.45,72.11509138531466,13.7025,49.83700516541038,12.342301827706294,1.778345643194868e+18,1.7791689375518863e+18
1778943241758467553,11.488,16.315,969.55,72.14206339187842,14.0175,49.87497262519312,12.342841267837569,1.7783201419635986e+18,1.7791785935118554e+18
1778943242158912084,11.48,16.165,1320.425,72.16081434814389,14.2975,49.910170571422434,12.343216286962878,1.7782984672007862e+18,1.7791868040737772e+18
1778943242559537325,11.572,14.28,752.8,72.17611206311146,14.2975,49.94069018079672,12.34352224126223,1.7782700881623334e+18,1.7791975488888827e+18
1778943242959802166,11.556,14.5325,658.95,72.18817177104295,14.5425,49.96837401094487,12.34376343542086,1.778237868996046e+18,1.7792097460731026e+18
1778943243360358598,11.496,15.3975,372.55,72.19573885751868,14.5425,49.99997686722136,12.343914777150374,1.7782209494682122e+18,1.779216161468954e+18
1778943243760924249,11.524,15.4325,1136.925,72.21062362685879,14.7525,50.028393025272266,12.344212472537176,1.7782031647109504e+18,1.779222903964547e+18
1778943244161209100,11.46,16.665,192.8,72.21050646217488,14.875,50.04556974798589,12.344210129243498,1.7781683416802483e+18,1.7792360885020728e+18
1778943244562007688,11.452,16.665,588.375,72.21594077296425,14.875,50.068980915099175,12.344318815459285,1.7781345069827118e+18,1.7792489007941793e+18
1778943244962315051,11.544,14.865,157.175,72.21835719971298,15.032499999999999,50.08746681694093,12.34436714399426,1.7780983256929277e+18,1.7792626018145556e+18
1778943245362775833,11.584,14.015,479.65,72.2172460197652,15.102500000000001,50.10115589548163,12.344344920395304,1.7780639416834898e+18,1.7792756250669763e+18
1778943245763232952,11.568,14.2325,1463.775,72.21580189515632,15.102500000000001,50.111865193459025,12.344316037903127,1.7780298321042396e+18,1.7792885462903616e+18
1778943246163385663,11.504,16.2825,1190.275,72.21746988116278,15.1725,50.11578551805862,12.344349397623256,1.7779949641655452e+18,1.779301755815041e+18
1778943246563992088,11.488,16.13,355.625,72.22240040194404,15.19,50.12338679778845,12.344448008038881,1.777963811180563e+18,1.779313561659488e+18
1778943246964271890,11.512,15.85,1085.275,72.22291571911111,15.19,50.12934275114087,12.344458314382223,1.777934726681254e+18,1.7793245865576522e+18
1778943247364794880,11.468,16.7825,35.175,72.22574485188521,15.242500000000001,50.135930067980354,12.344514897037705,1.7778722123403172e+18,1.7793482571448814e+18
1778943247765161952,11.552,14.7,107.325,72.2259787193562,15.3125,50.14336346194403,12.344519574387125,1.7777823388243766e+18,1.7793822796915338e+18
1778943248165640835,11.576,14.0975,327.525,72.22080368213105,15.3125,50.152843725126836,12.344416073642622,1.7776749163743532e+18,1.7794229455313728e+18
1778943248566402777,11.6,14.5675,999.525,72.22649476919311,15.400000000000002,50.152396519783004,12.344529895383863,1.7775600487277998e+18,1.779466432532781e+18
1778943248966647129,11.584,14.465,1411.9,72.2235102654924,15.469999999999999,50.15821907095636,12.344470205309849,1.7774679262152932e+18,1.779501319837063e+18
1778943249367150909,11.528,14.9975,1031.975,72.22079486733665,15.469999999999999,50.16515464728396,12.344415897346734,1.7773081190679892e+18,1.7795618210791636e+18
1778943249767663172,11.556,14.9975,1510.925,72.2198836734341,15.61,50.16626232337977,12.344397673468682,1.7770578217758584e+18,1.7796565702703657e+18
1778943250167953511,11.6,13.6825,1334.175,72.21788902689629,15.7325,50.16824595930119,12.344357780537926,1.7766495600023506e+18,1.7798111071495729e+18
1778943250568691130,12.152,2.15,794.775,72.1923953591891,15.7325,50.13118184957289,12.343847907183783,1.7757765081358802e+18,1.780141562327018e+18
1778943250968967149,12.188,1.3975,787.05,72.16164363038365,15.7675,50.09543509865791,12.343232872607674,1.77295844212525e+18,1.7812081914700544e+18
1778943251369263150,12.204,1.7,763.475,72.14849104031317,15.592500000000001,50.06602262487519,12.342969820806264,1.6109165233856008e+18,1.8425402685298596e+18
1778943251769831237,12.22,1.765,691.525,72.13880098630047,15.592500000000001,50.048647783773774,12.34277601972601,1.7847191792121234e+18,1.776756826051668e+18
1778943252170108276,12.224,2.1,471.95,72.13847870515762,15.487499999999999,50.03447774469115,12.342769574103153,1.7818900397854717e+18,1.777827635828275e+18
1778943252570948332,12.224,1.4475,1440.275,72.12910844572197,15.3125,50.00576637933786,12.34258216891444,1.7809450560226112e+18,1.7781853027438267e+18
1778943252971177224,12.236,1.615,1118.55,72.12272434490464,15.3125,49.98989563686807,12.342454486898093,1.780468306260799e+18,1.7783657463310894e+18
1778943253371487645,12.24,1.6325,136.725,72.11849290666093,15.067499999999999,49.97726639291325,12.34236985813322,1.7801770788546598e+18,1.7784759717558628e+18
1778943253772014375,12.248,1.6325,417.25,72.1374215340516,14.822500000000002,49.993709129670904,12.342748430681032,1.7799936919281723e+18,1.778545380108436e+18
1778943254172283317,12.252,1.5175,1273.325,72.15087324464048,14.822500000000002,50.00413586213595,12.34301746489281,1.7798620451234609e+18,1.7785952060330806e+18
1778943254573145327,12.252,1.5975,609.075,72.1621628920177,14.647499999999999,50.01261254484694,12.343243257840355,1.779765005396749e+18,1.778631933382388e+18
1778943254973347829,12.268,1.665,220.325,72.17880325537047,14.647499999999999,50.02640202633317,12.34357606510741,1.779692387164671e+18,1.7786594171980918e+18
1778943255373957377,12.268,1.5975,672.375,72.19037405031203,14.4025,50.03581413489782,12.343807481006241,1.7796290593073882e+18,1.7786833863972582e+18
1778943255774175859,12.268,1.665,413.525,72.1994339587888,14.1225,50.04332594124887,12.343988679175776,1.779576095913197e+18,1.7787034331200689e+18
1778943256174481893,12.268,1.6325,1261.975,72.20904706177888,14.1225,50.05127446724211,12.344180941235578,1.7795331473628216e+18,1.7787196889631777e+18
1778943256575351923,12.272,1.5325,574.425,72.21361122165222,13.8075,50.055325145940806,12.344272224433045,1.7794965576289277e+18,1.7787335380032271e+18
1778943256975645609,12.272,1.6325,114.6,72.2221288777816,13.8075,50.06281059625354,12.344442577555633,1.7794665495750218e+18,1.7787448954691336e+18
1778943257376136649,12.28,1.75,349.725,72.23561833330619,13.5275,50.07462586977618,12.344712366666124,1.77944245411376e+18,1.7787540145504312e+18
1778943257776612126,12.284,1.4625,1067.275,72.24348171197822,13.5275,50.081326374114454,12.344869634239565,1.77942334260564e+18,1.7787612464710016e+18
1778943258176925792,12.288,2.13,1618.65,72.25972179478414,13.282499999999999,50.095843151735,12.345194435895683,1.7793996387308751e+18,1.7787702199565934e+18
1778943258577452036,12.284,1.665,24.525,72.26890684956578,13.282499999999999,50.103805054592264,12.345378136991316,1.779374546018931e+18,1.778779720976373e+18
1778943258977941701,12.288,1.4825,74.825,72.27156395144733,13.020000000000001,50.10694976589125,12.345431279028947,1.779347520739563e+18,1.7787899554160527e+18
1778943259378237096,12.288,1.4825,228.325,72.27717951620532,13.020000000000001,50.11228946318762,12.345543590324107,1.7793202709666918e+18,1.778800276099646e+18
1778943259778786243,12.304,1.5175,696.775,72.2877382099516,12.6525,50.12263547580049,12.345754764199032,1.7792949502200755e+18,1.7788098669289585e+18
1778943260179065785,12.296,1.5975,487.975,72.29901002749654,12.6525,50.13272605277494,12.345980200549931,1.779271346987245e+18,1.7788188079263683e+18
1778943260579863570,12.296,1.5475,1489.175,72.30770322887413,12.2325,50.14163181122841,12.346154064577483,1.7792496526897928e+18,1.7788270263328033e+18
1778943260980074473,12.296,1.4825,1267.8,72.31661329610749,12.2325,50.1494037225605,12.34633226592215,1.7792303953233754e+18,1.7788343218813507e+18
1778943261380419434,12.3,1.815,592.2,72.331687608595,11.865,50.16314844869838,12.3466337521719,1.7792136685631183e+18,1.7788406590346184e+18
1778943261780950690,12.304,1.8325,168.85,72.35848882325743,11.865,50.18430869200185,12.34716977646515,1.7791985635425116e+18,1.7788463823785464e+18
1778943262181115198,12.304,1.5175,515.275,72.36925742207657,11.4975,50.1949118100936,12.347385148441532,1.779184047054253e+18,1.7788518831621281e+18
1778943262581961509,12.304,1.665,1572.475,72.38612223239888,11.4975,50.20780955994656,12.347722444647978,1.779170833173802e+18,1.778856890724853e+18
1778943262982134657,12.312,1.665,1522.0,72.40298668205794,11.13,50.222417908919105,12.34805973364116,1.7791589842502275e+18,1.778861381341603e+18
1778943263382504058,12.312,1.5475,1367.975,72.41668076410085,11.13,50.23671749703086,12.348333615282018,1.779148052327123e+18,1.778865524712768e+18
1778943263783064042,12.316,1.5175,897.925,72.43182799108173,10.815,50.2683079073523,12.348636559821635,1.7791381558668508e+18,1.7788692758929574e+18
1778943264183282082,12.316,1.5975,1101.825,72.45027265429938,10.815,50.299691069584505,12.349005453085988,1.7791292926717814e+18,1.7788726357061706e+18
1778943264584003907,12.316,1.6325,85.7,72.47532944770681,10.5875,50.31197611976272,12.349506588954137,1.7791215174998103e+18,1.7788755834247025e+18
1778943264984459117,12.324,1.7,261.525,72.4969714689899,10.5875,50.32504710568904,12.349939429379798,1.7791146622247995e+18,1.7788781826945075e+18
1778943265385058790,12.324,1.5825,798.1,72.53203722100973,10.5875,50.35084326665814,12.350640744420195,1.7791087049255137e+18,1.7788804419483569e+18
1778943265985518857,12.324,1.5475,797.2,72.56832468255156,10.36,50.38359052336828,12.351366493651032,1.779103721421315e+18,1.7788823324126106e+18
1778943266386052177,12.328,1.5975,794.45,72.60147002417295,10.36,50.412599672059166,12.35202940048346,1.7790994691692838e+18,1.778883945973326e+18
1778943266786557861,12.32,1.5975,786.05,72.62691084147156,10.1325,50.43482665164895,12.352538216829432,1.779095759766486e+18,1.7788853539535729e+18
1778943267186733020,12.324,1.4325,760.425,72.65169442910295,10.1325,50.45698502027204,12.35303388858206,1.779092529669217e+18,1.778886580427287e+18
1778943267787314708,12.324,1.5175,682.225,72.67544205057915,9.87,50.47828480904928,12.353508841011584,1.7790896771016612e+18,1.778887663964489e+18
1778943268187511465,12.328,1.4475,443.575,72.69561141129576,9.87,50.49611860939553,12.353912228225916,1.7790872034097155e+18,1.7788886040125742e+18
1778943268589541525,12.332,1.5175,1353.675,72.71678404073388,9.87,50.514793465766445,12.354335680814678,1.7790850861859287e+18,1.7788894090785234e+18
1778943268992489140,12.332,1.5675,854.275,72.73655906436919,9.625,50.53241321850227,12.354731181287384,1.7790832849583552e+18,1.7788900944939812e+18
1778943271203479240,12.468,1.615,464.25,72.8033892637467,0.0,50.592169759453874,12.356067785274934,1.779082304338959e+18,1.778890469501889e+18
1778943271805269696,12.4,2.815,1416.775,72.86369904153494,6.2825,50.64059130313997,12.3572739808307,1.7790821236761856e+18,1.7788905418679276e+18
1778943272206615155,11.888,11.8325,1046.85,72.87980750291679,6.2825,50.622369397966054,12.357596150058336,1.779082498764096e+18,1.778890403748314e+18
1778943272610769583,11.316,24.2,1556.325,72.86339366177071,6.2825,50.506936079585934,12.357267873235415,1.7790830041526449e+18,1.7788902160878866e+18
1778943273013109598,11.412,22.0175,1472.725,72.85570036215229,8.049999999999999,50.418228352028606,12.357114007243046,1.7790837538252534e+18,1.7788899357900938e+18
1778943273416438052,11.324,23.9825,1217.6,72.83783104497336,8.049999999999999,50.308783254831795,12.356756620899468,1.7790845034589606e+18,1.77888965534625e+18
1778943273818213885,11.144,27.0,439.0,72.81700683467295,8.82,50.2038711318269,12.35634013669346,1.7790851878195072e+18,1.7788893994433866e+18
1778943274221586237,11.208,24.98,1339.7,72.79090273928776,8.82,50.12366355971198,12.355818054785756,1.7790858034487032e+18,1.7788891693294044e+18
1778943274622271722,11.204,25.1975,811.625,72.76843813063411,8.82,50.04438881982572,12.355368762612683,1.7790864210227732e+18,1.7788889382589025e+18
1778943275224099258,11.176,24.8475,838.475,72.7530986068764,9.7475,49.997323626870525,12.355061972137529,1.7790871407406095e+18,1.7788886683466012e+18
1778943275625298571,11.424,19.2975,920.4,72.74586273267313,9.7475,49.97759935366729,12.354917254653463,1.7790879762392563e+18,1.778888354510104e+18
1778943276026638378,11.264,23.065,1170.425,72.72587466324721,10.4825,49.93093240469837,12.354517493264945,1.779088789984028e+18,1.778888048721588e+18
1778943276427915981,11.292,21.765,295.05,72.71431634680327,10.4825,49.9099509161272,12.354286326936066,1.77909003182869e+18,1.7788875806572874e+18
1778943276829921533,11.86,10.215,900.4,72.69461650360788,11.06,49.89026031243903,12.353892330072158,1.779091493445442e+18,1.7788870291586496e+18
1778943277231772146,10.948,29.75,1109.4,72.67047996339402,11.06,49.821625438565334,12.35340959926788,1.7790930015915016e+18,1.7788864598027249e+18
1778943277632308419,12.22,2.7,108.8,72.65126138833375,11.2525,49.80472423041165,12.353025227766675,1.7790944840276984e+18,1.7788859000002156e+18
1778943278032683565,10.828,32.35,332.025,72.61858576150998,11.2525,49.720416831838854,12.3523717152302,1.7790958473245117e+18,1.7788853849874097e+18
1778943278434164795,10.708,34.0675,1013.25,72.58983221893976,11.3575,49.66240609068295,12.351796644378796,1.779097096211307e+18,1.7788849130061568e+18
1778943278834462277,10.608,35.6825,1453.775,72.56492356447923,11.3575,49.621603478816155,12.351298471289585,1.7790982630274068e+18,1.778884471842353e+18
1778943279234759235,10.58,36.6325,1159.75,72.52497846356184,12.0225,49.556109095185704,12.350499569271237,1.7790992295345812e+18,1.778884106108739e+18
1778943279636014201,10.52,37.1,262.475,72.50226790989805,12.844999999999999,49.53131390714676,12.350045358197962,1.779100181533025e+18,1.778883745615808e+18
1778943280036608929,10.508,38.065,801.0,72.47112154096244,12.844999999999999,49.475726902631656,12.34942243081925,1.7791009745681196e+18,1.7788834449821128e+18
1778943280437862704,10.388,39.7175,806.05,72.45141800933429,13.475,49.456721971315865,12.349028360186686,1.779101712842193e+18,1.7788831648648865e+18
1778943280839295042,12.084,2.735,821.45,72.38686495353912,14.087500000000002,49.40541429923739,12.347737299070783,1.7791016764270674e+18,1.7788831774629425e+18
1778943281239932495,12.116,2.65,868.45,72.3299882886966,14.087500000000002,49.35977088611926,12.346599765773933,1.7791009931901768e+18,1.7788834344533322e+18
1778943281640930246,11.152,23.8475,1011.875,72.3076700245051,13.9825,49.348079937366364,12.346153400490103,1.7791002065228828e+18,1.7788837304070436e+18
1778943282041228121,11.988,5.615,1449.575,72.27272690096144,13.965,49.32559698898992,12.34545453801923,1.7790990740932544e+18,1.7788841570010975e+18
1778943282442021754,11.776,10.3975,1146.95,72.23552285882819,13.965,49.30364443023446,12.344710457176564,1.7790975555469194e+18,1.778884729529123e+18
1778943282842344470,11.468,16.665,223.4,72.20557288557616,13.825000000000001,49.29400106686252,12.344111457711524,1.7790958735986358e+18,1.7788853637224333e+18
1778943283242587866,10.712,33.6975,681.75,72.17694286736042,13.825000000000001,49.254727351507846,12.343538857347209,1.779094128507546e+18,1.778886021628183e+18
1778943283643257589,10.604,35.2,442.125,72.15568593503815,14.0175,49.24971179791792,12.343113718700764,1.7790923049155215e+18,1.7788867091603581e+18
1778943284043662967,10.576,36.665,1349.25,72.13604635652676,14.4725,49.23939993882728,12.342720927130536,1.7790906184277245e+18,1.7788873446419722e+18
1778943284444345099,10.612,35.5975,840.775,72.14152771529817,14.4725,49.27365816040308,12.342830554305964,1.779089168144793e+18,1.7788878907686794e+18
1778943284844940126,10.512,36.815,927.425,72.15263546766016,14.944999999999999,49.32108839555351,12.343052709353204,1.77908810679367e+18,1.7788882896882593e+18
1778943285245430703,10.58,35.4975,1191.875,72.16047684049157,15.4175,49.35161376915619,12.343209536809832,1.779087345247346e+18,1.7788885751171318e+18
1778943285646552344,12.1,1.9125,360.5,72.10847813784936,15.4175,49.31697310310267,12.342169562756988,1.7790860070312612e+18,1.7788890786810883e+18
1778943286047005055,12.14,2.0825,1100.15,72.07625123442698,15.7675,49.30225527984569,12.34152502468854,1.7790842712828682e+18,1.7788897327301448e+18
1778943286447647354,12.156,2.13,80.575,72.05543919961269,15.6275,49.308411254666815,12.341108783992254,1.7790823857823772e+18,1.7788904434805665e+18
1778943286849052539,12.18,1.9125,245.875,72.03503948245852,15.6275,49.30189052671406,12.340700789649171,1.7790803689827256e+18,1.7788912039624512e+18
1778943287249238479,12.18,1.9825,750.35,71.99553382453904,15.557500000000001,49.22545760693939,12.339910676490781,1.7790778073317496e+18,1.7788921708439212e+18
1778943287650121036,12.208,1.5475,651.475,71.97405325073517,15.469999999999999,49.20422891914076,12.339481065014704,1.7790749102200307e+18,1.7788932649604342e+18
1778943288050261450,12.22,1.6325,349.725,71.99991750131848,15.469999999999999,49.21451509619557,12.33999835002637,1.7790722374245233e+18,1.778894274469685e+18
1778943288450792390,12.224,1.5825,1067.275,71.9911741527218,15.3475,49.189851783351784,12.339823483054436,1.7790693071131553e+18,1.7788953817971384e+18
1778943288851398975,12.24,1.615,1618.65,71.98525789141604,15.242500000000001,49.17514696856531,12.339705157828321,1.7790662473331123e+18,1.778896538422614e+18
1778943289251691626,12.236,1.5325,24.525,71.98005324860446,15.242500000000001,49.158808659675,12.33960106497209,1.7790630620161303e+18,1.7788977428773023e+18
1778943289652421415,12.248,1.73,74.825,71.98031176007758,15.19,49.150008356545385,12.339606235201552,1.7790597923718292e+18,1.7788989795852557e+18
1778943290052862405,12.256,1.5475,228.325,71.97988734977086,15.19,49.13618347386569,12.339597746995418,1.7790564539694116e+18,1.7789002426404431e+18
1778943290453767298,12.252,1.4975,696.775,71.97482326947106,15.067499999999999,49.1280811916279,12.339496465389422,1.779053110198534e+18,1.7789015079559066e+18
1778943290854065316,12.252,1.3825,487.975,71.96746234861732,14.98,49.11799563942998,12.339349246972347,1.7790498067012516e+18,1.7789027581935337e+18
1778943291254476963,12.264,1.4975,1489.175,71.96846791054473,14.98,49.12767547996557,12.339369358210895,1.779046680884395e+18,1.7789039412541696e+18
1778943291655177569,12.26,1.73,1267.8,71.9693205380782,14.944999999999999,49.12227509364434,12.339386410761565,1.7790438264168207e+18,1.7789050215549783e+18
1778943292055635389,12.28,1.665,592.2,71.97591192777438,14.787499999999998,49.1223302732489,12.339518238555488,1.7790410856338076e+18,1.7789060589637796e+18
1778943292456383759,12.28,1.665,168.85,71.98123324611093,14.787499999999998,49.11199667494423,12.33962466492222,1.7790384334540826e+18,1.778907062977939e+18
1778943292857066807,12.284,1.65,515.275,71.98882290518219,14.665000000000001,49.10789225446873,12.339776458103644,1.7790359898747999e+18,1.778907988030301e+18
1778943293258104736,12.284,1.5475,1572.475,71.99380656271134,14.665000000000001,49.094154290328035,12.339876131254227,1.779033757725015e+18,1.7789088330026235e+18
1778943293658431517,12.3,1.4625,1522.0,72.00258744954846,14.5775,49.075400983663606,12.34005174899097,1.7790317179725343e+18,1.7789096051214308e+18
1778943294058757978,12.3,1.5975,1367.975,72.01327987626964,14.4375,49.04674774805157,12.340265597525393,1.7790298674764897e+18,1.77891030556681e+18
1778943294459320942,12.3,1.68,897.925,72.02539851170523,14.4375,49.031014110601404,12.340507970234105,1.7790281637137969e+18,1.778910950476768e+18
1778943294859771158,12.3,1.68,1101.825,72.03870843916923,14.157499999999999,49.030858711458244,12.340774168783385,1.779026598932918e+18,1.778911542783536e+18
1778943295260485684,12.292,1.715,85.7,72.05025933369437,14.157499999999999,49.00559305277901,12.341005186673888,1.7790248570161825e+18,1.7789122025653248e+18
1778943295661131024,12.304,1.73,261.525,72.06461597930387,13.965,48.987604981962946,12.341292319586078,1.7790230431368806e+18,1.7789128898856481e+18
1778943296061451651,12.308,1.5675,798.1,72.07798427304536,13.737499999999999,48.96041518338673,12.341559685460908,1.7790212032134484e+18,1.778913587289875e+18
1778943296462460954,12.308,1.65,797.2,72.0925299272662,13.737499999999999,48.959613120568875,12.341850598545324,1.7790193656689876e+18,1.7789142839787057e+18
1778943296863121776,12.312,1.665,794.45,72.10856284352029,13.405000000000001,48.956444273659365,12.342171256870406,1.7790176025444014e+18,1.7789149525735158e+18
1778943297263598874,12.324,1.4975,786.05,72.12682580272451,13.405000000000001,48.93974452801438,12.34253651605449,1.7790159392257329e+18,1.778915583424195e+18
1778943297664292374,12.304,1.78,760.425,72.14179203633302,13.09,48.92090124507125,12.34283584072666,1.7790143713884513e+18,1.7789161781436035e+18
1778943298064682042,12.264,2.5175,682.225,72.15570864726429,13.09,48.90882830006939,12.343114172945286,1.779012892709195e+18,1.7789167391179617e+18
1778943298465182521,11.832,11.6325,443.575,72.16515174643766,12.7575,48.860885881961615,12.343303034928754,1.7790114781216934e+18,1.778917275844032e+18
1778943298865445328,11.004,29.18,1353.675,72.19228517156874,12.7575,48.82485640978329,12.343845703431375,1.7790101828431488e+18,1.77891776740438e+18
1778943299265783191,10.784,33.515,854.275,72.20361615944614,12.705,48.77476945429878,12.344072323188923,1.779008950645078e+18,1.7789182350892163e+18
1778943299666418573,10.656,35.5675,968.625,72.21656503914281,13.0725,48.747129454412224,12.344331300782857,1.7790077824028365e+18,1.7789186785659615e+18
1778943300066844765,10.744,32.48,1317.6,72.24103415267686,13.0725,48.77444586460191,12.344820683053538,1.7790067008772954e+18,1.778919089223819e+18
1778943300467784131,11.212,22.7,744.175,72.26373914737029,13.545,48.804310058099844,12.345274782947406,1.7790056798673329e+18,1.7789194770074726e+18
1778943300868084283,10.58,36.1,632.625,72.27852905760227,13.545,48.8184019620399,12.345570581152046,1.7790047197037002e+18,1.7789198417494154e+18
1778943301268874854,10.552,37.0175,292.2,72.27963605421967,13.8075,48.809487885472045,12.345592721084394,1.7790039035978752e+18,1.778920151743824e+18
1778943301669542549,10.492,37.5,891.7,72.29351670814664,14.157499999999999,48.836755486295196,12.345870334162933,1.779003231380138e+18,1.778920407102046e+18
1778943302069919258,10.464,38.585,1082.85,72.30527789885598,14.157499999999999,48.84417497185229,12.34610555797712,1.779002529316748e+18,1.7789206738776264e+18
1778943302470296477,10.464,38.3325,27.775,72.3168521844232,14.525000000000002,48.85987420009973,12.346337043688465,1.7790018260009329e+18,1.7789209411946378e+18
1778943302871315105,12.12,1.5175,84.75,72.26929474768599,14.7525,48.822920825451575,12.34538589495372,1.7790010286902328e+18,1.7789212440870723e+18
1778943303271553100,12.152,1.7,258.625,72.23764824809979,14.7525,48.79866865936052,12.344752964961996,1.7790001744115405e+18,1.7789215685471286e+18
1778943303672435916,12.172,1.65,789.25,72.2103888095396,14.5425,48.777733430600996,12.344207776190792,1.778999249706392e+18,1.7789219197194765e+18
1778943304073063291,12.184,1.865,770.175,72.19292952771087,14.052499999999998,48.76460975256729,12.343858590554218,1.778998311854876e+18,1.7789222758625802e+18
1778943304473394858,12.192,1.4325,711.975,72.16738924961835,14.052499999999998,48.74464703752115,12.343347784992368,1.778997351935065e+18,1.7789226403444818e+18
1778943304874073222,12.108,3.7825,534.375,72.15255344723292,13.667499999999999,48.73527218907756,12.343051068944659,1.778996376445037e+18,1.778923010738913e+18
1778943305274548129,11.924,7.365,1630.775,72.13574935541062,13.667499999999999,48.72875740823023,12.342714987108213,1.7789954104352312e+18,1.7789233775133174e+18
1778943305675110615,11.364,19.2325,61.525,72.12906075418103,13.16,48.73716408649102,12.342581215083621,1.7789944634301304e+18,1.77892373708149e+18
1778943306075420973,11.248,21.9475,187.75,72.12721378605717,13.16,48.74505882891664,12.342544275721144,1.7789935363117934e+18,1.7789240891243707e+18
1778943306476086267,11.332,19.415,572.95,72.12290292773504,13.1425,48.762592047513294,12.342458058554701,1.7789926085266296e+18,1.778924441453322e+18
1778943306876517058,11.348,19.35,110.1,72.11553302424248,13.1425,48.77328548299815,12.34231066048485,1.778991709157708e+18,1.7789247829915894e+18
1778943307276854626,11.38,18.165,335.975,72.10572911257262,13.3525,48.78848851575797,12.342114582251453,1.7789908097563968e+18,1.7789251245570076e+18
1778943307677270963,11.316,19.6975,1025.3,72.09178455526127,13.457500000000001,48.79875854027463,12.341835691105226,1.7789899189467272e+18,1.778925462855822e+18
1778943308077632986,11.508,15.815,1490.55,72.07867038281383,13.457500000000001,48.804228953475366,12.341573407656277,1.7789890494962107e+18,1.778925793032927e+18
1778943308478058363,11.204,22.4975,1271.975,72.06784003991265,13.58,48.81046411549413,12.341356800798254,1.7789881942570202e+18,1.7789261178167427e+18
1778943308878805451,11.04,26.2825,604.95,72.05944717890061,13.58,48.8118599994523,12.341188943578013,1.778987356717726e+18,1.778926435887262e+18
1778943309279584357,11.032,25.8825,207.75,72.0489899703784,13.7025,48.823031448596254,12.340979799407569,1.7789865291202844e+18,1.7789267501917363e+18
1778943309679942449,11.092,24.9175,634.0,72.04004239023368,14.0,48.828976418381075,12.340800847804674,1.7789857066832033e+18,1.7789270625558354e+18
1778943310080439503,11.016,26.1975,296.4,72.01942749536093,14.0,48.832230070640676,12.34038854990722,1.7789848884471468e+18,1.7789273733126e+18
1778943310481181572,12.144,1.6325,904.525,71.96658377270644,14.262500000000001,48.79073798964575,12.33933167545413,1.7789840308650547e+18,1.778927698957987e+18
1778943310881474001,12.172,1.715,1121.975,71.92300671726767,14.192499999999999,48.756685328819785,12.338460134345354,1.7789831647789348e+18,1.7789280277850458e+18
1778943311282259653,12.188,1.5325,147.175,71.87804789849633,14.192499999999999,48.72126347340077,12.337560957969927,1.7789822788326835e+18,1.7789283641241958e+18
1778943311682600358,12.192,1.5975,449.125,71.8338878652668,13.895000000000001,48.68683867620758,12.336677757305337,1.778981383395411e+18,1.7789287040383724e+18
1778943312082900308,12.212,1.615,1370.6,71.8010667942682,13.895000000000001,48.661145719334385,12.336021335885365,1.778980484845414e+18,1.7789290451357908e+18
1778943312483526254,12.216,1.7,905.925,71.77323327028694,13.615,48.64576824650562,12.33546466540574,1.7789795889420864e+18,1.7789293852407626e+18
1778943312883917043,12.224,1.5675,1126.25,71.75410781976417,13.615,48.63625380916403,12.335082156395284,1.7789787108625836e+18,1.7789297185954842e+18
1778943313284671482,12.232,1.5975,160.225,71.73610118925849,13.3175,48.63209033256303,12.33472202378517,1.7789778555242916e+18,1.7789300433291922e+18
1778943313685003068,12.236,1.6325,488.95,71.72636727361733,13.3175,48.628642418675824,12.334527345472347,1.7789770343892083e+18,1.7789303550916406e+18
1778943314085396662,12.244,1.8975,1492.15,71.72397790726332,12.8975,48.63566750460823,12.334479558145267,1.778976240768311e+18,1.7789306564454756e+18
1778943314486072137,12.244,1.665,1276.875,71.72193858969143,12.8975,48.632537017557915,12.33443877179383,1.778975479078598e+18,1.7789309457034176e+18
1778943314886604757,12.24,1.73,619.9,71.73871357388009,12.5475,48.64323129586711,12.334774271477603,1.7789747697127826e+18,1.7789312151250885e+18
1778943315487303030,12.252,1.68,253.375,71.74213347642294,12.5475,48.64556714476022,12.33484266952846,1.7789740907736197e+18,1.7789314730229023e+18
1778943315887869421,12.256,1.73,773.225,71.74448874533023,11.83,48.647369368221916,12.334889774906605,1.778973429768245e+18,1.7789317241541947e+18
1778943316288438594,12.256,1.5975,721.275,71.74253096026575,11.83,48.64589921872235,12.334850619205316,1.7789727929959916e+18,1.7789319661042726e+18
1778943316688983090,12.26,1.8325,562.75,71.74277859293746,11.2525,48.647588318990536,12.33485557185875,1.7789721835855027e+18,1.7789321976804347e+18
1778943317089439871,12.264,1.5675,78.975,71.74741384782307,11.2525,48.67351885738991,12.334948276956462,1.7789715972066696e+18,1.7789324205390533e+18
1778943317490358378,12.264,1.75,241.0,71.75458726591948,10.657499999999999,48.695503087678546,12.33509174531839,1.7789710390163494e+18,1.7789326327130217e+18
1778943317890724268,12.268,1.8825,735.45,71.78043248059919,10.657499999999999,48.71536355770455,12.335608649611984,1.778970514355693e+18,1.7789328321933765e+18
1778943318291207362,12.276,1.65,606.0,71.79801136502978,10.08,48.728917073408226,12.335960227300596,1.7789700157656456e+18,1.7789330218045164e+18
1778943318691775886,12.28,1.65,210.95,71.8115690816246,10.08,48.7393433691619,12.336231381632492,1.77896953058693e+18,1.7789332063661338e+18
1778943319091995251,12.276,1.8825,643.75,71.8229085747068,10.08,48.747944944637325,12.336458171494137,1.7789690492861455e+18,1.7789333895105162e+18
1778943319492692679,12.288,1.73,326.15,71.83404162975336,9.485,48.756467762277026,12.336680832595068,1.778968580423921e+18,1.7789335679669604e+18
1778943319893100719,12.296,1.8825,995.325,71.8480296203463,9.485,48.7670385902681,12.336960592406927,1.7789681254444175e+18,1.778933741185983e+18
1778943320293625873,12.296,0.615,1399.075,71.83831692238964,9.485,48.759397706154516,12.336766338447793,1.7789676747428966e+18,1.7789339127932595e+18
1778943320694159673,12.08,6.38,992.825,71.8475382568755,8.89,48.76195472482854,12.33695076513751,1.7789672371610312e+18,1.7789340794427963e+18
1778943321094628762,11.0,29.4675,1391.45,71.82953245729713,8.89,48.69956320299449,12.336590649145943,1.7789668041100636e+18,1.778934244369425e+18
1778943321495166095,10.812,32.45,969.55,71.81615266663853,8.785,48.65980099036838,12.336323053332771,1.778966376409588e+18,1.7789344072682394e+18
1778943321895920189,10.704,34.915,1820.425,71.79084771345721,8.785,48.60331227072532,12.335816954269145,1.778965970980503e+18,1.7789345616568993e+18
1778943322296363296,10.724,32.95,752.8,71.77443907330313,9.520000000000001,48.59656261555183,12.335488781466063,1.778965584078528e+18,1.778934708978697e+18
1778943322696794288,10.692,33.7825,658.95,71.76326339933564,9.520000000000001,48.589074807588304,12.335265267986713,1.7789652248298168e+18,1.7789348457527882e+18
1778943323297672005,10.648,35.0475,372.55,71.74548671886453,10.4475,48.56725163489891,12.334909734377291,1.7789648813916296e+18,1.7789349764933414e+18
1778943323698453394,10.936,28.815,1136.925,71.73529313149157,10.4475,48.55925435070611,12.334705862629832,1.778964641593481e+18,1.7789350677008463e+18
1778943324099054479,10.792,31.515,192.8,71.71069873444996,11.112499999999999,48.547042198511356,12.334213974689,1.7789644047303035e+18,1.778935157773057e+18
1778943324499673097,11.688,11.9,588.375,71.68140924318863,11.112499999999999,48.53572817749628,12.333628184863773,1.7789641707466284e+18,1.7789352467246026e+18
1778943324899990774,10.7,33.5975,157.175,71.66462733765239,11.6725,48.52453396514609,12.333292546753048,1.7789639439996598e+18,1.7789353329078065e+18
1778943325300580007,10.912,28.0325,479.65,71.64009230539303,11.6725,48.531026081178155,12.332801846107861,1.7789637192947528e+18,1.7789354182997727e+18
1778943325700986967,10.992,25.65,1463.775,71.6179284229354,12.2675,48.54894642789651,12.332358568458709,1.7789634971551299e+18,1.7789355027046587e+18
1778943326101128116,10.8,29.9175,1190.275,71.60542378867038,12.2675,48.57282980617188,12.332108475773408,1.7789632807304686e+18,1.778935584931146e+18
1778943326501542438,10.6,35.665,355.625,71.58566257979001,12.844999999999999,48.55786857156474,12.3317132515958,1.7789630677549752e+18,1.7789356658360305e+18
1778943326901921684,10.536,35.6175,1085.275,71.5714229870076,12.844999999999999,48.57932808447488,12.331428459740152,1.7789628583878316e+18,1.7789357453668739e+18
1778943327302593067,11.984,3.9325,35.175,71.49689682580646,13.51,48.52896293650399,12.32993793651613,1.7789626358176061e+18,1.7789358298786972e+18
1778943327703189187,11.08,24.635,327.525,71.4722181433342,13.895000000000001,48.52827278143054,12.329444362866685,1.7789624156463887e+18,1.7789359134691935e+18
1778943328103349033,11.08,24.8675,999.525,71.44601885873722,14.157499999999999,48.52246782543398,12.328920377174745,1.7789621962018662e+18,1.7789359967781809e+18
1778943328503917849,11.668,10.9325,1411.9,71.38754367152201,14.489999999999998,48.495872171548626,12.32775087343044,1.7789619659257492e+18,1.7789360841939213e+18
1778943328904304953,12.092,2.615,1031.975,71.31780110975788,14.489999999999998,48.445368566859536,12.326356022195158,1.7789617301689513e+18,1.778936173653361e+18
1778943329304981458,12.144,1.9975,1510.925,71.25733075266804,14.489999999999998,48.401599995891004,12.325146615053361,1.7789614881015386e+18,1.7789362654931384e+18
1778943329705467095,12.168,1.9475,1334.175,71.23117212630054,14.489999999999998,48.40971019251304,12.324623442526011,1.778961248637786e+18,1.778936356343961e+18
1778943330105852996,12.18,1.9675,794.775,71.20825052288592,14.42,48.41178615869332,12.324165010457719,1.7789610113200146e+18,1.7789364463865874e+18
1778943330506515626,12.184,1.7,787.05,71.18679114570571,14.262500000000001,48.416448392461064,12.323735822914115,1.7789607786732902e+18,1.7789365346539116e+18
1778943330906882353,12.188,1.9325,763.475,71.17240963693402,14.262500000000001,48.429374775834624,12.323448192738681,1.7789605441569638e+18,1.7789366236672742e+18
1778943331307502859,12.196,1.9475,691.525,71.16207831080449,14.192499999999999,48.418905768725544,12.32324156621609,1.7789603089534582e+18,1.7789367129787822e+18
1778943331708052555,12.208,1.8825,471.95,71.15394029445675,14.192499999999999,48.41116084364005,12.323078805889136,1.778960075189083e+18,1.7789368017746941e+18
1778943332108417619,12.212,1.85,1440.275,71.14640548141303,13.9825,48.41356075293984,12.322928109628261,1.7789598426740777e+18,1.778936890128556e+18
1778943332509057035,12.232,1.715,1118.55,71.14393176814583,13.9825,48.406663474047186,12.322878635362917,1.7789596123394865e+18,1.7789369776885788e+18
1778943332909355898,12.204,2.23,136.725,71.14020556582535,13.842500000000001,48.40485048279926,12.322804111316508,1.778959383385295e+18,1.7789370647601892e+18
1778943333309984492,12.24,1.8,417.25,71.13984786090917,13.667499999999999,48.39546335584957,12.322796957218184,1.7789591575394844e+18,1.7789371506823826e+18
1778943333710464275,12.196,2.7,1273.325,71.14079113673276,13.667499999999999,48.39459767116923,12.322815822734656,1.778958938364167e+18,1.7789372340851192e+18
1778943334110823494,12.196,2.665,609.075,71.14748433053293,13.5625,48.4206924947588,12.32294968661066,1.7789587265513262e+18,1.7789373147072161e+18
1778943334511678697,11.664,14.1675,220.325,71.14940568307827,13.5625,48.4086759105388,12.322988113661566,1.778958520936702e+18,1.7789373929883146e+18
1778943334911844985,11.38,19.1325,672.375,71.14528130784404,13.4225,48.40093115959699,12.322905626156881,1.778958321012327e+18,1.7789374691150825e+18
1778943335312181881,11.524,15.85,413.525,71.18086917422256,13.4225,48.43255986115271,12.323617383484452,1.7789581333142776e+18,1.7789375406138386e+18
1778943335712524720,11.48,15.85,1261.975,71.19510827083396,13.685,48.45936071926213,12.32390216541668,1.7789579533960965e+18,1.7789376091684436e+18
1778943336112958734,11.504,16.65,574.425,71.21428732291618,13.9475,48.47632155544203,12.324285746458324,1.7789577816485524e+18,1.7789376746309965e+18
1778943336513537521,11.492,16.685,114.6,71.22920259175947,13.9475,48.49213006515232,12.32458405183519,1.778957617143172e+18,1.7789377373516012e+18
1778943336913815294,11.384,18.8325,349.725,71.24052238152066,14.105,48.50711635002447,12.324810447630414,1.778957454245669e+18,1.7789377994956902e+18
1778943337314395746,11.948,6.6325,1067.275,71.2362343763388,14.227500000000001,48.50781250922355,12.324724687526777,1.7789572942259108e+18,1.7789378605559124e+18
1778943337714886275,11.544,14.9325,1618.65,71.23899897659916,14.227500000000001,48.52112891446743,12.324779979531984,1.7789571363262746e+18,1.7789379208312415e+18
1778943338115220153,11.404,17.8175,24.525,71.23287251403985,14.174999999999999,48.53069812819225,12.324657450280798,1.778956982518463e+18,1.7789379795510433e+18
1778943338515878956,11.348,19.2675,74.825,71.2316792808206,14.174999999999999,48.54062240165456,12.324633585616413,1.7789568339265823e+18,1.7789380362858404e+18
1778943338916065455,11.192,22.8325,228.325,71.23703934894755,14.3325,48.55239520854043,12.324740786978952,1.7789566914944812e+18,1.7789380906767631e+18
1778943339316657778,11.252,21.215,696.775,71.23670351934076,14.525000000000002,48.5617253163225,12.324734070386816,1.7789565521307446e+18,1.77893814390947e+18
1778943339717561448,11.204,22.9675,487.975,71.24131401129475,14.525000000000002,48.55897076918153,12.324826280225896,1.778956417880666e+18,1.7789381951984548e+18
1778943340117788895,11.244,21.265,1489.175,71.24754723102498,14.735,48.572359757006396,12.3249509446205,1.778956286846875e+18,1.7789382452764995e+18
1778943340518192888,11.052,25.535,1267.8,71.2673516497868,14.735,48.585798547769926,12.325347032995737,1.7789561620124823e+18,1.7789382930036977e+18
1778943340918605441,11.444,16.55,592.2,71.26846234204399,14.875,48.596407262161065,12.32536924684088,1.7789560409332431e+18,1.7789383393038838e+18
1778943341319282728,12.076,3.15,168.85,71.24312682766235,15.032499999999999,48.57720343408608,12.324862536553248,1.7789559198788242e+18,1.7789383855923208e+18
1778943341719566192,12.056,3.9325,515.275,71.22362032554602,15.032499999999999,48.560952886728906,12.324472406510921,1.778955799510963e+18,1.7789384316190858e+18
1778943342119985802,12.148,2.165,1572.475,71.20613820130693,14.8575,48.54219934277182,12.32412276402614,1.778955679856272e+18,1.7789384773765747e+18
1778943342520696527,12.092,3.58,1522.0,71.19519580753638,14.665000000000001,48.52981340465922,12.323903916150728,1.7789555618692076e+18,1.778938522501714e+18
1778943342920990133,12.076,3.4825,1367.975,71.18065501379263,14.665000000000001,48.51234260080854,12.323613100275853,1.7789554449969992e+18,1.7789385672047521e+18
1778943343321488357,10.468,39.45,897.925,71.17362002593043,14.4375,48.468428259467785,12.32347240051861,1.7789553305502106e+18,1.7789386109856945e+18
1778943343721995572,10.256,43.4975,1101.825,71.170632098572,14.525000000000002,48.42925817506872,12.32341264197144,1.77895521819383e+18,1.7789386539773617e+18
1778943344122343431,10.252,43.2,85.7,71.16966356188186,14.525000000000002,48.40679175883398,12.323393271237638,1.7789551083501235e+18,1.778938696017624e+18
1778943344523122925,10.156,44.55,261.525,71.17985127142886,15.084999999999999,48.409823105638516,12.323597025428578,1.7789550016471887e+18,1.778938736872648e+18
1778943344923298347,10.192,43.8475,798.1,71.18858222905668,15.680000000000001,48.41206303298893,12.323771644581134,1.778954895188412e+18,1.7789387776624095e+18
1778943345323841920,10.112,45.55,797.2,71.19924137972315,16.24,48.41164198723253,12.323984827594463,1.7789547889985142e+18,1.7789388183777787e+18
1778943345724346050,10.088,45.165,794.45,71.2227903850322,16.24,48.44600076428645,12.324455807700645,1.7789546884985472e+18,1.7789388569296174e+18
1778943346124774267,10.056,46.1325,786.05,71.24285980329049,16.8175,48.46817094493179,12.32485719606581,1.7789545916353766e+18,1.7789388941088274e+18
1778943346525546544,12.1,1.4975,760.425,71.20246192386207,17.325,48.42575719014651,12.324049238477242,1.7789544910811592e+18,1.7789389327013123e+18
1778943346925809831,12.136,1.65,682.225,71.17319541966685,17.1675,48.396480937029814,12.323463908393338,1.778954391139999e+18,1.77893897105002e+18
1778943347326424957,12.156,1.6325,443.575,71.15060433389829,17.1675,48.3701266961191,12.323012086677966,1.7789542933516884e+18,1.7789390085641196e+18
1778943347726821455,12.164,1.6325,1353.675,71.13217430406749,17.01,48.3450774782845,12.32264348608135,1.7789541979199478e+18,1.778939045168056e+18
1778943348127068095,12.172,1.665,854.275,71.11804130131246,16.87,48.325314564352716,12.32236082602625,1.7789541041499837e+18,1.7789390811346872e+18
1778943348528049773,12.188,1.5825,968.625,71.10898155099345,16.87,48.30941147697772,12.32217963101987,1.778954010961823e+18,1.7789391168870413e+18
1778943348928267527,12.192,1.8,1317.6,71.10587376283969,16.66,48.29659189187729,12.322117475256794,1.7789539190417293e+18,1.778939152163636e+18
1778943349328966873,12.216,1.5475,744.175,71.09982457015852,16.397499999999997,48.28646822947951,12.321996491403171,1.7789538283292375e+18,1.7789391869856614e+18
1778943349929652507,12.212,1.4975,632.625,71.09515196280645,16.397499999999997,48.27289867260699,12.32190303925613,1.7789537385126687e+18,1.778939221475296e+18
1778943350330281874,12.22,1.8,292.2,71.09685845957524,16.0825,48.26580557050508,12.321937169191505,1.7789536497050496e+18,1.7789392555927813e+18
1778943350730912297,12.224,1.5975,891.7,71.0959334732906,15.819999999999999,48.25650213633358,12.321918669465813,1.7789535659715172e+18,1.77893928775659e+18
1778943351131191296,12.232,1.3825,1082.85,71.09807301727668,15.819999999999999,48.247515214580694,12.321961460345534,1.7789534857137958e+18,1.7789393185887631e+18
1778943351531660023,12.228,1.4975,27.775,71.10211310671407,15.575000000000001,48.23942661539865,12.322042262134282,1.7789534067310653e+18,1.7789393489450547e+18
1778943351932026126,12.232,1.4475,84.75,71.09860374941198,15.2775,48.233763509915306,12.32197207498824,1.7789533287853366e+18,1.778939378911664e+18
1778943352332635051,12.236,1.615,258.625,71.10261789511031,15.2775,48.22962011028839,12.322052357902207,1.7789532519771912e+18,1.7789394084549816e+18
1778943352733170031,12.24,1.5675,789.25,71.11169921267296,14.927499999999998,48.22314240712044,12.32223398425346,1.7789531800975619e+18,1.7789394361041853e+18
1778943353133522663,12.24,1.4625,770.175,71.11466772538122,14.5425,48.217466481658136,12.322293354507625,1.7789531115105295e+18,1.7789394624895278e+18
1778943353534457894,12.248,1.6325,711.975,71.126957403124,14.5425,48.21555088551887,12.32253914806248,1.7789530465574525e+18,1.778939487484263e+18
1778943353934840767,12.268,1.615,534.375,71.15561732660146,14.227500000000001,48.23394262788262,12.32311234653203,1.7789529860659976e+18,1.778939510777359e+18
1778943354335547243,12.256,1.6325,1630.775,71.18139418473194,14.227500000000001,48.251104792366206,12.32362788369464,1.7789529293910415e+18,1.7789395326161943e+18
1778943354735972620,12.268,1.7,61.525,71.20197670928351,13.8775,48.26458277574316,12.32403953418567,1.7789528756840056e+18,1.7789395533259594e+18
1778943355136581735,12.26,1.4825,187.75,71.21045980488637,13.8775,48.27014256040356,12.324209196097728,1.7789528243472668e+18,1.7789395731294733e+18
1778943355537106027,12.264,1.715,572.95,71.21734673569547,13.51,48.274652815250924,12.32434693471391,1.7789527753205507e+18,1.7789395920483543e+18
1778943355937367637,12.26,1.7,110.1,71.2329366573491,13.16,48.284962218839716,12.324658733146983,1.7789527285250744e+18,1.7789396101189596e+18
1778943356337734160,12.272,1.3975,335.975,71.2412011025237,13.16,48.2904443758708,12.324824022050475,1.7789526827128666e+18,1.778939627821494e+18
1778943356938444058,12.276,1.7,1025.3,71.25382890343131,12.775,48.29871699086687,12.325076578068627,1.7789526390061678e+18,1.7789396447223962e+18
1778943357338901765,12.284,1.665,1490.55,71.26592406937124,12.775,48.306652340729116,12.325318481387425,1.7789525969382423e+18,1.7789396610015918e+18
1778943357739449709,12.276,1.4825,1271.975,71.27315685250329,12.512500000000001,48.31145205405274,12.325463137050066,1.7789525551938568e+18,1.7789396771678077e+18
1778943358139756464,12.276,1.4475,604.95,71.27860210571856,12.512500000000001,48.315080434274265,12.325572042114372,1.7789525134769144e+18,1.7789396933350326e+18
1778943358740606469,12.284,1.7,207.75,71.28427997458199,12.3375,48.31878683635964,12.32568559949164,1.7789524721610143e+18,1.7789397093586499e+18
1778943359140990208,12.288,1.815,634.0,71.29399415020731,12.3375,48.32504373602533,12.325879883004147,1.778952432573636e+18,1.778939724722513e+18
1778943359541277844,12.28,1.8825,296.4,71.30112149267579,12.1625,48.32959052241712,12.326022429853516,1.778952394185059e+18,1.778939739630974e+18
1778943359941557409,12.292,1.5825,904.525,71.30810606940734,12.1625,48.3342112914737,12.326162121388148,1.778952356649985e+18,1.77893975421832e+18
1778943360341970152,12.292,1.5675,1121.975,71.3151082274427,11.969999999999999,48.33882498290553,12.326302164548855,1.7789523199028874e+18,1.7789397685098575e+18
1778943360742216101,12.296,1.73,147.175,71.32430146119367,11.969999999999999,48.34480121164436,12.326486029223874,1.7789522839279427e+18,1.7789397825130202e+18
1778943361342852090,12.308,1.665,449.125,71.3320342220987,11.7775,48.349918548774774,12.326640684441974,1.7789522485995151e+18,1.7789397962766564e+18
1778943361743048515,12.292,1.7,1370.6,71.3382176783794,11.7775,48.35387896796421,12.326764353567588,1.778952213214573e+18,1.7789398100728883e+18
1778943362143248968,12.3,1.5325,905.925,71.33322553169002,11.637500000000001,48.351083454771604,12.326664510633801,1.7789521808628434e+18,1.7789398226873884e+18
1778943362543540254,12.296,1.73,1126.25,71.33805835985169,11.637500000000001,48.35420871732547,12.326761167197034,1.7789521512673157e+18,1.778939834234537e+18
1778943362943800117,12.308,1.5675,160.225,71.34581553926775,11.6025,48.35929271194947,12.326916310785355,1.778952124499806e+18,1.778939844687702e+18
1778943363344091771,12.312,1.5325,488.95,71.35434447246396,11.6025,48.36491387695651,12.32708688944928,1.7789521005161574e+18,1.778939854064078e+18
1778943363744347932,12.252,2.4975,1492.15,71.35230031418746,11.6025,48.36296823969916,12.32704600628375,1.7789520777905577e+18,1.778939862952197e+18
1778943364344766638,12.232,2.9325,1276.875,71.35171057115144,11.6025,48.36175216448305,12.32703421142303,1.7789520566662781e+18,1.7789398712197704e+18
1778943364744971395,11.324,21.78,619.9,71.3411531441248,11.655000000000001,48.34138058034488,12.326823062882497,1.7789520358915459e+18,1.7789398793480005e+18
1778943365145177549,11.108,26.43,253.375,71.32867566984008,11.655000000000001,48.31398514394008,12.326573513396802,1.7789520149926653e+18,1.778939887520796e+18
1778943365545497222,11.052,26.7675,773.225,71.30895667632345,12.215,48.29501028808536,12.32617913352647,1.778951993472664e+18,1.7789398959277366e+18
1778943365945688738,10.804,32.4,721.275,71.28471114720679,12.215,48.26240354012978,12.325694222944136,1.778951972480643e+18,1.7789399041166177e+18
1778943366346147942,10.796,31.8825,562.75,71.26702536722237,12.967500000000001,48.2471997854742,12.325340507344448,1.7789519521679478e+18,1.7789399120326758e+18
1778943366746355687,10.76,31.8825,78.975,71.24868291531054,13.7025,48.24535668937324,12.324973658306211,1.7789519324542195e+18,1.778939919706896e+18
1778943367146717919,10.792,31.2975,241.0,71.22701217652273,13.7025,48.23951755067459,12.324540243530455,1.7789519125823222e+18,1.778939927433345e+18
1778943367547022950,11.572,13.1675,735.45,71.18367430703961,14.280000000000001,48.22747428412374,12.323673486140793,1.778951891697799e+18,1.778939935532278e+18
1778943367947331041,12.144,1.765,606.0,71.12958268289694,14.280000000000001,48.1917688781208,12.32259165365794,1.7789518689992607e+18,1.7789399443108262e+18
1778943368347692040,12.176,1.715,210.95,71.08416465571537,14.455,48.16177057002475,12.321683293114308,1.7789518448865661e+18,1.7789399536189217e+18
1778943368748017161,12.176,1.9125,643.75,71.04154509203012,14.2975,48.13377017089766,12.320830901840603,1.7789518194280701e+18,1.778939963432293e+18
1778943369148606658,12.2,1.78,326.15,71.00102551834073,14.2975,48.1071075454448,12.320020510366815,1.7789517920934822e+18,1.7789399739606876e+18
1778943369548877021,12.2,1.615,995.325,70.95952928579433,14.209999999999999,48.07960567792425,12.319190585715887,1.7789517635428726e+18,1.7789399849456225e+18
1778943369949059872,12.224,1.5675,1399.075,70.92590891155169,14.209999999999999,48.05727197351435,12.318518178231034,1.778951732863748e+18,1.778939996750475e+18
1778943370349272160,11.824,9.75,992.825,70.89050043121244,14.0175,48.036362631147625,12.31781000862425,1.7789517000526554e+18,1.7789400093762732e+18
1778943370749551412,12.152,3.215,1391.45,70.86001554800302,13.842500000000001,48.016336525517616,12.317200310960061,1.7789516656146476e+18,1.7789400226290388e+18
1778943371149930677,11.852,9.4475,969.55,70.8312887138347,13.842500000000001,47.99817485590974,12.316625774276694,1.7789516298827476e+18,1.7789400363800026e+18
1778943371550388860,11.428,18.15,1320.425,70.80147478991783,13.6325,47.981736349956044,12.316029495798357,1.7789515931570537e+18,1.778940050511361e+18
1778943371950625494,11.296,19.7175,752.8,70.76539195250325,13.6325,47.97377441948618,12.315307839050066,1.7789515548883863e+18,1.77894006523519e+18
1778943372350916364,11.392,17.95,658.95,70.72618428821016,13.825000000000001,47.959740607724996,12.314523685764204,1.7789515151414065e+18,1.7789400805249413e+18
1778943372751098418,11.308,20.2825,372.55,70.69045836449781,14.14,47.94332763579737,12.313809167289957,1.778951474287503e+18,1.7789400962378276e+18
1778943373151367553,11.228,22.3,1136.925,70.6079142281334,14.14,47.891957602260696,12.312158284562669,1.7789514303470874e+18,1.7789401131227249e+18
1778943373551627317,11.156,23.265,192.8,70.5304205294486,14.4375,47.8538181710847,12.310608410588973,1.7789513830884157e+18,1.7789401312757893e+18
1778943373951993937,11.048,25.7325,588.375,70.49872155115658,14.4375,47.85886792777383,12.309974431023132,1.778951335078022e+18,1.7789401497188104e+18
1778943374352262151,10.888,28.8,157.175,70.4916448096048,14.735,47.91210110091976,12.309832896192097,1.778951287720867e+18,1.7789401679152325e+18
1778943374752616774,10.888,28.665,479.65,70.48011340603331,15.084999999999999,47.95764217953291,12.309602268120667,1.7789512406199007e+18,1.7789401860182615e+18
1778943375153024137,10.86,29.3825,1463.775,70.47257787795951,15.4525,48.00910537040258,12.309451557559191,1.7789511941027215e+18,1.778940203901454e+18
1778943375553225210,10.832,29.18,1190.275,70.4726506999912,15.4525,48.0729350284432,12.309453013999825,1.778951148651801e+18,1.778940221379383e+18
1778943375953397945,10.92,27.935,355.625,70.4689373758727,15.75,48.11204404040086,12.309378747517455,1.7789511036538724e+18,1.7789402386907144e+18
1778943376353725418,10.896,29.0325,1085.275,70.46539564986112,16.1875,48.14448414952806,12.309307912997223,1.7789510597665859e+18,1.7789402555764403e+18
1778943376753979792,10.972,26.1825,35.175,70.46112395218083,16.1875,48.18076944633473,12.309222479043617,1.7789510167335616e+18,1.7789402721366879e+18
1778943377154094988,10.992,25.915,107.325,70.45414045839082,16.537499999999998,48.20470688764267,12.309082809167817,1.7789509742740334e+18,1.7789402884801626e+18
1778943377554283389,10.968,25.93,327.525,70.44736539655821,16.87,48.24261384601846,12.308947307931165,1.778950932363115e+18,1.77894030461661e+18
1778943377954730747,12.02,2.63,999.525,70.38965228311092,17.1325,48.213884317294934,12.307793045662219,1.7789508885470118e+18,1.7789403214834557e+18
1778943378355133910,12.052,2.9325,1411.9,70.34081641905254,17.150000000000002,48.18767301401191,12.306816328381052,1.7789508432158804e+18,1.7789403389333174e+18
1778943378755284188,12.068,3.265,1031.975,70.3159341451604,17.150000000000002,48.197564804232904,12.306318682903209,1.7789507980992236e+18,1.7789403562988508e+18
1778943379155594728,12.076,3.2825,1510.925,70.27760546405258,16.939999999999998,48.174044833979345,12.305552109281052,1.7789507520348884e+18,1.7789403740311155e+18
1778943379756135960,12.1,3.4475,1334.175,70.26968073127725,16.765,48.19934762810162,12.305393614625546,1.7789507067022643e+18,1.778940391485947e+18
1778943380156554396,12.088,3.25,794.775,70.25371923592274,16.765,48.207442278705265,12.305074384718456,1.7789506616216532e+18,1.7789404088472822e+18
1778943380556848713,12.096,3.2975,787.05,70.24005138563012,16.555,48.208995979068106,12.304801027712603,1.7789506169389117e+18,1.7789404260588214e+18
1778943380957080114,12.08,3.515,763.475,70.22747849902434,16.310000000000002,48.219886686173,12.304549569980487,1.778950572513456e+18,1.7789404431766717e+18
1778943381557619314,12.092,3.7475,691.525,70.2180958447604,16.1175,48.21640404567199,12.304361916895209,1.7789505289448855e+18,1.7789404599662674e+18
1778943381957964535,12.088,4.15,471.95,70.2187601501186,16.1175,48.235757866285454,12.304375203002373,1.7789504863005074e+18,1.778940476405563e+18
1778943382358241364,11.976,6.6975,1440.275,70.21722531573118,15.89,48.23477936736522,12.304344506314624,1.7789504445349484e+18,1.778940492510861e+18
1778943382758460266,12.164,2.15,1118.55,70.23367564377797,15.662499999999998,48.24495865887153,12.30467351287556,1.7789504042347791e+18,1.7789405080594898e+18
1778943383359152124,12.172,2.3,136.725,70.2462584069959,15.662499999999998,48.25291070898399,12.304925168139919,1.778950365294619e+18,1.7789405230909916e+18
1778943383759627520,12.032,5.93,417.25,70.25004071408175,15.557500000000001,48.25408150025572,12.305000814281636,1.7789503273249498e+18,1.7789405377533932e+18
1778943384160043755,11.488,16.3975,1273.325,70.259518070804,15.540000000000001,48.263153650474955,12.30519036141608,1.7789502905749338e+18,1.7789405519505884e+18
1778943384560186182,11.14,24.4325,609.075,70.26605368446874,15.540000000000001,48.26025500926953,12.305321073689376,1.77895025429031e+18,1.7789405659792602e+18
1778943384960416804,11.276,21.215,220.325,70.27019115241691,15.7675,48.25795938435069,12.305403823048339,1.778950218901732e+18,1.7789405796671206e+18
1778943385360640906,10.96,27.45,672.375,70.27331423135166,16.099999999999998,48.28100976348573,12.305466284627034,1.778950184031033e+18,1.7789405931631514e+18
1778943385761030545,12.088,2.6,413.525,70.24330455678276,16.45,48.26074749456262,12.304866091135656,1.7789501487005507e+18,1.7789406068373527e+18
1778943386161256955,12.02,4.8475,1261.975,70.23387730662172,16.45,48.27588216221087,12.304677546132435,1.778950113202963e+18,1.778940620584829e+18
1778943386561434440,12.076,3.9475,574.425,70.22549009757516,16.3625,48.2834615876281,12.304509801951504,1.778950077652207e+18,1.778940634360996e+18
1778943386961664954,11.404,18.215,114.6,70.22106122029957,16.275000000000002,48.27788764599531,12.304421224405992,1.7789500413092626e+18,1.7789406484613742e+18
1778943387362153976,11.716,11.08,349.725,70.20874342781845,16.275000000000002,48.271324637667774,12.30417486855637,1.7789500041302336e+18,1.778940662899601e+18
1778943387762344495,11.624,13.2675,1067.275,70.23878295729132,16.4675,48.298525717709616,12.304775659145827,1.7789499677526666e+18,1.7789406770472102e+18
1778943388162668351,11.66,11.8325,1618.65,70.24561478750486,16.4675,48.31354201930977,12.304912295750098,1.7789499317112238e+18,1.7789406910766175e+18
1778943388562911662,12.164,1.6325,24.525,70.23991274193493,16.485,48.30921009536053,12.3047982548387,1.7789498953739203e+18,1.778940705232454e+18
1778943388963218049,12.188,1.5475,74.825,70.23650328419063,16.485,48.30663496421488,12.304730065683813,1.7789498584876933e+18,1.7789407196166244e+18
1778943389363930343,12.196,1.5825,228.325,70.23522595825361,16.3625,48.305570656007774,12.304704519165073,1.7789498220332718e+18,1.7789407338402166e+18
1778943389764128837,12.204,1.415,696.775,70.23166239858989,16.3625,48.302994046968955,12.304633247971799,1.7789497868855196e+18,1.778940747553741e+18
1778943390164522383,12.204,1.5325,487.975,70.22463132701054,16.2225,48.29801766653097,12.304492626540211,1.7789497522569772e+18,1.7789407610684462e+18
1778943390564974529,12.22,1.615,1489.175,70.22381647911658,15.995000000000001,48.29744659004432,12.304476329582332,1.7789497172861655e+18,1.778940774730285e+18
1778943390965193314,12.216,1.5675,1267.8,70.21497270472084,15.995000000000001,48.2912196830757,12.304299454094417,1.7789496830994696e+18,1.7789407880866977e+18
1778943391365902440,12.224,1.615,592.2,70.2122725706454,15.785,48.28931439983342,12.304245451412909,1.7789496496437133e+18,1.7789408011616294e+18
1778943391766160512,12.232,1.7,168.85,70.20644088678452,15.557500000000001,48.285246607624565,12.304128817735691,1.77894961702633e+18,1.778940813910443e+18
1778943392166836159,12.228,1.78,515.275,70.20075680731529,15.557500000000001,48.28120103532541,12.304015136146306,1.778949585450699e+18,1.778940826251816e+18
1778943392567412962,12.244,1.615,1572.475,70.1999419760443,15.2775,48.28059415828612,12.303998839520887,1.7789495549250322e+18,1.7789408381844406e+18
1778943392967962787,12.244,1.5975,1522.0,70.20069904528164,14.9975,48.28108214534627,12.304013980905633,1.7789495259909194e+18,1.7789408494927716e+18
1778943393368806231,12.232,1.665,1367.975,70.19260269689339,14.9975,48.27532784296136,12.303852053937868,1.7789494977997868e+18,1.7789408605104253e+18
1778943393769002886,12.248,1.665,897.925,70.18756004473586,14.682500000000001,48.27182862023729,12.303751200894718,1.7789494704594872e+18,1.7789408711955423e+18
1778943394169604337,12.24,1.5675,1101.825,70.17257967251068,14.682500000000001,48.26134127156264,12.303451593450214,1.7789494444529126e+18,1.7789408813504197e+18
1778943394570086861,12.256,1.5475,85.7,70.16267150005538,14.385000000000002,48.25443975557564,12.303253430001108,1.7789494188030963e+18,1.7789408913671846e+18
1778943394970583719,12.252,1.5475,261.525,70.1503050415745,14.052499999999998,48.245795700716705,12.30300610083149,1.7789493932730278e+18,1.7789409013393085e+18
1778943395371269778,12.256,1.9675,798.1,70.14742034814228,14.052499999999998,48.24347345972317,12.302948406962846,1.778949368094811e+18,1.7789409111784404e+18
1778943395771578515,12.208,2.3325,797.2,70.13028027412938,13.755,48.23108851829827,12.302605605482588,1.778949342900928e+18,1.7789409210247672e+18
1778943396172202206,11.816,11.9,794.45,70.12218444077305,13.755,48.212621715243095,12.302443688815462,1.778949317767389e+18,1.7789409308521684e+18
1778943396572440738,11.436,18.4325,786.05,70.09791831862805,13.475,48.19026020950027,12.301958366372562,1.7789492926248164e+18,1.7789409406809313e+18
1778943396972754035,11.22,23.2825,760.425,70.07250369354112,13.475,48.16018001966772,12.301450073870823,1.7789492671709788e+18,1.7789409506316639e+18
1778943397373040212,10.888,30.5175,682.225,70.04389752959125,13.387500000000001,48.11752444992586,12.300877950591826,1.7789492430929254e+18,1.778940960027566e+18
1778943397773310300,10.816,31.065,443.575,70.01345568474545,13.6325,48.092169675168115,12.30026911369491,1.7789492198651487e+18,1.778940969077961e+18
1778943398173644784,10.804,31.665,1353.675,69.9765081977003,13.6325,48.05941499724089,12.299647622965505,1.778949196979465e+18,1.778940977983393e+18
1778943398573943912,10.752,32.415,854.275,69.93441305487553,13.86,48.03303503041685,12.299016195823134,1.778949174411216e+18,1.7789409867514985e+18
1778943398974171851,10.776,31.05,968.625,69.89362986936321,14.14,48.023810254380265,12.298404448040449,1.77894915143489e+18,1.778940995673947e+18
1778943399574964413,11.96,4.55,1317.6,69.79771766603942,14.14,47.97762656022401,12.296965764990592,1.778949126514788e+18,1.7789410053432873e+18
1778943399975210658,12.128,1.5175,744.175,69.70900331596559,14.262500000000001,47.93084764063406,12.295635049739484,1.77894909983512e+18,1.778941015689489e+18
1778943400375647916,12.16,1.4825,632.625,69.63806219699111,14.262500000000001,47.894336544368535,12.294570932954867,1.7789490718775603e+18,1.7789410265284938e+18
1778943400776223878,12.168,1.68,292.2,69.59013276531105,13.965,47.881607545427634,12.293851991479666,1.7789490432657812e+18,1.778941037621101e+18
1778943401176960416,12.192,1.4975,891.7,69.5818519517395,13.475,47.91660057506199,12.293727779276093,1.7789490150850944e+18,1.7789410485492925e+18
1778943401577204121,12.188,1.715,1082.85,69.58422470406691,13.475,47.959344987042165,12.293763370561004,1.7789489863045028e+18,1.778941059732025e+18
1778943401977646196,12.196,1.5475,27.775,69.58549374524932,13.0725,47.991719919709354,12.29378240617874,1.7789489573092413e+18,1.7789410710140823e+18
1778943402378362549,12.168,2.23,84.75,69.57822251575408,13.0725,47.99188370739193,12.293673337736312,1.7789489280139791e+18,1.7789410824261164e+18
1778943402778978270,12.16,2.3,258.625,69.56745232380821,12.775,47.98868580786218,12.293511784857124,1.7789488984796754e+18,1.7789410939422203e+18
1778943403179667036,11.288,21.2,789.25,69.57212186941942,12.775,47.997119326727486,12.293581828041292,1.778948868957819e+18,1.7789411054678915e+18
1778943403580390717,11.44,17.8675,770.175,69.58027782218188,12.495,48.01847219862897,12.293704167332729,1.7789488397809318e+18,1.778941116870557e+18
1778943403981219131,11.42,18.2675,711.975,69.58052130321278,12.495,48.01722844660644,12.293707819548192,1.778948811058549e+18,1.7789411281024138e+18
1778943404381412899,11.18,22.8825,534.375,69.58576428627299,12.635,48.03741465707165,12.293786464294095,1.7789487839421335e+18,1.7789411387010511e+18
1778943404781822632,11.704,11.165,1630.775,69.5743633381037,12.635,48.0452988094494,12.293615450071556,1.778948757586923e+18,1.7789411489993556e+18
1778943405182093529,11.344,19.5975,61.525,69.61985175225898,12.775,48.072669755153534,12.294297776283885,1.7789487332918298e+18,1.7789411584967132e+18
1778943405582486476,11.38,18.2975,187.75,69.64310431373444,12.775,48.094080917094324,12.294646564706017,1.7789487105072312e+18,1.7789411674044073e+18
1778943405982984838,11.288,20.7175,572.95,69.66228898189573,12.844999999999999,48.107578797101574,12.294934334728437,1.778948688998465e+18,1.7789411758146296e+18
1778943406383458148,11.048,25.7975,110.1,69.67218214783327,13.0725,48.11506708379104,12.2950827322175,1.7789486684573166e+18,1.7789411838473193e+18
1778943406784148719,11.092,24.08,335.975,69.68755971499874,13.0725,48.138275126079414,12.295313395724982,1.7789486488974344e+18,1.7789411914986944e+18
1778943407184337916,12.084,1.765,1025.3,69.63086007232415,13.2475,48.10701428913094,12.294462901084863,1.7789486287859354e+18,1.77894119935831e+18
1778943407584760785,12.152,1.5825,1490.55,69.60547036635259,13.2475,48.09159931019015,12.29408205549529,1.7789486085984845e+18,1.778941207247148e+18
1778943407985139388,12.164,1.4475,1271.975,69.57773314611464,13.2125,48.07482495169455,12.29366599719172,1.7789485883713984e+18,1.7789412151497096e+18
1778943408385566217,12.184,1.5475,604.95,69.56080304645774,13.2125,48.068317718001815,12.293412045696867,1.778948568468558e+18,1.7789412229232358e+18
1778943408785979642,12.192,1.5175,207.75,69.55079327657057,12.967500000000001,48.0553228097663,12.29326189914856,1.7789485490968494e+18,1.7789412304866685e+18
1778943409186252661,12.2,1.4975,634.0,69.54274019569749,12.967500000000001,48.04679178022411,12.293141102935463,1.7789485298963594e+18,1.7789412379863716e+18
1778943409586502094,12.196,1.68,296.4,69.54073761891269,12.67,48.03567943457623,12.293111064283691,1.7789485112860147e+18,1.778941245254929e+18
1778943409987032484,12.204,1.6325,904.525,69.53915444981855,12.67,48.026374931211166,12.293087316747279,1.7789484931276255e+18,1.7789412523482348e+18
1778943410387234128,12.216,1.65,1121.975,69.54468715801592,12.2325,48.0238885135379,12.29317030737024,1.7789484755606362e+18,1.778941259212338e+18
1778943410787500444,12.224,1.75,147.175,69.55173549052745,12.2325,48.02489892366049,12.293276032357912,1.7789484585753784e+18,1.7789412658514294e+18
1778943411188007748,12.224,1.8825,449.125,69.56118743508864,11.725,48.03334339847278,12.29341781152633,1.7789484421692995e+18,1.7789412722671603e+18
1778943411588287717,12.248,1.4975,1370.6,69.57268664713592,11.725,48.03276268124047,12.29359029970704,1.7789484264641984e+18,1.7789412784105385e+18
1778943411988510300,12.224,1.5475,905.925,69.57478970346591,11.112499999999999,48.03217584004585,12.29362184555199,1.7789484113505795e+18,1.778941284321939e+18
1778943412389080267,12.228,1.7,1126.25,69.58136170102551,11.112499999999999,48.02819017206936,12.293720425515383,1.7789483967238254e+18,1.778941290045334e+18
1778943412789408834,12.24,1.815,160.225,69.62682982727837,10.5,48.05270656084032,12.294402447409176,1.7789483836410194e+18,1.7789412951659528e+18
1778943413189663375,12.244,1.615,488.95,69.65601115548839,10.5,48.06845784289858,12.294840167332326,1.7789483715137057e+18,1.7789412999158561e+18
1778943413590287116,12.228,1.715,1492.15,69.67726956238442,9.87,48.07999830656625,12.295159043435767,1.7789483601775142e+18,1.778941304358273e+18
1778943413990875360,12.248,1.65,1276.875,69.70274061956512,9.87,48.093793051725434,12.295541109293477,1.7789483497642156e+18,1.7789413084407841e+18
1778943414391246200,12.248,1.65,619.9,69.71912882829119,9.87,48.10265791315181,12.295786932424368,1.7789483400929935e+18,1.7789413122329812e+18
1778943414791576058,12.248,1.5975,253.375,69.73092792631242,9.292499999999999,48.10906358300797,12.295963918894687,1.7789483308510216e+18,1.7789413158601027e+18
1778943415192376175,12.256,1.5975,773.225,69.74549888736941,9.292499999999999,48.116968554066425,12.296182483310542,1.7789483222202706e+18,1.7789413192488586e+18
1778943415592911125,12.256,1.68,721.275,69.75762501227052,9.292499999999999,48.12349558800748,12.296364375184059,1.778948314051408e+18,1.778941322458854e+18
1778943415993029640,12.068,6.015,562.75,69.7713535651658,8.6975,48.12669019046488,12.296570303477488,1.7789483063660685e+18,1.7789413254816492e+18
1778943416393365848,11.248,23.4825,78.975,69.75701112557604,8.6975,48.09101372542612,12.296355166883641,1.7789482984420273e+18,1.778941328600696e+18
1778943416794186873,10.96,29.335,241.0,69.73896579171881,8.6975,48.04920907978004,12.296084486875783,1.7789482901748987e+18,1.7789413318572728e+18
1778943417194481938,11.004,27.6325,735.45,69.72537240488737,8.33,48.02763522387018,12.295880586073311,1.778948281385232e+18,1.7789413353264778e+18
1778943417595017700,10.972,27.83,606.0,69.70833498704235,8.33,48.013351798177325,12.295625024805636,1.7789482717010883e+18,1.7789413391590372e+18
1778943417995567289,11.0,27.365,210.95,69.68815711094823,9.135,47.99540317102289,12.295322356664224,1.7789482614787162e+18,1.7789413432086625e+18
1778943418395771684,10.892,29.285,643.75,69.67106357920521,9.135,47.98520367835462,12.295065953688079,1.7789482506695168e+18,1.778941347496638e+18
1778943419196694204,11.816,7.35,995.325,69.60380981003378,9.8525,47.95956945593234,12.294057147150507,1.778948238429683e+18,1.7789413523508867e+18
1778943419597175606,12.004,4.08,1399.075,69.54483117103716,10.5175,47.93090090554731,12.293172467565558,1.7789482250562163e+18,1.7789413576520033e+18
1778943419997506091,11.544,14.33,992.825,69.50684467991238,10.5175,47.922016766812526,12.292602670198686,1.7789482105811784e+18,1.7789413633955346e+18
1778943420397817100,10.98,27.0825,969.55,69.47754860009314,10.762500000000001,47.911798422944486,12.292163229001398,1.7789481953113467e+18,1.7789413694598766e+18
1778943420798125051,11.044,25.3675,1320.425,69.44854978923061,11.375,47.90729921418439,12.29172824683846,1.7789481789506583e+18,1.7789413759667497e+18
1778943421198693293,11.06,25.135,752.8,69.41716115043917,11.375,47.8995239149831,12.291257417256588,1.778948161961373e+18,1.778941382726603e+18
1778943422000306741,11.132,22.8975,1136.925,69.37949049532999,12.512500000000001,47.89821297134122,12.29069235742995,1.778948144540201e+18,1.7789413896587668e+18
1778943422400826178,11.2,22.0175,192.8,69.3395158680471,12.512500000000001,47.88690543091309,12.290092738020707,1.7789481265059817e+18,1.7789413968351145e+18
1778943422801460156,11.328,17.9175,588.375,69.27914816910454,13.0375,47.87813072067785,12.289187222536569,1.7789481076234414e+18,1.7789414043452442e+18
1778943423202021776,12.048,3.015,157.175,69.21793103545156,13.335,47.84590285982932,12.288268965531774,1.7789480877539976e+18,1.7789414122460997e+18
1778943423602337500,12.048,3.515,479.65,69.14975669774186,13.335,47.81695337132445,12.287246350466129,1.7789480667791572e+18,1.7789414205845286e+18
1778943424002542102,11.34,19.1475,1463.775,69.15645669604984,13.335,47.8768800224103,12.287346850440748,1.778948046012421e+18,1.7789414288498307e+18
1778943424402948891,12.048,3.65,1190.275,69.14026327957555,13.335,47.904706697964244,12.287103949193634,1.7789480251877087e+18,1.7789414371427044e+18
1778943424803513581,12.008,4.5,355.625,69.13216369690143,13.457500000000001,47.946694737855104,12.286982455453522,1.7789480042762775e+18,1.7789414454779784e+18
1778943425204012848,11.752,10.4475,1085.275,69.12508258859276,13.457500000000001,47.955101200515195,12.286876238828892,1.778947983488038e+18,1.77894145376981e+18
1778943425604628143,12.028,4.15,35.175,69.10489823512545,13.405000000000001,47.95835618857144,12.286573473526882,1.778947962472764e+18,1.7789414621573947e+18
1778943426005089205,11.94,6.45,107.325,69.10034489300467,13.5275,47.98033068704708,12.28650517339507,1.7789479415273902e+18,1.7789414705243976e+18
1778943426405422102,11.796,9.63,327.525,69.09470187122741,13.5275,47.99427601798661,12.286420528068412,1.7789479206933445e+18,1.7789414788533327e+18
1778943426806294709,11.828,8.4475,999.525,69.08029315049637,13.5625,48.00037859123316,12.286204397257446,1.778947899728799e+18,1.7789414872405655e+18
1778943427207054146,11.78,9.6,1411.9,69.07352339873749,13.5625,47.99787989962065,12.286102850981063,1.7789478790321326e+18,1.7789414955248328e+18
1778943427607605784,11.768,9.75,1031.975,69.06396067041723,13.685,48.01258796385319,12.28595941005626,1.778947858335702e+18,1.7789415038152927e+18
1778943428008148882,11.74,10.4325,1510.925,69.04906700002307,13.79,47.9984900855164,12.285736005000347,1.7789478376792832e+18,1.7789415120938788e+18
1778943428408689924,11.796,9.63,1334.175,69.03875574467094,13.79,47.97156386503044,12.285581336170065,1.778947817265304e+18,1.7789415202785452e+18
1778943428809112484,11.788,9.7,794.775,69.0230198149566,13.9125,47.943181594240606,12.28534529722435,1.7789477968900946e+18,1.7789415284513293e+18
1778943455242109987,11.728,10.635,787.05,69.01638878669097,13.9125,47.96069031975803,12.285245831800365,1.7789477823577126e+18,1.7789415343539103e+18
1778943455642672323,11.748,10.3975,763.475,68.99535466266265,13.9825,47.93021235039823,12.28493031993994,1.7789477676307338e+18,1.77894154033676e+18
1778943456043146395,11.76,10.3675,691.525,69.0336928728567,14.157499999999999,47.95240082872641,12.285505393092851,1.778947753947831e+18,1.778941545911236e+18
1778943456443412766,11.736,9.735,471.95,69.0093898043142,14.157499999999999,47.94012496178272,12.285140847064714,1.7789477399980805e+18,1.7789415515942444e+18
1778943456843871414,11.752,10.215,1440.275,68.99702750756276,14.262500000000001,47.93410689092517,12.284955412613442,1.7789477260352364e+18,1.778941557285671e+18
1778943457244200676,11.76,9.8675,1118.55,69.00647297893552,14.385000000000002,47.932015195426104,12.285097094684033,1.778947712461404e+18,1.7789415628275095e+18
1778943457845016443,11.78,9.9475,136.725,69.02805803765477,14.385000000000002,47.94766330324261,12.285420870564822,1.7789476993665935e+18,1.7789415681880197e+18
1778943458245337529,12.152,1.765,417.25,69.02640544553722,14.455,47.94651290524803,12.285396081683059,1.7789476864922877e+18,1.7789415734638134e+18
1778943458645486611,12.192,1.665,1273.325,69.03102635205212,14.455,47.949106166308106,12.285465395280783,1.778947673947782e+18,1.77894157861183e+18
1778943459045816910,12.196,1.765,609.075,69.033831599836,14.2975,47.950702011661164,12.28550747399754,1.7789476612148244e+18,1.7789415838459686e+18
1778943459446397826,12.204,1.68,220.325,69.04249309235773,14.069999999999999,47.95577314198118,12.285637396385367,1.778947648622445e+18,1.7789415890322545e+18
1778943459846959178,12.088,4.3325,672.375,69.04877850741775,14.069999999999999,47.95896864338497,12.285731677611267,1.7789476364467482e+18,1.7789415940548513e+18
1778943460247274309,12.14,2.815,413.525,69.04249132996767,13.755,47.955508547666646,12.285637369949516,1.7789476244349002e+18,1.7789415990137096e+18
1778943460648036688,11.816,10.7475,1261.975,69.0488660507135,13.755,47.9520453021058,12.285732990760703,1.7789476130138785e+18,1.7789416037366067e+18
1778943461048174690,10.996,26.6475,574.425,69.04289793206402,13.545,47.953730623612614,12.285643468980961,1.7789476019484214e+18,1.778941608316301e+18
1778943461448447911,11.088,24.7,114.6,69.03007232612862,13.545,47.951401396234495,12.28545108489193,1.7789475909329085e+18,1.7789416128766492e+18
1778943461848800352,10.84,30.3825,349.725,69.01674875351651,13.755,47.938285452381066,12.285251231302748,1.778947580024007e+18,1.778941617393896e+18
1778943462249004131,10.852,29.75,1067.275,68.99856282750872,14.087500000000002,47.931029278273805,12.284978442412632,1.7789475691425329e+18,1.7789416218993836e+18
1778943462649468301,10.748,31.515,1618.65,68.98493631761127,14.087500000000002,47.93667066756114,12.28477404476417,1.7789475587243267e+18,1.7789416262144415e+18
1778943463050033401,10.76,31.5,24.525,68.96978253183295,14.4025,47.93557976171999,12.284546737977495,1.7789475483325578e+18,1.7789416305191675e+18
1778943463450395501,10.916,27.865,74.825,68.96065346382687,14.7525,47.955726608841786,12.284409801957404,1.7789475378986678e+18,1.7789416348441723e+18
1778943463851017973,11.096,24.25,228.325,68.95962162729397,14.7525,47.9679393472772,12.28439432440941,1.7789475276983816e+18,1.778941639077479e+18
1778943464251436732,12.024,3.6,696.775,68.92174404777403,15.049999999999999,47.94870791124457,12.283826160716611,1.7789475171108032e+18,1.778941643464453e+18
1778943464651644137,10.692,32.4325,487.975,68.93592991561242,15.084999999999999,47.96489582444405,12.284038948734187,1.7789475063857416e+18,1.7789416479202376e+18
1778943465052001755,10.276,42.765,1489.175,68.91624282893913,15.084999999999999,47.93063731741173,12.283743642434088,1.7789474953283837e+18,1.778941652514268e+18
1778943465452181235,10.212,42.8825,1267.8,68.92111845998919,15.435,47.94533743366711,12.283816776899839,1.7789474842881367e+18,1.7789416571092608e+18
1778943465852623023,10.408,39.2325,592.2,68.9192143163713,15.959999999999999,47.9421777692739,12.28378821474557,1.778947473574148e+18,1.77894166157344e+18
1778943466252867825,10.416,39.15,168.85,68.9232166930428,16.485,47.93812974069421,12.283848250395643,1.778947463115373e+18,1.7789416659384604e+18
1778943466653151429,10.436,37.4675,515.275,68.9408254390438,16.485,47.969643470624405,12.284112381585658,1.7789474532180378e+18,1.7789416700809144e+18
1778943467053522897,10.14,44.95,1572.475,68.94007905557274,16.9225,47.956207029437955,12.284101185833592,1.778947443514168e+18,1.7789416741478257e+18
1778943467454057035,12.048,2.0475,1522.0,68.87815840988274,17.377499999999998,47.92055986533391,12.283172376148242,1.7789474332225503e+18,1.7789416784442552e+18
1778943467854604722,12.08,1.85,1367.975,68.82523192575086,17.395,47.893235794612075,12.282378478886264,1.7789474222901765e+18,1.7789416829961935e+18
1778943468255269350,12.104,1.9975,897.925,68.78880067216744,17.395,47.87006423665289,12.281832010082512,1.7789474109968443e+18,1.7789416876927997e+18
1778943468855884958,12.128,1.78,1101.825,68.756378154548,17.325,47.859344438115805,12.28134567231822,1.7789473995266324e+18,1.7789416924598433e+18
1778943469256300097,12.144,1.5825,85.7,68.72983085842341,17.0975,47.839520780911414,12.280947462876352,1.778947387943472e+18,1.778941697271574e+18
1778943469656640550,12.152,1.3975,261.525,68.70141181975227,16.905,47.82151596335843,12.280521177296285,1.7789473761392748e+18,1.7789417021728625e+18
1778943470057039167,12.164,1.335,798.1,68.68507347683735,16.905,47.80278028346941,12.28027610215256,1.7789473641629548e+18,1.7789417071476442e+18
1778943470457402985,12.16,1.4975,797.2,68.68567935015722,16.765,47.801825261874676,12.280285190252359,1.77894735235541e+18,1.7789417120587592e+18
1778943470857839791,12.176,1.73,794.45,68.69078139753451,16.59,47.80336915215748,12.280361720963018,1.7789473408076027e+18,1.7789417168693998e+18
1778943471458433566,12.18,1.7,786.05,68.69491558723595,16.59,47.80537329137546,12.28042373380854,1.778947329707821e+18,1.7789417215012736e+18
1778943471859292237,12.184,1.5825,760.425,68.6926982958097,16.3275,47.80368551806823,12.280390474437146,1.778947318742764e+18,1.778941726082255e+18
1778943472259621102,12.192,1.5175,682.225,68.70126826307354,16.0475,47.80721198614697,12.280519023946104,1.778947308082875e+18,1.778941730544218e+18
1778943472660065578,12.2,1.4825,443.575,68.71606957925798,16.0475,47.85640406886256,12.28074104368887,1.778947297758268e+18,1.778941734876392e+18
1778943473060667474,12.208,1.4475,1353.675,68.73412678166129,15.7325,47.902541230779065,12.28101190172492,1.7789472878479386e+18,1.7789417390463188e+18
1778943473461114468,12.208,1.35,854.275,68.74442523050226,15.487499999999999,47.93448565705606,12.281166378457534,1.778947278249809e+18,1.7789417430940332e+18
1778943473861489451,12.2,1.3975,968.625,68.74205133293887,15.487499999999999,47.94027935786431,12.281130769994084,1.778947268828122e+18,1.778941747072197e+18
1778943474662800732,12.204,1.665,1317.6,68.74817598212206,15.19,47.95281643343206,12.281222639731832,1.7789472601006182e+18,1.7789417507676232e+18
1778943475063113858,12.2,1.5325,744.175,68.75120258886425,14.822500000000002,47.96591265438758,12.281268038832964,1.7789472519264893e+18,1.77894175423576e+18
1778943475463626747,12.22,1.5825,632.625,68.74592760049836,14.822500000000002,47.9419759456461,12.281188914007476,1.7789472440946432e+18,1.7789417575626117e+18
1778943476064102771,12.224,1.6325,292.2,68.74880216328066,14.455,47.93251815858566,12.28123203244921,1.7789472367205284e+18,1.7789417607032425e+18
1778943476464613717,12.224,1.78,891.7,68.80951152755557,14.455,47.96832253967625,12.282142672913334,1.7789472304763625e+18,1.7789417633915684e+18
1778943476864863351,12.224,1.4825,1082.85,68.84469326579364,14.105,47.98897010780504,12.282670398986905,1.7789472249554708e+18,1.7789417657901307e+18
1778943477265039717,12.232,1.6325,27.775,68.87811533841955,13.685,48.00857133965574,12.283171730076294,1.7789472202006766e+18,1.7789417678797207e+18
1778943477666013147,12.232,1.5475,84.75,68.90626376213412,13.685,48.02511551991125,12.283593956432012,1.7789472159695933e+18,1.7789417697606764e+18
1778943478066252063,12.236,1.615,258.625,68.9333403461816,13.282499999999999,48.040984985479916,12.284000105192725,1.7789472122987976e+18,1.7789417714167956e+18
1778943478466674974,12.236,1.4975,789.25,68.95273773611244,13.282499999999999,48.052438413105634,12.284291066041687,1.77894720904835e+18,1.7789417729044247e+18
1778943478866913115,12.244,1.65,770.175,68.97239781301319,12.967500000000001,48.06393602050503,12.284585967195198,1.7789472061778212e+18,1.7789417742405248e+18
1778943479267464017,12.248,1.815,711.975,68.9919234651835,12.967500000000001,48.075206293291856,12.284878851977753,1.778947203676318e+18,1.7789417754294426e+18
1778943479668140093,12.244,1.68,534.375,69.00981863940963,12.67,48.08566883777092,12.285147279591145,1.7789472015506317e+18,1.7789417764675174e+18
1778943480268887719,12.248,1.415,1630.775,69.01420141402943,12.67,48.08842995277594,12.285213021210442,1.7789471997141722e+18,1.7789417773881021e+18
1778943480669311830,12.256,1.5975,61.525,69.028294496359,12.4425,48.09671484626435,12.285424417445386,1.7789471981853775e+18,1.7789417781851146e+18
1778943481069675375,12.252,1.5675,187.75,69.04099085544556,12.4425,48.10415055744452,12.285614862831684,1.7789471969672438e+18,1.7789417788566405e+18
1778943481470370411,12.256,1.5975,572.95,69.05541352177505,12.25,48.11260358656071,12.285831202826627,1.7789471960509458e+18,1.7789417794068457e+18
1778943481870609194,12.256,1.4825,110.1,69.06677620485264,12.25,48.119328747493235,12.28600164307279,1.778947195338085e+18,1.7789417798763456e+18
1778943482271098943,12.256,1.85,335.975,69.08027279429017,12.0575,48.12699804875834,12.286204091914353,1.778947194966293e+18,1.7789417802072394e+18
1778943482671430723,12.264,1.5175,1025.3,69.08985091876494,12.0575,48.13268903122295,12.286347763781475,1.7789471947931702e+18,1.7789417804585956e+18
1778943483071815139,12.256,1.615,1490.55,69.10005020303707,11.83,48.13861118433091,12.286500753045557,1.7789471948271795e+18,1.7789417806269164e+18
1778943483472424894,12.256,1.615,1271.975,69.10321539642814,11.83,48.140483099612815,12.286548230946423,1.7789471949978417e+18,1.7789417807397366e+18
1778943483872910056,12.276,1.85,604.95,69.11133931943243,11.62,48.14491296456752,12.286670089791487,1.778947195354019e+18,1.7789417807778463e+18
1778943484273345646,12.292,1.4625,207.75,69.12383852359478,11.62,48.15248347918802,12.286857577853922,1.7789471957045965e+18,1.7789417808239946e+18
1778943484674072856,12.276,1.4625,634.0,69.1226223883879,11.445,48.15203679662255,12.28683933582582,1.7789471958243372e+18,1.7789417809695258e+18
1778943485074951953,12.268,1.5475,296.4,69.12747750182476,11.445,48.154848341893896,12.286912162527372,1.778947195969288e+18,1.7789417811074386e+18
1778943485475794432,12.276,1.615,904.525,69.13076226769917,11.3575,48.156887858754054,12.286961434015488,1.7789471961548296e+18,1.7789417812306286e+18
1778943485876136078,12.28,1.615,1121.975,69.13785909794181,11.3575,48.16114174583806,12.287067886469128,1.7789471965227779e+18,1.7789417812798633e+18
1778943486276567356,12.276,1.715,147.175,69.14597118212747,11.3575,48.165563024089714,12.287189567731913,1.778947196991119e+18,1.7789417812903788e+18
1778943486677122805,12.284,1.4975,449.125,69.14548893401604,11.305,48.165541210662596,12.287182334010241,1.778947197484478e+18,1.7789417812914135e+18
1778943487077612544,12.288,1.5675,1370.6,69.14533596078965,11.305,48.16558987832643,12.287180039411846,1.778947198028471e+18,1.7789417812721324e+18
1778943487478114443,11.944,9.4475,905.925,69.14990272983341,11.3225,48.15192031070214,12.287248540947502,1.778947198917216e+18,1.7789417811085043e+18
1778943487878803955,12.148,4.48,1126.25,69.15314082529392,11.3225,48.14959510294787,12.28729711237941,1.7789472000777797e+18,1.778941780831097e+18
1778943488279075959,10.968,29.4325,160.225,69.10545609356424,11.375,48.072069036693996,12.286581841403464,1.7789472008739287e+18,1.778941780694685e+18
1778943488679262069,11.096,25.915,488.95,69.06292568664365,11.375,48.023216301410876,12.285943885299655,1.7789472014272164e+18,1.7789417806492347e+18
1778943489080210564,10.848,30.5175,1492.15,69.02117264829175,11.8825,47.98498566374241,12.285317589724377,1.7789472017001016e+18,1.7789417807112092e+18
1778943489480563854,10.924,29.1325,1276.875,68.97923324894981,12.67,47.942776432126585,12.284688498734248,1.7789472016690156e+18,1.7789417808907958e+18
1778943489880929373,10.952,27.9975,619.9,68.94062260244769,12.67,47.91576338695658,12.284109339036716,1.7789472013839726e+18,1.7789417811678866e+18
1778943490281372606,10.816,31.3325,253.375,68.89191216488378,13.335,47.8707805534561,12.283378682473257,1.7789472006778688e+18,1.778941781610814e+18
1778943490682275352,10.804,30.8825,773.225,68.84404270410427,13.335,47.84352180438474,12.282660640561565,1.7789471996065715e+18,1.7789417821961969e+18
1778943491082797229,10.68,33.465,721.275,68.80245999712093,13.895000000000001,47.82038823979117,12.282036899956815,1.778947198300495e+18,1.7789417828704983e+18
1778943491483255689,10.696,32.2975,562.75,68.76711450792234,14.507499999999999,47.82048170303954,12.281506717618836,1.7789471967810993e+18,1.7789417836267615e+18
1778943491883385805,10.748,31.55,78.975,68.72567674622145,15.120000000000001,47.80861092638499,12.280885151193322,1.778947195065147e+18,1.7789417844559416e+18
1778943492284214749,10.748,30.8325,241.0,68.68581999777426,15.120000000000001,47.81262751398398,12.280287299966615,1.7789471931051167e+18,1.7789417853791058e+18
1778943492684358145,10.732,31.2325,735.45,68.6440096754342,15.557500000000001,47.813733274920146,12.279660145131514,1.7789471908171955e+18,1.7789417864317494e+18
1778943493084651490,10.816,28.8,606.0,68.61034703964435,15.802499999999998,47.83172177736691,12.279155205594666,1.778947188331052e+18,1.77894178756114e+18
1778943493485024248,12.096,1.815,210.95,68.52278967606587,15.802499999999998,47.783790383310006,12.277841845140989,1.7789471850755471e+18,1.7789417889949112e+18
1778943493885347819,12.108,1.5825,643.75,68.47358754082371,15.977500000000001,47.782610552612226,12.277103813112356,1.7789471815133624e+18,1.7789417905475133e+18
1778943494285581053,12.132,1.5325,326.15,68.44403693780019,15.61,47.80183993856354,12.276660554067004,1.7789471778512694e+18,1.778941792136806e+18
1778943494685858100,12.148,1.3825,995.325,68.41744849712697,15.61,47.808115856070025,12.276261727456905,1.778947174128231e+18,1.7789417937471163e+18
1778943495086223676,12.164,1.5675,1399.075,68.413428606462,15.33,47.84350833609113,12.27620142909693,1.7789471706647424e+18,1.7789417952480658e+18
1778943495486428601,12.172,1.68,992.825,68.40992179314738,15.2075,47.863696472798964,12.276148826897211,1.7789471675801777e+18,1.7789417965883172e+18
1778943495886787388,12.168,1.6325,1391.45,68.39777587580609,15.2075,47.86162387760844,12.275966638137092,1.7789471646172897e+18,1.778941797875583e+18
1778943496287085592,12.18,1.815,969.55,68.39585490051412,14.962500000000002,47.867490225263786,12.275937823507713,1.7789471619510474e+18,1.7789417990377953e+18
1778943496687433787,12.176,1.8,1320.425,68.40565068022057,14.962500000000002,47.858906969803094,12.27608476020331,1.7789471597111447e+18,1.7789418000227267e+18
1778943497087943580,12.188,1.8975,752.8,68.42841565503058,14.77,47.87190334770683,12.27642623482546,1.778947158008721e+18,1.7789418007864376e+18
1778943497488221721,12.196,1.615,658.95,68.43530620557033,14.594999999999999,47.87584639350157,12.276529593083556,1.7789471566760476e+18,1.7789418013957637e+18
1778943497888817036,12.064,4.3175,372.55,68.4370084901176,14.594999999999999,47.87704831955978,12.276555127351765,1.7789471556852047e+18,1.778941801860858e+18
1778943498289015703,11.84,10.05,1136.925,68.44568286180552,14.349999999999998,47.87578644704849,12.276685242927083,1.7789471551765146e+18,1.778941802123238e+18
1778943498689203790,11.492,16.0175,192.8,68.44254911564198,14.280000000000001,47.87825596611149,12.27663823673463,1.7789471549841055e+18,1.778941802250426e+18
1778943499089434539,11.52,14.865,588.375,68.42389187170943,14.280000000000001,47.87729535389373,12.276358378075642,1.7789471550659338e+18,1.7789418022553874e+18
1778943499489737961,11.584,13.7825,157.175,68.41294941767877,14.525000000000002,47.8794508492496,12.276194241265182,1.7789471555583173e+18,1.7789418020816358e+18
1778943499890073873,12.1,2.7975,479.65,68.38165776845051,14.525000000000002,47.862880464181686,12.275724866526758,1.7789471561692224e+18,1.77894180184859e+18
1778943500290351833,11.268,20.965,1463.775,68.37289881933238,14.612499999999999,47.86284161309151,12.275593482289986,1.7789471570753684e+18,1.7789418014871017e+18
1778943500690522814,11.128,23.8325,1190.275,68.37046247975643,14.735,47.86969760364602,12.275556937196347,1.778947158340778e+18,1.7789418009713782e+18
1778943501090842275,10.688,33.7825,355.625,68.36737159105684,14.735,47.84192689836425,12.275510573865853,1.778947159983987e+18,1.7789418002929876e+18
1778943501691332325,10.904,29.3825,1085.275,68.36656544561393,14.98,47.819631413274806,12.27549848168421,1.7789471620037878e+18,1.7789417994542515e+18
1778943502091775730,10.868,29.365,35.175,68.36674340020188,15.4175,47.82190674798796,12.275501151003029,1.778947164378672e+18,1.7789417984633748e+18
1778943502492197474,10.884,28.715,107.325,68.36780660019086,15.4175,47.83664943827511,12.275517099002863,1.7789471671059958e+18,1.7789417973216123e+18
1778943502892554703,10.868,29.165,327.525,68.36920795824753,15.7325,47.84058313367228,12.275538119373714,1.778947170928552e+18,1.778941795706168e+18
1778943503293168461,10.832,29.8975,999.525,68.3708769282817,16.0825,47.848782793737286,12.275563153924226,1.7789471755257408e+18,1.7789417937560305e+18
1778943503693863430,10.824,29.8825,1411.9,68.37251703047833,16.345,47.85532288373223,12.275587755457176,1.7789471804516626e+18,1.7789417916645394e+18
1778943504094214690,10.916,28.3,1031.975,68.3715073117569,16.345,47.850219854772725,12.275572609676354,1.7789471853700344e+18,1.7789417895767585e+18
1778943504494876590,10.86,29.165,1510.925,68.37253056621952,16.625,47.85529668262643,12.275587958493293,1.778947190385481e+18,1.7789417874478897e+18
1778943504895053534,10.916,27.7175,1334.175,68.37008598413799,16.939999999999998,47.84703137643961,12.27555128976207,1.7789471953628147e+18,1.7789417853355226e+18
1778943505295675058,10.916,26.85,794.775,68.37276577572425,17.185000000000002,47.870562240446915,12.275591486635864,1.7789472003293622e+18,1.7789417832294792e+18
1778943505696370879,10.908,27.865,787.05,68.3763799015011,17.412499999999998,47.89106183158469,12.275645698522517,1.7789472052440422e+18,1.7789417811479544e+18
1778943506096642282,12.04,2.2,763.475,68.31568670736223,17.412499999999998,47.83812950601721,12.274735300610434,1.7789472094311616e+18,1.778941779363858e+18
1778943506497231757,12.108,1.3825,691.525,68.26746709902862,17.675,47.79337521986631,12.27401200648543,1.7789472131273057e+18,1.7789417777785738e+18
1778943506897900061,12.128,1.5325,471.95,68.23164201500987,17.587500000000002,47.74636294582006,12.273474630225149,1.7789472165180513e+18,1.7789417763156966e+18
1778943507298774257,12.148,1.5825,1440.275,68.26448344493694,17.4475,47.76291991093315,12.273967251674055,1.7789472202386115e+18,1.7789417747212636e+18
1778943507699271228,12.148,1.73,1118.55,68.27994552169226,17.4475,47.770040615689496,12.274199182825384,1.7789472241762972e+18,1.778941773038463e+18
1778943508300303005,12.164,1.615,136.725,68.28607828237448,17.3425,47.772175592242434,12.274291174235618,1.7789472281918528e+18,1.778941771326089e+18
1778943508700908325,12.168,1.8825,417.25,68.296180012879,17.255,47.776861008557574,12.274442700193186,1.7789472322426304e+18,1.778941769602775e+18
1778943509101266151,12.168,1.4825,1273.325,68.28397872424972,17.255,47.769559801881115,12.274259680863747,1.7789472361280796e+18,1.778941767948643e+18
1778943509501853161,12.168,1.5325,609.075,68.2819749430508,17.1325,47.76754893668406,12.274229624145763,1.7789472398304161e+18,1.7789417663749402e+18
1778943509902459972,12.184,1.5675,220.325,68.28368790027078,16.974999999999998,47.76793939464694,12.274255318504062,1.7789472434269952e+18,1.7789417648491858e+18
1778943510302934944,12.184,1.665,672.375,68.28976614712168,16.8875,47.770576534541604,12.274346492206826,1.7789472470013624e+18,1.7789417633363494e+18
1778943510703231496,12.196,1.73,413.525,68.29306036143137,16.8875,47.77231912391253,12.274395905421471,1.7789472503757366e+18,1.7789417619132577e+18
1778943511103952947,12.192,1.5675,1261.975,68.28490818709965,16.695,47.76818986628,12.274273622806495,1.778947253588686e+18,1.778941760559306e+18
1778943511504813580,12.2,1.8975,574.425,68.2846297682709,16.397499999999997,47.76975724419266,12.274269446524064,1.7789472566444396e+18,1.7789417592753475e+18
1778943511905425426,12.208,1.78,114.6,68.29634432445977,16.397499999999997,47.77626088481844,12.274445164866897,1.7789472597846523e+18,1.778941757959641e+18
1778943512306304828,12.212,1.665,349.725,68.30077926835183,16.24,47.7788360530219,12.274511689025278,1.778947262492374e+18,1.7789417568361326e+18
1778943512907604350,12.22,1.4975,1067.275,68.29363421574715,16.064999999999998,47.777720399310475,12.274404513236208,1.778947264754368e+18,1.778941755908209e+18
1778943513307950147,12.22,1.3975,1618.65,68.29967280429534,16.064999999999998,47.780441314100926,12.27449509206443,1.7789472670055596e+18,1.778941754988555e+18
1778943514309183518,12.224,1.4325,24.525,68.30782279167755,15.819999999999999,47.797527003414615,12.274617341875164,1.7789472692770724e+18,1.7789417540680466e+18
1778943514709784422,12.224,1.4325,74.825,68.31484837991435,15.6275,47.8065665311125,12.274722725698716,1.778947271400437e+18,1.778941753216349e+18
1778943515110596206,12.236,1.4325,228.325,68.32785061364659,15.6275,47.81289419197385,12.2749177592047,1.7789472735100626e+18,1.778941752376533e+18
1778943515511100511,12.24,1.665,696.775,68.37363680334134,15.4525,47.83750330048341,12.27560455205012,1.7789472759785636e+18,1.7789417513959913e+18
1778943515912088383,12.208,2.0475,487.975,68.39555968604414,15.4525,47.84827343317014,12.275933395290663,1.7789472786105587e+18,1.7789417503523213e+18
1778943516312656029,11.576,14.4,1489.175,68.39783038860972,15.19,47.851466578511975,12.275967455829147,1.7789472812026642e+18,1.7789417493281917e+18
1778943516713014703,10.764,33.1825,1267.8,68.3849749118362,15.19,47.80433005617573,12.275774623677544,1.7789472838317924e+18,1.7789417482847347e+18
1778943517113413560,10.528,37.4675,592.2,68.38211501381433,15.19,47.772762328570835,12.275731725207216,1.7789472866640366e+18,1.7789417471522852e+18
1778943517514314532,10.66,34.1175,168.85,68.38352609207976,15.364999999999998,47.76279899672684,12.275752891381197,1.778947289715624e+18,1.7789417459250537e+18
1778943517914954363,10.516,37.185,515.275,68.39234799499958,15.785,47.750328132718494,12.275885219924994,1.7789472924844419e+18,1.7789417448263237e+18
1778943518315464604,10.512,37.615,1572.475,68.39984725576016,16.064999999999998,47.73648148192926,12.275997708836403,1.778947295145764e+18,1.7789417437786138e+18
1778943518716271323,10.544,36.5175,1522.0,68.40380655111314,16.064999999999998,47.73270979728427,12.276057098266698,1.7789472977703304e+18,1.7789417427496276e+18
1778943519116665041,10.524,36.3325,1367.975,68.40943566223478,16.38,47.744916312186795,12.276141534933522,1.7789473003793892e+18,1.7789417417305695e+18
1778943519517190732,10.524,35.9675,897.925,68.41823813476557,16.695,47.767108325590776,12.276273572021484,1.7789473028192896e+18,1.7789417407901875e+18
1778943519917836561,12.096,1.4625,1101.825,68.36782723155983,16.8875,47.739869521884145,12.275517408473398,1.7789473046135252e+18,1.7789417401186289e+18
1778943520318646741,12.124,1.615,85.7,68.32463603050634,16.8875,47.716743044791045,12.274869540457596,1.7789473063071252e+18,1.778941739478368e+18
1778943520719196968,12.14,1.4475,261.525,68.28764873556253,16.625,47.696767639858365,12.274314731033439,1.7789473076328888e+18,1.7789417389894065e+18
1778943521119860835,12.152,1.765,798.1,68.25858078596414,16.17,47.68128658353362,12.273878711789463,1.778947308707407e+18,1.7789417386031583e+18
1778943521520340985,12.16,1.4325,797.2,68.22036024058889,16.17,47.66075080519493,12.273305403608834,1.778947309439121e+18,1.778941738357101e+18
1778943521920668048,12.168,1.415,794.45,68.18553004084455,15.680000000000001,47.6420902112114,12.272782950612669,1.7789473099211722e+18,1.7789417382114399e+18
1778943522321120990,12.168,1.5475,786.05,68.14986307066546,15.224999999999998,47.6229669293673,12.272247946059982,1.7789473101402386e+18,1.7789417381719337e+18
1778943522721747593,12.176,1.5675,760.425,68.11860276559219,15.224999999999998,47.6062061548175,12.271779041483883,1.7789473101017162e+18,1.778941738237839e+18
1778943523122086423,12.188,1.5475,682.225,68.09632352036992,14.717500000000001,47.59429946631743,12.27144485280555,1.778947309882873e+18,1.7789417383781732e+18
1778943523522779991,12.192,1.8975,443.575,68.07610797571964,14.717500000000001,47.58347356074581,12.271141619635795,1.778947309589343e+18,1.7789417385470275e+18
1778943523923395253,12.204,1.415,1353.675,68.05661593853982,14.3325,47.57301012446881,12.270849239078098,1.778947309228871e+18,1.7789417387412792e+18
1778943524324243273,12.204,1.4825,854.275,68.03177452518503,13.79,47.559662359304454,12.270476617877776,1.7789473088008689e+18,1.7789417389594552e+18
1778943524725062407,12.204,1.615,968.625,68.0115612155141,13.79,47.5487881159649,12.270173418232712,1.7789473083448492e+18,1.7789417391856694e+18
1778943525326426621,12.216,1.73,1317.6,67.98895816971356,13.299999999999999,47.5370508172272,12.269834372545704,1.7789473078984259e+18,1.778941739403732e+18
1778943525727283560,12.22,1.5325,744.175,67.9779504999654,13.299999999999999,47.531701510738486,12.269669257499482,1.7789473075224963e+18,1.7789417395893327e+18
1778943526128077364,12.152,2.365,632.625,67.94692807888103,13.0025,47.53201149039884,12.269203921183216,1.7789473070391035e+18,1.7789417398146194e+18
1778943526528955666,12.148,3.13,292.2,67.95264931123455,13.0025,47.54503887068054,12.269289739668519,1.7789473068638413e+18,1.778941739907706e+18
1778943526929810756,11.4,19.5825,891.7,67.95705669179237,12.635,47.54944841200786,12.269355850376886,1.7789473069957332e+18,1.7789417398684232e+18
1778943527330115095,11.244,22.3975,1082.85,67.9657477696532,12.635,47.571727277999706,12.269486216544799,1.7789473074916534e+18,1.778941739672794e+18
1778943527730774628,11.4,18.2975,27.775,67.96838388456534,12.6175,47.58359965234025,12.26952575826848,1.7789473082692892e+18,1.7789417393551534e+18
1778943528131136466,11.216,23.05,84.75,67.97511098617497,12.6175,47.59189266692097,12.269626664792625,1.7789473093995523e+18,1.7789417388852316e+18
1778943528932181325,12.18,1.7,770.175,67.97457156298819,12.8975,47.60339270134103,12.269618573444824,1.7789473108757888e+18,1.7789417382658447e+18
1778943529533079196,12.188,1.5675,711.975,67.9698137914248,12.565,47.59374027848509,12.269547206871373,1.7789473126246205e+18,1.778941737526796e+18
1778943529933350695,12.192,1.5675,534.375,68.00430773490531,12.565,47.608138997068096,12.27006461602358,1.77894731504161e+18,1.7789417365039946e+18
1778943530334162419,12.2,1.3825,1630.775,68.0332219791927,12.075000000000001,47.62384091333218,12.270498329687891,1.778947318088339e+18,1.7789417352123387e+18
1778943530734504306,12.212,1.5975,61.525,68.05857683989578,12.075000000000001,47.637618131098684,12.270878652598437,1.778947321695074e+18,1.778941733681347e+18
1778943531135390054,12.212,1.4475,187.75,68.07304340684068,11.707500000000001,47.64543191252091,12.27109565110261,1.7789473257358006e+18,1.7789417319631992e+18
1778943531536275421,12.212,1.615,572.95,68.0843056724409,11.707500000000001,47.65152690064553,12.271264585086614,1.7789473301338755e+18,1.778941730090755e+18
1778943531936614716,12.228,1.815,110.1,68.1038087165756,11.707500000000001,47.661921522507235,12.271557130748635,1.7789473351528374e+18,1.7789417279492575e+18
1778943532337100612,12.232,1.5175,335.975,68.11905749084164,11.4275,47.670206443993806,12.271785862362625,1.778947340595064e+18,1.7789417256250593e+18
1778943532737341164,12.236,1.4825,1025.3,68.13338583515711,11.4275,47.67803626782526,12.272000787527357,1.7789473464689257e+18,1.7789417231139453e+18
1778943533137985736,12.232,2.0175,1490.55,68.15863725198142,11.112499999999999,47.691290344072925,12.272379558779722,1.7789473530093056e+18,1.7789417203147244e+18
1778943533538133584,12.24,1.4825,1271.975,68.17343692679614,11.112499999999999,47.70747994398916,12.272601553901943,1.7789473600905162e+18,1.7789417172796626e+18
1778943534139347437,12.248,1.85,604.95,68.19809047008796,10.674999999999999,47.72553124800464,12.27297135705132,1.778947367791264e+18,1.7789417139780923e+18
1778943534539945953,12.244,1.6325,207.75,68.21677139241216,10.674999999999999,47.740466919799154,12.273251570886183,1.7789473758693507e+18,1.7789417105145413e+18
1778943534940271161,12.256,1.5175,634.0,68.24059711813682,10.2025,47.75301919312957,12.273608956772053,1.7789473845121272e+18,1.7789417068070003e+18
1778943535340755037,12.248,1.5325,296.4,68.27034624072606,10.2025,47.76343139396513,12.274055193610891,1.7789473937688e+18,1.778941702835338e+18
1778943535741095258,12.252,1.4825,904.525,68.29056588426432,10.2025,47.77601601370113,12.274358488263966,1.7789474035387715e+18,1.7789416986410524e+18
1778943536141503440,12.256,1.715,1121.975,68.3199181747897,9.7475,47.786097977703136,12.274798772621846,1.778947413326885e+18,1.7789416944482988e+18
1778943536542282320,12.268,1.5675,147.175,68.34834862970445,9.7475,47.80219820461144,12.275225229445567,1.7789474232818017e+18,1.778941690190365e+18
1778943536942332683,12.26,1.615,449.125,68.37429116494766,9.24,47.8182721462562,12.275614367474216,1.7789474334197448e+18,1.7789416858591237e+18
1778943537343082710,12.272,1.5975,1370.6,68.40535964625907,9.24,47.82282361446422,12.276080394693887,1.7789474438988887e+18,1.7789416813855918e+18
1778943537743524937,12.256,1.715,905.925,68.4754695694561,9.24,47.85949329877178,12.277132043541842,1.7789474550751662e+18,1.7789416766239396e+18
1778943538143979470,12.272,1.4975,1126.25,68.52381926030418,8.645000000000001,47.88518928805409,12.277857288904563,1.7789474668199153e+18,1.778941671624121e+18
1778943538544382742,12.268,1.5675,160.225,68.56962025009337,8.645000000000001,47.909558870625894,12.278544303751401,1.7789474790886525e+18,1.7789416664050806e+18
1778943538945141297,12.164,3.765,488.95,68.6030590477597,8.645000000000001,47.92493420025164,12.279045885716396,1.778947491852541e+18,1.7789416609753866e+18
1778943539345577476,11.312,22.335,1492.15,68.61476448784052,8.0675,47.89619730083535,12.279221467317608,1.7789475049202432e+18,1.778941655413083e+18
1778943539745986504,11.228,23.18,1276.875,68.62031671519715,8.0675,47.878551387694,12.279304750727958,1.7789475181989673e+18,1.7789416497575245e+18
1778943540146341556,11.208,22.23,619.9,68.62112925259048,8.0675,47.88128836976023,12.279316938788858,1.7789475316038671e+18,1.778941644045023e+18
1778943540546683684,11.204,23.4675,253.375,68.62162953551632,8.0675,47.864715771104464,12.279324443032746,1.7789475451064676e+18,1.7789416382882063e+18
1778943540947049562,11.12,24.165,773.225,68.61487132195279,8.0675,47.86207177527606,12.279223069829293,1.7789475585777208e+18,1.7789416325423255e+18
1778943541347668851,11.068,25.535,721.275,68.6026285241047,8.0675,47.851499969338626,12.279039427861571,1.7789475719612457e+18,1.7789416268307228e+18
1778943541747755710,10.972,27.0975,562.75,68.58790477965135,8.5225,47.847878317953345,12.27881857169477,1.7789475852511114e+18,1.7789416211551867e+18
1778943542148372918,10.956,27.885,78.975,68.56951241800462,8.5225,47.833385657648726,12.27854268627007,1.778947598429548e+18,1.7789416155224015e+18
1778943542549017762,10.864,29.7,241.0,68.56047793477127,9.082500000000001,47.82594855541788,12.27840716902157,1.7789476115836157e+18,1.7789416098966554e+18
1778943542949327341,10.864,30.13,735.45,68.54469701920081,9.082500000000001,47.80625395165342,12.278170455288013,1.7789476246486467e+18,1.778941604304551e+18
1778943543349671569,11.468,15.5475,606.0,68.51084360734816,10.045,47.80216446368772,12.277662654110223,1.7789476372734643e+18,1.7789415988971779e+18
1778943543750034268,10.872,29.615,210.95,68.49066650581075,10.045,47.78726772543123,12.277359997587162,1.778947649249687e+18,1.7789415937729766e+18
1778943544150652705,10.776,30.65,618.75,68.47942968517648,10.7975,47.7967672055116,12.277191445277648,1.778947660780185e+18,1.7789415888442555e+18
1778943544951129489,10.732,32.2975,995.325,68.4571803311854,11.515,47.78558521071843,12.276857704967782,1.77894767181345e+18,1.7789415841330568e+18
1778943545351986158,10.692,32.7475,1399.075,68.43702688155662,11.515,47.78367061623616,12.27655540322335,1.7789476822665782e+18,1.778941579674675e+18
1778943545752267232,10.72,32.95,992.825,68.41281127716618,12.215,47.76300964276467,12.276192169157493,1.7789476922122463e+18,1.7789415754351442e+18
1778943546152730958,10.644,33.7675,1391.45,68.38973787188507,12.215,47.75930027131944,12.275846068078277,1.7789477017163008e+18,1.7789415713854203e+18
1778943546553181435,10.892,27.85,969.55,68.36355201717785,12.862499999999999,47.76459991736369,12.275453280257668,1.7789477108369341e+18,1.778941567498348e+18
1778943546953762152,10.86,28.9975,1320.425,68.33462659992935,13.44,47.76518707902099,12.275019398998941,1.778947719549618e+18,1.7789415637840463e+18
1778943547354348722,10.648,33.8,752.8,68.33134106965579,13.44,47.796376737847055,12.274970116044837,1.778947728268804e+18,1.7789415600656425e+18
1778943547755117766,11.308,18.1,658.95,68.32077634137164,13.9825,47.845671693851855,12.274811645120575,1.7789477369905042e+18,1.7789415563422758e+18
1778943548155338631,10.88,27.5325,372.55,68.32402034732594,14.4375,47.89218786796316,12.27486030520989,1.778947745892968e+18,1.7789415525388175e+18
1778943548555718210,10.424,38.8475,1136.925,68.32258175768173,14.4375,47.897104814006546,12.274838726365227,1.778947755144528e+18,1.7789415485777935e+18
1778943548955940851,10.256,41.5175,192.8,68.33149830033487,14.8925,47.929695258471654,12.274972474505024,1.778947764754804e+18,1.778941544458504e+18
1778943549356587147,10.236,42.4675,588.375,68.3334659865656,15.522499999999999,47.939975818463594,12.275001989798485,1.77894777459224e+18,1.778941540237586e+18
1778943549757055187,10.064,46.3825,157.175,68.36734252489889,15.522499999999999,47.942492278651386,12.275510137873484,1.7789477850137928e+18,1.778941535766007e+18
1778943550157863236,10.408,38.95,479.65,68.39928783919993,16.064999999999998,47.95650722685847,12.275989317588,1.778947796027179e+18,1.7789415310394678e+18
1778943550558363704,12.064,1.415,1463.775,68.34254004995191,16.537499999999998,47.92025627019332,12.27513810074928,1.7789478065533898e+18,1.778941526511119e+18
1778943550958867576,12.096,1.665,1190.275,68.29693270183657,16.5725,47.89802254056978,12.27445399052755,1.7789478167649567e+18,1.778941522107441e+18
1778943551359298991,12.104,1.5175,355.625,68.25263357840797,16.5725,47.870831423370895,12.27378950367612,1.7789478269093565e+18,1.7789415177174636e+18
1778943551960087986,12.128,1.5975,1085.275,68.22155562203984,16.415000000000003,47.85192754257554,12.273323334330598,1.7789478371104015e+18,1.7789415132915953e+18
1778943552360655494,12.128,1.7,35.175,68.19635117209748,16.310000000000002,47.82683232934878,12.272945267581463,1.7789478473460915e+18,1.7789415088405678e+18
1778943552761124666,12.136,1.5325,107.325,68.16957373415309,16.310000000000002,47.8080319150758,12.272543606012297,1.7789478575709993e+18,1.7789415043842644e+18
1778943553161668770,12.156,1.5825,327.525,68.16576114126731,16.099999999999998,47.78757161535944,12.27248641711901,1.7789478680870502e+18,1.7789414997950461e+18
1778943553562201892,11.372,19.1325,999.525,68.20183165456461,15.89,47.801187394868506,12.27302747481847,1.778947879461867e+18,1.7789414948316564e+18
1778943553962470981,11.66,11.15,1411.9,68.20290941073657,15.89,47.810147032733425,12.273043641161049,1.7789478909398065e+18,1.7789414898217772e+18
1778943554763467007,10.668,33.815,1031.975,68.20417843150331,15.819999999999999,47.8020811651203,12.27306267647255,1.77894790287085e+18,1.77894148461013e+18
1778943555164043433,10.608,35.2,1510.925,68.22293520957703,16.099999999999998,47.80279232059329,12.273344028143656,1.7789479150406674e+18,1.7789414792973018e+18
1778943555764745902,10.756,31.0325,1334.175,68.24522105400155,16.502499999999998,47.824518100152225,12.273678315810024,1.778947927611263e+18,1.7789414738127652e+18
1778943556165212624,10.952,26.465,794.775,68.25063826439712,16.502499999999998,47.84196669293951,12.273759573965958,1.7789479401483103e+18,1.77894146834491e+18
1778943556565900810,10.264,42.5325,787.05,68.26380527494578,16.905,47.83469007570865,12.273957079124187,1.7789479528716127e+18,1.7789414627973998e+18
1778943556966090841,10.228,43.55,763.475,68.26348954503234,17.3075,47.81465298680501,12.273952343175486,1.7789479656663222e+18,1.7789414572169764e+18
1778943557366480765,10.432,37.3675,691.525,68.27767161951235,17.745,47.842939596600885,12.274165074292686,1.7789479786757059e+18,1.7789414515442675e+18
1778943557767035635,10.164,43.4675,471.95,68.29987747935778,18.0775,47.86503976432315,12.274498162190367,1.778947992082055e+18,1.7789414457000428e+18
1778943558167896395,10.104,44.8675,1440.275,68.31749422285003,18.48,47.881474468686434,12.274762413342751,1.7789480056324237e+18,1.7789414397968714e+18
1778943558568309523,10.116,45.135,1118.55,68.32986903044846,18.48,47.882715279644216,12.274948035456728,1.7789480191892687e+18,1.778941433894946e+18
1778943558968490657,10.196,43.9475,136.725,68.33493527164462,18.8125,47.87025367591399,12.27502402907467,1.778948032816933e+18,1.7789414279623695e+18
1778943559369241166,10.192,42.5825,417.25,68.35046130536848,19.145,47.895287679786875,12.275256919580528,1.778948046556662e+18,1.7789414219845235e+18
1778943559969954281,10.248,41.0675,1273.325,68.36915362527623,19.39,47.92681032123291,12.275537304379144,1.7789480605428134e+18,1.7789414159032102e+18
1778943560370501890,10.28,40.7175,609.075,68.3889378913182,19.635,47.9501378978906,12.275834068369774,1.7789480748675584e+18,1.778941409675742e+18
1778943560770971415,10.3,40.3325,220.325,68.40536352484412,19.8625,47.9714751112677,12.276080452872662,1.7789480893848397e+18,1.778941403366905e+18
1778943561171802641,12.008,1.765,672.375,68.32635031909027,20.125,47.93353520784854,12.274895254786355,1.7789481027944443e+18,1.7789413975281848e+18
1778943561572473049,12.052,1.68,413.525,68.28440077316844,20.002499999999998,47.908340177994255,12.274266011597527,1.778948114768738e+18,1.7789413923226363e+18
1778943561972961240,12.076,1.5475,1261.975,68.23742715217456,19.8275,47.88374824914298,12.27356140728262,1.7789481259183217e+18,1.7789413874719677e+18
1778943562373778267,12.096,1.665,574.425,68.20584517504223,19.6875,47.86584486486167,12.273087677625634,1.7789481364368553e+18,1.7789413828946383e+18
1778943562774122121,12.104,1.4975,114.6,68.16635912572475,19.6875,47.84616856347787,12.272495386885872,1.7789481457383076e+18,1.7789413788532836e+18
1778943563174880355,12.112,1.5675,349.725,68.1434424344292,19.5125,47.83554840397218,12.272151636516439,1.7789481538891622e+18,1.778941375324602e+18
1778943563575482928,12.124,1.665,1067.275,68.11219110827842,19.372500000000002,47.82123048351303,12.271682866624177,1.7789481608857144e+18,1.7789413723072847e+18
1778943563976058991,12.124,1.665,1618.65,68.07691918088277,19.25,47.80507983717972,12.271153787713242,1.7789481671534456e+18,1.7789413696070894e+18
1778943564376853142,12.136,1.5325,24.525,68.04230318390405,19.1975,47.7891406556406,12.270634547758561,1.778948172744456e+18,1.77894136720086e+18
1778943564777284108,12.136,1.5475,74.825,68.00417055160202,19.1975,47.77227209772713,12.27006255827403,1.7789481776244608e+18,1.77894136510297e+18
1778943565178039040,12.144,1.78,228.325,67.98347722749247,19.005,47.76290180352845,12.269752158412388,1.7789481821524972e+18,1.7789413631575857e+18
1778943565778845449,12.156,1.85,696.775,67.9532730282461,18.83,47.754634993203325,12.269299095423692,1.7789481862952684e+18,1.7789413613774295e+18
1778943566179399765,12.172,1.765,487.975,67.94742671579566,18.6725,47.751789405227036,12.269211400736936,1.7789481903961014e+18,1.7789413596151101e+18
1778943566580226796,12.164,1.75,1489.175,67.93783811449272,18.55,47.74703265826208,12.269067571717391,1.7789481944078958e+18,1.7789413578905618e+18
1778943566980714124,12.176,1.615,1267.8,67.93061020070559,18.55,47.750158054979906,12.268959153010584,1.7789481984401667e+18,1.7789413561549862e+18
1778943567381322141,12.156,1.5975,592.2,67.91417218618008,18.27,47.743721597637624,12.268712582792702,1.778948202337539e+18,1.7789413544753467e+18
1778943567781628357,12.172,1.68,168.85,67.90661633807538,18.060000000000002,47.73523649677483,12.268599245071131,1.7789482062829486e+18,1.7789413527720568e+18
1778943568182444965,12.188,1.5475,515.275,67.90356535470283,17.622500000000002,47.73227429377116,12.268553480320543,1.7789482103640517e+18,1.7789413510070382e+18
1778943568583119388,12.184,1.5975,1572.475,67.90082368452637,17.622500000000002,47.724701865271285,12.268512355267896,1.7789482146719163e+18,1.7789413491389504e+18
1778943568983499090,12.192,1.8,1522.0,67.90632856327348,17.412499999999998,47.72347515030406,12.268594928449103,1.778948219261261e+18,1.7789413471460987e+18
1778943569384155530,12.184,1.815,1367.975,67.93672956785026,17.1325,47.73569260391794,12.269050943517755,1.7789482244170877e+18,1.778941344908598e+18
1778943569784663317,12.192,1.73,897.925,67.93828307550511,16.9225,47.72670013090755,12.269074246132577,1.7789482303010793e+18,1.7789413423412014e+18
1778943570185434283,12.192,1.8,1101.825,67.95100821288378,16.9225,47.754392121405814,12.269265123193257,1.7789482367692616e+18,1.77894133951369e+18
1778943570586041460,12.2,1.75,85.7,67.95529993551746,16.5725,47.751920811584796,12.269329499032763,1.7789482437737065e+18,1.7789413364443584e+18
1778943570986290028,12.196,1.765,261.525,67.96161566203784,16.310000000000002,47.76004164664588,12.269424234930568,1.7789482512866153e+18,1.778941333146518e+18
1778943571386826792,12.196,1.5475,798.1,67.96410007400146,16.310000000000002,47.76839090600729,12.269461501110023,1.7789482592008717e+18,1.7789413296673083e+18
1778943571787288396,12.232,1.4625,797.2,67.97277775986319,16.0125,47.75379304202686,12.269591666397949,1.7789482673777516e+18,1.7789413260723034e+18
1778943572388221466,12.208,1.75,794.45,67.985874144432,15.697500000000002,47.76878135294153,12.26978811216648,1.7789482760477284e+18,1.778941322259425e+18
1778943572788818592,12.212,1.4975,786.05,68.0428054467448,15.697500000000002,47.794551001002645,12.270642081701173,1.7789482856988403e+18,1.77894131802236e+18
1778943573189366305,12.224,1.68,760.425,68.09934414569526,15.4175,47.82045138782705,12.27149016218543,1.7789482964085015e+18,1.7789413133254272e+18
1778943573590091598,12.224,1.5325,682.225,68.13991851157613,15.4175,47.838954916348946,12.272098777673643,1.7789483080411377e+18,1.778941308223833e+18
1778943573990388410,12.22,1.4825,443.575,68.17238501044514,15.1725,47.85391885925609,12.272585775156678,1.77894832039224e+18,1.7789413028074276e+18
1778943574391070489,12.228,1.6325,1353.675,68.20859046982662,14.875,47.87071852132169,12.2731288570474,1.7789483336068662e+18,1.7789412970114263e+18
1778943574791557856,12.228,1.5975,854.275,68.24462430182108,14.875,47.88757655886287,12.273669364527317,1.7789483477196145e+18,1.77894129081985e+18
1778943575191998230,12.22,1.4325,968.625,68.27027383332378,14.455,47.89965908432508,12.274054107499857,1.7789483627962079e+18,1.7789412841983764e+18
1778943575592554619,12.232,1.7,1317.6,68.30452791613229,14.455,47.91556306458432,12.274567918741985,1.7789483786907587e+18,1.778941277216972e+18
1778943575992920014,12.236,1.615,744.175,68.3273293065968,13.79,47.9261140002125,12.274909939598952,1.778948394805022e+18,1.7789412701440207e+18
1778943576393842543,12.236,1.6325,632.625,68.34940710107531,13.055,47.936328810739155,12.27524110651613,1.7789484112224259e+18,1.7789412629411533e+18
1778943576794259977,12.236,1.5975,292.2,68.37151057474667,13.055,47.94659195736092,12.2755726586212,1.778948427978707e+18,1.7789412555920602e+18
1778943577194666299,12.244,1.5475,891.7,68.3939573984183,12.705,47.95704829578044,12.275909360976275,1.7789484451909624e+18,1.7789412480433997e+18
1778943577595439852,12.26,1.4975,1082.85,68.41950387778957,12.705,47.968981913025985,12.276292558166844,1.7789484628563827e+18,1.7789412402977354e+18
1778943577995603099,12.244,1.5175,27.775,68.43604966857717,12.424999999999999,47.97670011401486,12.276540745028658,1.7789484809580652e+18,1.7789412323590536e+18
1778943578396390023,12.244,1.4325,84.75,68.4529052601302,12.424999999999999,47.98460910283444,12.276793578901954,1.778948499577011e+18,1.778941224190472e+18
1778943578796897239,12.236,1.665,258.625,68.473370942729,12.18,47.994102412996455,12.277100564140936,1.7789485188175127e+18,1.7789412157458166e+18
1778943579197690089,12.252,1.665,789.25,68.49344789290804,12.18,48.00338420563405,12.277401718393621,1.778948538877619e+18,1.7789412069344005e+18
1778943579798187911,12.244,1.65,770.175,68.51422992110379,12.0575,48.0130069883499,12.277713448816558,1.778948559833803e+18,1.7789411977229875e+18
1778943580198614788,12.248,1.5325,711.975,68.5250023085096,12.0575,48.018039883952284,12.277875034627645,1.7789485814957243e+18,1.7789411881928835e+18
1778943580599327405,12.256,1.5675,534.375,68.53714767637267,12.0225,48.023708670081305,12.27805721514559,1.77894860413324e+18,1.7789411782212762e+18
1778943580999867868,12.256,1.73,1630.775,68.54952243159462,12.0225,48.029425245553306,12.27824283647392,1.778948627714078e+18,1.7789411678229606e+18
1778943581400467889,11.992,7.5825,61.525,68.56808628971243,12.18,48.03235626753362,12.278521294345687,1.7789486512777388e+18,1.778941157439764e+18
1778943581800844319,10.856,31.8325,187.75,68.55088572504206,12.18,47.98562676138502,12.278263285875632,1.778948674382457e+18,1.778941147258463e+18
1778943582201286678,10.644,36.18,572.95,68.52880130195358,12.32,47.93358947499878,12.277932019529304,1.7789486970478492e+18,1.778941137267979e+18
1778943582601734361,10.428,39.915,110.1,68.50387305412495,12.32,47.89379621603995,12.277558095811875,1.7789487192859848e+18,1.7789411274615473e+18
1778943583002206904,10.42,39.85,335.975,68.48314903703694,13.0025,47.86187382992142,12.277247235555555,1.7789487412418819e+18,1.7789411177746196e+18
1778943583402641132,10.38,41.0675,1025.3,68.45199837486204,13.825000000000001,47.81729053754419,12.276779975622931,1.7789487628117294e+18,1.7789411082501345e+18
1778943583802978357,10.28,41.4,1490.55,68.42987997307979,13.825000000000001,47.81482998817295,12.276448199596198,1.7789487842675566e+18,1.7789410987675136e+18
1778943584203762687,12.052,2.0325,1271.975,68.35462982626359,14.5775,47.78102952285006,12.275319447393954,1.7789488045575432e+18,1.7789410897848044e+18
1778943584604354856,12.1,1.665,604.95,68.29545533121488,14.77,47.75392327715695,12.274431829968224,1.7789488240256602e+18,1.778941081151437e+18
1778943585004672153,12.12,1.8,207.75,68.24072908559826,14.77,47.72901492601639,12.273610936283974,1.7789488428283643e+18,1.7789410727978724e+18
1778943585405426447,12.148,1.8,634.0,68.20042247008018,14.507499999999999,47.71062654553407,12.273006337051203,1.7789488611786307e+18,1.7789410646329667e+18
1778943585805873829,12.144,1.8825,296.4,68.15779087867753,14.507499999999999,47.691223619334686,12.272366863180164,1.778948879086093e+18,1.7789410566512694e+18
1778943586206634686,12.148,1.615,904.525,68.11347872341342,14.157499999999999,47.670867063909256,12.271702180851202,1.7789488965510656e+18,1.7789410488518858e+18
1778943586607257974,12.152,1.615,1121.975,68.06366155791521,14.0,47.64826071406168,12.270954923368729,1.7789489133090412e+18,1.7789410413535327e+18
1778943587007591333,12.156,1.715,147.175,68.0207570662729,14.0,47.62859435853548,12.270311355994094,1.778948929638415e+18,1.7789410340318034e+18
1778943587408014332,12.156,1.68,449.125,67.97866427761181,13.7025,47.60935724019366,12.269679964164178,1.7789489456551936e+18,1.7789410268339187e+18
1778943587808465474,12.168,1.865,1370.6,67.94562826642887,13.7025,47.594274184549114,12.269184423996434,1.778948961411201e+18,1.778941019740199e+18
1778943588209083137,12.164,1.5325,905.925,67.89066977959979,13.51,47.56934236126358,12.268360046693997,1.778948976663181e+18,1.778941012852311e+18
1778943588609526910,12.148,1.9325,1126.25,67.83770108052525,13.51,47.545043231743286,12.26756551620788,1.7789489917909212e+18,1.7789410059970455e+18
1778943589210145548,12.052,4.98,160.225,67.81171888053399,13.195,47.532220549330994,12.26717578320801,1.7789490073379756e+18,1.7789409989384625e+18
1778943589610382364,12.0,5.85,488.95,67.78324665030595,13.195,47.51859499273429,12.26674869975459,1.778949023099304e+18,1.778940991768135e+18
1778943590010859772,10.4,40.4,1492.15,67.7373420127023,12.844999999999999,47.47531369676093,12.266060130190535,1.778949038470836e+18,1.7789409847552253e+18
1778943590411195969,10.364,41.0975,1276.875,67.68938190017167,13.299999999999999,47.432820675120595,12.265340728502576,1.7789490533746665e+18,1.77894097793459e+18
1778943591011661463,10.34,40.6475,619.9,67.64829157505363,13.299999999999999,47.41315530543105,12.264724373625805,1.778949068188798e+18,1.778940971137043e+18
1778943591412028524,10.264,42.6025,253.375,67.60437282114107,14.0,47.38508171371296,12.264065592317117,1.7789490826463905e+18,1.7789409644826373e+18
1778943591812509503,10.248,42.35,773.225,67.56186617376876,14.612499999999999,47.369710822422824,12.263427992606532,1.7789490968993114e+18,1.7789409579020424e+18
1778943592213163976,10.244,42.665,721.275,67.51924754355794,14.612499999999999,47.35993448504405,12.26278871315337,1.7789491109075118e+18,1.778940951413895e+18
1778943592613849825,10.204,42.9825,562.75,67.48359263399588,15.242500000000001,47.35611042082507,12.262253889509939,1.7789491247116961e+18,1.7789409450027387e+18
1778943593014343662,10.124,45.115,78.975,67.48084766207927,15.7675,47.382402900819024,12.26221271493119,1.778949138968751e+18,1.7789409383818596e+18
1778943593615371430,10.124,44.05,241.0,67.48494156032012,16.310000000000002,47.419195965158394,12.262274123404802,1.7789491539091694e+18,1.778940931449062e+18
1778943594015742443,10.056,45.665,735.45,67.49264921647209,16.310000000000002,47.44854969297859,12.262389738247082,1.7789491696404905e+18,1.778940924155595e+18
1778943594416514641,10.076,45.65,606.0,67.49480500978045,16.8,47.46914809252992,12.262422075146707,1.778949185999333e+18,1.7789409165738033e+18
1778943594816904410,10.036,46.2325,210.95,67.50011796851594,17.377499999999998,47.48906541385622,12.26250176952774,1.778949203063104e+18,1.778940908669362e+18
1778943595217769904,10.02,46.3825,643.75,67.50745544037969,17.849999999999998,47.51975077807538,12.262611831605696,1.778949220890406e+18,1.7789409004160448e+18
1778943595618268422,9.98,46.15,326.15,67.52463572229053,18.3225,47.565500230923135,12.262869535834358,1.7789492397632988e+18,1.7789408916884157e+18
1778943596018878709,10.104,44.265,995.325,67.53349121801828,18.6725,47.59223691821211,12.263002368270275,1.7789492595052728e+18,1.778940882563206e+18
1778943596419808517,11.804,4.1,1399.075,67.42528952918974,18.6725,47.54376378769712,12.261379342937847,1.778949277474218e+18,1.778940874202213e+18
1778943596820054894,11.304,16.7,992.825,67.3879912145024,18.900000000000002,47.54664183923508,12.260819868217537,1.7789492949663242e+18,1.7789408660421699e+18
1778943597220875080,10.952,25.0,1391.45,67.37598533083313,18.8825,47.55467294460597,12.260639779962498,1.7789493127792724e+18,1.778940857727565e+18
1778943597621365952,10.932,25.8175,969.55,67.3669687453878,19.005,47.561409452945206,12.260504531180818,1.778949331059303e+18,1.7789408491922842e+18
1778943598021976987,10.984,23.9825,1320.425,67.3542126372576,19.11,47.56519325541284,12.260313189558865,1.7789493497513267e+18,1.778940840459783e+18
1778943598422583937,11.924,2.4675,752.8,67.2939090611733,19.215,47.54095070124354,12.2594086359176,1.7789493675168154e+18,1.7789408321245164e+18
1778943598823114969,11.996,1.8,658.95,67.24915271420826,19.145,47.522116621660174,12.258737290713125,1.778949384753729e+18,1.7789408240101353e+18
1778943599223884618,12.016,1.68,372.55,67.20083758159569,18.8825,47.50157156840309,12.258012563723936,1.77894940111048e+18,1.778940816277719e+18
1778943599624229208,12.032,1.5325,1136.925,67.15232173320831,18.8825,47.480780260840795,12.257284825998125,1.778949416522037e+18,1.7789408089574423e+18
1778943600024493066,12.04,1.5175,192.8,67.09585751568143,18.655,47.456486252480126,12.256437862735222,1.7789494306076014e+18,1.77894080222161e+18
1778943600424905605,12.052,1.6325,588.375,67.04144683577975,18.62,47.43321099879614,12.255621702536697,1.7789494432837046e+18,1.7789407961102354e+18
1778943600825421539,12.064,1.7,157.175,66.99669439103455,18.515,47.41413732556138,12.254950415865519,1.7789494549272507e+18,1.7789407904543613e+18
1778943601226307538,12.06,1.5825,479.65,66.93833095458237,18.3925,47.38913822212093,12.254074964318736,1.7789494651871288e+18,1.778940785410075e+18
1778943601626568099,12.072,1.8,1463.775,66.89230035352915,18.305,47.3696103884334,12.253384505302938,1.778949474259149e+18,1.7789407808934019e+18
1778943602027127604,12.076,1.65,1190.275,66.83736584487465,18.305,47.34619163919189,12.25256048767312,1.7789494813633492e+18,1.7789407772613064e+18
1778943602427932556,12.108,1.765,355.625,66.80147806078489,18.2175,47.33091351030142,12.252022170911774,1.7789494866607416e+18,1.7789407744494638e+18
1778943602828394711,12.08,1.65,1085.275,66.75311708489491,18.060000000000002,47.31066287897211,12.251296756273424,1.7789494900597414e+18,1.7789407724950167e+18
1778943603229092587,12.084,1.85,35.175,66.69726131688884,17.9375,47.29195981366902,12.250458919753333,1.7789494914418307e+18,1.7789407714501325e+18
1778943603629601334,12.08,2.0675,107.325,66.66585303961882,17.9375,47.27875798770899,12.249987795594283,1.778949491441268e+18,1.7789407710339395e+18
1778943604030175640,12.088,2.1,327.525,66.64557779176543,17.849999999999998,47.26710127966291,12.249683666876482,1.7789494902946496e+18,1.7789407711429304e+18
1778943604430884279,12.088,1.65,999.525,66.61274618489617,17.6575,47.251612735542786,12.249191192773443,1.77894948790068e+18,1.7789407718185336e+18
1778943604831342803,12.088,1.9675,1411.9,66.59036049485887,17.535,47.24216224458934,12.248855407422884,1.7789494844623337e+18,1.77894077297237e+18
1778943605232163070,12.096,1.5475,1031.975,66.55393251961661,17.4475,47.2284324821661,12.24830898779425,1.778949479770165e+18,1.7789407746953428e+18
1778943605632868064,12.092,1.615,1510.925,66.5185790843337,17.4475,47.21461430513021,12.247778686265006,1.7789494738982415e+18,1.7789407769543086e+18
1778943606033127581,12.092,1.78,1334.175,66.48823615463633,17.2375,47.21260797008508,12.247323542319545,1.778949466941814e+18,1.7789407797081574e+18
1778943606433952790,12.096,1.6325,794.775,66.45430535987684,17.0275,47.20990376764388,12.246814580398153,1.7789494586569917e+18,1.7789407830690696e+18
1778943606834479424,12.104,1.5825,787.05,66.4249190824667,17.0275,47.1995286447233,12.246373786237001,1.7789494490770644e+18,1.778940787024552e+18
1778943607235285046,12.112,1.5675,763.475,66.39973840450735,16.87,47.187105998040806,12.24599607606761,1.778949438398253e+18,1.7789407914861837e+18
1778943607636068768,12.104,1.73,691.525,66.37453360587809,16.6425,47.17614640404166,12.245618004088172,1.7789494254202404e+18,1.7789407970127752e+18
1778943608036397864,12.104,1.5825,471.95,66.34663762847022,16.6425,47.163591011560975,12.245199564427054,1.7789494102245816e+18,1.778940803566391e+18
1778943608437290490,12.112,1.765,1440.275,66.32646653877083,16.3625,47.15194939914161,12.244896998081563,1.7789493941828173e+18,1.7789408105136937e+18
1778943608837609467,12.108,1.5175,1118.55,66.29902775393228,16.0475,47.141922003594246,12.244485416308985,1.7789493777626217e+18,1.7789408176340037e+18
1778943609238460668,12.108,1.8,136.725,66.27842692606225,16.0475,47.13080885240031,12.244176403890934,1.7789493610163855e+18,1.7789408249064753e+18
1778943609639160237,12.104,1.715,417.25,66.25578365860045,15.7325,47.11572844151471,12.243836754879007,1.7789493440035538e+18,1.7789408323026934e+18
1778943610039788987,12.116,1.4975,1273.325,66.23753320181325,15.435,47.09201038917546,12.2435629980272,1.7789493270214067e+18,1.7789408396863718e+18
1778943610440596485,12.12,1.4325,609.075,66.21632509349142,15.435,47.07687873642855,12.243244876402372,1.7789493099094769e+18,1.7789408471309988e+18
1778943610841034045,12.132,1.4825,220.325,66.23903376458786,15.102500000000001,47.08559502985362,12.243585506468818,1.7789492936695956e+18,1.7789408541898616e+18
1778943611242007024,12.116,1.815,672.375,66.25081330483549,14.805000000000001,47.090710068580826,12.243762199572533,1.7789492780226632e+18,1.7789408609874647e+18
1778943611642321164,12.128,1.75,413.525,66.25505613682417,14.805000000000001,47.09254398875728,12.243825842052363,1.7789492627228634e+18,1.778940867634643e+18
1778943612042958671,12.124,1.75,1261.975,66.24861779270061,14.525000000000002,47.08994556749424,12.24372926689051,1.778949247531228e+18,1.7789408742378048e+18
1778943612443437969,12.112,1.765,574.425,66.2348063182572,14.525000000000002,47.084303113723735,12.243522094773859,1.7789492310290565e+18,1.7789408814564316e+18
1778943612843924823,12.112,1.75,114.6,66.21644279184808,14.1225,47.076791589483264,12.243246641877722,1.7789492133454643e+18,1.7789408892287967e+18
1778943613244842577,12.12,1.4825,349.725,66.18938991955909,14.1225,47.06559138809539,12.242840848793387,1.7789491948872335e+18,1.778940897361362e+18
1778943613845753375,12.012,3.8975,1067.275,66.1736609974775,13.737499999999999,47.060209649528105,12.242604914962163,1.7789491755978138e+18,1.7789409058869773e+18
1778943614246554208,11.5,15.23,1618.65,66.16870641973682,13.2475,47.0617588131016,12.242530596296053,1.778949156497582e+18,1.7789409143326991e+18
1778943614646966099,11.032,25.7825,24.525,66.16274486066311,13.2475,47.058579017920415,12.242441172909947,1.778949137318448e+18,1.778940922823549e+18
1778943615047557580,11.06,23.565,74.825,66.14550517510465,13.16,47.0677030491805,12.24218257762657,1.778949117873338e+18,1.7789409314420795e+18
1778943615448290350,10.844,27.765,228.325,66.12473427820105,13.16,47.08302251082162,12.241871014173016,1.778949098117904e+18,1.7789409402076864e+18
1778943615848649805,10.852,26.05,696.775,66.09985914228113,13.282499999999999,47.11236756920042,12.241497887134217,1.778949078099659e+18,1.7789409490964413e+18
1778943616249523290,10.776,27.435,487.975,66.06739987233357,13.51,47.143071562566334,12.241010998085004,1.7789490578497047e+18,1.7789409580906703e+18
1778943616650329439,10.816,25.8325,1489.175,66.0265479369774,13.51,47.17531633392294,12.240398219054661,1.778949037149345e+18,1.7789409672895485e+18
1778943617051019081,10.884,24.665,1267.8,65.98412761544483,13.65,47.200923209887804,12.239761914231673,1.778949016395811e+18,1.7789409765063644e+18
1778943617451780015,10.776,26.1475,592.2,65.94165786851151,13.65,47.23765258902013,12.239124868027673,1.7789489955577475e+18,1.7789409857560172e+18
1778943617852348724,11.676,6.2325,168.85,65.82429398631322,13.93,47.199986825055994,12.237364409794699,1.7789489728578698e+18,1.7789409958409812e+18
1778943618252955376,11.972,1.4325,515.275,65.71654527322326,14.105,47.153987046167956,12.23574817909835,1.7789489486728893e+18,1.7789410065902932e+18
1778943618653388038,12.0,1.4475,1572.475,65.62110481336616,14.105,47.11326593325878,12.234316572200493,1.7789489232309414e+18,1.7789410179037092e+18
1778943619053969638,12.012,1.5825,1522.0,65.52864657872415,13.755,47.07400582773229,12.232929698680863,1.778948896579926e+18,1.7789410297614828e+18
1778943619454419379,12.028,1.5475,897.925,65.43611261301913,13.405000000000001,47.03483937386954,12.231541689195288,1.778948868738114e+18,1.7789410421564672e+18
1778943619854853359,12.032,1.65,1101.825,65.35384878631041,13.405000000000001,47.0004116001698,12.230307731794657,1.778948839222135e+18,1.7789410553222874e+18
1778943620255472922,12.032,1.715,85.7,65.29854746386485,13.0725,46.98000824261611,12.229478211957973,1.778948809057524e+18,1.778941068788905e+18
1778943620656009973,11.936,1.4625,261.525,65.20396167586482,12.7575,46.968817693016256,12.228059425137973,1.7789487775411502e+18,1.778941082872113e+18
1778943621056324531,11.924,1.68,798.1,65.11376234534507,12.7575,46.95227515485483,12.226706435180176,1.7789487448947382e+18,1.7789410974709166e+18
1778943621457162849,11.924,1.75,797.2,65.02310708530467,12.3725,46.92589332718147,12.22534660627957,1.7789487109928804e+18,1.7789411126459407e+18
1778943621857802139,11.96,1.5975,794.45,64.9465093447998,12.3725,46.906487571900726,12.224197640171997,1.7789486770341368e+18,1.7789411278385981e+18
1778943622258635594,11.948,1.5475,786.05,64.86614203332203,11.9525,46.89188426819412,12.222992130499831,1.7789486424886636e+18,1.7789411432984556e+18
1778943622659351149,11.936,2.0175,760.425,64.79031932564216,11.9525,46.87290997679672,12.221854789884633,1.7789486072175416e+18,1.7789411590942282e+18
1778943623260237026,11.94,2.0475,682.225,64.71610922774546,11.9525,46.844324622283864,12.220741638416182,1.7789485713120914e+18,1.7789411751849341e+18
1778943624662537112,12.008,1.5475,854.275,64.6587632792723,11.375,46.815606917603084,12.219881449189085,1.778948535056046e+18,1.7789411914455468e+18
1778943625062977028,11.996,1.6325,968.625,64.62172087089668,11.375,46.80007762243376,12.21932581306345,1.7789484988967923e+18,1.7789412076713203e+18
1778943625463816164,11.98,1.68,1317.6,64.56490574115543,11.06,46.7761886990608,12.218473586117332,1.7789484624326136e+18,1.7789412240449902e+18
1778943625864130417,11.968,1.8325,744.175,64.503173460645,11.06,46.750511800249186,12.217547601909676,1.7789484257230874e+18,1.778941240537058e+18
1778943626264943085,11.976,1.8325,632.625,64.43380544823312,10.6225,46.72159522115011,12.216507081723497,1.7789483885114222e+18,1.77894125726716e+18
1778943626665386367,11.964,1.415,292.2,64.35375646466126,10.6225,46.68735123863984,12.21530634696992,1.7789483507699103e+18,1.7789412742453268e+18
1778943627065936651,11.956,1.5975,891.7,64.27143305248093,10.219999999999999,46.652490789678644,12.214071495787215,1.7789483124415483e+18,1.778941291498974e+18
1778943627466639792,11.98,1.415,1082.85,64.19249793650765,10.219999999999999,46.618757825327265,12.212887469047615,1.7789482736246979e+18,1.7789413089838948e+18
1778943627867096656,12.0,1.5675,27.775,64.12126508410998,10.219999999999999,46.58857026235479,12.21181897626165,1.7789482345659272e+18,1.778941326586803e+18
1778943628267498899,12.0,1.4625,84.75,64.04336415219278,9.782499999999999,46.55538522112452,12.210650462282892,1.7789481952166664e+18,1.7789413443291776e+18
1778943628667901851,12.0,1.4825,258.625,63.9579952609672,9.782499999999999,46.51933140283551,12.209369928914509,1.7789481553398659e+18,1.7789413623222182e+18
1778943629268375776,12.0,1.5175,789.25,63.8771589764438,9.24,46.484905145059344,12.208157384646658,1.778948115068373e+18,1.7789413805057715e+18
1778943629668765814,12.004,1.665,770.175,63.79974210953299,9.24,46.45217313443265,12.206996131642995,1.7789480743521252e+18,1.7789413989058913e+18
1778943630069092627,11.892,4.1825,711.975,63.72587232980793,9.24,46.424275133661226,12.20588808494712,1.778948033366526e+18,1.7789414174412252e+18
1778943630469481933,11.872,4.7825,534.375,63.64878283185644,8.61,46.39557258522089,12.204731742477847,1.7789479920575767e+18,1.778941436137367e+18
1778943630869860734,10.988,23.5175,1630.775,63.5989406891924,8.61,46.403808189862225,12.203984110337887,1.7789479509970235e+18,1.7789414547315064e+18
1778943631270286777,11.14,19.565,61.525,63.54953284340488,8.61,46.41313682458971,12.203242992651074,1.7789479099723433e+18,1.7789414733256888e+18
1778943631670665647,10.976,23.7825,187.75,63.500463062601604,8.4525,46.42268378556283,12.202506945939025,1.778947869144492e+18,1.7789414918432325e+18
1778943632071083927,10.916,24.4175,572.95,63.46640918424961,8.4525,46.46537055599978,12.201996137763745,1.778947828475973e+18,1.7789415103074972e+18
1778943632471480001,11.012,23.725,110.1,63.44553311817321,8.8375,46.49515463103593,12.201682996772599,1.7789477881310085e+18,1.7789415286442115e+18
1778943632871966071,10.92,24.265,335.975,63.419937895089234,8.8375,46.529573281970016,12.201299068426339,1.7789477480005458e+18,1.7789415469038592e+18
1778943633272270026,10.784,26.565,1025.3,63.39534609754572,8.8375,46.58643144223606,12.200930191463186,1.7789477080752287e+18,1.7789415650911483e+18
1778943633672638415,10.876,26.8,1490.55,63.36570431258754,9.17,46.5939601550315,12.200485564688814,1.7789476682041178e+18,1.7789415832768832e+18
1778943634073384974,10.852,27.7325,1271.975,63.337043310300906,9.17,46.59694051316184,12.200055649654514,1.7789476283394675e+18,1.778941601484472e+18
1778943634674301381,10.808,29.25,604.95,63.30862248651465,9.7125,46.593008382176436,12.19962933729772,1.7789475884931315e+18,1.77894161970869e+18
1778943635475349351,10.448,38.465,207.75,63.27766388572001,9.7125,46.56443415890618,12.1991649582858,1.7789475479356608e+18,1.7789416383010708e+18
1778943635875770778,10.568,34.78,634.0,63.2410745358625,10.5875,46.55263412136932,12.198616118037938,1.7789475067465526e+18,1.7789416572217582e+18
1778943636476972373,10.484,36.765,296.4,63.206635055850285,10.5875,46.5388488252652,12.198099525837755,1.7789474652115564e+18,1.7789416763346406e+18
1778943636877275523,10.46,36.6325,904.525,63.170372876366294,11.375,46.53473394080721,12.197555593145495,1.778947423664526e+18,1.7789416954780393e+18
1778943637278103300,10.392,39.7175,1121.975,63.11682463709518,11.375,46.49642822454179,12.196752369556428,1.778947382434647e+18,1.778941714487524e+18
1778943637678653609,10.396,38.215,147.175,63.07261458171268,12.18,46.48579339549111,12.19608921872569,1.7789473417590907e+18,1.7789417332511782e+18
1778943638079258517,10.356,39.35,449.125,63.025885164078794,12.915,46.46960904956075,12.195388277461182,1.778947301589806e+18,1.7789417517911944e+18
1778943638480053892,10.344,39.065,1370.6,62.97252068701112,12.915,46.45989318960956,12.194587810305167,1.778947261751143e+18,1.7789417701905242e+18
1778943638880379365,10.264,40.565,905.925,62.92675248474883,13.615,46.45664323691633,12.193901287271233,1.7789472222832102e+18,1.7789417884319747e+18
1778943639281023962,10.264,40.935,1126.25,62.86809197886661,13.615,46.44205643319096,12.193021379683,1.7789471832351311e+18,1.778941806487754e+18
1778943639681300927,10.204,42.9,160.225,62.81091997001041,14.280000000000001,46.416709777383986,12.192163799550157,1.7789471446597548e+18,1.7789418243325437e+18
1778943640082001508,10.208,42.75,488.95,62.75026199680207,14.9975,46.390989295946106,12.191253929952031,1.778947106432687e+18,1.7789418420257405e+18
1778943640482772415,10.2,43.3325,1492.15,62.68951873317734,15.662499999999998,46.35859183554696,12.19034278099766,1.7789470686094756e+18,1.7789418595402975e+18
1778943640883037673,11.928,2.5175,1276.875,62.56607704294644,15.662499999999998,46.30769682927857,12.188491155644197,1.7789470304378706e+18,1.7789418772251901e+18
1778943641283891826,12.012,1.665,619.9,62.45474903446911,16.2225,46.26108298250212,12.186821235517037,1.7789469926630833e+18,1.7789418947216893e+18
1778943641684402143,12.024,1.9325,253.375,62.352054298191554,16.17,46.218061156789766,12.185280814472874,1.7789469551387763e+18,1.7789419121041116e+18
1778943642085092617,12.052,1.6325,773.225,62.258173827598256,16.17,46.17861489426536,12.183872607413974,1.7789469179114097e+18,1.7789419293526968e+18
1778943642485982435,12.044,1.9675,721.275,62.162784076244385,16.03,46.13864518376108,12.182441761143666,1.7789468808846433e+18,1.7789419465145485e+18
1778943642886266331,12.04,1.815,562.75,62.06735582055988,15.855,46.09876582031915,12.181010337308399,1.7789468441237768e+18,1.7789419635581809e+18
1778943643287045623,12.056,1.9325,78.975,61.97841934621093,15.855,46.06131548041247,12.179676290193164,1.7789468070106673e+18,1.7789419807887526e+18
1778943643687627002,12.076,1.8325,241.0,61.89685386807418,15.802499999999998,46.02699507224405,12.178452808021113,1.7789467699364073e+18,1.7789419980174528e+18
1778943644288593788,12.076,1.6325,735.45,61.81739887638627,15.662499999999998,45.996542395781596,12.177260983145795,1.7789467328983437e+18,1.778942015246995e+18
1778943644689156549,12.084,1.715,606.0,61.785461226607644,15.662499999999998,46.012068577253324,12.176781918399115,1.7789466963955863e+18,1.7789420322443878e+18
1778943645089829067,12.08,1.8325,210.95,61.76284631663795,15.61,46.02458757209807,12.17644269474957,1.7789466605474573e+18,1.7789420489526454e+18
1778943645490605424,12.092,1.8975,643.75,61.75548765145225,15.435,46.03129284471882,12.176332314771784,1.7789466254639442e+18,1.7789420653205156e+18
1778943645890982137,12.1,2.0175,326.15,61.747582151150574,15.435,46.048497916963214,12.176213732267259,1.7789465911659812e+18,1.7789420813363635e+18
1778943646291775326,12.104,2.0175,995.325,61.74921299557387,15.2775,46.06027042081882,12.176238194933608,1.7789465576968591e+18,1.7789420969799596e+18
1778943646692086104,12.112,2.0175,1399.075,61.75406844369376,15.102500000000001,46.076484634659906,12.176311026655407,1.7789465251056148e+18,1.778942112226523e+18
1778943647092509695,12.112,2.0175,992.825,61.76242161326764,15.102500000000001,46.08982669364696,12.176436324199015,1.7789464933945677e+18,1.7789421270743206e+18
1778943647493337607,12.116,1.815,1391.45,61.767300487758774,14.98,46.10697380392749,12.176509507316382,1.7789464625257654e+18,1.7789421415398792e+18
1778943648094062975,12.124,1.8325,969.55,61.777885879222765,14.98,46.12562298182539,12.176668288188342,1.7789464325109788e+18,1.7789421556177915e+18
1778943648494511450,12.124,1.9975,1320.425,61.790841092577715,14.787499999999998,46.150722117477905,12.176862616388666,1.7789464032732716e+18,1.7789421693449454e+18
1778943648895100817,12.128,1.9975,752.8,61.80699717826608,14.665000000000001,46.1583004635694,12.177104957673992,1.778946374836891e+18,1.7789421827087447e+18
1778943649295921300,12.14,1.8975,658.95,61.82475879287373,14.665000000000001,46.18128482375088,12.177371381893106,1.7789463474629448e+18,1.7789421955784666e+18
1778943649696337705,12.136,1.9975,372.55,61.84535407245789,14.489999999999998,46.19330345781466,12.177680311086869,1.7789463210108867e+18,1.7789422080229535e+18
1778943650096926239,12.156,1.3975,1136.925,61.86249228724418,14.489999999999998,46.21359178440509,12.177937384308663,1.7789462953695877e+18,1.778942220095248e+18
1778943650497650171,12.1,2.8625,192.8,61.883865693376066,14.262500000000001,46.2297060488603,12.178257985400641,1.7789462705632504e+18,1.7789422317829102e+18
1778943650898104876,10.428,40.2675,588.375,61.87396045676315,14.052499999999998,46.2045113981045,12.178109406851448,1.7789462463191557e+18,1.7789422432137326e+18
1778943651298917203,10.332,41.1675,157.175,61.868735720221316,14.052499999999998,46.18959468513624,12.17803103580332,1.7789462226157386e+18,1.778942254398709e+18
1778943651699300725,10.264,42.9175,479.65,61.86109183194898,14.3325,46.16061176602466,12.177916377479235,1.7789461994411676e+18,1.7789422653424338e+18
1778943652099933454,10.272,43.735,1463.775,61.846231432778815,14.875,46.11640922341528,12.177693471491683,1.7789461767236672e+18,1.7789422760785047e+18
1778943652700605231,10.316,43.0325,1190.275,61.8326793144272,14.875,46.073349195280436,12.177490189716409,1.7789461544671642e+18,1.7789422866052032e+18
1778943653101255119,10.248,43.4175,355.625,61.83230967201168,15.364999999999998,46.04147155978921,12.177484645080176,1.7789461325527217e+18,1.7789422969836751e+18
1778943653501834221,10.128,45.8825,1085.275,61.82638830403369,15.819999999999999,46.007643926285546,12.177395824560506,1.7789461109187256e+18,1.7789423072431058e+18
1778943653902431421,10.14,45.115,35.175,61.8231852571714,16.2225,46.00284191735834,12.177347778857571,1.7789460895998607e+18,1.778942317366213e+18
1778943654303276054,10.144,45.55,107.325,61.81413712747146,16.2225,45.97135249590702,12.177212056912072,1.7789460685370903e+18,1.778942327380959e+18
1778943654703436535,10.16,44.58,327.525,61.811348364244004,16.625,45.96210447001045,12.17717022546366,1.7789460477373855e+18,1.778942337284722e+18
1778943655104241018,10.032,46.55,999.525,61.814778619911785,17.0275,45.97299008007737,12.177221679298677,1.7789460272434394e+18,1.7789423470568448e+18
1778943655505030129,9.992,47.885,1411.9,61.81322786115719,17.4825,45.97281946895091,12.177198417917358,1.778946006817235e+18,1.7789423568161219e+18
1778943655905555610,12.028,1.73,1031.975,61.804487382670786,17.4825,45.969530831077925,12.177067310740062,1.778945986388777e+18,1.778942366595834e+18
1778943656306536337,12.06,1.5325,1510.925,61.78691347664887,17.587500000000002,45.96257508600999,12.176803702149734,1.778945966038552e+18,1.778942376353581e+18
1778943656707032880,12.08,1.7,1334.175,61.780436858747684,17.4475,45.96004092988881,12.176706552881216,1.7789459458682511e+18,1.7789423860400678e+18
1778943657107677499,12.096,1.9125,794.775,61.7731086801542,17.3075,45.95713238838522,12.176596630202313,1.7789459258723822e+18,1.7789423956576044e+18
1778943657508524376,12.108,1.5325,787.05,61.761609120979195,17.3075,45.95262670360807,12.176424136814688,1.7789459060160128e+18,1.778942405222795e+18
1778943657909100801,12.116,1.765,763.475,61.75766077346004,17.150000000000002,45.951023138885944,12.176364911601901,1.778945886386606e+18,1.7789424146930796e+18
1778943658309974895,12.132,1.5475,691.525,61.74699881822348,17.01,45.946824826258535,12.176204982273353,1.7789458668518866e+18,1.7789424241333763e+18
1778943658710408651,11.86,7.78,471.95,61.74609865251262,17.01,45.95568532752324,12.17619147978769,1.7789458473484065e+18,1.778942433577527e+18
1778943659111256497,12.036,3.9325,1440.275,61.76286558735097,16.939999999999998,45.961136160991,12.176442983810265,1.7789458279497408e+18,1.778942442991311e+18
1778943659512086142,11.864,7.1675,1118.55,61.76792078791467,16.852500000000003,45.975256531553875,12.17651881181872,1.7789458085696394e+18,1.7789424524160942e+18
1778943659912445412,12.14,1.5175,136.725,61.78159063920458,16.6775,45.995533424572564,12.17672385958807,1.7789457896199544e+18,1.7789424616438254e+18
1778943660513220025,12.144,1.4975,417.25,61.79605248254131,16.6775,46.00298667163222,12.17694078723812,1.778945770986193e+18,1.7789424707329915e+18
1778943660913503360,12.156,1.73,1273.325,61.820563310869375,16.59,46.010827035443086,12.177308449663041,1.7789457527317284e+18,1.7789424796517988e+18
1778943661314363453,12.16,1.665,609.075,61.84830979162657,16.4325,46.038028303459186,12.177724646874399,1.778945734862426e+18,1.7789424883971507e+18
1778943661714902792,12.164,1.9825,220.325,61.884721472754684,16.4325,46.07363421361237,12.17827082209132,1.7789457173381806e+18,1.778942496990341e+18
1778943662115232601,12.164,1.665,672.375,61.908904192493324,16.24,46.07477816011857,12.1786335628874,1.778945700173284e+18,1.778942505421258e+18
1778943662515571352,12.172,1.615,413.525,61.93458084527205,16.0475,46.080090899216884,12.179018712679081,1.7789456833572948e+18,1.7789425136948713e+18
1778943662916093265,12.176,1.65,1261.975,61.962457267589926,16.0475,46.08786539875466,12.17943685901385,1.7789456668479473e+18,1.778942521832569e+18
1778943663316961440,12.18,1.8,574.425,61.99718266927912,15.7325,46.10870533212961,12.179957740039187,1.7789456506959222e+18,1.7789425298089969e+18
1778943663917533463,12.18,1.765,114.6,62.03367573176874,15.469999999999999,46.141294806535704,12.180505135976532,1.7789456348968108e+18,1.7789425376269274e+18
1778943664318333523,12.188,1.68,349.725,62.06428024395499,15.469999999999999,46.143341849066594,12.180964203659325,1.778945619382819e+18,1.7789425453186427e+18
1778943664718902628,12.188,1.715,1067.275,62.094338086201944,15.260000000000002,46.13943058023737,12.18141507129303,1.7789456041632637e+18,1.7789425528787425e+18
1778943665119318317,12.192,1.715,1618.65,62.12689874040125,14.944999999999999,46.14278017581484,12.18190348110602,1.7789455892148152e+18,1.778942560319084e+18
1778943665520126844,12.2,1.5675,24.525,62.15992328863758,14.944999999999999,46.14719916043048,12.182398849329564,1.7789455795053379e+18,1.7789425651124367e+18
1778943665920659529,12.192,1.5975,74.825,62.227140936059506,14.612499999999999,46.17385327307867,12.183407114040893,1.7789455701470154e+18,1.7789425697464192e+18
1778943666321472088,12.196,1.7,228.325,62.28239378156504,14.612499999999999,46.195752432214555,12.184235906723476,1.7789455612868818e+18,1.7789425741417088e+18
1778943666722206105,12.196,1.6325,696.775,62.3297678404468,14.280000000000001,46.21464487120623,12.184946517606702,1.7789455526776594e+18,1.7789425784247985e+18
1778943667122856705,12.204,1.5675,487.975,62.3693646926155,14.280000000000001,46.230467314407846,12.185540470389233,1.7789455443254884e+18,1.778942582590613e+18
1778943667523668379,12.204,1.5975,1489.175,62.40938620404994,14.0,46.24645218711196,12.18614079306075,1.7789455362963868e+18,1.7789425866043528e+18
1778943667924118531,12.208,1.715,1267.8,62.44856593547465,13.6325,46.261959785695,12.18672848903212,1.7789455286502328e+18,1.7789425904343465e+18
1778943668324986586,12.216,1.6325,592.2,62.48314029497542,13.6325,46.275728656955536,12.187247104424632,1.7789455212580068e+18,1.7789425941463311e+18
1778943668725420287,12.204,1.665,168.85,62.51366881427017,13.3175,46.28785351603313,12.187705032214053,1.778945514120491e+18,1.778942597738765e+18
1778943669126113178,12.208,1.75,515.275,62.544856439799986,13.3175,46.30011950935671,12.188172846597,1.778945507228644e+18,1.778942601216099e+18
1778943669526741018,12.212,1.8325,1572.475,62.57865690787065,13.055,46.31332303986545,12.18867985361806,1.7789455006040737e+18,1.7789426045671032e+18
1778943669927173863,12.204,1.75,1522.0,62.60098091495303,13.055,46.32214902243935,12.189014713724296,1.778945494196851e+18,1.7789426078155136e+18
1778943670327966700,12.236,1.615,1367.975,62.627544865411,12.705,46.3328729996089,12.189413172981165,1.7789454879774285e+18,1.778942610977239e+18
1778943670728511148,12.212,1.5675,897.925,62.63950336758374,12.705,46.33779402500415,12.189592550513757,1.778945481934459e+18,1.778942614055402e+18
1778943671129347934,12.228,1.78,1101.825,62.6643485103848,12.495,46.34756174507237,12.189965227655772,1.778945476067758e+18,1.77894261705209e+18
1778943671529954896,12.224,1.6325,85.7,62.682981827948666,12.495,46.354968184623715,12.19024472741923,1.7789454703335782e+18,1.7789426199889444e+18
1778943671930821354,12.216,1.765,261.525,62.70868414777325,12.285,46.365030643195816,12.1906302622166,1.7789454647499187e+18,1.7789426228575142e+18
1778943672331531895,12.224,1.68,798.1,62.72852007948299,12.285,46.372901066769266,12.190927801192245,1.7789454592810038e+18,1.7789426256753733e+18
1778943672732286660,12.236,1.75,797.2,62.75020109861294,12.075000000000001,46.38130833176113,12.191253016479195,1.7789454539438487e+18,1.7789426284336963e+18
1778943673734456706,12.228,1.6325,786.05,62.76760387845271,11.865,46.38821210614781,12.191514058176791,1.778945448779746e+18,1.7789426311133327e+18
1778943674135514986,12.224,1.8,760.425,62.77976607060968,11.865,46.39299632515769,12.191696491059146,1.77894544372704e+18,1.7789426337421276e+18
1778943674536238374,12.24,1.5325,682.225,62.79645894006664,11.5675,46.39992441418587,12.191946884101,1.7789454388212974e+18,1.7789426363019228e+18
1778943674936765212,12.228,1.9125,443.575,62.81312648755876,11.5675,46.406265282849596,12.192196897313382,1.7789454339525258e+18,1.7789426388505802e+18
1778943675337648088,12.232,1.5975,1353.675,62.825029623122546,11.375,46.41119972670019,12.192375444346839,1.7789454292561984e+18,1.7789426413156303e+18
1778943675738227193,12.24,2.18,854.275,62.84709606056617,11.375,46.41921242637132,12.192706440908493,1.7789454246624753e+18,1.7789426437354977e+18
1778943676138878532,12.24,1.85,968.625,62.86520572641061,11.2525,46.42623117898011,12.19297808589616,1.7789454202280538e+18,1.7789426460793644e+18
1778943676539596140,12.244,1.5325,1317.6,62.883348587669104,11.2525,46.43351943027391,12.193250228815037,1.778945415931262e+18,1.7789426483584957e+18
1778943676940014320,12.244,1.7,744.175,62.89182925371763,11.1475,46.436603807584476,12.193377438805765,1.7789454117581612e+18,1.7789426505784617e+18
1778943677341012503,12.268,1.5975,632.625,62.91224374228574,11.1475,46.44491262060108,12.193683656134287,1.7789454077806236e+18,1.7789426527030254e+18
1778943677741613422,12.236,1.6325,292.2,62.92366952366016,11.1475,46.44933351157355,12.193855042854903,1.7789454039179756e+18,1.778942654773227e+18
1778943678142460271,12.248,1.5175,891.7,62.93018612335581,11.1475,46.45214062616931,12.193952791850338,1.7789453999827528e+18,1.778942656887582e+18
1778943678543319366,12.248,1.4825,1082.85,62.93856699011728,11.1475,46.455568471496825,12.19407850485176,1.7789453960057244e+18,1.778942659030096e+18
1778943678943785090,12.256,1.8325,27.775,62.95801957575534,11.270000000000001,46.46284020878493,12.19437029363633,1.7789453920645435e+18,1.77894266116135e+18
1778943679344577528,11.712,13.95,84.75,62.9552794565936,11.270000000000001,46.43953772735073,12.194329191848905,1.778945388134935e+18,1.7789426632907436e+18
1778943679745129087,11.264,22.0825,258.625,62.92700259947219,11.4975,46.40709850144336,12.193905038992083,1.7789453841309558e+18,1.77894266545947e+18
1778943680146044300,10.776,33.6825,789.25,62.89105529092452,11.4975,46.34268921907888,12.193365829363868,1.7789453800269038e+18,1.7789426676800376e+18
1778943680546936762,10.708,33.6975,770.175,62.84549212328014,12.04,46.298599495514175,12.192682381849202,1.7789453758301637e+18,1.7789426699470574e+18
1778943680947276515,10.64,35.215,711.975,62.797884959662504,12.844999999999999,46.252168627608576,12.191968274394938,1.7789453715826698e+18,1.7789426722379773e+18
1778943681348332719,10.54,37.3,534.375,62.74773167278432,12.844999999999999,46.20508747901741,12.191215975091765,1.7789453672909563e+18,1.7789426745490063e+18
1778943681749300683,10.472,38.45,1630.775,62.69753422974261,13.58,46.163418091476046,12.19046301344614,1.7789453629826696e+18,1.778942676865764e+18
1778943682149996822,10.444,38.3475,61.525,62.64634776523315,13.58,46.13399659784846,12.189695216478498,1.7789453586105974e+18,1.7789426792131133e+18
1778943682550810077,12.072,1.68,187.75,62.57459287824511,14.192499999999999,46.104986149067514,12.188618893173677,1.7789453541483784e+18,1.7789426816019208e+18
1778943682951422324,12.096,1.5325,572.95,62.51569891967164,14.245000000000001,46.08114788039612,12.187735483795075,1.7789453496501e+18,1.7789426840055427e+18
1778943683352221853,12.132,1.73,110.1,62.476204919854055,14.245000000000001,46.06500366626327,12.187143073797811,1.7789453451786703e+18,1.7789426863935867e+18
1778943683752847187,12.132,1.6325,335.975,62.434219961664745,14.052499999999998,46.04816736201216,12.186513299424972,1.77894534070743e+18,1.7789426887799473e+18
1778943684153609112,12.144,1.315,1025.3,62.38489893757562,14.052499999999998,46.02844733233461,12.185773484063635,1.7789453361844636e+18,1.778942691191325e+18
1778943684554437276,11.784,9.68,1490.55,62.344476728606296,13.9125,46.00866381155046,12.185167150929095,1.7789453317127729e+18,1.7789426935745247e+18
1778943684954762228,11.612,11.965,1271.975,62.28472803421612,13.615,45.986739196120055,12.184270920513242,1.7789453271777774e+18,1.778942695987433e+18
1778943685355688343,10.368,40.6175,604.95,62.222422692556115,13.615,45.941735199574524,12.183336340388342,1.7789453225535567e+18,1.7789426984437204e+18
1778943685756298673,10.3,41.6825,207.75,62.157988338475285,13.842500000000001,45.90367832499065,12.18236982507713,1.7789453178847363e+18,1.7789427009194796e+18
1778943686157122941,10.336,42.2325,634.0,62.096413211393624,13.842500000000001,45.85224485731991,12.181446198170905,1.778945313298728e+18,1.778942703346497e+18
1778943686557918741,10.972,25.7475,296.4,62.08934291819306,14.262500000000001,45.89475328067945,12.181340143772896,1.7789453088735744e+18,1.7789427056914545e+18
1778943686958342507,10.508,37.3325,904.525,62.09076880157527,14.805000000000001,45.92228982187759,12.18136153202363,1.7789453046248415e+18,1.778942707947119e+18
1778943687359441794,10.504,37.235,1121.975,62.095206366723794,14.805000000000001,45.942140845905,12.181428095500857,1.7789453005451203e+18,1.77894271011777e+18
1778943687760061521,10.396,38.8475,147.175,62.10013975567851,15.3475,45.96974135666098,12.181502096335178,1.7789452966307282e+18,1.778942712205248e+18
1778943688160572865,10.448,38.3675,449.125,62.10600469596151,15.819999999999999,45.99410687382708,12.181590070439423,1.7789452928631757e+18,1.7789427142194834e+18
1778943688561423930,10.504,36.165,1370.6,62.106609280288765,16.3275,46.00005773951215,12.181599139204332,1.778945289227942e+18,1.778942716167306e+18
1778943688961834343,10.604,33.7675,905.925,62.12108755801357,16.3275,46.013200470418845,12.181816313370204,1.7789452857582026e+18,1.7789427180328005e+18
1778943689362777465,10.476,36.365,1126.25,62.12413902383043,16.765,46.02507207280107,12.181862085357457,1.778945282419317e+18,1.7789427198327025e+18
1778943689763308329,10.612,33.7175,160.225,62.11540046779911,17.08,46.0269590890585,12.181731007016987,1.7789452791727793e+18,1.7789427215860493e+18
1778943690164018766,10.64,33.465,488.95,62.095050692038804,17.4825,46.01922619308402,12.181425760380582,1.778945275987147e+18,1.778942723307764e+18
1778943690564933844,10.764,30.735,1492.15,62.07447835382422,17.849999999999998,46.0118095493754,12.181117175307364,1.7789452728582083e+18,1.778942725000043e+18
1778943690965240087,10.692,31.25,1276.875,62.055200700989104,18.165000000000003,46.017754725424126,12.180828010514837,1.7789452697929556e+18,1.7789427266592433e+18
1778943691366233162,12.016,2.3475,619.9,62.012630991638055,18.165000000000003,46.00083815777119,12.180189464874571,1.7789452667264307e+18,1.7789427283169605e+18
1778943691766586166,12.02,2.4825,253.375,61.9707721260436,18.252499999999998,45.984240415106726,12.179561581890654,1.7789452636659812e+18,1.7789427299693501e+18
1778943692367849829,12.048,2.4825,773.225,61.94103404283083,18.025000000000002,45.97232201102791,12.179115510642463,1.7789452606516063e+18,1.778942731597792e+18
1778943692768422578,11.628,12.85,721.275,61.92066871350971,17.8675,45.960161173545195,12.178810030702646,1.778945257688494e+18,1.7789427331996692e+18
1778943693169160771,11.392,16.65,562.75,61.892067755215145,17.78,45.9513663696829,12.178381016328228,1.7789452547400415e+18,1.778942734793596e+18
1778943693770118752,12.048,1.8,78.975,61.847358074601615,17.7975,45.93334882662387,12.177710371119025,1.7789452517978204e+18,1.7789427363829007e+18
1778943694170865300,12.088,1.615,241.0,61.80158687579847,17.7975,45.91780222955946,12.177023803136978,1.7789452488510344e+18,1.778942737972117e+18
1778943694571752483,12.096,1.665,735.45,61.7659081928515,17.57,45.90676675673258,12.176488622892773,1.7789452458930207e+18,1.7789427395664963e+18
1778943694972362932,12.112,1.815,606.0,61.78034549407932,17.3075,45.94041977187892,12.17670518241119,1.7789452430582162e+18,1.7789427411003364e+18
1778943695373265164,12.112,1.615,210.95,61.791403831581675,17.3075,45.97262839113023,12.176871057473726,1.778945240333547e+18,1.7789427425800963e+18
1778943695774062279,12.128,1.815,643.75,61.80854773942383,17.0975,45.99131138564064,12.177128216091358,1.7789452377408648e+18,1.7789427439946045e+18
1778943696174544497,11.984,4.48,326.15,61.8188112811026,16.852500000000003,46.01336863625797,12.17728216921654,1.7789452352647383e+18,1.7789427453510653e+18
1778943696575424783,11.964,4.3825,995.325,61.81666874826653,16.6075,46.020511700078096,12.177250031223998,1.7789452328552689e+18,1.778942746674775e+18
1778943696976130999,11.664,11.3825,1399.075,61.82338030946394,16.6075,46.034576756794415,12.17735070464196,1.778945230533407e+18,1.7789427479555075e+18
1778943697376934307,11.608,12.45,992.825,61.82509006009799,16.59,46.037100440762984,12.17737635090147,1.778945228297189e+18,1.7789427491934646e+18
1778943697777519902,12.064,1.8825,1391.45,61.81806500864401,16.6775,46.044798582942896,12.17727097512966,1.7789452261224717e+18,1.7789427504004582e+18
1778943698378625991,12.1,1.4625,969.55,61.81028552843412,16.6775,46.03038435281707,12.177154282926512,1.778945223912195e+18,1.7789427516309071e+18
1778943698779262563,12.104,1.5975,1320.425,61.807115764812764,16.502499999999998,46.01999055184252,12.177106736472192,1.7789452216692884e+18,1.778942752882677e+18
1778943699180097425,12.116,1.65,752.8,61.813018554805026,16.345,46.02234369812825,12.177195278322076,1.7789452194165647e+18,1.7789427541446152e+18
1778943699580838643,12.116,1.6325,658.95,61.81606444859999,16.345,46.016901444134156,12.177240966729,1.7789452171465715e+18,1.7789427554203758e+18
1778943699981365259,12.12,1.8,372.55,61.82176661272824,16.17,46.00754154770256,12.177326499190924,1.7789452148725197e+18,1.7789427567030776e+18
1778943700382201966,12.124,1.6325,1136.925,61.81598266131549,15.942499999999999,45.96625909983305,12.177239739919733,1.7789452125453686e+18,1.778942758018009e+18
1778943700782841429,12.124,1.8,192.8,61.820881309811874,15.942499999999999,45.94855022042808,12.177313219647178,1.778945210191576e+18,1.7789427593522268e+18
1778943701183517102,12.136,1.3975,588.375,61.89674101541991,15.75,45.97590301704815,12.178451115231299,1.778945207986634e+18,1.7789427606195374e+18
1778943701584498064,12.144,1.4325,157.175,61.929772176944404,15.575000000000001,45.97080935182688,12.178946582654167,1.7789452058442977e+18,1.7789427618608814e+18
1778943701985178923,12.1,2.0825,479.65,61.942739515855855,15.575000000000001,45.95422646916603,12.179141092737838,1.7789452037044925e+18,1.7789427631063404e+18
1778943702386158656,12.152,1.8,1463.775,61.968632119221304,15.3475,45.947220393341105,12.17952948178832,1.7789452015994675e+18,1.7789427643399852e+18
1778943702786862501,12.168,1.4325,1190.275,61.9988197851056,15.120000000000001,45.93445636699199,12.179982296776585,1.7789451995336407e+18,1.7789427655599311e+18
1778943703187446731,12.18,1.75,355.625,62.083269668745416,15.120000000000001,45.9689252724192,12.181249045031182,1.778945197645656e+18,1.7789427666974116e+18
1778943703588217041,12.168,1.715,1085.275,62.14787306504196,14.91,45.99622668718473,12.18221809597563,1.7789451957720486e+18,1.778942767839821e+18
1778943703989066256,12.176,2.115,35.175,62.21675626228296,14.91,46.02504500898833,12.183251343934245,1.7789451940035346e+18,1.778942768937365e+18
1778943704389950400,12.184,1.5975,107.325,62.27674215972619,14.717500000000001,46.0507903224257,12.184151132395893,1.7789451923606328e+18,1.77894276997714e+18
1778943704790481239,12.176,1.5325,327.525,62.32971489576326,14.455,46.07359187227181,12.18494572343645,1.7789451908323366e+18,1.7789427709640225e+18
1778943705191278093,12.188,1.665,999.525,62.38277495530236,14.455,46.09621680751331,12.185741624329536,1.778945189465726e+18,1.778942771871699e+18
1778943705592015068,12.192,1.8,1411.9,62.433751734738124,14.280000000000001,46.11776467058729,12.186506276021072,1.7789451882557501e+18,1.778942772702465e+18
1778943705992820963,12.196,1.4825,1031.975,62.48467199894004,14.280000000000001,46.13968482810779,12.187270079984101,1.7789451871824835e+18,1.7789427734672202e+18
1778943706393772182,12.2,1.73,1510.925,62.532663382838024,14.069999999999999,46.15999900104276,12.18798995074257,1.7789451862600143e+18,1.7789427741575235e+18
1778943706794134769,12.196,1.5475,1334.175,62.57725002621936,13.755,46.17911186088906,12.18865875039329,1.7789451855046085e+18,1.7789427747636314e+18
1778943707194813152,12.192,1.6325,794.775,62.607321537985044,13.755,46.191952302281294,12.189109823069776,1.7789451849110093e+18,1.7789427752861437e+18
1778943707595590345,12.196,1.715,787.05,62.65317027309421,13.387500000000001,46.211433307116884,12.189797554096414,1.7789451844795727e+18,1.7789427757270597e+18
1778943707996189218,12.208,1.5475,763.475,62.695687515225124,13.387500000000001,46.229623868545104,12.190435312728377,1.7789451841911826e+18,1.778942776096394e+18
1778943708397026254,12.204,1.815,691.525,62.738736225221665,13.0375,46.24770090709078,12.191081043378325,1.7789451840611538e+18,1.7789427763855396e+18
1778943708998120037,12.208,1.5825,471.95,62.77583697594335,13.0375,46.26355577925871,12.19163755463915,1.7789451840752604e+18,1.7789427766028613e+18
1778943709399081388,12.012,5.8325,1440.275,62.816334424906344,12.67,46.276190510526455,12.192245016373596,1.7789451841831222e+18,1.7789427767754373e+18
1778943709799717903,11.16,24.7675,1118.55,62.831286477133325,12.67,46.25029595696939,12.192469297157,1.778945184344325e+18,1.7789427769219564e+18
1778943710200409314,11.772,10.3325,136.725,62.85682847297733,12.407499999999999,46.255192406795686,12.19285242709466,1.778945184538632e+18,1.7789427770552612e+18
1778943710600971997,12.072,4.2325,417.25,62.89368000277979,12.407499999999999,46.268669454549766,12.193405200041697,1.778945184838289e+18,1.778942777136577e+18
1778943711001209308,11.156,25.2175,1273.325,62.91149954121069,12.354999999999999,46.23929385065746,12.19367249311816,1.7789451852144397e+18,1.778942777179129e+18
1778943711401690173,10.84,31.4325,609.075,62.92009071143569,12.354999999999999,46.207339502802576,12.193801360671536,1.7789451856453036e+18,1.7789427771936722e+18
1778943712002292374,10.808,31.115,220.325,62.926862073574426,12.2675,46.192103660654894,12.193902931103617,1.7789451861812204e+18,1.7789427771533993e+18
1778943712402904328,10.732,32.0,672.375,62.93051531743936,12.635,46.18790439886397,12.19395772976159,1.7789451867679322e+18,1.778942777086471e+18
1778943713003517434,10.736,32.115,413.525,62.93428121673748,12.635,46.18055521296877,12.194014218251063,1.7789451874331868e+18,1.7789427769787996e+18
1778943713403845918,10.572,34.915,1261.975,62.94157210100015,12.844999999999999,46.18738760265466,12.194123581515003,1.778945188159895e+18,1.778942776838945e+18
1778943714004761348,10.728,32.55,574.425,62.941268227588495,12.844999999999999,46.17421482795426,12.194119023413828,1.778945188957757e+18,1.7789427766617874e+18
1778943714805752390,10.692,32.5,349.725,62.947859881330444,13.4225,46.17759806315621,12.194217898219957,1.7789451898681682e+18,1.778942776426572e+18
1778943715206339456,10.572,35.35,1067.275,62.94859576113305,13.4225,46.17412916411943,12.194228936416996,1.7789451908205348e+18,1.778942776168985e+18
1778943715606901852,10.684,32.2325,1618.65,62.95333535568241,13.7025,46.183502298775835,12.194300030335237,1.7789451918282537e+18,1.7789427758820716e+18
1778943716207653373,10.94,25.7825,24.525,62.95206040908991,13.7025,46.199616091234375,12.194280906136349,1.7789451928967519e+18,1.778942775563349e+18
1778943716608248515,10.748,31.215,74.825,62.955444806717715,13.93,46.20242900954577,12.194331672100766,1.778945194021339e+18,1.7789427752146017e+18
1778943717008914456,10.696,31.965,228.325,62.95295964259215,14.14,46.20825880125275,12.194294394638883,1.778945195191087e+18,1.7789427748410568e+18
1778943717409329837,10.596,33.565,696.775,62.951918687495805,14.14,46.22369473570754,12.194278780312438,1.7789451962711055e+18,1.7789427745188362e+18
1778943718010526750,10.632,33.3325,487.975,62.946244143720136,14.5425,46.22833147859428,12.194193662155802,1.778945197303539e+18,1.77894277422508e+18
1778943718411078284,10.588,34.5675,1489.175,62.94201800847879,14.8575,46.22927463022055,12.194130270127182,1.7789451982912161e+18,1.7789427739569075e+18
1778943718811793723,10.644,33.5,1267.8,62.94228410003197,14.8575,46.229859367879726,12.19413426150048,1.7789451993919798e+18,1.7789427736260616e+18
1778943719212331177,10.604,34.5475,592.2,62.94253720306928,15.155000000000001,46.227656469243044,12.19413805804604,1.778945200568863e+18,1.7789427732533128e+18
1778943719612775229,12.04,1.4975,168.85,62.90805025728436,15.400000000000002,46.21250977408918,12.193620753859266,1.7789452017477087e+18,1.7789427728753956e+18
1778943720012999871,12.064,1.6325,515.275,62.88521775839308,15.400000000000002,46.20252497491685,12.193278266375897,1.7789452029398715e+18,1.7789427724874604e+18
1778943720413423119,12.072,1.615,1572.475,62.86264556260414,15.155000000000001,46.19412736817213,12.192939683439063,1.7789452040980362e+18,1.7789427721162683e+18
1778943720813970855,12.084,1.73,1522.0,62.84765719692726,14.8575,46.19500950249935,12.19271485795391,1.778945205261484e+18,1.778942771740795e+18
1778943721214528352,12.1,1.765,1367.975,62.84810671575499,14.8575,46.18536219239504,12.192721600736325,1.77894520647333e+18,1.7789427713390282e+18
1778943721615100659,12.116,1.615,897.925,62.85108654060278,14.4025,46.16884975816584,12.192766298109042,1.7789452077489702e+18,1.7789427709026132e+18
1778943722015573076,12.116,1.715,1101.825,62.863467321721195,14.035,46.13936710997471,12.192952009825818,1.7789452091038804e+18,1.778942770424193e+18
1778943722416130223,12.132,1.615,85.7,62.87867389959259,14.035,46.105344748233286,12.19318010849389,1.7789452105198226e+18,1.7789427699144627e+18
1778943722816589403,12.144,1.665,261.525,62.905971159283155,13.755,46.069873491642745,12.193589567389248,1.778945212041499e+18,1.7789427693499203e+18
1778943723217386890,12.152,1.665,798.1,62.93797288640634,13.755,46.041518423685915,12.194069593296096,1.7789452137061048e+18,1.7789427687101586e+18
1778943723617912369,12.152,1.73,797.2,62.970668421697425,13.387500000000001,45.99975153893713,12.194560026325462,1.778945215499814e+18,1.7789427680030339e+18
1778943724018444732,12.14,1.35,794.45,63.054727449288436,13.387500000000001,46.024304425707314,12.195820911739327,1.7789452175382743e+18,1.7789427671709665e+18
1778943724418980628,12.16,1.4625,786.05,63.13305616898785,12.9325,46.058098694145244,12.196995842534818,1.778945219814601e+18,1.778942766216663e+18
1778943724819502691,12.152,1.3,760.425,63.193120873545155,12.9325,46.08401956976054,12.197896813103178,1.7789452223619976e+18,1.7789427651189094e+18
1778943725220040927,12.16,1.8325,682.225,63.25863377798398,12.424999999999999,46.11191899753946,12.19887950666976,1.7789452251224957e+18,1.7789427639107779e+18
1778943725620521307,12.168,1.5675,443.575,63.31670256280638,12.424999999999999,46.13680116727449,12.199750538442096,1.7789452280934943e+18,1.7789427625925046e+18
1778943726021190163,12.172,1.68,1353.675,63.374758266517944,12.04,46.1615176426399,12.20062137399777,1.7789452313492557e+18,1.7789427611218514e+18
1778943726421964871,12.176,1.5675,854.275,63.431083441358844,12.04,46.18549156297183,12.201466251620383,1.778945234835682e+18,1.7789427595291863e+18
1778943726822746627,12.188,1.615,968.625,63.53801834948725,11.6025,46.23146365283786,12.20307027524231,1.778945238629203e+18,1.7789427577788644e+18
1778943727223444780,12.176,1.5825,1317.6,63.63963696135686,11.6025,46.274721691328615,12.204594554420353,1.7789452426861793e+18,1.7789427558948114e+18
1778943727624229393,12.184,1.7,744.175,63.74517239330884,11.1475,46.31943588133803,12.206177585899633,1.778945247040845e+18,1.7789427538581448e+18
1778943728024738461,12.188,1.85,632.625,63.843575135285455,11.1475,46.36131071786199,12.207653627029282,1.778945251689278e+18,1.7789427516699597e+18
1778943728424990526,12.196,1.615,292.2,63.94702648698649,10.604999999999999,46.40561277842338,12.209205397304798,1.778945256663931e+18,1.7789427493125842e+18
1778943729026101539,12.192,1.765,891.7,64.04637805461759,10.604999999999999,46.44715694693204,12.210695670819264,1.7789452619893852e+18,1.7789427467731246e+18
1778943729426755585,12.184,1.715,1082.85,64.13926144287218,10.604999999999999,46.48594312121179,12.212088921643083,1.7789452676141501e+18,1.7789427440781604e+18
1778943729827203965,12.192,1.715,27.775,64.21816415839385,10.0625,46.5196563522655,12.213272462375908,1.7789452735126996e+18,1.778942741240044e+18
1778943730227560379,12.136,3.15,84.75,64.30334177128758,10.0625,46.55488207398063,12.214550126569314,1.7789452797123333e+18,1.7789427382442895e+18
1778943730628063096,11.264,22.9675,258.625,64.3825636078465,9.467500000000001,46.56196912934141,12.215738454117698,1.7789452860635566e+18,1.7789427351750843e+18
1778943731028689862,11.376,18.965,789.25,64.45729546682163,9.467500000000001,46.58579535845141,12.216859432002325,1.7789452925739889e+18,1.7789427320274621e+18
1778943731429153349,11.028,27.2175,770.175,64.52701406372307,9.467500000000001,46.594315343800886,12.217905210955847,1.77894529924779e+18,1.7789427287983235e+18
1778943731829927207,10.916,28.7,711.975,64.60816129322315,9.31,46.61977652028573,12.219122419398348,1.778945306135088e+18,1.7789427254610583e+18
1778943732230623058,11.112,23.8175,534.375,64.68831163457003,9.31,46.653709058152046,12.220324674518551,1.7789453132142454e+18,1.778942722027929e+18
1778943733031847918,10.632,34.915,61.525,64.76126886013746,9.94,46.671845191902726,12.221419032902062,1.7789453205531292e+18,1.778942718462899e+18
1778943733432433611,10.58,35.25,187.75,64.82463664012263,10.832500000000001,46.698025755676866,12.22236954960184,1.7789453280534956e+18,1.7789427148167867e+18
1778943733833118249,10.556,36.18,572.95,64.88996706033925,10.832500000000001,46.718528211914524,12.22334950590509,1.7789453357338537e+18,1.7789427110794788e+18
1778943734233661052,10.48,37.55,110.1,64.95617186900195,11.7425,46.743448383772126,12.22434257803503,1.778945343622005e+18,1.7789427072354048e+18
1778943734634376797,10.444,38.7475,335.975,65.02040062404168,11.7425,46.76020464227218,12.225306009360626,1.7789453517217725e+18,1.7789427032821798e+18
1778943735034744586,10.384,39.3325,1025.3,65.08340638760137,12.582500000000001,46.78799927784546,12.226251095814021,1.7789453600356004e+18,1.778942699218335e+18
1778943735435435369,10.36,39.55,1490.55,65.14098635714491,13.3525,46.814992857315744,12.227114795357174,1.7789453685390533e+18,1.7789426950570127e+18
1778943735836141867,10.26,40.865,1271.975,65.19952843609096,13.3525,46.85581140788976,12.227992926541365,1.7789453772503585e+18,1.7789426907881236e+18
1778943736236652635,10.08,45.2675,604.95,65.22252778760722,14.069999999999999,46.84872428787784,12.228337916814109,1.7789453860938194e+18,1.7789426864490458e+18
1778943736637354818,10.22,41.9825,207.75,65.26038959134495,14.787499999999998,46.85205201734706,12.228905843870175,1.7789453951191416e+18,1.778942682013922e+18
1778943737038191879,10.132,44.685,634.0,65.27928469742596,14.787499999999998,46.83390206190259,12.22918927046139,1.778945404222612e+18,1.778942677538662e+18
1778943737438674292,10.464,37.0325,296.4,65.30201688046775,15.4525,46.81887541428306,12.229530253207017,1.778945413516028e+18,1.7789426729603308e+18
1778943737839388693,12.0,1.8975,904.525,65.254827961573,16.03,46.778506058714825,12.228822419423595,1.7789454227999844e+18,1.7789426683804718e+18
1778943738240130183,12.028,1.8325,1121.975,65.22663254923637,16.064999999999998,46.73181342132761,12.228399488238546,1.7789454321404408e+18,1.7789426637647414e+18
1778943738640917194,12.056,1.8975,147.175,65.20960643917417,16.064999999999998,46.67943697440268,12.228144096587613,1.7789454415539725e+18,1.7789426591056033e+18
1778943739041477442,12.068,1.5975,449.125,65.18169889142564,15.89,46.64479763341761,12.227725483371385,1.7789454510213184e+18,1.7789426544121014e+18
1778943739442028978,12.02,2.9175,1370.6,65.15849526820618,15.89,46.616494470796724,12.227377429023093,1.7789454605857398e+18,1.778942649660651e+18
1778943739842837218,11.204,21.0825,905.925,65.15488546121502,15.7675,46.60811725993369,12.227323281918226,1.7789454702701496e+18,1.7789426448415032e+18
1778943740243562071,10.96,25.4325,1126.25,65.14700587424977,15.8725,46.627352973958175,12.227205088113747,1.7789454801535037e+18,1.7789426399088479e+18
1778943740644292415,11.712,7.35,160.225,65.08568450106908,16.17,46.59939708392196,12.226285267516037,1.7789454900608904e+18,1.7789426349527055e+18
1778943741045068727,12.036,1.6325,488.95,65.0356597919651,16.17,46.568926347249295,12.225534896879477,1.7789455000172544e+18,1.7789426299607956e+18
1778943741445614313,12.06,1.65,1492.15,64.99537404736839,16.275000000000002,46.532263475005834,12.224930610710526,1.7789455100214326e+18,1.7789426249354386e+18
1778943741846349278,12.056,1.9125,1276.875,64.96338038185903,16.099999999999998,46.52471612550252,12.224450705727886,1.7789455200907766e+18,1.7789426198681981e+18
1778943742247068595,12.068,1.9975,619.9,64.93360197196714,16.099999999999998,46.49438610922624,12.224004029579508,1.7789455302589292e+18,1.7789426147402726e+18
1778943742647692232,12.068,1.7,253.375,64.89836100303938,15.924999999999999,46.465262289767956,12.223475415045591,1.7789455404974006e+18,1.7789426095668234e+18
1778943743048230262,12.084,1.815,773.225,64.87035851069977,15.715,46.42933441844048,12.223055377660497,1.7789455508283244e+18,1.7789426043365281e+18
1778943743448649213,12.084,2.0825,721.275,64.84530307215772,15.715,46.38880540741014,12.222679546082366,1.7789455612982671e+18,1.778942599023379e+18
1778943743849393335,12.096,1.8325,562.75,64.8217583373418,15.557500000000001,46.3544955098673,12.222326375060128,1.7789455718822945e+18,1.778942593641816e+18
1778943744250069189,12.1,1.78,78.975,64.80151376731564,15.3475,46.332980568951356,12.222022706509735,1.7789455826494241e+18,1.7789425881531717e+18
1778943744650573509,12.112,1.8,241.0,64.7861735827593,15.3475,46.311713813950675,12.22179260374139,1.7789455935777475e+18,1.7789425825707697e+18
1778943745051460503,12.108,1.815,735.45,64.77203796157633,15.1725,46.29886047870318,12.221580569423645,1.7789456046926769e+18,1.7789425768803543e+18
1778943745452146111,12.12,1.765,606.0,64.83325796692212,14.962500000000002,46.323192935618266,12.222498869503832,1.7789456162808028e+18,1.7789425709331277e+18
1778943745852878971,11.592,13.5975,210.95,64.88691889609521,14.962500000000002,46.346110304855365,12.223303783441429,1.7789456282970706e+18,1.7789425647534886e+18
1778943746253299805,11.524,15.0175,643.75,64.9302225853116,14.77,46.364753587014846,12.223953338779674,1.7789456407486182e+18,1.7789425583355745e+18
1778943746653810685,10.416,39.415,326.15,64.96754410365754,14.7525,46.37271031141335,12.224513161554864,1.7789456536241551e+18,1.778942551684833e+18
1778943747054232119,10.388,39.3675,995.325,65.00480179603036,14.7525,46.39266211355973,12.225072026940456,1.778945666927817e+18,1.778942544799064e+18
1778943747454891237,10.404,39.3325,1399.075,65.04579470531834,15.19,46.408458576053356,12.225686920579776,1.7789456807054733e+18,1.7789425376530806e+18
1778943747855616573,10.388,38.215,992.825,65.08371476960303,15.6275,46.448580111033124,12.226255721544046,1.7789456951031357e+18,1.778942530163382e+18
1778943748256196264,10.436,37.7825,1391.45,65.11325824303375,15.6275,46.473991678116406,12.226698873645507,1.7789457100316027e+18,1.778942522379311e+18
1778943748656801262,10.468,37.3325,969.55,65.14620513461482,15.995000000000001,46.496473305673696,12.227193077019223,1.7789457255136e+18,1.7789425142888192e+18
1778943749057335175,10.376,38.7475,1320.425,65.17706001523354,16.38,46.52772004471823,12.227655900228504,1.77894574151433e+18,1.7789425059115213e+18
1778943749658312966,10.324,39.7325,752.8,65.20865038995191,16.712500000000002,46.561409846168004,12.22812975584928,1.7789457580229473e+18,1.7789424972559173e+18
1778943750059118649,10.372,38.115,658.95,65.23482383221746,16.712500000000002,46.60095919673109,12.228522357483262,1.77894577495868e+18,1.778942488365137e+18
1778943750459568997,11.384,15.23,372.55,65.21691800923242,17.045,46.6108627375723,12.228253770138487,1.778945792136022e+18,1.778942479335792e+18
1778943750860320763,11.96,3.165,1136.925,65.18049226924047,17.185000000000002,46.59709535582217,12.227707384038608,1.7789458094825935e+18,1.7789424702051822e+18
1778943751461223081,11.944,3.3975,192.8,65.13893941261802,17.045,46.58152850250791,12.22708409118927,1.7789458270022605e+18,1.7789424609718656e+18
1778943751861915705,12.008,2.615,588.375,65.10745837516257,17.045,46.569022126734524,12.22661187562744,1.7789458446633121e+18,1.7789424516539218e+18
1778943752262540276,12.028,2.68,157.175,65.08797538613129,16.8175,46.56145707560674,12.22631963079197,1.7789458625084099e+18,1.778942442229553e+18
1778943752663127254,11.616,11.665,479.65,65.07567701819741,16.695,46.562667110600984,12.226135155272962,1.7789458805561938e+18,1.778942432689658e+18
1778943753063929557,11.692,8.8825,1463.775,65.03972043984183,16.625,46.555710578098534,12.225595806597628,1.7789458987443244e+18,1.7789424230645489e+18
1778943753664989559,11.528,13.2175,1190.275,65.01941817398131,16.625,46.55615801125959,12.22529127260972,1.7789459171694308e+18,1.7789424133045056e+18
1778943754065757707,11.24,20.4825,355.625,65.012733323595,16.625,46.55900958343638,12.225190999853925,1.7789459357614671e+18,1.7789424034503757e+18
1778943754466439459,11.332,18.135,1085.275,65.00117282839363,16.765,46.56173530140201,12.225017592425905,1.7789459545611364e+18,1.7789423934779415e+18
1778943754867205767,12.072,1.7,35.175,64.97067221842352,16.87,46.54870809540451,12.224560083276353,1.778945973522324e+18,1.7789423834091581e+18
1778943755267976301,12.092,1.615,107.325,64.94192107657908,16.87,46.53647188188332,12.224128816148687,1.7789459926398205e+18,1.7789423732469256e+18
1778943755668485572,12.096,1.715,327.525,64.92973024747543,16.73,46.560301203530756,12.223945953712132,1.7789460119674015e+18,1.7789423629646802e+18
1778943756068873232,12.108,1.335,999.525,64.90941136792314,16.52,46.561026409924516,12.223641170518848,1.7789460314469302e+18,1.7789423525935828e+18
1778943756469271202,12.112,1.4975,1411.9,64.89725832658246,16.52,46.571653407053205,12.223458874898737,1.778946051126059e+18,1.778942342108375e+18
1778943756869926496,12.124,1.615,1031.975,64.90119840213906,16.3625,46.609923829838834,12.223517976032086,1.7789460710750659e+18,1.7789423314728422e+18
1778943757270446557,12.12,2.13,1510.925,64.91515451074609,16.2225,46.65816319041734,12.223727317661192,1.7789460913378872e+18,1.7789423206644303e+18
1778943757671224995,12.132,1.73,1334.175,64.91893270758663,16.2225,46.681915675968824,12.2237839906138,1.7789461120012657e+18,1.778942309631537e+18
1778943758071811231,12.136,1.4475,794.775,64.91990756336578,16.03,46.704320556232986,12.223798613450487,1.7789461330229169e+18,1.778942298397607e+18
1778943758472188880,12.136,1.615,787.05,64.91936628433731,15.7675,46.715234666718146,12.22379049426506,1.778946154478889e+18,1.7789422869191188e+18
1778943758872648966,12.152,1.8825,763.475,64.93611419180102,15.7675,46.74644438215839,12.224041712877016,1.7789461764549207e+18,1.7789422751516268e+18
1778943759273387965,12.148,1.5175,691.525,64.93796140419794,15.469999999999999,46.75711931622687,12.22406942106297,1.7789461989411727e+18,1.778942263097242e+18
1778943759674152851,12.156,1.4625,471.95,64.934482949801,15.469999999999999,46.747320346140675,12.224017244247015,1.778946221884254e+18,1.7789422507850964e+18
1778943760074595170,12.148,1.5175,1440.275,64.93405731140145,15.242500000000001,46.750753553426435,12.224010859671022,1.7789462455030996e+18,1.7789422380915904e+18
1778943760475356138,12.148,1.4625,1118.55,64.97802664991103,14.962500000000002,46.77053751396458,12.224670399748666,1.7789462700833078e+18,1.778942224865767e+18
1778943760875923293,12.172,1.4475,136.725,65.02256777306512,14.962500000000002,46.79087840615816,12.225338516595977,1.778946295132517e+18,1.778942211387979e+18
1778943761477023335,12.156,1.5975,417.25,65.05174925808848,14.647499999999999,46.80405686848004,12.225776238871328,1.778946320700084e+18,1.7789421976285919e+18
1778943761877591659,12.164,1.68,1273.325,65.07503068227254,14.2975,46.81446463481088,12.226125460234089,1.778946346702344e+18,1.7789421836319163e+18
1778943762278421740,12.164,1.615,609.075,65.09968459021135,14.2975,46.82570046036003,12.22649526885317,1.778946373259874e+18,1.7789421693297818e+18
1778943762679206815,12.172,1.5475,220.325,65.11846669239078,13.9825,46.834188300255185,12.226777000385862,1.7789464003705684e+18,1.7789421547223844e+18
1778943763079971112,12.168,1.5175,672.375,65.13272016625082,13.9825,46.840689559222376,12.226990802493763,1.7789464280096223e+18,1.778942139822855e+18
1778943763480764326,12.18,1.5325,413.525,65.1437397833619,13.65,46.84551352436003,12.227156096750429,1.7789464563261053e+18,1.7789421245458788e+18
1778943763881255521,12.168,1.5825,1261.975,65.1524918268832,13.65,46.849285402094864,12.227287377403249,1.778946485606247e+18,1.7789421087285327e+18
1778943764281941305,12.172,1.78,574.425,65.17297093481302,13.282499999999999,46.856629449754955,12.227594564022196,1.7789465157299208e+18,1.778942092442567e+18
1778943764682648562,12.18,1.6325,114.6,65.19154415460042,13.282499999999999,46.865034685584945,12.227873162319007,1.7789465467479726e+18,1.7789420756582684e+18
1778943765083318073,12.184,1.3825,349.725,65.20578695893985,12.8975,46.871548196449986,12.228086804384098,1.7789465787620142e+18,1.7789420583177385e+18
1778943765484105567,12.188,1.8,1067.275,65.22010913740503,12.8975,46.87793237900096,12.228301637061076,1.7789466118569444e+18,1.778942040372799e+18
1778943765884842358,12.184,1.415,1618.65,65.22519959518098,12.495,46.880291491601476,12.228377993927715,1.7789466458646024e+18,1.7789420219170086e+18
1778943766285621639,12.22,1.3825,24.525,65.23692918377111,12.495,46.88587595825771,12.228553937756567,1.778946680938054e+18,1.7789420028657152e+18
1778943766686240222,12.192,1.4975,74.825,65.2452291255315,12.215,46.88968074026935,12.228678436882973,1.7789467169876984e+18,1.7789419832691569e+18
1778943767086837582,12.188,1.4975,228.325,65.24956591681419,12.215,46.89168144031348,12.228743488752214,1.7789467541413112e+18,1.778941963053981e+18
1778943767487536141,12.196,1.4975,696.775,65.25489193433893,12.0575,46.8941505304064,12.228823379015084,1.778946792526302e+18,1.7789419421485532e+18
1778943767888339008,12.192,1.73,487.975,65.25847546166885,12.0575,46.89578685113459,12.228877131925033,1.778946832146728e+18,1.7789419205504392e+18
1778943768288812667,12.196,1.715,1489.175,65.26406005421264,11.935,46.898312704567736,12.22896090081319,1.7789468730328387e+18,1.7789418982434842e+18
1778943768689407157,12.204,1.615,1267.8,65.26938746291977,11.935,46.900748200009915,12.229040811943797,1.7789469151753866e+18,1.778941875233281e+18
1778943769090132689,12.204,1.665,592.2,65.2749854031295,11.795,46.90329159064709,12.229124781046943,1.7789469587343872e+18,1.7789418514295916e+18
1778943769490791582,12.196,1.665,168.85,65.275691360107,11.795,46.90363563582332,12.229135370401606,1.7789470037661632e+18,1.7789418267988093e+18
1778943769891500986,12.208,1.5175,515.275,65.27804150091443,11.62,46.904730428902845,12.229170622513717,1.7789470503677217e+18,1.7789418012874452e+18
1778943770292149897,12.204,1.6325,1572.475,65.28359314566367,11.62,46.90721830574815,12.229253897184956,1.7789470986198912e+18,1.778941774851237e+18
1778943770692658691,12.204,1.4825,1522.0,65.28283376941764,11.3925,46.90699458422911,12.229242506541265,1.7789471475340242e+18,1.7789417480489615e+18
1778943771093385148,12.212,1.4475,1367.975,65.28595729409648,11.3925,46.90851692182894,12.229289359411448,1.7789471975505426e+18,1.7789417206325422e+18
1778943771494108943,12.204,1.5825,897.925,65.28623473301016,11.2525,46.908633676745474,12.229293520995153,1.778947248614547e+18,1.7789416926324541e+18
1778943771894673519,12.208,1.5975,1101.825,65.28786988015045,11.2525,46.90937275590471,12.229318048202257,1.7789473009460982e+18,1.7789416639248143e+18
1778943772295358422,12.208,1.415,85.7,65.28233463770295,11.1475,46.90705510341128,12.229235019565545,1.77894735441092e+18,1.7789416345835292e+18
1778943772696087916,12.22,1.4625,261.525,65.28085657047535,11.1475,46.90651120970457,12.22921284855713,1.778947409293381e+18,1.7789416044492547e+18
1778943773096742331,12.22,1.5475,798.1,65.28523944954172,11.0775,46.9085735166024,12.229278591743126,1.7789474656195261e+18,1.7789415735097984e+18
1778943773697832976,12.156,2.8625,797.2,65.28434444180104,11.0775,46.90734573286657,12.229265166627016,1.77894752343237e+18,1.778941541741504e+18
1778943774098601811,12.028,5.3825,794.45,65.27464129834668,11.0775,46.90079977039799,12.2291196194752,1.7789475825635054e+18,1.7789415092346248e+18
1778943774499366123,11.2,23.5325,786.05,65.25841182640646,11.06,46.87383407290864,12.228876177396097,1.7789476429130312e+18,1.7789414760434314e+18
1778943774900027797,11.144,25.2825,760.425,65.23115222428233,11.06,46.83306620257597,12.228467283364235,1.7789477045986836e+18,1.77894144209708e+18
1778943775300893248,11.004,26.2175,682.225,65.20761063890221,11.41,46.82133217598093,12.228114159583534,1.778947767568499e+18,1.7789414074256704e+18
1778943775701369235,10.82,31.2825,443.575,65.17199923173473,12.1275,46.78556033272401,12.227579988476021,1.7789478320422917e+18,1.7789413719006083e+18
1778943776102028300,12.12,1.68,1353.675,65.12944748436698,12.1275,46.766220004459775,12.226941712265505,1.7789478979046917e+18,1.7789413355841308e+18
1778943776502582006,12.14,1.615,854.275,65.09486218027804,12.512500000000001,46.75059741113942,12.226422932704171,1.7789479653628536e+18,1.7789412983619817e+18
1778943776903319647,12.152,1.4825,968.625,65.060930175307,12.512500000000001,46.73519742330523,12.225913952629606,1.7789480343309932e+18,1.7789412602827492e+18
1778943777304088203,12.152,1.7,1317.6,65.02497569367446,12.530000000000001,46.71896685820967,12.225374635405117,1.778948104971098e+18,1.778941221253699e+18
1778943777704668093,12.168,1.78,744.175,65.00270742735283,12.530000000000001,46.70879340018917,12.225040611410293,1.778948177667044e+18,1.7789411810634442e+18
1778943778105362837,12.164,1.7,632.625,64.97584649796015,12.512500000000001,46.69672502967517,12.224637697469403,1.7789482524323574e+18,1.7789411397023503e+18
1778943778505915413,12.164,1.615,292.2,64.94554768838012,12.512500000000001,46.68284452130501,12.224183215325702,1.778948329448686e+18,1.778941097066096e+18
1778943778906669421,12.176,1.715,891.7,64.92028936596468,12.39,46.67163212791544,12.22380434048947,1.7789484094120788e+18,1.7789410527633856e+18
1778943779507569099,12.18,1.665,1082.85,64.89980084551752,12.39,46.662266393111395,12.223497012682763,1.7789484921414797e+18,1.778941006900982e+18
1778943779908260123,12.172,1.665,27.775,64.86225752294989,12.2325,46.64594470470398,12.222933862844249,1.778948577519587e+18,1.7789409595350886e+18
1778943780308925855,12.176,1.4825,84.75,64.82871312924105,12.2325,46.630996137115496,12.222430696938616,1.778948665585116e+18,1.7789409106454275e+18
1778943780709579098,12.184,1.815,258.625,64.80887363117758,12.1625,46.62176608213065,12.222133104467664,1.7789487568293868e+18,1.7789408599608174e+18
1778943781110325970,12.184,1.715,789.25,64.78412834038669,12.1625,46.610553313097355,12.2217619251058,1.7789488512262436e+18,1.7789408074936873e+18
1778943781511071875,12.188,1.865,770.175,64.75564538437952,12.005,46.59740500899171,12.221334680765693,1.7789489490056768e+18,1.778940753112125e+18
1778943781911881440,12.176,1.9675,711.975,64.73685256955947,12.005,46.58867495859279,12.221052788543393,1.778949050662145e+18,1.778940696540448e+18
1778943782312453629,12.192,1.6325,534.375,64.71550697345518,11.655000000000001,46.57883391570281,12.220732604601828,1.778949157577276e+18,1.7789406369980114e+18
1778943782713169697,11.908,7.6675,1630.775,64.689582914605,11.655000000000001,46.5637021222167,12.220343743719075,1.7789492700219615e+18,1.7789405743295498e+18
1778943783113985159,10.788,32.7975,61.525,64.63515200711151,11.375,46.504872302732124,12.219527280106673,1.7789493871520568e+18,1.778940508996235e+18
1778943783514628156,10.596,35.915,187.75,64.59726396766519,11.375,46.48926350087734,12.218958959514978,1.778949509537517e+18,1.778940440684423e+18
1778943783915335626,10.516,36.6,572.95,64.58865152112271,11.637500000000001,46.5025888346088,12.218829772816841,1.7789496385877373e+18,1.7789403686143956e+18
1778943784315666700,10.468,37.9825,110.1,64.59280799089646,11.637500000000001,46.54291300163989,12.218892119863447,1.778949775265148e+18,1.7789402922507046e+18
1778943784916174195,10.416,39.5,335.975,64.59080915170878,12.39,46.547613845533704,12.218862137275632,1.7789499198335332e+18,1.7789402114439073e+18
1778943785316957487,10.38,39.965,1025.3,64.59194696988175,12.39,46.56164530731921,12.218879204548227,1.7789500732269937e+18,1.7789401256673905e+18
1778943785717591584,10.148,44.9175,1490.55,64.59323662320087,13.16,46.57531370719291,12.218898549348014,1.7789502358278456e+18,1.7789400347066312e+18
1778943786118342802,10.304,40.1,1271.975,64.60453870107689,13.79,46.618589852926654,12.219068080516154,1.7789504088494956e+18,1.7789399378843354e+18
1778943786518964101,10.264,41.45,604.95,64.60941985657824,13.79,46.63596604809858,12.219141297848674,1.77895059302963e+18,1.778939834781739e+18
1778943786919721354,10.208,42.665,207.75,64.64215677736146,14.4375,46.66005408344924,12.219632351660422,1.7789507907251968e+18,1.7789397240892206e+18
1778943787721084324,10.212,42.3,634.0,64.66992183417454,14.9975,46.68714950091113,12.220048827512619,1.7789510037282432e+18,1.7789396047998172e+18
1778943788121688323,10.184,42.7,296.4,64.68002560286605,15.540000000000001,46.70991704990534,12.220200384042991,1.7789512319927972e+18,1.7789394769264535e+18
1778943788522257750,10.176,43.25,904.525,64.68925099136268,15.540000000000001,46.72425594002254,12.22033876487044,1.7789514771656643e+18,1.778939339542163e+18
1778943788922975640,10.1,44.5,1121.975,64.70338272649174,16.0825,46.74828542631308,12.220550740897377,1.7789517416650432e+18,1.7789391912895304e+18
1778943789323671926,10.048,45.2325,147.175,64.70936615671687,16.695,46.77722461546695,12.220640492350753,1.7789520273024701e+18,1.7789390311441277e+18
1778943789724433128,10.028,46.35,449.125,64.72841039885593,17.1675,46.79118139722458,12.22092615598284,1.7789523372582113e+18,1.778938857323799e+18
1778943790125131432,10.06,46.2475,1370.6,64.73344004725942,17.1675,46.80999231191062,12.221001600708892,1.778952673367912e+18,1.7789386687893732e+18
1778943790525782739,9.952,47.75,905.925,64.74474939792509,17.727500000000003,46.841488550789705,12.221171240968877,1.778953039667729e+18,1.7789384632748234e+18
1778943790926477279,10.488,35.15,1126.25,64.76139402687109,18.13,46.913332789673305,12.221420910403067,1.7789534408572142e+18,1.778938238141074e+18
1778943791327117105,11.96,2.3,160.225,64.7003127949671,18.462500000000002,46.87836353444855,12.220504691924507,1.7789538755380457e+18,1.7789379941088755e+18
1778943791727750576,12.016,1.6325,488.95,64.64800734469256,18.305,46.86912708632092,12.219720110170389,1.7789543454022838e+18,1.77893773023162e+18
1778943792128456341,12.036,1.7,1492.15,64.60575401706198,18.060000000000002,46.86150965938494,12.21908631025593,1.7789548554080422e+18,1.7789374437229606e+18
1778943792529007795,11.988,2.8475,1276.875,64.56568269802771,18.060000000000002,46.8444568259909,12.218485240470416,1.7789554107869686e+18,1.7789371316353582e+18
1778943792929594804,10.86,28.28,619.9,64.5663522829694,17.7625,46.863978161511234,12.218495284244542,1.778956023855048e+18,1.778936787073047e+18
1778943793330344611,10.476,36.8825,253.375,64.56616273260609,17.605,46.86201708965428,12.218492440989092,1.778956702399629e+18,1.7789364056528161e+18
1778943793731078023,10.372,39.065,773.225,64.56694064406081,17.849999999999998,46.85789650783946,12.218504109660913,1.7789574591658511e+18,1.7789359802000115e+18
1778943794532315592,11.948,2.7,721.275,64.50591361301277,18.147499999999997,46.819368764994074,12.217588704195192,1.7789582877230653e+18,1.7789355142694502e+18
1778943794933078130,12.032,1.765,562.75,64.46221610332694,17.99,46.79165328516194,12.216933241549905,1.7789592038579686e+18,1.778934998978324e+18
1778943795333892985,12.052,1.75,78.975,64.42745622261236,17.99,46.773062107506746,12.216411843339186,1.7789602249038026e+18,1.7789344245697984e+18
1778943795734580137,12.072,1.5175,241.0,64.39711449907881,17.92,46.75531337021366,12.215956717486183,1.778961374716445e+18,1.7789337776066918e+18
1778943796135229110,12.084,1.9475,735.45,64.38095910046788,17.8325,46.72851786677113,12.215714386507019,1.7789626827910963e+18,1.778933041494514e+18
1778943796535784510,12.084,1.6325,606.0,64.39434312302394,17.675,46.73358398600368,12.21591514684536,1.7789641943593902e+18,1.7789321908096164e+18
1778943796936465582,12.1,1.5475,210.95,64.40833081177783,17.587500000000002,46.73882989704313,12.216124962176668,1.7789659586389074e+18,1.7789311978436943e+18
1778943797337253056,12.104,1.7,643.75,64.41576273456737,17.587500000000002,46.741573079933005,12.216236441018511,1.778968044809903e+18,1.7789300236316014e+18
1778943797737936581,12.112,1.8,326.15,64.40434647859338,17.5,46.73820902066704,12.216065197178901,1.7789705380949921e+18,1.778928620143432e+18
1778943798138449248,12.128,1.715,995.325,64.41061175009925,17.36,46.73346748374629,12.21615917625149,1.7789735913266954e+18,1.7789269013527652e+18
1778943798539051532,12.12,1.85,1399.075,64.44085060921702,17.2375,46.74626609189396,12.216612759138256,1.7789774188006853e+18,1.7789247466689285e+18
1778943798939879248,12.108,1.68,992.825,64.45030412663728,17.2375,46.7503331465275,12.21675456189956,1.7789823324550707e+18,1.7789219804047987e+18
1778943799340401207,12.132,1.7,1391.45,64.46568200761679,17.1675,46.756896487641455,12.216985230114252,1.7789889180405448e+18,1.7789182727473946e+18
1778943799741102871,12.132,1.665,969.55,64.47094641835595,16.974999999999998,46.759109981694486,12.21706419627534,1.7789981875284844e+18,1.778913053867164e+18
1778943800141861169,12.128,1.8,1320.425,64.48104567123325,16.974999999999998,46.763442209051206,12.2172156850685,1.7790121482970665e+18,1.7789051935134354e+18
1778943800542517719,12.14,1.4325,752.8,64.47860023293812,16.87,46.762366246752265,12.217179003494072,1.779035456590507e+18,1.77889206984561e+18
1778943800943056031,12.148,1.765,658.95,64.49280254997183,16.765,46.767685784722175,12.217392038249578,1.7790825002985654e+18,1.7788655816215936e+18
1778943801343862602,12.16,1.5675,372.55,64.51729299604531,16.59,46.776710677927355,12.21775939494068,1.7792281298346214e+18,1.7787835836033436e+18
1778943801744556156,12.156,1.9975,1136.925,64.53593320023734,16.59,46.78227607192761,12.21803899800356,1.7728400344097021e+18,1.782380471719317e+18
1778943802145044081,12.168,1.5975,192.8,64.55319445168443,16.3275,46.78638550528407,12.218297916775267,1.7786827957141878e+18,1.7790906406497595e+18
1778943802545785069,12.164,1.68,588.375,64.58967516794678,16.1175,46.80168061726589,12.218845127519202,1.7788106187222938e+18,1.7790186686085952e+18
1778943802946413964,12.168,1.4975,157.175,64.61806767364253,16.1175,46.81385452690852,12.219271015104638,1.7788546526734333e+18,1.7789938750246354e+18
1778943803347192924,12.168,1.6325,479.65,64.64470899646395,15.907499999999999,46.82517976970074,12.21967063494696,1.778876936916527e+18,1.7789813279154504e+18
1778943803747775289,12.196,1.4325,1463.775,64.6731325015236,15.907499999999999,46.83733417972288,12.220096987522854,1.7788904240971581e+18,1.778973734099053e+18
1778943804148314269,12.168,1.7,1190.275,64.69547976532282,15.592500000000001,46.84680055096598,12.220432196479843,1.7788994429644703e+18,1.7789686562409508e+18
1778943804549046564,12.18,1.5175,355.625,64.71445565086779,15.260000000000002,46.85486397467784,12.220716834763017,1.7789058976689416e+18,1.7789650221908396e+18
1778943804949604003,12.168,1.615,1085.275,64.73197165290172,15.260000000000002,46.862303086262486,12.220979574793526,1.778910745758742e+18,1.7789622927860503e+18
1778943805350369452,12.172,1.5675,35.175,64.74701032214034,14.927499999999998,46.86868013052118,12.221205154832106,1.7789145259911194e+18,1.7789601646767951e+18
1778943805751125992,12.176,1.5325,107.325,64.76589336215008,14.594999999999999,46.87677372275933,12.221488400432252,1.7789175530663918e+18,1.7789584606484252e+18
1778943806151892901,11.824,9.2,327.525,64.78044985655282,14.594999999999999,46.88022637204303,12.221706747848293,1.7789199704946765e+18,1.7789570998565332e+18
1778943806552522516,11.004,27.6175,999.525,64.79480402423059,14.262500000000001,46.86477449305725,12.22192206036346,1.7789219743597286e+18,1.778955971927572e+18
1778943806953211427,10.768,31.95,1411.9,64.78901633696152,14.262500000000001,46.848366687773314,12.221835245054423,1.7789236642896364e+18,1.7789550208054833e+18
1778943807354010197,10.9,28.665,1031.975,64.7844800171165,14.367500000000001,46.84040428145085,12.221767200256748,1.7789251100266212e+18,1.7789542072110141e+18
1778943807754533898,11.02,25.415,1510.925,64.76679530242117,14.665000000000001,46.83569144015446,12.221501929536318,1.7789263564509048e+18,1.7789535058844332e+18
1778943808155262549,11.024,25.45,1334.175,64.75510823404073,14.665000000000001,46.83206485742401,12.221326623510611,1.7789274322504896e+18,1.7789529006430456e+18
1778943808555983020,11.04,24.2,794.775,64.72769457422235,14.822500000000002,46.83172348348702,12.220915418613336,1.7789283699378627e+18,1.7789523732011707e+18
1778943808956554264,10.928,26.7175,787.05,64.70859342345767,14.962500000000002,46.83420222555853,12.220628901351866,1.7789291951397517e+18,1.77895190911308e+18
1778943809357322495,11.016,24.665,763.475,64.6919629351598,14.962500000000002,46.83860713561485,12.220379444027397,1.778929927138939e+18,1.7789514975157637e+18
1778943809757891016,11.192,20.935,691.525,64.66509279777048,14.9975,46.836349715789844,12.219976391966558,1.7789305779278659e+18,1.7789511316636918e+18
1778943810158459582,10.968,25.585,471.95,64.6362270554115,15.084999999999999,46.83688407665951,12.219543405831173,1.7789311600523092e+18,1.7789508044925862e+18
1778943810559168782,10.692,32.165,1440.275,64.61636625013993,15.084999999999999,46.83460102108688,12.2192454937521,1.7789316859857562e+18,1.7789505089701445e+18
1778943810959970859,10.868,27.5975,1118.55,64.58597297658253,15.155000000000001,46.83656048206131,12.218789594648738,1.77893216048688e+18,1.7789502424225462e+18
1778943811761423992,10.756,29.815,417.25,64.56220020084915,15.364999999999998,46.84456293863479,12.218433003012738,1.778932592380464e+18,1.7789499998776366e+18
1778943812162041675,10.764,29.815,1273.325,64.53844360063299,15.364999999999998,46.850084487008196,12.218076654009495,1.7789329862417933e+18,1.7789497787546066e+18
1778943812562777052,12.024,1.4975,609.075,64.45800686649514,15.592500000000001,46.81484273676651,12.216870102997428,1.7789333431530624e+18,1.7789495784935823e+18
1778943812963504219,12.048,1.68,220.325,64.39023239395955,15.487499999999999,46.78523461741956,12.215853485909394,1.77893366770796e+18,1.778949396490256e+18
1778943813364089389,12.064,1.5825,672.375,64.3239043142479,15.487499999999999,46.75636341541931,12.214858564713719,1.7789339632252938e+18,1.7789492308701676e+18
1778943813764830725,12.076,1.4975,413.525,64.26382148014815,15.155000000000001,46.730004293212126,12.213957322202223,1.7789342355017188e+18,1.7789490783662835e+18
1778943814165222351,12.088,1.8975,1261.975,64.22082343210376,14.875,46.714241830518716,12.213312351481557,1.7789344891161864e+18,1.7789489363873812e+18
1778943814565787011,12.092,1.65,574.425,64.19079051716243,14.875,46.72473900664909,12.212861857757437,1.7789347258597967e+18,1.7789488039125084e+18
1778943814966460981,12.104,1.78,114.6,64.16660585773188,14.594999999999999,46.71785709559265,12.212499087865979,1.778934948403883e+18,1.7789486794348588e+18
1778943815367205701,12.12,1.5975,349.725,64.13601773316744,14.594999999999999,46.70603841865586,12.212040265997512,1.778935156613026e+18,1.7789485630330268e+18
1778943815767974542,12.116,1.65,1067.275,64.1159981481062,14.315,46.725774928987036,12.211739972221594,1.7789353524614285e+18,1.778948453588365e+18
1778943816168595397,12.124,1.7,1618.65,64.11163651230831,14.052499999999998,46.75273888792556,12.211674547684625,1.778935538190922e+18,1.7789483498293012e+18
1778943816769683425,12.128,1.78,24.525,64.11080471816292,14.052499999999998,46.76753924200051,12.211662070772444,1.778935714390866e+18,1.778948251423397e+18
1778943817170335213,12.128,1.78,74.825,64.11063202873974,13.719999999999999,46.772686527389794,12.211659480431097,1.7789358821760028e+18,1.7789481577428434e+18
1778943817571083341,12.14,1.865,228.325,64.11721857095023,13.719999999999999,46.78377596277362,12.211758278564254,1.7789360426975427e+18,1.7789480681366177e+18
1778943817971731169,12.148,1.75,696.775,64.12453836101308,13.475,46.78473137654357,12.211868075415197,1.7789361964465085e+18,1.778947982328763e+18
1778943818372408303,12.148,1.715,487.975,64.13170895214184,13.475,46.800475394231505,12.211975634282128,1.7789363436983444e+18,1.778947900164874e+18
1778943818773186157,12.148,2.115,1489.175,64.14602456608837,13.2125,46.80680787765105,12.212190368491326,1.778936485544195e+18,1.7789478210281344e+18
1778943819173867029,12.148,1.68,1267.8,64.15267738756076,13.2125,46.81490363119448,12.212290160813412,1.7789366215998374e+18,1.7789477451394452e+18
1778943819574569482,12.152,1.8825,592.2,64.16389321364326,12.8975,46.81322846781011,12.21245839820465,1.7789367527014185e+18,1.7789476720268856e+18
1778943819975297006,12.156,2.0325,168.85,64.18482802891434,12.8975,46.804741087493184,12.212772420433716,1.77893687942661e+18,1.7789476013602947e+18
1778943820376061474,12.144,2.0675,515.275,64.19605978246929,12.4425,46.80819848284333,12.21294089673704,1.7789370017765087e+18,1.77894753314583e+18
1778943820776820925,12.156,1.85,1572.475,64.20789392001713,12.4425,46.80617818513388,12.213118408800257,1.7789371198766945e+18,1.7789474673127685e+18
1778943821177567992,12.152,1.68,1522.0,64.21379736002821,11.9,46.79205435926132,12.213206960400424,1.778937235397814e+18,1.7789474029286815e+18
1778943821578212316,12.172,1.815,1367.975,64.23067649408762,11.9,46.79138792774785,12.213460147411315,1.7789373483907415e+18,1.778947339958257e+18
1778943821978869220,12.16,1.665,897.925,64.24005959804033,11.305,46.79234268545138,12.213600893970606,1.7789374583849797e+18,1.7789472786699917e+18
1778943822379370456,12.176,1.4475,1101.825,64.25196992496511,11.305,46.79673836488768,12.213779548874477,1.778937565206437e+18,1.7789472191599194e+18
1778943822980375832,12.184,1.6325,85.7,64.27052893093187,10.7275,46.807401165704825,12.214057933963979,1.7789376688522542e+18,1.7789471614273413e+18
1778943823381114173,12.176,1.815,261.525,64.32979340896804,10.7275,46.83284436229059,12.214946901134521,1.7789377706848637e+18,1.7789471046843023e+18
1778943823982081337,12.18,1.4975,798.1,64.37288722114482,10.7275,46.85135338110274,12.215593308317173,1.778937869848325e+18,1.7789470494225116e+18
1778943824382826117,11.972,6.0825,797.2,64.41343289915986,10.1325,46.8665635893644,12.216201493487398,1.778937966517567e+18,1.7789469955467681e+18
1778943824783577537,10.856,30.5,794.45,64.43451453964295,10.1325,46.85201588948721,12.216517718094645,1.7789380607912627e+18,1.778946943011356e+18
1778943825184313539,10.964,27.4825,786.05,64.44977419964266,9.765,46.84793357149234,12.21674661299464,1.778938152559474e+18,1.7789468918811763e+18
1778943825584952876,10.828,30.3675,760.425,64.46032599871036,9.765,46.841218882864176,12.216904889980656,1.7789382414817078e+18,1.7789468423493325e+18
1778943825985493853,10.816,29.68,443.575,64.4683056164415,10.0975,46.84806884638118,12.217024584246623,1.778938327526472e+18,1.7789467944345774e+18
1778943826386139868,10.956,26.2675,1353.675,64.46994053668442,10.465,46.85730576381671,12.217049108050267,1.7789384105652308e+18,1.7789467482117934e+18
1778943826987092737,10.84,29.0175,854.275,64.46734147263624,10.465,46.8615401896676,12.217010122089544,1.778938490373261e+18,1.7789467038098542e+18
1778943827387865282,10.704,30.8675,968.625,64.46146029571429,10.9725,46.880683129085995,12.216921904435715,1.7789385669203569e+18,1.7789466612451574e+18
1778943827788547841,11.388,16.235,1317.6,64.44065080163652,10.9725,46.88265880588882,12.216609762024548,1.7789386400043827e+18,1.7789466206374083e+18
1778943828389573534,10.544,35.35,744.175,64.44701942463509,11.795,46.89113937140751,12.216705291369527,1.7789387103461092e+18,1.7789465815706284e+18
1778943828790378889,10.48,37.65,632.625,64.43963863862085,11.795,46.87670716922599,12.216594579579313,1.7789387761857114e+18,1.7789465450338025e+18
1778943829190936480,10.424,37.8825,292.2,64.44263465493387,12.424999999999999,46.88450864246211,12.216639519824009,1.7789388382185142e+18,1.7789465106322235e+18
1778943829591666343,10.344,38.8325,891.7,64.43553599382794,12.424999999999999,46.901801209413854,12.21653303990742,1.7789388967066877e+18,1.7789464782234266e+18
1778943829992182256,10.316,40.2175,1082.85,64.42661317297693,13.125,46.903609439895114,12.216399197594654,1.7789389518641938e+18,1.7789464476878784e+18
1778943830392821245,10.476,36.0175,27.775,64.4149221262239,13.79,46.916476616083486,12.216223831893359,1.7789390038057208e+18,1.7789464189619965e+18
1778943830793216428,11.952,2.0825,84.75,64.33096806312415,13.79,46.88092017072199,12.214964520946863,1.7789390514926597e+18,1.7789463926583375e+18
1778943831193774556,11.972,2.5325,258.625,64.25894272684707,14.315,46.85090144375213,12.213884140902707,1.7789390959028472e+18,1.7789463682231058e+18
1778943831594083504,11.98,2.75,789.25,64.20043463198246,14.280000000000001,46.82676621167315,12.213006519479737,1.7789391366898685e+18,1.7789463458424084e+18
1778943831994730860,11.924,5.05,770.175,64.15906849758832,14.280000000000001,46.810716317004314,12.212386027463825,1.778939174416621e+18,1.7789463251929546e+18
1778943832395316380,11.556,12.7825,711.975,64.117006279314,14.227500000000001,46.79918180067888,12.21175509418971,1.7789392091885455e+18,1.7789463062153303e+18
1778943832795839358,11.06,23.5175,534.375,64.08523120467828,14.227500000000001,46.79668335257387,12.211278468070175,1.7789392415646016e+18,1.778946288592017e+18
1778943833396627777,10.944,26.065,1630.775,64.05407905475326,14.507499999999999,46.79486935844749,12.2108111858213,1.778939271484883e+18,1.7789462723573832e+18
1778943833796979920,10.828,28.335,61.525,64.02808069128953,14.944999999999999,46.79872911229541,12.210421210369343,1.7789392992902118e+18,1.7789462573166543e+18
1778943834197365444,10.924,26.2175,187.75,63.99632442211542,14.944999999999999,46.79939468334071,12.209944866331732,1.7789393248383926e+18,1.778946243552401e+18
1778943834597772179,10.484,36.365,572.95,63.967215874183566,15.364999999999998,46.79596396777159,12.209508238112754,1.7789393480032497e+18,1.7789462311375987e+18
1778943834998129579,11.504,13.2325,110.1,63.9272723432159,15.715,46.81547361035123,12.208909085148239,1.7789393696875323e+18,1.7789462195670738e+18
1778943835598752362,12.036,2.18,335.975,63.88661590931793,15.959999999999999,46.80752465906782,12.20829923863977,1.7789393894886147e+18,1.7789462090673725e+18
1778943835999136045,12.056,1.78,1025.3,63.85052007109388,15.959999999999999,46.815727538101676,12.207757801066409,1.7789394075348055e+18,1.7789461995628352e+18
1778943836399516210,12.068,1.78,1490.55,63.82390880010833,15.837500000000002,46.81829780738463,12.207358632001625,1.7789394238926244e+18,1.778946191012082e+18
1778943836799892728,12.06,1.9825,1271.975,63.79847872394911,15.7675,46.811869768553706,12.206977180859237,1.7789394384352742e+18,1.7789461834852575e+18
1778943837200279893,11.992,3.765,604.95,63.785667671598354,15.7675,46.827304525474695,12.206785015073976,1.778939451361378e+18,1.7789461768660593e+18
1778943837600679861,10.892,27.815,207.75,63.78614978390446,15.61,46.83901749271339,12.206792246758567,1.7789394629655e+18,1.7789461709844524e+18
1778943838001245701,10.904,27.6825,634.0,63.788588992828075,15.8725,46.85731611149468,12.206828834892422,1.7789394734209887e+18,1.7789461657428575e+18
1778943838401615147,10.732,30.4825,296.4,63.79059549710589,15.8725,46.884187509228624,12.206858932456589,1.7789394826218406e+18,1.778946161200673e+18
1778943838801954934,10.676,31.465,904.525,63.79608857662484,16.205,46.92458593618339,12.206941328649373,1.778939490510975e+18,1.7789461573883507e+18
1778943839202332777,11.68,9.235,1121.975,63.76900275620144,16.555,46.929208834954466,12.206535041343022,1.7789394965439823e+18,1.7789461546240346e+18
1778943839602752890,11.996,2.8975,147.175,63.73989131004712,16.6075,46.921247236945185,12.206098369650707,1.7789395008615352e+18,1.7789461528292324e+18
1778943840003055590,12.02,2.565,449.125,63.70904882450607,16.6075,46.89601195095504,12.205635732367591,1.7789395034999104e+18,1.7789461519843697e+18
1778943840403452003,12.008,3.1,1370.6,63.68764617580575,16.45,46.88599344281255,12.205314692637087,1.77893950455917e+18,1.7789461520296824e+18
1778943840803776149,12.06,2.3975,905.925,63.671519159802486,16.3625,46.871318385687175,12.205072787397038,1.778939504564895e+18,1.7789461526696067e+18
1778943841204361339,12.08,2.0475,1126.25,63.66398620094301,16.3625,46.878753918242744,12.204959793014146,1.7789395036579743e+18,1.7789461538219727e+18
1778943841604996018,12.1,1.8,160.225,63.65505982876908,16.205,46.87272222385717,12.204825897431537,1.778939501816941e+18,1.7789461554993764e+18
1778943842005445307,12.116,1.715,488.95,63.699020751578644,16.03,46.892156696726936,12.20548531127368,1.7789395001262372e+18,1.7789461570746184e+18
1778943842405616467,12.12,1.6325,1492.15,63.732890952671035,16.03,46.90718581192861,12.205993364290066,1.7789394986353859e+18,1.7789461585242555e+18
1778943842806018736,11.764,8.765,1276.875,63.74831456313048,15.75,46.916543248869736,12.206224718446958,1.7789394969686308e+18,1.7789461600657126e+18
1778943843206660628,11.52,15.0475,619.9,63.779020554630456,15.487499999999999,46.927343395952356,12.206685308319457,1.778939495383575e+18,1.7789461615488937e+18
1778943843607417254,10.972,26.015,253.375,63.798036451744586,15.400000000000002,46.93915647367109,12.20697054677617,1.7789394936062825e+18,1.7789461631315914e+18
1778943844008202927,10.708,32.2975,773.225,63.79934756520654,15.400000000000002,46.930678062595554,12.206990213478099,1.778939491364661e+18,1.7789461649730314e+18
1778943844408654907,10.632,33.0,721.275,63.80419987488569,15.61,46.927709888829924,12.207062998123286,1.778939488628289e+18,1.7789461670892234e+18
1778943844809261944,10.656,32.2675,562.75,63.855731430119384,15.89,46.953992905861156,12.207835971451791,1.7789394860171658e+18,1.778946169115218e+18
1778943845210051932,10.672,32.4,78.975,63.89636052456575,16.1175,46.97733651966584,12.208445407868487,1.778939483432283e+18,1.7789461711098767e+18
1778943845610475432,11.904,2.9825,241.0,63.86009880923978,16.1175,46.96348043832765,12.207901482138597,1.7789394795799304e+18,1.778946173827607e+18
1778943846011134508,11.376,15.6325,735.45,63.86487378735875,16.275000000000002,46.980834935831,12.207973106810382,1.7789394751712407e+18,1.7789461768540012e+18
1778943846411687094,11.048,23.8325,606.0,63.880389382470035,16.2925,46.99767818678828,12.208205840737051,1.7789394700878129e+18,1.7789461802506573e+18
1778943846812444544,10.992,24.3475,210.95,63.899751906975375,16.2925,47.02457887445035,12.208496278604631,1.778939464536883e+18,1.7789461839003272e+18
1778943847213148194,10.964,25.1825,643.75,63.911868271476244,16.4675,47.04568826509978,12.208678024072144,1.7789394583501583e+18,1.7789461878999406e+18
1778943847613894863,10.976,24.3175,326.15,63.915230649876484,16.695,47.069155157709034,12.208728459748148,1.778939451263788e+18,1.7789461924003622e+18
1778943848014629314,11.3,18.565,995.325,63.920482295329336,16.939999999999998,47.07795720556999,12.20880723442994,1.778939443422802e+18,1.778946197319868e+18
1778943848415280188,12.044,1.365,1399.075,63.887049359955334,16.939999999999998,47.06234950903784,12.20830574039933,1.7789394339606134e+18,1.7789462031581696e+18
1778943848815926799,12.064,1.6325,992.825,63.86263242158453,16.9225,47.05117447351813,12.207939486323768,1.7789394230279124e+18,1.7789462098274194e+18
1778943849216596732,12.072,1.75,1391.45,63.845643331334486,16.765,47.04345378102759,12.207684649970018,1.7789394106636168e+18,1.778946217302809e+18
1778943849617372904,12.088,1.6325,969.55,63.82895029141725,16.765,47.035822072272786,12.20743425437126,1.778939396843025e+18,1.7789462255980337e+18
1778943850017962868,12.092,1.5975,1320.425,63.805299503113694,16.625,47.02819459854604,12.207079492546706,1.778939380334903e+18,1.7789462354029627e+18
1778943850418736662,12.1,1.5675,752.8,63.78547005164311,16.555,47.02256469559729,12.206782050774647,1.778939361346048e+18,1.778946246600726e+18
1778943850819393793,12.1,1.73,658.95,63.78318042320735,16.4325,47.04795468582627,12.20674770634811,1.7789393402589873e+18,1.7789462589705423e+18
1778943851220162695,12.108,1.715,372.55,63.78011118421378,16.4325,47.06087990976456,12.206701667763207,1.7789393171499244e+18,1.7789462724703048e+18
1778943851620886777,12.112,1.6325,1136.925,63.779275677146636,16.2225,47.08152756634127,12.2066891351572,1.778939291962375e+18,1.7789462871306266e+18
1778943885273986632,12.124,1.8,192.8,63.77770807239011,16.0825,47.07244649720873,12.206665621085852,1.778939245478608e+18,1.778946314007786e+18
1778943885674619298,12.112,1.9475,588.375,63.7774061213426,16.0825,47.07570235727951,12.20666109182014,1.778939196677596e+18,1.7789463421777147e+18
1778943886075134660,12.132,1.665,157.175,63.78111836708422,15.959999999999999,47.085543083673464,12.206716775506264,1.7789391456816207e+18,1.7789463715702433e+18
1778943886475911435,12.124,1.8,479.65,63.781095746257286,15.959999999999999,47.08265866774086,12.20671643619386,1.778939092290336e+18,1.7789464022989683e+18
1778943886876611213,12.14,1.5975,1463.775,63.78275499506793,15.75,47.0776849142231,12.20674132492602,1.7789390374023726e+18,1.7789464338619996e+18
1778943887277375441,12.136,1.5475,1190.275,63.778265012680144,15.540000000000001,47.05675654231767,12.206673975190203,1.7789389809798077e+18,1.778946466283854e+18
1778943887677971428,12.144,1.5975,355.625,63.80545916501884,15.540000000000001,47.050900211297915,12.207081887475283,1.7789389241054986e+18,1.778946498943494e+18
1778943888078676282,12.144,1.73,1085.275,63.85090485169321,15.19,47.0700306142703,12.207763572775399,1.7789388672559552e+18,1.778946531564731e+18
1778943888479367931,12.148,1.5325,35.175,63.895768362035774,14.8925,47.088493834996335,12.208436525430537,1.7789388106424556e+18,1.7789465640293384e+18
1778943888880091163,12.144,1.8975,107.325,63.93636313258671,14.8925,47.106249155904855,12.209045446988801,1.7789387542519485e+18,1.7789465963462994e+18
1778943889280676723,12.148,1.765,327.525,63.96691894270493,14.665000000000001,47.119631839159695,12.209503784140574,1.7789386979116275e+18,1.7789466286170708e+18
1778943889681236850,12.152,1.9675,999.525,63.992507393578386,14.665000000000001,47.12565361661285,12.209887610903676,1.7789386414242153e+18,1.778946660954075e+18
1778943890081805276,12.144,1.85,1411.9,64.03094167278758,14.3325,47.13406265164916,12.210464125091814,1.7789385852849933e+18,1.7789466930729825e+18
1778943890482279729,12.148,1.815,1031.975,64.05430474391613,14.0,47.13587677954349,12.210814571158743,1.778938529168372e+18,1.7789467251639206e+18
1778943890882867967,12.168,1.615,1510.925,64.06844217935665,14.0,47.141059589640726,12.21102663269035,1.778938472892713e+18,1.7789467573332902e+18
1778943891283479070,12.164,1.665,1334.175,64.08501918152665,13.615,47.143448974776604,12.2112752877229,1.7789384165868283e+18,1.7789467895076275e+18
1778943891684222577,12.172,1.68,794.775,64.12468605255918,13.615,47.16150248298289,12.211870290788388,1.778938361068412e+18,1.7789468212169009e+18
1778943892285169095,12.176,1.615,787.05,64.15841616332385,13.299999999999999,47.17693818060002,12.212376242449858,1.7789383059870907e+18,1.778946852661582e+18
1778943892685875049,12.172,1.815,763.475,64.19064866372688,13.299999999999999,47.1915255120845,12.212859729955904,1.778938251580933e+18,1.7789468837073718e+18
1778943893086529231,12.176,1.9675,691.525,64.22983570814517,12.9325,47.2093596176756,12.213447535622178,1.778938197312638e+18,1.7789469146491364e+18
1778943893687324814,12.16,1.78,471.95,64.25445448418647,12.9325,47.220611752548145,12.213816817262797,1.7789381427041257e+18,1.7789469457639206e+18
1778943894088005910,12.18,1.765,1440.275,64.27969014037318,12.530000000000001,47.232069122865624,12.214195352105598,1.7789380878429686e+18,1.7789469770001838e+18
1778943894689118562,12.16,1.715,1118.55,64.28789251223294,12.530000000000001,47.23583191990551,12.214318387683495,1.7789380318101852e+18,1.7789470088825477e+18
1778943895089664012,12.196,1.715,136.725,64.31322337435962,12.145000000000001,47.247345069697104,12.214698350615395,1.7789379753176717e+18,1.778947041000694e+18
1778943895489977073,12.18,1.5975,417.25,64.33377948106242,12.145000000000001,47.256787116567835,12.215006692215937,1.7789379185808364e+18,1.7789470732377047e+18
1778943895890671454,12.18,1.5175,1273.325,64.34965374955068,11.7775,47.26410037211431,12.21524480624326,1.7789378612715453e+18,1.7789471057791903e+18
1778943896291285804,12.18,1.815,609.075,64.35957252187742,11.7775,47.26859888135558,12.215393587828162,1.7789378032358723e+18,1.7789471387145702e+18
1778943896691874574,12.184,1.8,220.325,64.37924928814616,11.515,47.27747260810628,12.215688739322193,1.7789377446459397e+18,1.7789471719412861e+18
1778943897092347328,12.184,1.715,672.375,64.39520232492788,11.515,47.28469394206594,12.215928034873919,1.7789376855362028e+18,1.778947205442332e+18
1778943897492851816,12.18,1.7,413.525,64.4114665106188,11.3225,47.29208724173235,12.216171997659282,1.7789376261004244e+18,1.7789472391093174e+18
1778943897893499807,12.188,1.7,1261.975,64.43198605758431,11.3225,47.301424241060744,12.216479790863765,1.7789375663502326e+18,1.7789472729326228e+18
1778943898294201141,12.196,1.5675,574.425,64.4438897106462,11.165,47.30685652796223,12.216658345659694,1.778937505712044e+18,1.7789473072372746e+18
1778943898694912914,12.196,1.75,114.6,64.46273861082459,11.165,47.315376727034334,12.21694107916237,1.7789374441526246e+18,1.778947342036686e+18
1778943899095588446,12.196,1.665,349.725,64.47529587897482,10.99,47.32111259314217,12.217129438184623,1.7789373817465034e+18,1.778947377293415e+18
1778943899496196365,12.2,1.5475,1067.275,64.48853303410542,10.99,47.327224001210524,12.217327995511582,1.7789373184683876e+18,1.7789474130207908e+18
1778943899896787123,12.196,1.815,1618.65,64.50305327848129,10.99,47.33368235803817,12.21754579917722,1.7789372542038612e+18,1.7789474492812844e+18
1778943900297499763,12.196,1.4625,24.525,64.51333283465586,10.745,47.3384567127648,12.217699992519838,1.7789371889990664e+18,1.7789474860519544e+18
1778943900697847439,12.212,1.75,74.825,64.5301408707253,10.745,47.345983028316574,12.21795211306088,1.7789371228755346e+18,1.778947523315805e+18
1778943901298770096,12.192,1.665,228.325,64.54130719194337,10.604999999999999,47.351053047117276,12.218119607879151,1.7789370557769871e+18,1.778947561109711e+18
1778943901699205383,12.204,1.65,696.775,64.55175239184305,10.604999999999999,47.35589006892897,12.218276285877646,1.7789369884228273e+18,1.778947599031906e+18
1778943902099281679,12.2,1.715,487.975,64.56128018906482,10.5,47.36018146142713,12.218419202835973,1.778936920346854e+18,1.7789476373422444e+18
1778943902699834728,12.2,1.5675,1489.175,64.57116722116724,10.5,47.364651274324025,12.21856750831751,1.778936851752684e+18,1.7789476759287442e+18
1778943903100394249,12.096,3.8675,1267.8,64.57173031127274,10.5,47.363267665076556,12.218575954669092,1.7789367823663895e+18,1.7789477149482053e+18
1778943903701204908,12.196,1.6325,592.2,64.58059464812497,10.465,47.36723511690265,12.218708919721875,1.778936712838423e+18,1.7789477540349102e+18
1778943904101847585,12.204,1.85,168.85,64.58259615403863,10.465,47.36772878713854,12.21873894231058,1.7789366431143447e+18,1.7789477932225969e+18
1778943904502371574,12.212,1.8825,515.275,64.59759064885266,10.5875,47.37425209965291,12.21896385973279,1.7789365742196936e+18,1.778947831930955e+18
1778943904902988625,12.112,3.7325,1572.475,64.60742225856448,10.5875,47.37678322730954,12.219111333878468,1.778936505455766e+18,1.778947870552397e+18
1778943905503581127,12.124,3.3325,1522.0,64.6118025540918,10.6925,47.37732252874461,12.219177038311377,1.7789364365073748e+18,1.7789479092680842e+18
1778943906504352855,12.204,1.5975,1367.975,64.61421521071786,10.6925,47.37852627927403,12.219213228160768,1.7789363671298012e+18,1.778947948218986e+18
1778943906904530735,12.204,1.6325,897.925,64.61593219565668,10.762500000000001,47.379376153214984,12.21923898293485,1.778936297995352e+18,1.7789479870268639e+18
1778943907304900842,12.204,1.5975,1101.825,64.6156133379848,10.762500000000001,47.37924343469265,12.219234200069772,1.7789362291176425e+18,1.778948025685246e+18
1778943907705127387,12.208,1.68,85.7,64.61749355367094,10.780000000000001,47.380090665826515,12.219262403305065,1.7789361603912392e+18,1.7789480642516608e+18
1778943908105309120,12.204,1.665,261.525,64.62071182875879,10.780000000000001,47.38156366138757,12.219310677431382,1.7789360919006915e+18,1.7789481026780982e+18
1778943908705693416,12.204,1.3975,798.1,64.61688320487401,10.780000000000001,47.37987227124099,12.21925324807311,1.7789360232651323e+18,1.7789481411837796e+18
1778943909106129119,12.216,1.8,797.2,64.62471411457189,10.7975,47.3832862276066,12.219370711718579,1.7789359553394156e+18,1.7789481792824822e+18
1778943909506382543,12.208,1.5325,794.45,64.62724896608682,10.7975,47.384421755236694,12.219408734491303,1.7789358894963825e+18,1.77894821621658e+18
1778943909906693647,12.208,2.18,786.05,64.63872991942532,10.780000000000001,47.38888968437124,12.21958094879138,1.7789358258113096e+18,1.7789482519369252e+18
1778943910306975458,12.212,1.615,760.425,64.6425480267178,10.780000000000001,47.39061891450583,12.219638220400768,1.778935763552107e+18,1.7789482868568026e+18
1778943910707288591,12.208,1.815,682.225,64.64647237338114,10.762500000000001,47.39221449361562,12.219697085600718,1.7789357024198162e+18,1.7789483211422907e+18
1778943911107458458,12.208,1.5675,443.575,64.6492692615743,10.762500000000001,47.393394605533835,12.219739038923615,1.7789356424301914e+18,1.7789483547858324e+18
1778943911507875339,12.192,1.7,1353.675,64.64229893294726,10.6225,47.3899951144551,12.21963448399421,1.7789355829962478e+18,1.7789483881220178e+18
1778943911908216736,12.212,1.665,854.275,64.6411947956263,10.6225,47.38937679138245,12.219617921934395,1.7789355242922834e+18,1.778948421049141e+18
1778943912308450757,12.196,1.78,968.625,64.6377946885992,10.6225,47.3888514135302,12.219566920328989,1.7789354660069048e+18,1.778948453742204e+18
1778943912708847645,12.208,1.8,1317.6,64.64516707362262,10.57,47.39516420375968,12.21967750610434,1.7789354088984346e+18,1.778948485770989e+18
1778943913109137414,12.204,1.5175,744.175,64.65950687818535,10.57,47.42920849773535,12.21989260317278,1.7789353536114703e+18,1.7789485167717908e+18
1778943913509260038,12.212,1.68,632.625,64.68048455801893,10.465,47.477161218393405,12.220207268370284,1.7789353000323676e+18,1.778948546801735e+18
1778943913909604050,12.208,1.665,292.2,64.705544683895,10.465,47.49786108454359,12.220583170258426,1.7789352487185254e+18,1.7789485755480845e+18
1778943914310078864,12.208,1.68,891.7,64.73402323444401,10.219999999999999,47.54481076445632,12.22101034851666,1.778935199164219e+18,1.7789486032882447e+18
1778943914710173132,12.22,1.865,1082.85,64.77654288542529,10.219999999999999,47.56385739733942,12.22164814328138,1.7789351530713021e+18,1.7789486290658289e+18
1778943915110650586,12.216,1.665,27.775,64.8073599395033,10.219999999999999,47.577839818586554,12.22211039909255,1.778935109384354e+18,1.7789486534770726e+18
1778943915510991370,12.212,2.0825,84.75,64.8416542456079,9.1,47.59289845211703,12.222624813684119,1.7789350687901391e+18,1.7789486761384e+18
1778943915911484153,12.22,1.815,258.625,64.8703752383023,9.1,47.60576620515614,12.223055628574535,1.7789350306367936e+18,1.7789486974167012e+18
1778943916311876447,12.216,1.865,789.25,64.89066062024789,9.1,47.61479676871639,12.223359909303719,1.7789349944938353e+18,1.7789487175588058e+18
1778943916712132439,12.216,1.8325,770.175,64.91341421800595,9.1,47.624952029732974,12.22370121327009,1.7789349602206456e+18,1.7789487366395292e+18
1778943917112350140,12.224,1.815,711.975,64.94056333432978,5.32,47.637086219820105,12.224108450014947,1.7789349279474842e+18,1.778948754584034e+18
1778943917513033880,12.224,2.0175,534.375,64.964658848352,5.32,47.64758941761029,12.22446988272528,1.7789348977468516e+18,1.7789487713554775e+18
1778943917913436304,12.228,1.9125,1630.775,64.9878501439353,5.32,47.65780101995783,12.22481775215903,1.7789348695782554e+18,1.778948786977591e+18
1778943918313756449,12.232,1.8,61.525,65.013808774808,5.32,47.6694161200588,12.22520713162212,1.778934843378269e+18,1.778948801483295e+18
1778943918714092228,12.22,1.5825,187.75,65.03302143421274,5.32,47.67816365302573,12.225495321513192,1.7789348192831483e+18,1.778948814804119e+18
1778943920716167564,12.34,1.5975,464.25,65.09058826704121,6.072500000000001,47.704560221333686,12.226358824005619,1.7789347990229962e+18,1.7789488259570527e+18
1778943921116443653,12.344,1.665,1416.775,65.1526195123955,6.072500000000001,47.7327447973814,12.227289292685933,1.778934783732196e+18,1.778948834300297e+18
1778943921517286605,12.344,1.5325,1046.85,65.20823252005358,6.072500000000001,47.75845900602594,12.228123487800804,1.7789347723835638e+18,1.7789488404097702e+18
1778943921917523866,12.336,1.5475,1556.325,65.26374758933484,8.12,47.78410966926662,12.228956213840023,1.7789347656551124e+18,1.7789488439120264e+18
1778943922317862499,12.348,1.5675,1472.725,65.32412318297445,8.12,47.81174358738252,12.229861847744617,1.7789347633365778e+18,1.7789488449203592e+18
1778943922718200968,12.348,1.65,1217.6,65.38770659989181,10.0625,47.84419870910165,12.230815598998378,1.7789347653235546e+18,1.77894884349123e+18
1778943923118577832,12.356,1.4325,439.0,65.4696987746291,10.0625,47.935739589296375,12.232045481619437,1.778934772959778e+18,1.7789488388663685e+18
1778943923518825264,12.348,1.5975,1339.7,65.55235689959007,10.5525,48.01416148067222,12.233285353493851,1.7789347868413944e+18,1.7789488307186893e+18
1778943924119219586,12.348,1.8,811.625,65.63370554163046,10.5525,48.07052860734517,12.234505583124458,1.7789348054319022e+18,1.7789488199023652e+18
1778943924519786851,12.348,1.5325,838.475,65.71323766556101,10.5525,48.138225352620104,12.235698564983416,1.778934827066415e+18,1.7789488073403348e+18
1778943924920224572,12.324,1.865,920.4,65.79282809599667,10.3075,48.21974537773543,12.23689242143995,1.778934851209072e+18,1.7789487933306655e+18
1778943925320803860,12.324,1.815,1170.425,65.86988665678979,10.3075,48.29533340349126,12.238048299851847,1.778934877046591e+18,1.7789487783267267e+18
1778943925721268836,12.34,1.815,295.05,65.95974693124242,10.045,48.38982138211977,12.239396203968637,1.7789349052385667e+18,1.7789487619544684e+18
1778943926121836356,12.32,1.9125,900.4,66.0252626679567,10.045,48.42268636559448,12.240378940019351,1.7789349339203348e+18,1.778948745267426e+18
1778943926722579078,12.32,1.9825,1109.4,66.09629079644756,9.729999999999999,48.475029348298854,12.241444361946714,1.778934963400311e+18,1.778948728092202e+18
1778943927123058314,12.328,2.0475,108.8,66.17220432464299,9.729999999999999,48.53362550992483,12.242583064869645,1.7789349938837827e+18,1.7789487103118979e+18
1778943927523834529,12.344,1.5475,332.025,66.24303806379746,9.729999999999999,48.58341177093387,12.243645570956962,1.7789350238535708e+18,1.7789486927684792e+18
1778943927924352365,12.32,1.9125,1013.25,66.30857064929616,9.485,48.62495690412432,12.244628559739443,1.7789350536303718e+18,1.7789486752909435e+18
1778943928324934078,12.324,1.8975,1453.775,66.3797548896075,9.485,48.6850805457889,12.245696323344113,1.7789350845731692e+18,1.7789486571269768e+18
1778943928725601517,12.208,4.2825,1159.75,66.44165037459837,9.485,48.723860560014174,12.246624755618976,1.7789351158986255e+18,1.778948638717722e+18
1778943929125948310,11.872,11.3175,262.475,66.4823100925827,9.275,48.714712773096544,12.247234651388741,1.7789351458581722e+18,1.778948621045074e+18
1778943929526422510,11.368,21.4975,801.0,66.5050184458613,9.275,48.693257658943,12.24757527668792,1.7789351738197181e+18,1.7789486044722906e+18
1778943929926980054,11.352,21.215,806.05,66.53500202673253,9.344999999999999,48.71261183003631,12.248025030400989,1.778935199255075e+18,1.7789485892817725e+18
1778943930327485372,11.132,25.48,821.45,66.54406475816137,9.344999999999999,48.68218683575478,12.248160971372421,1.7789352207997596e+18,1.778948576240201e+18
1778943930727782770,11.196,24.0325,868.45,66.53506731988286,10.01,48.581923230558786,12.248026009798243,1.7789352373202998e+18,1.77894856598329e+18
1778943931128300871,11.04,27.1975,1011.875,66.59328796288852,10.01,48.54673878658016,12.248899319443328,1.778935253047382e+18,1.7789485561259062e+18
1778943931528572105,11.08,25.6825,1449.575,66.64912064810191,10.674999999999999,48.535914844580155,12.24973680972153,1.7789352705813427e+18,1.7789485452441267e+18
1778943931928908364,11.184,23.115,1146.95,66.69960287749268,10.674999999999999,48.53683827967726,12.25049404316239,1.7789352899837857e+18,1.7789485333107517e+18
1778943932329148996,11.216,21.9325,223.4,66.74542838191515,11.375,48.54522375259259,12.251181425728728,1.778935311082601e+18,1.7789485204260337e+18
1778943932729453363,11.596,14.35,681.75,66.75091863954714,11.375,48.526347186420466,12.251263779593208,1.7789353315180913e+18,1.7789485079196137e+18
1778943933129764352,11.576,13.9975,442.125,66.75485753864723,11.707500000000001,48.538671692967874,12.251322863079709,1.7789353512601283e+18,1.778948495808807e+18
1778943933530049148,11.636,12.535,1349.25,66.75816430850001,11.707500000000001,48.55650559262882,12.2513724646275,1.7789353700277932e+18,1.7789484842472735e+18
1778943933930255475,11.332,19.85,840.775,66.82339105748065,11.935,48.570139608741506,12.25235086586221,1.7789353920287043e+18,1.7789484708788293e+18
1778943934330539640,11.244,21.215,927.425,66.87552913658854,11.935,48.58896474325665,12.253132937048829,1.7789354158886671e+18,1.7789484564691387e+18
1778943934730872031,11.612,13.1175,1191.875,66.91929460307178,12.3025,48.61393409782146,12.253789419046077,1.7789354405156419e+18,1.7789484416240655e+18
1778943935131090905,11.244,21.45,360.5,66.96241884133309,12.3025,48.62382890000303,12.254436282619997,1.7789354652844675e+18,1.778948426686581e+18
1778943935531318777,11.088,24.25,1100.15,66.99125545198265,12.6,48.63314011465615,12.25486883177974,1.7789354893797025e+18,1.7789484121146132e+18
1778943935931649401,11.028,25.515,80.575,67.02650845495764,13.020000000000001,48.64562461223592,12.255397626824365,1.7789355132119276e+18,1.7789483976783606e+18
1778943936331981239,11.068,24.25,245.875,67.0582682687064,13.020000000000001,48.6672273683166,12.255874024030597,1.7789355354891387e+18,1.7789483840854154e+18
1778943936732262293,10.964,26.465,750.35,67.08574715834432,13.5975,48.6845079044281,12.256286207375165,1.778935556027489e+18,1.7789483714386493e+18
1778943937132619527,11.016,25.415,651.475,67.1082145791853,13.5975,48.69833240106724,12.25662321868778,1.77893557519297e+18,1.778948359540669e+18
1778943937532988254,11.024,25.1825,349.725,67.12637818002476,14.14,48.71143766694587,12.256895672700372,1.7789355931517386e+18,1.778948348304753e+18
1778943937933368428,11.088,23.2,1067.275,67.14475254566845,14.594999999999999,48.73843912284441,12.257171288185027,1.7789356095487772e+18,1.7789483379230085e+18
1778943938333639544,11.092,23.4975,1618.65,67.1718866424683,14.594999999999999,48.76232273284354,12.257578299637025,1.7789356241810045e+18,1.7789483284961682e+18
1778943938734047823,11.08,23.4325,24.525,67.18909588582582,15.032499999999999,48.78702671389954,12.257836438287388,1.7789356364373345e+18,1.7789483203646277e+18
1778943939134228561,11.112,23.13,74.825,67.20716770233071,15.435,48.80450017987518,12.258107515534961,1.7789356468360294e+18,1.7789483132442122e+18
1778943939534414218,11.072,23.3825,228.325,67.22422860808967,15.435,48.832954027228865,12.258363429121346,1.7789356575950868e+18,1.7789483059298458e+18
1778943939934695774,11.136,22.3,696.775,67.24362086170983,15.785,48.857367264662855,12.258654312925648,1.7789356686768602e+18,1.7789482984403405e+18
1778943940334919671,11.156,21.465,487.975,67.25153046204511,16.099999999999998,48.882196189556275,12.258772956930677,1.7789356797641364e+18,1.778948290957684e+18
1778943940735165000,11.236,19.615,1489.175,67.2559782262375,16.099999999999998,48.9065498142133,12.258839673393563,1.778935690377567e+18,1.7789482837446106e+18
1778943941135354015,11.212,20.4825,1267.8,67.25542411579038,16.397499999999997,48.922206674125015,12.258831361736856,1.7789356997217462e+18,1.7789482772358792e+18
1778943941535627239,11.268,18.8325,592.2,67.25445101640915,16.66,48.944028015615736,12.258816765246138,1.7789357081830095e+18,1.7789482712214502e+18
1778943942336265348,11.268,19.1675,168.85,67.25531844747113,16.852500000000003,48.961687818707176,12.258829776712068,1.7789357157475215e+18,1.7789482657068165e+18
1778943942736621935,11.228,19.7325,515.275,67.25805932247815,16.852500000000003,48.98492697936062,12.258870889837173,1.7789357220276076e+18,1.7789482608991012e+18
1778943943136887188,11.296,18.6,1572.475,67.25775600694735,17.01,49.00087766149272,12.25886634010421,1.778935726916949e+18,1.7789482568560146e+18
1778943943737279174,11.296,19.2475,1522.0,67.252897093223,17.1675,49.00439859360584,12.258793456398346,1.778935730383613e+18,1.7789482535988035e+18
1778943944337581571,11.32,17.95,1367.975,67.24964182339177,17.22,49.02003904548264,12.258744627350877,1.7789357329127388e+18,1.778948250862844e+18
1778943944938023118,12.012,2.8825,897.925,67.20823086680095,17.22,48.998572591416014,12.258123463002015,1.7789357324969536e+18,1.7789482497628298e+18
1778943945338296134,11.84,8.0325,1101.825,67.20546313866052,17.185000000000002,48.99982589801946,12.258081947079909,1.7789357311401e+18,1.7789482491825953e+18
1778943945738536495,11.592,12.7175,85.7,67.20030844013473,17.01,49.00545865026094,12.258004626602022,1.7789357282276477e+18,1.778948249454866e+18
1778943946138842922,11.536,14.0675,261.525,67.19722116360632,16.939999999999998,49.010992331522615,12.257958317454095,1.7789357243326036e+18,1.7789482502677235e+18
1778943946539316615,11.468,15.85,798.1,67.19033791670124,16.939999999999998,49.01265708061789,12.25785506875052,1.7789357223776888e+18,1.778948250048165e+18
1778943946939340342,11.372,17.185,797.2,67.19382725808774,16.9225,49.07396171353535,12.257907408871317,1.7789357210141028e+18,1.7789482495156682e+18
1778943947339717261,11.3,18.45,794.45,67.20298318980211,16.939999999999998,49.138911662138746,12.258044747847032,1.7789357196477804e+18,1.7789482489858732e+18
1778943947740409705,11.268,19.2475,786.05,67.20543205498481,16.939999999999998,49.180023673241855,12.258081480824773,1.7789357185166193e+18,1.7789482483362202e+18
1778943948140694225,11.344,17.8675,760.425,67.20230666964311,16.9925,49.19409255525871,12.258034600044647,1.778935717541008e+18,1.7789482476142397e+18
1778943948541201065,11.344,18.135,682.225,67.20109302606019,17.08,49.20813776729026,12.258016395390904,1.7789357191904108e+18,1.778948245490499e+18
1778943948941867626,11.384,16.815,443.575,67.19448427548822,17.1675,49.20599079201332,12.257917264132324,1.7789357223455877e+18,1.7789482425727926e+18
1778943949341983277,11.42,15.7,1353.675,67.1835925981342,17.1675,49.20971126908466,12.257753888972013,1.7789357269935839e+18,1.7789482388725281e+18
1778943949742411523,11.356,17.4325,854.275,67.17760424801904,17.2025,49.207079738848215,12.257664063720286,1.778935732993637e+18,1.778948234462215e+18
1778943950142560211,11.328,17.8675,968.625,67.17381892328531,17.2025,49.207380660063116,12.25760728384928,1.7789357401530294e+18,1.778948229444329e+18
1778943950542979843,11.284,18.93,1317.6,67.16865209066003,17.255,49.20419267515417,12.257529781359901,1.7789357484131958e+18,1.7789482238521062e+18
1778943950943191018,11.328,18.135,744.175,67.16875722979523,17.255,49.22640251350372,12.25753135844693,1.7789357579392392e+18,1.778948217593367e+18
1778943951343456281,11.264,19.1325,632.625,67.16175596177231,17.2025,49.22414115493635,12.257426339426585,1.778935768390845e+18,1.778948210857056e+18
1778943951743793105,11.232,19.565,292.2,67.15270696715616,17.22,49.22193859735861,12.257290604507343,1.7789357795499584e+18,1.7789482037621417e+18
1778943952144012584,11.268,19.035,891.7,67.14496435742225,17.150000000000002,49.22094369003563,12.257174465361334,1.778935791338477e+18,1.7789481963497052e+18
1778943952544349089,11.2,20.6475,1082.85,67.21483558701975,17.150000000000002,49.27939745452808,12.258222533805297,1.778935806770593e+18,1.7789481869442068e+18
1778943952944544971,11.216,19.7325,27.775,67.26790784231211,17.22,49.33660252222777,12.259018617634682,1.778935825669086e+18,1.7789481756569654e+18
1778943953344910428,11.136,21.6175,84.75,67.31988903053383,17.185000000000002,49.39056507097997,12.259798335458008,1.7789358477809116e+18,1.7789481626270582e+18
1778943953745341346,11.08,22.7,258.625,67.37053889294648,17.115,49.445768608456525,12.260558083394198,1.778935873000598e+18,1.7789481479146788e+18
1778943954145587378,11.236,20.6675,789.25,67.40579169441925,17.115,49.46792627034544,12.26108687541629,1.7789359003205038e+18,1.7789481320724426e+18
1778943954545935051,11.272,18.965,770.175,67.44214520325502,17.22,49.507071110079934,12.261632178048826,1.7789359298681193e+18,1.7789481150339366e+18
1778943954946215723,11.232,19.7325,711.975,67.47104535729227,17.36,49.54275244865227,12.262065680359385,1.7789359602154258e+18,1.7789480975692634e+18
1778943955346375287,11.276,19.365,534.375,67.49856695904455,17.43,49.56865453794858,12.262478504385669,1.7789359917029553e+18,1.7789480794986273e+18
1778943955746643612,11.26,19.6475,1630.775,67.5270783386043,17.43,49.59585688810931,12.262906175079065,1.7789360247926154e+18,1.7789480605760018e+18
1778943956146958322,12.02,2.315,61.525,67.49470468077656,17.4825,49.57745787106129,12.262420570211649,1.778936056060402e+18,1.7789480426748063e+18
1778943956547380583,12.116,1.5975,572.95,67.48468117659843,17.150000000000002,49.571104451355566,12.262270217648977,1.7789360861557297e+18,1.7789480254299343e+18
1778943956947597824,12.12,1.4975,110.1,67.47405885692237,17.150000000000002,49.564254926263615,12.262110882853836,1.7789361150122145e+18,1.7789480088754486e+18
1778943957348028576,12.124,1.7,335.975,67.46271286485448,16.765,49.557197696891485,12.261940692972818,1.7789361425144087e+18,1.7789479930727473e+18
1778943957748292782,12.132,1.665,1025.3,67.45325272247646,16.45,49.55133362889108,12.261798790837148,1.7789361687768297e+18,1.7789479779576172e+18
1778943958148678140,12.152,1.4325,1490.55,67.44836218805483,16.45,49.5481285952347,12.261725432820823,1.7789361941552934e+18,1.7789479633368558e+18
1778943958549106257,12.152,1.415,1271.975,67.43377321867956,16.205,49.5388947930449,12.261506598280194,1.77893621798462e+18,1.7789479495698783e+18
1778943958949238991,12.164,1.6325,604.95,67.44009845723318,15.855,49.54276624437824,12.261601476858498,1.778936241404665e+18,1.7789479360335096e+18
1778943959349507571,12.168,1.6325,207.75,67.44168935108894,15.855,49.54367014533008,12.261625340266335,1.7789362640200786e+18,1.7789479229420431e+18
1778943959749901373,12.164,1.4975,634.0,67.4329553132377,15.015,49.53819275346039,12.261494329698566,1.7789362855823007e+18,1.778947910434417e+18
1778943960150209827,12.172,1.6325,296.4,67.43580978672739,15.015,49.53982830761897,12.261537146800912,1.7789363063508477e+18,1.7789478983628268e+18
1778943960550591712,12.18,1.65,904.525,67.44230089908874,14.594999999999999,49.54376989962333,12.261634513486332,1.778936326655655e+18,1.7789478865495987e+18
1778943960950901119,12.184,1.4825,1121.975,67.45259788258915,14.069999999999999,49.5500766041261,12.261788968238838,1.7789363464406234e+18,1.778947875021292e+18
1778943961351107695,12.188,1.5475,147.175,67.45388161956092,14.069999999999999,49.55087226826752,12.261808224293414,1.7789363654145577e+18,1.7789478639384287e+18
1778943961751405056,11.972,6.1125,905.925,67.46763887204028,13.125,49.55824919539916,12.262014583080605,1.7789363839050212e+18,1.778947853117171e+18
1778943962552224303,12.0,4.98,488.95,67.46842381099667,12.6,49.559736604134244,12.26202635716495,1.7789364015063631e+18,1.7789478427828767e+18
1778943963352740385,11.576,14.9,1276.875,67.47573042452373,11.935,49.551292257525,12.262135956367857,1.7789364186376768e+18,1.77894783270842e+18
1778943963753002864,11.308,19.7175,253.375,67.4752041091796,12.0575,49.54331000161894,12.262128061637695,1.7789364349731005e+18,1.77894782307056e+18
1778943964153309684,11.384,17.665,773.225,67.47870493529453,12.0575,49.54637437864809,12.262180574029419,1.7789364494566044e+18,1.778947814423913e+18
1778943964553812383,11.28,19.485,721.275,67.47350227174667,12.635,49.54953881630494,12.2621025340762,1.7789364621880658e+18,1.778947806720691e+18
1778943964954028979,11.244,20.6175,562.75,67.49467294520974,12.635,49.61763968046535,12.262420094178147,1.7789364741860644e+18,1.778947799402662e+18
1778943965354407193,11.248,19.915,78.975,67.50201257296212,13.125,49.662527190146626,12.262530188594432,1.7789364851989059e+18,1.7789477926122255e+18
1778943965754623119,11.38,16.9675,241.0,67.51246966056175,13.125,49.72041361487249,12.262687044908427,1.7789364958857628e+18,1.7789477859986578e+18
1778943966154978087,11.428,15.9475,735.45,67.51233912970771,13.545,49.747202747050096,12.262685086945616,1.778936505944355e+18,1.7789477797287442e+18
1778943966555223411,11.396,16.4675,606.0,67.50652934620969,13.8775,49.75704720499896,12.262597940193146,1.7789365154974907e+18,1.778947773741301e+18
1778943967155586074,11.38,16.75,210.95,67.50481178024279,13.8775,49.781626018562584,12.262572176703642,1.778936524812684e+18,1.7789477678925002e+18
1778943967555819807,11.252,19.6675,643.75,67.49845276442066,14.174999999999999,49.77610950602892,12.26247679146631,1.7789365341292585e+18,1.7789477620588506e+18
1778943968156234265,11.144,22.4975,326.15,67.50669622890295,14.174999999999999,49.76193575912095,12.262600443433545,1.7789365441570112e+18,1.778947755856689e+18
1778943968556506802,11.136,21.9825,995.325,67.52141306959803,14.455,49.81162489588192,12.262821196043971,1.7789365551423414e+18,1.7789477491516872e+18
1778943968956876884,11.2,21.2325,1399.075,67.56005481935772,14.84,49.9061570729878,12.263400822290366,1.7789365696893737e+18,1.7789477405577705e+18
1778943969357009400,11.2,21.1825,992.825,67.58246520809321,14.84,49.961623967398914,12.263736978121399,1.7789365869789752e+18,1.7789477305196431e+18
1778943969757396722,11.16,21.015,969.55,67.59301481825027,15.469999999999999,50.00653661084642,12.263895222273755,1.7789366059388413e+18,1.7789477196111158e+18
1778943970157537807,11.212,20.6325,1320.425,67.6270128320003,15.7675,50.09044315523158,12.264405192480005,1.7789366275610263e+18,1.778947707295743e+18
1778943970557946827,11.232,20.4825,752.8,67.63395653540101,15.7675,50.10973905520411,12.264509348031016,1.7789366505998554e+18,1.778947694248475e+18
1778943970958409607,11.244,19.7675,658.95,67.73438673384702,16.03,50.18862496150613,12.266015801007706,1.7789366782898194e+18,1.778947678707791e+18
1778943971358749080,11.288,18.15,372.55,67.81024590215164,16.2925,50.26158281225654,12.267153688532275,1.7789367096017472e+18,1.778947661234856e+18
1778943971758994996,11.12,22.18,1136.925,67.88233313621872,16.2925,50.32186635043098,12.268234997043281,1.7789367459372915e+18,1.7789476411007334e+18
1778943972159215178,11.252,18.93,192.8,67.91744929960954,16.397499999999997,50.362899253105645,12.268761739494144,1.7789367857230277e+18,1.778947619159746e+18
1778943972559343307,11.276,18.48,588.375,67.92853571411477,16.485,50.376374860815986,12.268928035711722,1.7789368281697308e+18,1.7789475958444372e+18
1778943972959585609,11.316,17.635,157.175,67.92205542796246,16.485,50.38262978424184,12.268830831419438,1.778936872389082e+18,1.7789475716336333e+18
1778943973359873944,11.344,17.565,479.65,67.91753150494458,16.73,50.38704669285473,12.26876297257417,1.7789369185395907e+18,1.7789475464440543e+18
1778943973760157416,11.316,17.7975,1463.775,67.91136327760212,17.0275,50.3948355082423,12.268670449164032,1.7789369663170058e+18,1.7789475204370278e+18
1778943974160398307,11.372,16.5175,1190.275,67.90139769331154,17.290000000000003,50.396199821292065,12.268520965399674,1.7789370153946696e+18,1.7789474937867382e+18
1778943974560747182,11.392,16.2,355.625,67.91922672816646,17.290000000000003,50.46581723977672,12.268788400922498,1.778937066161942e+18,1.7789474662721792e+18
1778943974961302418,11.424,15.68,1085.275,67.93063952469971,17.5,50.465532404454684,12.268959592870496,1.7789371185249682e+18,1.778947437947837e+18
1778943975361591037,11.396,16.4325,35.175,67.98778031559117,17.709999999999997,50.51886019450905,12.269816704733868,1.7789371735918646e+18,1.7789474082071345e+18
1778943975762028680,11.448,15.315,107.325,68.0452754540952,17.885,50.57379647984794,12.270679131811429,1.7789372310954557e+18,1.7789473771921196e+18
1778943976362545765,11.404,15.785,327.525,68.09593173875892,17.99,50.63071435785339,12.271438976081384,1.7789372905702945e+18,1.7789473451529853e+18
1778943976762924158,11.984,3.3975,999.525,68.09848821589344,17.99,50.63615964886055,12.271477323238402,1.7789373508278943e+18,1.7789473127409533e+18
1778943977163131634,11.916,5.2975,1411.9,68.1031277162862,17.955,50.642325195674644,12.271546915744294,1.778937411839063e+18,1.7789472799703342e+18
1778943977563455849,11.82,7.85,1031.975,68.09237219087557,17.7975,50.65913658041235,12.271385582863134,1.778937472770297e+18,1.7789472472856466e+18
1778943977963825005,11.852,7.1175,1510.925,68.0803840558032,17.6575,50.678507463103976,12.271205760837049,1.7789375334857948e+18,1.7789472147571167e+18
1778943978364163838,11.664,11.55,1334.175,68.07748851462748,17.4825,50.68514485535749,12.271162327719413,1.7789375942621647e+18,1.778947182234774e+18
1778943978764800897,11.748,9.215,794.775,68.06119296051818,17.4825,50.68298255558337,12.270917894407773,1.7789376547554888e+18,1.7789471499050767e+18
1778943979165189440,11.628,11.95,787.05,68.08888977399248,17.412499999999998,50.69033505378748,12.271333346609888,1.7789377160065198e+18,1.778947117200701e+18
1778943979566035085,11.712,10.2,763.475,68.13977433430607,17.36,50.732352697606196,12.272096615014592,1.7789377784764726e+18,1.778947083869593e+18
1778943979966388081,11.576,12.8325,691.525,68.19194787056453,17.36,50.77983794483489,12.272879218058469,1.778937841961215e+18,1.7789470500187274e+18
1778943980366679337,11.612,12.365,471.95,68.23712303503846,17.36,50.81765668982975,12.273556845525578,1.778937906218342e+18,1.778947015779466e+18
1778943980767236883,11.608,12.115,1440.275,68.27324573750846,17.325,50.85481682875653,12.274098686062628,1.7789379701650255e+18,1.778946981719733e+18
1778943981167450517,11.6,12.1975,1118.55,68.309028740112,17.395,50.89355525664874,12.27463543110168,1.7789380340928412e+18,1.7789469476888538e+18
1778943981568331870,11.536,13.95,136.725,68.34875803598399,17.412499999999998,50.930778308464475,12.27523137053976,1.7789380976430536e+18,1.7789469138710236e+18
1778943981968598077,11.544,13.5975,417.25,68.38109114641718,17.412499999999998,50.965258185082526,12.275716367196258,1.7789381607181007e+18,1.7789468803210202e+18
1778943982369079988,11.64,12.0825,1273.325,68.4162172080571,17.5,50.99611605666262,12.276243258120857,1.778938221938878e+18,1.7789468477511132e+18
1778943982969657094,11.576,13.3,609.075,68.43302805197212,17.465,51.00381275443016,12.276495420779582,1.778938281388268e+18,1.7789468161275768e+18
1778943983370145924,11.584,12.85,220.325,68.42494164679016,17.587500000000002,51.0107304834067,12.276374124701853,1.7789383388516355e+18,1.77894678557247e+18
1778943983970773726,11.616,11.585,672.375,68.41495997654259,17.64,51.032142833173914,12.27622439964814,1.7789383941728545e+18,1.7789467561660273e+18
1778943984371078295,11.624,11.8825,413.525,68.44185623312356,17.64,51.121669133097434,12.276627843496854,1.7789384482330168e+18,1.7789467274318208e+18
1778943984771287111,11.608,12.5,1261.975,68.45734918489828,17.5175,51.173467612058616,12.276860237773475,1.7789385012199854e+18,1.7789466992778985e+18
1778943985571862950,11.588,12.7675,114.6,68.46598788887397,17.5525,51.21290463781919,12.27698981833311,1.7789385529655107e+18,1.7789466717948572e+18
1778943985972207157,11.516,14.28,349.725,68.49002741253989,17.5525,51.28328994916967,12.277350411188099,1.778938602834656e+18,1.7789466453002432e+18
1778943986372530955,11.588,12.7175,1067.275,68.59539484517596,17.5525,51.36860250838616,12.27893092267764,1.7789386525310118e+18,1.7789466188751572e+18
1778943986772987044,11.928,4.3175,1618.65,68.54311843895071,17.535,51.30113512769484,12.278146776584261,1.778938699466169e+18,1.7789465939303032e+18
1778943987173198114,12.12,1.415,24.525,68.4940845900784,17.465,51.25793592097396,12.277411268851177,1.7789387439632822e+18,1.7789465702945293e+18
1778943987573658462,12.132,1.4625,74.825,68.44663375119988,17.3075,51.1982318061492,12.276699506267999,1.7789387861942825e+18,1.77894654787576e+18
1778943988174302828,12.144,1.5175,228.325,68.41049732204716,17.3075,51.15499821402491,12.276157459830708,1.7789388263472248e+18,1.7789465265700385e+18
1778943988574781708,12.148,1.4825,696.775,68.36874093557017,17.0975,51.08759176413013,12.275531114033553,1.7789388645361354e+18,1.778946506318476e+18
1778943989175325978,12.16,1.5975,487.975,68.34948392838676,16.905,51.059927812514324,12.275242258925802,1.7789389012356605e+18,1.778946486865392e+18
1778943989575907789,12.156,1.3975,1489.175,68.41107883493609,16.905,51.10956499505467,12.276166182524042,1.7789389378002276e+18,1.7789464674760287e+18
1778943989976511876,12.164,1.715,1267.8,68.46663366469008,16.6075,51.153612769415936,12.276999504970352,1.778938974175708e+18,1.7789464481814487e+18
1778943990376879308,12.16,1.8325,592.2,68.51543337235356,16.345,51.19201739033916,12.277731500585304,1.7789390103257203e+18,1.7789464290037932e+18
1778943990777276846,12.168,1.5675,168.85,68.55619021400119,16.345,51.224240718923085,12.278342853210019,1.7789390461421215e+18,1.778946410002385e+18
1778943991177570434,12.184,1.65,515.275,68.60673712289294,16.064999999999998,51.26437285557908,12.279101056843395,1.7789390828840658e+18,1.7789463905279037e+18
1778943991578145108,12.136,2.3825,1572.475,68.64893328942112,15.802499999999998,51.298398461155266,12.279733999341317,1.7789391202684762e+18,1.7789463707301834e+18
1778943991978490372,12.152,2.215,1522.0,68.68989154919609,15.802499999999998,51.33083511938399,12.280348373237942,1.7789391580886554e+18,1.7789463507164344e+18
1778943992379074720,12.148,1.9675,1367.975,68.71824929344916,15.540000000000001,51.353403437824184,12.280773739401738,1.7789391960508736e+18,1.7789463306430595e+18
1778943992779436545,12.16,2.15,897.925,68.75821098890647,15.295,51.385223918057356,12.281373164833598,1.778939234295116e+18,1.7789463104338317e+18
1778943993179942496,12.164,1.9675,1101.825,68.7839575769216,15.295,51.40548735337147,12.281759363653824,1.7789392726530775e+18,1.7789462901813578e+18
1778943993580611718,12.176,1.8325,85.7,68.81427511467773,15.120000000000001,51.428989384405234,12.282214126720167,1.7789393111260795e+18,1.7789462698833024e+18
1778943993980953954,12.088,3.58,261.525,68.8439863342413,15.120000000000001,51.45303334082502,12.28265979501362,1.778939349576058e+18,1.7789462496106772e+18
1778943994381456634,12.104,3.165,798.1,68.8713067031482,14.8925,51.47507429370054,12.283069600547224,1.778939388003712e+18,1.7789462293643162e+18
1778943994781829125,12.12,3.13,797.2,68.90301924888583,14.700000000000001,51.50039901560276,12.283545288733288,1.7789394264246024e+18,1.7789462091346432e+18
1778943995182194672,12.112,3.015,794.45,68.93164894040729,14.700000000000001,51.52391559777517,12.28397473410611,1.7789394647276316e+18,1.7789461889802289e+18
1778943995582748169,12.116,2.9975,786.05,68.95604984470587,14.507499999999999,51.54387313338406,12.284340747670589,1.7789395028503485e+18,1.7789461689341696e+18
1778943995982937376,12.108,3.1,760.425,68.9753222406371,14.262500000000001,51.55972908490554,12.284629833609557,1.7789395401886019e+18,1.7789461493058747e+18
1778943996383252641,12.112,3.165,682.225,69.00195162281899,14.262500000000001,51.581478762936136,12.285029274342286,1.7789395766288164e+18,1.7789461301495992e+18
1778943996783740230,12.116,3.13,443.575,69.02111892945354,14.087500000000002,51.59674652529531,12.285316783941804,1.7789396119871465e+18,1.7789461115615437e+18
1778943997183980177,12.112,3.4825,1353.675,69.04889478658158,14.087500000000002,51.618407514089164,12.285733421798724,1.778939646576503e+18,1.7789460933781202e+18
1778943997584298787,12.108,3.2,854.275,69.05980263755687,13.93,51.62734798331602,12.285897039563354,1.7789396803674168e+18,1.778946075620267e+18
1778943997984586844,12.14,2.8625,968.625,69.0854733716682,13.825000000000001,51.6474982575733,12.286282100575024,1.7789397136270602e+18,1.778946058146128e+18
1778943998384934072,12.152,2.815,1317.6,69.11484973227331,13.825000000000001,51.67037697098767,12.2867227459841,1.7789397461441874e+18,1.7789460410610632e+18
1778943998785295157,12.148,2.735,744.175,69.13528672020013,13.7725,51.68663967286175,12.287029300803002,1.7789397779561075e+18,1.7789460243494723e+18
1778943999185545448,12.136,2.8325,632.625,69.1529775124254,13.7725,51.70089377514442,12.287294662686381,1.7789398092583004e+18,1.778946007912423e+18
1778943999786079535,12.164,2.4675,292.2,69.17055813962061,13.7025,51.71481480529276,12.28755837209431,1.7789398400031268e+18,1.778945991774395e+18
1778944000186169981,12.056,4.665,891.7,69.19007246687552,13.5975,51.72965392485089,12.287851087003133,1.7789398700321175e+18,1.778945976013641e+18
1778944000586440560,12.12,3.215,1082.85,69.2011405659035,13.5975,51.73847467151031,12.288017108488553,1.7789398992990697e+18,1.778945960656002e+18
1778944000986633971,12.1,3.7,27.775,69.20821084201859,13.6325,51.74385789972736,12.28812316263028,1.7789399279561743e+18,1.7789459456253553e+18
1778944001387178367,12.076,3.9825,84.75,69.2249011811154,13.6325,51.75748375670813,12.288373517716732,1.7789399560321144e+18,1.7789459309031918e+18
1778944001787475128,12.076,4.08,258.625,69.2335874049689,13.6325,51.764475082441315,12.288503811074534,1.7789399835467924e+18,1.778945916481821e+18
1778944002187842559,12.02,4.9,789.25,69.24884618324927,13.6325,51.77795621196674,12.28873269274874,1.7789400107350062e+18,1.7789459022400202e+18
1778944002588227964,11.896,7.315,770.175,69.24612750493533,13.5975,51.77789318492817,12.28869191257403,1.7789400375335025e+18,1.7789458882156462e+18
1778944002988400616,11.752,10.3125,711.975,69.25990483388318,13.475,51.78966640619965,12.288898572508248,1.7789400640061596e+18,1.778945874370339e+18
1778944003588982422,11.684,11.5,534.375,69.27507648917799,13.475,51.804478085478365,12.28912614733767,1.778940090136434e+18,1.7789458607124408e+18
1778944003989157301,11.748,10.4675,1630.775,69.28373051616397,13.545,51.81114341117322,12.28925595774246,1.7789401158680548e+18,1.7789458472714092e+18
1778944004389499139,11.828,7.83,61.525,69.27168665379718,13.545,51.810493189117736,12.289075299806958,1.778940141188281e+18,1.7789458340602414e+18
1778944004789754362,12.044,3.63,187.75,69.25276710551194,13.737499999999999,51.798133296048256,12.28879150658268,1.7789401659142817e+18,1.7789458211724982e+18
1778944005190140527,11.896,6.6675,572.95,69.24638214653854,13.65,51.79925744852166,12.288695732198079,1.778940190123935e+18,1.7789458085641231e+18
1778944005590412556,12.092,2.9325,110.1,69.23023280266783,13.65,51.787649319774,12.288453492040018,1.7789402137771354e+18,1.778945796257859e+18
1778944005990744121,12.044,4.2975,335.975,69.22637599500396,13.475,51.78608031225178,12.28839563992506,1.7789402373825815e+18,1.7789457839938793e+18
1778944006391108275,11.76,10.3975,1025.3,69.22985044204076,13.475,51.78657216161379,12.288447756630612,1.7789402610052114e+18,1.778945771737076e+18
1778944006791378772,11.7,11.2975,1490.55,69.2327107519954,13.16,51.78977015739034,12.288490661279932,1.7789402844529219e+18,1.7789457595841953e+18
1778944007191659103,11.72,10.3475,1271.975,69.22943572343392,13.16,51.79460286254702,12.28844153585151,1.7789403076807834e+18,1.7789457475590566e+18
1778944007591977409,11.78,9.25,604.95,69.21993943278717,13.3175,51.792709182730796,12.288299091491808,1.7789403306563087e+18,1.7789457356795791e+18
1778944007992129313,11.372,17.265,207.75,69.23007437716969,13.4925,51.810131034403,12.288451115657546,1.7789403534903163e+18,1.7789457238837627e+18
1778944008392402668,11.292,18.5,634.0,69.22397985725777,13.4925,51.82178407036415,12.288359697858867,1.7789403760227794e+18,1.7789457122565117e+18
1778944008792616986,11.368,15.9175,296.4,69.22612294196588,13.79,51.85870725891054,12.288391844129489,1.7789403982979034e+18,1.7789457007727967e+18
1778944009192913301,11.288,18.15,904.525,69.22814828164141,13.79,51.88537288684971,12.288422224224622,1.7789404203026245e+18,1.7789456894388764e+18
1778944009593068906,11.416,15.8,1121.975,69.22535404089103,14.052499999999998,51.90204960460123,12.288380310613366,1.7789404421002004e+18,1.7789456782243753e+18
1778944010193645160,11.364,16.8675,147.175,69.22944616743716,14.3325,51.92426546820195,12.288441692511558,1.7789404637158438e+18,1.7789456671152458e+18
1778944010594038131,11.88,4.915,449.125,69.15114365427335,14.3325,51.873048682980084,12.287267154814101,1.7789404845400154e+18,1.7789456564390397e+18
1778944010994258866,11.496,13.9975,1370.6,69.14739053839862,14.42,51.89023526534118,12.28721085807598,1.7789405051319654e+18,1.7789456458935532e+18
1778944011394638488,11.332,17.715,905.925,69.14058590135883,14.42,51.89915469305279,12.287108788520383,1.778940525406075e+18,1.7789456355220145e+18
1778944011794919526,11.36,17.265,1126.25,69.12694229251098,14.612499999999999,51.90010751842506,12.286904134387665,1.7789405453728084e+18,1.7789456253208724e+18
1778944012195001688,11.3,17.8675,160.225,69.11871209974154,14.84,51.91814145572226,12.286780681496124,1.7789405650524966e+18,1.7789456152780063e+18
1778944012595288826,11.216,19.965,488.95,69.11700087296833,14.84,51.93248996988548,12.286755013094526,1.7789405844677663e+18,1.7789456053799073e+18
1778944012995502923,11.216,19.7325,1492.15,69.12190436131638,15.120000000000001,51.95667928889107,12.286828565419746,1.7789406036764495e+18,1.7789455955956378e+18
1778944013395748439,11.324,17.0,1276.875,69.12025882254234,15.33,51.98474880295801,12.286803882338136,1.7789406226268785e+18,1.7789455859525373e+18
1778944013795945251,11.232,19.7175,619.9,69.12334768177828,15.592500000000001,52.00014195227948,12.286850215226675,1.778940641370487e+18,1.778945576423445e+18
1778944014196093591,11.232,18.965,253.375,69.12302666972414,15.592500000000001,52.02806262325093,12.286845400045863,1.778940659887759e+18,1.7789455670187976e+18
1778944014596240238,11.316,17.515,773.225,69.12139825671353,15.802499999999998,52.048979902563936,12.286820973850704,1.77894067817734e+18,1.778945557739392e+18
1778944014996453021,11.292,17.665,721.275,69.12986024092305,15.907499999999999,52.08422127306184,12.286947903613846,1.7789406962745981e+18,1.778945548564615e+18
1778944015396694708,11.292,17.8975,562.75,69.11648108426525,15.907499999999999,52.09700528423794,12.28674721626398,1.7789407140577492e+18,1.7789455395607027e+18
1778944015796939450,11.256,19.035,78.975,69.11885333255603,16.0825,52.114612768194924,12.286782799988341,1.7789407316542006e+18,1.7789455306598518e+18
1778944016197212523,11.204,19.88,241.0,69.1010884009962,16.2225,52.119944554234195,12.286516326014944,1.7789407489023575e+18,1.7789455219473464e+18
1778944016597338558,11.224,18.93,735.45,69.09997738048884,16.2225,52.14878328182892,12.286499660707333,1.7789407659380813e+18,1.778945513351036e+18
1778944016997761506,11.324,16.8825,606.0,69.08729720811257,16.3625,52.166654310420036,12.28630945812169,1.7789407826780774e+18,1.7789455049149957e+18
1778944017397906881,11.38,16.1,210.95,69.08127840152783,16.45,52.183248873612776,12.286219176022918,1.7789407991782628e+18,1.7789454966094618e+18
1778944017798356116,11.344,16.9175,643.75,69.08421716537865,16.45,52.205896471760106,12.28626325748068,1.7789408154504282e+18,1.778945488425932e+18
1778944018198680456,11.34,16.7,326.15,69.07303573537914,16.52,52.221566001914226,12.286095536030688,1.778940831443416e+18,1.7789454803932165e+18
1778944018598894115,11.34,16.58,995.325,69.06828572553022,16.625,52.24411376049703,12.286024285882954,1.778940847238302e+18,1.7789454724693112e+18
1778944018999099886,11.352,16.3475,1399.075,69.05299381352997,16.747500000000002,52.2573855632407,12.28579490720295,1.7789408626990938e+18,1.7789454647242266e+18
1778944019399347983,11.452,14.6175,992.825,69.04595423120716,16.747500000000002,52.271417215963886,12.285689313468108,1.7789408778719698e+18,1.7789454571322422e+18
1778944019799651052,11.34,17.08,1391.45,69.03477563816298,16.939999999999998,52.279956265580616,12.285521634572445,1.7789408927e+18,1.7789454497221699e+18
1778944020199925698,11.392,15.815,969.55,69.02271732914147,17.08,52.29045854751487,12.285340759937123,1.7789409071185155e+18,1.7789454425257088e+18
1778944021000477995,11.404,14.965,1320.425,69.0033362422815,17.2025,52.302808769536156,12.285050043634223,1.778940921077012e+18,1.7789454355713567e+18
1778944021400736755,11.388,16.15,752.8,68.97546865976459,17.2025,52.29621780220697,12.28463202989647,1.7789409345076692e+18,1.7789454288920404e+18
1778944021801035594,11.36,16.4175,658.95,68.95807539992585,17.325,52.302651568476726,12.284371130998888,1.7789409474370179e+18,1.7789454224715128e+18
1778944022201313461,11.444,14.9475,372.55,68.92293283717719,17.395,52.290468011016294,12.283843992557658,1.7789409598278572e+18,1.778945416332124e+18
1778944022801854246,11.616,11.3175,1136.925,68.87514995368132,17.4825,52.26658858584257,12.28312724930522,1.77894097160566e+18,1.7789454105142395e+18
1778944023202096977,11.504,13.2325,192.8,68.83268508070108,17.4825,52.25292922895086,12.282490276210517,1.7789409828213327e+18,1.7789454049898007e+18
1778944023802813669,11.496,13.415,588.375,68.79187738664221,17.4825,52.24035281194398,12.281878160799634,1.7789409935512955e+18,1.778945399721498e+18
1778944024203120687,11.592,11.665,157.175,68.7380444923815,17.5,52.21267754780353,12.281070667385723,1.7789410037333484e+18,1.7789453947414674e+18
1778944025203778727,11.476,13.4825,479.65,68.67853742834902,17.4825,52.1885901845686,12.280178061425236,1.7789410132539215e+18,1.7789453901097272e+18
1778944025804075135,11.384,16.3325,1463.775,68.63698790318942,17.43,52.167670497856506,12.279554818547842,1.7789410222936476e+18,1.7789453857303997e+18
1778944026204218699,11.556,12.015,1190.275,68.57046805179006,17.43,52.13322466878446,12.278557020776852,1.7789410307424077e+18,1.778945381662343e+18
1778944026604520729,11.456,13.935,355.625,68.53233416235993,17.43,52.12581149520925,12.2779850124354,1.77894103869955e+18,1.778945377848964e+18
1778944027005250192,11.424,14.5475,1085.275,68.39144727783615,17.377499999999998,52.03348954328523,12.275871709167543,1.77894104567006e+18,1.778945374557453e+18
1778944027605424247,11.428,14.45,35.175,68.24062874228119,17.3425,51.932758122512375,12.273609431134219,1.778941051667002e+18,1.7789453717842184e+18
1778944028006087071,11.356,16.4675,107.325,68.10358315132225,17.3425,51.83673504517837,12.271553747269834,1.778941056773296e+18,1.778945369483224e+18
1778944028406323822,11.364,16.4475,327.525,67.97004350794403,17.395,51.74129084245231,12.269550652619161,1.7789410609957473e+18,1.7789453676495567e+18
1778944028806737154,11.36,15.6325,999.525,67.81447246080279,17.395,51.63933107399866,12.267217086912042,1.7789410642861873e+18,1.778945366311524e+18
1778944029207124854,11.36,16.365,1411.9,67.65815271557136,17.412499999999998,51.52686895321794,12.264872290733571,1.7789410666339318e+18,1.7789453654739018e+18
1778944029607361867,11.308,16.9675,1031.975,67.5004978681722,17.412499999999998,51.41945245752516,12.262507468022584,1.7789410680117814e+18,1.77894536514975e+18
1778944030007625961,11.36,15.615,1510.925,67.33145869830344,17.4475,51.305349213902446,12.259971880474552,1.7789410682034998e+18,1.7789453654469714e+18
1778944030407817569,11.376,15.9675,1334.175,67.15516160466026,17.4825,51.17646835199123,12.257327424069905,1.7789410672664748e+18,1.7789453663388854e+18
1778944030808175044,11.352,16.215,794.775,66.9848388467329,17.5,51.054917420700924,12.254772582700994,1.7789410653960899e+18,1.7789453677283256e+18
1778944031208441430,11.364,15.9325,787.05,66.81887105801947,17.5,50.93804174010251,12.252283065870293,1.7789410626853883e+18,1.7789453695685962e+18
1778944031608647680,11.352,16.3825,763.475,66.65330617944412,17.5525,50.81853339312704,12.249799592691662,1.7789410590588605e+18,1.778945371896616e+18
1778944032009054688,11.412,14.78,691.525,66.45717466126415,17.57,50.676522214885885,12.246857619918963,1.7789410544117996e+18,1.7789453747706637e+18
1778944032409277602,11.38,15.9825,471.95,66.28135396712322,17.5525,50.54542894165191,12.244220309506849,1.7789410488411208e+18,1.7789453781385021e+18
1778944032809509571,11.344,16.3825,1440.275,66.09854553316583,17.587500000000002,50.41338415724294,12.241478182997488,1.7789410423601472e+18,1.7789453819954796e+18
1778944033209950879,11.324,16.9675,1118.55,65.90294308837399,17.587500000000002,50.26862016226336,12.23854414632561,1.7789410348542984e+18,1.7789453864009088e+18
1778944033610234154,11.396,15.6,136.725,65.69964034201834,17.57,50.11276076485395,12.235494605130276,1.7789410264348677e+18,1.7789453913027005e+18
1778944034010567767,11.288,18.1825,417.25,65.51016357930317,17.5,49.96567192428294,12.232652453689548,1.7789410170514033e+18,1.7789453967230605e+18
1778944034410734343,11.268,17.7475,1273.325,65.31165090331585,17.412499999999998,49.82327417981961,12.229674763549738,1.7789410066146094e+18,1.778945402707799e+18
1778944034811415979,11.272,17.7825,609.075,65.13723477426423,17.325,49.707928749132144,12.227058521613964,1.7789409952272822e+18,1.778945409201355e+18
1778944035211920361,11.272,18.085,220.325,65.05168259893112,17.325,49.69106869391139,12.225775238983967,1.7789409833786447e+18,1.7789454159431268e+18
1778944035612282144,11.208,19.515,672.375,65.12137273128178,17.412499999999998,49.84433634594987,12.226820590969227,1.7789409718529887e+18,1.7789454225111675e+18
1778944036012635960,11.22,19.565,413.525,65.17698079987595,17.3425,49.969043392709615,12.22765471199814,1.7789409606632095e+18,1.7789454289024653e+18
1778944036412904776,11.192,19.45,1261.975,65.2911739134103,17.290000000000003,50.16689127332587,12.229367608701155,1.7789409500531287e+18,1.7789454349827756e+18
1778944036813303204,11.176,19.88,574.425,65.38590120481655,17.290000000000003,50.3395403831598,12.230788518072249,1.778940939966919e+18,1.7789454407839521e+18
1778944037213911384,11.248,18.7675,114.6,65.52013637096836,17.3075,50.553018042642954,12.232802045564526,1.7789409306714138e+18,1.7789454461651553e+18
1778944037614241501,11.904,3.3975,349.725,65.4551828868515,17.4475,50.57063354040405,12.231827743302773,1.7789409205520248e+18,1.778945451966463e+18
1778944038014914427,11.972,2.765,1067.275,65.38519721634867,17.272499999999997,50.56422482642249,12.23077795824523,1.7789409096176758e+18,1.7789454581851366e+18
1778944038415191755,11.964,3.25,1618.65,65.31817741361527,17.272499999999997,50.547712806409216,12.22977266120423,1.7789408979317455e+18,1.778945464789772e+18
1778944038815615767,11.964,3.58,24.525,65.22106973763539,16.9225,50.49080759073975,12.228316046064531,1.7789408853150833e+18,1.7789454718761654e+18
1778944039215949410,12.036,1.7,74.825,65.0966355452445,16.5725,50.39780334384428,12.226449533178668,1.7789408718590523e+18,1.7789454794071905e+18
1778944039616251981,12.028,2.215,228.325,64.99593800273186,16.5725,50.321659144701464,12.224939070040978,1.7789408576771988e+18,1.7789454873216899e+18
1778944040016991173,12.072,1.4475,696.775,64.93237134907608,16.17,50.305598986940666,12.223985570236142,1.7789408429791557e+18,1.7789454955078574e+18
1778944040417234106,12.08,1.5975,487.975,64.89200842941065,15.785,50.305447430383666,12.22338012644116,1.7789408273753308e+18,1.7789455041512645e+18
1778944040817648586,12.08,1.5975,1489.175,64.81578329565562,15.785,50.25143111718364,12.222236749434835,1.7789408108246607e+18,1.7789455132815e+18
1778944041217802425,12.092,1.5175,1267.8,64.79108089474705,15.4525,50.2704508032124,12.221866213421206,1.7789407936787658e+18,1.7789455227132454e+18
1778944041618003583,12.1,1.4975,592.2,64.78565733722267,15.155000000000001,50.305444347493875,12.22178486005834,1.77894077607057e+18,1.778945532376544e+18
1778944042018572444,12.092,1.65,168.85,64.79075707233297,15.155000000000001,50.35469362923054,12.221861356084995,1.7789407581559178e+18,1.7789455421923807e+18
1778944042418763930,12.1,1.4625,515.275,64.77617456333115,14.647499999999999,50.374060864020024,12.221642618449968,1.7789407400205862e+18,1.7789455521240952e+18
1778944042819231151,12.104,1.4625,1572.475,64.7812139880495,14.647499999999999,50.41851257902471,12.221718209820743,1.7789407217925394e+18,1.7789455621037343e+18
1778944043219603675,12.088,1.4325,1522.0,64.7648692229142,14.105,50.44307401487365,12.221473038343714,1.77894070328128e+18,1.7789455722306048e+18
1778944043619835563,12.096,1.9125,1367.975,64.77854440612995,13.405000000000001,50.49301143317554,12.22167816609195,1.7789406845333376e+18,1.7789455824738232e+18
1778944044020355969,12.104,1.335,897.925,64.74692725453635,13.405000000000001,50.48297974649049,12.221203908818046,1.778940665376548e+18,1.7789455929304223e+18
1778944044420649414,12.108,1.4325,1101.825,64.73434311325545,12.81,50.4997635228924,12.221015146698832,1.7789406461223388e+18,1.7789456034424753e+18
1778944044821025531,12.116,1.5325,85.7,64.72786935633114,12.81,50.51498701560901,12.220918040344968,1.7789406266459215e+18,1.7789456140696622e+18
1778944045221206044,12.112,1.4475,261.525,64.72065509242901,12.2325,50.53789964864647,12.220809826386436,1.7789406069870866e+18,1.7789456247927416e+18
1778944045621438632,12.112,1.5675,798.1,64.70872875442639,12.2325,50.54390721990397,12.220630931316396,1.7789405870255677e+18,1.7789456356722483e+18
1778944046021766899,12.112,1.4625,797.2,64.69378316474652,11.865,50.551116410582125,12.220406747471198,1.7789405667734118e+18,1.7789456467032796e+18
1778944046421992517,12.124,1.4825,794.45,64.68158035306226,11.865,50.5498738049735,12.220223705295934,1.778940546136246e+18,1.7789456579316495e+18
1778944046822329989,12.124,1.615,786.05,64.67049660557704,11.4975,50.54308654456797,12.220057449083656,1.778940525257002e+18,1.77894566928693e+18
1778944047222568023,12.124,1.4825,760.425,64.65952396562177,11.4975,50.54557782729117,12.219892859484327,1.7789405042237814e+18,1.7789456807258726e+18
1778944047622913483,12.128,1.5975,682.225,64.65003822325632,11.4975,50.53704376933945,12.219750573348845,1.77894048299542e+18,1.7789456922684073e+18
1778944048023248170,12.12,1.5325,443.575,64.63442354961974,11.094999999999999,50.53024470571363,12.219516353244297,1.7789404615104348e+18,1.7789457039467003e+18
1778944048423448889,12.04,3.4325,1353.675,64.63126652301764,11.094999999999999,50.53017543236045,12.219468997845265,1.7789404400403302e+18,1.7789457156235492e+18
1778944048823886820,12.068,2.565,854.275,64.61704800645533,10.71,50.52481566525674,12.21925572009683,1.7789404184293673e+18,1.7789457273789192e+18
1778944049224037299,12.076,2.5475,968.625,64.61571391942498,10.71,50.545842275307564,12.219235708791375,1.7789403967656727e+18,1.77894573916567e+18
1778944049624193297,12.08,2.7,1317.6,64.61465045471597,10.36,50.54830185335787,12.21921975682074,1.7789403750734031e+18,1.7789457509718154e+18
1778944050024773946,12.072,2.5825,632.625,64.64744868088378,10.0275,50.576425490922865,12.219711730213257,1.7789403535772913e+18,1.7789457626763996e+18
1778944050424941963,12.088,2.65,292.2,64.63747882870214,10.0275,50.571681161205404,12.219562182430533,1.7789403319000957e+18,1.7789457744781212e+18
1778944051025787738,12.02,3.8175,1082.85,64.63038835499626,9.695,50.57005308028349,12.219455825324944,1.778940309963577e+18,1.778945786416833e+18
1778944051425960058,11.336,17.9175,27.775,64.62495708810805,9.695,50.56461289507091,12.219374356321621,1.7789402878411576e+18,1.778945798453898e+18
1778944051826328487,10.992,23.8975,84.75,64.63341435969083,9.59,50.600913621712984,12.219501215395363,1.7789402656924936e+18,1.7789458105063332e+18
1778944052226529146,10.888,25.8325,258.625,64.64822013100486,9.59,50.637516029453785,12.219723301965074,1.7789402435328612e+18,1.7789458225645878e+18
1778944052626870455,10.848,27.3,789.25,64.64355701541793,10.2725,50.63263852000803,12.21965335523127,1.7789402211910374e+18,1.7789458347191936e+18
