timestamp_ns,busv,current,power,soc,hall_speed,int_r,v_unloaded,drain_time,max_time
1779392067809132567,12.356,1.9125,464.25,0.0,0.0,-3230.326797385619,6.177999999999999,,
1779392068209517420,12.356,1.9125,1416.775,0.0,0.0,-3230.3267973856205,6.177999999999997,,
1779392068609787066,12.352,1.8975,1046.85,32.571428571426154,0.0,-266.66666666668567,11.845999999999966,1.779392067942582e+18,1.779392070400851e+18
1779392069010163961,12.352,1.9475,1556.325,75.54074074074188,0.0,29.629629629639982,12.410814814814838,1.7793920679921874e+18,1.779392069536743e+18
1779392069410795224,12.344,1.9825,1472.725,83.22232558139589,0.0,118.39323467231253,12.580558139534897,1.7793920679766935e+18,1.7793920696313505e+18
1779392069811532862,12.348,1.9475,1217.6,83.64707460184597,0.0,124.05699916179981,12.59117686504615,1.7793920679064742e+18,1.7793920698782712e+18
1779392070211806662,12.348,1.8825,439.0,78.86098409542922,0.0,65.6063618290454,12.477219681908585,1.779392067763309e+18,1.779392070230386e+18
1779392070612169854,12.344,2.0325,1339.7,78.79561323341414,0.0,64.92414549444322,12.475912264668283,1.7793920675669156e+18,1.779392070606311e+18
1779392071012470610,12.348,1.9475,811.625,78.8475712435247,0.0,65.54404145079248,12.476951424870494,1.7793920673179963e+18,1.7793920710004867e+18
1779392071412870798,12.352,1.815,838.475,76.73689784011684,0.0,43.95692221623029,12.434737956802337,1.779392066992237e+18,1.779392071444272e+18
1779392071813374854,12.348,1.865,920.4,75.96696873879463,0.0,36.170420836456685,12.419339374775893,1.7793920665982103e+18,1.779392071919475e+18
1779392072213661309,12.344,1.8975,1170.425,75.52999176373802,0.0,31.909636427829568,12.41059983527476,1.779392066137255e+18,1.779392072422098e+18
1779392072614169727,12.344,1.9675,295.05,75.94469290934828,0.0,36.37389408899569,12.418893858186966,1.779392065624891e+18,1.779392072935236e+18
1779392073014543904,12.34,1.9675,900.4,76.65028867572792,0.0,43.969632222574454,12.433005773514559,1.7793920650718927e+18,1.7793920734500477e+18
1779392073415028955,12.34,1.9675,1109.4,77.21189353581127,0.0,50.0153083093545,12.444237870716226,1.7793920644792084e+18,1.7793920739676444e+18
1779392073815190261,12.344,1.865,108.8,76.28435586840565,0.0,40.60679632848715,12.425687117368113,1.7793920637999923e+18,1.7793920745281613e+18
1779392074215813514,12.336,1.85,332.025,74.2576937756902,0.0,19.953024075165775,12.385153875513804,1.7793920629807427e+18,1.7793920751710154e+18
1779392074616344557,12.332,1.9475,1013.25,74.8949014778323,0.0,26.995073891626316,12.397898029556647,1.7793920621218924e+18,1.7793920758155584e+18
1779392075016836605,12.332,1.8975,1453.775,74.20600589441317,0.0,20.225525371606537,12.384120117888264,1.779392061160686e+18,1.7793920765086894e+18
1779392075417399688,12.336,1.9125,1159.75,74.03695266344137,0.0,18.710947946809714,12.380739053268828,1.7793920601187233e+18,1.7793920772336015e+18
1779392075818070783,12.336,1.8975,262.475,73.63699564420054,0.0,14.77303988996621,12.372739912884011,1.7793920589769367e+18,1.7793920780026824e+18
1779392076218335080,12.332,1.8825,801.0,72.78198096295075,0.0,6.163564965001581,12.355639619259016,1.779392057691718e+18,1.7793920788434268e+18
1779392076618945899,12.332,1.9125,806.05,72.64492063168308,0.0,5.00285644332645,12.352898412633662,1.7793920563088302e+18,1.7793920797244247e+18
1779392077019393442,12.336,1.8825,821.45,72.18518476015666,0.0,0.36722515493135477,12.343703695203134,1.7793920547916035e+18,1.7793920806680433e+18
1779392077419825039,12.328,1.9475,868.45,72.93337996389945,0.0,8.483754512643923,12.35866759927799,1.7793920532667827e+18,1.7793920815958666e+18
1779392077820237720,12.336,1.865,1011.875,72.3500929648968,0.0,2.530964143292315,12.347001859297936,1.779392051584267e+18,1.779392082599291e+18
1779392078220487785,12.328,1.865,1449.575,71.22577493132577,0.0,-8.943369373089965,12.324515498626516,1.7793920496475054e+18,1.7793920837332598e+18
1779392078620884696,12.336,1.8,1146.95,70.55602764833154,0.0,-15.871782240319929,12.311120552966631,1.7793920474857216e+18,1.7793920849778276e+18
1779392079021235469,12.324,1.8975,223.4,70.26431642203013,0.0,-18.61639077436066,12.305286328440603,1.7793920451361902e+18,1.7793920863098355e+18
1779392079421516168,12.324,1.9125,681.75,70.30785006084582,0.0,-17.86547882663319,12.306157001216917,1.7793920426517752e+18,1.7793920876986447e+18
1779392079822198797,12.32,1.9475,442.125,71.26815761563633,0.0,-7.45871301486988,12.325363152312727,1.7793920402463741e+18,1.7793920890260285e+18
1779392080222724353,12.324,1.9475,1349.25,71.96136967040701,0.0,0.05356310532622688,12.339227393408141,1.7793920379011753e+18,1.7793920903047982e+18
1779392080623276280,12.324,1.9975,840.775,73.39026941666712,0.0,15.222064508476926,12.367805388333343,1.7793920358459602e+18,1.7793920914129933e+18
1779392081023664198,12.32,1.8975,927.425,73.00909871623665,0.0,11.529367611186911,12.360181974324734,1.7793920336137587e+18,1.7793920926039677e+18
1779392081424344114,12.316,1.9325,1191.875,73.43449807774486,0.0,16.300726185395398,12.368689961554898,1.779392031435698e+18,1.7793920937544998e+18
1779392081824919180,12.312,1.8975,360.5,72.9191567923343,0.0,11.28913081723602,12.358383135846687,1.7793920290248535e+18,1.7793920950159724e+18
1779392082225442685,12.316,1.8825,1100.15,72.16458964689235,0.0,3.698733239620703,12.343291792937848,1.7793920262780948e+18,1.7793920964403587e+18
1779392082626168404,12.32,1.9325,80.575,72.48800421575251,0.0,7.301127096057265,12.34976008431505,1.7793920235554586e+18,1.77939209784032e+18
1779392083026500004,12.316,1.9825,245.875,73.84549307230203,0.0,21.734849673950926,12.376909861446041,1.7793920212737367e+18,1.7793920990041935e+18
1779392083427172888,12.32,1.9675,750.35,74.57425678357623,0.0,29.524284061451155,12.391485135671525,1.77939201922118e+18,1.7793921000431542e+18
1779392083827607909,12.316,1.9125,651.475,74.47299040137656,0.0,28.709540300713428,12.389459808027532,1.779392017071584e+18,1.7793921011232013e+18
1779392084228174712,12.312,1.9475,349.725,75.11692016208,0.0,35.69453179108024,12.4023384032416,1.7793920151369298e+18,1.7793921020883328e+18
1779392084628551733,12.312,1.8975,1067.275,74.6463187371452,0.0,31.058409535848792,12.392926374742904,1.7793920129458163e+18,1.7793921031738655e+18
1779392085028910740,12.316,1.8825,1618.65,74.00234294507095,0.0,24.555164931790678,12.38004685890142,1.779392010413177e+18,1.7793921044202404e+18
1779392085429320296,12.32,1.865,24.525,73.28933177255966,0.0,17.273317611675207,12.365786635451194,1.7793920074873004e+18,1.7793921058509087e+18
1779392085829873505,12.316,1.8325,74.825,71.92841795499287,0.0,3.251642256743179,12.338568359099858,1.779392003811485e+18,1.7793921076372367e+18
1779392086230642251,12.312,1.8825,228.325,71.35042700212634,0.0,-2.5655563430175263,12.327008540042527,1.7793919997069645e+18,1.7793921096202634e+18
1779392086631202237,12.312,1.9125,696.775,71.33156986859522,0.0,-2.545813237633128,12.326631397371905,1.7793919954453425e+18,1.7793921116678262e+18
1779392087031850805,12.312,1.865,487.975,70.51020217921698,0.0,-10.933182408363137,12.31020404358434,1.7793919905199593e+18,1.779392114021921e+18
1779392087432583231,12.312,1.9125,1489.175,70.50896832822795,0.0,-10.746100308897837,12.31017936656456,1.779391985387748e+18,1.7793921164627645e+18
1779392087833243418,12.304,1.9125,1267.8,70.50727659467542,0.0,-10.489591972417408,12.31014553189351,1.7793919800445315e+18,1.779392118992129e+18
1779392088233717278,12.308,1.9475,592.2,71.18815198989282,0.0,-3.1410447339800527,12.323763039797857,1.7793919750295578e+18,1.7793921213556672e+18
1779392088634259745,12.308,1.9125,168.85,71.17394525631553,0.0,-3.074823901577693,12.323478905126311,1.7793919698411773e+18,1.7793921237906977e+18
1779392089034660876,12.308,1.9675,515.275,72.15654680200066,0.0,7.405401535740429,12.343130936040014,1.7793919653665633e+18,1.7793921258823798e+18
1779392089435366476,12.308,1.8975,1572.475,71.8594990516502,0.0,4.500037608739998,12.337189981033005,1.7793919605132672e+18,1.7793921281423905e+18
1779392089835887567,12.308,1.8975,1522.0,71.57427472451985,0.0,1.7103161913213325,12.331485494490398,1.7793919552611336e+18,1.7793921305791552e+18
1779392090236283018,12.3,1.9475,1367.975,72.36440662865257,0.0,10.228082679967766,12.347288132573052,1.7793919506880476e+18,1.7793921326934193e+18
1779392090636756582,12.304,1.8975,897.925,72.03232448705384,0.0,6.971419345956953,12.340646489741077,1.7793919456678868e+18,1.779392135006514e+18
1779392091037113416,12.312,1.9325,1101.825,72.26422500507157,0.0,9.529924312212705,12.345284500101432,1.779391940799297e+18,1.7793921372424558e+18
1779392091437637571,12.308,1.8325,85.7,70.99578582125596,0.0,-3.565776925865449,12.31991571642512,1.7793919343413386e+18,1.7793921401989942e+18
1779392091838219431,12.304,1.8825,261.525,70.45985260180146,0.0,-8.979243789039515,12.30919705203603,1.779391927008567e+18,1.7793921435459348e+18
1779392092238888654,12.304,1.8825,798.1,69.93113489523857,0.0,-14.145924903913764,12.29896702342858,1.779391918689152e+18,1.7793921473323418e+18
1779392092639397442,12.304,1.9475,797.2,70.55753856654661,0.0,-7.585330948693885,12.311150771330933,1.7793919109482097e+18,1.779392150845908e+18
1779392093040037388,12.304,1.85,794.45,69.43314179545175,0.0,-17.698592381142838,12.291497126931777,1.7793919011690038e+18,1.7793921552731336e+18
1779392093440404238,12.304,1.9475,786.05,70.1518296950236,0.0,-11.483941932896835,12.303036593900472,1.7793918921617116e+18,1.7793921593409244e+18
1779392093841110710,12.3,1.9675,760.425,71.16616871983304,0.0,-0.6708450399832856,12.323323374396661,1.7793918846681725e+18,1.7793921627172012e+18
1779392094241600259,12.3,1.8975,682.225,70.89193093782924,0.0,-3.3476787736115807,12.317838618756586,1.7793918764733932e+18,1.7793921664011543e+18
1779392094642100531,12.3,1.8825,443.575,70.37103739321269,0.0,-8.612341952149002,12.307420747864255,1.7793918670068554e+18,1.7793921706476751e+18
1779392095042618580,12.3,1.9125,1353.675,70.37245503005732,0.0,-8.416355291600816,12.307449100601147,1.7793918572312678e+18,1.7793921750238175e+18
1779392095443209968,12.3,1.8975,854.275,70.12443379239988,0.0,-10.836735737492777,12.302488675847998,1.7793918465655636e+18,1.7793921797890435e+18
1779392095843765949,12.3,1.8825,968.625,69.52615471174806,0.0,-15.690163318321154,12.292892320676222,1.779391834031286e+18,1.7793921853786045e+18
1779392096244203216,12.296,1.8825,1317.6,68.80199284355058,0.0,-21.183916604617025,12.28202989265326,1.7793918189594696e+18,1.7793921920877978e+18
1779392096644688715,12.296,1.8975,744.175,68.4616049025848,0.0,-23.66871139080827,12.276924073538773,1.7793918019819218e+18,1.7793921996326472e+18
1779392097045280535,12.3,1.865,632.625,67.56567582424948,0.0,-30.5570974618869,12.263485137363743,1.7793917808569984e+18,1.7793922090058074e+18
1779392097445817173,12.296,1.8825,292.2,66.92246367481422,0.0,-35.43579291060647,12.253836955122214,1.7793917554030797e+18,1.7793922202832115e+18
1779392097846392831,12.292,1.9125,891.7,66.98412600621077,0.0,-34.74731735382296,12.254761890093162,1.7793917275741693e+18,1.779392232596222e+18
1779392098246920382,12.296,1.9125,1082.85,67.03595607432335,0.0,-34.168621508341545,12.25553934111485,1.7793916970608164e+18,1.7793922460802038e+18
1779392098647612261,12.296,1.85,27.775,65.8111079474057,0.0,-43.64212871320826,12.237166619211086,1.7793916557186977e+18,1.7793922643285586e+18
1779392099048242304,12.3,1.815,84.75,64.50885220290685,0.0,-53.77449739227921,12.217632783043603,1.779391597991808e+18,1.779392289782823e+18
1779392099448481636,12.3,1.9825,258.625,65.96483107593036,0.0,-42.1714032710524,12.239472466138956,1.7793915420649326e+18,1.7793923144210038e+18
1779392099848733498,12.3,1.865,789.25,65.32056280614329,0.0,-47.1196427323464,12.22980844209215,1.7793914688178857e+18,1.779392346663202e+18
1779392100249555688,12.296,1.815,770.175,63.94199457310252,0.0,-57.84132573328069,12.209129918596538,1.7793913575397916e+18,1.7793923956109596e+18
1779392100649785483,12.296,1.8325,711.975,62.88365972481988,0.0,-66.05034544568828,12.193254895872299,1.7793911838624914e+18,1.779392471959914e+18
1779392101050625317,12.292,1.8825,534.375,62.42657576696245,0.0,-69.48857186178638,12.186398636504437,1.7793909054996398e+18,1.7793925942690463e+18
1779392101451128667,12.292,1.865,1630.775,61.70215482922699,0.0,-75.04440316027687,12.175532322438405,1.779390364657833e+18,1.7793928318195766e+18
1779392101851706531,12.292,1.8825,61.525,61.27842012931261,0.0,-78.22988848779656,12.16917630193969,1.7793889549595727e+18,1.7793934508344253e+18
1779392102252365862,12.288,1.9125,187.75,61.427148217242426,0.0,-76.87291451974608,12.171407223258637,1.779379349823553e+18,1.779397667970143e+18
1779392102653068890,12.292,1.8975,572.95,61.27346887089838,0.0,-77.93235348057779,12.169102033063476,1.7793986949434683e+18,1.7793891747857818e+18
1779392103053744526,12.284,1.9125,110.1,61.438794386160204,0.0,-76.42905929232593,12.171581915792403,1.7793948481681306e+18,1.7793908637664937e+18
1779392103454321419,12.296,1.865,335.975,60.907513772850635,0.0,-80.50792109949954,12.16361270659276,1.779393830128216e+18,1.7793913108218337e+18
1779392103854853804,12.3,1.815,1025.3,60.303547742894374,0.0,-85.2112713051834,12.154553216143416,1.779393356915058e+18,1.779391518677491e+18
1779392104255245094,12.284,1.865,1490.55,59.26759291615053,0.0,-91.28422851103728,12.142675929161506,1.779393073107346e+18,1.7793916433807665e+18
1779392104655990127,12.3,1.8975,1271.975,59.16109831949473,0.0,-91.75408144014395,12.141610983194948,1.7793929006594568e+18,1.7793917191866524e+18
1779392105056481518,12.308,1.865,604.95,58.974234343244305,0.0,-92.70979488565256,12.139742343432443,1.779392783947384e+18,1.7793917705191173e+18
1779392105456874964,12.312,1.865,207.75,58.94917823353086,0.0,-92.83794404219984,12.139491782335309,1.779392701233182e+18,1.7793918069211628e+18
1779392105857392564,12.304,1.815,634.0,58.609025327688286,0.0,-94.60517031239999,12.136090253276883,1.7793926373997732e+18,1.7793918350336558e+18
1779392106257784850,12.304,1.9975,296.4,60.30536327200714,0.0,-84.77080189808005,12.154580449080107,1.779392598786958e+18,1.7793918520522222e+18
1779392106658312161,12.312,1.8,904.525,60.59776439398338,0.0,-82.48976258721909,12.158966465909751,1.7793925689112945e+18,1.779391865230988e+18
1779392107059074297,12.316,1.8,1121.975,61.086903495215566,0.0,-78.6739580826091,12.166303552428234,1.779392546367427e+18,1.7793918751844388e+18
1779392107459451908,12.312,1.815,147.175,61.22262807227772,0.0,-77.61735296267518,12.168339421084166,1.7793925278113426e+18,1.7793918833848904e+18
1779392107860080803,12.312,1.78,449.125,61.56089335385682,0.0,-74.972923356098,12.173413400307853,1.7793925132076434e+18,1.7793918898449661e+18
1779392108260486393,12.312,1.78,1370.6,61.85686303063476,4.2525,-72.65914473754248,12.177852945459522,1.7793925016039104e+18,1.7793918949831514e+18
1779392108661009482,12.312,1.85,905.925,61.850566522162815,4.2525,-72.70755070329314,12.177758497832443,1.7793924914259338e+18,1.7793918994946714e+18
1779392109061571435,12.308,1.78,1126.25,61.894647178944446,4.2525,-72.3628728371795,12.178419707684167,1.7793924826247086e+18,1.7793919034000635e+18
1779392109462213875,12.308,1.8,160.225,61.865968241125294,4.2525,-72.5865601941844,12.17798952361688,1.7793924747811244e+18,1.7793919068842842e+18
1779392109862906499,12.308,1.85,488.95,61.78015348819447,4.2525,-73.24487145286585,12.176702302322918,1.779392467608648e+18,1.7793919100739192e+18
1779392110263466140,12.308,1.8325,1492.15,61.70069492619262,4.2525,-73.85989804526304,12.17551042389289,1.7793924610492915e+18,1.779391912994168e+18
1779392110663889890,12.308,1.73,1276.875,62.00782059731127,4.2525,-71.44801738495757,12.18011730895967,1.7793924560277924e+18,1.7793919152323187e+18
1779392111064522739,12.316,1.85,619.9,62.071154612648364,3.4475,-70.96375686068112,12.181067319189726,1.7793924517393308e+18,1.779391917145954e+18
1779392111465135486,12.312,1.765,253.375,62.34347675249075,3.4475,-68.8303118941617,12.185152151287362,1.779392448597204e+18,1.7793919185497032e+18
1779392111865620429,12.308,1.8325,773.225,62.27108541347848,3.4475,-69.38921400287619,12.184066281202178,1.7793924456790292e+18,1.7793919198549437e+18
1779392112266281047,12.308,1.765,721.275,62.3365361898558,3.4475,-68.87634787006881,12.185048042847837,1.7793924432737623e+18,1.7793919209320476e+18
1779392112666909395,12.308,1.85,562.75,62.27281453513903,3.4475,-69.36154061288816,12.184092218027086,1.7793924410520755e+18,1.7793919219281357e+18
1779392113067581150,12.304,1.8825,78.975,62.24414633648268,3.4475,-69.53971462567398,12.18366219504724,1.7793924390730796e+18,1.7793919228164854e+18
1779392113467907083,12.308,1.865,241.0,62.1969629575872,3.4475,-69.88988417031103,12.182954444363808,1.7793924372785306e+18,1.7793919236230072e+18
1779392113868354919,12.308,1.8325,735.45,62.13644094521659,3.4475,-70.35696706430541,12.18204661417825,1.7793924356272233e+18,1.779391924366055e+18
1779392114268752154,12.312,1.765,606.0,62.37664528016558,3.4475,-68.47339109283283,12.185649679202484,1.7793924346922947e+18,1.7793919247872658e+18
1779392114669162826,12.308,1.815,210.95,62.32995804199435,2.485,-68.83602783851326,12.184949370629916,1.779392433869677e+18,1.7793919251583268e+18
1779392115069489954,12.308,1.8,643.75,62.305701863398816,2.485,-69.02520385471205,12.184585527950983,1.77939243319305e+18,1.779391925463912e+18
1779392115470085015,12.304,1.815,326.15,62.17068899207883,2.485,-70.07377030478258,12.182560334881183,1.7793924324499633e+18,1.7793919257999247e+18
1779392115870417583,12.304,1.8325,995.325,62.051358706889054,2.485,-70.99310956775975,12.180770380603336,1.7793924316744504e+18,1.7793919261510252e+18
1779392116271103126,12.3,1.85,1399.075,61.91335974318593,2.485,-72.03911887916047,12.17870039614779,1.7793924308371973e+18,1.779391926530551e+18
1779392116671330583,12.3,1.78,992.825,61.687854461936425,2.485,-73.80537707050786,12.175317816929047,1.7793924297944474e+18,1.7793919270038085e+18
1779392117071995073,12.308,1.78,1391.45,61.7290195593226,2.485,-73.48295362191772,12.17593529338984,1.7793924290094738e+18,1.7793919273605148e+18
1779392117472612507,12.296,1.78,969.55,61.40220873614645,2.485,-76.0426821136737,12.171033131042197,1.7793924278611996e+18,1.7793919278829545e+18
1779392117873311589,12.304,1.8,1320.425,61.308420825837686,2.485,-76.77412873337636,12.169626312387566,1.7793924267524027e+18,1.7793919283880648e+18
1779392118273883533,12.296,1.765,752.8,61.00838864806576,2.485,-79.12975215879858,12.165125829720987,1.7793924253594117e+18,1.7793919290234294e+18
1779392118674257184,12.3,1.8,658.95,60.83820143188819,2.485,-80.4566563467548,12.162573021478323,1.7793924239056218e+18,1.7793919296873487e+18
1779392119074846950,12.3,1.78,372.55,60.68055441597382,2.485,-81.69153753028826,12.160208316239608,1.7793924224166843e+18,1.779391930368177e+18
1779392119475420270,12.3,1.78,1136.925,60.531732831436685,2.485,-82.85728731237693,12.15797599247155,1.779392420910498e+18,1.7793919310577592e+18
1779392119875869633,12.296,1.8325,192.8,60.36046912806841,2.485,-84.16941549016396,12.155407036921027,1.7793924193588319e+18,1.7793919317690668e+18
1779392120276524562,12.292,1.865,588.375,60.28338519581771,2.485,-84.70304684810968,12.154250777937266,1.7793924178975951e+18,1.7793919324397668e+18
1779392120676800085,12.296,1.8325,157.175,60.11876978619334,2.485,-85.96456750067593,12.1517815467929,1.779392416403167e+18,1.7793919331265812e+18
1779392121077097506,12.296,1.78,479.65,59.84377707256851,2.485,-87.71164428571795,12.148437770725685,1.7793924147356111e+18,1.7793919338939387e+18
1779392121477418172,12.296,1.815,1463.775,59.5633637114091,2.485,-89.16053224979233,12.145633637114091,1.779392412905392e+18,1.7793919347372334e+18
1779392121877646892,12.296,1.8825,1190.275,59.59451697680066,2.485,-88.92595628284151,12.145945169768007,1.7793924113173888e+18,1.7793919354698708e+18
1779392122278089225,12.292,1.8825,355.625,59.6322869543512,2.485,-88.6415581982752,12.146322869543512,1.7793924099612178e+18,1.7793919360963658e+18
1779392122678301435,12.296,1.815,1085.275,59.365877441166894,2.485,-90.01869653699848,12.14365877441167,1.7793924084580357e+18,1.7793919367916708e+18
1779392123078494913,12.3,1.8325,35.175,59.2200321090678,2.485,-90.76337864207609,12.142200321090678,1.7793924069615956e+18,1.7793919374847706e+18
1779392123478763986,12.292,1.85,107.325,59.035264316761484,2.485,-91.67978041211896,12.140352643167615,1.7793924054293302e+18,1.7793919381953935e+18
1779392123879305441,12.296,1.8975,327.525,59.176697906366584,2.485,-90.85628468456497,12.141766979063666,1.779392404226819e+18,1.7793919387538258e+18
1779392124279566056,12.292,1.8325,999.525,58.90533033036277,2.485,-92.24256887510181,12.139053303303628,1.779392402882758e+18,1.7793919393788122e+18
1779392124679988939,12.292,1.75,1411.9,58.51524191770106,2.485,-94.29247281193008,12.135152419177011,1.7793924012845527e+18,1.779391940122966e+18
1779392125080604796,12.292,1.8325,1031.975,58.264749422533264,2.485,-95.57023508839869,12.132647494225333,1.7793923995992225e+18,1.7793919409087368e+18
1779392125480864906,12.292,1.8325,1510.925,58.01934010692807,2.485,-96.82206806472853,12.130193401069281,1.7793923978414582e+18,1.7793919417293798e+18
1779392125881399646,12.288,1.815,1334.175,57.63199047880117,2.485,-98.82451809063517,12.126319904788012,1.7793923958812275e+18,1.7793919426457792e+18
1779392126281648770,12.292,1.8325,794.775,57.398425476528764,2.485,-100.01567217400333,12.123984254765288,1.7793923938856453e+18,1.779391943579972e+18
1779392126682026664,12.292,1.8325,787.05,57.169446958386445,2.485,-101.18343572690982,12.121694469583865,1.779392391865095e+18,1.7793919445271493e+18
1779392127082397955,12.292,1.8325,763.475,56.944921141658995,2.485,-102.32849102549596,12.11944921141659,1.7793923898289544e+18,1.779391945482943e+18
1779392127483068576,12.288,1.85,691.525,56.76754054123381,2.485,-103.20206964781121,12.117675405412339,1.7793923878230008e+18,1.7793919464258708e+18
1779392127883581328,12.292,1.8,471.95,56.47079200068801,2.485,-104.74710853620965,12.11470792000688,1.77939238574574e+18,1.779391947403675e+18
1779392128284215360,12.292,1.8,1440.275,56.18356017426367,2.485,-106.2425980877189,12.111835601742637,1.7793923836147154e+18,1.7793919484081887e+18
1779392128684864573,12.288,1.815,1118.55,55.84968819561278,2.485,-107.96903560323051,12.108496881956128,1.7793923814006129e+18,1.7793919494533386e+18
1779392129085396351,12.292,1.815,136.725,55.60309731820985,2.485,-109.24414633115052,12.106030973182099,1.779392379183147e+18,1.7793919505015585e+18
1779392129485821498,12.288,1.815,417.25,55.2842271411077,2.485,-110.89301018175254,12.102842271411077,1.779392376911137e+18,1.7793919515771016e+18
1779392129886351215,12.288,1.8325,1273.325,55.04191654787364,2.485,-112.1270179566394,12.100419165478737,1.7793923746501307e+18,1.779391952648977e+18
1779392130286608518,12.288,1.815,609.075,54.736296874847504,2.485,-113.70753356043488,12.097362968748476,1.7793923723573204e+18,1.779391953737506e+18
1779392130686924919,12.284,1.8825,220.325,54.839743703876756,2.485,-113.06139323563325,12.098397437038768,1.779392370324865e+18,1.7793919547038367e+18
1779392131087292202,12.288,1.815,672.375,54.54355629484679,2.485,-114.59344725422899,12.095435562948468,1.7793923682605965e+18,1.7793919556867382e+18
1779392131487825066,12.292,1.8325,413.525,54.369737231464136,0.0,-115.4785618180252,12.093697372314642,1.779392366251407e+18,1.7793919566448328e+18
1779392131888490623,12.288,1.865,1261.975,54.32849034502657,0.0,-115.62925048647703,12.093284903450266,1.7793923643806246e+18,1.7793919575382528e+18
1779392132289167340,12.288,1.815,574.425,54.04625538812341,0.0,-117.08958441860534,12.090462553881235,1.7793923624876682e+18,1.7793919584436262e+18
1779392132689841879,12.284,1.8825,114.6,54.154212839078056,0.0,-116.4236148138665,12.091542128390781,1.7793923608153746e+18,1.779391959244667e+18
1779392133090103322,12.288,1.8,349.725,53.84833535572417,0.0,-118.01804835709153,12.088483353557242,1.7793923591006843e+18,1.7793919600672617e+18
1779392133490460950,12.288,1.815,1067.275,53.581842457182574,0.0,-119.39704409469759,12.085818424571826,1.7793923573722678e+18,1.7793919608977106e+18
1779392133890657889,12.284,1.8825,1618.65,53.692920224619215,0.0,-118.71670177003354,12.086929202246193,1.7793923558474186e+18,1.7793919616314767e+18
1779392134291060240,12.284,1.865,24.525,53.65386782719243,0.0,-118.84774845882738,12.086538678271925,1.779392354428423e+18,1.7793919623153587e+18
1779392134691353810,12.284,1.8825,74.825,53.76318992660264,0.0,-118.17884918768172,12.087631899266027,1.7793923531890086e+18,1.7793919629136184e+18
1779392135091739006,12.284,1.815,228.325,53.43731538776898,0.0,-119.86611225581406,12.08437315387769,1.7793923518862193e+18,1.7793919635434499e+18
1779392135492101983,12.288,1.8,696.775,53.16313920949353,0.0,-121.29611082927386,12.081631392094936,1.7793923505529876e+18,1.7793919641890084e+18
1779392135892453919,12.284,1.815,487.975,52.851668336241005,0.0,-122.90861215262343,12.07851668336241,1.779392349174156e+18,1.779391964857692e+18
1779392136292722816,12.288,1.815,1489.175,52.616038743323486,0.0,-124.12847912262657,12.076160387433235,1.7793923477922145e+18,1.7793919655289454e+18
1779392136693042339,12.284,1.815,1267.8,52.31668194124151,0.0,-125.67826525340803,12.073166819412416,1.7793923463780713e+18,1.779391966216932e+18
1779392137093432402,12.28,1.75,592.2,51.83198425709322,0.0,-128.2356575215404,12.068319842570933,1.7793923448482145e+18,1.7793919669624e+18
1779392137493793354,12.28,1.8325,168.85,51.57625271781488,0.0,-129.5349982582,12.06576252717815,1.779392343319187e+18,1.7793919677086574e+18
1779392137894275916,12.284,1.78,515.275,51.24376007638017,0.0,-131.28007574789405,12.062437600763802,1.7793923417581443e+18,1.779391968471774e+18
1779392138294592116,12.28,1.8325,1572.475,50.999680117082846,0.0,-132.5191341798397,12.05999680117083,1.7793923402083558e+18,1.7793919692306143e+18
1779392138694935872,12.28,1.8825,1522.0,51.141894377211734,0.0,-131.66786806100868,12.061418943772118,1.7793923388364598e+18,1.7793919699034496e+18
1779392139095281140,12.276,1.815,1367.975,50.754337931967264,0.0,-133.67306556153926,12.057543379319673,1.7793923374079588e+18,1.7793919706051922e+18
1779392139495612153,12.28,1.865,897.925,50.74114634786078,0.0,-133.6638336836836,12.057411463478608,1.7793923360822326e+18,1.7793919712575199e+18
1779392139896063013,12.284,1.815,1101.825,50.48926476899762,0.0,-134.96731120775002,12.054892647689977,1.7793923347571674e+18,1.7793919719106068e+18
1779392140296509992,12.28,1.75,85.7,50.10441727950088,0.0,-136.99938994129334,12.05104417279501,1.779392333381976e+18,1.7793919725895265e+18
1779392140696795521,12.284,1.78,261.525,49.82866908320158,0.0,-138.44720593459675,12.048286690832017,1.7793923320037007e+18,1.7793919732711058e+18
1779392141097313966,12.28,1.765,798.1,49.46027412986514,0.0,-140.38785375445312,12.044602741298652,1.7793923305893857e+18,1.7793919739716808e+18
1779392141497655792,12.276,1.815,797.2,49.12322105434212,0.0,-142.1294766915954,12.041232210543422,1.779392329154785e+18,1.779391974683507e+18
1779392141897890483,12.276,1.85,794.45,49.0050972407632,0.0,-142.68235722801356,12.040050972407633,1.7793923277812257e+18,1.779391975366205e+18
1779392142298231229,12.28,1.85,786.05,48.904972590986354,0.0,-143.1509923693932,12.039049725909864,1.7793923264718164e+18,1.7793919760181304e+18
1779392142698647010,12.272,1.8325,760.425,48.634845811635884,0.0,-144.51756504661873,12.03634845811636,1.7793923251650207e+18,1.7793919766698724e+18
1779392143099242547,12.28,1.8825,682.225,48.78509560347999,0.0,-143.6301427104116,12.0378509560348,1.779392324002505e+18,1.7793919772506575e+18
1779392143499928119,12.284,1.85,443.575,48.70451427253536,0.0,-144.0075254016346,12.037045142725354,1.7793923228994342e+18,1.7793919778027008e+18
1779392143900224785,12.276,1.815,1353.675,48.38733191471294,0.0,-145.6478200648036,12.03387331914713,1.7793923217766943e+18,1.7793919783655672e+18
1779392144300643296,12.284,1.765,854.275,48.192661151049364,0.0,-146.6741009560811,12.031926611510494,1.7793923206751729e+18,1.7793919789187604e+18
1779392144701258585,12.276,1.78,968.625,47.79453028777659,0.0,-148.76586016520469,12.027945302877766,1.7793923195317532e+18,1.7793919794940055e+18
1779392145101946664,12.276,1.8,1317.6,47.44775627624293,0.0,-150.57471091468722,12.02447756276243,1.7793923183658913e+18,1.7793919800815754e+18
1779392145502349901,12.276,1.8325,744.175,47.242290504377536,0.0,-151.61166204980756,12.022422905043776,1.7793923172219177e+18,1.7793919806591368e+18
1779392145902892059,12.276,1.8825,632.625,47.41879311826608,0.0,-150.57588333262146,12.024187931182661,1.7793923162097656e+18,1.7793919811710518e+18
1779392146303409226,12.276,1.8325,292.2,47.21646225145464,0.0,-151.5974720772486,12.022164622514547,1.7793923152139466e+18,1.779391981675608e+18
1779392146704029102,12.276,1.78,891.7,46.852772703760735,0.0,-153.50901353790945,12.018527727037608,1.779392314189322e+18,1.7793919821956923e+18
1779392147104493250,12.276,1.85,1082.85,46.76425714696913,0.0,-153.91320207874696,12.017642571469692,1.7793923132136576e+18,1.779391982691818e+18
1779392147505167803,12.276,1.865,27.775,46.78740467115916,0.0,-153.71165730249598,12.017874046711592,1.779392312314382e+18,1.7793919831499261e+18
1779392147905828807,12.276,1.8325,84.75,46.59589636641113,0.0,-154.67820749159418,12.015958963664112,1.7793923114309166e+18,1.7793919836007985e+18
1779392148306389873,12.28,1.8325,258.625,46.43904337181551,0.0,-155.4698509233808,12.014390433718155,1.7793923105718474e+18,1.7793919840400182e+18
1779392148706816276,12.272,1.78,789.25,46.013549868706484,0.0,-157.7072682556999,12.010135498687065,1.7793923096682737e+18,1.7793919845028375e+18
1779392149107174322,12.272,1.85,770.175,45.92082329512343,0.0,-158.12711342546353,12.009208232951234,1.7793923088063132e+18,1.7793919849451525e+18
1779392149507520161,12.272,1.815,711.975,45.61660717865343,0.0,-159.69975019679194,12.006166071786534,1.7793923079324147e+18,1.7793919853944172e+18
1779392149907932749,12.276,1.815,534.375,45.36695334848939,0.0,-160.99032874331107,12.003669533484894,1.7793923070610317e+18,1.7793919858432125e+18
1779392150308507975,12.272,1.73,1630.775,45.01518578207538,0.0,-162.85660739544764,12.000151857820754,1.7793923061686536e+18,1.7793919863036767e+18
1779392150709077854,12.28,1.8325,61.525,44.878889156199335,0.0,-163.54194055014355,11.998788891561993,1.7793923053069215e+18,1.7793919867491564e+18
1779392151109652047,12.272,1.78,187.75,44.504003933606285,0.0,-165.51354036597027,11.995040039336063,1.7793923044205558e+18,1.779391987208223e+18
1779392151510293270,12.276,1.8,572.95,44.24015033627926,0.0,-166.89035955068863,11.992401503362792,1.7793923035364027e+18,1.7793919876670031e+18
1779392151910532962,12.272,1.78,110.1,43.881998896409065,0.0,-168.77407602293243,11.98881998896409,1.7793923026343936e+18,1.779391988135927e+18
1779392152311018104,12.276,1.78,335.975,43.614059071162096,0.0,-170.18331972880674,11.98614059071162,1.7793923017356255e+18,1.7793919886040502e+18
1779392152711450411,12.272,1.85,1025.3,43.548668938613226,0.0,-170.46218745805726,11.985486689386132,1.7793923008830781e+18,1.779391989048938e+18
1779392153112203660,12.272,1.815,1490.55,43.293316279817965,0.0,-171.77987318704976,11.98293316279818,1.779392300035324e+18,1.7793919894921697e+18
1779392153512669012,12.272,1.765,1271.975,42.960212876010495,0.0,-173.5388952152023,11.979602128760105,1.7793922991769157e+18,1.7793919899418263e+18
1779392153913236278,12.276,1.815,604.95,42.75863328111271,0.0,-174.57857620840701,11.977586332811127,1.779392298335262e+18,1.7793919903835492e+18
1779392154313653448,12.268,1.865,207.75,42.82069358785129,0.0,-174.15690439708482,11.978206935878513,1.7793922975613865e+18,1.779391990790483e+18
1779392154714165881,12.272,1.765,634.0,42.50647006341019,0.0,-175.81652858188394,11.975064700634102,1.7793922967795256e+18,1.7793919912024082e+18
1779392155114677938,12.272,1.815,296.4,42.272277161512335,0.0,-177.0240678596304,11.972722771615123,1.7793922960057674e+18,1.779391991610853e+18
1779392155515221362,12.268,1.865,904.525,42.33783297381379,0.0,-176.5853638080975,11.973378329738138,1.779392295295687e+18,1.7793919919864108e+18
1779392155915575379,12.268,1.8325,1121.975,42.15878560235436,0.0,-177.47965912844012,11.971587856023543,1.7793922946014364e+18,1.7793919923543127e+18
1779392156316129405,12.272,1.815,147.175,41.931575226488185,0.0,-178.65157264089535,11.969315752264881,1.779392293913909e+18,1.7793919927193603e+18
1779392156716276170,12.264,1.8325,449.125,41.73252574263765,0.0,-179.6454527398947,11.967325257426376,1.7793922932380736e+18,1.7793919930789048e+18
1779392157116931183,12.268,1.8325,1370.6,41.55975306344265,0.0,-180.5081293175057,11.965597530634426,1.7793922925782536e+18,1.7793919934306168e+18
1779392157517360765,12.272,1.815,905.925,41.340632788170005,0.0,-181.63855672281494,11.9634063278817,1.7793922919260124e+18,1.7793919937789742e+18
1779392157917884431,12.272,1.85,1126.25,41.29501479475509,0.0,-181.81903453801567,11.96295014794755,1.7793922913104486e+18,1.7793919941083932e+18
1779392158318402496,12.268,1.85,160.225,41.243180746667946,0.0,-182.02410484144374,11.962431807466679,1.7793922907288778e+18,1.779391994420234e+18
1779392158718760714,12.268,1.8,488.95,40.93627012162186,0.0,-183.6266991183985,11.959362701216218,1.7793922901382387e+18,1.7793919947375662e+18
1779392159119422548,12.268,1.865,1492.15,41.00716112131652,0.0,-183.1648365601324,11.960071611213165,1.7793922895999314e+18,1.7793919950273595e+18
1779392159520130938,12.272,1.8825,1276.875,41.216628153927765,0.0,-181.95846405336786,11.962166281539277,1.7793922891334305e+18,1.7793919952789957e+18
1779392159920386352,12.268,1.78,619.9,40.88037586645678,0.0,-183.7294811381703,11.958803758664567,1.7793922886502464e+18,1.779391995540153e+18
1779392160321045299,12.268,1.8,253.375,40.587083598098374,0.0,-185.26117041187584,11.955870835980983,1.7793922881580654e+18,1.7793919958067044e+18
1779392160721802070,12.268,1.85,773.225,40.54224721112223,0.0,-185.43213688024966,11.955422472111222,1.7793922876951982e+18,1.7793919960578842e+18
1779392161122143291,12.264,1.8325,721.275,40.3644807788234,0.0,-186.31890516289684,11.953644807788233,1.7793922872405396e+18,1.779391996305103e+18
1779392161522550979,12.264,1.85,562.75,40.3152527475283,0.0,-186.5056079942835,11.953152527475282,1.7793922868128271e+18,1.7793919965381404e+18
1779392161923007612,12.264,1.78,78.975,39.94992239412093,0.0,-188.53603138209706,11.949298913517692,1.779392286365015e+18,1.7793919967826186e+18
1779392162323845299,12.264,1.815,241.0,39.75881875360274,0.0,-189.9167790575128,11.946623462550438,1.779392285923258e+18,1.7793919970242778e+18
1779392162724680103,12.264,1.85,735.45,39.72727117525701,0.0,-190.07804801787321,11.946181796453597,1.779392285509997e+18,1.77939199725081e+18
1779392163124929649,12.264,1.8325,606.0,39.60773603999023,0.0,-190.91204950353944,11.944508304559863,1.7793922851117706e+18,1.7793919974695398e+18
1779392163525362551,12.264,1.8,210.95,39.38000786619391,0.0,-192.57799488444573,11.941320110126714,1.7793922847131476e+18,1.7793919976889362e+18
1779392163926010342,12.256,1.8,643.75,39.08097499491102,0.0,-194.76556975648464,11.937133649928754,1.7793922843046364e+18,1.7793919979142285e+18
1779392164326580469,12.264,1.865,326.15,39.14360162445068,0.0,-194.2113479713941,11.938010422742309,1.7793922839353324e+18,1.779391998118311e+18
1779392164727184904,12.26,1.85,995.325,39.112547559385604,0.0,-194.36311758475065,11.937575665831398,1.7793922835911928e+18,1.7793919983088763e+18
1779392165128017590,12.268,1.85,1399.075,39.08838158328018,0.0,-194.48122324473988,11.937237342165922,1.7793922832721316e+18,1.7793919984859174e+18
1779392165528486046,12.264,1.865,992.825,39.15025228735337,0.0,-193.93465149384036,11.938103532022946,1.779392282988264e+18,1.779391998643752e+18
1779392165929299316,12.268,1.75,1391.45,38.983506362497145,0.0,-195.17380348644122,11.93576908907496,1.7793922827090225e+18,1.7793919987993334e+18
1779392166329878344,12.264,1.815,969.55,38.81175392154108,0.0,-196.4148732003799,11.933364554901575,1.7793922824336635e+18,1.7793919989530621e+18
1779392166730567143,12.264,1.85,1320.425,38.787983421665196,0.0,-196.523262309575,11.933031767903312,1.7793922821805673e+18,1.7793919990946511e+18
1779392167131100756,12.264,1.85,752.8,38.764404257225955,0.0,-196.63077896435883,11.932701659601163,1.7793922819489142e+18,1.7793919992245138e+18
1779392167531679714,12.264,1.8,658.95,38.559611309363945,0.0,-198.12968201561722,11.929834558331095,1.7793922817158216e+18,1.779391999355451e+18
1779392167932396170,12.26,1.865,372.55,39.09788631037635,0.0,-193.87409116441458,11.937370408345268,1.7793922815710177e+18,1.7793919994369603e+18
1779392168332738030,12.256,1.78,1136.925,39.24651042611944,0.0,-192.58985350215315,11.939451145965672,1.7793922814646638e+18,1.7793919994969464e+18
1779392168733234280,12.264,1.815,192.8,39.438236038932885,0.0,-190.98420357953728,11.94213530454506,1.779392281400496e+18,1.779391999533218e+18
1779392169133891592,12.26,1.8325,588.375,39.939541700491674,0.0,-187.0409838526096,11.949153583806883,1.7793922814133983e+18,1.7793919995259077e+18
1779392169534384297,12.26,1.78,157.175,40.29141998287442,0.0,-184.90857111961344,11.952914199828744,1.779392281483482e+18,1.7793919994861327e+18
1779392169934918534,12.264,1.815,479.65,40.896354799161244,0.0,-181.5091601200212,11.958963547991612,1.7793922816382733e+18,1.7793919993981066e+18
1779392170335730133,12.264,1.85,1463.775,41.25196588807766,0.0,-179.41740399328833,11.962519658880776,1.7793922818467955e+18,1.7793919992792758e+18
1779392170736513055,12.264,1.85,1190.275,42.03255732749594,0.0,-175.09272925819516,11.970325573274959,1.7793922821562342e+18,1.7793919991025787e+18
1779392171137128247,12.264,1.9475,355.625,44.11855615565576,0.0,-163.6272575261468,11.991185561556557,1.779392282713127e+18,1.779391998783931e+18
1779392171537880607,12.264,1.815,1085.275,43.32655063734423,0.0,-167.7210191198843,11.983265506373442,1.7793922831861596e+18,1.7793919985127137e+18
1779392171938603987,12.26,1.78,35.175,43.138411976424706,0.0,-168.57930912913852,11.981384119764247,1.7793922836450895e+18,1.779391998249051e+18
1779392172339185988,12.264,1.8325,107.325,43.543965286953416,0.0,-166.23541574524214,11.985439652869534,1.7793922841571988e+18,1.7793919979542415e+18
1779392172739733202,12.26,1.9125,327.525,45.20957973906324,0.0,-157.05962714132724,12.002095797390632,1.7793922848638932e+18,1.7793919975465958e+18
1779392173139942397,12.26,1.8,999.525,45.7929844284133,0.0,-153.7850225022116,12.007929844284133,1.7793922856410929e+18,1.7793919970973814e+18
1779392173540448647,12.26,1.85,1411.9,46.7510150368137,0.0,-148.46313985437234,12.017510150368137,1.779392286530734e+18,1.7793919965821517e+18
1779392173940824552,12.264,1.8,1031.975,46.71110630199338,0.0,-148.52687682379116,12.017111063019934,1.7793922874193574e+18,1.7793919960664888e+18
1779392174341264147,12.26,1.85,1510.925,46.752568917122915,0.0,-148.13768553272982,12.01752568917123,1.7793922883161812e+18,1.7793919955450412e+18
1779392174741854183,12.26,1.865,1334.175,47.614907995936875,0.0,-143.33709979288207,12.026149079959369,1.7793922893145336e+18,1.7793919949634217e+18
1779392175142171898,12.26,1.815,794.775,47.84632464800043,0.0,-141.95294913858044,12.028463246480005,1.7793922903424617e+18,1.7793919943634035e+18
1779392175542712954,12.26,1.815,787.05,48.26490705913626,0.0,-139.5499804426303,12.032649070591363,1.779392291421443e+18,1.7793919937323628e+18
1779392175943127941,12.264,1.8825,763.475,49.10528070271189,0.0,-134.84444304488773,12.04105280702712,1.7793922926001203e+18,1.7793919930416899e+18
1779392176343410406,12.26,1.85,691.525,49.49718402424406,0.0,-132.5739802069985,12.044971840242441,1.7793922938272822e+18,1.779391992321226e+18
1779392176744184685,12.26,1.815,471.95,49.88729564812342,0.0,-130.3312736234561,12.048872956481235,1.7793922951031063e+18,1.779391991570771e+18
1779392177144374548,12.256,1.85,1440.275,50.34254638485329,0.0,-127.6991034593478,12.053425463848534,1.779392296435601e+18,1.7793919907855045e+18
1779392177545118984,12.256,1.8825,1118.55,51.466022153168296,0.0,-121.46981114501267,12.064660221531684,1.779392297904023e+18,1.77939198991851e+18
1779392177945837446,12.256,1.85,136.725,51.745856524489405,0.0,-119.78303535882125,12.067458565244895,1.779392299410251e+18,1.7793919890275415e+18
1779392178346127248,12.256,1.815,417.25,51.70018109097186,0.0,-119.8875321770579,12.06700181090972,1.7793923009158794e+18,1.7793919881352845e+18
1779392178746589962,12.252,1.9125,1273.325,51.837135373484074,0.0,-118.93368657408695,12.068371353734841,1.7793923024428283e+18,1.7793919872287393e+18
1779392179146971742,12.252,1.815,609.075,51.99359623637979,0.0,-117.9504623088446,12.069935962363799,1.779392303993724e+18,1.779391986306308e+18
1779392179547297129,12.252,1.8825,220.325,52.94275127134115,0.0,-112.65521114348347,12.079427512713412,1.779392305665906e+18,1.7793919853099507e+18
1779392179947715249,12.256,1.815,672.375,53.32209204288302,0.0,-110.49118844204109,12.08322092042883,1.7793923073912763e+18,1.7793919842800714e+18
1779392180348045921,12.252,1.815,413.525,53.8139036479283,0.0,-107.69833951165312,12.088139036479284,1.7793923091848794e+18,1.7793919832075745e+18
1779392180748598341,12.256,1.8325,1261.975,54.671612476379764,0.0,-102.93405297059356,12.096716124763798,1.7793923110943286e+18,1.779391982063807e+18
1779392181148980611,12.256,1.815,574.425,54.891098724549025,0.0,-101.62204228501993,12.09891098724549,1.7793923130409833e+18,1.7793919808957307e+18
1779392181549483932,12.252,1.8325,114.6,55.35045273198966,0.0,-99.01096940382739,12.103504527319897,1.7793923150565908e+18,1.779391979684208e+18
1779392181949857967,12.256,1.8825,349.725,56.10527293202614,0.0,-94.79400255188979,12.111052729320262,1.7793923171814787e+18,1.7793919784048297e+18
1779392182350155268,12.256,1.8825,1067.275,56.83174582857513,0.0,-90.71904397327044,12.118317458285752,1.7793923194150016e+18,1.7793919770577859e+18
1779392182750835579,12.256,1.8975,1618.65,58.14435166311294,0.0,-83.45912549286234,12.13144351663113,1.7793923218393144e+18,1.7793919755932416e+18
1779392183151252893,12.248,1.78,24.525,58.36669866645681,0.0,-82.14014805915008,12.133666986664569,1.7793923243122783e+18,1.779391974096853e+18
1779392183551679768,12.256,1.865,74.825,59.618473709536914,0.0,-75.2173616970135,12.14618473709537,1.7793923269781015e+18,1.7793919724811464e+18
1779392183951894166,12.252,1.9825,228.325,61.4244061991666,0.0,-61.38570078752053,12.1713660929875,1.779392329922998e+18,1.7793919706934392e+18
1779392184352052501,12.252,1.815,696.775,61.73300519083845,0.0,-58.75728081553139,12.175995077862577,1.7793923329438705e+18,1.7793919688567122e+18
1779392184752288984,12.252,1.9125,487.975,62.585469628565555,0.0,-51.675953509296576,12.188782044428484,1.7793923361235003e+18,1.779391966920441e+18
1779392185152387034,12.252,1.78,1489.175,62.47623819467956,0.0,-52.438931722829714,12.187143572920194,1.7793923393245345e+18,1.7793919649681423e+18
1779392185552566600,12.244,1.8825,1267.8,63.0274381238532,0.0,-47.777684365633384,12.195411571857798,1.7793923426479304e+18,1.7793919629381443e+18
1779392185952799913,12.252,1.85,592.2,63.027253480939024,0.0,-47.63823017415173,12.195408802214086,1.7793923460125148e+18,1.7793919608799173e+18
1779392186353098960,12.244,1.8975,168.85,63.76715072630844,0.0,-41.45677729094362,12.206507260894627,1.7793923495374413e+18,1.779391958720432e+18
1779392186753388344,12.252,1.8325,515.275,64.11688065078917,0.0,-38.48183031988901,12.211753209761838,1.7793923531664553e+18,1.779391956493953e+18
1779392187153725834,12.252,1.8325,1572.475,64.21255361958413,0.0,-37.57390522557407,12.213188304293762,1.7793923568611914e+18,1.7793919542239176e+18
1779392187554150315,12.248,1.85,1522.0,64.70711981358212,0.0,-33.40630096414624,12.220606797203732,1.779392360691905e+18,1.7793919518670203e+18
1779392187954448761,12.252,1.815,1367.975,64.85653023109477,0.0,-32.08146884065466,12.222847953466422,1.7793923646041843e+18,1.7793919494566103e+18
1779392188354943183,12.252,1.85,897.925,65.47452883839706,0.0,-26.924096878346738,12.232117932575957,1.7793923686850721e+18,1.779391946938885e+18
1779392188755371207,12.248,1.765,1101.825,65.35127023403903,0.0,-27.808158756703815,12.230269053510586,1.7793923728062612e+18,1.779391944392888e+18
1779392189156111062,12.244,1.8975,85.7,66.55810549949055,0.0,-17.82168609876274,12.248371582492359,1.779392377219087e+18,1.7793919416631168e+18
1779392189556382940,12.252,1.75,261.525,66.35384844123904,0.0,-19.373355787748856,12.245307726618586,1.7793923816668365e+18,1.7793919389081695e+18
1779392189956606150,12.252,1.815,798.1,66.5597020151987,0.0,-17.57365067298065,12.248395530227981,1.779392386229994e+18,1.7793919360781335e+18
1779392190357177138,12.248,1.8975,797.2,67.47490249341837,0.0,-9.986965323522119,12.262123537401276,1.7793923910585034e+18,1.7793919330797614e+18
1779392190757423925,12.248,1.8325,794.45,67.761691117512,0.0,-7.523572436972309,12.26642536676268,1.7793923960359852e+18,1.7793919299850744e+18
1779392191157664285,12.252,1.8,786.05,68.22400857621018,0.0,-3.617177216165392,12.273360128643153,1.7793924012074002e+18,1.7793919267659151e+18
1779392191558106355,12.248,1.9125,760.425,68.76640833796677,0.0,0.9456173409654657,12.281496125069502,1.7793924066011226e+18,1.7793919234043717e+18
1779392191958419994,12.248,1.8975,682.225,69.47344818112924,0.0,6.843963724417379,12.29210172271694,1.7793924122678958e+18,1.7793919198685304e+18
1779392192358756503,12.248,1.8975,443.575,70.1308740526663,0.0,12.692994925808131,12.302617481053327,1.7793924182132664e+18,1.7793919161546038e+18
1779392192759227507,12.248,1.78,1353.675,70.32473120580931,0.0,14.932072286553016,12.306494624116187,1.7793924243411244e+18,1.7793919123223808e+18
1779392193159548818,12.248,1.8325,854.275,70.36339182535868,0.0,15.475978155215909,12.307267836507174,1.7793924306205988e+18,1.7793919083910147e+18
1779392193560145325,12.252,1.85,968.625,70.9794433725319,0.0,22.307226016175864,12.319588867450639,1.7793924372087767e+18,1.7793919042619208e+18
1779392193960551684,12.248,1.765,1317.6,71.15825790396951,0.0,24.380316811272433,12.32316515807939,1.7793924440071537e+18,1.779391899996584e+18
1779392194361179370,12.24,1.8825,744.175,71.76192895906162,0.0,31.094754990890937,12.335238579181233,1.7793924511457551e+18,1.7793918955131364e+18
1779392194761447166,12.244,1.75,632.625,71.38863721449508,0.0,27.15413964631744,12.327772744289902,1.7793924583625085e+18,1.779391890976015e+18
1779392195161757908,12.244,1.8325,292.2,71.73398138927655,0.0,31.04865035976455,12.334679627785532,1.7793924658704653e+18,1.779391886251128e+18
1779392195562226897,12.248,1.8325,891.7,72.01834109053323,0.0,34.269234694683526,12.340366821810665,1.779392473668134e+18,1.7793918813391508e+18
1779392195962605297,12.244,1.8325,1082.85,72.23485166350788,0.0,36.757839604404744,12.344697033270158,1.7793924817503974e+18,1.7793918762430628e+18
1779392196362880147,12.244,1.85,27.775,72.52985379790937,0.0,40.09334895271325,12.350597075958188,1.7793924901597586e+18,1.7793918709357972e+18
1779392196763327214,12.248,1.78,84.75,72.47561388644746,0.0,39.61634649922236,12.34951227772895,1.779392498793449e+18,1.779391865482002e+18
1779392197163536540,12.248,1.8,258.625,72.43425454141244,0.0,39.283970276130525,12.34868509082825,1.7793925076639524e+18,1.7793918598736387e+18
1779392197563929263,12.244,1.865,789.25,72.83362872468135,0.0,43.75935502013417,12.356672574493627,1.7793925169476388e+18,1.7793918539989432e+18
1779392197964279968,12.244,1.8325,770.175,73.1315278171401,0.0,47.12483898314604,12.362630556342802,1.779392526632925e+18,1.779391847864915e+18
1779392198364861499,12.24,1.78,711.975,73.10696276934773,0.0,46.99249338446693,12.362139255386955,1.779392536613082e+18,1.7793918415388964e+18
1779392198765163724,12.244,1.9125,534.375,73.62143258936617,0.0,52.71844466201558,12.372428651787324,1.779392547132723e+18,1.7793918348655245e+18
1779392199165425794,12.24,1.8825,1630.775,73.86410146947772,0.0,55.4916295697324,12.377282029389555,1.7793925581117606e+18,1.7793918278952307e+18
1779392199565906329,12.244,1.8825,61.525,75.157357130717,0.0,69.7513776346392,12.40314714261434,1.7793925700758344e+18,1.7793918202937137e+18
1779392199966251293,12.244,1.8325,187.75,75.34165791539253,0.0,71.89179531720409,12.406833158307851,1.779392582579e+18,1.7793918123437276e+18
1779392200366600072,12.244,1.8,572.95,75.05753985740675,0.0,68.90421651736476,12.401150797148135,1.7793925954156547e+18,1.7793918041757404e+18
1779392200767037398,12.24,1.8325,110.1,75.06419218790023,0.0,69.09922485185574,12.401283843758005,1.7793926087500703e+18,1.7793917956850035e+18
1779392201167192529,12.244,1.815,335.975,75.17183866060302,0.0,70.39033638800304,12.40343677321206,1.779392622668226e+18,1.7793917868164452e+18
1779392201567709626,12.244,1.865,1025.3,75.49869283538042,0.0,74.06610550708821,12.409973856707609,1.779392637340871e+18,1.779391777460851e+18
1779392201967984906,12.24,1.8325,1490.55,75.73115941638929,0.0,76.72781067480116,12.414623188327786,1.7793926527708045e+18,1.7793917676159677e+18
1779392202368298947,12.244,1.865,1271.975,76.26431004114568,0.0,82.65785967256755,12.425286200822914,1.779392669219054e+18,1.7793917571147064e+18
1779392202768588548,12.24,1.8325,604.95,76.6044387291827,0.0,86.50049703753056,12.432088774583654,1.779392686649163e+18,1.7793917459797366e+18
1779392203168925320,12.244,1.9125,207.75,77.28945086231694,0.0,94.07435874467537,12.445789017246339,1.7793927054091092e+18,1.7793917339880673e+18
1779392203569229287,12.24,1.815,634.0,77.35813149388024,0.0,94.95774417977825,12.447162629877605,1.77939272515688e+18,1.7793917213576732e+18
1779392203969492129,12.232,1.8325,296.4,77.28864425635324,0.0,94.34328214258085,12.445772885127065,1.7793927458551903e+18,1.779391708111931e+18
1779392204370041918,12.236,1.8825,904.525,77.73847703888849,0.0,99.36093378385799,12.45476954077777,1.7793927680367409e+18,1.7793916939093184e+18
1779392204770173379,12.244,1.815,1121.975,78.1171821731805,0.0,103.64099838414766,12.46234364346361,1.7793927917954506e+18,1.7793916786889293e+18
1779392205170373479,12.24,1.8825,147.175,78.6982324787622,0.0,110.13704484105651,12.473964649575244,1.7793928175119992e+18,1.7793916622060024e+18
1779392205571247788,12.24,1.815,449.125,78.90479410933065,0.0,112.56463942771936,12.478095882186613,1.779392845017885e+18,1.7793916445676362e+18
1779392205971495268,12.236,1.8825,1370.6,79.13401520547502,0.0,115.20215990594778,12.4826803041095,1.7793928745333174e+18,1.7793916256317962e+18
1779392206371803038,12.24,1.865,905.925,81.02641075525845,0.0,138.871694036003,12.525660268881461,1.7793929084201257e+18,1.77939160388171e+18
1779392206772534086,12.24,1.8325,1126.25,80.84149910315944,0.0,136.49225826463,12.521037477578986,1.7793929445814295e+18,1.7793915806617605e+18
1779392207172930615,12.244,1.85,160.225,80.70498291204359,0.0,134.76932858233258,12.51762457280109,1.7793929833136704e+18,1.779391555780737e+18
1779392207573265221,12.244,1.815,488.95,80.51582611964896,0.0,132.33326755680096,12.512895652991224,1.7793930248019395e+18,1.7793915291188175e+18
1779392207973617652,12.24,1.865,1492.15,80.35915129782381,0.0,130.32558196928548,12.508978782445595,1.77939306939346e+18,1.7793915004518902e+18
1779392208374048214,12.24,1.8325,1276.875,80.04300200973077,0.0,126.14927531311073,12.50107505024327,1.779393117116616e+18,1.779391469760745e+18
1779392208774385316,12.236,1.8325,619.9,80.20655675034462,0.0,128.5545227200546,12.505163918758615,1.779393169328151e+18,1.7793914361716667e+18
1779392209174650501,12.244,1.815,253.375,79.78617009149842,0.0,123.52632081541998,12.495723401829968,1.779393225280088e+18,1.7793914001646454e+18
1779392209575643929,12.236,1.85,773.225,79.67226880806939,0.0,122.42560351478205,12.493445376161388,1.779393286146364e+18,1.779391360983035e+18
1779392209975984336,12.236,1.9325,721.275,80.24912903586788,0.0,129.54330609255095,12.506228225896697,1.779393354638839e+18,1.77939131687936e+18
1779392210376647482,12.236,1.865,562.75,80.42427142287139,0.0,132.08297042438505,12.510606785571785,1.779393430917202e+18,1.7793912677486815e+18
1779392210776988306,12.24,1.8825,78.975,80.14288939311498,0.0,128.34652042254874,12.503572234827875,1.7793935146734502e+18,1.7793912137875528e+18
1779392211177658118,12.24,1.865,241.0,80.44534529697302,0.0,132.63680374354018,12.511133632424325,1.779393609483834e+18,1.7793911526897572e+18
1779392211578026278,12.236,1.85,735.45,80.1054817749884,0.0,128.13988283686595,12.50263704437471,1.779393714569255e+18,1.7793910849550743e+18
1779392211978289557,12.24,1.8,606.0,79.8927276519943,0.0,125.6865421788754,12.497854553039886,1.779393832300948e+18,1.7793910090528512e+18
1779392212379061447,12.236,1.815,210.95,79.2534519324571,0.0,118.85073510258984,12.485069038649142,1.7793939623102484e+18,1.7793909252185482e+18
1779392212779302981,12.24,1.78,643.75,79.02129567822325,0.0,116.4824493702161,12.480425913564465,1.7793941093059139e+18,1.779390830413399e+18
1779392213179639571,12.236,1.815,326.15,79.38722217260016,0.0,120.64435010511329,12.487744443452003,1.7793942819396815e+18,1.779390719053893e+18
1779392213580531126,12.24,1.865,995.325,79.90160038642317,0.0,126.41028723221854,12.498032007728463,1.7793944890802813e+18,1.7793905854143053e+18
1779392213980697240,12.236,1.765,1399.075,79.31145431081151,0.0,120.14039987779822,12.48622908621623,1.7793947282263547e+18,1.7793904311038305e+18
1779392214381485425,12.24,1.815,992.825,78.61381605155212,0.0,112.6654950205052,12.472276321031043,1.7793950051664914e+18,1.7793902523831939e+18
1779392214781644418,12.24,1.8325,1391.45,78.45536808925547,0.0,111.07933502520626,12.46910736178511,1.7793953387561748e+18,1.7793900370789734e+18
1779392215182455547,12.236,1.865,969.55,78.35871168424868,0.0,110.16539021798889,12.467174233684974,1.7793957496444088e+18,1.779389771856962e+18
1779392215582817889,12.236,1.865,1320.425,78.40013425341682,0.0,110.75410112747532,12.468002685068337,1.779396272329127e+18,1.7793894344404552e+18
1779392215983186167,12.236,1.8825,752.8,78.66344985932835,0.0,113.76505689675773,12.473268997186567,1.7793969688883308e+18,1.7793889847433185e+18
1779392216383791370,12.24,1.8825,658.95,79.02226625286055,0.0,117.80484513208916,12.480445325057211,1.7793979491215373e+18,1.779388351862458e+18
1779392216784112835,12.236,1.865,372.55,78.84420198415134,0.0,115.97928495663162,12.476884039683027,1.7793993799696374e+18,1.779387427991277e+18
1779392217184391422,12.236,1.815,1136.925,78.2523529575741,0.0,109.66859784325993,12.465047059151482,1.779401597604129e+18,1.7793859960401766e+18
1779392270663915551,12.236,1.8825,192.8,78.18027428847955,0.0,108.98856319772298,12.463605485769591,1.7794115629840724e+18,1.7793795431952317e+18
1779392271064804657,12.236,1.85,588.375,77.98748212332286,0.0,107.02176051627126,12.459749642466457,1.7819131472926738e+18,1.7777596918295923e+18
1779392271465067796,12.236,1.85,157.175,77.67333899582516,0.0,103.70627016753569,12.453466779916504,1.77937104424763e+18,1.7794057803792758e+18
1779392271865227645,12.236,1.8325,479.65,77.39119125382709,0.0,100.76119858895777,12.447823825076542,1.7793812963468974e+18,1.779399141873921e+18
1779392272265601212,12.24,1.78,1463.775,76.62442286926218,0.0,92.5290978913047,12.432488457385244,1.779384617989761e+18,1.7793969910472315e+18
1779392272666044164,12.236,1.8825,1190.275,76.45755934535998,0.0,90.82845104065416,12.4291511869072,1.7793863062993436e+18,1.7793958978533724e+18
1779392273066782134,12.232,1.765,355.625,75.84529676682257,0.0,84.30411009370863,12.416905935336452,1.7793873005097884e+18,1.7793952541085898e+18
1779392273467179504,12.232,1.815,1085.275,75.92939919686384,0.0,85.36150864242694,12.418587983937277,1.7793879828972536e+18,1.77939481227924e+18
1779392273867300607,12.236,1.8,35.175,75.68430189990228,0.0,82.82495404931127,12.413686037998046,1.7793884693787187e+18,1.779394497304473e+18
1779392274267603416,12.236,1.865,107.325,75.46921903861836,0.0,80.59479721701302,12.409384380772368,1.7793888338846164e+18,1.779394261312174e+18
1779392274668078164,12.24,1.865,327.525,75.4501600160693,0.0,80.5003082332683,12.409003200321386,1.7793891209945495e+18,1.7793940754362163e+18
1779392275068254934,12.228,1.8975,999.525,76.28178903222054,0.0,89.71434993398321,12.425635780644411,1.779389368313758e+18,1.7793939153284012e+18
1779392275468928772,12.236,1.8825,1411.9,76.8968843910443,0.0,96.54369527835708,12.437937687820886,1.779389579779857e+18,1.779393778438017e+18
1779392275869240253,12.236,1.85,1031.975,76.82207455905461,0.0,95.85147834347666,12.436441491181093,1.7793897537101788e+18,1.7793936658524324e+18
1779392276269839190,12.228,1.8325,1510.925,76.77819748920918,0.0,95.53007451694013,12.435563949784184,1.7793898995459346e+18,1.7793935714583895e+18
1779392276670232480,12.232,1.8975,1334.175,77.20731056751609,0.0,100.32936741620395,12.444146211350322,1.779390028141745e+18,1.7793934882286907e+18
1779392277070787581,12.236,1.8,794.775,77.59480671350074,0.0,104.70709093437742,12.451896134270015,1.7793901420347466e+18,1.7793934145202442e+18
1779392277471376866,12.232,1.815,787.05,77.44062767180823,0.0,103.16060710805488,12.448812553436165,1.7793902395160586e+18,1.7793933514378657e+18
1779392277871718842,12.232,1.865,763.475,77.13648152536204,0.0,99.9496475841599,12.442729630507241,1.7793903227756713e+18,1.779393297563106e+18
1779392278272140361,12.236,1.865,691.525,77.2545100231687,0.0,101.35136486265209,12.445090200463374,1.779390397146142e+18,1.779393249444431e+18
1779392278672416203,12.236,1.9325,471.95,77.5211209799097,0.0,104.3572006377168,12.450422419598194,1.7793904648298463e+18,1.7793932056562127e+18
1779392279072684857,12.232,1.8825,1440.275,77.62289773672518,0.0,105.5730276552136,12.452457954734504,1.7793905258602662e+18,1.7793931661761894e+18
1779392279673385806,12.232,1.815,1118.55,77.45822916183026,0.0,103.91326415063388,12.449164583236605,1.7793905799657016e+18,1.7793931311812198e+18
1779392280073697389,12.236,1.8825,136.725,77.61297030775074,0.0,105.71017939240066,12.452259406155015,1.779390629554788e+18,1.7793930991108037e+18
1779392280474307891,12.232,1.8825,417.25,77.80273875803633,0.0,107.89706588112121,12.456054775160727,1.7793906753244375e+18,1.7793930695138017e+18
1779392280874473907,12.232,1.865,1273.325,78.04355949874912,0.0,110.63938657967347,12.460871189974982,1.779390717903641e+18,1.7793930419830976e+18
1779392281274857639,12.228,1.865,609.075,77.961359523359,0.0,109.86768984709047,12.45922719046718,1.779390756491698e+18,1.779393017035995e+18
1779392281675485604,12.232,1.85,220.325,77.777236588857,0.0,107.98085723467197,12.45554473177714,1.7793907912657388e+18,1.7793929945574769e+18
1779392282075708871,12.228,1.815,672.375,77.48016340350549,0.0,104.8756708857946,12.44960326807011,1.7793908223653885e+18,1.7793929744567654e+18
1779392282476094664,12.228,1.815,413.525,77.16328533913038,0.0,101.56347211366453,12.443265706782608,1.7793908501999542e+18,1.779392956468815e+18
1779392282876368015,12.228,1.8325,1261.975,76.98873167815395,0.0,99.789036784566,12.43977463356308,1.7793908755621673e+18,1.7793929400808945e+18
1779392283276761173,12.236,1.8975,574.425,77.14896096514964,0.0,101.63317032029175,12.442979219302993,1.7793908996081388e+18,1.7793929245457032e+18
1779392283677158915,12.232,1.8325,114.6,76.97415704698969,0.0,99.84761364751637,12.439483140939794,1.7793909216042964e+18,1.7793929103369224e+18
1779392284077414998,12.236,1.8825,349.725,77.45806223744235,0.0,105.22199429834033,12.449161244748847,1.7793909433379308e+18,1.7793928962998605e+18
1779392284478132139,12.232,1.865,1067.275,77.43553154013566,0.0,105.08715627546461,12.448710630802713,1.7793909636229699e+18,1.779392883200454e+18
1779392284878418173,12.228,1.78,1618.65,76.96835326775667,0.0,100.1508659706701,12.439367065355134,1.779390981625212e+18,1.7793928715770719e+18
1779392285278941943,12.232,1.85,24.525,77.24786049166453,0.0,103.32012471591382,12.44495720983329,1.779390999144143e+18,1.779392860267613e+18
1779392285679498864,12.232,1.85,74.825,77.15587260507375,0.0,102.43248434670771,12.443117452101475,1.779391015452024e+18,1.7793928497417362e+18
1779392286079792098,12.232,1.8825,228.325,77.67593311357528,0.0,108.2090964028278,12.453518662271506,1.7793910318316913e+18,1.779392839171356e+18
1779392286480261042,12.232,1.8825,696.775,77.60714166136769,0.0,107.56260961470713,12.452142833227354,1.7793910471502213e+18,1.77939282928752e+18
1779392286880594448,12.232,1.815,487.975,77.32381192312259,0.0,104.59970192467328,12.446476238462452,1.7793910611159201e+18,1.7793928202781932e+18
1779392287281186642,12.224,1.78,1489.175,77.20652304172395,0.0,103.4764284424065,12.44413046083448,1.779391074134697e+18,1.7793928118812872e+18
1779392287681560365,12.232,1.8325,1267.8,77.38454244473046,0.0,105.53583912534046,12.44769084889461,1.77939108677179e+18,1.7793928037321075e+18
1779392288081942357,12.228,1.85,592.2,77.80772768299676,0.0,110.27455760681744,12.456154553659935,1.7793910994363213e+18,1.7793927955668114e+18
1779392288482197476,12.232,1.765,168.85,77.20501704539578,0.0,103.83452479680193,12.444100340907916,1.7793911105214623e+18,1.7793927884212186e+18
1779392288882410049,12.232,1.8,515.275,76.7496022820854,0.0,98.99568944124691,12.434992045641708,1.779391120384213e+18,1.7793927820648684e+18
1779392289282739144,12.228,1.8825,1572.475,76.81466237023803,0.0,99.81171338432362,12.43629324740476,1.7793911298797156e+18,1.7793927759464545e+18
1779392289683289271,12.232,1.765,1522.0,76.21838662683835,0.0,93.4495931816533,12.424367732536767,1.7793911380943045e+18,1.779392770654501e+18
1779392290083526698,12.232,1.85,1367.975,76.1319438087548,0.0,92.6142280055025,12.422638876175096,1.779391145827158e+18,1.7793927656739443e+18
1779392290483823305,12.232,1.85,897.925,75.8092036051524,0.0,89.18415163642729,12.416184072103048,1.779391152791576e+18,1.779392761189282e+18
1779392290884162319,12.232,1.865,1101.825,75.88554799837021,0.0,90.1136554009728,12.417710959967405,1.7793911595629228e+18,1.7793927568298993e+18
1779392291284550043,12.232,1.815,85.7,75.43087357078883,0.0,85.26962056909267,12.408617471415777,1.779391165469436e+18,1.7793927530281357e+18
1779392291684858549,12.228,1.8325,261.525,75.36947007049415,0.0,84.71430514659562,12.407389401409883,1.779391171059986e+18,1.7793927494305546e+18
1779392292085438099,12.236,1.765,798.1,75.33996195410158,0.0,84.51046262192529,12.406799239082032,1.7793911763912748e+18,1.7793927460005888e+18
1779392292485662279,12.228,1.8825,797.2,75.42182007005209,0.0,85.49392471418845,12.408436401401042,1.7793911816108938e+18,1.7793927426432425e+18
1779392292885877728,12.236,1.8,794.45,75.4576515743321,0.0,85.99208884846244,12.409153031486643,1.7793911866687693e+18,1.7793927393906926e+18
1779392293286224101,12.228,1.8325,786.05,75.27989095647767,0.0,84.1749490231892,12.405597819129554,1.77939119132552e+18,1.779392736396799e+18
1779392293686412781,12.24,1.8,760.425,74.73839882262946,0.0,78.35663186891502,12.39476797645259,1.779391195190391e+18,1.77939273391261e+18
1779392294086557475,12.224,1.8975,682.225,74.65922453773848,0.0,77.60531828584921,12.39318449075477,1.779391198821627e+18,1.7793927315791578e+18
1779392294486995014,12.228,1.8325,443.575,74.23565755497545,0.0,73.09678585201557,12.38471315109951,1.7793912018525414e+18,1.7793927296319496e+18
1779392294887201403,12.236,1.815,1353.675,74.0251197048166,0.0,70.89225625252634,12.380502394096332,1.7793912045425252e+18,1.7793927279041997e+18
1779392295287731185,12.232,1.815,854.275,73.99213104356761,0.0,70.63435576154322,12.379842620871353,1.7793912070962225e+18,1.7793927262643917e+18
1779392295688016274,12.228,1.9125,968.625,74.34658998741045,0.0,74.59582698342919,12.38693179974821,1.7793912099258583e+18,1.7793927244478566e+18
1779392296088364652,12.232,1.8325,1317.6,74.29344184633875,0.0,74.1044400389556,12.385868836926775,1.7793912125964198e+18,1.7793927227338742e+18
1779392296488831887,12.228,1.865,744.175,74.74047118391019,0.0,79.08605867625978,12.394809423678204,1.7793912156237105e+18,1.7793927207914396e+18
1779392296889011209,12.232,1.9125,632.625,75.01666436442119,0.0,82.19424042770812,12.400333287288424,1.7793912188184369e+18,1.7793927187420992e+18
1779392297289311497,12.232,1.8825,292.2,75.01612804625539,0.0,82.27208528974114,12.400322560925108,1.7793912218985523e+18,1.7793927167667978e+18
1779392297689598411,12.228,1.8975,891.7,74.74948390463965,0.0,79.46962736750473,12.394989678092793,1.7793912246103555e+18,1.7793927150281539e+18
1779392298089912413,12.228,1.8825,1082.85,74.61591255562539,0.0,78.1036401423116,12.392318251112508,1.7793912270976044e+18,1.7793927134339054e+18
1779392298490233826,12.232,1.8975,27.775,74.55341943241835,0.0,77.5032558326652,12.391068388648367,1.7793912294368527e+18,1.7793927119349215e+18
1779392298890465834,12.232,1.8,84.75,74.33592867085252,0.0,75.23940639128195,12.38671857341705,1.7793912314895875e+18,1.7793927106198915e+18
1779392299290986349,12.232,1.8825,258.625,74.74485681485037,0.0,79.7818306013968,12.394897136297008,1.7793912338435546e+18,1.7793927091122962e+18
1779392299691299478,12.232,1.8975,789.25,74.84092161450447,0.0,80.91070475516653,12.39681843229009,1.7793912362015718e+18,1.779392707602523e+18
1779392300091556516,12.228,1.8,770.175,74.32867015894296,0.0,75.44230617962887,12.38657340317886,1.7793912380183468e+18,1.7793927064396142e+18
1779392300492072428,12.228,1.78,711.975,74.07299792070363,0.0,72.77806023742524,12.381459958414073,1.7793912395421466e+18,1.7793927054645071e+18
1779392300892216305,12.228,1.815,534.375,74.12115815229735,0.0,73.41411407051999,12.382423163045948,1.7793912410496914e+18,1.7793927045000776e+18
1779392301292507112,12.228,1.8825,1630.775,74.22249251139795,0.0,74.61240491057362,12.38444985022796,1.7793912425873577e+18,1.779392703516655e+18
1779392301693047421,12.228,1.85,61.525,74.20685206752013,0.0,74.55258424147605,12.384137041350403,1.7793912440537423e+18,1.77939270257909e+18
1779392302093334512,12.224,1.865,187.75,74.0475235882247,0.0,72.91105710958016,12.380950471764494,1.7793912453296858e+18,1.7793927017635185e+18
1779392302493715688,12.228,1.9325,572.95,74.33276199886114,0.0,76.0939984550377,12.386655239977223,1.7793912467938176e+18,1.7793927008279347e+18
1779392302894053535,12.228,1.8325,110.1,74.16728605755347,0.0,74.38819691922342,12.38334572115107,1.7793912480661947e+18,1.779392700015115e+18
1779392303294608814,12.232,1.8,335.975,73.86174116963592,0.0,71.16520477419859,12.377234823392719,1.7793912490385188e+18,1.7793926993941594e+18
1779392303695031465,12.232,1.8825,1025.3,73.52671194375898,0.0,67.58821007534227,12.37053423887518,1.7793912496964815e+18,1.7793926989740877e+18
1779392304095249774,12.228,1.865,1490.55,73.54365380430332,0.0,67.88050505006898,12.370873076086067,1.7793912503328776e+18,1.7793926985679053e+18
1779392304495604325,12.232,1.8,1271.975,73.09346993086834,0.0,63.073454047218675,12.361869398617367,1.7793912505756004e+18,1.7793926984130327e+18
1779392304895842736,12.232,1.85,604.95,72.86123047795091,0.0,60.63931080953992,12.357224609559019,1.779391250607985e+18,1.779392698392375e+18
1779392305296258546,12.232,1.9125,207.75,72.69178512233613,0.0,58.86853341227696,12.353835702446723,1.779391250484797e+18,1.7793926984709315e+18
1779392375192211986,12.232,1.85,634.0,72.33775728271573,0.0,55.110917520950665,12.346755145654315,1.7793912441233923e+18,1.7793927023876736e+18
1779392375592611426,12.228,1.815,296.4,72.26760873518393,0.0,54.44890114385763,12.34535217470368,1.7793912378076792e+18,1.7793927062757606e+18
1779392375993121981,12.232,1.815,904.525,72.02316773410827,0.0,51.88130436174875,12.340463354682166,1.7793912313266806e+18,1.7793927102650588e+18
1779392376393631405,12.228,1.815,1121.975,71.50642696091508,0.0,46.36036071853893,12.330128539218302,1.7793912243568724e+18,1.7793927145546473e+18
1779392376794085340,12.228,1.8325,147.175,71.27861305406799,0.0,43.98928397468114,12.32557226108136,1.779391217242471e+18,1.779392718932624e+18
1779392377194381220,12.224,1.8325,449.125,71.3524976806135,0.0,44.89022222647015,12.32704995361227,1.7793912103380805e+18,1.7793927231807706e+18
1779392377594839303,12.224,1.8825,1370.6,71.08850192537204,0.0,42.11711112359345,12.321770038507442,1.779391203240775e+18,1.7793927275469998e+18
1779392377995427930,12.228,1.8325,905.925,70.87625593785256,0.0,39.90703413304064,12.317525118757052,1.7793911960100864e+18,1.7793927319946568e+18
1779392378396198195,12.228,1.8975,1126.25,71.1662909930804,0.0,43.13926420137491,12.323325819861608,1.7793911892340572e+18,1.7793927361620529e+18
1779392378796380186,12.232,1.8325,160.225,71.07741967922968,0.0,42.25275629543388,12.321548393584594,1.7793911824625165e+18,1.7793927403260872e+18
1779392379196732539,12.228,1.815,488.95,70.7948092784103,0.0,39.28065907291133,12.315896185568207,1.7793911754663537e+18,1.7793927446276293e+18
1779392379597347298,12.228,1.8825,1492.15,70.86658210289885,0.0,40.1335196815455,12.317331642057978,1.7793911686585482e+18,1.7793927488127468e+18
1779392379997677737,12.228,1.8825,1276.875,70.92458568937471,0.0,40.84545008925838,12.318491713787495,1.7793911620193838e+18,1.779392752893593e+18
1779392380398325630,12.228,1.815,619.9,70.63993533888134,0.0,37.85185995074519,12.312798706777627,1.7793911551466396e+18,1.7793927571173875e+18
1779392380798439107,12.224,1.8,253.375,70.48005111430972,0.0,36.22487289915522,12.309601022286195,1.779391148184658e+18,1.7793927613953876e+18
1779392381199195981,12.224,1.815,773.225,70.3907509439439,0.0,35.35385806951282,12.307815018878879,1.7793911412136218e+18,1.77939276567831e+18
1779392381599923173,12.224,1.9125,721.275,70.40480231389904,0.0,35.59319946717806,12.308096046277981,1.779391134351435e+18,1.7793927698937206e+18
1779392382000248877,12.228,1.8975,562.75,70.67344777162451,0.0,38.592516972015076,12.31346895543249,1.7793911278907438e+18,1.779392773861891e+18
1779392382400552378,12.224,1.85,78.975,70.9630834176086,0.0,41.84241792256253,12.319261668352173,1.7793911218512788e+18,1.77939277757078e+18
1779392382800865899,12.224,1.815,241.0,70.50671587244446,0.0,36.98279474655015,12.31013431744889,1.7793911153669084e+18,1.7793927815522775e+18
1779392383201053415,12.228,1.85,735.45,70.28225358438397,0.0,34.63025821322526,12.30564507168768,1.779391108706173e+18,1.7793927856414354e+18
1779392383601408631,12.232,1.8325,606.0,70.2897539560835,0.0,34.791072153329694,12.30579507912167,1.7793911021355932e+18,1.7793927896746179e+18
1779392384001704275,12.22,1.8,210.95,70.00566901967937,0.0,31.806477028191004,12.300113380393588,1.7793910953171333e+18,1.7793927938593042e+18
1779392384402645791,12.228,1.815,643.75,69.92491710234219,0.0,31.214430718177443,12.298873756535134,1.7793910884841078e+18,1.7793927980522716e+18
1779392384802862080,12.228,1.865,326.15,69.60583641676166,0.0,28.690372765084568,12.294087546251426,1.779391081360296e+18,1.7793928024229852e+18
1779392385203027534,12.228,1.8825,995.325,69.54870998290997,0.0,28.29949651435318,12.29323064974365,1.7793910742463992e+18,1.7793928067869266e+18
1779392385603392165,12.224,1.815,1399.075,69.43064344298129,0.0,27.427774933123683,12.29145965164472,1.7793910670704333e+18,1.779392811188244e+18
1779392386003787413,12.228,1.815,992.825,69.23098342579107,0.0,25.882313806656672,12.288464751386867,1.779391059736499e+18,1.7793928156857293e+18
1779392386404413931,12.228,1.9125,1391.45,69.15746577443467,0.0,25.356031572495812,12.28736198661652,1.7793910523887012e+18,1.7793928201909975e+18
1779392386804563799,12.228,1.815,969.55,68.84978731226161,0.0,22.91308362650556,12.282746809683925,1.7793910447542346e+18,1.779392824871283e+18
1779392387204758495,12.224,1.8325,1320.425,68.9331372116581,0.0,23.67954647384738,12.283997058174872,1.7793910372845514e+18,1.7793928294498084e+18
1779392387605153564,12.228,1.8,752.8,68.78938440327462,0.0,22.58195302154777,12.28184076604912,1.7793910297145876e+18,1.7793928340890516e+18
1779392388005617828,12.224,1.78,658.95,68.50493559834408,0.0,20.366199568814803,12.277574033975162,1.7793910218786125e+18,1.7793928388905393e+18
1779392388405865502,12.224,1.85,372.55,68.68034849888913,0.0,21.88110795552111,12.280205227483338,1.779391014310922e+18,1.7793928435268808e+18
1779392388806314564,12.224,1.8325,1136.925,67.88632936903656,0.0,15.512383536497811,12.268294940535549,1.7793910058767393e+18,1.779392848693232e+18
1779392389206603901,12.224,1.815,192.8,67.53381271589076,0.0,12.731034995475335,12.263007190738362,1.779390997086932e+18,1.7793928540765432e+18
1779392389807577439,12.22,1.85,588.375,67.60590549035324,0.0,13.413058198162675,12.2640885823553,1.7793909884164861e+18,1.7793928593854436e+18
1779392390208263052,12.224,1.8,157.175,67.43762882928308,0.0,12.132033090260952,12.261564432439247,1.7793909796019164e+18,1.7793928647817062e+18
1779392390608756417,12.228,1.815,479.65,67.01554782360033,0.0,8.775369059601873,12.255233217354006,1.7793909703378688e+18,1.779392870452207e+18
1779392391009185564,12.228,1.8,1463.775,66.99674826259563,0.0,8.693061023064109,12.254951223938935,1.7793909611006932e+18,1.7793928761053304e+18
1779392391409535456,12.224,1.8325,1190.275,66.62488889956803,0.0,5.7356848339952915,12.249373333493521,1.7793909052799045e+18,1.7793929043413706e+18
1779392391809876008,12.224,1.865,355.625,66.49329929733847,0.0,4.751218769536752,12.247399489460078,1.7793908445779955e+18,1.7793929349505477e+18
1779392392210347362,12.224,1.865,1085.275,66.50439701859929,0.0,4.919271097643624,12.24756595527899,1.7793908098736366e+18,1.7793929529823475e+18
1779392392610682429,12.224,1.865,35.175,66.17485895045152,0.0,2.3159721581147856,12.242622884256773,1.7793908143594414e+18,1.7793929521217928e+18
1779392393010935319,12.224,1.815,107.325,65.81191696668678,0.0,-0.5494525783243157,12.237178754500302,1.7793908254377754e+18,1.779392948129509e+18
1779392393411233557,12.22,1.8,327.525,65.60737569398098,0.0,-2.1179915344008418,12.234110635409715,1.7793908365044613e+18,1.779392944168602e+18
1779392393811783656,12.224,1.8,999.525,65.46338665414532,0.0,-3.202907299353484,12.23195079981218,1.7793908430367084e+18,1.779392942414072e+18
1779392394212072556,12.224,1.8975,1411.9,66.50473964375658,0.0,5.356709875966916,12.24757109465635,1.7793908509315743e+18,1.7793929398210793e+18
1779392394612689573,12.224,1.8825,1031.975,66.42397760046701,0.0,4.78566415930625,12.246359664007006,1.7793908587333437e+18,1.7793929372806031e+18
1779392395013001978,12.224,1.815,1510.925,65.85710827558364,0.0,0.2519776636399224,12.237856624133755,1.7793908639740188e+18,1.7793929360634176e+18
1779392395413474968,12.224,1.865,1334.175,65.83831562422561,0.0,0.18586059054267878,12.237574734363385,1.7793908685749535e+18,1.7793929351512435e+18
1779392395813648845,12.22,1.815,794.775,66.16118761137122,0.0,2.899581900340371,12.242417814170569,1.7793908732632658e+18,1.7793929341379515e+18
1779392396213903874,12.224,1.78,787.05,65.58473870813073,0.0,-1.7123946354242359,12.233771080621962,1.779390877612703e+18,1.7793929333745477e+18
1779392396614386738,12.228,1.815,763.475,65.54512910975876,0.0,-1.965392422617666,12.233176936646382,1.7793908825435315e+18,1.779392932329525e+18
1779392397014748486,12.22,1.815,691.525,65.0194286342948,0.0,-6.147345787382537,12.225291429514423,1.7793908873332813e+18,1.7793929314287846e+18
1779392397415327381,12.22,1.8,471.95,64.8392734065113,0.0,-7.527246880488365,12.22258910109767,1.7793908912092355e+18,1.7793929309895406e+18
1779392397815637134,12.224,1.8825,1440.275,65.13789430359577,0.0,-5.018870674238824,12.227068414553937,1.7793908938813678e+18,1.779392931076394e+18
1779392398216011675,12.228,1.8,1118.55,64.81589500645966,0.0,-7.569888191342276,12.222238425096895,1.779390896755487e+18,1.7793929311089974e+18
1779392398616450541,12.224,1.865,136.725,64.67793333955944,0.0,-8.613506865530221,12.220169000093392,1.7793908989982856e+18,1.7793929314604124e+18
1779392399016740030,12.22,1.8825,417.25,65.19152030388832,0.0,-4.33913503752454,12.227872804558325,1.7793909017823852e+18,1.7793929314623818e+18
1779392399417173960,12.224,1.8825,1273.325,65.37147779689289,0.0,-2.796566039068388,12.230572166953394,1.7793909045272855e+18,1.779392931448228e+18
1779392399817391748,12.216,1.8325,609.075,65.07875500530326,0.0,-5.082537788391744,12.22618132507955,1.7793909063405714e+18,1.7793929319228657e+18
1779392400217672335,12.224,1.8325,220.325,65.07088986600407,0.0,-5.077294256402623,12.226063347990062,1.7793909081143772e+18,1.7793929324109821e+18
1779392902563559695,12.228,1.865,672.375,65.35596479602665,0.0,-2.697242324415704,12.2303394719404,1.779390785904854e+18,1.7793930044759944e+18
1779392902964334940,12.224,1.815,413.525,65.29143027133838,0.0,-3.153131641150077,12.229371454070076,1.7793906671277737e+18,1.7793930747444134e+18
1779392903364581957,12.228,1.8325,1261.975,65.07750594365757,0.0,-4.832904352686492,12.226162589154864,1.7793905497580961e+18,1.779393144276878e+18
1779392903764969112,12.224,1.865,574.425,65.50058029417711,0.0,-1.329840822082029,12.232508704412657,1.7793904362526024e+18,1.7793932115724367e+18
1779392904165216111,12.224,1.8325,114.6,65.30599860482609,0.0,-2.8523958443563253,12.229589979072392,1.7793903237375268e+18,1.779393278327913e+18
1779392904566085035,12.224,1.815,349.725,65.41314092161636,0.0,-1.9200727989597979,12.231197113824246,1.7793902140948708e+18,1.7793933434757896e+18
1779392904966434793,12.224,1.8975,1067.275,65.39840866294102,0.0,-1.9701697682494042,12.230976129944116,1.7793901069824003e+18,1.77939340724863e+18
1779392905367057576,12.228,1.765,1618.65,65.08797014397045,0.0,-4.444615072694885,12.226319552159557,1.7793900016866947e+18,1.7793934701816438e+18
1779392905767558906,12.224,1.8,24.525,64.87519050148025,0.0,-6.1071794681810365,12.223127857522204,1.7793898984096148e+18,1.7793935321373417e+18
1779392906167816078,12.22,1.865,74.825,64.77390059701149,0.0,-6.852650705162003,12.221608508955173,1.779389798948873e+18,1.779393592181076e+18
1779392906568274953,12.224,1.815,228.325,64.62242777055278,0.0,-8.024817001522194,12.219336416558292,1.779389700366554e+18,1.7793936517832407e+18
1779392906968834105,12.22,1.8825,696.775,65.04155824385676,0.0,-4.535856264358892,12.225623373657852,1.7793896078902036e+18,1.7793937079968886e+18
1779392907369229222,12.22,1.8825,487.975,65.46068871715873,0.0,-1.0468955272121303,12.231910330757382,1.7793895202427415e+18,1.779393761416447e+18
1779392907769513877,12.228,1.8,1489.175,65.74509756561808,0.0,1.3286359555239038,12.236176463484272,1.7793894360638487e+18,1.7793938127843935e+18
1779392908170197509,12.224,1.865,1267.8,65.52867057466776,0.0,-0.38083170389310445,12.232930058620017,1.7793893533160512e+18,1.7793938634678674e+18
1779392908570774610,12.224,1.8825,592.2,65.7847586285226,0.0,1.7726187049164355,12.23677137942784,1.7793892774314217e+18,1.779393910457068e+18
1779392908970994495,12.216,1.9475,168.85,67.1567591017126,0.0,13.01679581017483,12.25735138652569,1.7793892162077563e+18,1.7793939490487442e+18
1779392909371411345,12.228,1.8325,515.275,66.97079996894746,0.0,11.5550296412782,12.254561999534213,1.7793891560316764e+18,1.7793939871016717e+18
1779392909772005820,12.22,1.85,1572.475,67.42235945275559,0.0,15.301390606983219,12.261335391791334,1.7793891031658115e+18,1.7793940210547904e+18
1779392910172193436,12.224,1.85,1522.0,67.07248495878189,0.0,12.512559275246941,12.256087274381729,1.779389049185233e+18,1.779394055668034e+18
1779392910572582267,12.224,1.815,1367.975,67.12841279294935,0.0,13.013007419801909,12.256926191894241,1.779388996818402e+18,1.7793940892885345e+18
1779392910972721091,12.224,1.815,897.925,67.08212077540318,0.0,12.697965938275265,12.256231811631048,1.7793889449996764e+18,1.7793941225241334e+18
1779392911373206929,12.224,1.78,1101.825,67.09371569143778,0.0,12.839032839698467,12.256405735371567,1.7793888928036682e+18,1.7793941557821565e+18
1779392911773432037,12.216,1.8,85.7,66.79299609330309,0.0,10.469515470394033,12.251894941399547,1.7793888391301204e+18,1.779394189865758e+18
1779392912173836925,12.224,1.815,261.525,66.64995110549437,0.0,9.36593323077911,12.249749266582416,1.7793887862099295e+18,1.7793942235640515e+18
1779392912574637717,12.22,1.8825,798.1,66.83483055546075,0.0,10.931387715036086,12.252522458331912,1.7793887349645914e+18,1.7793942561533878e+18
1779392912974842180,12.224,1.85,797.2,66.67980436067214,0.0,9.729193123144942,12.250197065410083,1.7793886842516726e+18,1.779394288483905e+18
1779392913375222620,12.216,1.8325,794.45,66.6673027441953,0.0,9.705938221126283,12.25000954116293,1.779388635145733e+18,1.7793943199147264e+18
1779392913775389875,12.216,1.85,786.05,66.31905876629303,0.0,6.938779865301632,12.244785881494396,1.7793885863440812e+18,1.7793943513767675e+18
1779392914175707854,12.22,1.8825,760.425,66.683008238902,0.0,9.95388258151685,12.25024512358353,1.7793885420545083e+18,1.7793943802041667e+18
1779392914576174718,12.22,1.8975,682.225,66.29121445594524,0.0,6.831714865008134,12.24436821683918,1.7793884983282588e+18,1.779394408983998e+18
1779392914976765963,12.22,1.815,443.575,65.98685647209588,0.0,4.4242876960945745,12.239802847081439,1.779388453151171e+18,1.7793944386255e+18
1779392915377118797,12.22,1.85,1353.675,66.30483613045337,0.0,7.073505817546541,12.244572541956801,1.779388411438102e+18,1.7793944661885937e+18
1779392915777413241,12.216,1.8825,854.275,66.43590907596648,0.0,8.208850939118532,12.246538636139498,1.7793883739776666e+18,1.7793944914558612e+18
1779392916177687539,12.216,1.8825,968.625,66.32981887425595,0.0,7.4222870747814556,12.24494728311384,1.779388336432291e+18,1.7793945167514726e+18
1779392916577853802,12.22,1.765,1317.6,66.4126850377337,0.0,8.159893413277773,12.246190275566006,1.779388301483941e+18,1.7793945406038587e+18
1779392916978175544,12.224,1.78,744.175,66.56068981254437,0.0,9.419015233908134,12.248410347188166,1.779388266285252e+18,1.7793945643414607e+18
1779392917378429278,12.224,1.8825,632.625,66.9582100480641,0.0,12.707824883014037,12.254373150720962,1.77938823431335e+18,1.7793945860500078e+18
1779392917778937308,12.22,1.8325,292.2,66.57584920601809,0.0,9.654536228257106,12.248637738090272,1.7793881994098678e+18,1.779394609430146e+18
1779392918179351993,12.216,1.8825,891.7,66.69891884351595,0.0,10.724691182989,12.25048378265274,1.7793881680828436e+18,1.7793946308634962e+18
1779392918579676226,12.216,1.815,1082.85,66.60349777057073,0.0,10.02689902184213,12.249052466558561,1.779388134653549e+18,1.7793946533107676e+18
1779392918980309124,12.22,1.8975,27.775,66.34414047984818,0.0,7.974146980678276,12.245162107197723,1.7793881019900833e+18,1.779394675528671e+18
1779392919380782031,12.22,1.765,84.75,66.18384453941799,0.0,6.714783932309476,12.24275766809127,1.779388071560164e+18,1.7793946967160617e+18
1779392919781148153,12.228,1.8,258.625,65.73678507320184,0.0,3.1101093887666753,12.236051776098028,1.7793880382156575e+18,1.7793947196384215e+18
1779392920181440014,12.216,1.8825,789.25,65.86724703334907,0.0,4.23226839934286,12.238008705500237,1.7793880057958968e+18,1.779394741906847e+18
1779392920581689670,12.22,1.815,770.175,65.70067290728991,0.0,2.937525017549782,12.23551009360935,1.7793879731964652e+18,1.7793947643305047e+18
1779392920982190598,12.22,1.865,711.975,65.71758989827035,0.0,3.127070965355047,12.235763848474056,1.7793879412155474e+18,1.7793947863557755e+18
1779392921382917328,12.216,1.815,534.375,65.61106359467539,0.0,2.321102247953597,12.234165953920131,1.7793879080434637e+18,1.7793948089778094e+18
1779392921783189449,12.216,1.9475,1630.775,65.69092511250179,0.0,3.0394072306932034,12.235363876687527,1.7793878747478275e+18,1.7793948315088476e+18
1779392922183745615,12.22,1.8325,61.525,65.38669037968043,0.0,0.6249658030132836,12.230800355695207,1.779387839268907e+18,1.7793948553057162e+18
1779392922584176965,12.22,1.8825,187.75,65.60042977125664,0.0,2.4157220781856563,12.23400644656885,1.7793878041600387e+18,1.7793948786526113e+18
1779392922984428039,12.22,1.8325,572.95,65.50430555477855,0.0,1.685837566127271,12.232564583321679,1.779387767605709e+18,1.7793949027201234e+18
1779392923385190301,12.22,1.8325,110.1,65.2413933748769,0.0,-0.4094565934690016,12.228620900623154,1.7793877300257134e+18,1.7793949274601902e+18
1779392923785523808,12.224,1.9675,335.975,65.77018494859348,0.0,3.934554470579781,12.236552774228903,1.7793876974310044e+18,1.7793949492127683e+18
1779392924185838862,12.22,1.8975,1025.3,66.05153030993327,0.0,6.265867855653404,12.240772954649,1.779387664688543e+18,1.7793949707084173e+18
1779392924586374699,12.216,1.865,1490.55,66.31464260299546,0.0,8.466697957512206,12.244719639044932,1.779387631363547e+18,1.7793949921772887e+18
1779392924986679187,12.216,1.8325,1271.975,66.20058603338785,0.0,7.599812672590446,12.243008790500818,1.7793876015709414e+18,1.779395011962825e+18
1779392925387241224,12.22,1.865,604.95,66.04135311103099,0.0,6.355941421793692,12.240620296665465,1.779387569610573e+18,1.7793950328878802e+18
1779392925787498873,12.216,1.865,207.75,66.07477248729228,0.0,6.679272155783312,12.241121587309385,1.779387534978486e+18,1.7793950550217175e+18
1779392926187802575,12.216,1.8825,634.0,66.073846352911,0.0,6.731469194726476,12.241107695293666,1.7793874981436262e+18,1.7793950781694625e+18
1779392926588248203,12.212,1.78,296.4,65.81231762252655,0.0,4.675479941178854,12.237184764337899,1.7793874586186693e+18,1.7793951028134088e+18
1779392926988454255,12.22,1.865,904.525,65.81682371266757,0.0,4.755154021284641,12.237252355690014,1.7793874176578081e+18,1.7793951280965842e+18
1779392927388761573,12.22,1.78,1121.975,65.73278526760637,0.0,4.12464231681327,12.235991779014096,1.7793873753209856e+18,1.7793951540743503e+18
1779392927789097827,12.216,1.865,147.175,65.76136971505657,0.0,4.40883970826146,12.23642054572585,1.7793873340054272e+18,1.7793951794728305e+18
1779392928189466418,12.22,1.815,449.125,66.02436481823868,0.0,6.600914360935817,12.24036547227358,1.779387294696019e+18,1.7793952035911864e+18
1779392928589798403,12.22,1.78,1370.6,65.73844376586264,0.0,4.319064074542568,12.23607665648794,1.779387254014467e+18,1.779395228595643e+18
1779392928990209212,12.216,1.865,905.925,65.79885437009354,0.0,4.844819190655201,12.236982815551404,1.7793872126631695e+18,1.7793952538189202e+18
1779392929390817656,12.22,1.8,1126.25,65.77934362862439,0.0,4.721674754378608,12.236690154429366,1.7793871697452186e+18,1.779395279775852e+18
1779392929791013482,12.216,1.865,160.225,65.7048763745995,0.0,4.176167726269937,12.235573145618993,1.7793871234803512e+18,1.7793953073902659e+18
1779392930191539375,12.216,1.85,488.95,65.87095517411525,0.0,5.579534915304449,12.23806432761173,1.779387078406051e+18,1.779395334218302e+18
1779392930591980234,12.22,1.865,1492.15,65.8050021292318,0.0,5.085856788781902,12.237075031938478,1.7793870324255816e+18,1.77939536150589e+18
1779392930992223233,12.22,1.865,1276.875,65.95478750307899,0.0,6.339137096847756,12.239321812546185,1.7793869877286538e+18,1.7793953879774945e+18
1779392931392575843,12.22,1.78,619.9,65.87185814397829,0.0,5.709009540274656,12.238077872159675,1.7793869414666788e+18,1.7793954152489444e+18
1779392931793235952,12.216,1.85,253.375,65.84393374518855,0.0,5.533683793158828,12.237659006177829,1.7793869004147722e+18,1.779395439956376e+18
1779392932193671278,12.212,1.8,773.225,65.65435530039692,0.0,4.061254884985187,12.234815329505954,1.7793868589926154e+18,1.7793954649838994e+18
1779392932594208609,12.212,1.865,721.275,65.59773199291672,0.0,3.6695844960159545,12.233965979893751,1.77938681892935e+18,1.779395489358861e+18
1779392932994415462,12.22,1.9125,562.75,65.8238101279367,0.0,5.551630930240814,12.237357151919051,1.7793867814435323e+18,1.7793955122116032e+18
1779392933394884421,12.212,1.85,78.975,65.79822204448016,0.0,5.404016500114445,12.236973330667203,1.779386745152141e+18,1.7793955344621612e+18
1779392933795055147,12.212,1.8325,241.0,65.70581717493502,0.0,4.704433491330298,12.235587257624026,1.7793867093928579e+18,1.7793955564999037e+18
1779392934195617304,12.216,1.765,735.45,65.27656961836696,0.0,1.273710734820682,12.229148544275505,1.77938667039373e+18,1.7793955804994104e+18
1779392934596242695,12.22,1.865,606.0,65.33302914583716,0.0,1.7676673540917558,12.229995437187558,1.7793866323168579e+18,1.7793956039532874e+18
1779392934996749109,12.216,1.865,210.95,65.65922104753498,0.0,4.465226975307593,12.234888315713025,1.7793865971611382e+18,1.7793956256195274e+18
1779392935397220660,12.216,1.85,643.75,65.7380463872814,0.0,5.150112448658153,12.236070695809222,1.7793865626785874e+18,1.7793956468397092e+18
1779392935797561711,12.22,1.8,326.15,65.80741564566277,0.0,5.758945935427901,12.237111234684942,1.7793865288020667e+18,1.7793956676563666e+18
1779392936197815605,12.216,1.8,995.325,65.75062717513609,0.0,5.349651452543734,12.236259407627042,1.7793864958223675e+18,1.7793956880506058e+18
1779392936598211436,12.212,1.85,1399.075,65.79631461165383,0.0,5.773586095943384,12.236944719174808,1.779386463758509e+18,1.7793957079133896e+18
1779392936998458932,12.216,1.8325,992.825,65.575018814417,0.0,4.024285978876692,12.233625282216256,1.7793864311225354e+18,1.779395728235285e+18
1779392937399074599,12.224,1.78,1391.45,65.44018514731766,0.0,2.9532320901236973,12.231602777209766,1.7793863974150602e+18,1.779395749177528e+18
1779392937799375877,12.22,1.9125,969.55,65.29416319513663,0.0,1.8076548814515865,12.22941244792705,1.7793863630257267e+18,1.7793957705611484e+18
1779392938200150682,12.22,1.8,1320.425,65.12119702911536,0.0,0.43502730557627955,12.226817955436731,1.7793863272494387e+18,1.7793957927596221e+18
1779392938600325255,12.216,1.78,752.8,65.01488288393604,0.0,-0.3780311325119088,12.225223243259041,1.7793862907587272e+18,1.7793958153791895e+18
1779392939000699889,12.22,1.8325,658.95,64.74543867069693,0.0,-2.5357737318469242,12.221181580060454,1.7793862520858312e+18,1.7793958393020375e+18
1779392939401234584,12.22,1.8325,372.55,64.59486956479401,0.0,-3.7174424875493797,12.21892304347191,1.779386212161188e+18,1.7793958639571392e+18
1779392939801516870,12.216,1.815,1136.925,64.4554607503984,0.0,-4.799900587516383,12.216831911255976,1.7793861722081052e+18,1.7793958887341942e+18
1779392940201830045,12.216,1.85,192.8,64.53879168323253,0.0,-4.078556065112625,12.218081875248489,1.7793861330449672e+18,1.7793959130118764e+18
1779392940602265703,12.216,1.8325,588.375,64.57148624015032,0.0,-3.7693719605887686,12.218572293602255,1.7793860943223555e+18,1.7793959370117028e+18
1779392941002317612,12.22,1.815,157.175,64.64730203070663,0.0,-3.118116010597535,12.2197095304606,1.7793860559724856e+18,1.7793959607243932e+18
1779392941402893886,12.22,1.8825,479.65,64.88776411594499,0.0,-1.1175347196176377,12.223316461739175,1.779386019474607e+18,1.7793959832582364e+18
1779392941803188527,12.216,1.865,1463.775,65.01952213686594,0.0,-0.0017189730571114939,12.22529283205299,1.7793859838066685e+18,1.7793960052233738e+18
1779392942203372470,12.216,1.815,1190.275,64.84069711688318,0.0,-1.4138047819279622,12.222610456753248,1.7793859458873272e+18,1.7793960284465505e+18
1779392942604230489,12.212,1.9325,355.625,65.32781718073363,0.0,2.6027777264766683,12.229917257711005,1.7793859126062339e+18,1.7793960488714314e+18
1779392943004121274,12.216,1.78,1085.275,65.1694209938296,0.0,1.3573079238421526,12.227541314907445,1.7793858767960036e+18,1.7793960706719078e+18
1779392943404422339,12.22,1.78,35.175,65.09343811498402,0.0,0.773686603368812,12.226401571724761,1.7793858401063534e+18,1.7793960929541281e+18
1779392943804993507,12.212,1.9125,107.325,65.31968951012219,0.0,2.6671926440723803,12.229795342651833,1.7793858043112292e+18,1.7793961145428626e+18
1779392944205255182,12.216,1.9125,327.525,65.21053081099426,0.0,1.830273168840325,12.228157962164914,1.7793857669678577e+18,1.7793961369777585e+18
1779392944605870058,12.216,1.815,999.525,65.2630744412165,0.0,2.30155799487435,12.228946116618248,1.779385729533311e+18,1.77939615937951e+18
1779392945006074288,12.216,1.8,1411.9,64.97791623309827,0.0,0.015593583468458065,12.224668743496474,1.7793856890088015e+18,1.7793961835667402e+18
1779392945406424594,12.212,1.78,1031.975,64.67389155753287,0.0,-2.4152275381847295,12.220108373362994,1.7793856450672246e+18,1.7793962097230822e+18
1779392945806858952,12.212,1.865,1510.925,64.59923152260112,0.0,-2.9703251913542084,12.218988472839017,1.7793856001300925e+18,1.779396236425626e+18
1779392946207330558,12.212,1.8825,1334.175,64.81220278472976,0.0,-1.1852356570440317,12.222183041770947,1.779385556384553e+18,1.7793962623051438e+18
1779392946607691526,12.216,1.815,794.775,64.83650275004817,0.0,-0.9355381435695533,12.222547541250723,1.7793855115970074e+18,1.7793962886551273e+18
1779392947007986273,12.212,1.85,787.05,64.91748696854278,0.0,-0.24181970052861856,12.223762304528142,1.7793854662135327e+18,1.7793963151985285e+18
1779392947408452466,12.212,1.9125,763.475,65.29992551375261,0.0,2.9225550568227727,12.22949888270629,1.7793854244440735e+18,1.77939633954702e+18
1779392947808660596,12.216,1.765,691.525,65.1293849253105,0.0,1.5783934187758681,12.226940773879658,1.7793853812409234e+18,1.779396364756635e+18
1779392948208899568,12.22,1.8325,471.95,65.10298548431103,0.0,1.3808799669306309,12.226544782264666,1.779385336458943e+18,1.7793963907548088e+18
1779392948609371938,12.216,1.8825,1440.275,65.32087787862137,0.0,3.189242612813174,12.229813168179321,1.7793852929204588e+18,1.779396415896482e+18
1779392949009670438,12.216,1.815,1118.55,65.09929897516626,0.0,1.4290126962308036,12.226489484627495,1.779385246288731e+18,1.779396442776564e+18
1779392949410402573,12.212,1.815,136.725,64.92995764968035,0.0,0.09407323642330162,12.223949364745206,1.7793851986161725e+18,1.7793964703273938e+18
1779392949810696690,12.212,1.865,417.25,65.05485384151177,0.0,1.1540736040377466,12.225822807622677,1.779385150611104e+18,1.7793964978987628e+18
1779392950211007987,12.212,1.865,1273.325,65.20472927170842,0.0,2.4260740451697287,12.228070939075627,1.779385101863179e+18,1.7793965256683763e+18
1779392950611572057,12.212,1.85,609.075,65.56464274746676,0.0,5.408643075319313,12.233469641212002,1.7793850550690824e+18,1.7793965520827295e+18
1779392951011804316,12.216,1.85,220.325,65.68253235201497,0.0,6.4035612487042535,12.235237985280225,1.7793850079025736e+18,1.7793965785427139e+18
1779392951412372059,12.212,1.8825,672.375,65.7413875486117,0.0,6.92513796707819,12.236120813229176,1.779384958989116e+18,1.7793966057909875e+18
1779392951812710445,12.208,1.8825,413.525,66.06894481332992,0.0,9.652339093034064,12.24103417219995,1.7793849117255424e+18,1.7793966318650952e+18
1779392952212813316,12.212,1.78,1261.975,65.95265797076695,0.0,8.75108945024906,12.239289869561505,1.779384861736175e+18,1.7793966593938038e+18
1779392952613216867,12.212,1.8,574.425,65.86466132564613,0.0,8.079174317563742,12.237969919884693,1.779384809244216e+18,1.7793966882383644e+18
1779392953013547464,12.212,1.8,114.6,65.75380804968556,0.0,7.212227905680565,12.236307120745284,1.7793847542014487e+18,1.7793967184477998e+18
1779392953413982085,12.212,1.78,349.725,65.5636177996708,0.0,5.7075417981586165,12.233454266995063,1.7793846950368911e+18,1.7793967508862958e+18
1779392953814597727,12.2,1.865,1067.275,65.67434469550663,0.0,6.669582733388166,12.2351151704326,1.7793846347435405e+18,1.7793967837561533e+18
1779392954214850710,12.22,1.765,1618.65,65.55940776989533,0.0,5.751446696624458,12.23339111654843,1.779384570644772e+18,1.7793968186228646e+18
1779392954615558818,12.212,1.8825,24.525,65.66646770295388,0.0,6.657552951562843,12.234997015544309,1.779384505430794e+18,1.7793968539189617e+18
1779392955015758329,12.208,1.85,74.825,65.91822129460883,0.0,8.76975010270686,12.238773319419133,1.779384440124071e+18,1.779396888982794e+18
1779392955416224442,12.216,1.815,228.325,65.83704740867609,0.0,8.143602527498235,12.237555711130142,1.779384371603144e+18,1.779396925716012e+18
1779392955816517050,12.212,1.8325,696.775,65.96973936894423,0.0,9.277643796287425,12.239546090534164,1.7793843016433807e+18,1.7793969630102794e+18
1779392956216880585,12.212,1.8325,487.975,66.0061504505936,0.0,9.618406999640493,12.240092256758905,1.7793842317336998e+18,1.7793970002282396e+18
1779392956617235733,12.208,1.78,1489.175,65.64328740978509,0.0,6.705472411182708,12.234649311146777,1.7793841548728724e+18,1.7793970412773146e+18
1779392957017408056,12.216,1.865,1267.8,65.70716950418212,0.0,7.260470449134071,12.235607542562732,1.7793840763604895e+18,1.779397083069608e+18
1779392957418032682,12.216,1.815,592.2,65.67984626453014,0.0,7.0731634806928385,12.235197693967953,1.7793839959826263e+18,1.779397125810359e+18
1779392957818338647,12.212,1.85,168.85,65.82492644212232,0.0,8.299280574854908,12.237373896631835,1.7793839139804275e+18,1.7793971691920453e+18
1779392958218938530,12.212,1.85,515.275,65.97272571167798,0.0,9.54772845441058,12.23959088567517,1.7793838330441254e+18,1.7793972118730565e+18
1779392958619431538,12.212,1.865,1572.475,65.96245901556748,0.0,9.50649409188258,12.239436885233513,1.7793837483966666e+18,1.779397256399851e+18
1779392959019633439,12.212,1.8825,1522.0,66.04869844491854,0.0,10.232968568592621,12.240730476673779,1.7793836612954401e+18,1.779397302041097e+18
1779392959420329048,12.212,1.8825,1367.975,66.13100727969257,0.0,10.945730061848401,12.24196510919539,1.7793835743904492e+18,1.7793973474832627e+18
1779392959820525738,12.212,1.85,897.925,66.16657807831929,0.0,11.270218660798502,12.24249867117479,1.7793834859955953e+18,1.7793973936156426e+18
1779392960220728375,12.212,1.8325,1101.825,65.91837110213332,0.0,9.290574829245205,12.238775566532,1.77938339366845e+18,1.7793974419730406e+18
1779392960621232667,12.216,1.78,85.7,65.6760714108711,0.0,7.352325063838244,12.235141071163067,1.7793832938708045e+18,1.7793974943130222e+18
1779392961021465514,12.216,1.8325,261.525,65.73938360521647,0.0,7.894889102728898,12.236090754078248,1.7793831905763448e+18,1.7793975483165115e+18
1779392961422109505,12.216,1.85,798.1,65.51963167113395,0.0,6.138551407806512,12.23279447506701,1.779383079558998e+18,1.7793976064115927e+18
1779392961822614164,12.212,1.8325,797.2,65.51355278731015,0.0,6.132712825776529,12.232703291809653,1.7793829638915026e+18,1.779397666829024e+18
1779392962222870451,12.208,1.865,794.45,65.6261397199235,0.0,7.101530400545054,12.234392095798853,1.7793828443715295e+18,1.7793977290342116e+18
1779392962623330798,12.216,1.78,786.05,65.59196223856516,0.0,6.859205974637684,12.233879433578478,1.7793827170491523e+18,1.7793977951640998e+18
1779392963023646820,12.212,1.8975,760.425,65.64920252558765,0.0,7.367572933780965,12.234738037883815,1.7793825848339704e+18,1.7793978636649723e+18
1779392963424063375,12.212,1.8325,682.225,65.60026790703009,0.0,7.00379974887523,12.234004018605452,1.7793824451495603e+18,1.7793979359467617e+18
1779392963824322516,12.22,1.8325,443.575,65.25761914849524,0.0,4.2474131724836175,12.22886428722743,1.7793822939838198e+18,1.779398014369132e+18
1779392964224633463,12.212,1.8975,1353.675,65.48690287183621,0.0,6.148954818743377,12.232303543077544,1.7793821432238856e+18,1.7793980923248527e+18
1779392964624949063,12.212,1.8,854.275,65.17517357895974,0.0,3.662816367694219,12.227627603684397,1.7793819790101824e+18,1.7793981773815299e+18
1779392965025460929,12.208,1.865,968.625,65.2363441094421,0.0,4.204026250395903,12.228545161641632,1.7793818103957248e+18,1.7793982645770831e+18
1779392965425807480,12.216,1.8825,1317.6,65.04110133164404,0.0,2.6660081809673377,12.225616519974661,1.7793816302511734e+18,1.7793983577904788e+18
1779392965826165629,12.212,1.85,744.175,65.11527590423773,0.0,3.296211892557806,12.226729138563567,1.779381440773901e+18,1.7793984555912858e+18
1779392966226335355,12.212,1.85,632.625,65.10833514578407,0.0,3.2743169374551777,12.226625027186762,1.7793812411285576e+18,1.7793985585029125e+18
1779392966626988308,12.208,1.78,292.2,64.73385960966817,0.0,0.28652681843943073,12.221007894145023,1.7793810226852803e+18,1.7793986713238804e+18
1779392967027370604,12.208,1.8325,891.7,64.5945301951864,0.0,-0.7957008956453239,12.218917952927796,1.7793807885889213e+18,1.7793987921984264e+18
1779392967427480356,12.204,1.865,1082.85,64.86386070629348,0.0,1.4492504325688005,12.222957910594403,1.779380548419712e+18,1.7793989157996365e+18
1779392967827834979,12.212,1.815,27.775,64.75497165578518,0.0,0.6061094543339186,12.221324574836778,1.7793802944804995e+18,1.7793990464853952e+18
1779392968228122681,12.212,1.815,84.75,64.73775227471738,0.0,0.5006971339534255,12.221066284120761,1.779380025068574e+18,1.779399184989503e+18
1779392968628518414,12.208,1.85,258.625,65.02141068287175,0.0,2.863124877464205,12.225321160243077,1.7793797519242317e+18,1.779399325019413e+18
1779392969028694334,12.212,1.8,789.25,65.06451932809367,0.0,3.2582408800802716,12.225967789921405,1.779379466013837e+18,1.7793994714244221e+18
1779392969429371937,12.212,1.85,770.175,65.22529029825199,0.0,4.603093841497011,12.22837935447378,1.7793791651735473e+18,1.7793996251100168e+18
1779392969829597972,12.212,1.85,711.975,65.34969633880172,0.0,5.651754430519238,12.230245445082026,1.7793788493869307e+18,1.7793997861326013e+18
1779392970229945245,12.208,1.85,534.375,65.59868069689207,0.0,7.733246303940207,12.233980210453382,1.779378516866983e+18,1.7793999551838733e+18
1779392970630443343,12.208,1.8325,1630.775,65.40599220695955,0.0,6.214901959973921,12.231089883104394,1.7793781551266678e+18,1.7794001391968806e+18
1779392971030731645,12.204,1.9325,61.525,65.98678266095521,0.0,11.006571611693756,12.239801739914329,1.7793777858414116e+18,1.779400326092329e+18
1779392971431465617,12.208,1.865,187.75,66.29468671643801,0.0,13.568065322862921,12.24442030074657,1.7793774091899804e+18,1.7794005161798203e+18
1779392971831840729,12.208,1.85,572.95,66.21673624763562,0.0,12.975025234499473,12.243251043714535,1.7793770046497226e+18,1.7794007203499246e+18
1779392972232494376,12.208,1.8825,110.1,66.1982966827313,0.0,12.865392264282493,12.24297445024097,1.7793765672973504e+18,1.7794009409711173e+18
1779392972632999296,12.212,1.815,335.975,66.0592456825861,0.0,11.767633103183814,12.240888685238792,1.7793760962244242e+18,1.779401178719716e+18
1779392973033250343,12.208,1.85,1025.3,66.20337667728124,0.0,12.985870991491888,12.24305065015922,1.7793756010806776e+18,1.7794014282699492e+18
1779392973434050405,12.208,1.78,1490.55,65.99282857691166,0.0,11.316089443751826,12.239892428653675,1.7793750599129037e+18,1.779401701255175e+18
1779392973834265610,12.204,1.8325,1271.975,65.98507458106613,0.0,11.297167423061083,12.239776118715993,1.7793744762136271e+18,1.7794019955716022e+18
1779392974234626559,12.212,1.8975,604.95,66.38706343042524,0.0,14.608021257756661,12.24580595145638,1.7793738539144722e+18,1.7794023084363763e+18
1779392974634881204,12.212,1.85,207.75,66.37749298622313,0.0,14.5642546036618,12.245662394793348,1.779373181259219e+18,1.779402646514226e+18
1779392975035176335,12.208,1.85,634.0,66.23538685298529,0.0,13.457159736692338,12.24353080279478,1.7793724370508928e+18,1.7794030206955779e+18
1779392975435445024,12.208,1.8325,296.4,66.38203163405949,0.0,14.705517058130884,12.245730474510893,1.779371628248632e+18,1.7794034268933512e+18
1779392975835937866,12.212,1.8,904.525,66.3575381451611,0.0,14.542777617630128,12.245363072177417,1.7793707311669563e+18,1.7794038773187471e+18
1779392976236318262,12.208,1.8325,1121.975,66.15343848996456,0.0,12.930926652903185,12.242301577349469,1.7793697303920579e+18,1.7794043801247124e+18
1779392976636881159,12.208,1.9125,147.175,66.40139395159379,0.0,15.001335669044021,12.246020909273907,1.7793686265077627e+18,1.7794049339535286e+18
1779392977037163318,12.208,1.8825,449.125,66.8592658833258,0.0,18.784857097018733,12.252888988249888,1.7793674253032735e+18,1.7794055352838477e+18
1779392977437831843,12.212,1.85,1370.6,66.91079576587451,0.0,19.248136443843865,12.253661936488118,1.779366071963738e+18,1.7794062124831199e+18
1779392977837978692,12.212,1.815,905.925,66.77292292897639,0.0,18.159612372239298,12.251593843934646,1.7793645249206513e+18,1.7794069868540774e+18
1779392978238457770,12.208,1.8,1126.25,66.51258563069891,0.0,16.091243833944276,12.247688784460484,1.7793627452504292e+18,1.7794078782885747e+18
1779392978638679871,12.212,1.85,160.225,66.4455000629356,0.0,15.578240672623817,12.246682500944035,1.7793606830639862e+18,1.7794089112408896e+18
1779392979038924313,12.208,1.815,488.95,66.32625498669482,0.0,14.650769531826564,12.244893824800423,1.7793582503744233e+18,1.7794101299485317e+18
1779392979439314734,12.212,1.8,1492.15,66.22195543965796,0.0,13.828066200727305,12.24332933159487,1.7793553602770432e+18,1.7794115779316682e+18
1779392979839601117,12.212,1.8325,1276.875,66.29189591766998,0.0,14.425566612731075,12.24437843876505,1.779351948317495e+18,1.779413286846478e+18
1779392980239940705,12.212,1.9125,619.9,66.36833902976404,0.0,15.08062280171374,12.245525085446461,1.7793477875568893e+18,1.7794153701515325e+18
1779392980640404556,12.204,1.8825,253.375,66.73183983364643,0.0,18.094890146763436,12.250977597504697,1.7793427051797038e+18,1.77941791280262e+18
1779392981040637885,12.216,1.68,773.225,66.47583948802209,0.0,16.049201452010372,12.247137592320332,1.7793362162876736e+18,1.779421160239337e+18
1779392981440795483,12.228,1.715,721.275,66.70365460746655,0.0,17.909838433942397,12.250554819111999,1.7793277856770493e+18,1.779425377578616e+18
1779392981841143292,12.22,1.75,562.75,66.85588172440981,0.0,19.173707055761092,12.252838225866148,1.7793163071205906e+18,1.779431118040083e+18
1779392982241395156,12.224,1.73,78.975,67.11895257444911,0.0,21.33465039792237,12.256784288616737,1.7792998943585398e+18,1.7794393231944783e+18
1779392982641900552,12.22,1.73,241.0,67.05712712294813,0.0,20.851594097674706,12.255856906844222,1.7792739968382556e+18,1.7794522701924398e+18
1779392983042317490,12.228,1.5475,735.45,67.29882801582869,0.0,22.82736264995793,12.25948242023743,1.779227899385952e+18,1.7794753110165325e+18
1779392983442620389,12.176,1.9825,606.0,68.46366584597632,0.0,32.428647109506905,12.276954987689646,1.7791314626079672e+18,1.779523481090252e+18
1779392983842872884,12.072,2.815,210.95,75.62947050582389,0.0,106.33631231789862,12.412589410116478,1.7789737763247775e+18,1.7796019257031424e+18
1779392984243270756,12.112,2.565,643.75,76.5760964973624,0.0,116.6982542408501,12.431521929947248,1.7783961731219786e+18,1.7798891461849306e+18
1779392984643384923,12.124,2.315,326.15,77.28861828077163,0.0,124.51546048193862,12.445772365615433,1.7825772298625736e+18,1.7778104091511698e+18
1779392985043560906,12.072,2.7825,995.325,78.03383863108479,0.0,132.6390625066556,12.460676772621696,1.7800381764532861e+18,1.779072858278626e+18
1779392985443854629,12.064,2.8625,1399.075,78.4108160969387,0.0,136.76916212155942,12.468216321938774,1.7797501096036677e+18,1.779216094797871e+18
1779392985844154686,12.06,3.015,992.825,78.32101038166793,0.0,135.82509380442235,12.466420207633359,1.77963608422351e+18,1.7792727747156813e+18
1779392986244422468,12.072,2.815,1391.45,78.48846346453958,7.4375,137.64446279033814,12.469769269290792,1.7795769059468833e+18,1.7793021913309248e+18
1779392986644717080,12.088,2.4325,969.55,78.84214931183735,7.4375,141.5541806858808,12.476842986236747,1.7795408369841362e+18,1.7793201242913838e+18
1779392987045042230,12.184,1.85,1320.425,78.82615406695211,7.4375,141.48159258691643,12.476523081339042,1.7795161117653706e+18,1.7793324129824543e+18
1779392987445350372,12.192,1.715,752.8,78.73161103683285,8.487499999999999,140.5956750213982,12.474632220736657,1.7794976776452419e+18,1.779341567159986e+18
1779392987845633581,12.188,1.5325,658.95,78.39207469991003,8.487499999999999,137.11446922121803,12.4678414939982,1.7794833706856888e+18,1.7793486627522324e+18
1779392988246152766,12.192,1.765,372.55,78.3321692861133,8.487499999999999,136.56351864376154,12.466643385722266,1.779472282490683e+18,1.7793541591587003e+18
1779392988646559959,12.196,1.73,1136.925,78.2740045733446,8.19,136.06124894209557,12.465480091466892,1.7794633998686195e+18,1.779358559433127e+18
1779392989046938103,12.196,1.85,192.8,78.2592818151878,8.19,135.96167047101795,12.465185636303756,1.7794561070414536e+18,1.7793621697049124e+18
1779392989447294442,12.192,1.73,588.375,78.17868333247696,8.19,135.19482982343263,12.46357366664954,1.7794499725045458e+18,1.7793652035816182e+18
1779392989847449528,12.192,1.78,157.175,78.12984839887848,7.7524999999999995,134.753526620258,12.46259696797757,1.7794448570179648e+18,1.7793677322389865e+18
1779392990247711853,12.196,1.865,479.65,78.12558888806143,7.7524999999999995,134.74332314827763,12.462511777761229,1.779440516930669e+18,1.779369876561303e+18
1779392990647981819,12.192,1.8,1463.775,78.09230128279286,7.7524999999999995,134.46907215730056,12.461846025655857,1.7794367848295741e+18,1.7793717193764122e+18
1779392991048306542,12.192,1.5675,1190.275,77.84315133579538,7.262500000000001,131.93750495085035,12.456863026715908,1.779433518533498e+18,1.7793733300685814e+18
1779392991448464692,12.196,1.8825,355.625,77.83866955159473,7.262500000000001,131.93038325870282,12.456773391031895,1.7794306433039777e+18,1.7793747469068718e+18
1779392991848846812,12.196,1.8975,1085.275,77.83892289983872,7.262500000000001,131.97120100367252,12.456778457996775,1.7794280944403392e+18,1.7793760020184302e+18
1779392992249164993,12.196,1.9675,35.175,77.83532842136448,7.262500000000001,131.94526413327762,12.45670656842729,1.779425836527597e+18,1.7793771132591268e+18
1779392992649392636,12.2,1.8975,107.325,77.82792708168814,6.7725,131.90255275734464,12.456558541633763,1.7794238225376648e+18,1.7793781038827218e+18
1779392993049710761,12.2,1.815,327.525,77.80422896894984,6.7725,131.70401469618648,12.456084579378997,1.7794219982791137e+18,1.779379000342334e+18
1779392993450007580,12.192,1.8825,999.525,77.79951212479395,6.7725,131.70794466288237,12.45599024249588,1.7794203981692657e+18,1.779379786889547e+18
1779392993850339724,12.196,1.9125,1411.9,77.80077934298957,6.7725,131.76822182140495,12.456015586859792,1.7794189571613184e+18,1.7793804950092744e+18
1779392994250613210,12.2,1.85,1031.975,77.79370700135848,6.3,131.74807469807442,12.45587414002717,1.7794176548538132e+18,1.7793811347862157e+18
1779392994650915945,12.196,1.865,1510.925,77.78873265870035,6.3,131.75479017350378,12.455774653174007,1.7794164900115236e+18,1.779381707197127e+18
1779392995051350787,12.2,1.865,1334.175,77.78066655003288,6.3,131.70559690514978,12.455613331000658,1.7794154343148639e+18,1.7793822259718157e+18
1779392995451589717,12.196,1.865,794.775,77.77656054967333,6.3,131.69467106995435,12.455531210993467,1.7794144855887342e+18,1.779382692443151e+18
1779392995851873100,12.192,1.9975,787.05,77.771432712274,5.81,131.65251919761369,12.45542865424548,1.7794136177661788e+18,1.7793831191513902e+18
1779392996252188455,12.2,1.9475,763.475,77.77492158506752,5.81,131.72729850243107,12.45549843170135,1.779412838924924e+18,1.7793835025416253e+18
1779392996652477662,12.2,2.0175,691.525,77.75664164223227,5.81,131.5446319369572,12.455132832844646,1.7794121867760274e+18,1.7793838251480686e+18
1779392997052683516,12.196,2.0675,471.95,77.7182563616921,5.81,131.1221098272278,12.454365127233842,1.7794115370516506e+18,1.7793841453765606e+18
1779392997453023430,12.192,1.9125,1440.275,77.71988411511909,5.302499999999999,131.19478082334078,12.454397682302382,1.77941091501409e+18,1.7793844515211402e+18
1779392997853263909,12.196,1.9325,1118.55,77.71982684528781,5.302499999999999,131.2125597382725,12.454396536905756,1.779410338247686e+18,1.7793847354627277e+18
1779392998253463049,12.188,1.9475,136.725,77.7248476995915,5.302499999999999,131.29635693425217,12.45449695399183,1.7794098402914785e+18,1.779384981721668e+18
1779392998653736035,12.196,1.8325,417.25,77.7022813701681,5.302499999999999,131.1183240636257,12.454045627403362,1.7794093793456701e+18,1.779385209872001e+18
1779392999054036108,12.2,1.9125,1273.325,77.69999755588205,5.302499999999999,131.10932441044196,12.453999951117641,1.779408962584034e+18,1.7793854167120166e+18
1779392999454368027,12.196,1.9675,609.075,77.69782265887565,5.302499999999999,131.09041314300512,12.453956453177513,1.779408559365222e+18,1.779385616540349e+18
1779392999854610603,12.196,1.9675,220.325,77.69747871637041,4.7425,131.12280811255044,12.453949574327408,1.7794081712405783e+18,1.7793858086816607e+18
1779393000254968378,12.192,1.8975,672.375,77.68842704503386,4.7425,131.07564556714155,12.453768540900677,1.7794078167368238e+18,1.779385984616357e+18
1779393000655234474,12.196,1.8975,413.525,77.68611686214176,4.7425,131.1017234470803,12.453722337242835,1.7794074784322112e+18,1.779386152464256e+18
1779393001055441433,12.188,1.9975,1261.975,77.69136223266023,4.7425,131.19401781349922,12.453827244653205,1.7794071595010644e+18,1.7793863108166572e+18
1779393001455688914,12.196,1.9125,574.425,77.69320338642612,4.7425,131.2651747263799,12.453864067728523,1.7794068672623514e+18,1.7793864563561057e+18
1779393001856022163,12.196,1.9325,114.6,77.69391033796477,4.7425,131.2874308437783,12.453878206759295,1.7794065903167396e+18,1.7793865943739318e+18
1779393002256325124,12.192,1.8825,349.725,77.68566702561063,4.06,131.25368981266092,12.453713340512213,1.779406327407392e+18,1.7793867254747402e+18
1779393002656590057,12.188,1.8975,1067.275,77.68286729294049,4.06,131.30015920106163,12.45365734585881,1.779406078921254e+18,1.7793868495233336e+18
1779393003056820278,12.2,1.8325,1618.65,77.66545234633196,4.06,131.16040198534702,12.45330904692664,1.779405855860725e+18,1.7793869615170757e+18
1779393003457137489,12.192,2.0175,24.525,77.64893901274502,4.06,131.0090343658186,12.4529787802549,1.7794056412989297e+18,1.779387069232817e+18
1779393003857478384,12.192,1.9825,74.825,77.64597431770275,4.06,131.01284362798262,12.452919486354055,1.7794054293894415e+18,1.7793871753683459e+18
1779393004257782043,12.196,1.8825,228.325,77.63716899833214,4.06,130.9646130004929,12.452743379966643,1.779405223151751e+18,1.779387278555357e+18
1779393004658077166,12.196,1.9475,696.775,77.6298512292537,4.06,130.9092108176183,12.452597024585074,1.779405022709191e+18,1.779387378755443e+18
1779393006659795739,12.272,1.765,425.2,77.71389732519839,0.0,131.74144245154136,12.454277946503968,1.7794048423183826e+18,1.779387469634697e+18
1779393007060057034,12.268,1.8,1297.6,77.76261247356598,0.0,132.16644921515828,12.45525224947132,1.7794046706713792e+18,1.7793875562910495e+18
1779393007460439855,12.272,1.78,683.15,77.82870236428182,0.0,132.77545916455765,12.456574047285637,1.7794045092013972e+18,1.7793876381112148e+18
1779393007860726293,12.264,1.78,446.4,77.88726460686429,0.0,133.33117475925445,12.457745292137286,1.779404362604407e+18,1.7793877129904113e+18
1779393008261020652,12.268,1.715,1362.3,77.96725423410439,0.0,134.12033844194073,12.459345084682088,1.7794042211071977e+18,1.779387785380942e+18
1779393008661352620,12.268,1.78,880.6,78.03270954673069,0.0,134.7466753598274,12.460654190934614,1.7794040876777152e+18,1.779387853944926e+18
1779393009061684834,12.264,1.8,1048.975,78.08387953243044,0.0,135.22334910830003,12.461677590648609,1.7794039658296776e+18,1.7793879171083712e+18
1779393009462001478,12.264,1.75,1562.8,78.14223124532066,0.0,135.78464251312954,12.462844624906413,1.77940385469737e+18,1.77938797528964e+18
1779393009862283152,12.26,1.8975,1492.475,78.13018522276522,0.0,135.5694724366204,12.462603704455304,1.7794037608529405e+18,1.7793880255092974e+18
1779393010262558562,12.264,1.765,1277.85,78.19355400973063,0.0,136.19556487886382,12.463871080194613,1.7794036700380042e+18,1.779388074242389e+18
1779393010662880311,12.26,1.815,622.875,78.24736231902759,0.0,136.71555195622966,12.464947246380552,1.7794035955211062e+18,1.779388115562462e+18
1779393011063160677,12.26,1.68,262.45,78.30386713372805,0.0,137.2962343257853,12.466077342674561,1.7794035440627837e+18,1.7793881464903424e+18
1779393011463479379,12.26,1.73,800.925,78.36313284923709,0.0,137.88012851938788,12.467262656984742,1.7794034958594575e+18,1.779388175891555e+18
1779393011863750062,12.256,1.865,805.825,78.36938122918859,0.0,137.87407945967243,12.467387624583772,1.7794034573029317e+18,1.7793882008894372e+18
1779393012264142070,12.26,1.9125,820.775,78.34297996829616,0.0,137.48580993303608,12.466859599365923,1.779403415585405e+18,1.7793882271642488e+18
1779393012664444727,12.26,1.765,866.4,78.39232273391748,0.0,137.95146068361237,12.46784645467835,1.7794033800086065e+18,1.7793882506469834e+18
1779393013064776529,12.252,1.73,1005.625,78.43547768665104,0.0,138.36811496167172,12.46870955373302,1.7794033434130834e+18,1.7793882745141056e+18
1779393013464966859,12.252,1.8,1430.5,78.4746951947181,0.0,138.71074791956414,12.469493903894362,1.7794033151886922e+18,1.7793882946108316e+18
1779393013865114301,12.256,1.8,1088.725,78.50847053761215,0.0,139.00816585185723,12.470169410752243,1.7794032902772255e+18,1.7793883131821315e+18
1779393014265326632,12.26,1.8325,45.725,78.5379174919827,0.0,139.2525886814826,12.470758349839654,1.7794032653994214e+18,1.779388331676752e+18
1779393014665565341,12.256,1.73,139.525,78.58490928072641,0.0,139.72292971973891,12.471698185614528,1.779403245805018e+18,1.7793883477982323e+18
1779393015065832301,12.256,1.75,425.775,78.63404239572436,0.0,140.1880503225627,12.472680847914488,1.779403227130758e+18,1.7793883634759165e+18
1779393015466146893,12.252,1.815,1299.35,78.66248665197962,0.0,140.4260497079794,12.473249733039593,1.7794032151333842e+18,1.7793883761703854e+18
1779393015866333715,12.256,1.765,688.5,78.70863806091518,0.0,140.8786069302105,12.474172761218304,1.7794032005754148e+18,1.779388389955424e+18
1779393016266485116,12.26,1.7,462.725,78.77005272402792,0.0,141.51060547382417,12.475401054480558,1.7794032005883187e+18,1.7793883973422659e+18
1779393016666854222,12.256,1.715,1412.1,78.8182345496945,0.0,141.98017780642152,12.47636469099389,1.77940319707965e+18,1.7793884062534984e+18
1779393017067227435,12.264,1.68,1032.575,78.88236168058215,0.0,142.62514131944553,12.477647233611643,1.7794031954517225e+18,1.7793884143373737e+18
1779393017467588924,12.248,1.865,1512.75,78.88988685981727,0.0,142.64255809892492,12.477797737196346,1.7794032043471908e+18,1.7793884177912758e+18
1779393017867902490,12.252,1.8,1339.725,78.92166200999188,0.0,142.9313444791516,12.478433240199838,1.7794032160090396e+18,1.779388420027614e+18
1779393018268113051,12.172,2.4475,811.7,78.63412231684316,0.0,139.74612828513426,12.472682446336863,1.7794032296390886e+18,1.7793884211662203e+18
1779393018668412786,12.14,2.6,838.7,78.38599614988429,0.0,137.0283451886922,12.467719922997686,1.7794032468002742e+18,1.77938842056317e+18
1779393019068620979,12.22,1.9825,921.1,78.35952064623318,0.0,136.72465248703637,12.467190412924664,1.7794032720361697e+18,1.7793884164184381e+18
1779393019468929004,12.172,2.3975,1172.55,78.17585573491331,0.0,134.7016832022652,12.463517114698266,1.7794033033534367e+18,1.7793884094948575e+18
1779393019869308111,12.172,2.4175,301.525,77.98503332956078,0.0,132.60723147892438,12.459700666591216,1.7794033346065277e+18,1.779388402453571e+18
1779393020269467597,12.008,3.65,920.175,77.54336551774915,0.0,127.84134243617356,12.450867310354983,1.7794033611874826e+18,1.7793883971018854e+18
1779393020669665513,12.136,2.63,1169.75,77.42638159754948,0.0,126.58036518366184,12.44852763195099,1.7794033943475779e+18,1.7793883888179817e+18
1779393021069993185,11.744,6.1825,292.975,76.41505065763862,0.0,115.78077183645148,12.428301013152772,1.7794034191414397e+18,1.7793883834007442e+18
1779393021470343596,11.868,4.8325,894.075,76.41659513648875,0.0,115.81546618181662,12.428331902729775,1.779403451840616e+18,1.779388374572523e+18
1779393021870612857,11.924,4.2325,1090.1,76.48232410701335,11.7425,116.53948709785536,12.429646482140267,1.7794034793710528e+18,1.779388368009803e+18
1779393022270940936,12.004,3.25,49.9,76.60063372411798,15.3475,117.86588907309074,12.43201267448236,1.779403512489688e+18,1.7793883591246625e+18
1779393022671279334,11.524,8.4975,152.275,75.94720852993797,15.3475,111.01459026965951,12.41894417059876,1.779403542538163e+18,1.7793883510807534e+18
1779393023071535772,11.62,7.1675,464.7,75.9613715313198,16.485,111.16135600549855,12.419227430626396,1.7794035754511772e+18,1.7793883418137605e+18
1779393023471793606,11.864,4.48,1418.15,76.06241602647233,18.6725,112.31910737761551,12.421248320529447,1.7794036134010074e+18,1.7793883304595753e+18
1779393023872094486,11.776,5.05,1051.05,76.225747258,20.212500000000002,114.1159212955555,12.42451494516,1.779403651917152e+18,1.7793883189820375e+18
1779393024272332484,12.06,2.75,1569.15,76.24115609919802,21.105,114.39127650180906,12.42482312198396,1.7794036896323948e+18,1.7793883078592468e+18
1779393024672738892,12.164,1.8975,1511.85,76.22723106988998,21.0175,114.34927399985182,12.4245446213978,1.779403733037024e+18,1.7793882942971295e+18
1779393025073107230,12.168,1.8975,1337.0,76.21441301769441,20.772499999999997,114.31034311304263,12.424288260353888,1.779403780779632e+18,1.7793882788798505e+18
1779393025473429341,12.172,1.8975,803.4,76.19880553368948,20.5275,114.27437297696468,12.42397611067379,1.779403827876622e+18,1.7793882637349588e+18
1779393025873757769,12.172,1.9475,813.375,76.18799384256302,20.5275,114.25089706069356,12.42375987685126,1.7794038830654828e+18,1.7793882451435523e+18
1779393026274147311,12.16,2.115,843.8,76.18374760753933,20.265,114.26326701852656,12.423674952150787,1.779403942326038e+18,1.7793882248304622e+18
1779393026674369927,12.16,2.13,936.65,76.18099513441763,20.002499999999998,114.27968978812623,12.423619902688353,1.7794040234423619e+18,1.779388195240064e+18
1779393027074710403,12.16,2.13,1220.025,76.17586562188805,19.7575,114.28778965385426,12.423517312437761,1.779404108707084e+18,1.7793881639174656e+18
1779393027475113585,12.156,2.13,446.4,76.17149377131511,19.495,114.30341937691028,12.423429875426303,1.7794041901798548e+18,1.7793881342376678e+18
1779393027875442585,12.16,2.1,1362.3,76.16609083309811,19.2325,114.31162284720912,12.423321816661963,1.7794042727526853e+18,1.7793881041207734e+18
1779393028275795402,12.152,2.13,880.6,76.16596721792784,19.2325,114.35012962495681,12.423319344358557,1.7794043583539896e+18,1.779388072754562e+18
1779393028676197959,12.156,2.15,1048.975,76.16078952750796,18.9525,114.36109883050531,12.42321579055016,1.7794044511403873e+18,1.7793880383787354e+18
1779393029076477692,12.148,2.2,1562.8,76.15925658018821,18.655,114.39345960697429,12.423185131603764,1.7794045497991327e+18,1.7793880015588692e+18
1779393029476823247,12.148,2.23,1492.475,76.15655970999269,18.3925,114.41877244388274,12.423131194199854,1.7794046605067681e+18,1.779387959689987e+18
1779393029877184349,12.152,2.18,1277.85,76.15328670723481,18.165000000000003,114.43833914460907,12.423065734144696,1.7794047802447447e+18,1.779387914058966e+18
1779393030277506059,12.148,2.18,622.875,76.15105531173523,17.885,114.46817984141782,12.423021106234705,1.779404916720608e+18,1.7793878614242499e+18
1779393030677880529,12.156,2.13,262.45,76.14628803943529,17.885,114.47971891899867,12.422925760788706,1.7794050582259377e+18,1.7793878067368525e+18
1779393031078248890,12.148,2.25,800.925,76.14467207787108,17.622500000000002,114.50425022986074,12.422893441557422,1.7794052020950973e+18,1.7793877511266573e+18
1779393031478601308,12.152,2.215,805.825,76.1415998470894,17.3425,114.52117180339292,12.422831996941788,1.7794053599864013e+18,1.7793876896882583e+18
1779393031878933666,12.148,2.2,820.775,76.13839859434349,17.045,114.5446955860134,12.42276797188687,1.7794055314165143e+18,1.779387622638987e+18
1779393032279265857,12.156,2.15,866.4,76.13272208231692,17.045,114.55056211114513,12.422654441646339,1.7794057223570765e+18,1.7793875474814856e+18
1779393032679670906,12.152,2.215,1005.625,76.1281951818745,16.8,114.56096236962705,12.42256390363749,1.7794059253509076e+18,1.7793874673666596e+18
1779393033080053226,12.156,2.165,1430.5,76.12588428627696,16.537499999999998,114.57739911285182,12.42251768572554,1.7794061420332933e+18,1.7793873816219912e+18
1779393033480341567,12.156,2.13,1088.725,76.12125915627789,16.537499999999998,114.58683997692843,12.422425183125558,1.7794064186043722e+18,1.7793872708961452e+18
1779393033880686236,12.156,2.0825,45.725,76.11835983065411,16.2575,114.60481981606135,12.422367196613083,1.7794067038829066e+18,1.7793871566840154e+18
1779393034281065392,12.156,1.9675,139.525,76.1070445317138,15.977500000000001,114.58056277060298,12.422140890634276,1.7794069995031508e+18,1.779387038301857e+18
1779393034681363164,12.152,2.2,425.775,76.10076985469121,15.977500000000001,114.58781148567336,12.422015397093825,1.7794073044464535e+18,1.7793869161886881e+18
1779393035081696243,12.148,2.1,1299.35,76.0951073156157,15.680000000000001,114.60165477673169,12.421902146312314,1.7794076201357123e+18,1.7793867897583565e+18
1779393035482113919,12.152,2.25,688.5,76.0946461032149,15.4175,114.62100230567945,12.421892922064298,1.779407941658687e+18,1.7793866610752735e+18
1779393035882439531,12.152,2.115,462.725,76.09226723087357,15.4175,114.64453909572894,12.421845344617472,1.7794082861690865e+18,1.7793865229871396e+18
1779393036282789137,12.156,2.115,1412.1,76.08498057898885,15.155000000000001,114.64239150879264,12.421699611579777,1.7794086335232033e+18,1.7793863839057682e+18
1779393036683111730,12.152,2.0825,1032.575,76.07711067748575,15.155000000000001,114.64183399193632,12.421542213549715,1.7794089951492163e+18,1.7793862390721324e+18
1779393037083297627,12.192,1.85,1512.75,76.06880393631465,14.8575,114.6074413635925,12.421376078726293,1.7794094014234337e+18,1.7793860758574377e+18
1779393037483638023,12.192,1.78,1339.725,76.05676066259566,14.56,114.54874225265026,12.421135213251913,1.779409840206058e+18,1.7793858993469576e+18
1779393037883975781,12.172,2.0325,811.7,76.0529962304866,14.56,114.54588994099795,12.421059924609732,1.779410293569876e+18,1.7793857170266742e+18
1779393038284307347,12.172,2.0325,838.7,76.04865215887537,14.245000000000001,114.54074498363771,12.420973043177508,1.7794107916833306e+18,1.7793855163827717e+18
1779393038684657975,12.172,1.9825,921.1,76.04149457170504,14.245000000000001,114.52317084876701,12.420829891434101,1.7794113054454106e+18,1.7793853095251254e+18
1779393039084982920,12.18,1.85,1172.55,76.028578764691,13.93,114.46714761905359,12.42057157529382,1.7794118420322225e+18,1.7793850934843958e+18
1779393039485297555,12.168,2.115,301.525,76.02155559299231,13.667499999999999,114.45481875723902,12.420431111859846,1.7794123764212818e+18,1.7793848786505341e+18
1779393039885611188,12.16,2.0825,920.175,76.01563213472957,13.667499999999999,114.45100051603536,12.420312642694592,1.7794129316915044e+18,1.7793846554670083e+18
1779393040285989799,12.168,1.9475,1169.75,76.00777791214296,13.387500000000001,114.43056984647852,12.42015555824286,1.779413550761597e+18,1.779384406196426e+18
1779393040686328447,12.16,2.13,292.975,76.00208628464182,13.387500000000001,114.4256786569706,12.420041725692837,1.779414254813434e+18,1.779384122142885e+18
1779393041086635084,12.164,1.9675,894.075,75.99049032916483,13.0725,114.3916084647914,12.419809806583297,1.77941496762902e+18,1.7793838348514698e+18
1779393041486989555,12.168,2.0325,1090.1,75.98496292316037,13.0725,114.38278110088419,12.419699258463208,1.7794156759525455e+18,1.7793835498045325e+18
1779393041887269646,12.176,1.9475,49.9,75.97635440295907,12.74,114.35504716415778,12.419527088059182,1.7794164236120343e+18,1.7793832489153633e+18
1779393042287576947,12.176,1.9675,152.275,75.96927295795659,12.74,114.3338635631361,12.419385459159132,1.7794172201005658e+18,1.7793829283054467e+18
1779393042687926047,12.184,1.815,464.7,75.95554972913901,12.424999999999999,114.27015517949569,12.41911099458278,1.7794180851752835e+18,1.7793825798685604e+18
1779393043088256739,12.172,1.9475,1418.15,75.94344835815363,12.424999999999999,114.231222676175,12.418868967163073,1.77941905473209e+18,1.779382188891441e+18
1779393043488582890,12.208,1.65,1051.05,75.92858217069285,12.075000000000001,114.14960796675338,12.418571643413857,1.7794201594690427e+18,1.7793817428328778e+18
1779393043888894164,12.18,1.9975,1569.15,75.92429862356411,12.075000000000001,114.13740068032313,12.418485972471283,1.7794213498530796e+18,1.7793812621766804e+18
1779393044289129033,12.18,1.8825,1511.85,75.91245800177431,11.725,114.09541112307406,12.418249160035487,1.7794225701880806e+18,1.779380769849859e+18
1779393044689398513,12.18,2.0325,1337.0,75.91076340169903,11.725,114.09290799108551,12.41821526803398,1.7794238302758915e+18,1.7793802612045233e+18
1779393045089689020,12.172,1.9675,803.4,75.9030294716056,11.41,114.06936684611297,12.418060589432113,1.7794251811830228e+18,1.779379715937128e+18
1779393045490045961,12.176,1.9975,813.375,75.89589336226013,11.41,114.05107018747559,12.417917867245203,1.7794266095862694e+18,1.7793791395919473e+18
1779393045890348935,12.208,1.815,843.8,75.88980734720377,11.112499999999999,114.02899610831878,12.417796146944076,1.779428125925294e+18,1.7793785279492936e+18
1779393046290689808,12.2,1.68,936.65,75.87505528275172,11.112499999999999,113.94628718021887,12.417501105655035,1.779429625376321e+18,1.7793779240318387e+18
1779393046691038224,12.208,1.8,1220.025,75.87190501025943,10.7975,113.93115474595875,12.417438100205189,1.7794312309056855e+18,1.7793772774666478e+18
1779393047091265021,12.212,1.78,446.4,75.87190501025934,10.7975,113.93115474596138,12.417438100205187,1.7794328329331694e+18,1.779376633204732e+18
1779393047491574624,12.212,1.78,1362.3,75.86841010266863,10.7975,113.91594359727314,12.417368202053373,1.779434613751648e+18,1.7793759166542894e+18
1779393047891910458,12.208,1.765,880.6,75.86193506525909,10.465,113.88666798746941,12.417238701305182,1.779436496725908e+18,1.7793751592816632e+18
1779393048292207446,12.208,1.73,1048.975,75.85439333039608,10.465,113.84754618780121,12.417087866607922,1.7794384969034243e+18,1.7793743550142464e+18
1779393048692519601,12.208,1.8,1562.8,75.85080515272003,10.115,113.83143258874877,12.4170161030544,1.7794407000618675e+18,1.7793734689341192e+18
1779393049092798239,12.208,1.715,1492.475,75.84063387667133,10.115,113.78379789594908,12.416812677533427,1.779443516548595e+18,1.779372333778098e+18
1779393049493315760,12.208,1.73,1277.85,75.83529355535576,9.782499999999999,113.75503068761596,12.416705871107116,1.779447032179503e+18,1.7793709150743826e+18
1779393049893719297,12.208,1.78,622.875,75.82846294521266,9.782499999999999,113.72340340797557,12.416569258904254,1.7794510695032177e+18,1.779369285678696e+18
1779393050293964806,12.208,1.765,262.45,75.82076819249002,9.782499999999999,113.68994997497408,12.4164153638498,1.7794557758330127e+18,1.7793673860231926e+18
1779393050694362516,12.208,1.73,800.925,75.81330612501161,9.4325,113.65153326109932,12.416266122500232,1.779461735146513e+18,1.7793649790369667e+18
1779393051094704200,12.216,1.75,805.825,75.81195494630997,9.4325,113.64494564638535,12.4162390989262,1.7794694386785219e+18,1.779361866009682e+18
1779393051495059575,12.212,1.765,820.775,75.8078156702326,9.4325,113.6266923904654,12.416156313404652,1.7794789945701868e+18,1.7793580043754202e+18
1779393051895471346,12.212,1.75,866.4,75.80291509700707,9.065,113.60431883285277,12.416058301940142,1.7794908920311063e+18,1.7793531969398556e+18
1779393052295863041,12.212,1.765,1005.625,75.79930078186665,9.065,113.58785216435973,12.415986015637333,1.7795070955937567e+18,1.7793466483574643e+18
1779393052696293539,12.212,1.73,1430.5,75.79244227498059,8.6975,113.55524073964179,12.415848845499612,1.779530972875337e+18,1.7793369963333652e+18
1779393053096634127,12.212,1.7,1088.725,75.78420833279091,8.6975,113.51520906122919,12.415684166655819,1.779568604647401e+18,1.779321782550552e+18
1779393053497083357,12.208,1.73,45.725,75.77728235280992,8.6975,113.4812898099219,12.415545647056199,1.7796336688873398e+18,1.7792954781306908e+18
1779393053897482757,12.212,1.7,139.525,75.7729774460139,8.33,113.45691020757516,12.415459548920278,1.779782480969602e+18,1.7792353113995633e+18
1779393054297750991,12.212,1.75,425.775,75.77059644626534,8.33,113.44470131122469,12.415411928925307,1.780475593843332e+18,1.7789550632161367e+18
1779393054698238878,12.212,1.815,1299.35,75.77122523617312,8.33,113.44752667782852,12.415424504723463,1.7781240143302144e+18,1.7799059009337014e+18
1779393055098740859,12.212,1.78,688.5,75.77122523617277,7.9275,113.44752667782707,12.415424504723456,1.7789939517087368e+18,1.7795541519671201e+18
1779393055499456482,12.212,1.765,462.725,75.77119967966404,7.9275,113.44599245323393,12.415423993593281,1.7791554792614653e+18,1.7794888403972787e+18
1779393055900052442,12.212,1.715,1412.1,75.7652150382488,7.9275,113.41414822170634,12.415304300764976,1.779222854628449e+18,1.7794615976436332e+18
1779393056300367848,12.216,1.715,1032.575,75.75977289763757,7.5249999999999995,113.39020692274057,12.415195457952752,1.779259714673757e+18,1.7794466931159762e+18
1779393056700650780,12.208,1.75,1512.75,75.75517288038398,7.5249999999999995,113.36734466589027,12.41510345760768,1.7792832820121518e+18,1.7794371636528497e+18
1779393057100922069,12.208,1.715,1339.725,75.74699068868158,7.5249999999999995,113.32503874030114,12.414939813773632,1.7793002357033057e+18,1.7794303094904886e+18
1779393057501380720,12.216,1.75,811.7,75.7450310156762,7.5249999999999995,113.31631297549602,12.414900620313524,1.7793125677238047e+18,1.779425323888363e+18
1779393057901510230,12.212,1.78,838.7,75.74284833084235,7.1049999999999995,113.30657563016914,12.414856966616847,1.7793226248490455e+18,1.7794212594713623e+18
1779393058302048939,12.212,1.73,921.1,75.74192169302849,7.1049999999999995,113.30075369923418,12.41483843386057,1.779330528999172e+18,1.7794180655023076e+18
1779393058702147190,12.212,1.8,1172.55,75.7381879317821,7.1049999999999995,113.28642340736809,12.414763758635642,1.7793366069573734e+18,1.779415609099297e+18
1779393059102415534,12.212,1.78,301.525,75.73519813383278,6.6675,113.27272055911206,12.414703962676656,1.7793418309618156e+18,1.7794134985706783e+18
1779393059503041055,12.208,1.8325,920.175,75.73314774230778,6.6675,113.26434296050995,12.414662954846156,1.779346185776511e+18,1.7794117393826957e+18
1779393059903101019,12.212,1.765,1169.75,75.7296530532522,6.6675,113.24894571160013,12.414593061065045,1.7793501181807273e+18,1.7794101517384988e+18
1779393060303333785,12.212,1.75,292.975,75.72493523477793,6.6675,113.22820695427612,12.414498704695559,1.7793534655738678e+18,1.7794088004809746e+18
1779393060703648345,12.216,1.75,894.075,75.72139509361975,6.195,113.21505621310155,12.414427901872395,1.779356286150488e+18,1.7794076618660232e+18
1779393061104050753,12.216,1.78,1090.1,75.71921846443806,6.195,113.20861773337596,12.414384369288761,1.7793587372012186e+18,1.7794066725447245e+18
1779393061504498581,12.212,1.765,49.9,75.71575354402569,6.195,113.1934903711783,12.414315070880514,1.7793609556202803e+18,1.779405777485112e+18
1779393061904678203,12.212,1.7,152.275,75.70941952712147,6.195,113.16073621565204,12.41418839054243,1.7793630214509906e+18,1.7794049445172603e+18
1779393062305061603,12.216,1.78,464.7,75.70941952712138,6.195,113.1607362156512,12.414188390542428,1.7793647562268716e+18,1.7794042448237783e+18
1779393062705328837,12.212,1.78,1418.15,75.70585637937803,5.7225,113.14526357577496,12.414117127587561,1.7793662507650696e+18,1.7794036419063237e+18
1779393063105616328,12.216,1.765,1051.05,75.70267339608607,5.7225,113.132887859121,12.414053467921722,1.7793676269943508e+18,1.7794030869296538e+18
1779393063506015174,12.212,1.8,1569.15,75.70140785519088,5.7225,113.12767811795692,12.414028157103818,1.779368806982027e+18,1.7794026108888307e+18
1779393063906561051,12.208,1.765,1511.85,75.69719269611328,5.7225,113.10848723163058,12.413943853922266,1.779369889148893e+18,1.779402174413822e+18
1779393064307155590,12.208,1.765,1337.0,75.69329496136118,5.197500000000001,113.08923873624224,12.413865899227224,1.7793708573922004e+18,1.779401783848298e+18
1779393064707555637,12.212,1.75,803.4,75.68777337396008,5.197500000000001,113.0677524623958,12.413755467479202,1.7793717715608143e+18,1.7794014152818007e+18
1779393065108042287,12.212,1.765,813.375,75.68496175829678,5.197500000000001,113.05511534650279,12.413699235165936,1.7793725814504202e+18,1.7794010886499917e+18
1779393065508396447,12.208,1.815,843.8,75.68001286764732,5.197500000000001,113.03394266937677,12.413600257352947,1.7793733392550497e+18,1.7794007831225254e+18
1779393065908761943,12.212,1.8325,936.65,75.6780550911226,5.197500000000001,113.02914019041593,12.413561101822452,1.7793740529895386e+18,1.7794004954723817e+18
1779393066309201321,12.212,1.75,1220.025,75.67577631388369,4.6375,113.01784442319139,12.413515526277674,1.7793747360027758e+18,1.7794002203645548e+18
1779393066709788929,12.212,1.715,446.4,75.67065250630947,4.6375,112.99292143471042,12.41341305012619,1.7793753862983155e+18,1.779399958571481e+18
1779393067110180106,12.212,1.78,1362.3,75.66573600509345,4.6375,112.9752075562597,12.41331472010187,1.7793759900763983e+18,1.779399715545068e+18
1779393067510709715,12.212,1.765,880.6,75.66236169716483,4.6375,112.9609001113589,12.413247233943297,1.77937652615967e+18,1.779399499650509e+18
1779393067911122349,12.216,1.78,1048.975,75.66124354487202,4.6375,112.95758589336903,12.41322487089744,1.7793770340599887e+18,1.7793992951769664e+18
1779393068311671463,12.212,1.75,1562.8,75.66140182809767,4.6375,112.95794055408477,12.413228036561954,1.779377493765475e+18,1.779399110031897e+18
1779393068712197489,12.208,1.8,1492.475,75.66006513504817,4.0075,112.95200959882142,12.413201302700964,1.77937792349178e+18,1.7793989369709384e+18
1779393069112857154,12.212,1.715,1277.85,75.65629649557275,4.0075,112.93251103469073,12.413125929911455,1.779378336408951e+18,1.7793987707630083e+18
1779393069513327658,12.212,1.715,622.875,75.65162511607646,4.0075,112.90874732666953,12.41303250232153,1.7793787556019927e+18,1.7793986022652378e+18
1779393069914025012,12.212,1.815,262.45,75.651625116077,4.0075,112.90874732667255,12.41303250232154,1.7793791571443456e+18,1.7793984409355635e+18
1779393070314613245,12.212,1.78,800.925,75.65030752303699,4.0075,112.90345879503734,12.41300615046074,1.7793795681463404e+18,1.7793982760505746e+18
1779393070715190283,12.212,1.78,805.825,75.64946100019317,4.0075,112.89956852581882,12.412989220003864,1.779379977759205e+18,1.7793981118988027e+18
1779393071115649203,12.212,1.8325,820.775,75.64887417472583,4.0075,112.89768024082849,12.412977483494517,1.779380371944574e+18,1.7793979540188283e+18
1779393071516382943,12.212,1.715,866.4,75.64299837059814,4.0075,112.86981736176601,12.412859967411963,1.7793807396272264e+18,1.779397806772175e+18
1779393071916684404,12.212,1.75,1005.625,75.6402989243913,3.3074999999999997,112.85757577397513,12.412805978487826,1.7793810889880343e+18,1.7793976669134182e+18
1779393072317324791,12.212,1.78,1430.5,75.6396306606252,3.3074999999999997,112.85478369483826,12.412792613212504,1.779381424392678e+18,1.7793975327084273e+18
1779393072717773852,12.216,1.765,1088.725,75.63805305554486,3.3074999999999997,112.852841526807,12.412761061110897,1.7793817406562542e+18,1.7793974061902922e+18
1779393074720663185,12.288,1.8,1438.6,75.66540307829968,0.0,112.97923739379969,12.413308061565994,1.7793820635134418e+18,1.779397277201434e+18
1779393075121355250,12.292,1.78,1113.45,75.6950748491378,0.0,113.12179000140861,12.413901496982756,1.7793823799233713e+18,1.779397150874353e+18
1779393075521827608,12.288,1.78,121.175,75.72209158534467,0.0,113.25334502658211,12.414441831706894,1.7793826689163858e+18,1.779397035453387e+18
1779393075922495868,12.288,1.75,369.775,75.75034284964435,0.0,113.39663614397197,12.415006856992887,1.7793829416034084e+18,1.7793969265543683e+18
1779393076323355663,12.292,1.8,1128.45,75.77953961945437,0.0,113.5301451395144,12.415590792389088,1.7793832090055695e+18,1.779396819837716e+18
1779393076723691087,12.292,1.715,166.95,75.81262295846587,0.0,113.70539955460244,12.416252459169318,1.7793834728860716e+18,1.7793967146064822e+18
1779393077524668151,12.28,1.765,1554.775,75.83956937982404,0.0,113.8364830397005,12.416791387596481,1.7793837296831977e+18,1.7793966122602642e+18
1779393077925094749,12.284,1.5975,1467.975,75.86186825649462,0.0,113.98194020861476,12.417237365129893,1.7793839755634196e+18,1.779396514300003e+18
1779393078325648557,12.22,2.3325,1203.1,75.85792229999342,0.0,113.81870319754128,12.417158445999869,1.7793842232351421e+18,1.7793964157488714e+18
1779393078725818728,12.164,2.5825,394.75,75.84863793130596,0.0,113.64965672420941,12.41697275862612,1.7793844601971082e+18,1.7793963215071575e+18
1779393079126179664,12.196,2.3975,1204.675,75.84501539475177,0.0,113.51124467730747,12.416900307895036,1.7793846837206543e+18,1.7793962326333512e+18
1779393079526603711,12.048,3.965,399.575,75.74640848990137,0.0,112.38475925801666,12.414928169798028,1.7793848935290135e+18,1.7793961492648064e+18
1779393079926765993,12.028,3.9475,1219.4,75.68047277540613,0.0,111.62870794999533,12.413609455508123,1.7793850992481764e+18,1.7793960676111086e+18
1779393080327190482,12.068,3.65,444.5,75.62039815945552,6.422499999999999,110.9394880320501,12.41240796318911,1.7793852904138831e+18,1.7793959917562826e+18
1779393080727833581,12.108,3.015,1356.5,75.60464465406325,6.422499999999999,110.73684845252606,12.412092893081265,1.7793854732670482e+18,1.7793959192342748e+18
1779393081128468596,12.084,3.265,862.9,75.58144857147849,10.4475,110.45682570300313,12.41162897142957,1.7793856496932815e+18,1.779395849305545e+18
1779393081528910115,12.056,3.5,994.95,75.55655408692373,10.4475,110.15857665614344,12.411131081738475,1.7793857862310966e+18,1.7793957952357059e+18
1779393081929389725,12.036,3.665,1397.925,75.53302804464543,11.025,109.86815627377406,12.410660560892909,1.7793859199192092e+18,1.7793957423376648e+18
1779393082329712893,12.028,3.63,989.325,75.51766677440179,11.025,109.69885459049401,12.410353335488036,1.7793860478306289e+18,1.7793956917428022e+18
1779393082730248743,12.036,3.55,1380.775,75.50718548479303,12.32,109.56379201177097,12.410143709695861,1.779386165550975e+18,1.7793956451591386e+18
1779393083130564095,12.124,2.5825,936.975,75.50796046838792,12.32,109.57550089503229,12.410159209367759,1.7793862786515177e+18,1.7793956004152448e+18
1779393083531139807,12.124,2.765,1221.0,75.50281568720419,12.81,109.49955690560641,12.410056313744084,1.7793863924317466e+18,1.7793955554551022e+18
1779393083931676761,12.16,2.25,449.375,75.49871375901311,12.81,109.48916111773491,12.409974275180263,1.7793865012532083e+18,1.779395512463908e+18
1779393084332392164,12.16,2.315,1371.375,75.4988690526531,12.6525,109.48426258822134,12.409977381053062,1.7793866062273964e+18,1.7793954710066522e+18
1779393084733059727,12.152,2.4675,908.3,75.50325916439196,12.6525,109.48375346918667,12.41006518328784,1.7793867156164954e+18,1.7793954278800655e+18
1779393085133535498,12.136,2.63,1133.5,75.49850732586636,12.354999999999999,109.42325559639018,12.409970146517328,1.7793868231922212e+18,1.7793953854998976e+18
1779393085534104637,12.136,2.735,182.35,75.4922962145188,12.354999999999999,109.31957055426723,12.409845924290376,1.7793869260465672e+18,1.7793953449903703e+18
1779393085934804915,12.128,2.5325,556.475,75.49117822292324,12.04,109.32463219278549,12.409823564458465,1.7793870298312776e+18,1.779395304161452e+18
1779393086335282739,12.128,2.5175,59.825,75.49194969069006,12.04,109.34303869824849,12.409838993813802,1.7793871343096146e+18,1.7793952631043e+18
1779393086735927789,12.12,2.63,182.55,75.4997644646413,11.7425,109.39704984541628,12.409995289292826,1.7793872344467274e+18,1.7793952237623603e+18
1779393087136565466,12.116,2.735,557.075,75.50379302307802,11.7425,109.39295732822545,12.41007586046156,1.7793873322540913e+18,1.7793951853574671e+18
1779393087537068913,12.12,2.6,61.65,75.49643880120787,11.4275,109.27784325362936,12.409928776024158,1.7793874288202476e+18,1.7793951474711112e+18
1779393087937789774,12.128,2.5825,188.125,75.49470366244746,11.4275,109.22787627097065,12.40989407324895,1.7793875256920192e+18,1.779395109503952e+18
1779393088338273855,12.116,2.5825,574.1,75.49842056302279,11.112499999999999,109.22292876350411,12.409968411260456,1.7793876264038019e+18,1.7793950700913014e+18
1779393088739108695,12.144,2.3825,113.6,75.48991297759997,11.112499999999999,109.0897494041139,12.409798259552,1.7793877310175726e+18,1.779395029214139e+18
1779393089139504243,12.104,2.715,346.675,75.4817597065938,10.815,108.96814040693243,12.409635194131877,1.7793878294445944e+18,1.7793949907614764e+18
1779393089540336909,12.132,2.3825,1057.95,75.47271592881036,10.815,108.8772207154607,12.409454318576207,1.7793879250447864e+18,1.779394953435935e+18
1779393089940621018,12.156,2.315,1590.2,75.4641394600343,10.5,108.74071471673737,12.409282789200686,1.7793880209620055e+18,1.7793949160252362e+18
1779393090341316608,12.064,3.215,1576.1,75.46130674269529,10.5,108.59912360891413,12.409226134853906,1.7793881135478728e+18,1.7793948799318313e+18
1779393090741672611,12.116,2.65,1533.075,75.47163382645721,10.5,108.66066258478452,12.409432676529145,1.7793882055586673e+18,1.7793948440905495e+18
1779393091142117886,12.044,3.4675,1401.75,75.478753618758,10.15,108.64787531489104,12.40957507237516,1.7793882941313436e+18,1.779394809602592e+18
1779393091542270747,11.984,3.8675,1001.0,75.51743749418911,10.15,108.91583696132852,12.410348749883783,1.779388382708748e+18,1.7793947751360082e+18
1779393091943037855,12.008,3.6,1416.4,75.53714434241252,10.2025,109.06944698035826,12.41074288684825,1.7793884705577953e+18,1.7793947409768494e+18
1779393092343194056,12.028,3.3125,1045.7,75.56175875709972,10.2025,109.28892163212008,12.411235175141995,1.7793885568153306e+18,1.7793947074552282e+18
1779393092743418436,12.18,1.865,1552.8,75.55622857999467,11.935,109.26430111008338,12.411124571599894,1.779388642980002e+18,1.779394674001484e+18
1779393093144131257,12.2,1.68,1461.95,75.55654488437442,11.935,109.26253129327323,12.411130897687489,1.7793887264597765e+18,1.7793946416085786e+18
1779393093544432175,12.204,1.8325,1184.7,75.5647681242153,11.795,109.30584307495683,12.411295362484307,1.7793888118478948e+18,1.779394608511928e+18
1779393093944703758,12.2,1.73,338.6,75.55855989336173,11.795,109.26825553914196,12.411171197867235,1.7793888965799368e+18,1.7793945756981875e+18
1779393094345297421,12.204,1.715,1033.325,75.55863525060592,10.7275,109.26392737571938,12.411172705012119,1.779388979229744e+18,1.7793945437120233e+18
1779393095146176880,12.208,1.7,1346.75,75.57813847606391,10.219999999999999,109.38813801723893,12.411562769521279,1.7793890649710523e+18,1.7793945105682634e+18
1779393095546547555,12.208,1.73,833.15,75.57491273792492,10.219999999999999,109.36692277969239,12.411498254758499,1.779389143372471e+18,1.7793944802649505e+18
1779393095946794016,12.212,1.68,904.15,75.56976834759138,9.887500000000001,109.33367029226481,12.411395366951828,1.7793892194319101e+18,1.7793944508860744e+18
1779393096347310265,12.212,1.68,1120.825,75.56180112802622,9.887500000000001,109.28840136558269,12.411236022560525,1.7793892976970819e+18,1.7793944206915295e+18
1779393096747751336,12.22,1.7,143.675,75.56051059559854,9.887500000000001,109.27936714466681,12.411210211911971,1.7793893757957056e+18,1.7793943905876603e+18
1779393097148297172,12.22,1.715,438.45,75.5640984989955,9.5375,109.2958260736005,12.41128196997991,1.7793894512495828e+18,1.7793943615205404e+18
1779393097549246636,12.196,1.9675,1338.025,75.56914850014228,9.5375,109.31802133388673,12.411382970002846,1.7793895283675292e+18,1.7793943318424312e+18
1779393097949917097,12.204,1.85,806.525,75.56935696321965,9.5375,109.3177887582206,12.411387139264393,1.7793896036616294e+18,1.7793943028867136e+18
1779393098350486002,12.172,2.165,822.9,75.57249927646286,9.1875,109.33499607181116,12.411449985529257,1.7793896797380698e+18,1.7793942736570775e+18
1779393098751030765,12.184,2.1,872.875,75.57753553514965,9.1875,109.35629557834973,12.411550710702993,1.7793897581626222e+18,1.7793942435560102e+18
1779393099151344986,12.192,1.9825,1025.4,75.57965132317844,8.8375,109.36691667179537,12.411593026463569,1.7793898356826353e+18,1.7793942138254953e+18
1779393099552051844,12.196,2.0175,1490.85,75.58569901242463,8.8375,109.39204614879841,12.411713980248493,1.7793899121872358e+18,1.7793941845066798e+18
1779393099952916923,12.08,3.015,1272.9,75.58675178418319,8.8375,109.40306576384864,12.411735035683664,1.779389989437626e+18,1.7793941549284908e+18
1779393100353664693,12.136,2.3975,607.775,75.58566764254806,8.435,109.42034239910795,12.411713352850962,1.779390068231048e+18,1.7793941247876838e+18
1779393100754290588,12.056,3.2,216.375,75.58560401278598,8.435,109.44669954897502,12.41171208025572,1.779390160160483e+18,1.779394089670084e+18
1779393101154702356,12.116,2.3,660.3,75.57772736311313,8.435,109.47466405321136,12.411554547262263,1.7793902544379346e+18,1.779394053688761e+18
1779393101555131527,12.012,3.515,376.675,75.59138258338622,8.0675,109.60854438958802,12.411827651667725,1.7793903468315779e+18,1.7793940184520233e+18
1779393101955545699,12.064,3.05,1149.5,75.5977414018072,8.0675,109.68430736744371,12.411954828036144,1.7793904427901514e+18,1.7793939818874867e+18
1779393102355921164,12.044,3.3125,231.175,75.60383845231415,9.012500000000001,109.72961914763746,12.412076769046283,1.7793905456303836e+18,1.7793939427356567e+18
1779393102756533333,12.072,2.9825,705.475,75.61427396232823,9.012500000000001,109.82088523228244,12.412285479246565,1.7793906475918272e+18,1.779393903948283e+18
1779393103156994629,12.056,3.2,514.525,75.61729687217299,9.012500000000001,109.8531618019056,12.41234593744346,1.7793907538873836e+18,1.7793938635453327e+18
1779393103557630253,12.036,3.15,1570.2,75.62973858234648,10.0275,110.02093433067535,12.41259477164693,1.7793908608594655e+18,1.7793938229165683e+18
1779393103958424978,12.064,3.015,1515.05,75.63515359431605,10.0275,110.10044258685869,12.412703071886321,1.7793909720638333e+18,1.779393780713152e+18
1779393104359217114,12.052,3.165,1346.75,75.6448690974163,10.5175,110.189174784198,12.412897381948326,1.7793910919155238e+18,1.7793937352611604e+18
1779393104760075684,12.048,3.2825,833.15,75.64954313795207,10.5175,110.22304091454538,12.412990862759042,1.7793912160157e+18,1.7793936882331666e+18
1779393105160468053,12.036,3.3475,904.15,75.65530236483325,10.762500000000001,110.28066443791113,12.413106047296665,1.779391346638366e+18,1.779393638768577e+18
1779393105561096068,12.036,3.3125,1120.825,75.66348846722555,10.762500000000001,110.3642685136842,12.413269769344511,1.7793914891466278e+18,1.7793935848372685e+18
1779393105961500737,12.028,3.3675,143.675,75.67202084442171,11.112499999999999,110.4579636736973,12.413440416888434,1.7793916415491702e+18,1.7793935271986703e+18
1779393106362191215,12.048,3.1,438.45,75.6855755278516,11.112499999999999,110.59615701777939,12.413711510557032,1.7793918016929871e+18,1.779393466672034e+18
1779393106762620464,12.048,3.0325,1338.025,75.7011264517911,11.4975,110.760723478322,12.414022529035822,1.7793919725468877e+18,1.7793934021367063e+18
1779393107163316324,12.036,3.2325,806.525,75.71451953046653,11.4975,110.89581840117629,12.414290390609331,1.7793919697399283e+18,1.7793934033762514e+18
1779393107563743003,12.176,1.8,822.9,75.69550531640097,11.3925,110.79797294754724,12.41391010632802,1.779391966807168e+18,1.779393404660163e+18
1779393107964504019,12.184,1.78,872.875,75.68029282820517,11.3925,110.71670283932329,12.413605856564104,1.7793919636150328e+18,1.7793934060336148e+18
1779393108365028868,12.188,1.8825,1025.4,75.67688066296405,11.112499999999999,110.70056342925577,12.413537613259281,1.779391960745681e+18,1.779393407297268e+18
1779393108765534005,12.188,1.815,1490.85,75.66610921509111,11.112499999999999,110.64499481175726,12.413322184301823,1.7793919576371743e+18,1.7793934086431414e+18
1779393109166324770,12.192,1.815,1272.9,75.62955317571598,11.112499999999999,110.45203714156025,12.41259106351432,1.7793919545389105e+18,1.7793934099883095e+18
1779393109567158586,12.188,1.85,607.775,75.59459418900856,10.7975,110.27333825285244,12.411891883780171,1.7793919513406797e+18,1.7793934113701276e+18
1779393109967841964,12.196,1.8975,216.375,75.56413688407702,10.7975,110.11439891786314,12.41128273768154,1.779391947769931e+18,1.7793934128807693e+18
1779393110368610800,12.196,1.85,660.3,75.53502946837538,10.4125,109.96259977362982,12.410700589367508,1.7793919439107052e+18,1.7793934144914278e+18
1779393110769105399,12.196,1.865,376.675,75.50637644668639,10.4125,109.80636485305436,12.410127528933728,1.779391939861813e+18,1.779393416168421e+18
1779393111169559408,12.2,1.865,1149.5,75.47778391894991,9.9925,109.656318253379,12.409555678378998,1.7793919355711437e+18,1.779393417929339e+18
1779393111570372085,12.196,1.8,231.175,75.44516410340894,9.9925,109.48704257216941,12.408903282068179,1.7793919315765555e+18,1.7793934195922186e+18
1779393111970907760,12.2,1.78,705.475,75.41439444982245,9.9925,109.32127556220472,12.40828788899645,1.779391927888697e+18,1.7793934211534758e+18
1779393112371407525,12.2,1.8325,514.525,75.38598085024768,9.555,109.187835217996,12.407719617004954,1.7793919243872868e+18,1.7793934226537807e+18
1779393112772066385,12.2,1.85,1570.2,75.35882515516788,9.555,109.04356282964514,12.407176503103358,1.779391920588215e+18,1.7793934242568172e+18
1779393113172824315,12.2,1.8,1515.05,75.32972409508822,9.1175,108.89428475520553,12.406594481901765,1.7793919169490383e+18,1.7793934258080184e+18
1779393113573446180,12.2,1.85,1346.75,75.30721218056584,9.1175,108.76782395677611,12.406144243611317,1.7793919145878372e+18,1.779393426929375e+18
1779393113974307322,12.2,1.85,833.15,75.2829323638946,9.1175,108.6353779310175,12.405658647277892,1.7793919119763354e+18,1.7793934281373878e+18
1779393114374898177,12.204,1.85,904.15,75.25930952298322,8.645000000000001,108.52065897229066,12.405186190459665,1.7793919097490534e+18,1.7793934292178737e+18
1779393114775401874,12.204,1.85,1120.825,75.23352998332076,8.645000000000001,108.40302628621856,12.404670599666415,1.7793919071055168e+18,1.7793934304410284e+18
1779393115175904352,12.204,1.765,143.675,75.20537430023033,8.645000000000001,108.25218776198015,12.404107486004607,1.7793919044461962e+18,1.7793934316719516e+18
1779393115576587053,12.204,1.765,438.45,75.18236695511797,8.19,108.1261821451296,12.40364733910236,1.779391901672373e+18,1.779393432943469e+18
1779393115977394195,12.204,1.8,1338.025,75.15927856000522,8.19,108.00619624348373,12.403185571200105,1.7793918988412575e+18,1.7793934342362964e+18
1779393116377944657,12.2,1.8325,806.525,75.13413035188049,8.19,107.8758826208196,12.40268260703761,1.7793918956292076e+18,1.7793934356594555e+18
1779393116778606651,12.204,1.815,822.9,75.1074296696987,7.682499999999999,107.74135865840455,12.402148593393974,1.7793918921899261e+18,1.7793934371612667e+18
1779393117179329884,12.204,1.85,872.875,75.08680860686398,7.682499999999999,107.62746274229772,12.40173617213728,1.7793918888662728e+18,1.7793934386259548e+18
1779393117580101009,12.204,1.85,1025.4,75.06554944706699,7.682499999999999,107.51176556897992,12.40131098894134,1.7793918853046648e+18,1.7793934401723715e+18
1779393117980774745,12.204,1.765,1490.85,75.04009709012377,7.174999999999999,107.38035801574847,12.400801941802476,1.7793918816462464e+18,1.7793934417534177e+18
1779393118381479152,12.208,1.8,1272.9,75.01779066917945,7.174999999999999,107.26068859003227,12.40035581338359,1.779391877535642e+18,1.7793934434880476e+18
1779393118782290262,12.208,1.85,607.775,74.99762847742515,7.174999999999999,107.1453009580834,12.399952569548503,1.779391873726785e+18,1.7793934451231153e+18
1779393119182704842,12.208,1.85,216.375,74.97909685718787,7.174999999999999,107.04021025341007,12.399581937143758,1.7793918694146222e+18,1.779393446928436e+18
1779393119583522117,12.208,1.78,660.3,74.95383021481254,6.6325,106.89619206764341,12.399076604296251,1.7793918646742228e+18,1.779393448879292e+18
1779393119983866519,12.204,1.8,376.675,74.93117394182703,6.6325,106.78540177318558,12.39862347883654,1.7793918601798694e+18,1.7793934507495406e+18
1779393120384314196,12.208,1.8825,1149.5,74.91360846494928,6.6325,106.69185865550826,12.398272169298986,1.7793918557381448e+18,1.779393452603591e+18
1779393120784614052,12.208,1.8,231.175,74.91185482651348,6.6325,106.73511897371401,12.39823709653027,1.7793918511037437e+18,1.7793934545221875e+18
1779393121185093987,12.208,1.8825,705.475,74.91686107319673,6.055,106.7950001175463,12.398337221463935,1.7793918464915704e+18,1.779393456432831e+18
1779393121585430375,12.212,1.8325,514.525,74.90898885030175,6.055,106.76766202446616,12.398179777006035,1.7793918419629484e+18,1.779393458316146e+18
1779393123588130984,12.332,2.13,464.25,74.94963515200546,0.0,106.89565093221877,12.39899270304011,1.7793918376762854e+18,1.7793934601265216e+18
1779393123988450157,12.332,2.2,1416.775,74.98493598696348,0.0,106.96655092217276,12.39969871973927,1.779391832922282e+18,1.7793934620897935e+18
1779393124388879309,12.332,2.165,1046.85,75.02427516088241,0.0,107.02295304962827,12.400485503217649,1.7793918282792218e+18,1.7793934640124035e+18
1779393124789240120,12.332,2.15,1556.325,75.06611541393858,0.0,107.13852072465214,12.401322308278772,1.779391823497913e+18,1.7793934659772895e+18
1779393125189745454,12.324,2.15,1472.725,75.11676078426754,0.0,107.32828368345059,12.402335215685351,1.779391818391407e+18,1.779393468045959e+18
1779393125590112097,12.328,2.165,1217.6,75.12696509340708,0.0,107.10605294368939,12.402539301868142,1.779391813021806e+18,1.7793934702011748e+18
1779393125990435256,12.324,2.13,439.0,75.13205002694328,0.0,106.8344132464442,12.402641000538866,1.7793918070311173e+18,1.7793934725626e+18
1779393126390659495,12.328,2.13,1339.7,75.14034677352343,0.0,106.53766300749896,12.402806935470469,1.7793918011048054e+18,1.779393474901459e+18
1779393126791109877,12.316,2.165,811.625,75.330979016419,0.0,108.07837098186198,12.40661958032838,1.779391795097989e+18,1.7793934772495055e+18
1779393127191469976,12.32,2.2,838.475,75.27730879803265,0.0,107.27565891373534,12.405546175960653,1.7793917889423933e+18,1.7793934796514714e+18
1779393127591804206,12.324,2.115,920.4,75.12985189565562,0.0,105.5124650978522,12.402597037913113,1.7793917823667297e+18,1.779393482206157e+18
1779393127992380272,12.324,2.18,1170.425,74.75228798932712,0.0,101.50519685812559,12.395045759786543,1.7793917753130317e+18,1.7793934849540155e+18
1779393128392852743,12.32,2.115,295.05,74.74082440183585,0.0,101.02957694558624,12.394816488036717,1.7793917677293952e+18,1.7793934878788088e+18
1779393128793495811,12.316,2.13,900.4,74.78911363290992,0.0,101.15358382445362,12.395782272658199,1.7793917603436803e+18,1.779393490733091e+18
1779393129194071301,12.316,2.15,1109.4,74.83194381688776,0.0,101.22989872717537,12.396638876337756,1.7793917527518333e+18,1.779393493651547e+18
1779393129594447522,12.324,2.1,108.8,74.88423996182796,0.0,101.3970522493155,12.39768479923656,1.779391744737742e+18,1.7793934967049367e+18
1779393129995083755,12.316,2.15,332.025,74.92088714033258,0.0,101.43217276090833,12.398417742806652,1.7793917373308754e+18,1.779393499552971e+18
1779393130395355042,12.312,2.18,1013.25,74.94295771817451,0.0,101.3415982667626,12.39885915436349,1.7793917302012454e+18,1.7793935023066035e+18
1779393130796042042,12.324,2.0675,1453.775,74.98739241288747,0.0,101.46272968122247,12.39974784825775,1.779391723365573e+18,1.7793935049582072e+18
1779393131196552335,12.32,2.0825,1159.75,75.02796982871862,0.0,101.5523207248814,12.400559396574373,1.7793917163066575e+18,1.7793935076796142e+18
1779393131597141765,12.32,2.15,262.475,75.05697780437907,0.0,101.51290161619744,12.401139556087582,1.7793917089383145e+18,1.7793935105004006e+18
1779393131997728343,12.324,2.0475,801.0,75.1064305158634,0.0,101.67928591690301,12.402128610317268,1.7793917015523364e+18,1.7793935133218406e+18
1779393132398166159,12.316,2.0825,806.05,75.14729498266463,0.0,101.76409252848889,12.402945899653293,1.7793916940881933e+18,1.779393516164759e+18
1779393132798453468,12.316,2.0675,821.45,75.18838319872181,0.0,101.86522644526956,12.403767663974437,1.7793916861657905e+18,1.7793935191548495e+18
1779393133198729640,12.32,2.18,868.45,75.20823137475672,0.0,101.73236811967041,12.404164627495135,1.7793916781300278e+18,1.77939352217996e+18
1779393133599134246,12.312,2.1,1011.875,75.23918210412965,0.0,101.73984464025042,12.404783642082593,1.7793916698624965e+18,1.7793935252780948e+18
1779393133999406595,12.308,2.13,1449.575,75.26665729258495,0.0,101.71440524481923,12.4053331458517,1.7793916615206646e+18,1.7793935283974623e+18
1779393134399639999,12.312,2.13,1146.95,75.29531467374184,0.0,101.68503489834406,12.405906293474837,1.779391653463389e+18,1.7793935314193405e+18
1779393134800128350,12.304,2.0475,223.4,75.33619605710635,0.0,101.80683233573932,12.406723921142127,1.7793916448743007e+18,1.779393534612145e+18
1779393135200444325,12.308,2.18,681.75,75.3513969108468,0.0,101.66232156494016,12.407027938216936,1.7793916362365842e+18,1.779393537818792e+18
1779393135600803132,12.304,2.0675,442.125,75.38454617724071,0.0,101.71636933732817,12.407690923544815,1.7793916274515976e+18,1.7793935410699697e+18
1779393136001303938,12.308,2.13,1349.25,75.41054760130486,0.0,101.67335202746862,12.408210952026097,1.7793916184161825e+18,1.7793935444003604e+18
1779393136401752379,12.308,2.115,840.775,75.44109102523171,0.0,101.68139394584556,12.408821820504635,1.7793916095205158e+18,1.7793935476807703e+18
1779393136802011672,12.308,2.13,927.425,75.46564496725958,0.0,101.63514143662763,12.409312899345192,1.7793916003814838e+18,1.7793935510380754e+18
1779393137202224026,12.304,2.1,1191.875,75.49625484544889,0.0,101.6570701796616,12.409925096908978,1.779391591360961e+18,1.7793935543523538e+18
1779393137602896916,12.308,2.1,360.5,75.53023777830737,0.0,101.69651434451214,12.410604755566148,1.7793915820789338e+18,1.7793935577483692e+18
1779393138003135668,12.3,2.165,1100.15,75.5571093019305,0.0,101.66259202026707,12.41114218603861,1.779391572609131e+18,1.7793935612024927e+18
1779393138403466013,12.3,2.1,80.575,75.60621011349875,0.0,101.82815927384307,12.412124202269975,1.7793915627031752e+18,1.779393564793967e+18
1779393138803853406,12.304,2.1,245.875,75.63478642528283,0.0,101.83016144619756,12.412695728505657,1.7793915525431e+18,1.7793935684649467e+18
1779393139204273182,12.3,2.165,750.35,75.66228083390891,0.0,101.79038730341291,12.413245616678179,1.7793915426227904e+18,1.7793935720531233e+18
1779393139604722899,12.296,2.1,651.475,75.68577845219001,0.0,101.76923429932457,12.4137155690438,1.7793915324946143e+18,1.7793935757060298e+18
1779393140005334665,12.296,2.1,349.725,75.71887340267641,0.0,101.81250966751507,12.414377468053528,1.7793915220471265e+18,1.7793935794591196e+18
1779393140405738219,12.296,2.115,1067.275,75.74923330468711,0.0,101.8347096450402,12.414984666093742,1.7793915106379602e+18,1.7793935835233728e+18
1779393140806197706,12.3,2.115,1618.65,75.78460273206318,0.0,101.88275379733066,12.415692054641264,1.7793914991500667e+18,1.77939358760822e+18
1779393141206555483,12.296,2.115,24.525,75.8275229358543,0.0,102.03995746444285,12.416550458717087,1.7793914881146977e+18,1.7793935915385452e+18
1779393141607283146,12.304,2.115,74.825,75.8818429309919,0.0,102.27563980505134,12.417636858619838,1.7793914770984205e+18,1.7793935954552102e+18
1779393142007640886,12.292,2.0825,228.325,75.91863738849574,0.0,102.38623607525186,12.418372747769915,1.7793914660536635e+18,1.7793935993757184e+18
1779393142408263630,12.292,2.0325,696.775,75.9603513007173,0.0,102.5526599934938,12.419207026014346,1.7793914547403072e+18,1.7793936033780703e+18
1779393142808694557,12.3,2.1,487.975,76.00255658023283,0.0,102.68599669584283,12.420051131604657,1.779391443358132e+18,1.7793936073966723e+18
1779393143209110649,12.3,2.115,1489.175,76.05585385871825,0.0,102.90995501777758,12.421117077174365,1.7793914313807764e+18,1.7793936116023296e+18
1779393143609460682,12.296,2.115,1267.8,76.08446321421702,0.0,102.93820789764025,12.42168926428434,1.779391418913565e+18,1.7793936159631918e+18
1779393144009911461,12.296,2.18,592.2,76.10969401838688,0.0,102.90088204653594,12.422193880367738,1.779391405905867e+18,1.779393620495983e+18
1779393144410565703,12.296,2.13,168.85,76.15447167173396,0.0,103.0455909368758,12.42308943343468,1.779391392317675e+18,1.7793936252112172e+18
1779393144810900339,12.292,2.1,515.275,76.18444739942048,0.0,103.0849472098766,12.42368894798841,1.7793913782383127e+18,1.7793936300812086e+18
1779393145211289826,12.288,2.18,1572.475,76.22148350336265,0.0,103.1586286458519,12.424429670067253,1.779391363298124e+18,1.7793936352254876e+18
1779393145611737547,12.292,2.13,1522.0,76.25583921860023,0.0,103.22938110047534,12.425116784372005,1.779391347719276e+18,1.77939364057153e+18
1779393146012333213,12.288,2.13,1367.975,76.29618773631597,0.0,103.36232859709116,12.42592375472632,1.779391331511492e+18,1.7793936461151212e+18
1779393146413085708,12.284,2.115,897.925,76.33501131277517,0.0,103.49518068453817,12.426700226255504,1.779391315168647e+18,1.7793936516952207e+18
1779393146813436104,12.284,2.115,1101.825,76.39071256232128,0.0,103.77144026229847,12.427814251246426,1.779391298609969e+18,1.7793936573358804e+18
1779393147213895589,12.284,2.18,85.7,76.42798919381929,0.0,103.86555361981357,12.428559783876386,1.7793912818938537e+18,1.7793936630202166e+18
1779393147614298548,12.288,2.15,261.525,76.49011396335635,0.0,104.1998696285408,12.429802279267127,1.7793912654931735e+18,1.7793936685911027e+18
1779393148014702565,12.284,2.2,798.1,76.51634741820033,0.0,104.21121580512524,12.430326948364007,1.7793912490706693e+18,1.7793936741627945e+18
1779393148415093863,12.288,2.18,797.2,76.56056774820269,0.0,104.36467224803008,12.431211354964054,1.7793912318741128e+18,1.7793936799773356e+18
1779393148815456153,12.288,2.165,794.45,76.58835497509973,0.0,104.39664170481812,12.431767099501995,1.7793912155849e+18,1.7793936854904084e+18
1779393149215939004,12.288,2.165,786.05,76.62736930406808,0.0,104.50583338300578,12.432547386081362,1.779391198558801e+18,1.7793936912345664e+18
1779393149616779559,12.288,2.23,760.425,76.65330528208277,0.0,104.49347675407928,12.433066105641656,1.7793911809520228e+18,1.7793936971604872e+18
1779393150017367971,12.284,2.1,682.225,76.69740397890337,0.0,104.70755515963961,12.433948079578068,1.7793911636337236e+18,1.7793937029836252e+18
1779393150417941869,12.288,2.165,443.575,76.76504388074994,0.0,105.0793716625025,12.435300877615,1.779391145741976e+18,1.779393708980116e+18
1779393150818447055,12.28,2.165,1353.675,76.80585919603918,0.0,105.25400083883247,12.436117183920784,1.7793911276449953e+18,1.779393715033963e+18
1779393151218897481,12.28,2.115,854.275,76.85132726949782,0.0,105.48504989942565,12.437026545389957,1.779391108355362e+18,1.7793937214639442e+18
1779393151619344692,12.288,2.18,968.625,76.89287653414861,0.0,105.65168053652381,12.437857530682972,1.779391087739286e+18,1.779393728313235e+18
1779393152020068144,12.28,2.15,1317.6,76.94212502915701,0.0,105.90003095076354,12.43884250058314,1.7793910664522685e+18,1.7793937353681016e+18
1779393152420454086,12.28,2.165,744.175,76.9964591117157,0.0,106.18540744742813,12.439929182234314,1.7793910453867666e+18,1.779393742339004e+18
1779393152821062588,12.276,2.15,632.625,77.04100941661746,0.0,106.40372648178075,12.44082018833235,1.779391023935425e+18,1.7793937494234378e+18
1779393153221678377,12.276,2.165,292.2,77.09882509187597,0.0,106.72502636004064,12.44197650183752,1.7793910023167245e+18,1.7793937565486587e+18
1779393153622083436,12.276,2.115,891.7,77.1586570035252,0.0,107.07737728850644,12.443173140070504,1.7793909815541258e+18,1.779393763384013e+18
1779393154022436909,12.28,2.165,1082.85,77.20791108939969,0.0,107.32384025601003,12.444158221787994,1.7793909597892393e+18,1.7793937705303693e+18
1779393154422862585,12.28,2.0825,27.775,77.26647966482042,0.0,107.66961805855632,12.445329593296409,1.779390937505681e+18,1.7793937778298918e+18
1779393154823358318,12.28,2.115,84.75,77.32970927138352,0.0,108.04461674938015,12.44659418542767,1.779390915573346e+18,1.7793937850013824e+18
1779393155224001674,12.284,2.15,258.625,77.38144603625888,0.0,108.3172361683847,12.447628920725178,1.7793908923872084e+18,1.7793937925629944e+18
1779393155624358906,12.28,2.165,789.25,77.43277987646647,0.0,108.58573102417078,12.44865559752933,1.7793908680702715e+18,1.7793938004744197e+18
1779393156025015014,12.276,2.13,770.175,77.489189996889,0.0,108.91208732550675,12.44978379993778,1.7793908437022036e+18,1.779393808387192e+18
1779393156425383776,12.28,2.15,711.975,77.54329684454567,0.0,109.20835515064829,12.450865936890914,1.7793908193877775e+18,1.7793938162678223e+18
1779393156825745834,12.28,2.0675,534.375,77.60970637929968,0.0,109.62719619578233,12.452194127585994,1.7793907960343951e+18,1.7793938238230205e+18
1779393157226137512,12.276,2.165,1630.775,77.6753770201797,0.0,110.0202344874652,12.453507540403594,1.7793907727377434e+18,1.779393831343231e+18
1779393157626527548,12.276,2.13,61.525,77.74247100611254,0.0,110.43154674402736,12.454849420122251,1.7793907492783887e+18,1.7793938388983665e+18
1779393158027180789,12.272,2.0675,187.75,77.81434004536241,0.0,110.90751112016495,12.456286800907248,1.7793907268173087e+18,1.7793938461155443e+18
1779393158427631225,12.272,2.2,572.95,77.86979578141074,0.0,111.21511632729435,12.457395915628215,1.7793907034497457e+18,1.7793938536074186e+18
1779393158828111315,12.276,2.115,110.1,77.92141940924424,0.0,111.51039808639986,12.458428388184885,1.7793906792395702e+18,1.779393861353508e+18
1779393159228712200,12.272,2.215,335.975,77.9717185114345,0.0,111.77283812693177,12.45943437022869,1.7793906540383608e+18,1.7793938694008102e+18
1779393159629327846,12.272,2.0825,1025.3,78.03353150431836,0.0,112.16460767773161,12.460670630086367,1.779390627483339e+18,1.7793938778624486e+18
1779393160029753172,12.272,2.13,1490.55,78.10391220193253,0.0,112.614326187351,12.46207824403865,1.7793906009507412e+18,1.7793938862967324e+18
1779393160430228322,12.272,2.15,1271.975,78.17020972692622,0.0,113.02915447451616,12.463404194538525,1.7793905733603297e+18,1.7793938950485914e+18
1779393160830647214,12.268,2.1,604.95,78.23910441046495,0.0,113.47741791552535,12.464782088209299,1.7793905457592315e+18,1.779393903783015e+18
1779393161231230197,12.276,2.1,207.75,78.31917145302329,0.0,114.005353986071,12.466383429060466,1.7793905189480788e+18,1.7793939122428321e+18
1779393161631686913,12.272,2.0825,634.0,78.3841790056851,0.0,114.42783705860188,12.467683580113702,1.779390491221838e+18,1.7793939209734282e+18
1779393162032334087,12.268,2.18,296.4,78.44220518680284,0.0,114.77188730863729,12.468844103736057,1.7793904636198638e+18,1.7793939296448387e+18
1779393162432744033,12.272,2.15,904.525,78.51411201642674,0.0,115.23060441439026,12.470282240328535,1.7793904357293806e+18,1.779393938385506e+18
1779393162833067083,12.272,2.115,1121.975,78.57428412360285,0.0,115.60374967373632,12.471485682472057,1.779390405306887e+18,1.7793939479092168e+18
1779393163233245553,12.276,2.115,147.175,78.64042615436536,0.0,116.01936162652905,12.472808523087307,1.7793903746094986e+18,1.7793939574970675e+18
1779393163634002921,12.272,2.18,449.125,78.69587704725137,0.0,116.33442686899515,12.473917540945028,1.7793903430610158e+18,1.7793939673332326e+18
1779393164034693470,12.272,2.13,1370.6,78.76470374326863,0.0,116.77442143309904,12.475294074865372,1.7793903117112266e+18,1.7793939770819464e+18
1779393164435474752,12.272,2.15,905.925,78.83675945802581,0.0,117.23574080364219,12.476735189160516,1.7793902806365967e+18,1.779393986718258e+18
1779393164836102715,12.264,2.0825,1126.25,78.90492924182323,0.0,117.69732534373885,12.478098584836465,1.7793902488910684e+18,1.7793939965418755e+18
1779393165236611367,12.272,2.1,160.225,78.97037497120644,0.0,118.12174874463442,12.479407499424129,1.7793902170388956e+18,1.7793940063743772e+18
1779393165637218963,12.264,2.115,488.95,79.04036082157859,0.0,118.5877086380373,12.480807216431572,1.779390185101369e+18,1.7793940162077952e+18
1779393166037945075,12.268,2.115,1492.15,79.12815050389901,0.0,119.19331222830402,12.48256301007798,1.7793901529051187e+18,1.7793940260928243e+18
1779393166438718802,12.268,2.115,1276.875,79.19423711506754,0.0,119.62584376549125,12.48388474230135,1.779390118412818e+18,1.7793940366750797e+18
1779393166839329095,12.264,2.0825,619.9,79.26377192464403,0.0,120.09617215993818,12.48527543849288,1.7793900815423882e+18,1.7793940479776128e+18
1779393167240174203,12.268,2.0675,253.375,79.33523468883045,0.0,120.58344788734735,12.486704693776609,1.7793900443043738e+18,1.7793940593656804e+18
1779393167640808544,12.272,2.1,773.225,79.40490337506232,0.0,121.04001208600191,12.488098067501246,1.7793900046488899e+18,1.7793940714829696e+18
1779393168041145992,12.272,2.115,721.275,79.48705312468293,0.0,121.59076772818334,12.489741062493659,1.7793899640903818e+18,1.779394083849204e+18
1779393168441510389,12.268,2.15,562.75,79.56780172574628,0.0,122.12766171155569,12.491356034514926,1.7793899234891807e+18,1.7793940961937574e+18
1779393168842263627,12.272,1.9975,78.975,79.65131979090343,0.0,122.71931855144808,12.493026395818069,1.7793898817599035e+18,1.7793941088555546e+18
1779393169242776629,12.264,2.13,241.0,79.72905073000734,0.0,123.24646428803968,12.494581014600147,1.779389839539677e+18,1.7793941216351027e+18
1779393169643068197,12.268,2.1,735.45,79.80150438318853,0.0,123.72871543630613,12.49603008766377,1.779389795916133e+18,1.7793941348180076e+18
1779393170043490144,12.272,2.0325,606.0,79.86852824772221,0.0,124.18053097285645,12.497370564954444,1.7793897482835246e+18,1.7793941492178153e+18
1779393170444313091,12.276,2.0325,210.95,79.95813026650815,0.0,124.80987556201993,12.499162605330163,1.77938970151537e+18,1.7793941633047153e+18
1779393170844904570,12.276,1.9825,643.75,80.04557212065698,0.0,125.5251951579336,12.501139303016425,1.7793896508778632e+18,1.779394178555016e+18
1779393171245563138,12.252,2.2,326.15,80.10457003214583,0.0,126.022414434553,12.502614250803646,1.779389599262569e+18,1.7793941940710938e+18
1779393171646097023,12.24,2.365,995.325,80.16052262842749,0.0,126.46524585703317,12.504013065710687,1.7793895441758228e+18,1.7793942106282184e+18
1779393172046874210,12.204,2.65,1399.075,80.19609207412195,0.0,126.68854176909575,12.504902301853049,1.7793894878109082e+18,1.779394227546395e+18
1779393172447718031,12.2,2.735,992.825,80.23405716214228,0.0,126.91181861343901,12.505851429053557,1.7793894293295588e+18,1.7793942450839898e+18
1779393172848231159,12.208,2.565,1391.45,80.28120175362851,0.0,127.26566421925578,12.507030043840713,1.7793893648380127e+18,1.7793942644441303e+18
1779393173249024225,12.208,2.565,969.55,80.3450452601485,0.0,127.79293777772303,12.508626131503712,1.7793892965284713e+18,1.779394284937593e+18
1779393173649447854,12.2,2.615,1320.425,80.40898086262501,0.0,128.3224667310767,12.510224521565625,1.7793892287268598e+18,1.779394305221578e+18
1779393174050262101,12.204,2.65,752.8,80.44662176126693,0.0,128.56511299713642,12.511165544031673,1.7793891568971564e+18,1.7793943267054764e+18
1779393174451146703,12.204,2.5175,658.95,80.5039719394928,0.0,129.04871630530687,12.51259929848732,1.7793890820697705e+18,1.779394349061763e+18
1779393174851689223,12.196,2.5825,372.55,80.56068877467993,0.0,129.5232678331072,12.514017219366998,1.7793890078519096e+18,1.779394371174548e+18
1779393175252439727,12.196,2.5175,1136.925,80.61094327608131,0.0,129.95186979580816,12.515273581902033,1.7793889312463882e+18,1.7793943939694597e+18
1779393175653049815,12.2,2.5475,192.8,80.68663775270132,0.0,130.62016277877905,12.517165943817533,1.7793888540813217e+18,1.7793944168737516e+18
1779393176053808122,12.192,2.5825,588.375,80.75543378915881,0.0,131.22431447862428,12.51888584472897,1.7793887758521743e+18,1.7793944400433636e+18
1779393176454646356,12.2,2.565,157.175,80.81688755740792,0.0,131.74248096499298,12.520422188935198,1.7793886983228244e+18,1.779394462937038e+18
1779393176855155653,12.196,2.615,479.65,80.87707999408622,0.0,132.24424037962947,12.521926999852155,1.7793886150207058e+18,1.7793944875413353e+18
1779393177255872860,12.204,2.3975,1463.775,80.87342616016137,0.0,132.21275731046836,12.521835654004034,1.7793885366363845e+18,1.7793945105933443e+18
1779393177656437944,12.2,2.4825,1190.275,80.86715286324818,3.8150000000000004,132.14214952937155,12.521678821581204,1.7793884594185797e+18,1.7793945332475633e+18
1779393178057276584,12.212,2.365,355.625,80.86574331721259,3.8150000000000004,132.1243557630268,12.521643582930315,1.779388377238259e+18,1.7793945573784899e+18
1779393178457833524,12.168,2.9175,1085.275,80.84088642651992,3.8150000000000004,131.79141472732502,12.521022160662998,1.7793882903381215e+18,1.779394582915313e+18
1779393178858688695,12.08,3.3825,35.175,80.82590534920776,3.8150000000000004,131.63348438944504,12.520647633730194,1.77938819634268e+18,1.779394610576069e+18
1779393179259337484,12.06,3.7825,107.325,80.75028481141793,3.8150000000000004,130.73881745497417,12.518757120285448,1.7793880988227914e+18,1.7793946392867889e+18
1779393179660179860,12.1,3.3475,327.525,80.73116735138363,4.7425,130.48412911367674,12.51827918378459,1.7793879917034734e+18,1.7793946708766996e+18
1779393180061047692,12.064,3.6825,999.525,80.71326573278512,4.7425,130.19990782203516,12.517831643319628,1.7793878781775424e+18,1.7793947043661704e+18
1779393180461772071,12.068,3.63,1411.9,80.6728372219375,9.1525,129.73354488855134,12.516820930548437,1.779387766034772e+18,1.7793947373908472e+18
1779393180862498141,12.068,3.7325,1031.975,80.60443306114777,9.1525,128.9036699489795,12.515110826528694,1.7793876459842586e+18,1.779394772784787e+18
1779393181263309589,12.056,3.8175,1510.925,80.54325825128565,10.64,128.1711145332683,12.513581456282141,1.7793875143297605e+18,1.779394811661811e+18
1779393181664054156,12.052,3.7825,1334.175,80.5896416653863,10.64,128.70390506311864,12.514741041634657,1.779387379513321e+18,1.779394851414046e+18
1779393182064683514,12.052,3.6825,794.775,80.61493504453907,11.637500000000001,128.99376814485183,12.515373376113477,1.7793872365800732e+18,1.7793948935467858e+18
1779393182465468749,12.032,3.8825,787.05,80.61936297133649,11.637500000000001,129.05179585743267,12.515484074283412,1.7793870793235156e+18,1.779394939938981e+18
1779393182866296917,12.052,3.58,763.475,80.60739447860342,12.3375,128.8939448680542,12.515184861965086,1.779386918571762e+18,1.7793949873137656e+18
1779393183267152894,12.044,3.65,691.525,80.59722394602169,12.3375,128.768063951144,12.514930598650542,1.7793867609072625e+18,1.7793950336811773e+18
1779393183667750558,12.084,3.4175,471.95,80.57366504301477,12.635,128.48489097402557,12.51434162607537,1.7793865941644595e+18,1.779395082720118e+18
1779393184068345944,12.12,2.9475,1440.275,80.57204913057255,12.635,128.481598742865,12.514301228264314,1.779386411887864e+18,1.7793951363601472e+18
1779393184469193566,12.092,3.3125,1118.55,80.53528977639964,12.582500000000001,128.04570200583794,12.513382244409991,1.779386206543853e+18,1.7793951968740434e+18
1779393184869759131,12.076,3.3825,136.725,80.50561737191408,12.582500000000001,127.69405283137574,12.512640434297852,1.7793859824042196e+18,1.7793952629573394e+18
1779393185270426246,12.084,3.2825,417.25,80.50507075050639,12.32,127.60314578632729,12.51262676876266,1.7793857360361065e+18,1.7793953356147663e+18
1779393185671304444,12.068,3.4475,1273.325,80.49594651782982,12.32,127.45161943946331,12.512398662945746,1.7793854645704192e+18,1.77939541569596e+18
1779393186072129375,12.196,2.165,609.075,80.49790078265346,12.04,127.42934273234997,12.512447519566336,1.7793851730670538e+18,1.7793955016591982e+18
1779393186472873347,12.208,2.115,220.325,80.49237219071145,12.04,127.33115898379319,12.512309304767786,1.7793848591969277e+18,1.7793955941924756e+18
1779393186873553844,12.212,2.165,672.375,80.48158597185022,11.76,127.17813571122963,12.512039649296256,1.779384535928743e+18,1.779395689399376e+18
1779393187274309514,12.212,2.18,413.525,80.46294190131078,11.76,126.94506188074654,12.51157354753277,1.7793841665341317e+18,1.7793957982699914e+18
1779393187675172976,12.22,2.2,1261.975,80.447599490086,11.41,126.75198498663775,12.51118998725215,1.7793837741939392e+18,1.7793959138399685e+18
1779393188075927308,12.216,2.2,574.425,80.43433256360004,11.41,126.52981465713923,12.510858314090001,1.7793833519114547e+18,1.7793960381839265e+18
1779393188476575502,12.216,2.2,114.6,80.4219652967381,11.042499999999999,126.31382511509564,12.510549132418452,1.779382905070771e+18,1.779396169675063e+18
1779393188877305618,12.216,2.23,349.725,80.40295084167148,11.042499999999999,126.02998416895619,12.510073771041787,1.7793824038436905e+18,1.7793963171993044e+18
1779393189277927794,12.22,2.165,1067.275,80.37644992097711,10.657499999999999,125.68797438494164,12.509411248024428,1.7793818663237212e+18,1.7793964753353234e+18
1779393189678728285,12.22,2.25,1618.65,80.36042085211903,10.657499999999999,125.41773741321094,12.509010521302976,1.7793813865522813e+18,1.7793966160516037e+18
1779393190079538295,12.228,2.2,24.525,80.34692593550766,10.657499999999999,125.18163608916558,12.508673148387691,1.7793816166593185e+18,1.7793965453590487e+18
1779393190480223984,12.228,2.165,74.825,80.32886290430831,10.2025,124.8825415958309,12.508221572607708,1.77938192429552e+18,1.7793964517466767e+18
1779393190881079100,12.22,2.215,228.325,80.32948782172575,10.2025,124.79384912875955,12.508237195543144,1.7793822779488988e+18,1.7793963446131512e+18
1779393191281799619,12.22,2.13,696.775,80.29472217357181,9.695,124.3423057376515,12.507368054339295,1.7793826676848727e+18,1.7793962269625516e+18
1779393191682607946,12.224,2.265,487.975,80.2987224886354,9.695,124.25140320744104,12.507468062215885,1.7793830587870292e+18,1.7793961090866463e+18
1779393192083293678,12.22,2.2,1489.175,80.30378758704799,9.695,124.22006954108205,12.5075946896762,1.779383415179004e+18,1.779396001677406e+18
1779393192484151034,12.224,2.2,1267.8,80.25242644984864,9.17,123.60300135446134,12.506310661246216,1.7793837544424604e+18,1.7793958995394145e+18
1779393192884880384,12.224,2.25,592.2,80.23132604136109,9.17,123.27167949077091,12.505783151034027,1.77938409087062e+18,1.7793957984088684e+18
1779393193285324420,12.228,2.165,168.85,80.17686600531128,8.54,122.6372771841742,12.504421650132782,1.7793843997448538e+18,1.7793957056105984e+18
1779393193685589886,12.22,2.3,515.275,80.07849729388717,8.54,121.48574391277758,12.50196243234718,1.7793846777407273e+18,1.7793956221297692e+18
1779393194086402117,12.224,2.165,1572.475,79.96485926352196,8.54,120.24470297447944,12.49929718527044,1.779384915585876e+18,1.779395550687327e+18
1779393194487141832,12.224,2.25,1522.0,79.83601785280385,8.54,118.99350075344435,12.496720357056077,1.779385131240516e+18,1.779395485961205e+18
1779393194887890811,12.224,2.25,1367.975,79.9279059693441,7.6475,119.64220438353975,12.498558119386882,1.7793853370704366e+18,1.7793954241714327e+18
1779393195288529887,12.224,2.265,897.925,80.04661989199768,7.6475,120.62024321502491,12.501165497299942,1.779385536711402e+18,1.779395364230897e+18
1779393195689285150,12.228,2.18,1101.825,80.10796498929736,7.6475,121.17653553246917,12.502699124732434,1.779385725271958e+18,1.7793953076090117e+18
1779393196090049075,12.22,2.18,85.7,80.19625890008172,6.6325,122.0121908259896,12.504906472502043,1.7793859058949015e+18,1.7793952533632607e+18
1779393196490789303,12.224,2.165,261.525,80.28610213287095,6.6325,122.86347023270261,12.507152553321774,1.7793860807602642e+18,1.7793952008498604e+18
1779393196891555138,12.224,2.25,798.1,80.38182564271153,6.6325,123.76301107076938,12.509545641067788,1.779386249227504e+18,1.779395150253502e+18
1779393197292333461,12.224,2.265,797.2,80.47160002712161,6.6325,124.59916654431477,12.51179000067804,1.7793864040623165e+18,1.77939510369934e+18
1779393197692788194,12.224,2.15,794.45,80.56585497819675,6.6325,125.50382053486867,12.514146374454919,1.7793865546160988e+18,1.7793950584356733e+18
1779393198093677330,12.224,2.25,786.05,80.66791274054282,5.46,126.46995808888481,12.51669781851357,1.7793867013710254e+18,1.779395014317497e+18
1779393198494406528,12.224,2.365,760.425,80.75949406534072,5.46,127.31303957205189,12.518987351633518,1.7793868439602028e+18,1.7793949714566753e+18
1779393198894820758,12.22,2.3,682.225,80.8474716904211,5.46,128.13978733158976,12.521186792260528,1.7793869822875474e+18,1.7793949298821138e+18
1779393199295265525,12.224,2.215,443.575,80.89454677241363,5.46,128.54744428958864,12.52236366931034,1.779387114966317e+18,1.7793948900144236e+18
1779393199695934452,12.228,2.215,1353.675,80.9636593501434,5.46,129.17465830181098,12.524091483753585,1.779387243381777e+18,1.779394851437156e+18
1779393200096067098,12.224,2.23,854.275,80.9880921017637,5.46,129.33500492638672,12.524702302544092,1.779387366774349e+18,1.7793948143871785e+18
1779393200496317124,12.224,2.25,968.625,81.0195796200663,3.535,129.5736113530286,12.525489490501657,1.7793874853952184e+18,1.7793947787850404e+18
1779393200897049439,12.224,2.3,1317.6,81.07143751145557,3.535,130.00921542937837,12.52678593778639,1.7793876000160545e+18,1.7793947443953137e+18
1779393201297555806,12.224,2.2,744.175,81.1089863408094,3.535,130.3266611664448,12.527724658520235,1.7793877104486587e+18,1.7793947112756662e+18
1779393201698015785,12.224,2.18,632.625,81.04650294306069,3.535,129.5869527869526,12.526162573576517,1.7793878149368072e+18,1.7793946799689108e+18
1779393202098357058,12.228,2.2,292.2,81.04238482298534,3.535,129.42678378344928,12.526059620574634,1.7793879150560563e+18,1.7793946499910733e+18
1779393202498722478,12.224,2.315,891.7,80.96709138287387,3.535,128.51447547357023,12.524177284571847,1.779388009883181e+18,1.7793946216302904e+18
1779393202899138813,12.224,2.23,1082.85,80.98091639615156,3.535,128.49254142945964,12.524522909903789,1.7793881010256033e+18,1.7793945943852268e+18
1779393203299522340,12.228,2.15,27.775,80.85558191140471,3.535,127.05452997068642,12.521389547785118,1.7793881858413148e+18,1.7793945690636396e+18
1779393203699911522,12.224,2.165,84.75,80.7669105121402,3.535,126.002684357643,12.519172762803505,1.779388266159234e+18,1.779394545117341e+18
1779393204100557723,12.22,2.15,258.625,80.66093050489961,3.535,124.79080737677425,12.51652326262249,1.7793883419666383e+18,1.7793945225505068e+18
1779393204501257145,12.22,2.13,789.25,80.56984865692002,3.535,123.7192383592567,12.514246216423,1.7793884138976637e+18,1.7793945011702518e+18
1779393204901372631,12.224,2.0825,770.175,80.4602834834062,3.535,122.46339245516162,12.511507087085155,1.7793884814603702e+18,1.7793944811200543e+18
1779393205301782257,12.224,2.0675,711.975,80.31369413051543,3.535,120.75243043741189,12.507842353262886,1.7793885446974372e+18,1.7793944623941652e+18
1779393205702549776,12.22,2.1,534.375,80.2015588352301,3.535,119.43601687975482,12.505038970880753,1.779388604407668e+18,1.7793944447472238e+18
1779393206102607349,12.22,2.13,1630.775,80.0757430415279,3.535,117.96810370506789,12.501893576038198,1.7793886606345393e+18,1.7793944281670354e+18
1779393206503068759,12.228,2.0475,61.525,79.92436034534116,3.535,116.39928231153513,12.498487206906823,1.7793887130948134e+18,1.779394412738918e+18
1779393206903431427,12.22,2.0825,187.75,79.72454489415038,3.535,114.56083430565843,12.494490897883008,1.7793887614359217e+18,1.7793943985743306e+18
1779393207303834666,12.224,2.13,572.95,79.5200080803798,3.535,112.64847246644754,12.490400161607596,1.7793888059408046e+18,1.7793943855889797e+18
1779393207704573497,12.22,2.13,110.1,79.28563208878032,3.535,110.46583235322277,12.485712641775606,1.779388846375821e+18,1.7793943738545687e+18
1779393208105287725,12.22,2.115,335.975,79.07762753185335,3.535,108.4958866103851,12.481552550637067,1.7793888832865216e+18,1.7793943632031698e+18
1779393208505385181,12.22,2.0475,1025.3,78.85501568480785,3.535,106.38835216606918,12.477100313696157,1.77938891653605e+18,1.7793943536750513e+18
1779393208905802657,12.228,2.0825,1490.55,78.59991668050964,3.535,103.97720580322341,12.471998333610193,1.7793889459485235e+18,1.7793943453267126e+18
1779393209306277427,12.232,2.0675,1271.975,78.73113381706035,3.535,105.00249766696197,12.474622676341207,1.7793889763602017e+18,1.7793943366621932e+18
1779393209706613738,12.224,2.115,604.95,78.86318555971155,3.535,106.05011333874852,12.477263711194231,1.7793890077342013e+18,1.779394327693035e+18
1779393210107077505,12.224,2.0325,207.75,78.93781256930961,3.535,106.6251303998087,12.478756251386192,1.7793890394819983e+18,1.7793943186046062e+18
1779393210507425964,12.22,2.13,634.0,79.05224167800597,3.535,107.53139052344179,12.48104483356012,1.7793890719777316e+18,1.7793943092797256e+18
1779393210907812047,12.224,2.18,296.4,79.17040424691726,3.535,108.46031115387457,12.483408084938345,1.7793891052318367e+18,1.7793942997154954e+18
1779393211308553180,12.22,2.165,904.525,79.27809396684077,3.535,109.30422477901384,12.485561879336815,1.7793891393137513e+18,1.779394289901245e+18
1779393211708594923,12.212,2.18,1121.975,79.35846456046234,3.535,109.93820125699159,12.487169291209247,1.7793891742585677e+18,1.779394279829837e+18
1779393212109302509,12.228,2.18,147.175,79.46295204937145,3.535,110.74883912352497,12.48925904098743,1.7793892104758802e+18,1.7793942693788997e+18
1779393212509426746,12.22,2.2,449.125,79.56224782776913,3.535,111.52549203524157,12.491244956555382,1.7793892477367224e+18,1.7793942586165164e+18
1779393212909808544,12.228,2.1,1370.6,79.648574162177,3.535,112.19847956043853,12.49297148324354,1.779389286059927e+18,1.7793942475418422e+18
1779393213310263378,12.228,2.165,905.925,79.77561593885102,3.535,113.20039326645991,12.49551231877702,1.7793893256351022e+18,1.7793942360917284e+18
1779393213710616457,12.224,2.13,1126.25,79.9008632714725,3.535,114.20232374326146,12.49801726542945,1.7793893661902303e+18,1.7793942243458596e+18
1779393214111086643,12.224,2.0325,160.225,79.98811449704759,3.535,114.89556414349939,12.499762289940952,1.7793894073256077e+18,1.7793942124290214e+18
1779393214511442321,12.228,2.115,488.95,80.06935331418802,3.535,115.6685896532903,12.5017338328547,1.7793894481991148e+18,1.77939420058352e+18
1779393214911846882,12.224,2.1,1492.15,80.16203018250266,3.535,116.59430931249194,12.504050754562567,1.779389489656998e+18,1.7793941885663014e+18
1779393215312558688,12.22,2.0175,1276.875,80.2227710408772,3.535,117.1989706123654,12.50556927602193,1.7793895312350894e+18,1.7793941765180275e+18
1779393215712913132,12.216,2.13,619.9,80.3006550645081,3.535,117.97722619157659,12.507516376612703,1.7793895730782415e+18,1.7793941643940626e+18
1779393216113231905,12.224,2.0325,253.375,80.36367247394963,3.535,118.60311134593083,12.50909181184874,1.7793896150271677e+18,1.7793941522438612e+18
1779393216513575372,12.228,2.115,773.225,80.44217477993904,0.0,119.37586593326338,12.511054369498476,1.7793896566964145e+18,1.779394140173814e+18
1779393216913751653,12.224,2.0475,721.275,80.53917767003831,0.0,120.3564673459141,12.513479441750958,1.7793896979384812e+18,1.7793941282220273e+18
1779393217314158933,12.224,2.0675,562.75,80.64090962280488,0.0,121.38420767506565,12.516022740570122,1.77938973944031e+18,1.7793941161933617e+18
1779393217714159260,12.224,2.0825,78.975,80.73324446414347,0.0,122.31106247721547,12.518331111603587,1.7793897810181908e+18,1.7793941041428887e+18
1779393218114550120,12.224,2.0325,241.0,80.81059382611542,0.0,123.08193282036761,12.520264845652886,1.7793898224774108e+18,1.7793940921297326e+18
1779393218515100658,12.22,2.0175,735.45,80.88447725128887,0.0,123.82750460934787,12.522111931282222,1.7793898637182602e+18,1.7793940801833344e+18
1779393218915650135,12.224,2.0175,606.0,80.94932074249542,0.0,124.47311450081834,12.523733018562385,1.7793899046161034e+18,1.779394068341218e+18
1779393219316379289,12.228,2.0825,210.95,81.02921523138157,0.0,125.26339630641503,12.52573038078454,1.7793899454036477e+18,1.7793940565348262e+18
1779393219716838388,12.228,2.1,643.75,81.14537497387289,0.0,126.43119190496377,12.528634374346822,1.7793899863282337e+18,1.7793940446875028e+18
1779393220117472217,12.224,2.115,326.15,81.24421755680196,0.0,127.42487518845918,12.531105438920049,1.7793900270671636e+18,1.7793940328946593e+18
1779393220518244613,12.228,2.18,995.325,81.33602958528172,0.0,128.32932292644867,12.533400739632043,1.7793900676706885e+18,1.7793940211442074e+18
1779393220918860496,12.224,2.0825,1399.075,81.4129770184568,0.0,129.09792229890832,12.53532442546142,1.7793901081145823e+18,1.7793940094464975e+18
1779393221319569074,12.224,2.0175,992.825,81.50482729967955,0.0,130.02921641849224,12.537620682491989,1.779390148378128e+18,1.779393997804872e+18
1779393221720264707,12.224,2.0825,1391.45,81.60812267088247,0.0,131.06851753547912,12.540203066772062,1.7793901886099233e+18,1.7793939861759898e+18
1779393222120892133,12.224,2.18,969.55,81.6911345100803,0.0,131.88671694898258,12.542278362752008,1.7793902282848348e+18,1.7793939747115935e+18
1779393222521505615,12.216,2.0675,1320.425,81.7834722344211,0.0,132.82795236817043,12.544586805860527,1.7793902676092552e+18,1.7793939633523057e+18
1779393222922180883,12.224,2.0475,752.8,81.84568280312938,0.0,133.44646810833072,12.546142070078234,1.7793903044634604e+18,1.77939395269667e+18
1779393223322659630,12.216,2.18,658.95,81.94259314730765,0.0,134.42470292408606,12.548564828682691,1.7793903394164431e+18,1.7793939425777457e+18
1779393223723381608,12.22,2.115,372.55,81.88280408606722,0.0,133.96726994343769,12.54707010215168,1.779390372973468e+18,1.7793939328818724e+18
1779393224124084920,12.22,2.1,1136.925,81.82947623527468,0.0,133.60095932212394,12.545736905881867,1.7793904043543278e+18,1.7793939238235628e+18
1779393224524748740,12.224,2.115,192.8,81.77632998156163,0.0,133.21773260222318,12.54440824953904,1.7793904336373427e+18,1.7793939153786926e+18
1779393224925409729,12.224,2.18,588.375,81.73086715924413,0.0,132.90032772332444,12.543271678981103,1.7793904596130168e+18,1.7793939078800794e+18
1779393225326178943,12.224,2.165,157.175,81.68707629327194,0.0,132.59077677034233,12.542176907331799,1.7793904841787576e+18,1.7793939007973253e+18
1779393225726800007,12.224,2.0825,479.65,81.63012673032718,0.0,132.16609171329813,12.54075316825818,1.7793905026473352e+18,1.7793938954319662e+18
1779393226127364466,12.224,2.18,1463.775,81.58623445031473,0.0,131.8472746589863,12.539655861257868,1.7793905205574316e+18,1.7793938902412024e+18
1779393226528041967,12.224,2.0325,1190.275,81.51548826631135,0.0,131.27396545686173,12.537887206657784,1.779390538123879e+18,1.779393885169393e+18
1779393226928741901,12.22,2.13,355.625,81.46997505878872,0.0,130.9499136259255,12.536749376469718,1.7793905557458721e+18,1.7793938801012183e+18
1779393227329306696,12.22,2.115,1085.275,81.42473769128458,0.0,130.6474245583772,12.535618442282114,1.7793905695760955e+18,1.7793938760998994e+18
1779393227730003558,12.224,2.0675,35.175,81.36232269220976,0.0,130.14696534417575,12.534058067305244,1.7793905829380913e+18,1.779393872247483e+18
1779393228130678159,12.22,2.115,107.325,81.31336038728996,0.0,129.80571311299732,12.532834009682249,1.7793905963336602e+18,1.77939386840269e+18
1779393228531399836,12.216,2.115,327.525,81.25711437093422,0.0,129.36928510435126,12.531427859273355,1.7793906100307215e+18,1.7793938644926787e+18
1779393228932159202,12.22,2.0675,999.525,81.19797833398799,0.0,128.9011105746497,12.5299494583497,1.7793906233004006e+18,1.7793938607186235e+18
1779393229332819997,12.224,2.0825,1411.9,81.14615316710427,0.0,128.50749002645486,12.528653829177607,1.7793906360491955e+18,1.779393857104529e+18
1779393229733473110,12.224,2.165,1031.975,81.09752420116422,0.0,128.13317391629246,12.527438105029105,1.779390648310922e+18,1.779393853640018e+18
1779393230134031748,12.22,2.0475,1510.925,81.03677989011864,0.0,127.65608827381914,12.525919497252966,1.7793906600315328e+18,1.779393850341385e+18
1779393230534491450,12.22,2.1,1334.175,80.99078552973168,0.0,127.32933156505796,12.524769638243292,1.7793906713125076e+18,1.779393847177838e+18
1779393230935079391,12.224,2.115,794.775,80.93289731001377,0.0,126.85692549707325,12.523322432750344,1.779390682142752e+18,1.7793938441538714e+18
1779393231335396043,12.22,2.165,787.05,80.88327624160982,0.0,126.46791461420018,12.522081906040246,1.779390692576339e+18,1.7793938412528801e+18
1779393231736096420,12.22,2.115,763.475,80.8330633504108,0.0,126.09861947414014,12.52082658376027,1.7793907026094897e+18,1.7793938384755807e+18
1779393232136700926,12.22,2.165,691.525,80.77806249301446,0.0,125.6497616724531,12.519451562325361,1.7793907122345016e+18,1.7793938358244375e+18
1779393232537378205,12.224,2.2,471.95,80.73552591580736,0.0,125.31726282129513,12.518388147895184,1.7793907215090867e+18,1.7793938332813092e+18
1779393232937904427,12.22,2.115,1440.275,80.67998801179208,0.0,124.86414206039194,12.516999700294802,1.779390730409388e+18,1.7793938308544064e+18
1779393233338461467,12.224,2.13,1118.55,80.63770112043933,0.0,124.57847586289878,12.515942528010983,1.7793907389769572e+18,1.7793938285299594e+18
1779393233739034088,12.216,2.115,136.725,80.58452336812188,0.0,124.15852887130677,12.514613084203047,1.7793907471892575e+18,1.7793938263154947e+18
1779393234139655782,12.22,2.23,417.25,80.55066510958625,0.0,123.9187799023831,12.513766627739656,1.7793907551283858e+18,1.7793938241853169e+18
1779393234540367317,12.224,2.165,1273.325,80.51014488328171,0.0,123.61990328242207,12.512753622082043,1.7793907627697551e+18,1.7793938221469094e+18
1779393234941008160,12.224,2.0675,609.075,80.45661456929004,0.0,123.16692700208493,12.511415364232251,1.7793907700703852e+18,1.7793938202136996e+18
1779393235341521830,12.228,2.1,220.325,80.4173891214942,0.0,122.8931930508653,12.510434728037355,1.7793907770840184e+18,1.779393818368581e+18
1779393235742220552,12.22,2.13,672.375,80.37132302216406,0.0,122.52028935850205,12.509283075554102,1.7793907838014292e+18,1.7793938166148641e+18
1779393236142928840,12.22,2.1,413.525,80.3225226196551,0.0,122.14431169401274,12.508063065491378,1.7793907902107113e+18,1.7793938149559432e+18
1779393236543597813,12.228,2.15,1261.975,80.28284207606511,0.0,121.84069854810875,12.507071051901628,1.7793907963530327e+18,1.7793938133790083e+18
1779393236944357064,12.22,2.1,574.425,80.2341052787228,0.0,121.46538888877798,12.50585263196807,1.7793908021863183e+18,1.7793938118966295e+18
1779393237344939665,12.22,2.23,114.6,80.19920916569134,0.0,121.20127621228964,12.504980229142284,1.7793908077749714e+18,1.7793938104890127e+18
1779393237745646409,12.22,2.18,349.725,80.15763659116288,0.0,120.88146949215096,12.503940914779072,1.7793908131054344e+18,1.7793938091606561e+18
1779393238146219197,12.22,2.15,1067.275,80.12222420886651,0.0,120.63566961405773,12.503055605221663,1.77939081819616e+18,1.7793938079054413e+18
1779393238546580766,12.22,2.115,1618.65,80.07762866484313,0.0,120.28237673968123,12.501940716621078,1.7793908230215946e+18,1.779393806731483e+18
1779393238947244824,12.216,2.15,24.525,80.03311844953586,0.0,119.93674056909241,12.500827961238397,1.7793908275511585e+18,1.779393805646854e+18
1779393239347871724,12.22,2.15,74.825,79.9971249276082,0.0,119.69086993669299,12.499942498552164,1.7793908318420887e+18,1.7793938046346043e+18
1779393239748603880,12.228,2.0825,228.325,79.94473092210816,0.0,119.35283789568888,12.498894618442163,1.7793908358361664e+18,1.7793938037127562e+18
1779393240149143125,12.216,2.15,696.775,79.89471804401057,0.0,119.04274491576024,12.497894360880212,1.7793908395671314e+18,1.7793938028716454e+18
1779393240549853985,12.228,2.2,487.975,79.85715617168304,0.0,118.81390175147206,12.497143123433661,1.7793908430781563e+18,1.7793938020975964e+18
1779393240950521498,12.22,2.13,1489.175,79.80464110968174,0.0,118.48920003242027,12.496092822193635,1.7793908462942472e+18,1.7793938014129165e+18
1779393241351034932,12.228,2.13,1267.8,79.75994461560359,0.0,118.2122317723405,12.495198892312072,1.7793908492458747e+18,1.7793938008080573e+18
1779393241751770751,12.224,2.15,592.2,79.70971343128197,0.0,117.90352160685099,12.49419426862564,1.7793908519123548e+18,1.7793938002892572e+18
1779393242152268923,12.216,2.165,168.85,79.66329913198555,0.0,117.61157522999343,12.493265982639711,1.779390854295562e+18,1.7793937998552965e+18
1779393242552859540,12.22,2.115,515.275,79.61061890480956,0.0,117.25751249854028,12.492212378096191,1.7793908564067392e+18,1.779393799503919e+18
1779393242953328687,12.224,2.13,1572.475,79.55893374975915,0.0,116.93015870708209,12.491178674995183,1.7793908582493007e+18,1.7793937992339215e+18
1779393243353918862,12.22,2.165,1522.0,79.5105107491943,0.0,116.6344882601989,12.490210214983886,1.7793908598260467e+18,1.779393799043932e+18
1779393243754566765,12.216,2.15,1367.975,79.46057235144723,0.0,116.32860432004023,12.489211447028945,1.7793908611095744e+18,1.7793937989414213e+18
1779393244155227024,12.22,2.23,897.925,79.42776266656983,0.0,116.16339437803067,12.488555253331397,1.7793908621897096e+18,1.7793937988995973e+18
1779393244555811183,12.216,2.2,1101.825,79.38501243891568,0.0,115.91370002126037,12.487700248778314,1.779390863033822e+18,1.7793937989286054e+18
1779393244956589046,12.22,2.1,85.7,79.33170920078274,0.0,115.57137754219455,12.486634184015655,1.77939086359483e+18,1.7793937990425434e+18
1779393245357013239,12.216,2.18,261.525,79.29640630418027,0.0,115.38744603088867,12.485928126083605,1.7793908639505923e+18,1.779393799217755e+18
1779393245757555319,12.22,2.18,798.1,79.25577827804463,0.0,115.14652481672597,12.485115565560893,1.7793908640575688e+18,1.77939379946663e+18
1779393246158094997,12.216,2.215,797.2,79.21915985090708,0.0,114.9338434346821,12.484383197018142,1.7793908639554929e+18,1.7793937997778386e+18
1779393246558653601,12.216,2.13,794.45,79.17414416255522,0.0,114.65444611880503,12.483482883251105,1.7793908636002025e+18,1.7793938001643873e+18
1779393246959205998,12.22,2.1,786.05,79.1273612450544,0.0,114.35851612582097,12.482547224901088,1.7793908629910484e+18,1.7793938006266307e+18
1779393247359726107,12.22,2.0475,760.425,79.07680302993684,0.0,114.05293680732692,12.481536060598737,1.779390862086782e+18,1.7793938011761055e+18
1779393247760427034,12.22,2.0825,682.225,79.02762086531806,0.0,113.75335174350502,12.480552417306361,1.779390860898598e+18,1.7793938018095345e+18
1779393248161102754,12.224,2.1,443.575,78.99175195795529,0.0,113.56328519834908,12.479835039159106,1.7793908594655424e+18,1.7793938025144284e+18
1779393248561765791,12.22,2.15,1353.675,78.95549180118897,0.0,113.3698202664375,12.47910983602378,1.7793908578279432e+18,1.779393803279995e+18
1779393248962419463,12.22,2.18,854.275,78.92063029877018,0.0,113.17968029618953,12.478412605975404,1.7793908559599053e+18,1.7793938041129172e+18
1779393249362893110,12.22,2.1,968.625,78.87624593960264,0.0,112.92163403291312,12.477524918792053,1.7793908538648896e+18,1.7793938050136287e+18
1779393249763417895,12.22,2.115,1317.6,78.84289676822782,0.0,112.7706124539117,12.476857935364556,1.7793908515599854e+18,1.7793938059758902e+18
1779393250163981685,12.216,2.0325,744.175,78.78085196888814,0.0,112.35741588231821,12.475617039377763,1.7793908489353754e+18,1.7793938070332797e+18
1779393250564547796,12.22,2.1,632.625,78.73701166614656,0.0,112.10395446928537,12.474740233322931,1.7793908460642614e+18,1.7793938081634852e+18
1779393250965079779,12.216,2.165,292.2,78.70313028146408,0.0,111.91829146177227,12.474062605629282,1.7793908429481933e+18,1.7793938093645896e+18
1779393251365535269,12.216,2.1,891.7,78.6570916698012,0.0,111.62850951222245,12.473141833396024,1.779390839585505e+18,1.7793938106388163e+18
1779393251766230494,12.22,2.13,1082.85,78.61925239521678,0.0,111.4248428456527,12.472385047904336,1.7793908360195464e+18,1.7793938119733435e+18
1779393252166922326,12.22,2.13,27.775,78.58255413333498,0.0,111.21121940407498,12.4716510826667,1.779390832238715e+18,1.779393813371085e+18
1779393252567604864,12.22,2.115,84.75,78.545429285684,0.0,110.99968979500781,12.47090858571368,1.7793908282270592e+18,1.7793938148363597e+18
1779393252968316267,12.216,2.15,258.625,78.51099431906167,0.0,110.80205884506194,12.470219886381233,1.779390823988575e+18,1.7793938163676867e+18
1779393253368527907,12.216,2.1,789.25,78.47127926636823,0.0,110.57057760012015,12.469425585327365,1.7793908195166664e+18,1.7793938179676111e+18
1779393253769145974,12.216,2.15,770.175,78.4346982400134,0.0,110.34721191764194,12.468693964800268,1.7793908147935613e+18,1.7793938196404052e+18
1779393254169863180,12.22,2.15,711.975,78.4016951050581,0.0,110.16509578459983,12.468033902101162,1.779390809851226e+18,1.7793938213770068e+18
1779393254570485193,12.22,2.165,534.375,78.36420897396003,0.0,109.92459039664524,12.4672841794792,1.779390804662665e+18,1.7793938231852961e+18
1779393254971104980,12.216,2.215,1630.775,78.33033019808006,0.0,109.71958922807336,12.466606603961601,1.779390799235844e+18,1.7793938250626097e+18
1779393255371531353,12.22,2.0675,61.525,78.28328178284895,0.0,109.43386828076095,12.465665635656979,1.7793907935149425e+18,1.7793938270258537e+18
1779393255772257608,12.212,2.0825,187.75,78.23610239466846,0.0,109.153958055113,12.46472204789337,1.7793907875219738e+18,1.779393829069194e+18
1779393256172770038,12.216,2.115,572.95,78.1961178895263,0.0,108.91030727881984,12.463922357790526,1.7793907812709617e+18,1.7793938311878195e+18
1779393256573431045,12.22,2.18,110.1,78.16418145258073,0.0,108.72892564620373,12.463283629051615,1.7793907747883246e+18,1.7793938333734792e+18
1779393256974169242,12.212,2.23,335.975,78.12673003051842,0.0,108.48775230642526,12.462534600610368,1.7793907680532703e+18,1.779393835632591e+18
1779393257374804212,12.216,2.0325,1025.3,78.0767999847619,0.0,108.17895919560033,12.461535999695238,1.779390760995082e+18,1.7793938379859697e+18
1779393257775478507,12.22,2.0825,1490.55,78.03556961726203,0.0,107.92345947629177,12.46071139234524,1.7793907536393152e+18,1.7793938404255027e+18
1779393258175899937,12.216,2.1,1271.975,77.9938365675915,0.0,107.64831366799764,12.45987673135183,1.7793907459848082e+18,1.7793938429516265e+18
1779393258576691058,12.22,2.115,604.95,77.96510174625723,0.0,107.50290077140913,12.459302034925145,1.779390738094093e+18,1.7793938455456955e+18
1779393258977259152,12.22,2.13,207.75,77.92853296171548,0.0,107.27655773012667,12.45857065923431,1.7793907299380972e+18,1.779393848216724e+18
1779393259378024557,12.216,2.0675,634.0,77.8925401181053,0.0,107.08596157006271,12.457850802362106,1.7793907215284895e+18,1.779393850961561e+18
1779393259778485936,12.216,2.115,296.4,77.8531193777405,0.0,106.83114984394702,12.45706238755481,1.7793907128429673e+18,1.7793938537867436e+18
1779393260179034405,12.216,2.13,904.525,77.81768027108012,0.0,106.61755744103162,12.456353605421603,1.7793907038940255e+18,1.7793938566883807e+18
1779393260579731345,12.216,2.115,1121.975,77.78200406374492,0.0,106.40843935056375,12.455640081274899,1.7793906946476216e+18,1.7793938596756518e+18
1779393260980238318,12.212,2.115,147.175,77.74339881820458,0.0,106.16412568144968,12.454867976364092,1.7793906850874207e+18,1.7793938627534472e+18
1779393261380786955,12.216,2.0825,449.125,77.69757781784446,0.0,105.86935345378521,12.45395155635689,1.7793906751783644e+18,1.7793938659323448e+18
1779393261781526359,12.212,2.0675,1370.6,77.64852373491725,0.0,105.54560563059066,12.452970474698345,1.7793906648810365e+18,1.7793938692234816e+18
1779393262182266238,12.212,2.165,905.925,77.62048555888052,0.0,105.40000228149763,12.45240971117761,1.7793906543144645e+18,1.7793938725918316e+18
1779393262582802835,12.216,2.1,1126.25,77.58329163710835,0.0,105.18018885248074,12.451665832742167,1.7793906434293704e+18,1.7793938760520911e+18
1779393262983447816,12.22,2.165,160.225,77.55220559343981,0.0,104.98861450380745,12.451044111868796,1.779390632253777e+18,1.779393879595892e+18
1779393263384108182,12.216,2.0825,488.95,77.5075878202797,0.0,104.7071540526841,12.450151756405594,1.7793906207030664e+18,1.7793938832481065e+18
1779393263784805799,12.22,2.13,1492.15,77.47926312561466,0.0,104.55839092500446,12.449585262512294,1.779390608850554e+18,1.7793938869866222e+18
1779393264185444364,12.216,2.0675,1276.875,77.43654564293864,0.0,104.29207948606299,12.448730912858773,1.779390596624368e+18,1.7793938908330836e+18
1779393264586216570,12.212,2.1,619.9,77.39685426963217,0.0,104.05714750116904,12.447937085392644,1.7793905840231104e+18,1.7793938947874995e+18
1779393264986821323,12.216,2.1,253.375,77.36176289082222,0.0,103.82921250085774,12.447235257816445,1.7793905710540751e+18,1.7793938988472845e+18
1779393265387549175,12.216,2.15,773.225,77.32629734056849,0.0,103.60616110652171,12.44652594681137,1.7793905577125164e+18,1.7793939030138995e+18
1779393265788257260,12.22,2.2,721.275,77.30208853872594,0.0,103.45483063542684,12.446041770774519,1.779390544053423e+18,1.7793939072709033e+18
1779393266188881349,12.216,2.13,562.75,77.26835397524356,0.0,103.24643918109473,12.445367079504871,1.7793905300133542e+18,1.7793939116369505e+18
1779393266589480368,12.216,2.18,78.975,77.23848107418281,0.0,103.06300901665404,12.444769621483657,1.779390515586907e+18,1.779393916112974e+18
1779393266990115463,12.216,2.0825,241.0,77.20107258854672,0.0,102.81795067323432,12.444021451770935,1.7793905007594668e+18,1.7793939207042962e+18
1779393267390791389,12.216,2.15,735.45,77.16684819315685,0.0,102.59308412514325,12.443336963863137,1.7793904855174812e+18,1.7793939254141568e+18
1779393267791479944,12.216,2.165,606.0,77.13200067892157,0.0,102.37299783643682,12.442640013578432,1.779390469848568e+18,1.7793939302461358e+18
1779393268191856409,12.212,2.2,210.95,77.0984147331463,0.0,102.16752243497113,12.441968294662926,1.7793904537590052e+18,1.7793939351985044e+18
1779393268592259224,12.22,2.23,643.75,77.07405210825665,0.0,102.0231030456924,12.441481042165133,1.7793904372708513e+18,1.779393940263924e+18
1779393268992815800,12.22,2.115,326.15,77.03406141219587,0.0,101.74142469110797,12.440681228243918,1.779390420287758e+18,1.7793939454710643e+18
1779393269393600931,12.216,2.215,995.325,77.00866879831852,0.0,101.58715265291532,12.44017337596637,1.7793904028680294e+18,1.7793939508019604e+18
1779393269794198514,12.216,2.2,1399.075,76.97809453231682,0.0,101.3916772211004,12.439561890646337,1.7793903849858875e+18,1.7793939562646013e+18
1779393270194736018,12.216,2.0825,992.825,76.93178846699595,0.0,101.07374761900954,12.43863576933992,1.779390366523391e+18,1.7793939618935675e+18
1779393270595426395,12.216,2.2,1391.45,76.8909899382984,0.0,100.79054181100003,12.437819798765968,1.7793903475133947e+18,1.7793939676793477e+18
1779393270996142237,12.216,2.3,969.55,76.8498776954437,0.0,100.4782264543441,12.436997553908874,1.7793903279350075e+18,1.7793939736278525e+18
1779393271396795471,12.216,2.23,1320.425,76.83532022360593,0.0,100.40822266237032,12.436706404472119,1.7793903079131382e+18,1.779393979701031e+18
1779393271797453463,12.216,2.2,752.8,76.83891649044403,0.0,100.51122880404814,12.436778329808881,1.7793902875478436e+18,1.7793939858688814e+18
1779393272197988217,12.216,2.15,658.95,76.86936908915892,0.0,100.8467079517402,12.437387381783179,1.7793902670082196e+18,1.7793939920811625e+18
1779393272598607719,12.216,2.15,372.55,76.91550057969644,0.0,101.32907273469276,12.438310011593929,1.779390246406944e+18,1.7793939983046664e+18
1779393272998834474,12.216,2.165,1136.925,76.93584140787772,0.0,101.56585562101698,12.438716828157554,1.7793902255897495e+18,1.7793940045854781e+18
1779393273399280851,12.216,2.2,192.8,76.95835149228492,0.0,101.81582819067144,12.439167029845699,1.7793902045570248e+18,1.779394010923057e+18
1779393273799803186,12.22,2.18,588.375,76.98435029757437,0.0,102.08835923420565,12.439687005951487,1.7793901833114737e+18,1.779394017315985e+18
1779393274200173443,12.22,2.0325,157.175,77.00900709384575,0.0,102.38955162353315,12.440180141876915,1.7793901618344448e+18,1.7793940237694812e+18
1779393274600761266,12.212,2.165,479.65,77.01904568199822,0.0,102.5280740517737,12.440380913639965,1.7793901400556047e+18,1.7793940303052198e+18
1779393275001401631,12.22,2.2,1463.775,77.03800205237519,0.0,102.72284413691658,12.440760041047504,1.7793901180205143e+18,1.7793940369092598e+18
1779393275402164921,12.208,2.25,1190.275,77.0463308009763,0.0,102.82403565111984,12.440926616019526,1.7793900956530586e+18,1.7793940436041183e+18
1779393275802878725,12.22,2.165,355.625,77.06250788233558,0.0,103.00168745007021,12.441250157646712,1.7793900730035226e+18,1.77939405037477e+18
1779393276203620642,12.22,2.15,1085.275,77.07684902017205,0.0,103.15825486244047,12.441536980403441,1.7793900500123108e+18,1.7793940572375946e+18
1779393276604339685,12.212,2.2,35.175,77.09434588074774,0.0,103.35909642693812,12.441886917614955,1.7793900267191885e+18,1.7793940641812884e+18
1779393277004979069,12.212,2.13,107.325,77.11226182716393,0.0,103.57889440118771,12.442245236543279,1.7793900031369367e+18,1.7793940712023214e+18
1779393277405690436,12.212,2.13,327.525,77.10937499728692,0.0,103.58826794611429,12.442187499945739,1.7793899790943967e+18,1.7793940783509489e+18
1779393277806405854,12.22,2.285,999.525,77.11885432978036,0.0,103.67336453887201,12.442377086595608,1.7793899545765228e+18,1.7793940856290004e+18
1779393278207000596,12.212,2.265,1411.9,77.12208197810595,0.0,103.7205052609179,12.44244163956212,1.7793899298840228e+18,1.7793940929567188e+18
1779393278607552917,12.212,2.165,1031.975,77.17530675259498,0.0,104.25508561781879,12.4435061350519,1.7793899053953416e+18,1.7793941002218545e+18
1779393279008281677,12.216,2.1,1510.925,77.12984220273401,0.0,103.8452260922647,12.44259684405468,1.7793898803395597e+18,1.7793941076523681e+18
1779393279409072640,12.212,2.315,1334.175,77.18413255536004,0.0,104.33173804039944,12.443682651107201,1.779389855529919e+18,1.7793941150085207e+18
1779393279809769535,12.212,2.2,794.775,77.20578763885878,0.0,104.53975985992574,12.444115752777176,1.7793898307477317e+18,1.779394122355887e+18
1779393280210476478,12.224,2.23,787.05,77.23578264569069,0.0,104.79475554079134,12.444715652913814,1.7793898059323945e+18,1.7793941297089357e+18
1779393280611172800,12.216,2.15,763.475,77.25600597596706,0.0,104.98984532563469,12.445120119519341,1.7793897810555884e+18,1.7793941370772242e+18
1779393281011879829,12.208,2.18,691.525,77.35711916732902,0.0,105.94543025445358,12.44714238334658,1.7793897565922166e+18,1.7793941443150405e+18
1779393281412402958,12.216,2.3,471.95,77.46541723433583,0.0,106.92847999579264,12.449308344686717,1.7793897325802079e+18,1.7793941514101018e+18
1779393281812941142,12.216,2.265,1440.275,77.53094512967947,0.0,107.52092938201307,12.45061890259359,1.7793897087111375e+18,1.7793941584544968e+18
1779393282213521703,12.216,2.215,1118.55,77.50426666396076,0.0,107.26646644545094,12.450085333279215,1.7793896832576184e+18,1.7793941659337426e+18
1779393282614127267,12.208,2.115,136.725,77.46927501097015,0.0,106.9713913156001,12.449385500219403,1.7793896563899415e+18,1.7793941738042222e+18
1779393283014796449,12.216,2.165,417.25,77.27349313868716,0.0,105.15352729136006,12.445469862773743,1.7793896265910124e+18,1.7793941825116488e+18
1779393283415302311,12.216,2.3,1273.325,76.9450385710382,0.0,102.07995452116089,12.438900771420764,1.7793895928909642e+18,1.779394192349461e+18
1779393283816077834,12.22,2.15,609.075,76.83634410444232,0.0,101.06658288721793,12.436726882088847,1.7793895571702454e+18,1.7793942027625219e+18
1779393284216503343,12.216,2.165,220.325,76.60611833244602,0.0,98.91169859002765,12.43212236664892,1.7793895180935547e+18,1.779394214140623e+18
1779393284617193564,12.224,2.25,672.375,76.30551249408555,0.0,96.0836301921552,12.426110249881711,1.7793894747630735e+18,1.779394226745282e+18
1779393285017808073,12.212,2.15,413.525,75.48144233776499,0.0,88.41725185516223,12.4096288467553,1.7793894214775718e+18,1.7793942422452792e+18
1779393285418429774,12.212,2.3,1261.975,73.90459992485486,0.0,73.70711786489461,12.378091998497098,1.7793893492417562e+18,1.7793942632687383e+18
1779393285819030525,12.216,2.2,574.425,65.7119810462101,0.0,7.367035502470439,12.235679715693152,1.779389178288242e+18,1.7793943131333345e+18
1779393286219672615,12.216,2.115,114.6,65.65160039303466,0.0,6.909225582603536,12.23477400589552,1.7793889908148705e+18,1.7793943677710362e+18
1779393286620407075,12.216,2.0325,349.725,65.63631039411315,0.0,6.788702710657343,12.234544655911698,1.7793887849840924e+18,1.7793944277109847e+18
1779393287021177357,12.212,2.0675,1067.275,65.53087147534238,0.0,6.0540267500466625,12.232963072130136,1.779388556591028e+18,1.7793944941732175e+18
1779393287421844695,12.22,2.0675,1618.65,65.49713076439554,0.0,5.8048603422193805,12.232456961465934,1.7793883030933345e+18,1.7793945678904353e+18
1779393287822583884,12.216,2.25,24.525,65.54176775879314,0.0,6.123344570916791,12.233126516381898,1.7793880215010632e+18,1.779394649720018e+18
1779393288223172879,12.216,2.15,74.825,65.51847886980602,0.0,5.961336358602188,12.23277718304709,1.7793877053208986e+18,1.7793947415405087e+18
1779393288623981016,12.212,2.18,228.325,65.52451395364893,0.0,6.011137005779857,12.232867709304735,1.7793873486586322e+18,1.779394845054369e+18
1779393289024190195,12.216,2.115,696.775,65.47040208233368,0.0,5.634577912828613,12.232056031235006,1.7793869415175222e+18,1.779394963153783e+18
1779393289424764246,12.216,2.165,487.975,65.4779554151879,0.0,5.694768676510051,12.23216933122782,1.7793864747203052e+18,1.7793950984890214e+18
1779393289824892586,12.216,2.165,1489.175,65.49377734047228,0.0,5.813616583752332,12.232406660107085,1.7793859343185746e+18,1.7793952550879532e+18
1779393290225254984,12.212,2.2,1267.8,65.59735089195841,0.0,6.566750338424331,12.233960263379377,1.7793853050047514e+18,1.7793954373607432e+18
1779393290625482835,12.216,2.2,592.2,65.63590687961147,0.0,6.85791849707751,12.234538603194173,1.7793845596390618e+18,1.779395653152833e+18
1779393291025861735,12.212,2.1,168.85,65.58931459616626,0.0,6.548849105470902,12.233839718942495,1.7793836574542244e+18,1.7793959142504604e+18
1779393291425985808,12.212,2.15,515.275,65.58938376483172,0.0,6.563988690800029,12.233840756472476,1.7793825461099448e+18,1.7793962357626312e+18
1779393291826155438,12.212,2.13,1572.475,65.64595208043953,0.0,6.9832007669084435,12.234689281206593,1.7793811496081518e+18,1.7793966396341427e+18
1779393292226693302,12.208,2.15,1522.0,65.65217402640029,0.0,7.0496822768267435,12.234782610396005,1.7793793347175936e+18,1.7793971643514847e+18
1779393292627594457,12.216,2.15,1367.975,65.68468065508901,0.0,7.2923903879691085,12.235270209826336,1.7793768857429422e+18,1.779397872211204e+18
1779393293028361155,12.216,2.165,897.925,65.76168339151182,0.0,7.846606907983876,12.236425250872678,1.779373415147806e+18,1.7793988751424243e+18
1779393293429116435,12.216,2.2,1101.825,65.80199471295631,0.0,8.150164548137214,12.237029920694345,1.7793681047028426e+18,1.779400409499811e+18
1779393293829852382,12.212,2.165,85.7,65.85437984053964,0.0,8.533301773184585,12.237815697608095,1.779358972414935e+18,1.7794030477562867e+18
1779393294230366190,12.208,2.165,261.525,65.89141907678082,0.0,8.822031749567591,12.238371286151713,1.7793396125428221e+18,1.7794086402468168e+18
1779393294631120774,12.22,2.25,798.1,65.94665847917791,0.0,9.215613510197336,12.23919987718767,1.7792709841735677e+18,1.7794284637751406e+18
1779393295031765345,12.212,2.15,797.2,66.0267562870539,0.0,9.799695319901922,12.240401344305809,1.7798483005654062e+18,1.7792617083366264e+18
1779393295432452125,12.216,2.2,794.45,66.1417655779209,0.0,10.61996674924396,12.242126483668814,1.7794733658848863e+18,1.7793700075742976e+18
1779393295833068801,12.208,2.18,786.05,66.23240355197792,0.0,11.291016562021039,12.24348605327967,1.779437326517534e+18,1.779380417960275e+18
1779393296233484571,12.216,2.25,760.425,66.26661767275534,0.0,11.536200888044815,12.24399926509133,1.779423689702424e+18,1.7793843574083615e+18
1779393296634039760,12.212,2.18,682.225,66.30889711243073,0.0,11.853828870596761,12.244633456686461,1.7794165173654003e+18,1.779386429624195e+18
1779393297034601513,12.212,2.13,443.575,66.37736578353635,0.0,12.357635157658809,12.245660486753046,1.779412102638793e+18,1.7793877053162941e+18
1779393297435133543,12.216,2.2,1353.675,66.50024458072284,0.0,13.233404998413226,12.247503668710843,1.7794091284081687e+18,1.7793885649132695e+18
1779393297835783773,12.216,2.15,854.275,66.50386351454176,0.0,13.27363345601036,12.247557952718127,1.7794069669329454e+18,1.7793891897464253e+18
1779393298236241053,12.212,2.165,968.625,66.61394335755917,0.0,14.068085652845948,12.249209150363388,1.779405336922325e+18,1.7793896610806257e+18
1779393298636753072,12.216,2.15,1317.6,66.87814424293643,0.0,15.937379536795325,12.253172163644047,1.779404077692059e+18,1.7793900253434642e+18
1779393299037382951,12.212,2.18,744.175,66.99434356092762,0.0,16.769156629624455,12.254915153413915,1.779403065785354e+18,1.779390318169295e+18
1779393299438125888,12.216,2.0825,632.625,67.02361156665164,0.0,16.993136271037002,12.255354173499775,1.7794022298786888e+18,1.7793905601490621e+18
1779393299838825845,12.212,2.0825,292.2,67.06057964688752,0.0,17.286084609716873,12.255908694703313,1.7794015282526057e+18,1.7793907633353846e+18
1779393300239293067,12.212,2.115,891.7,67.11675732061902,0.0,17.705675441497323,12.256751359809286,1.7794009316506158e+18,1.7793909361840433e+18
1779393300640076513,12.212,2.165,1082.85,67.25626115386478,0.0,18.708135350777322,12.258843917307972,1.7794004216244283e+18,1.7793910840289953e+18
1779393301040438891,12.216,2.15,27.775,67.46519887053148,0.0,20.19235816993986,12.261977983057973,1.7793999832486753e+18,1.7793912111848238e+18
1779393301440902894,12.216,2.165,84.75,67.53300440732922,0.0,20.683773999420016,12.262995066109939,1.7793995981024745e+18,1.7793913229633208e+18
1779393301841477868,12.216,2.165,258.625,67.57803093994232,0.0,21.014834828678936,12.263670464099135,1.779399256551359e+18,1.7793914221450207e+18
1779393302242234697,12.212,2.0325,789.25,67.52107405477435,0.0,20.65206315500667,12.262816110821616,1.779398948892974e+18,1.779391511528879e+18
1779393302642779439,12.212,2.18,770.175,67.81489428538883,0.0,22.73987485665151,12.267223414280833,1.779398678370175e+18,1.7793915901992732e+18
1779393303043498694,12.212,2.23,711.975,67.99015733648395,0.0,23.99119340310308,12.26985236004726,1.7793984364274762e+18,1.7793916606193006e+18
1779393303444224752,12.216,2.15,534.375,68.0080108607036,0.0,24.138813121372248,12.270120162910555,1.7793982156605494e+18,1.779391724921455e+18
1779393303844699509,12.208,2.13,1630.775,68.01346363198924,0.0,24.208546569610586,12.27020195447984,1.7793980135757036e+18,1.7793917838197097e+18
1779393304245046225,12.208,2.15,61.525,68.03160543117677,0.0,24.35819736142148,12.270474081467652,1.7793978279953649e+18,1.7793918379464443e+18
1779393304645073749,12.212,2.18,187.75,68.06340241023506,0.0,24.593820653619726,12.270951036153527,1.7793976571904694e+18,1.779391887802251e+18
1779393305045797832,12.208,2.18,572.95,68.08137165593453,0.0,24.745215487332676,12.271220574839019,1.7793974993385917e+18,1.7793919339122127e+18
1779393305446084036,12.216,2.2,110.1,68.04061925792347,0.0,24.46842883587778,12.270609288868853,1.7793973521488783e+18,1.7793919769377892e+18
1779393305846698912,12.208,2.165,335.975,68.0714865129374,0.0,24.70418571671197,12.271072297694062,1.7793972155883727e+18,1.7793920168896801e+18
1779393306247194213,12.212,2.0825,1025.3,67.9940361933642,0.0,24.17854224798467,12.269910542900464,1.7793970872104579e+18,1.779392054472248e+18
1779393306647796032,12.216,2.18,1490.55,67.88212109271856,0.0,23.41084805816797,12.268231816390779,1.7793969659786342e+18,1.7793920899831841e+18
1779393307048321427,12.216,2.165,1271.975,67.8826000086246,0.0,23.418067414858236,12.26823900012937,1.779396852431829e+18,1.7793921232726203e+18
1779393307448915089,12.212,2.115,604.95,67.83975759178438,0.0,23.14100547685225,12.267596363876766,1.7793967454549146e+18,1.7793921546610552e+18
1779393307849614049,12.216,2.13,207.75,67.83129099132306,0.0,23.08916464042495,12.267469364869847,1.7793966448343567e+18,1.779392184211132e+18
1779393308250306805,12.216,2.0675,634.0,67.77884824789875,0.0,22.731262479672644,12.266682723718482,1.7793965496446707e+18,1.77939221218884e+18
1779393308651007815,12.212,2.115,296.4,67.75045380733818,0.0,22.54442872091387,12.266256807110073,1.7793964596998723e+18,1.779392238648015e+18
1779393309051410169,12.212,2.165,904.525,67.6822167264236,0.0,22.092890648105154,12.265233250896355,1.7793963742859643e+18,1.7793922637935537e+18
1779393309452143147,12.208,2.15,1121.975,67.5338248201228,0.0,21.095094660250577,12.263007372301843,1.779396292464169e+18,1.779392287894945e+18
1779393309852784236,12.212,2.115,147.175,67.47632957980368,0.0,20.71485636379703,12.262144943697056,1.779396214440374e+18,1.779392310901472e+18
1779393310253306640,12.208,2.0675,449.125,67.25573170607286,0.0,19.19859926849097,12.258835975591094,1.7793961388954783e+18,1.7793923331887212e+18
1779393310653648437,12.212,2.23,1370.6,67.3090292654631,0.0,19.58310842451984,12.259635438981947,1.7793960675717494e+18,1.779392354259326e+18
1779393311054223833,12.208,2.2,905.925,67.43169507491784,0.0,20.47104850095046,12.261475426123768,1.7793960005071488e+18,1.7793923741051684e+18
1779393311454833924,12.216,2.13,1126.25,67.43735147373395,0.0,20.519458406350555,12.26156027210601,1.7793959365195456e+18,1.779392393068314e+18
1779393311855427833,12.216,2.2,160.225,67.41220110433157,0.0,20.335138073220833,12.261183016564974,1.7793958752403648e+18,1.7793924112538022e+18
1779393312256093431,12.216,2.23,488.95,67.47608801971595,0.0,20.80289375107146,12.26214132029574,1.7793958169982748e+18,1.7793924285679355e+18
1779393312656757281,12.212,2.115,1492.15,67.48037648821514,0.0,20.85115941354024,12.262205647323228,1.7793957612794947e+18,1.7793924451571077e+18
1779393313057329706,12.22,2.165,1276.875,67.3995094062636,0.0,20.297419031331376,12.260992641093955,1.779395707511417e+18,1.7793924611843973e+18
1779393313457730157,12.208,2.2,619.9,67.51448452475913,0.0,21.138309837255807,12.262717267871388,1.7793956565141558e+18,1.7793924764173484e+18
1779393313858034099,12.212,2.18,253.375,67.52660898859808,0.0,21.243605577916888,12.262899134828972,1.7793956076067676e+18,1.7793924910505347e+18
1779393314258782354,12.208,2.25,773.225,67.56987080170691,0.0,21.567540524498515,12.263548062025604,1.7793955608057964e+18,1.7793925050794033e+18
1779393314659585876,12.212,2.13,721.275,67.5043985764169,0.0,21.13869442041107,12.262565978646254,1.779395515537e+18,1.7793925186669194e+18
1779393315060236222,12.212,2.23,562.75,67.50773459785218,0.0,21.179288444004335,12.262616018967783,1.7793954720099244e+18,1.7793925317537884e+18
1779393315460790214,12.212,2.23,78.975,67.55243297587508,0.0,21.498358966318104,12.263286494638127,1.7793954302783286e+18,1.7793925443254671e+18
1779393315861476607,12.212,2.25,241.0,67.60620498037156,0.0,21.876913582849873,12.264093074705574,1.7793953902921797e+18,1.7793925563955914e+18
1779393316262191965,12.216,2.15,735.45,67.52203305706739,0.0,21.29873628061423,12.262830495856011,1.7793953514451136e+18,1.7793925681366213e+18
1779393316662880970,12.212,2.25,606.0,67.51464438071255,0.0,21.271563660822686,12.262719665710689,1.779395313961339e+18,1.7793925794852316e+18
1779393317063636041,12.212,2.2,210.95,67.46613273513609,0.0,20.94899712991764,12.261991991027042,1.779395277626187e+18,1.7793925905028227e+18
1779393317464232220,12.216,2.15,643.75,67.39290919136845,0.0,20.44925493589765,12.260893637870527,1.7793952423019848e+18,1.7793926012289242e+18
1779393317865004733,12.208,2.15,326.15,67.329037518213,0.0,20.030430871496378,12.259935562773196,1.7793952079954486e+18,1.7793926116611407e+18
1779393318265470768,12.212,2.15,995.325,67.23243379101851,0.0,19.37390352976403,12.258486506865278,1.779395174566503e+18,1.779392621839332e+18
1779393318666001363,12.212,2.13,1399.075,67.19971412833235,0.0,19.156337134621968,12.257995711924986,1.779395142166907e+18,1.7793926317210668e+18
1779393319066566427,12.216,2.18,992.825,67.08941339852296,0.0,18.395705462646387,12.256341200977845,1.7793951105271962e+18,1.7793926413829225e+18
1779393319467291757,12.212,2.115,1391.45,66.93071990639021,0.0,17.317001035472707,12.253960798595854,1.7793950795104448e+18,1.7793926508629455e+18
1779393319868046089,12.212,2.23,969.55,66.88135916992535,0.0,16.99822222325323,12.25322038754888,1.7793950493957312e+18,1.7793926600825554e+18
1779393320268552157,12.212,2.13,1320.425,66.81746397751036,0.0,16.574330483655007,12.252261959662656,1.7793950200977e+18,1.7793926690665884e+18
1779393320669246763,12.216,2.23,752.8,66.86729703029519,0.0,16.942719904029634,12.253009455454428,1.7793949918756687e+18,1.7793926777416975e+18
1779393321069862519,12.212,2.23,658.95,66.83364728912073,0.0,16.725729359091545,12.252504709336812,1.7793949644765652e+18,1.779392686179317e+18
1779393321470578242,12.208,2.25,372.55,66.82498205885656,0.0,16.68784051510495,12.252374730882849,1.779394937927667e+18,1.779392694371801e+18
1779393321871198085,12.208,2.215,1136.925,66.82447703279068,0.0,16.709945685764335,12.25236715549186,1.77939491219406e+18,1.7793927023300088e+18
1779393322271917545,12.208,2.2,192.8,66.92518815149273,0.0,17.440870362364304,12.253877822272392,1.7793948874674166e+18,1.7793927099998702e+18
1779393322672553539,12.212,2.25,588.375,66.99878857265107,0.0,17.955104418791475,12.254981828589766,1.7793948636456118e+18,1.7793927174098854e+18
1779393323073241305,12.208,2.23,157.175,66.97950151964997,0.0,17.84441953720492,12.25469252279475,1.7793948405208182e+18,1.779392724617131e+18
1779393323473849388,12.216,2.25,479.65,66.95581735692377,0.0,17.677188618759814,12.254337260353857,1.779394818067994e+18,1.7793927316281956e+18
1779393323874463083,12.212,2.1,1463.775,66.88174157920861,0.0,17.17673553436449,12.25322612368813,1.7793947961349005e+18,1.7793927384875712e+18
1779393324275271462,12.212,2.13,1190.275,66.83182552048446,0.0,16.843079397336396,12.252477382807268,1.7793947751821417e+18,1.779392745047236e+18
1779393324675779950,12.208,2.165,355.625,66.79215255641866,0.0,16.595013435142747,12.25188228834628,1.7793947548414185e+18,1.7793927514254408e+18
1779393325076466272,12.212,2.18,1085.275,66.8438553947363,0.0,16.977252901364288,12.252657830921045,1.7793947352605565e+18,1.779392757580598e+18
1779393325477277717,12.216,2.2,35.175,66.85125856263059,0.0,17.042539630127305,12.25276887843946,1.779394716327605e+18,1.7793927635443415e+18
1779393325878177404,12.212,2.18,107.325,66.77687578441704,0.0,16.543995158467617,12.251653136766256,1.7793946978863514e+18,1.77939276936005e+18
1779393326278659533,12.208,2.215,327.525,66.88549728122786,0.0,17.32861567584532,12.253282459218418,1.7793946801622856e+18,1.7793927749687145e+18
1779393326679427070,12.208,2.18,999.525,66.78126592189786,0.0,16.628314961852144,12.251718988828468,1.7793946627609096e+18,1.779392780481839e+18
1779393327080276815,12.208,2.13,1411.9,66.72147916077095,0.0,16.23458210557373,12.250822187411565,1.7793946457517445e+18,1.7793927858797435e+18
1779393327481124522,12.212,2.23,1031.975,66.72863195428565,0.0,16.295718154878518,12.250929479314285,1.7793946295018847e+18,1.7793927910424412e+18
1779393327881838925,12.212,2.0475,1510.925,66.50720746369905,0.0,14.778175995974665,12.247608111955486,1.7793946132636764e+18,1.7793927962031762e+18
1779393328282571788,12.208,2.0825,1334.175,66.35979317598037,0.0,13.775734864410355,12.245396897639706,1.7793945970270843e+18,1.7793928013732367e+18
1779393328683358943,12.212,2.165,794.775,66.36651717237969,0.0,13.828653522909566,12.245497757585696,1.7793945807096008e+18,1.7793928065962286e+18
1779393329084199076,12.208,2.165,787.05,66.32492743930926,0.0,13.55913957472764,12.24487391158964,1.7793945647601536e+18,1.7793928117123517e+18
1779393329484905560,12.208,2.25,763.475,66.328449552187,0.0,13.609085140527863,12.244926743282806,1.7793945493095946e+18,1.77939281667977e+18
1779393329885595780,12.212,2.15,691.525,66.33243608891996,0.0,13.659434243821673,12.2449865413338,1.7793945343302879e+18,1.7793928215070385e+18
1779393330286305032,12.216,2.115,471.95,66.2704302773105,0.0,13.23404596044442,12.244056454159658,1.7793945197266301e+18,1.7793928262204006e+18
1779393330687165360,12.204,2.0675,1440.275,66.01786848812554,0.0,11.508469720949707,12.240268027321884,1.7793945052175089e+18,1.779392830900156e+18
1779393331087894654,12.212,2.165,1118.55,65.95631521122529,0.0,11.101715433746095,12.23934472816838,1.779394491034996e+18,1.7793928354827448e+18
1779393331488690509,12.208,2.115,136.725,65.89849677919904,0.0,10.722987567264532,12.238477451687986,1.7793944772000742e+18,1.7793928399605975e+18
1779393331889189339,12.216,2.2,417.25,65.85618145616598,0.0,10.43454488438615,12.23784272184249,1.7793944637152957e+18,1.7793928443335585e+18
1779393332289696254,12.212,2.115,1273.325,65.83109323437735,0.0,10.27591923822548,12.23746639851566,1.7793944505757809e+18,1.7793928486041605e+18
1779393332890766126,12.208,2.215,609.075,65.96784451126298,0.0,11.256027692698536,12.239517667668945,1.779394437987452e+18,1.7793928527136783e+18
1779393333291487208,12.212,2.15,220.325,65.9276532433684,0.0,10.990725653830255,12.238914798650526,1.779394425706717e+18,1.779392856730854e+18
1779393333691976806,12.212,2.15,672.375,65.87662840066857,0.0,10.657861056923934,12.238149426010029,1.779394413711224e+18,1.7793928606621071e+18
1779393334092773782,12.212,2.265,413.525,65.91165112479997,0.0,10.905706045711486,12.238674766872,1.7793944020645455e+18,1.779392864491522e+18
1779393334493579148,12.212,2.215,1261.975,66.00868371385178,0.0,11.59519429733979,12.240130255707777,1.7793943908316552e+18,1.77939286820023e+18
1779393334894352048,12.212,2.1,574.425,65.97688486403703,0.0,11.397810525399468,12.239653272960556,1.7793943798549588e+18,1.779392871832705e+18
1779393335295078366,12.212,2.1,114.6,65.80417429644862,0.0,10.218985472489589,12.23706261444673,1.7793943689809114e+18,1.7793928754318705e+18
1779393335695754865,12.212,2.115,349.725,65.64137718757215,0.0,9.11690797845753,12.234620657813583,1.7793943582324972e+18,1.7793928789904696e+18
1779393336096591726,12.216,2.165,1067.275,65.61423131352848,0.0,8.93507677118583,12.234213469702928,1.7793943477209147e+18,1.7793928824794924e+18
1779393336497140425,12.212,2.23,1618.65,65.59323657779687,0.0,8.801877173285254,12.233898548666954,1.7793943374615585e+18,1.7793928858934034e+18
1779393336897821745,12.212,2.215,24.525,65.59175384031397,0.0,8.820157469371347,12.23387630760471,1.7793943274585572e+18,1.7793928892317071e+18
1779393337298616547,12.208,2.1,74.825,65.45992249469523,0.0,7.9265449941319925,12.23189883742043,1.7793943175838848e+18,1.7793928925299162e+18
1779393337699277160,12.212,2.165,228.325,65.53552931689732,0.0,8.467631849936405,12.23303293975346,1.7793943080238868e+18,1.7793928957365432e+18
1779393338099900379,12.212,2.3,696.775,65.59251605673764,0.0,8.876419769869935,12.233887740851065,1.7793942987546616e+18,1.7793928988579474e+18
1779393338500715864,12.212,2.15,487.975,65.57700284675039,0.0,8.783478142653799,12.233655042701256,1.7793942897032443e+18,1.7793929019143624e+18
1779393338901424538,12.212,2.15,1489.175,65.53113805977324,0.0,8.479153382943602,12.2329670708966,1.7793942808300772e+18,1.7793929049174336e+18
1779393339302213101,12.212,2.2,1267.8,65.54457207084954,0.0,8.57907945527893,12.233168581062744,1.779394272199991e+18,1.7793929078476035e+18
1779393339703036555,12.208,2.18,592.2,65.55535859418464,0.0,8.675737738915677,12.23333037891277,1.7793942637860672e+18,1.779392910713928e+18
1779393340103812066,12.212,2.115,168.85,65.3506464356058,0.0,7.283226558498723,12.230259696534088,1.7793942553995197e+18,1.779392913569241e+18
1779393340504472781,12.212,2.15,515.275,65.34243250995499,0.0,7.233592585763635,12.230136487649325,1.7793942472024468e+18,1.7793929163686367e+18
1779393340905297211,12.216,2.13,1572.475,65.44521709136748,0.0,7.97063326581706,12.231678256370513,1.7793942392867057e+18,1.779392919085905e+18
1779393341305732698,12.212,2.165,1522.0,65.41704711626979,0.0,7.7892940454455095,12.231255706744047,1.7793942315350577e+18,1.7793929217540398e+18
1779393341706515969,12.212,2.25,1367.975,65.36873103490228,0.0,7.4817113698082895,12.230530965523535,1.7793942239308398e+18,1.779392924377426e+18
1779393342107406905,12.208,2.0675,897.925,65.23266531978271,0.0,6.567583239234657,12.228489979796741,1.779394216407787e+18,1.779392926974133e+18
1779393342508101128,12.208,2.1,1101.825,65.16198264864607,0.0,6.092279501094319,12.227429739729692,1.7793942090235425e+18,1.7793929295273933e+18
1779393342908865324,12.208,2.215,85.7,65.17281809627735,0.0,6.188613443650892,12.227592271444161,1.779394201823741e+18,1.7793929320257055e+18
1779393343309572050,12.212,2.13,261.525,65.10638822616394,0.0,5.749545581516609,12.22659582339246,1.779394194748945e+18,1.77939293448541e+18
1779393343710189097,12.212,2.18,798.1,65.1163204164472,0.0,5.83316648768734,12.226744806246709,1.7793941878523628e+18,1.7793929368916913e+18
1779393344111081688,12.208,2.215,797.2,65.1663393902275,0.0,6.194556184057614,12.227495090853413,1.7793941811648804e+18,1.779392939235291e+18
1779393344511841325,12.212,2.13,794.45,65.2292632845359,0.0,6.64747704602784,12.228438949268039,1.7793941746725056e+18,1.779392941521756e+18
1779393344912576688,12.212,2.15,786.05,65.2397734463998,0.0,6.728492446730386,12.228596601695997,1.7793941683301622e+18,1.7793929437639327e+18
1779393345313345486,12.208,2.13,760.425,65.14523460282572,0.0,6.093815240134058,12.227178519042386,1.7793941620737687e+18,1.7793929459785444e+18
1779393345713982906,12.208,2.18,682.225,65.1712661705976,0.0,6.289406642174635,12.227568992558965,1.779394155974565e+18,1.77939294814666e+18
1779393346114649929,12.208,2.18,443.575,65.21031352225424,0.0,6.582793745227015,12.228154702833814,1.7793941500411075e+18,1.779392950265501e+18
1779393346515499527,12.208,2.265,1353.675,65.32718336278462,0.0,7.408526345846492,12.22990775044177,1.7793941443183572e+18,1.7793929523227054e+18
1779393346916219640,12.212,2.2,854.275,65.32740130851649,0.0,7.416485205810973,12.229911019627748,1.779394138726881e+18,1.7793929543401572e+18
1779393347316902436,12.208,2.285,968.625,65.37057416752363,0.0,7.735800718517732,12.230558612512855,1.7793941332900344e+18,1.7793929563114604e+18
1779393347717691140,12.212,2.2,1317.6,65.2738937783258,0.0,7.077590849747079,12.229108406674888,1.7793941279241856e+18,1.7793929582590333e+18
1779393348118520821,12.208,2.265,744.175,65.28309583184202,0.0,7.1612259091738695,12.22924643747763,1.7793941226842486e+18,1.779392960168663e+18
1779393348519140085,12.208,2.2,632.625,65.20725161525016,0.0,6.663510882757519,12.228108774228753,1.779394117528359e+18,1.77939296205063e+18
1779393348919987433,12.208,2.2,292.2,65.22482812459702,0.0,6.806966663724375,12.228372421868956,1.7793941124919232e+18,1.7793929638971853e+18
1779393349320710092,12.212,2.23,891.7,65.25513814977583,0.0,7.031290618507997,12.228827072246638,1.779394107589697e+18,1.7793929657031677e+18
1779393349721280064,12.212,2.285,1082.85,65.2041041356824,0.0,6.689938465878622,12.228061562035236,1.7793941027601e+18,1.7793929674868106e+18
1779393350121840933,12.204,2.215,27.775,65.22830349990664,0.0,6.8859737667285135,12.2284245524986,1.7793940980526374e+18,1.7793929692336154e+18
1779393350522231353,12.212,2.3,84.75,65.2055233620089,0.0,6.732169855290921,12.228082850430134,1.7793940934295101e+18,1.7793929709549507e+18
1779393350922382667,12.212,2.25,258.625,65.14887221307335,0.0,6.352784062090065,12.2272330831961,1.7793940888789855e+18,1.7793929726530831e+18
1779393351323308973,12.208,2.165,789.25,65.14517392182381,0.0,6.341947153872714,12.227177608827358,1.7793940844426486e+18,1.7793929743150444e+18
1779393351723541416,12.212,2.265,770.175,65.13370452023344,0.0,6.2680012569145305,12.227005567803502,1.779394080099209e+18,1.7793929759483633e+18
1779393352124014161,12.212,2.265,711.975,65.1053194571775,0.0,6.084754127232614,12.226579791857663,1.7793940758395041e+18,1.7793929775553684e+18
1779393352524258084,12.216,2.25,534.375,65.02167966015355,0.0,5.512053483115113,12.225325194902304,1.7793940716290652e+18,1.779392979145988e+18
1779393352924604184,12.208,2.1,1630.775,64.89816670945656,0.0,4.679694175052508,12.223472500641849,1.7793940674493617e+18,1.7793929807250214e+18
1779393353325561083,12.216,2.25,61.525,64.84925799248578,0.0,4.340466793324378,12.222738869887287,1.7793940633436106e+18,1.7793929822800724e+18
1779393353726322880,12.212,2.115,187.75,64.80768321485645,0.0,4.060108117151342,12.222115248222847,1.779394059309509e+18,1.7793929838123535e+18
1779393354126722636,12.212,2.315,572.95,64.81571808884985,0.0,4.121818687323921,12.222235771332748,1.7793940553786004e+18,1.7793929853122796e+18
1779393354527568807,12.212,2.2,110.1,64.79904921646708,0.0,4.020920407638875,12.221985738247007,1.779394051536439e+18,1.7793929867838295e+18
1779393354928270266,12.212,2.2,335.975,64.79802493822868,0.0,4.028329902059704,12.22197037407343,1.7793940477841812e+18,1.7793929882272704e+18
1779393355328927496,12.216,2.165,1025.3,64.8216964073744,0.0,4.192402184672557,12.222325446110617,1.7793940441370488e+18,1.7793929896378207e+18
1779393355729752038,12.208,2.165,1490.55,64.70910726388566,0.0,3.435300199259282,12.220636608958285,1.7793940405250514e+18,1.779392991034977e+18
1779393356130589922,12.208,2.13,1271.975,64.69465571497734,0.0,3.342460499656937,12.22041983572466,1.779394036992439e+18,1.779392992406898e+18
1779393356531183291,12.208,2.285,604.95,64.75814057439548,0.0,3.7949346013350125,12.221372108615933,1.779394033576518e+18,1.7793929937430828e+18
1779393356931785355,12.208,2.215,207.75,64.80167091587931,0.0,4.117646612973155,12.22202506373819,1.7793940302669146e+18,1.779392995046185e+18
1779393509201096198,12.208,2.215,634.0,64.82803499494685,0.0,4.307341570425837,12.222420524924203,1.7793940445852608e+18,1.7793929907899085e+18
1779393509601674817,12.212,2.15,296.4,64.76939041519189,0.0,3.908559003826093,12.221540856227879,1.7793940584513252e+18,1.7793929866707395e+18
1779393510002111442,12.212,2.265,904.525,64.68046623356776,0.0,3.307742096046347,12.220206993503517,1.7793940718469921e+18,1.779392982694396e+18
1779393510402372906,12.208,2.13,1121.975,64.60970194682227,0.0,2.8335209916434283,12.219145529202335,1.7793940848135951e+18,1.7793929788477437e+18
1779393510803092040,12.212,2.215,147.175,64.54854865236976,0.0,2.425419658277816,12.218228229785547,1.779394097382839e+18,1.7793929751205384e+18
1779393511203488123,12.216,2.23,449.125,64.46784150727653,0.0,1.8750938366325725,12.217017622609148,1.7793941095395412e+18,1.77939297151824e+18
1779393511603742981,12.216,2.18,1370.6,64.41327649879484,0.0,1.4980383636595789,12.216199147481923,1.779394121329838e+18,1.779392968026425e+18
1779393512004160760,12.216,2.23,905.925,64.353933664776,0.0,1.0881590924985498,12.21530900497164,1.779394132762205e+18,1.7793929646424794e+18
1779393512404394990,12.208,2.23,1126.25,64.37591239968603,0.0,1.2543407835545366,12.215638685995291,1.779394143956161e+18,1.7793929613280758e+18
1779393512804796613,12.208,2.18,160.225,64.34855259654582,0.0,1.080139898708422,12.215228288948188,1.7793941548683246e+18,1.7793929580965225e+18
1779393513205065185,12.208,2.18,488.95,64.36175223494939,0.0,1.1784298190928983,12.215426283524241,1.7793941655590556e+18,1.7793929549288366e+18
1779393513605735909,12.212,2.165,1492.15,64.31126779135481,0.0,0.8373838872115085,12.214669016870323,1.7793941759633992e+18,1.7793929518454362e+18
1779393514005983872,12.212,2.285,1276.875,64.34296160360182,0.0,1.0555747839708252,12.215144424054028,1.7793941861985126e+18,1.7793929488086177e+18
1779393514406583491,12.208,2.23,619.9,64.38802378226602,0.0,1.3734645662651206,12.21582035673399,1.7793941962838188e+18,1.7793929458128317e+18
1779393514806997346,12.208,2.2,253.375,64.36538120314425,0.0,1.2318457329653039,12.215480718047164,1.7793942061430838e+18,1.7793929428825393e+18
1779393515207768443,12.212,2.2,773.225,64.3523794843954,0.0,1.1568575696290004,12.215285692265931,1.779394215804291e+18,1.7793929400081656e+18
1779393515608322232,12.208,2.2,721.275,64.31814925804053,0.0,0.9354319298662956,12.214772238870609,1.7793942252450522e+18,1.7793929371973414e+18
1779393516008991557,12.212,2.215,562.75,64.261326078142,0.0,0.5584834953023589,12.21391989117213,1.7793942344496727e+18,1.779392934454744e+18
1779393516409554820,12.212,2.3325,78.975,64.21509391510153,0.0,0.24718170890813626,12.213226408726523,1.779394243434396e+18,1.779392931775717e+18
1779393516810104614,12.212,2.265,241.0,64.23455055692264,0.0,0.38105347033462267,12.21351825835384,1.7793942522928986e+18,1.7793929291297613e+18
1779393517210643843,12.208,2.25,735.45,64.24414740021864,0.0,0.4616811595904775,12.21366221100328,1.7793942610219914e+18,1.7793929265176602e+18
1779393517611077522,12.208,2.2,606.0,64.24129872116433,0.0,0.45671590276749086,12.213619480817465,1.779394269611704e+18,1.7793929239427162e+18
1779393518011777669,12.208,2.265,210.95,64.33010124445184,0.0,1.0897324507819257,12.214951518666778,1.7793942781770214e+18,1.7793929213683377e+18
1779393518412369893,12.208,2.165,643.75,64.28724924523594,0.0,0.8094945889063635,12.21430873867854,1.7793942865684165e+18,1.7793929188418918e+18
1779393518812867161,12.208,2.3325,326.15,64.39672681270645,0.0,1.5770006285229596,12.215950902190597,1.779394294982464e+18,1.7793929162996273e+18
1779393519213646147,12.208,2.15,995.325,64.31557059576056,0.0,1.0333018191349943,12.214733558936409,1.7793943031867968e+18,1.7793929138167834e+18
1779393519614226538,12.212,2.1,1399.075,64.28892935763228,0.0,0.8574836703696646,12.214333940364485,1.7793943112540088e+18,1.7793929113699502e+18
1779393520014827115,12.204,2.2,992.825,64.30343037333985,0.0,0.9791760169522109,12.214551455600098,1.7793943192392983e+18,1.7793929089413056e+18
1779393520415350007,12.212,2.18,1391.45,64.30209205485993,0.0,0.9700066594650263,12.2145313808229,1.7793943271279946e+18,1.7793929065355638e+18
1779393520815864316,12.208,2.3475,969.55,64.47456007110281,0.0,2.1778243155498185,12.217118401066543,1.7793943351360236e+18,1.7793929040827446e+18
1779393521216704629,12.212,2.3325,1320.425,64.39328418947996,0.0,1.6329287632702152,12.2158992628422,1.779394342967335e+18,1.779392901677672e+18
1779393521617321337,12.212,2.265,752.8,64.41412737979464,0.0,1.7833740529254347,12.21621191069692,1.779394350748504e+18,1.7793928992795118e+18
1779393522018197103,12.212,2.265,658.95,64.42550545509908,0.0,1.8686889550890768,12.216382581826487,1.7793943584698255e+18,1.7793928968915884e+18
1779393522418536911,12.212,2.2,372.55,64.36906255596162,0.0,1.4877916041805705,12.215535938339425,1.7793943660533076e+18,1.779392894539175e+18
1779393522819037617,12.208,2.2,1136.925,64.38850064718393,0.0,1.636010786585991,12.21582750970776,1.779394373589497e+18,1.7793928921933952e+18
1779393523219675669,12.212,2.3975,192.8,64.45488630608833,0.0,2.0991067307809828,12.216823294591325,1.7793943811481672e+18,1.7793928898303747e+18
1779393523620232576,12.216,2.3,588.375,64.41129234550577,0.0,1.7993914918911027,12.216169385182587,1.779394388603384e+18,1.7793928874906532e+18
1779393524020872413,12.212,2.18,157.175,64.41949634544761,0.0,1.8631397805128287,12.216292445181715,1.7793943960053274e+18,1.7793928851596134e+18
1779393524421546511,12.208,2.25,479.65,64.43922847423578,0.0,2.0129699931493272,12.216588427113537,1.7793944033692961e+18,1.7793928828324196e+18
1779393524822155728,12.208,2.165,1463.775,64.40550066760275,0.0,1.7959306143190623,12.216082510014042,1.7793944106262267e+18,1.7793928805325112e+18
1779393525222827227,12.212,2.13,1190.275,64.39139991549891,0.0,1.7065246924087338,12.215870998732484,1.7793944178034432e+18,1.7793928782509025e+18
1779393525623347566,12.208,2.25,355.625,64.4385164366299,0.0,2.0445965970792943,12.216577746549449,1.7793944249795533e+18,1.779392875961555e+18
1779393526023947831,12.212,2.2,1085.275,64.43154035617373,0.0,2.011264893030544,12.216473105342606,1.7793944321031188e+18,1.779392873680021e+18
1779393526424777188,12.212,2.165,35.175,64.2502631543467,0.0,0.780832539289741,12.213753947315201,1.7793944389758956e+18,1.779392871470543e+18
1779393526825176520,12.212,2.13,107.325,64.24968465993427,0.0,0.7769105660484001,12.213745269899015,1.7793944457970724e+18,1.7793928692701235e+18
1779393527225560267,12.208,2.2,327.525,64.27483401361889,0.0,0.9715606252188623,12.214122510204284,1.7793944526089403e+18,1.7793928670637432e+18
1779393527625776724,12.212,2.115,999.525,64.2352789162314,0.0,0.6928179769579048,12.213529183743471,1.779394459339254e+18,1.77939286487484e+18
1779393528026145516,12.212,2.25,1411.9,64.2091450550829,0.0,0.5279045550566253,12.213137175826244,1.7793944660030346e+18,1.7793928626988805e+18
1779393528426280789,12.212,2.23,1031.975,64.16422384040432,0.0,0.23405664973730866,12.212463357606065,1.7793944725943593e+18,1.7793928605361293e+18
1779393528826521657,12.212,2.18,1510.925,64.16437701801831,0.0,0.23511693716509774,12.212465655270275,1.7793944791642117e+18,1.7793928583703063e+18
1779393529226694617,12.212,2.285,1334.175,64.16300726613626,0.0,0.22564819111229611,12.212445108992044,1.7793944857095537e+18,1.7793928562027494e+18
1779393529626978060,12.212,2.25,794.775,64.16210359342296,0.0,0.21939714946106348,12.212431553901345,1.7793944922326607e+18,1.779392854032693e+18
1779393530027216815,12.208,2.3325,787.05,64.3648883553646,0.0,1.632833630130717,12.21547332533047,1.7793944989355433e+18,1.7793928517980204e+18
1779393530427482872,12.208,2.23,763.475,64.39198556219887,0.0,1.8262094641349114,12.215879783432984,1.779394505617345e+18,1.779392849564548e+18
1779393530827699279,12.212,2.3,691.525,64.38639950359948,0.0,1.78743421927343,12.215795992553993,1.7793945122450545e+18,1.7793928473427763e+18
1779393531228013690,12.208,2.25,471.95,64.36846560688858,0.0,1.6785708552603744,12.21552698410333,1.779394518794275e+18,1.7793928451422958e+18
1779393531628349092,12.212,2.3325,1440.275,64.36690528513897,0.0,1.6678155301622113,12.215503579277085,1.7793945252905155e+18,1.7793928429541212e+18
1779393532028682966,12.208,2.265,1118.55,64.40894377177466,0.0,1.963222501084461,12.21613415657662,1.7793945317533504e+18,1.7793928407759273e+18
1779393532428829719,12.212,2.3,136.725,64.4754143399975,0.0,2.4406947860006896,12.217131215099963,1.7793945382412012e+18,1.7793928385847145e+18
1779393532829081097,12.208,2.3,417.25,64.50752003168884,0.0,2.6747344712636703,12.217612800475333,1.7793945447169275e+18,1.7793928363926162e+18
1779393533229498689,12.212,2.23,1273.325,64.51108288537073,0.0,2.6915998503733407,12.217666243280561,1.7793945511376095e+18,1.7793928342153567e+18
1779393533629974454,12.212,2.215,609.075,64.58275340970845,0.0,3.1906643140112823,12.218741301145627,1.7793945575670948e+18,1.7793928320338294e+18
1779393534030296390,12.208,2.215,220.325,64.64601687847937,0.0,3.6393215121733618,12.219690253177191,1.7793945640004918e+18,1.7793928298491901e+18
1779393534431012876,12.212,2.265,672.375,64.65599233503913,0.0,3.714687585960415,12.219839885025587,1.779394570435504e+18,1.7793928276546993e+18
1779393534831327200,12.208,2.3,413.525,64.75196764333673,0.0,4.371163227936962,12.221279514650051,1.779394576960209e+18,1.7793928254224947e+18
1779393535232068886,12.208,2.3475,1261.975,64.80305998598234,0.0,4.73434685831278,12.222045899789736,1.7793945835139535e+18,1.7793928231740375e+18
1779393535632631406,12.208,2.3475,574.425,64.94046423984547,0.0,5.689803899018362,12.224106963597682,1.7793945901872707e+18,1.779392820880303e+18
1779393536032891854,12.208,2.3,114.6,64.9380262658469,0.0,5.693463903438424,12.224070393987704,1.7793945968234322e+18,1.7793928185932e+18
1779393536433598701,12.208,2.215,349.725,64.93267453659692,0.0,5.670905295112995,12.223990118048954,1.779394603413181e+18,1.7793928163167882e+18
1779393536833807893,12.208,2.25,1067.275,65.06033397861748,0.0,6.574302524198326,12.225905009679263,1.779394610120795e+18,1.7793928139946834e+18
1779393537234119913,12.212,2.3825,1618.65,65.0143866857148,0.0,6.257010393089022,12.225215800285723,1.7793946167308577e+18,1.7793928117012626e+18
1779393537634463390,12.212,2.215,24.525,65.02951152922493,0.0,6.361524601166659,12.225442672938374,1.7793946233177564e+18,1.7793928094112397e+18
1779393538034561433,12.208,2.285,74.825,65.06934820696968,0.0,6.647815857476775,12.226040223104546,1.779394629926693e+18,1.779392807107327e+18
1779393538435426291,12.208,2.315,228.325,65.06956356858966,0.0,6.66146048947625,12.226043453528845,1.7793946365090924e+18,1.7793928048063788e+18
1779393538835537816,12.212,2.265,696.775,64.98231743647855,0.0,6.06921590179514,12.224734761547179,1.7793946429724897e+18,1.7793928025385887e+18
