timestamp_ns,busv,current,power,soc,hall_speed,int_r,v_unloaded,drain_time,max_time
1779637578332370138,12.796,1.78,464.25,0.0,0.0,-3594.382022471908,6.397999999999999,,
1779637578733055063,12.796,1.68,1416.775,98.27999999999689,0.0,-1.0093820026683227e-11,12.795999999999983,1.7796375783323717e+18,1.779637578740068e+18
1779637579133379858,12.796,1.8,1046.85,98.27999999999913,0.0,1.463512868449946e-12,12.795999999999996,1.7796375781990088e+18,1.7796375790139146e+18
1779637579534102075,12.796,1.73,1556.325,98.2799999999985,0.0,-4.7083339399888344e-12,12.795999999999992,1.7796375779318943e+18,1.7796375792903706e+18
1779637580334942746,12.796,1.715,1217.6,98.27999999999561,0.0,-1.2691700814103487e-11,12.795999999999976,1.779637577058276e+18,1.7796375797995438e+18
1779637580935506415,12.792,1.73,439.0,96.96691208315553,0.0,-3.8111736682434034,12.788705067128642,1.7796375759961175e+18,1.7796375802865093e+18
1779637581335848984,12.788,1.715,1339.7,92.1505998588533,0.0,-18.630910374036834,12.76194777699363,1.7796375747924818e+18,1.779637580768021e+18
1779637583137735252,12.78,1.73,1170.425,89.92226600985255,0.0,-25.615763546792046,12.748056650246314,1.779637570225463e+18,1.7796375820787817e+18
1779637584139047779,12.788,1.8,1109.4,97.55999999999858,0.0,-4.088335731052076e-12,12.791999999999993,1.7796375668995402e+18,1.779637582946955e+18
1779637584539173583,12.776,1.75,108.8,99.02191977077344,0.0,8.022922636080285,12.804383954154687,1.7796375648842158e+18,1.7796375834527956e+18
1779637584939510703,12.784,1.75,332.025,99.04416747809184,0.0,10.905550146093866,12.808833495618368,1.7796375632211912e+18,1.7796375838519506e+18
1779637585540177800,12.776,1.73,1013.25,96.5174603174651,0.0,-1.4109347442526576,12.786208112874807,1.7796375608771983e+18,1.7796375843769336e+18
1779637585940695765,12.78,1.78,1453.775,99.0979219487943,0.0,18.095948297277932,12.81958438975886,1.779637559298767e+18,1.7796375847148977e+18
1779637586341020614,12.78,1.78,1159.75,99.2201722652884,0.0,32.38587424632449,12.844034453057679,1.7796375577873677e+18,1.7796375850238305e+18
1779637587141674925,12.772,1.75,801.0,99.23123568414704,0.0,34.237492465333446,12.846247136829408,1.7796375557969052e+18,1.7796375853966318e+18
1779637587542065437,12.776,1.7,805.05,98.11020000000386,0.0,5.3333333333500015,12.795056666666689,1.7796375535865528e+18,1.7796375857939108e+18
1779637587942494932,12.768,1.715,868.45,89.96078643253853,0.0,-20.47125919254792,12.749019660813463,1.7796375489982188e+18,1.7796375865854313e+18
1779637588342858696,12.776,1.75,1011.875,90.6380510572159,0.0,-17.594229545270732,12.753544728095644,1.7796375443354127e+18,1.779637587360203e+18
1779637588743263145,12.772,1.765,1449.575,94.51264813843324,0.0,-4.876769795501098,12.77507026743574,1.7796375410401313e+18,1.779637587889214e+18
1779637589143687975,12.768,1.75,223.4,95.59146268656859,0.0,-0.9950248756183043,12.781063681592048,1.7796375381542006e+18,1.7796375883375043e+18
1779637589544121775,12.768,1.68,681.75,88.5798341887088,0.0,-38.807737860248615,12.71449585471772,1.779637531733662e+18,1.7796375893036685e+18
1779637589944611713,12.768,1.8325,442.125,98.4422180935733,0.0,8.8467726880917,12.796901211630964,1.7796375303703002e+18,1.7796375895030715e+18
1779637591145617640,12.764,1.815,840.775,99.24704958542365,0.0,39.287256054912525,12.849409917084731,1.779637528361517e+18,1.7796375897754058e+18
1779637592346845423,12.768,1.765,260.5,99.28852049456188,0.0,44.31501753639243,12.857704098912375,1.7796375253073388e+18,1.7796375901644132e+18
1779637592747226122,12.76,1.8,245.875,99.47858398836264,0.0,66.4250714577438,12.895716797672529,1.7796375225249193e+18,1.7796375905119926e+18
1779637593147406033,12.756,1.765,750.35,99.6628978496018,0.0,88.41275193899112,12.93257956992036,1.779637519947311e+18,1.779637590827629e+18
1779637593547964778,12.76,1.865,651.475,99.6356884700665,0.0,85.76496674057412,12.9271376940133,1.779637517396114e+18,1.7796375911337231e+18
1779637593948584446,12.76,1.7,349.725,99.60682812499994,0.0,83.49137931033731,12.921365624999988,1.7796375148485998e+18,1.7796375914331054e+18
1779637594749776521,12.76,1.73,1618.65,99.43287499999995,0.0,64.48275862068748,12.88657499999999,1.7796375117340454e+18,1.7796375917847163e+18
1779637595150473065,12.76,1.73,4.525,99.19803185049867,0.0,38.51995333583821,12.839606370099734,1.7796375085205018e+18,1.7796375921405125e+18
1779637595551126024,12.756,1.73,74.825,99.01629151900686,0.0,18.630450573399955,12.803258303801371,1.7796375052249649e+18,1.7796375924983247e+18
1779637595951832267,12.756,1.8,228.325,98.27915433589335,0.0,15.19209659714167,12.795995301866075,1.779637501444356e+18,1.7796375929008558e+18
1779637596352594420,12.76,1.665,696.775,90.78182551443017,0.0,-8.050871302371986,12.754343475080168,1.7796374919521167e+18,1.7796375938921098e+18
1779637597554481278,12.756,1.665,1267.8,90.26072495755649,0.0,-8.998302207126633,12.751448471986425,1.7796374794312266e+18,1.779637595135605e+18
1779637597955064135,12.756,1.68,592.2,89.26385651914437,0.0,-19.913936614630305,12.73159641297861,1.7796374644921265e+18,1.7796375965981007e+18
1779637598355577589,12.748,1.8325,168.85,93.64833065344529,0.0,3.0316982468589,12.770268503630252,1.7796374543975716e+18,1.7796375975734433e+18
1779637598955930945,12.752,1.68,515.275,89.73077542866697,0.0,-11.85283835524512,12.743269385716674,1.779637437062482e+18,1.7796375992176328e+18
1779637599356508468,12.752,1.75,1572.475,90.83903956594233,0.0,-4.702293785387235,12.754661330921902,1.7796374201232607e+18,1.7796376008064975e+18
1779637599757236034,12.752,1.78,1502.0,94.46577299690202,0.0,7.4664435191617935,12.77480984998279,1.7796374099905224e+18,1.779637601747174e+18
1779637600157950143,12.748,1.73,1367.975,93.42356309864012,0.0,4.705091581252136,12.769019794992445,1.7796373973175608e+18,1.7796376029119677e+18
1779637600558495067,12.744,1.765,897.9,91.08142340685737,0.0,-2.007368646619112,12.756007907815874,1.7796373780766326e+18,1.7796376046635958e+18
1779637600959177579,12.748,1.5825,1101.825,88.74730678704509,0.0,-22.953236440905986,12.718682669676127,1.779637349676771e+18,1.7796376072261635e+18
1779637601360026167,12.748,1.75,85.7,88.81572361765656,0.0,-21.330567883155197,12.720393090441414,1.77963731722644e+18,1.7796376101309524e+18
1779637602560880154,12.74,1.715,794.45,88.6627293500127,0.0,-22.81568400946107,12.716568233750317,1.779637274495807e+18,1.7796376138799946e+18
1779637603361744096,12.744,1.78,682.225,89.01083804524532,0.0,-17.25784276964306,12.725270951131133,1.7796372238511478e+18,1.779637618275694e+18
1779637603962125559,12.744,1.68,1353.675,87.90973328333862,0.0,-32.49593800776614,12.697743332083466,1.7796371511045955e+18,1.7796376245465892e+18
1779637604963246904,12.736,1.765,968.625,88.950641269222,0.0,-16.86234390478273,12.72376603173055,1.779637067240398e+18,1.7796376317092247e+18
1779637605363681637,12.74,1.765,1317.6,89.78001018872014,0.0,-4.405190523347618,12.744500254718004,1.7796369784630472e+18,1.779637639268194e+18
1779637605764047137,12.736,1.75,744.175,90.9890681769751,0.0,2.65494373801737,12.755494823205417,1.779636899538348e+18,1.7796376459700744e+18
1779637606164414512,12.74,1.7,632.625,91.71744398755227,0.0,5.455746445857153,12.759541355486402,1.7796368297060132e+18,1.7796376518852744e+18
1779637606564810523,12.736,1.78,292.2,94.54034393475709,0.0,14.95511469383969,12.775224132970873,1.779636831009202e+18,1.7796376517751378e+18
1779637606965232854,12.736,1.8,891.7,99.17261628268882,0.0,49.76518677852849,12.834523256537764,1.7796379650271977e+18,1.7796375727072297e+18
1779637608165847602,12.736,1.78,84.75,99.17887014130051,0.0,50.94734831169008,12.8357740282601,1.7796380215763174e+18,1.779637570267863e+18
1779637608566484548,12.736,0.715,258.625,89.41688056452215,0.0,-6.47745214004135,12.735422014113054,1.7796380072947896e+18,1.7796375708648033e+18
1779637608967210902,12.74,1.8325,789.25,89.47043751235029,0.0,-5.202814875059562,12.736760937808757,1.7796379963082258e+18,1.779637571326571e+18
1779637609367783686,12.732,1.75,770.175,89.4945976415309,0.0,-4.28020177780218,12.737364941038273,1.7796379885572472e+18,1.779637571626668e+18
1779637609768451058,12.732,1.65,711.975,89.49591321964583,0.0,-3.7091394632165104,12.737397830491146,1.7796379740450455e+18,1.7796375724876884e+18
1779637610169159642,12.732,1.865,534.375,89.53623541413535,0.0,-2.441155695256172,12.738405885353384,1.7796379328700774e+18,1.779637575473642e+18
1779637610569688159,12.736,1.9125,1630.775,89.55029700476238,0.0,-1.7542503394126785,12.73875742511906,1.7796378944660675e+18,1.7796375784495158e+18
1779637610970083482,12.732,1.73,61.525,89.49270775079711,0.0,-2.0321581641401925,12.737317693769928,1.7796378912261248e+18,1.779637578688389e+18
1779637611370799827,12.72,1.75,187.75,89.5491631429649,0.0,-0.555996857788793,12.738729078574123,1.7796378946691448e+18,1.7796375783988925e+18
1779637612172288742,12.728,1.715,572.95,89.48949371805611,0.17500000000000002,-0.8661897812677304,12.737237342951403,1.7796378997465551e+18,1.779637577984125e+18
1779637612572723244,12.724,1.7,110.1,89.46833108745373,0.0,-0.5215668325765617,12.736708277186343,1.7796378960976701e+18,1.7796375783343478e+18
1779637612972956349,12.732,1.73,335.975,89.5066854150015,0.0,0.5077796890817619,12.737667135375037,1.7796379037584207e+18,1.779637577701837e+18
1779637613373180819,12.724,1.715,1025.3,89.48989708914084,0.0,0.8244550574224366,12.737247427228521,1.7796379136972593e+18,1.7796375768544284e+18
1779637613773653413,12.72,1.6325,1490.55,89.41623280885281,0.0,0.30897885845940865,12.73540582022132,1.7796379258793134e+18,1.7796375757740682e+18
1779637614173999777,12.728,1.75,1271.975,89.30099704274916,0.0,-0.9101983794386372,12.732524926068729,1.7796379344665303e+18,1.779637575001905e+18
1779637614574654117,12.72,1.75,604.95,89.327198846605,0.0,0.12875104777702767,12.733179971165125,1.7796379054359365e+18,1.779637577830898e+18
1779637615375710220,12.72,1.65,634.0,89.25498456958678,0.0,-0.46039378646184465,12.73137461423967,1.7796378832001185e+18,1.7796375800863752e+18
1779637615776411717,12.72,1.765,296.4,89.31464984104267,0.0,0.9770984730350979,12.732866246026067,1.7796378771094986e+18,1.7796375808199767e+18
1779637616177106017,12.72,1.78,904.525,89.30148588995607,0.0,1.343911103319708,12.732537147248902,1.7796378753054595e+18,1.77963758114731e+18
1779637616577741146,12.716,1.78,1121.975,89.34927202030778,0.0,2.5099716402698884,12.733731800507694,1.7796378504101724e+18,1.7796375838220324e+18
1779637616978181135,12.72,1.68,147.175,89.33963271962746,0.0,2.842553759555263,12.733490817990686,1.7796378578098918e+18,1.7796375832551826e+18
1779637617578492948,12.716,1.8,449.125,89.39508846302701,0.0,4.118941513419594,12.734877211575675,1.779637870837218e+18,1.7796375821108378e+18
1779637617978804214,12.712,1.715,1370.6,89.34935676917341,0.0,4.1038670817024165,12.733733919229335,1.7796378870954476e+18,1.7796375805961134e+18
1779637618779115235,12.712,1.75,1126.25,89.38972993238004,0.0,5.259821013819099,12.7347432483095,1.7796379088099656e+18,1.779637578504736e+18
1779637619179623508,12.72,1.715,160.225,89.42952362087667,0.0,6.2294458914145565,12.735738090521917,1.7796379373369544e+18,1.779637575659753e+18
1779637619779940013,12.72,1.715,488.95,89.46157291129637,0.0,7.085799860396899,12.73653932278241,1.7796379750735626e+18,1.7796375717993398e+18
1779637620380535242,12.712,1.865,1276.875,87.34892953742325,0.0,-22.768328602561247,12.683723238435581,1.7796380094984776e+18,1.7796375678894636e+18
1779637620780875447,12.712,1.665,619.9,87.68409091934657,0.0,-17.400486455506393,12.692102272983664,1.7796380569628227e+18,1.779637562491061e+18
1779637621181294968,12.712,1.665,253.375,87.3283452123384,0.0,-22.091937905132298,12.68320863030846,1.779638116411821e+18,1.7796375555532372e+18
1779637621581615362,12.712,1.765,773.225,86.70926942759756,0.0,-30.456992831758306,12.667731735689939,1.7796381903932288e+18,1.779637546647584e+18
1779637621981860592,12.712,1.73,721.275,87.35277197691588,0.0,-20.829418869944853,12.683819299422897,1.7796383003885432e+18,1.779637533540605e+18
1779637622382220900,12.712,1.78,562.75,91.00266271816706,0.0,21.095079075050396,12.755570348434262,1.7796383346948608e+18,1.7796375303589606e+18
1779637623182980633,12.704,1.73,241.0,90.56734704807694,0.0,20.34528385105559,12.753151928044872,1.7796383519132393e+18,1.7796375290720522e+18
1779637623583253428,12.708,1.7,735.45,89.82009304649196,0.0,16.223811159338783,12.745502326162299,1.7796383199349248e+18,1.7796375332512164e+18
1779637623983519124,12.708,1.85,606.0,91.69073226691944,0.0,24.640053621374612,12.759392957038441,1.7796384821788321e+18,1.7796375155296924e+18
1779637624383843865,12.708,1.7,210.95,89.8477106508043,0.0,17.4011678117124,12.746192766270108,1.7796384574465106e+18,1.7796375188427308e+18
1779637624784521239,10.704,1.75,643.75,100.0,0.0,380.97246691786785,13.296210105322723,1.77963912951071e+18,1.779637448438395e+18
1779637625185232367,12.704,1.6325,326.15,100.0,0.0,398.60730424475815,13.32470701533446,1.7796182121695086e+18,1.7796396897857467e+18
1779637625586017522,12.704,1.715,995.325,100.0,0.0,354.32157508262475,13.248506822185927,1.7796361940945044e+18,1.7796377634980088e+18
1779637625986747267,12.7,1.815,1399.075,100.0,0.0,281.5062761506298,13.121718661087865,1.7796367956994122e+18,1.7796376988630208e+18
1779637626787871517,12.7,1.8325,1391.45,99.87217063145144,0.0,196.87342191428277,12.974434126290287,1.7796369886259274e+18,1.7796376778301458e+18
1779637627589596757,12.704,1.78,1320.425,95.20114569948194,0.0,84.72538860103609,12.778895253886011,1.7796370344685676e+18,1.7796376729014433e+18
1779637627990330087,12.704,1.765,752.8,96.15850800887861,0.0,88.13619541079575,12.78421393338266,1.7796370808432806e+18,1.7796376679028234e+18
1779637628792099034,12.704,1.78,372.55,98.00967224278224,0.0,94.38934122871697,12.794498179126569,1.779637144259805e+18,1.7796376612732795e+18
1779637629192743324,12.692,1.765,1136.925,99.15688789017918,0.0,116.08885595272461,12.831377578035836,1.7796371902541059e+18,1.7796376563079342e+18
1779637630394793084,12.692,1.715,479.65,89.97981481827885,0.0,69.78794510640657,12.749495370456971,1.77963713958642e+18,1.7796376614306742e+18
1779637630795359745,12.704,1.765,1463.775,99.13705945556428,0.0,114.73424823228301,12.827411891112856,1.7796371994648415e+18,1.7796376555296978e+18
1779637631596882163,12.7,1.68,1085.275,99.32823394481267,0.0,137.0124865114829,12.865646788962533,1.779637252997792e+18,1.7796376505447565e+18
1779637632397461016,12.692,1.9125,107.325,85.31955451706189,0.0,4.127241179871826,12.632988862926547,1.779637189254317e+18,1.7796376573693757e+18
1779637632797653935,12.696,1.715,327.525,84.71321873915556,0.0,-3.9791787160216896,12.61783046847889,1.7796371348338883e+18,1.7796376639248197e+18
1779637634198361215,12.7,1.815,1031.975,79.23287801563222,0.0,-79.37478763164133,12.484657560312645,1.77963703774941e+18,1.7796376761691384e+18
1779637634598707721,12.692,1.73,1510.925,86.8637421599589,0.0,27.651879320598656,12.671593553998973,1.7796370721175534e+18,1.779637675010107e+18
1779637634998952825,12.692,1.815,1334.175,77.35099164401628,0.0,-99.86912312492063,12.447019832880326,1.7796366038411233e+18,1.7796377251525243e+18
1779637635399348533,12.688,1.78,794.775,65.16764317056973,0.0,-223.7322385650316,12.227514647558547,1.7796398965225613e+18,1.7796373749758405e+18
1779637635799416946,12.692,1.815,787.05,61.32026033555791,0.0,-255.76450613639744,12.169803905033369,1.7796381291443802e+18,1.7796375635349028e+18
1779637636199673659,12.692,1.73,763.475,60.40278550801306,0.0,-263.11806738514764,12.156041782620196,1.779637911303685e+18,1.7796375871352159e+18
1779637636600178488,12.688,1.8,691.525,59.14688848771114,0.0,-270.71795583946033,12.141468884877112,1.7796378255795638e+18,1.7796375966692595e+18
1779637637000514209,12.688,1.765,471.95,52.50123081598606,0.0,-307.7951679076103,12.075012308159861,1.7796377732335475e+18,1.7796376026516204e+18
1779637637600879778,12.688,1.8,1440.275,34.89567894063258,0.0,-417.717505133782,11.878539505168856,1.7796377317549586e+18,1.7796376075048573e+18
1779637638401827806,12.684,1.815,136.725,38.65728136924148,0.0,-387.71035973443793,11.93120193916938,1.7796377105609316e+18,1.7796376102094605e+18
1779637638802619657,12.688,1.5975,417.25,62.657696928095746,0.0,-241.47359990845015,12.189865453921437,1.779637704722346e+18,1.7796376112179402e+18
1779637639604131964,12.684,1.73,609.075,88.45302232387482,0.0,9.330283726811238,12.71132555809687,1.7796377087397135e+18,1.7796376111187308e+18
1779637640004892600,12.684,1.665,220.325,86.83989325308715,0.0,-13.08615492534675,12.670997331327179,1.779637712187423e+18,1.7796376110785288e+18
1779637640405767329,12.68,1.5825,672.375,85.42024591187143,0.0,-32.761203345396844,12.635506147796786,1.77963771505807e+18,1.7796376111017736e+18
1779637640806488101,12.684,1.715,413.525,85.39953326587458,0.0,-32.76625347836375,12.634988331646865,1.7796377178719908e+18,1.7796376111310277e+18
1779637641207057343,12.68,1.78,1261.975,85.81274097344206,0.0,-26.454479694122753,12.645318524336052,1.779637720800844e+18,1.7796376111480248e+18
1779637641607891383,12.684,1.78,574.425,86.09947611863184,0.0,-21.907615996691387,12.652486902965796,1.7796377238586772e+18,1.779637611144035e+18
1779637642008688651,12.68,1.665,14.6,85.77160152269371,0.0,-26.09663250366314,12.644290038067343,1.7796377269819425e+18,1.7796376111075983e+18
1779637642409407042,12.688,1.75,349.725,85.98868356732098,0.0,-22.642311461668697,12.649717089183024,1.7796377302588818e+18,1.779637611042622e+18
1779637642810055482,12.676,1.715,1067.275,85.781960655301,0.0,-25.26269616540038,12.644549016382525,1.7796377334594235e+18,1.7796376109808827e+18
1779637643611691694,12.676,1.65,24.525,85.21286849990588,0.0,-33.09708354986664,12.630321712497647,1.7796377367708452e+18,1.7796376108848492e+18
1779637644012241127,12.672,1.7,74.825,85.06086793818085,0.0,-34.59473682287147,12.626521698454521,1.7796377400316303e+18,1.779637610787323e+18
1779637644412442176,12.672,1.865,228.325,85.57501314116195,0.0,-26.451886392532806,12.639375328529049,1.7796377438309978e+18,1.7796376105929132e+18
1779637644813160220,12.672,1.8325,696.775,86.50107067458727,0.0,-12.769152746271203,12.662526766864682,1.7796377483134006e+18,1.779637610295468e+18
1779637645213698265,12.668,1.8,487.975,86.74543572111631,0.0,-8.607945855747605,12.668635893027908,1.7796377534719677e+18,1.77963760986299e+18
1779637645614264795,12.676,1.815,1489.175,87.58142368733807,0.0,3.899749489877269,12.689535592183452,1.7796377595793446e+18,1.779637609273745e+18
1779637646014701381,12.668,1.78,1267.8,87.68396435135386,0.0,5.909075146507629,12.692099108783847,1.7796377663871767e+18,1.7796376085452498e+18
1779637646415344359,12.672,1.68,592.2,87.70300305095603,0.0,6.658875350515326,12.6925750762739,1.7796377719659328e+18,1.7796376081184082e+18
1779637646815890086,12.668,1.7,168.85,87.53003294544577,0.0,4.646960907557604,12.688250823636144,1.779637777905813e+18,1.7796376076047332e+18
1779637647416016760,12.668,1.8,1522.0,88.3694461688625,0.0,17.25719863347741,12.709236154221562,1.779637784908029e+18,1.7796376069454897e+18
1779637648216377172,12.664,1.715,897.925,88.0458536395696,0.0,13.257279722536634,12.70114634098924,1.7796377917703903e+18,1.7796376063381699e+18
1779637648616596326,12.664,1.73,1101.825,88.32488327120885,0.0,17.847033435163045,12.708122081780221,1.779637800108964e+18,1.7796376054436365e+18
1779637649016921140,12.672,1.8,85.7,88.59762226345076,0.0,22.122839566446327,12.714940556586269,1.7796378153447555e+18,1.7796376031011988e+18
1779637649817409417,12.648,1.8,798.1,89.86996363636358,0.0,41.339712918659316,12.74674909090909,1.7796378365699738e+18,1.779637599707535e+18
1779637650217709288,12.668,1.715,797.2,91.402883760854,0.0,48.17169136432067,12.757793798671411,1.779637865060312e+18,1.7796375950857495e+18
1779637650618027128,12.66,1.75,794.45,89.67094517930839,0.0,39.44250803327034,12.74177362948271,1.7796379036195617e+18,1.7796375883451515e+18
1779637651018372896,12.664,1.765,786.05,89.68303579813664,0.0,40.04356771149163,12.742075894953416,1.7796379485461317e+18,1.7796375805228905e+18
1779637651418658692,13.66,1.73,760.425,100.0,0.0,181.092840594457,13.027294569701093,1.7796382705495245e+18,1.77963752071958e+18
1779637652019066445,12.668,1.78,682.225,100.0,0.0,341.34275618374795,13.309083180212017,1.779629456282902e+18,1.7796391753308777e+18
1779637652419366109,12.66,1.7,443.575,100.0,0.0,312.1221789127635,13.256726845237267,1.7796371103903073e+18,1.7796377396718057e+18
1779637652819744911,12.668,1.715,1353.675,100.0,0.0,277.88230750130833,13.195539520512039,1.779637372497815e+18,1.7796376911125176e+18
1779637653220002872,12.66,1.8325,854.275,100.0,0.0,298.95040420603175,13.23206173792644,1.7796374627661117e+18,1.7796376747830006e+18
1779637653820669072,12.66,1.715,968.625,100.0,0.0,333.9105839289528,13.293158817861023,1.7796375030802614e+18,1.7796376676464545e+18
1779637654221305172,12.652,1.715,1817.6,100.0,0.0,300.0101988781273,13.231857868434474,1.7796375304051679e+18,1.779637663047785e+18
1779637654621993186,12.656,1.765,744.175,100.0,0.0,329.3857068697149,13.283182529849487,1.7796375501816778e+18,1.7796376599341212e+18
1779637655022259870,12.664,1.73,632.625,100.0,0.0,418.24056752752966,13.439892325259374,1.7796375653049866e+18,1.779637657723032e+18
1779637655623401301,12.66,1.8,292.2,100.0,0.0,493.8841264408982,13.574308723487707,1.7796375731084695e+18,1.7796376566751406e+18
1779637656023873511,12.652,1.75,891.7,100.0,0.0,527.8192248093637,13.63084725030013,1.7796375822555617e+18,1.7796376555830208e+18
1779637656825014048,12.652,1.665,27.775,100.0,0.0,372.53488881367883,13.35477880193506,1.7796375893677522e+18,1.7796376548666647e+18
1779637657225252761,12.656,1.85,84.75,100.0,0.0,375.3231206953144,13.359928575146123,1.779637592614902e+18,1.7796376546421834e+18
1779637657626023114,12.652,1.665,258.625,100.0,0.0,260.8545704763648,13.156865994594686,1.7796375954934333e+18,1.7796376544968138e+18
1779637658026410095,12.656,1.8,711.975,100.0,0.0,274.59030922186184,13.18058689311782,1.7796375968395604e+18,1.7796376545362417e+18
1779637658827221159,12.644,1.8,1630.775,100.0,0.0,365.32776617953783,13.339711582463456,1.7796375990659054e+18,1.7796376545510095e+18
1779637659227948660,12.652,1.765,61.525,100.0,0.0,421.37815360959576,13.438339419246597,1.7796375998522173e+18,1.7796376546915315e+18
1779637659628742084,12.652,1.765,187.75,100.0,0.0,420.7105201181158,13.435939328611022,1.779637598832382e+18,1.7796376549589893e+18
1779637660029461960,12.652,1.765,572.95,100.0,0.0,465.8158241839905,13.51544702669565,1.7796375969814136e+18,1.779637655272673e+18
1779637661030873691,12.648,1.78,335.975,100.0,0.0,505.05403746348566,13.584668427612105,1.7796375943631404e+18,1.779637655649348e+18
1779637661431267119,12.652,1.78,1025.3,100.0,0.0,517.5325790387541,13.605375455534148,1.7796375909390792e+18,1.779637656052122e+18
1779637662832212465,12.644,1.7,604.95,100.0,0.0,414.59645428737065,13.422811528266047,1.7796375846477622e+18,1.779637656617221e+18
1779637663232627805,12.64,1.765,207.75,100.0,0.0,458.32642916321,13.499218724109351,1.7796375705957253e+18,1.7796376574552218e+18
1779637663632823975,12.648,1.68,296.4,100.0,0.0,357.9849871393238,13.321747510979666,1.7796375506593324e+18,1.7796376584138079e+18
1779637664033077804,12.652,1.815,904.525,100.0,0.0,373.2462545740898,13.348738008893838,1.7796375358832658e+18,1.779637659124267e+18
1779637665034001498,12.644,1.665,147.175,84.75205941176469,0.0,-19.970588235293857,12.618801485294117,1.7796375235286303e+18,1.7796376606210176e+18
1779637665434190620,12.644,1.715,449.125,84.8596385277255,0.0,-17.912373022973334,12.621490963193137,1.779637507465907e+18,1.779637662346747e+18
1779637665834451410,12.644,1.73,1370.6,84.24396852486694,0.0,-26.333992841073442,12.606099213121674,1.7796374848710825e+18,1.7796376645213496e+18
1779637666635144066,12.64,1.265,1126.25,84.2192506033274,0.0,-26.31779499556001,12.605481265083185,1.7796374535782405e+18,1.779637667335925e+18
1779637667035518521,12.648,1.7,160.025,84.3563100638498,0.0,-24.135037897642658,12.608907751596245,1.7796374113773627e+18,1.779637670961842e+18
1779637667435795820,12.636,1.5825,488.95,83.96055481727565,0.0,-29.401993355481554,12.599013870431891,1.779637348460779e+18,1.7796376761510108e+18
1779637668236870468,12.64,1.7,1276.875,83.89832457918708,0.0,-30.037726333112733,12.597458114479677,1.7796372382539302e+18,1.7796376848123034e+18
1779637668637693273,12.636,1.5975,619.9,83.69794087926032,0.0,-32.61234999911846,12.592448521981508,1.7796370147598492e+18,1.7796377018792604e+18
1779637669038235078,12.644,1.75,250.875,83.76107133367825,0.0,-31.209577980185983,12.594026783341956,1.779636302455194e+18,1.779637754998692e+18
1779637669438721605,12.636,1.75,773.225,84.02359599107307,0.0,-26.851694055592034,12.600589899776827,1.7796524050363548e+18,1.779636569830162e+18
1779637669839286488,12.636,1.7,721.275,84.01674048832199,0.0,-26.609057188277227,12.60041851220805,1.7796388129306017e+18,1.7796375712615076e+18
1779637670239886655,12.636,1.75,562.75,83.99867768595023,0.0,-26.446280991736394,12.599966942148756,1.779638271634295e+18,1.7796376115845704e+18
1779637670640477357,12.632,1.73,78.975,84.27460138646651,0.0,-21.921435876347875,12.606865034661663,1.779638087431736e+18,1.7796376255890598e+18
1779637671241321848,12.632,1.75,241.0,84.2627481872519,0.0,-21.583700536624775,12.606568704681298,1.779637990218298e+18,1.7796376332178857e+18
1779637671642149605,12.636,1.7,735.45,84.45873502984625,0.0,-18.297203895690334,12.611468375746156,1.779637933000677e+18,1.7796376378818115e+18
1779637672042754962,12.632,1.75,606.0,84.55843025256492,0.0,-16.576344481754635,12.613960756314123,1.7796378934599657e+18,1.7796376412707523e+18
1779637672443609526,12.428,1.8975,210.95,99.1765120651936,0.0,118.05201486514306,12.835302413038722,1.7796378964172347e+18,1.779637642209123e+18
1779637673044488666,12.632,1.73,326.15,99.21029578755942,0.0,122.56807854955885,12.842059157511883,1.779637897814972e+18,1.7796376432840701e+18
1779637673445101924,12.622,1.73,995.325,99.25078301484426,0.0,128.11039096801474,12.850156602968852,1.7796379002498944e+18,1.7796376442421138e+18
1779637673845756007,12.636,1.765,1399.075,99.28201553995932,0.0,132.0938626335649,12.856403107991863,1.779637901392887e+18,1.779637645303595e+18
1779637674246092375,12.632,1.665,992.575,99.3384745148343,0.0,139.54964067801262,12.86769490296686,1.7796379016207194e+18,1.7796376464122163e+18
1779637674646669397,12.632,1.78,1391.45,99.30912534415664,0.0,136.12954516924998,12.861825068831328,1.7796379007368435e+18,1.7796376475694205e+18
1779637675247439665,12.632,1.665,969.55,99.33447140870591,0.0,139.6148497745611,12.866894281741182,1.7796379033400476e+18,1.779637648440394e+18
1779637675648041934,12.628,1.765,1320.425,99.3086479415243,0.0,136.77799888906762,12.86172958830486,1.7796379084204572e+18,1.7796376490917857e+18
1779637676048830712,12.624,1.68,752.8,99.42485946227684,0.0,151.5388958867227,12.884971892455368,1.7796379077809062e+18,1.779637650177519e+18
1779637676449686959,12.628,1.65,658.95,99.39939596497028,0.0,148.97299429028587,12.879879192994057,1.7796379055098675e+18,1.779637651341831e+18
1779637676850419364,12.628,1.8,372.55,99.36038946282551,0.0,144.4712573035301,12.872077892565102,1.779637931992535e+18,1.7796376504095846e+18
1779637677650762409,12.628,1.715,192.8,99.37250718572807,0.0,146.32139375439974,12.874501437145614,1.7796379667011346e+18,1.7796376490315105e+18
1779637678051073231,12.624,1.715,588.375,100.0,0.0,375.01434643725855,13.27000718591458,1.779638014724371e+18,1.7796376469721234e+18
1779637678451303091,12.628,1.665,157.175,100.0,0.0,362.59256144791954,13.247325390897402,1.779638080602594e+18,1.7796376439501204e+18
1779637678851682575,12.624,1.665,479.65,100.0,0.0,411.12607077554395,13.331645769517944,1.779638177368588e+18,1.7796376392628744e+18
1779637679251996174,12.624,1.73,1463.775,100.0,0.0,408.81592875348963,13.327516897985268,1.7796383343984333e+18,1.7796376313224963e+18
1779637679652217123,12.62,1.7,1190.275,100.0,0.0,476.6328222732962,13.445733853606024,1.7796386358255818e+18,1.77963761559725e+18
1779637680052798569,12.62,1.78,355.625,100.0,0.0,469.9024472764183,13.433708321585652,1.779639460728284e+18,1.77963757164998e+18
1779637680453168070,12.624,1.765,1085.275,100.0,0.0,467.1923543097499,13.428822615249567,1.7796518081718226e+18,1.7796369064905134e+18
1779637680853423463,12.62,1.765,35.175,100.0,0.0,459.3964487175935,13.415892468113489,1.779635326705838e+18,1.7796377955735237e+18
1779637681253882986,12.624,1.815,327.525,100.0,0.0,421.17424774354913,13.350295202410285,1.7796366070400983e+18,1.7796377270685217e+18
1779637681653914132,12.62,1.665,999.525,100.0,0.0,397.3477548660613,13.30744551575448,1.779636985750043e+18,1.7796377071643041e+18
1779637682254650680,12.62,1.815,1411.9,100.0,0.0,370.47470939013465,13.26137657332094,1.7796371707946038e+18,1.7796376977052703e+18
1779637682654749458,12.62,1.665,1031.975,100.0,0.0,350.80645161290255,13.226122983870965,1.7796372806239232e+18,1.7796376923012838e+18
1779637683255181915,12.62,1.73,1510.925,100.0,0.0,354.52094387646804,13.231798439454753,1.7796373535876867e+18,1.7796376888889567e+18
1779637683655407228,12.612,1.8325,1334.175,86.56761744253956,0.0,22.721482031952878,12.664190436063489,1.779637348128372e+18,1.7796376906471183e+18
1779637684055708353,12.62,1.7,794.775,86.40854695248315,0.0,20.714716763307617,12.660213673812079,1.7796373455396078e+18,1.7796376922853778e+18
1779637684455966267,12.612,1.715,787.05,86.23571516444436,0.0,18.45332356136758,12.655892879111109,1.7796373461294776e+18,1.7796376937603679e+18
1779637684856377495,12.616,1.68,763.475,86.29886442040821,0.0,19.86875210748859,12.657471610510205,1.7796373513825828e+18,1.779637694928467e+18
1779637685257008439,12.616,1.73,691.525,85.84413764906301,0.0,13.628620102216098,12.646103441226575,1.779637354557535e+18,1.7796376962364188e+18
1779637686058515786,12.616,1.715,1440.275,86.29881766422066,0.0,20.610146446474285,12.657470441605517,1.779637361664422e+18,1.7796376972254932e+18
1779637687259963987,12.608,1.7,417.25,85.31979937563804,0.0,6.9715486247780225,12.632994984390951,1.7796373555080174e+18,1.779637699244091e+18
1779637687860873536,12.616,1.65,1273.325,85.22478258433196,0.0,5.889274907535794,12.630619564608299,1.7796373516963648e+18,1.7796377011399186e+18
1779637688261625066,12.608,1.8,609.075,85.87174414893738,0.0,15.611702127675978,12.646793603723435,1.7796373563192e+18,1.7796377023305605e+18
1779637688862216575,12.616,1.765,220.325,85.40714129244222,0.0,9.137850101700874,12.635178532311055,1.77963736125273e+18,1.779637703512156e+18
1779637689663723366,12.604,1.7,413.525,85.63035888749404,0.0,12.94596270473662,12.640758972187351,1.779637249911545e+18,1.7796377134618703e+18
1779637690064087256,12.608,1.6325,1261.975,84.53958996135363,0.0,-2.3844129052992633,12.61348974903384,1.7796369988647025e+18,1.7796377354327987e+18
1779637690665031798,12.604,1.75,574.425,84.75824681066072,0.0,1.2498088723164877,12.618956170266518,1.7796359938839775e+18,1.7796378214897554e+18
1779637692667492231,12.6,1.73,24.525,84.07346430296087,0.0,-8.012149800885746,12.601836607574022,1.7796405564004045e+18,1.7796374332891666e+18
1779637693468155711,12.6,1.78,228.325,84.20420613113123,0.0,-5.550015424681815,12.60510515327828,1.7796384913540198e+18,1.7796376098034307e+18
1779637694268751208,12.6,1.73,487.975,84.1085346553124,0.0,-6.376491351414286,12.60271336638281,1.7796381565084257e+18,1.779637638937553e+18
1779637694669076727,12.6,1.75,1489.175,84.07062763693972,0.0,-6.4542833697559185,12.601765690923493,1.7796380250936904e+18,1.7796376507128287e+18
1779637695069512651,12.6,1.815,1267.8,85.33337339442667,0.0,12.198602869382468,12.633334334860667,1.7796379586548078e+18,1.7796376570394527e+18
1779637695469787282,12.6,1.715,592.2,85.43436160189273,0.0,14.222540112654077,12.635859040047318,1.779637915862404e+18,1.7796376613211574e+18
1779637695870080655,12.604,1.665,167.85,85.22037561709823,0.0,11.532772821978222,12.630509390427456,1.7796378855451459e+18,1.7796376644986893e+18
1779637697070939967,12.596,1.7,1522.0,86.09098877265467,0.0,24.828842636432203,12.652274719316367,1.7796378652043612e+18,1.7796376668765025e+18
1779637697471244591,12.596,1.715,1367.775,85.2841048801136,0.0,13.676830710306461,12.63210262200284,1.7796378478669704e+18,1.7796376689544783e+18
1779637697871592778,12.592,1.665,897.925,85.48426338166088,0.0,17.282468360166426,12.637106584541522,1.7796378344543954e+18,1.7796376706931776e+18
1779637698271850308,12.596,1.6325,1101.825,83.58767468324459,0.0,-9.71459556886167,12.589691867081115,1.7796378217870318e+18,1.779637672298306e+18
1779637699472678198,12.592,1.65,798.1,82.82246740908441,0.0,-20.22386833627745,12.57056168522711,1.7796378114509501e+18,1.7796376737019666e+18
1779637699873096936,12.592,1.8325,797.2,85.06251083982775,0.0,12.863500317876026,12.626562770995694,1.779637804532027e+18,1.7796376748857382e+18
1779637700273537721,12.592,1.8,786.05,85.55037590238172,0.0,20.572672493489492,12.638759397559543,1.7796378066112883e+18,1.7796376749221368e+18
1779637700674050820,12.592,1.815,760.425,86.14704384623998,0.0,29.6376738887938,12.653676096156,1.7796378093826785e+18,1.7796376748963697e+18
1779637701074492324,12.592,1.665,682.225,85.09837806510689,0.0,14.998811917911038,12.627459451627672,1.7796378115669402e+18,1.7796376748774904e+18
1779637701875409350,12.588,1.68,1353.675,84.67235202960822,0.0,9.481912049362574,12.616808800740205,1.7796378139364815e+18,1.7796376748222894e+18
1779637702276043161,12.592,1.75,854.275,84.7015584283902,0.0,10.454865511899376,12.617538960709755,1.779637816567536e+18,1.7796376747248632e+18
1779637702676523118,10.588,1.8325,968.625,100.0,0.0,2105.6495185583854,16.158966887683736,1.7796378323519974e+18,1.7796376737764086e+18
1779637703077046582,12.192,1.8,1317.6,100.0,0.0,2283.857050406267,16.46379521104479,1.779637851430251e+18,1.779637672499734e+18
1779637703878279818,12.592,1.68,632.625,100.0,0.0,2452.551688039786,16.74403442030883,1.7796378758393085e+18,1.7796376707087808e+18
1779637704278964150,12.584,1.73,292.2,100.0,0.0,2528.838951310857,16.871191011235947,1.7796379072261711e+18,1.779637668227224e+18
1779637704679704135,12.596,1.665,891.7,100.0,0.0,2478.662410575916,16.780665715546725,1.7796379491379663e+18,1.7796376647123471e+18
1779637705080014506,12.584,1.815,1082.85,100.0,0.0,2358.0123896138252,16.588532489785173,1.7796380084346255e+18,1.7796376594914765e+18
1779637705280363664,12.584,1.7,27.775,100.0,0.0,2385.369039843241,16.630411861528412,1.7796380981842465e+18,1.779637651265089e+18
1779637705680951193,12.584,1.75,84.75,100.0,0.0,2359.788062080939,16.58734064800489,1.7796382621683028e+18,1.7796376356558513e+18
1779637706081676944,12.588,1.765,258.625,100.0,0.0,2409.6596034245335,16.671857194853693,1.779638641374526e+18,1.7796375987788526e+18
1779637706882780710,12.592,1.815,770.175,100.0,0.0,2175.006789218234,16.272349286761774,1.7796406043000159e+18,1.7796374054109094e+18
1779637708083232457,12.584,1.75,534.375,100.0,0.0,2177.2030395947263,16.275522197040406,1.7796350943663055e+18,1.7796379505113577e+18
1779637708483326483,12.584,1.75,1630.775,100.0,0.0,2393.330703484549,16.643878774490464,1.7796367927778373e+18,1.7796377832993272e+18
1779637708883492743,12.5,1.68,61.525,100.0,0.0,2316.9434091876105,16.50421767905386,1.7796371500100808e+18,1.7796377486196099e+18
1779637709283704652,12.588,1.75,187.75,100.0,0.0,2327.575554063135,16.529907374076565,1.7796373060765711e+18,1.7796377338186363e+18
1779637709683906203,12.58,1.78,572.95,100.0,0.0,2232.7661144167673,16.371870443136427,1.7796373942179484e+18,1.7796377257298708e+18
1779637710084232224,12.58,1.78,110.1,100.0,0.0,2143.208308862826,16.221088628222837,1.7796374512863022e+18,1.7796377207116652e+18
1779637710484592673,12.584,1.715,335.975,100.0,0.0,2208.6108108410663,16.339071226539225,1.7796374915597327e+18,1.7796377173531064e+18
1779637710884920390,12.58,1.6325,1025.3,100.0,0.0,2188.7522893644864,16.303811866049106,1.779637521273582e+18,1.779637715033701e+18
1779637712486132458,12.572,1.75,207.75,100.0,0.0,2307.190365471272,16.518713725587947,1.779637543989832e+18,1.7796377134316644e+18
1779637712886340764,12.576,1.715,634.0,100.0,0.0,2681.2011954768086,17.158981203237882,1.7796375620027172e+18,1.7796377122900874e+18
1779637713287092516,12.58,1.665,296.4,100.0,0.0,2787.10258942359,17.327994618346658,1.779637566453294e+18,1.7796377120673032e+18
1779637713888270825,12.58,1.78,902.025,100.0,0.0,3013.7793920319214,17.717078268689015,1.7796375703744294e+18,1.7796377119198623e+18
1779637714289010049,12.536,1.78,1121.975,100.0,0.0,3025.8154727115225,17.749649248707126,1.7796375739332892e+18,1.7796377118233096e+18
1779637714689668353,12.572,1.75,147.175,100.0,0.0,3090.7999968667446,17.870762554538103,1.7796375773697326e+18,1.779637711760533e+18
1779637715090278604,12.576,1.7,449.125,100.0,0.0,3082.876822040677,17.85014512253722,1.7796375803203471e+18,1.7796377117457047e+18
1779637715490877152,12.176,1.85,1370.6,100.0,0.0,920.8093741400149,14.149717848814486,1.7796375831716257e+18,1.7796377117604413e+18
1779637717494139020,12.58,1.75,1492.15,100.0,0.0,639.4356325516918,13.67383405707668,1.7796375835308657e+18,1.7796377119727089e+18
1779637718495476512,12.572,1.78,619.9,100.0,0.0,626.3426665191157,13.652758976142684,1.7796375831236198e+18,1.7796377122476746e+18
1779637718896133278,12.572,1.665,253.375,100.0,0.0,582.0817779321333,13.573578999913227,1.7796375830864947e+18,1.7796377125101944e+18
1779637719296469338,12.564,1.765,773.225,100.0,0.0,587.2033283953712,13.58356596904844,1.779637582437769e+18,1.7796377127948403e+18
1779637719697186750,12.572,1.865,721.275,100.0,0.0,513.6877952323534,13.455806684609488,1.779637581507861e+18,1.7796377130893673e+18
1779637720097988551,12.572,1.815,562.75,100.0,0.0,471.6389115901444,13.384024209214768,1.7796375795037757e+18,1.7796377134108452e+18
1779637720498831392,12.568,1.75,241.0,100.0,0.0,471.23162872952054,13.382670690371247,1.7796375772124326e+18,1.779637713735702e+18
1779637720899527901,12.568,1.665,735.45,100.0,0.0,448.45321669670966,13.340171377464173,1.7796375728789683e+18,1.7796377140997627e+18
1779637722101448772,12.568,1.73,643.75,100.0,0.0,509.24173687621874,13.443732209980562,1.77963756707322e+18,1.779637714518344e+18
1779637722901766205,12.572,1.68,995.325,100.0,0.0,500.12826204923465,13.42595339401115,1.7796375597590354e+18,1.7796377149633257e+18
1779637724102728829,12.572,1.615,992.825,100.0,0.0,446.6311670247845,13.329885695305137,1.7796375504614525e+18,1.779637715457959e+18
1779637724503178040,12.568,1.665,1391.45,100.0,0.0,478.60021986075947,13.387826401612319,1.7796375412669565e+18,1.7796377159298918e+18
1779637724903289001,12.56,1.765,969.55,100.0,0.0,478.9208102013395,13.387550202752587,1.7796375307875387e+18,1.779637716395057e+18
1779637725303531990,12.496,2.75,1320.425,89.02821743054496,0.0,97.49616120986182,12.725705435763624,1.7796374991618028e+18,1.7796377179828564e+18
1779637725703613967,12.324,5.4,752.8,86.72788474271854,0.0,65.52274523046246,12.668197118567964,1.779637450590602e+18,1.7796377202704166e+18
1779637726504182663,11.9,12.2675,372.55,86.44084001547576,0.0,62.33176788509513,12.661021000386894,1.7796373675847462e+18,1.7796377237403438e+18
1779637727704863400,11.516,19.3175,588.375,86.1935621172622,0.0,59.80161767283915,12.654839052931555,1.779637202022121e+18,1.7796377301416735e+18
1779637728105005472,11.476,19.3325,157.175,86.19480735302048,0.0,60.28464407640155,12.654870183825512,1.7796366792277827e+18,1.779637748644237e+18
1779637728505356467,11.916,10.8475,279.65,86.1428929880249,0.0,61.03261891710149,12.653572324700622,1.7797653115188895e+18,1.7796333658103378e+18
1779637728905647271,12.096,7.5125,1463.775,85.99953652843666,0.0,61.37742439185478,12.649988413210917,1.7796388458464842e+18,1.7796376755038612e+18
1779637729506055518,11.452,19.465,355.625,85.913109910488,0.0,61.28668941596742,12.6478277477622,1.7796382919460416e+18,1.779637694903817e+18
1779637729906681832,11.596,16.0175,1085.275,85.97171808216622,0.0,62.026178235886974,12.649292952054155,1.7796381082127703e+18,1.779637701691953e+18
1779637730307171989,11.54,17.185,35.175,85.92754980889133,0.0,62.32729423045695,12.648188745222283,1.779638010546412e+18,1.7796377056404122e+18
1779637730908360689,11.264,21.9325,107.325,85.86206278268143,0.0,62.38417823925207,12.646551569567036,1.7796379524411973e+18,1.7796377082436762e+18
1779637731308716392,11.852,10.05,327.525,86.7113182236686,0.0,64.24364537031444,12.667782955591715,1.7796379150949445e+18,1.7796377101632689e+18
1779637731709391681,12.328,1.9475,999.525,86.02987032885004,0.0,63.23386073291344,12.650746758221251,1.779637905143549e+18,1.7796377105289564e+18
1779637732110305533,12.332,1.9825,1411.9,85.3830140962448,0.0,62.27655279493508,12.63457535240612,1.7796378958795497e+18,1.7796377109022787e+18
1779637732511111142,12.348,2.0175,1031.975,84.80554579493372,0.0,61.419370464193236,12.620138644873343,1.7796378876846991e+18,1.7796377112591442e+18
1779637732911939786,12.168,1.715,1334.175,83.64493452230107,3.7975,59.65828742208516,12.591123363057527,1.779637879515332e+18,1.7796377116281853e+18
1779637733312806137,11.576,16.0325,794.775,83.3817780918023,3.7975,59.58969358071966,12.584544452295058,1.7796378722747215e+18,1.7796377120002724e+18
1779637733713222798,11.288,21.4975,787.05,83.09137436750042,3.7975,59.26854512954147,12.57728435918751,1.7796378657706624e+18,1.7796377123764342e+18
1779637734714910786,11.212,22.415,691.525,82.81587484162046,3.7975,59.097690940609596,12.570396871040511,1.7796378599583032e+18,1.7796377127698117e+18
1779637735515907990,10.952,27.5475,1440.275,82.43701273875743,4.095,58.531669580704666,12.560925318468936,1.779637854752535e+18,1.779637713168018e+18
1779637736317234712,10.944,27.33,136.725,82.04680206214888,4.095,58.125567656844616,12.551170051553722,1.7796378500773868e+18,1.7796377135703452e+18
1779637737118414680,10.816,29.815,1273.325,81.55407787944945,5.6175,57.5391485404313,12.538851946986236,1.77963784609512e+18,1.7796377139497293e+18
1779637737518647325,11.148,22.9825,609.075,81.01999445931675,5.6175,57.13048075669182,12.525499861482919,1.7796378428005816e+18,1.7796377142816146e+18
1779637737918975925,11.864,7.215,220.325,79.36818302284517,5.6175,55.49486490564974,12.487363660456904,1.7796378390206308e+18,1.7796377146366758e+18
1779637738319155600,12.152,2.4175,672.375,77.12381820043248,6.859999999999999,53.332302860194794,12.44247636400865,1.7796378345918595e+18,1.7796377150244134e+18
1779637738919534558,12.152,2.9175,413.525,75.1778337882044,6.859999999999999,51.49474851394783,12.403556675764088,1.7796378299126047e+18,1.7796377154379848e+18
1779637739519972723,10.572,35.5475,1261.975,74.17524079790239,6.859999999999999,50.695044225072095,12.383504815958048,1.779637825507896e+18,1.779637715860606e+18
1779637739920227688,10.904,27.415,574.425,73.89895484212995,6.9125000000000005,50.92425226093492,12.3779790968426,1.7796378215945754e+18,1.7796377162812646e+18
1779637740920879744,10.792,29.815,349.725,73.91367521570062,6.9125000000000005,51.41260473095537,12.378273504314013,1.7796378183701194e+18,1.7796377166906683e+18
1779637741321323079,10.68,31.635,1067.275,73.9646284007347,7.49,51.86768178677557,12.379292568014694,1.7796378155686008e+18,1.779637717094627e+18
1779637741721997054,10.636,32.8175,1618.65,73.67548195719253,7.49,51.858290304983335,12.373509639143851,1.779637813574827e+18,1.7796377174061064e+18
1779637742522633129,11.608,11.4325,74.825,72.47071424966406,8.592500000000001,51.13819067388772,12.349414284993282,1.779637811615393e+18,1.7796377177239148e+18
1779637744525715033,12.14,1.78,1267.8,71.64125015589924,9.8525,50.66978009245219,12.332825003117986,1.7796378102388416e+18,1.7796377180104159e+18
1779637744926354994,10.824,29.265,592.2,71.48989927485879,9.8525,50.727202160323486,12.329797985497176,1.7796378091532498e+18,1.7796377182694733e+18
1779637745327053636,11.692,10.2825,168.85,70.89607190973027,9.887500000000001,50.49740220533772,12.317921438194606,1.779637808110968e+18,1.779637718527397e+18
1779637745928230164,12.096,2.4825,1572.475,70.36137407332646,10.36,50.21185811471346,12.30722748146653,1.7796378071971566e+18,1.7796377187762696e+18
1779637746328856481,12.112,2.4675,1522.0,69.80270899390078,10.36,49.87931368877665,12.297040634908512,1.779637806325475e+18,1.779637719022836e+18
1779637746729665831,12.124,2.285,1367.975,68.56202228910671,10.465,49.18944793831735,12.278430334336601,1.7796378053071409e+18,1.779637719285642e+18
1779637747330045484,12.128,2.5475,897.925,67.38943490423645,10.465,48.53666461655721,12.260841523563547,1.7796378048070126e+18,1.7796377194176412e+18
1779637747730961944,11.84,8.9475,1101.825,66.16240815470553,10.395000000000001,47.83405720343052,12.242436122320584,1.7796378043872008e+18,1.779637719505655e+18
1779637748131745643,10.72,31.7,85.7,66.11454222591364,10.395000000000001,47.824402130592325,12.241718133388705,1.7796378041860014e+18,1.7796377195570542e+18
1779637749132933728,10.212,42.9,794.45,65.66834680453044,11.6025,47.63562473957301,12.235025202067957,1.7796378042744973e+18,1.7796377195570284e+18
1779637749533765717,10.252,41.5475,786.05,65.51829236358435,12.3375,47.68615792853295,12.232774385453766,1.7796378045385943e+18,1.779637719513895e+18
1779637750334706765,10.244,41.415,682.225,65.45617947233053,13.0025,47.762505593942976,12.231842692084959,1.779637805131057e+18,1.7796377193984824e+18
1779637751135734984,12.068,1.8,1353.675,64.90407460347873,13.58,47.56849150575033,12.223561119052182,1.7796378059336108e+18,1.7796377192187574e+18
1779637751536492346,12.076,2.0675,854.275,64.58768379659749,13.4925,47.4610320006675,12.218815256948963,1.779637806889997e+18,1.7796377189766482e+18
1779637751937267032,12.092,2.0325,968.625,64.41427169361408,13.4925,47.40855916931889,12.216214075404212,1.7796378082398397e+18,1.7796377185866465e+18
1779637752337380840,11.98,4.05,1317.6,64.16485535184906,13.282499999999999,47.34013994469741,12.212472830277736,1.7796378098939244e+18,1.7796377180667748e+18
1779637753137960727,10.508,36.0175,632.625,64.19628167400448,13.09,47.34989916873667,12.212944225110068,1.779637812154438e+18,1.77963771732538e+18
1779637753538403948,10.528,35.765,891.7,63.86939136544566,13.3525,47.18515235631912,12.208040870481685,1.779637814710321e+18,1.7796377164334723e+18
1779637754339148350,11.942,3.65,27.775,62.84676783674875,13.9125,46.74406186335817,12.192701517551232,1.7796378175457825e+18,1.779637715374703e+18
1779637755339824186,10.716,32.1,789.25,62.87705503840408,14.227500000000001,46.80494778474022,12.193155825576062,1.7796378178565804e+18,1.779637715361558e+18
1779637755740042901,10.98,25.915,770.175,62.8820338282756,14.2975,46.796536846386545,12.193230507424135,1.7796378176906465e+18,1.7796377155612344e+18
1779637756540661930,10.276,40.515,534.375,62.91903296318972,14.77,46.85759814249812,12.193785494447846,1.7796378178981284e+18,1.779637715649192e+18
1779637757141119786,10.688,31.6,1630.775,62.91997425561719,15.400000000000002,46.845014942643516,12.193799613834258,1.779637818507525e+18,1.7796377155888225e+18
1779637757541536932,10.736,30.2825,61.525,62.901864885083675,15.855,46.87020429065431,12.193527973276256,1.7796378192495657e+18,1.7796377154731203e+18
1779637757941674610,10.712,31.8825,187.75,63.12221802798937,16.38,46.91086016080437,12.196833270419841,1.7796378201923704e+18,1.7796377152822252e+18
1779637758342229788,10.48,36.5175,572.95,62.93848943437543,16.38,46.83829093907163,12.194077341515632,1.7796378211858412e+18,1.7796377150575634e+18
1779637758743001442,10.284,41.265,160.1,62.90207629981887,16.537499999999998,46.772401436128916,12.193531144497284,1.7796378223597238e+18,1.7796377147459397e+18
1779637759143513299,10.028,43.0325,335.975,63.281860589428945,16.852500000000003,47.25018523628129,12.199227908841435,1.7796378238548872e+18,1.7796377143016868e+18
1779637759543934414,10.244,43.165,1025.3,63.021640830167975,17.22,46.97748510085937,12.19532461245252,1.779637825453722e+18,1.7796377137860332e+18
1779637760545905214,11.736,7.9825,1271.975,62.17528632541998,17.5175,46.65466800116353,12.1826292948813,1.7796378272576914e+18,1.7796377131477914e+18
1779637760946809181,12.0,2.75,604.95,61.33253091210683,17.465,46.31074884369168,12.169987963681603,1.7796378292996424e+18,1.779637712324814e+18
1779637761347367320,12.06,2.18,207.75,60.633443955465054,17.290000000000003,46.02553855107157,12.159501659331976,1.7796378311673567e+18,1.7796377115342605e+18
1779637761748167205,11.672,11.3825,634.0,60.236124584211574,17.290000000000003,45.876276784166514,12.153541868763174,1.779637832982563e+18,1.779637710737053e+18
1779637762148786837,11.312,19.865,296.4,60.48408207596218,17.115,45.948095047223845,12.157261231139433,1.7796378350337162e+18,1.7796377098275118e+18
1779637762549603582,10.688,32.85,904.525,60.55657911647238,16.9925,45.969644413804474,12.158348686747086,1.7796378370183772e+18,1.779637708951989e+18
1779637762950294412,10.632,34.0475,1121.975,60.563100652295745,17.2375,45.9144677841733,12.158446509784437,1.779637839287288e+18,1.7796377079176742e+18
1779637763351037037,10.756,31.15,147.175,60.5512789095872,17.465,45.83718769081071,12.158269183643808,1.7796378418752556e+18,1.7796377067005693e+18
1779637763751806858,10.7,32.6975,449.125,60.634023134743224,17.465,45.809168053563674,12.159510347021149,1.7796378450642022e+18,1.7796377051421893e+18
1779637764553145103,10.62,33.1475,905.925,60.50881215111147,17.92,45.786402345257095,12.157632182266672,1.779637848918211e+18,1.7796377032074522e+18
1779637765353956171,11.004,25.9,160.225,60.25400863115846,18.235,45.63654900880139,12.153810129467377,1.7796378534556255e+18,1.7796377008630275e+18
1779637765754776658,11.464,15.18,487.95,60.13152668672838,18.305,45.58093312308786,12.151972900300926,1.7796378585863762e+18,1.779637698133745e+18
1779637766155533352,11.76,8.7,1492.15,60.17371981894835,18.305,45.594673377130476,12.152605797284226,1.7796378644598126e+18,1.7796376949484454e+18
1779637766556365288,11.848,6.815,1276.875,60.240203511198565,18.147499999999997,45.63453612943169,12.153603052667979,1.779637870308856e+18,1.7796376917548022e+18
1779637766956793072,11.032,8.0675,619.9,50.50456816948614,17.92,42.84351427267774,12.055045681694862,1.7796378672430257e+18,1.7796376928369024e+18
1779637767357050319,11.076,23.7825,253.375,50.69878413727924,17.5525,42.91586309095352,12.056987841372793,1.7796378636307008e+18,1.779637694391578e+18
1779637767957488166,12.032,3.3975,721.275,52.351936889257374,17.22,43.46362434872973,12.073519368892574,1.7796378612699592e+18,1.7796376954552492e+18
1779637768357753129,12.052,3.2,562.75,53.723315239025574,17.22,43.80006563325797,12.087233152390256,1.7796378602071834e+18,1.7796376959069783e+18
1779637768758056000,12.06,3.3975,78.975,55.131340160797414,16.8175,44.204238417684664,12.101313401607975,1.7796378608528883e+18,1.7796376954391703e+18
1779637769158248640,12.1,2.6,241.0,56.35959532708521,16.555,44.53446115351151,12.113595953270853,1.779637862915687e+18,1.7796376941858609e+18
1779637769558630840,11.544,14.4,735.45,56.798518907559114,16.555,44.64996430955553,12.117985189075592,1.7796378656638405e+18,1.7796376925263334e+18
1779637769958941106,11.148,23.7975,606.0,56.97299459716592,16.2575,44.53109493744952,12.11972994597166,1.7796378682775165e+18,1.7796376909657183e+18
1779637770359239380,10.824,30.7975,210.95,56.90255848866886,16.310000000000002,44.334061238608506,12.119025584886689,1.7796378713226647e+18,1.7796376890931018e+18
1779637770759368603,10.092,47.85,643.75,55.16839322847249,16.625,42.818143811039626,12.101683932284725,1.7796378733053514e+18,1.7796376877392453e+18
1779637771559701628,11.356,17.2,1399.075,55.06400758714422,17.7625,42.75874169255823,12.100640075871443,1.7796378754316252e+18,1.7796376863026644e+18
1779637771960113599,11.968,3.965,992.825,55.606923855936884,32.165,42.93070450898224,12.10606923855937,1.779637878255478e+18,1.7796376844463432e+18
1779637772360511594,12.1,2.15,1391.45,56.38006417459016,18.287499999999998,43.202171038145714,12.113800641745902,1.7796378819715382e+18,1.779637682056846e+18
1779637772760794531,12.132,1.8325,969.55,56.98295623240742,18.3225,43.41609539188752,12.119829562324075,1.7796378856458022e+18,1.7796376797642972e+18
1779637773161218944,12.0,4.2825,1320.425,57.29214021754799,18.3225,43.549600251435976,12.12292140217548,1.7796378889879363e+18,1.7796376777397292e+18
1779637773762414566,11.836,8.315,752.8,57.679257748853125,18.305,43.73022766886946,12.126792577488532,1.779637891898049e+18,1.779637676085005e+18
1779637774363073047,11.552,14.965,658.95,58.02592551606057,18.27,43.74213408612254,12.130259255160606,1.7796378958858465e+18,1.779637673724672e+18
1779637774964247919,11.2,22.35,372.55,58.05688053421359,18.375,43.61753124468751,12.130568805342136,1.7796379004845507e+18,1.7796376709453583e+18
1779637775765192733,10.948,27.935,192.8,57.98064155670278,18.9175,43.43437944062504,12.129806415567028,1.7796379058335258e+18,1.7796376676439437e+18
1779637776165413562,11.36,18.215,588.375,58.001614761677295,18.9175,43.36528926820356,12.130016147616773,1.7796379122022733e+18,1.7796376636038477e+18
1779637776765941231,11.908,6.35,157.175,58.073762720386696,19.040000000000003,43.052991590836776,12.130737627203867,1.7796379191456643e+18,1.7796376591686436e+18
1779637777366518392,12.104,2.365,479.65,58.678918702137246,18.9875,43.25348599153293,12.136789187021373,1.7796379280249265e+18,1.7796376534489167e+18
1779637777967291582,12.132,2.7975,1190.275,59.61324274039942,18.9175,43.580330294076795,12.146132427403995,1.7796379405443904e+18,1.779637645288407e+18
1779637778768291574,12.14,2.735,1085.275,60.32534496344082,18.76,43.905305699123566,12.154880174451613,1.779637957636951e+18,1.779637634030202e+18
1779637779169092036,12.132,2.9175,35.175,60.85973361676999,18.76,44.197354066336565,12.16289600425155,1.7796379810290688e+18,1.7796376184001257e+18
1779637779569288359,12.136,2.8975,107.325,64.04853181180738,18.6375,45.284977434006485,12.210727977177111,1.7796380261467292e+18,1.7796375881684943e+18
1779637779969485556,12.112,3.4325,327.525,64.28604805109114,18.5675,45.192390957920516,12.214290720766368,1.7796380873282929e+18,1.7796375470811484e+18
1779637780970487581,12.22,1.68,1411.9,64.78680936325848,18.4275,45.47651581144318,12.221802140448878,1.779638197956979e+18,1.7796374721824776e+18
1779637781370768916,12.228,1.8,1031.975,65.29317452373435,18.4275,45.76266410751805,12.229397617856016,1.7796384314843602e+18,1.77963731330719e+18
1779637781771393961,12.232,1.68,1510.925,65.71361372284008,18.41,46.00128159394456,12.235704205842602,1.77963923228466e+18,1.779636766722149e+18
1779637782171728300,12.232,1.8975,1334.175,66.15910123178124,18.462500000000002,46.25210748738595,12.242386518476719,1.7796309423931837e+18,1.7796424328217892e+18
1779637782972252938,12.236,1.665,794.775,66.52456350841105,18.3225,46.38525560837595,12.247868452626166,1.779636760850906e+18,1.7796384571756943e+18
1779637783372740493,12.24,1.865,787.05,66.84230305598264,18.445,46.57546228089898,12.25263454583974,1.7796372291716408e+18,1.779638137941496e+18
1779637783773106658,12.236,1.8975,763.475,67.12575792373173,18.445,46.77213822375832,12.256886368855977,1.7796373985960932e+18,1.7796380228774392e+18
1779637784173428186,12.244,1.865,691.525,68.19039077701865,18.3575,49.274757419647635,12.27285586165528,1.7796374920441674e+18,1.7796379596644147e+18
1779637784774094744,11.212,23.65,1440.275,67.92720237779768,17.99,47.62817372087954,12.268908035666966,1.7796375477679334e+18,1.7796379223884874e+18
1779637785174899783,11.064,27.0975,1113.55,68.12018253594512,18.13,46.96345345426822,12.271802738039177,1.7796375843877138e+18,1.779637898123579e+18
1779637785575212664,11.1,26.2325,136.725,68.31168721266685,18.3575,46.68523272259281,12.274675308190004,1.77963760804569e+18,1.779637882577064e+18
1779637785975479717,11.008,27.5675,417.25,68.53693950018005,18.3575,46.71469381043598,12.278054092502702,1.7796376250720806e+18,1.779637871490202e+18
1779637786375798139,11.456,17.65,1273.325,68.86610204110013,18.7425,46.88535879602702,12.282991530616503,1.7796376381149601e+18,1.7796378630782085e+18
1779637786776059481,11.9,7.6825,609.075,68.96958050822337,18.9175,46.90311194945569,12.284543707623351,1.7796376484695066e+18,1.7796378565006031e+18
1779637787176387466,12.14,2.8325,220.325,68.95933764042961,18.795,46.80778312816446,12.284390064606445,1.7796376574424425e+18,1.7796378509291315e+18
1779637787976855213,12.192,1.9475,672.375,68.93169009975533,18.6375,46.591131176548956,12.28397535149633,1.7796376650238172e+18,1.779637846350654e+18
1779637788377234776,12.192,2.23,413.525,68.89979471364305,18.375,46.28879511591676,12.283496920704646,1.779637671590094e+18,1.7796378424880466e+18
1779637788777497226,11.936,7.0475,1261.975,68.84006920893036,18.375,45.840638968816094,12.282601038133956,1.7796376773342948e+18,1.779637839205092e+18
1779637789177766005,11.288,20.33,574.425,69.11746744396896,18.165000000000003,46.26550177632825,12.286762011659535,1.7796376826999636e+18,1.7796378361988836e+18
1779637789577970958,11.288,21.0975,114.6,69.43924073274934,18.147499999999997,46.59183325849606,12.29158861099124,1.7796376873079764e+18,1.7796378336782328e+18
1779637789978190821,11.228,23.215,349.725,69.55083722135771,18.2,46.56867539194078,12.293262558320366,1.7796376910867748e+18,1.779637831683609e+18
1779637790378377273,11.164,23.9675,1067.275,69.68405326374221,18.287499999999998,46.713853379544055,12.295260798956134,1.7796376945142787e+18,1.7796378299282964e+18
1779637790778683847,11.184,24.4175,1618.65,69.78781151908755,18.3925,46.65104475015888,12.296817172786314,1.7796376977136983e+18,1.7796378283409938e+18
1779637791378946695,11.392,19.1,24.525,69.9149159296774,18.3925,46.772878699424076,12.298723738945162,1.7796377006648607e+18,1.779637826936935e+18
1779637791979465314,12.02,4.2975,74.825,69.67095329912752,18.497500000000002,46.63734143333796,12.295064299486913,1.779637698575076e+18,1.7796378282084096e+18
1779637792379824720,12.052,3.965,228.325,69.35902878655074,18.48,46.45034316772566,12.290385431798262,1.7796376959909494e+18,1.7796378297508536e+18
1779637792780009550,12.096,3.63,696.775,69.10225793743001,18.305,46.285387812487926,12.28653386906145,1.7796376936360502e+18,1.7796378311883087e+18
1779637793180366771,11.728,12.5975,487.975,69.02180636829789,18.060000000000002,46.18372334698474,12.285327095524469,1.7796376916034035e+18,1.7796378324657754e+18
1779637793580760931,11.1,26.365,1489.175,68.73308711629309,18.060000000000002,45.86575208470687,12.280996306744397,1.7796376899084296e+18,1.7796378335965588e+18
1779637794181103557,11.092,25.8175,1267.8,68.50857479708898,17.99,45.731908944535554,12.277628621956335,1.7796376884556782e+18,1.7796378346396626e+18
1779637794581298701,10.996,27.465,592.2,68.1790817029752,18.2,45.600915809033836,12.272686225544629,1.7796376868248868e+18,1.779637835797619e+18
1779637794981655740,11.008,27.5475,168.85,67.74776063913926,18.3225,45.348461945185356,12.26621640958709,1.779637684747675e+18,1.7796378372090074e+18
1779637795782355483,11.052,26.2825,1572.475,67.14378414204154,18.602500000000003,45.021787661674026,12.257156762130624,1.7796376815476362e+18,1.7796378392452529e+18
1779637796182680565,11.76,8.5975,1522.0,66.43899868102348,18.724999999999998,44.70052151745629,12.246584980215353,1.7796376756781998e+18,1.7796378426354944e+18
1779637796582940905,11.5,15.9475,1367.975,66.41520540279156,18.7775,44.831675026474045,12.246228081041874,1.7796376682763238e+18,1.7796378467635633e+18
1779637796983162454,11.328,20.2175,1121.825,66.47712364285385,18.689999999999998,44.99314701061499,12.247156854642808,1.7796376599215473e+18,1.779637851343769e+18
1779637797383267997,10.844,30.665,85.7,66.57990542399459,18.62,45.149173053433024,12.24869858135992,1.7796376508099745e+18,1.7796378562769902e+18
1779637797783419874,10.976,27.965,261.525,66.59690990023743,18.724999999999998,45.1989360352797,12.248953648503562,1.7796376405026135e+18,1.7796378617838387e+18
1779637798183682158,10.952,28.25,798.1,66.6597356677634,18.795,45.29515225142858,12.249896035016452,1.7796376282422144e+18,1.7796378682231616e+18
1779637799384222629,11.512,13.2825,794.45,65.76801985450773,19.1975,44.89239643119895,12.236520297817616,1.7796376101527084e+18,1.7796378776541773e+18
1779637799784417525,11.928,6.1125,786.05,64.94062252928391,19.127499999999998,44.37453308870064,12.22410933793926,1.7796375848188413e+18,1.7796378907308278e+18
1779637800585021573,10.572,37.165,443.575,64.10473528468434,18.724999999999998,43.87245306278326,12.211571029270265,1.7796375447612508e+18,1.7796379111860173e+18
1779637800985373345,10.488,39.7175,1353.675,63.594135700079086,18.935000000000002,43.531173590590505,12.203912035501187,1.7796374793326712e+18,1.7796379442276234e+18
1779637801385510088,10.564,38.615,854.275,63.43228581169938,19.18,43.28380976950847,12.201484287175491,1.779637360516157e+18,1.779638003695276e+18
1779637801785900095,11.728,8.6325,968.625,62.56720372713251,19.5125,42.8545274708156,12.188508055906988,1.7796370566439555e+18,1.7796381550692628e+18
1779637802586769389,11.824,8.9325,632.625,62.66343961356637,19.564999999999998,42.95688835809362,12.189951594203496,1.779635465093814e+18,1.7796389451641667e+18
1779637802987184597,10.944,28.415,292.2,62.68127616763985,19.7925,43.02622288495126,12.190219142514598,1.779640114991059e+18,1.7796366390845937e+18
1779637803387403594,10.968,28.6175,891.7,62.628242411981546,19.7925,43.05594539655194,12.189423636179724,1.7796386058228142e+18,1.779637388310613e+18
1779637803787708855,12.024,4.065,1082.85,62.638614576581105,20.0725,43.09417480591447,12.189579218648717,1.7796382946290002e+18,1.7796375432832773e+18
1779637804187946519,12.18,1.5975,27.775,63.08181656545146,20.334999999999997,43.339057100984874,12.196227248481772,1.779638194427613e+18,1.779637593297391e+18
1779637804588241637,12.192,1.5975,84.75,63.46345719345132,20.195,43.55130561294581,12.20195185790177,1.7796381328870364e+18,1.779637624300898e+18
1779637804988453941,12.204,1.5325,258.625,63.65964558000027,20.037499999999998,43.66606268649247,12.204894683700005,1.7796380946354127e+18,1.77963764376821e+18
1779637805388678712,12.212,1.615,789.25,63.96540542733998,19.95,43.89331732412265,12.2094810814101,1.7796380687045396e+18,1.7796376571456458e+18
1779637805789064947,12.224,1.6325,770.175,64.61085527801826,19.775000000000002,44.33572836233409,12.219162829170275,1.7796380520155837e+18,1.7796376659944402e+18
1779637806590250908,12.24,1.715,534.375,65.27151131859954,19.6525,44.72168586423101,12.229072669778994,1.7796380427242755e+18,1.7796376712223035e+18
1779637806990824015,12.24,1.5825,1630.775,65.78687957184779,19.5125,44.98191528014362,12.236803193577718,1.7796380386850145e+18,1.7796376738530307e+18
1779637807390716934,12.252,1.665,61.525,66.30832870817657,19.459999999999997,45.283118655020715,12.24462493062265,1.7796380381307182e+18,1.779637674776261e+18
1779637807790943436,12.256,1.5475,187.75,66.74559828632285,19.4075,45.50568725854324,12.251183974294843,1.7796380403821793e+18,1.7796376743215588e+18
1779637808191537852,12.268,1.6325,572.95,67.59320923193968,19.355,45.86518520339204,12.263898138479096,1.7796380508387374e+18,1.7796376697618816e+18
1779637808591872354,12.268,1.6325,110.1,68.05113279042152,19.355,46.04332059133182,12.270766991856323,1.7796380632620826e+18,1.7796376642968228e+18
1779637808992108816,12.272,1.68,335.975,68.42851759498501,19.32,46.20291090966326,12.276427763924776,1.7796380795638252e+18,1.7796376569273966e+18
1779637809392519865,12.276,1.6325,1025.3,68.74501260156818,19.215,46.29943257919265,12.281175189023523,1.7796381005830838e+18,1.7796376472341281e+18
1779637809792854268,12.276,1.6325,1490.55,69.0309481899125,19.075,46.39926491953556,12.285464222848688,1.7796381281304876e+18,1.7796376343143575e+18
1779637810393399635,12.284,1.5975,1271.975,69.30767516544788,18.9525,46.43470369477516,12.289615127481719,1.7796381671756588e+18,1.7796376156945551e+18
1779637810793704572,12.292,1.6325,604.95,69.93082484892415,18.7425,46.41103159118223,12.298962372733863,1.779638224712502e+18,1.7796375880079954e+18
1779637811194058110,12.032,6.7325,207.75,70.2523675784544,18.7425,46.496340843309135,12.305047351569089,1.7796383075756618e+18,1.7796375478885476e+18
1779637811594362698,11.736,13.865,634.0,70.34616129759799,18.515,46.33056444187442,12.30692322595196,1.7796384308172316e+18,1.7796374878963855e+18
1779637811994676851,11.272,23.215,296.4,70.3911423414384,18.5325,46.346930303554636,12.307822846828769,1.7796386292925604e+18,1.7796373908930412e+18
1779637812394885424,11.128,26.515,904.525,70.47977862901867,18.6375,46.58199305096387,12.309595572580374,1.7796390054280947e+18,1.7796372065235855e+18
1779637812795153933,11.152,25.515,1121.975,70.78595402328361,18.7775,46.28306944377136,12.315719080465673,1.7796402041316718e+18,1.7796366173027773e+18
1779637813195401313,12.072,4.48,147.175,70.83555562517566,18.8825,46.191666778338586,12.316711112503514,1.77959506084372e+18,1.7796588411582638e+18
1779637813595598318,12.06,5.3175,449.125,70.71304300366437,18.8825,45.519849628348936,12.314260860073288,1.7796356482160184e+18,1.779638861698469e+18
1779637813995853116,12.064,5.2825,1370.6,70.58803275565751,18.689999999999998,44.83645083174846,12.31176065511315,1.779636704313875e+18,1.7796383426296287e+18
1779637814596333680,12.008,6.2325,905.925,70.78689417468017,18.515,44.963985793542705,12.315737883493604,1.7796370818767183e+18,1.7796381574976722e+18
1779637814996742406,11.964,7.6675,1126.25,70.96046444057336,18.252499999999998,45.16414495666583,12.319209288811468,1.779637272722843e+18,1.7796380642577193e+18
1779637815597147252,11.996,6.45,160.225,71.06271435958014,18.095,45.34573906131487,12.321254287191604,1.779637381726425e+18,1.7796380112305006e+18
1779637815997375482,12.252,1.615,488.95,71.21763401419469,17.675,45.51265215366486,12.324352680283894,1.7796374526056998e+18,1.7796379769155896e+18
1779637816397678045,12.268,1.5975,1492.15,71.38205820898163,17.675,45.687955633023606,12.327641164179633,1.7796375028483574e+18,1.7796379527349768e+18
1779637816798000938,12.272,1.665,1276.875,71.52909914454949,17.4475,45.84392973572243,12.33058198289099,1.7796375412595932e+18,1.7796379343898583e+18
1779637817198291402,12.284,1.5325,619.9,71.63524368985293,17.22,45.95722932692138,12.33270487379706,1.779637570567241e+18,1.779637920510619e+18
1779637817598600490,12.288,1.6325,253.375,71.78491957334553,17.0275,46.116614133974466,12.335698391466911,1.779637593516842e+18,1.7796379097442345e+18
1779637817998903112,12.164,3.9325,773.225,71.82996285718265,17.0275,46.154711995336214,12.336599257143654,1.7796376117343826e+18,1.779637901295551e+18
1779637819600457411,12.276,1.9825,241.0,71.94901604501858,16.555,46.27885378508549,12.338980320900372,1.7796376253503002e+18,1.7796378951092134e+18
1779637820000717584,12.276,2.25,735.45,72.05452340112329,16.502499999999998,46.381700392985934,12.341090468022466,1.7796376351615263e+18,1.7796378907297608e+18
1779637820401297597,12.284,1.9125,606.0,72.14082756967039,16.502499999999998,46.471599694323174,12.342816551393408,1.779637642397968e+18,1.779637887561896e+18
1779637820801861252,2.296,1.9325,210.95,25.876314572518606,16.45,15.407540012004587,11.74814471858778,1.779637445486046e+18,1.779637988434609e+18
1779637821202325815,11.948,8.9975,643.75,24.17459631046999,16.310000000000002,12.843016111791604,11.72261894465705,1.779639534212757e+18,1.7796369252222984e+18
1779637821602746764,12.184,3.3825,326.15,23.589267698660585,16.17,11.944621481402093,11.713839015479909,1.7796380665917468e+18,1.779637673271255e+18
1779637822203365740,11.352,22.2,995.325,21.105431077606646,16.17,10.635401741531338,11.6765814661641,1.7796379452117422e+18,1.7796377357363195e+18
1779637822804189194,11.324,21.65,1399.075,18.259915083750123,16.1875,9.132365668889687,11.633898726256252,1.7796379003423823e+18,1.779637759236559e+18
1779637823404777648,11.296,22.335,992.825,16.92305763621482,16.555,9.545485200275506,11.613845864543222,1.779637877930446e+18,1.7796377712924723e+18
1779637823805003329,12.248,1.5325,1391.45,19.680793309973126,16.555,12.5805644076365,11.655211899649597,1.779637865620314e+18,1.7796377782005883e+18
1779637824205645080,12.264,1.65,969.55,22.270311397637784,16.555,13.90344908651715,11.694054670964567,1.779637858092885e+18,1.7796377826438902e+18
1779637824606278220,12.28,1.6325,1320.425,24.127359316958717,16.4325,13.236359865915253,11.721910389754381,1.779637852980981e+18,1.7796377858524756e+18
1779637825006645590,12.284,1.665,752.8,25.467408941213954,16.4325,11.003386190996693,11.74201113411821,1.7796378493179126e+18,1.7796377883109015e+18
1779637825407063900,12.296,1.6325,658.95,26.621104052132274,16.4325,12.746324953149228,11.759316560781985,1.7796378465351636e+18,1.779637790338597e+18
1779637826408175943,12.3,1.6325,1136.925,27.83450131595935,16.205,14.701578368481886,11.77751751973939,1.7796378446215654e+18,1.779637791876598e+18
1779637827208948497,12.316,1.7,588.375,29.014671093517023,16.3275,16.56667620104565,11.795220066402756,1.7796378432533494e+18,1.7796377931222129e+18
1779637827609202641,12.316,1.7,157.175,30.341536188412615,16.275000000000002,18.601347838770547,11.814781506637777,1.7796378422533983e+18,1.7796377941687496e+18
1779637828810141977,10.868,33.3325,1463.775,30.765478612004227,16.2925,23.662394102091646,11.82071670056806,1.7796378416071345e+18,1.7796377950177352e+18
1779637829210571596,11.064,27.1975,1190.275,29.971624399986563,17.0625,24.605593104720384,11.809574365999799,1.7796378410627868e+18,1.7796377957983217e+18
1779637829811050000,10.48,41.5175,355.625,29.00949972684525,17.150000000000002,26.629102465030325,11.79514249590268,1.7796378406232579e+18,1.7796377965092854e+18
1779637830211394556,10.212,47.865,1085.275,27.826418476980955,17.150000000000002,28.100428220217516,11.777396277154715,1.779637840223383e+18,1.7796377971936274e+18
1779637830611761982,10.252,47.3175,35.175,26.022040360693843,17.535,28.29937732522322,11.750330605410408,1.7796378398300726e+18,1.7796377978682066e+18
1779637831011893176,10.188,48.0675,107.325,23.90089603373695,17.78,28.25277630871605,11.718513440506054,1.7796378394425638e+18,1.779637798525482e+18
1779637831412233558,10.188,47.8,327.525,21.380298746945737,18.0425,27.875817044623208,11.680704481204186,1.7796378390963064e+18,1.7796377991127562e+18
1779637831812336775,10.164,48.415,999.525,18.955225834351765,18.3925,27.53729818237484,11.644328387515277,1.779637838746482e+18,1.7796377996907492e+18
1779637832212679330,10.808,32.2975,1411.9,15.504471509682542,18.62,26.136100031022956,11.592567072645238,1.7796378383580275e+18,1.7796378002825078e+18
1779637833013315676,11.408,18.8325,1334.175,12.411846713037722,18.3225,24.65076637506148,11.546177700695566,1.7796378379962813e+18,1.7796378008494502e+18
1779637833413945977,11.0,28.5325,794.775,9.715495335514483,18.305,22.718003413198193,11.481265028886963,1.7796378376477033e+18,1.7796378013904195e+18
1779637834014857800,12.2,1.5175,763.475,71.90100513268838,18.287499999999998,45.12128647575452,12.338020102653768,1.7796378397207562e+18,1.7796378002039603e+18
1779637834415607403,12.22,1.5175,691.525,71.63726248280396,18.13,44.99037079909046,12.33274524965608,1.7796378420195743e+18,1.779637798767335e+18
1779637834815868724,11.164,25.55,471.95,71.59492175539118,18.13,44.9932164238516,12.331898435107824,1.7796378446177815e+18,1.779637797003864e+18
1779637835416772058,11.32,20.815,1440.275,71.4061094767488,17.99,44.99304486100069,12.328122189534977,1.7796378476684882e+18,1.7796377947512433e+18
1779637835817500129,11.12,25.3825,1118.55,71.36773203613068,18.1825,45.02479787005129,12.327354640722614,1.7796378512855547e+18,1.7796377918715666e+18
1779637836218261249,11.2,23.8325,136.725,71.32489683601626,18.375,45.03822871083367,12.326497936720326,1.7796378556974185e+18,1.7796377881134295e+18
1779637836619031979,11.236,23.0325,417.25,71.27176162381089,18.5325,45.06908981558767,12.325435232476218,1.7796378612553981e+18,1.7796377830973742e+18
1779637837219786965,11.152,25.4,1273.325,71.15524236660747,1.2425,45.04029191920208,12.32310484733215,1.7796378686888827e+18,1.7796377760373363e+18
1779637837820894973,11.584,14.4,220.325,70.6586180466857,18.97,44.8247685276616,12.313172360933715,1.7796378791529303e+18,1.7796377656540111e+18
1779637838221516769,12.188,1.4625,672.375,70.05661271091464,19.127499999999998,44.493112747282936,12.301132254218293,1.7796378948965105e+18,1.7796377494561393e+18
1779637838622302969,12.212,1.5975,413.525,69.42351002910203,19.022499999999997,44.22406111392691,12.291352650436531,1.779637922014236e+18,1.7796377207107827e+18
1779637839824282591,12.244,1.73,114.6,69.0288309508023,18.865,44.061037311415994,12.285432464262035,1.7796379855043267e+18,1.779637651962109e+18
1779637840224565218,12.252,1.5325,349.725,68.48762160179945,18.900000000000002,43.8382752764771,12.277314324026992,1.7796382703528824e+18,1.7796373395212777e+18
1779637840624955576,12.256,1.5975,1067.275,67.99890943745608,18.8825,43.637148958874285,12.269983641561842,1.7796372470935e+18,1.7796384671374405e+18
1779637841025365408,12.264,1.5825,1618.65,68.40923404960182,18.7075,43.89368641955777,12.276138510744028,1.7796376539260419e+18,1.7796380203038958e+18
1779637841425772603,12.268,1.665,24.525,68.84636595352241,18.4275,44.04490723581564,12.282695489302837,1.7796377271009155e+18,1.7796379407995704e+18
1779637841826345654,12.276,1.65,74.825,69.25552758120565,18.4275,44.27473632645838,12.288832913718085,1.7796377577343974e+18,1.7796379081208602e+18
1779637842226569401,12.172,3.515,696.775,69.55668279321894,18.0775,44.53421680009615,12.293350241898285,1.7796377749083464e+18,1.7796378902662072e+18
1779637842626932315,12.08,5.0825,487.975,69.79434952335033,17.849999999999998,44.88334426296559,12.296915242850256,1.779637786030478e+18,1.779637879079622e+18
1779637843427619804,11.8,11.1825,1267.8,69.98574233291475,17.814999999999998,45.19501618539835,12.299786134993722,1.7796377938844495e+18,1.7796378715116536e+18
1779637843827922139,11.704,13.35,592.2,70.18038336670854,17.849999999999998,45.60192469831125,12.303607667334171,1.7796377997995374e+18,1.7796378660792886e+18
1779637844228298492,11.536,17.4475,168.85,70.59568477088092,17.99,46.41579739393646,12.31191369541762,1.7796378044897992e+18,1.7796378619914632e+18
1779637844628655532,11.696,13.065,515.275,70.56650473182103,18.13,46.38110005664932,12.311330094636421,1.7796378083165043e+18,1.7796378588593137e+18
1779637845028972602,11.808,11.115,1572.475,70.59672524676166,18.147499999999997,46.28402523240733,12.311934504935234,1.7796378111753556e+18,1.7796378567518912e+18
1779637845429306894,11.504,18.215,1522.0,70.62200514480048,18.2175,46.232293642921555,12.31244010289601,1.779637813662579e+18,1.7796378550555067e+18
1779637845829604511,11.388,20.6675,1367.975,70.80486908492654,18.2175,46.29543727454344,12.316097381698532,1.7796378158687631e+18,1.7796378536670013e+18
1779637846630071526,12.008,5.7325,1101.825,70.77384584265312,18.3925,46.30009349997521,12.315476916853063,1.7796378161388897e+18,1.7796378537365417e+18
1779637847030327611,12.252,1.615,261.525,70.89048885866383,18.497500000000002,46.59452100211692,12.317809777173277,1.7796378163156221e+18,1.7796378538832863e+18
1779637847430494196,12.224,2.4175,798.1,70.94132442842367,18.497500000000002,46.50848759097765,12.318826488568474,1.7796378164348654e+18,1.7796378540793969e+18
1779637847830722285,12.104,4.45,797.2,70.87073321505127,18.497500000000002,46.307215516690434,12.317414664301026,1.7796378163786184e+18,1.77963785439919e+18
1779637848231459359,12.132,4.2975,794.45,70.87992394735306,18.515,46.19752877697056,12.317598478947062,1.7796378161077215e+18,1.7796378548545802e+18
1779637848831965375,12.196,3.25,760.425,70.92681336117977,18.76,46.07704861498707,12.318536267223596,1.779637815633882e+18,1.7796378554414915e+18
1779637849833254437,11.78,12.2325,443.575,70.9467114252768,18.83,46.01224296271654,12.318934228505537,1.7796378151019704e+18,1.7796378560987325e+18
1779637850233797694,12.204,2.7975,1353.675,70.93132936679012,18.83,45.4374559472905,12.318626587335803,1.7796378145825715e+18,1.7796378567414167e+18
1779637851034372975,11.528,18.6325,968.625,71.07526286002262,18.795,45.17033272370861,12.321505257200453,1.7796378139910572e+18,1.7796378574414477e+18
1779637851434840431,10.928,30.9675,1317.6,71.1978238302742,18.4275,45.259125387945865,12.323956476605485,1.7796378133512415e+18,1.779637858155189e+18
1779637851835044055,10.896,33.1675,744.175,70.94322663133993,18.655,44.42119292232472,12.3188645326268,1.779637812626608e+18,1.779637858911262e+18
1779637852235421796,10.888,31.215,632.625,71.05317962703806,18.795,44.79195974131272,12.321063592540762,1.7796378117349494e+18,1.779637859739419e+18
1779637852635857204,10.52,39.6975,292.2,71.10569083983734,18.935000000000002,44.972154363673006,12.322113816796747,1.7796378106829197e+18,1.7796378606337485e+18
1779637853436916155,10.452,41.6825,1082.85,71.03575204288423,19.372500000000002,44.89666873318432,12.320715040857685,1.7796378094312983e+18,1.7796378616438108e+18
1779637853837632612,10.516,39.3325,27.775,71.02841959881648,19.372500000000002,45.04452766618593,12.32056839197633,1.7796378078417006e+18,1.7796378627934113e+18
1779637854238309195,12.16,1.5175,84.75,70.47273414032327,19.564999999999998,44.64138181060599,12.309454682806466,1.7796378057852378e+18,1.779637864158437e+18
1779637854638797867,12.192,1.5975,258.625,70.18484198657758,19.635,44.43774098105516,12.303696839731552,1.7796378030920133e+18,1.7796378657992282e+18
1779637855038955548,12.212,1.5175,789.25,70.06971352834171,19.3025,44.356033881011136,12.301394270566835,1.7796377995335468e+18,1.7796378678083763e+18
1779637855439739440,12.22,1.5825,770.175,70.0368402587207,19.162499999999998,44.32745535235749,12.300736805174415,1.7796377946135396e+18,1.77963787039342e+18
1779637856240530283,12.244,1.5675,534.375,70.09818703769416,19.0575,44.363481902404516,12.301963740753884,1.7796377873361705e+18,1.7796378740007145e+18
1779637856641079558,12.252,1.8,1630.775,70.19714366548457,18.8825,44.44384599752188,12.303942873309692,1.7796377760821238e+18,1.7796378792772613e+18
1779637857041583241,12.26,1.665,61.525,70.35966680637962,18.6725,44.515739830614315,12.307193336127593,1.7796377569908805e+18,1.7796378878405914e+18
1779637857641885170,12.272,1.665,187.75,70.5030642305325,18.48,44.603503484619104,12.31006128461065,1.779637717108517e+18,1.779637905148528e+18
1779637858042107061,12.276,1.5325,572.95,70.6069474880631,18.305,44.68191045020083,12.312138949761263,1.779637598217648e+18,1.7796379554737106e+18
1779637858442256743,12.284,1.5675,110.1,70.73736253783103,18.305,44.76063050057598,12.314747250756621,1.7796187776699267e+18,1.7796458335828787e+18
1779637859242696638,12.288,1.7,1025.3,71.01778230549243,17.814999999999998,44.904234710315016,12.32035564610985,1.7796323716896602e+18,1.779640141983861e+18
1779637859642890012,12.304,1.665,604.95,71.18273212083803,17.0625,45.00380421109479,12.323654642416761,1.7796346050304056e+18,1.779639206996023e+18
1779637860043122513,12.308,1.73,207.75,71.34398024434921,16.695,45.101262674308785,12.326879604886985,1.7796355937599406e+18,1.7796387932440824e+18
1779637860443280604,12.312,1.6325,634.0,71.58065096502958,16.2225,45.234857309994055,12.331613019300592,1.7796361270807478e+18,1.7796385700920133e+18
1779637860843532246,12.316,1.665,296.4,71.7723016567114,16.2225,45.346278853398395,12.335446033134229,1.7796364764573025e+18,1.779638424028638e+18
1779637862444498825,12.328,1.615,147.175,71.94498125984542,15.504999999999999,45.449566193123,12.338899625196909,1.7796367187855383e+18,1.7796383228795648e+18
1779637862844706126,12.328,1.615,449.125,72.12974613789686,15.3475,45.55118978208043,12.342594922757938,1.7796368948847206e+18,1.779638249495068e+18
1779637863645118936,11.612,17.08,1126.25,72.22782141817711,16.2575,45.51702054002582,12.344556428363543,1.7796370186759803e+18,1.77963819804796e+18
1779637864045333983,10.68,39.3675,160.225,72.1011272123702,16.87,44.98680173311279,12.342022544247405,1.7796370873452713e+18,1.7796381696209142e+18
1779637864445645092,10.676,38.15,488.95,72.08363465476023,16.87,44.72693568710964,12.341672693095205,1.77963712276495e+18,1.7796381549734968e+18
1779637864846113956,10.792,33.815,1492.15,72.08348601666667,17.605,44.97034826961102,12.341669720333334,1.7796371318306642e+18,1.779638151169255e+18
1779637865246445005,11.932,7.265,1276.875,71.89490800322051,18.060000000000002,44.75470117634116,12.33789816006441,1.779637115767387e+18,1.7796381577259487e+18
1779637865847288087,12.236,1.5975,619.9,71.78174754954163,18.147499999999997,44.48052770060339,12.335634950990833,1.7796370707267845e+18,1.7796381761062812e+18
1779637866247769680,12.256,1.5975,253.375,71.72575978900707,18.025000000000002,44.24251794842352,12.334515195780142,1.7796369909076672e+18,1.779638208558929e+18
1779637867048417955,12.288,1.6325,562.75,71.69521914085121,17.814999999999998,43.532827229841885,12.333904382817025,1.7796369057567498e+18,1.779638243143097e+18
1779637867849732039,12.296,1.5325,78.975,72.03857984158829,17.5525,43.741131222944446,12.340771596831766,1.7796368456793764e+18,1.7796382672922478e+18
1779637868250204565,12.296,1.5975,241.0,72.2991081328831,17.4825,43.89732131926805,12.345982162657663,1.779636817188391e+18,1.7796382784590472e+18
1779637868650762813,12.308,1.5475,735.45,72.54359794558124,17.4825,44.0455389766669,12.350871958911625,1.7796368172741348e+18,1.77963827794896e+18
1779637869051106564,12.276,2.8325,606.0,72.81694815630333,17.325,44.19673667277523,12.356338963126067,1.7796368433933635e+18,1.7796382668576264e+18
1779637869451758385,12.188,3.215,643.75,72.86389945697609,17.1675,44.235674183439095,12.357277989139522,1.7796368744816302e+18,1.7796382538608307e+18
1779637870052298012,11.016,29.4975,326.15,72.93980283154342,17.1675,44.480840204104084,12.358796056630869,1.7796369122922665e+18,1.779638238268864e+18
1779637870652951580,11.024,28.73,1399.075,73.01530712167715,17.5525,44.790248005661454,12.360306142433544,1.7796369662111662e+18,1.7796382163937234e+18
1779637871053464313,11.244,23.63,1391.45,73.03039999761198,18.34,44.99899115776659,12.36060799995224,1.7796370099287173e+18,1.779638198704708e+18
1779637871453858100,11.18,24.95,969.55,73.0623510979691,18.34,45.21361421310342,12.361247021959382,1.779637048779437e+18,1.7796381830494787e+18
1779637871854236207,11.224,23.615,1070.425,73.05117698649823,18.48,45.40990024123844,12.361023539729965,1.7796370820102339e+18,1.7796381697267172e+18
1779637872254414425,12.152,2.8975,752.8,72.79276314028625,18.6375,45.24830525819284,12.355855262805726,1.7796371082877463e+18,1.7796381593679478e+18
1779637872854829798,12.224,1.73,658.95,72.53740300758311,18.62,45.076438496937165,12.350748060151663,1.7796371197667968e+18,1.7796381550038787e+18
1779637873255008903,12.248,1.5475,372.55,72.31089748525585,18.305,44.92347248264154,12.346217949705117,1.7796371264588744e+18,1.7796381526562245e+18
1779637873655193704,12.264,1.5825,1136.925,72.14399113345999,18.0425,44.81064054885298,12.3428798226692,1.779637128872575e+18,1.779638152077116e+18
1779637874055355198,12.272,1.5175,192.8,71.97622597097924,18.0425,44.697527635670504,12.339524519419586,1.7796371232083901e+18,1.7796381547349868e+18
1779637874455562629,12.28,1.5825,588.375,71.81210066903735,17.9375,44.58665647095237,12.336242013380748,1.7796371121041705e+18,1.7796381595955443e+18
1779637874855800831,12.288,1.5475,157.175,71.66954509604525,17.745,44.49052497563447,12.333390901920906,1.7796370963315512e+18,1.7796381663485327e+18
1779637875256004499,12.296,1.5975,479.65,71.72666140289124,17.64,44.61035879546133,12.334533228057825,1.7796370794109814e+18,1.7796381735195668e+18
1779637876056649572,12.304,1.5825,1190.275,72.02429021277234,17.395,45.48421905555149,12.340485804255447,1.7796370694675945e+18,1.7796381778341934e+18
1779637876657055568,12.308,1.5475,355.625,72.27860111078765,17.2025,46.267771315060116,12.345572022215753,1.7796370708881723e+18,1.7796381776087526e+18
1779637877857919883,12.324,1.5675,327.525,72.44066716062133,16.5725,46.506534723221336,12.348813343212427,1.7796370785103212e+18,1.7796381749458081e+18
1779637878258717522,12.332,1.7,999.525,72.75918844698131,16.5725,46.615141839162554,12.355183768939627,1.779637087489885e+18,1.779638171584705e+18
1779637879259953409,12.332,1.68,1411.9,73.02846551259171,16.310000000000002,46.82416085965419,12.360569310251835,1.7796371061947832e+18,1.7796381643798574e+18
1779637879660715482,12.332,1.665,1031.975,73.2420617969601,16.03,46.99012699883,12.364841235939203,1.7796371312877786e+18,1.779638154649806e+18
1779637882064399250,12.348,1.5975,787.05,73.39983501843585,15.295,47.11344530733457,12.367996700368717,1.7796371476078835e+18,1.779638148378731e+18
1779637882465114511,12.348,1.5475,763.475,73.5427128580218,15.155000000000001,47.225947743376246,12.370854257160437,1.7796371653440696e+18,1.7796381415434317e+18
1779637882865753528,12.138,5.5,691.525,73.599958205945,15.155000000000001,47.239582195457174,12.3719991641189,1.7796371656663808e+18,1.7796381413661007e+18
1779637883266054582,11.54,18.465,471.95,73.58696770134125,14.822500000000002,47.03848312115714,12.371739354026825,1.7796371541919483e+18,1.7796381456966461e+18
1779637883666221112,10.832,35.4675,1440.275,73.26457993663826,14.594999999999999,45.891480125110355,12.365291598732766,1.7796371247171338e+18,1.779638157021535e+18
1779637884066949240,10.644,39.35,1118.55,73.20736784685815,14.612499999999999,45.33350484558129,12.364147356937163,1.779637086453603e+18,1.7796381716737316e+18
1779637884467707483,10.536,40.3,136.725,73.20693298232008,14.805000000000001,45.29628974104316,12.364138659646402,1.7796370426470175e+18,1.779638188375314e+18
1779637885068480189,12.204,1.865,417.25,72.98451687328198,15.2075,44.986651543607415,12.35969033746564,1.7796369831658145e+18,1.7796382110986122e+18
1779637885468986344,12.224,2.18,1273.325,72.9053684017221,15.2075,44.736811962810926,12.358107368034442,1.7796369151438876e+18,1.779638237051786e+18
1779637885869472251,12.244,1.9475,609.075,72.85260529915129,14.700000000000001,44.42326745871584,12.357052105983026,1.7796368371526083e+18,1.7796382667513595e+18
1779637886270154972,12.268,1.68,220.325,72.85158692791177,14.700000000000001,44.01965771519944,12.357031738558236,1.7796367480413573e+18,1.7796383005937398e+18
1779637886670602587,11.5,19.615,672.375,73.04836680466059,14.087500000000002,44.095782532432864,12.360967336093212,1.779636663692265e+18,1.7796383324466394e+18
1779637887070883533,10.532,41.5175,1261.975,73.21095241049997,13.719999999999999,44.17760680099909,12.36421904821,1.7796365999115999e+18,1.7796383563994053e+18
1779637887471239846,10.528,40.85,574.425,73.37451811056316,14.56,44.420664329637326,12.367490362211264,1.779636554119345e+18,1.779638373441123e+18
1779637887871391385,10.524,40.935,114.6,73.49309420592175,14.209999999999999,44.586542002107876,12.369861884118436,1.779636525928179e+18,1.7796383837830712e+18
1779637888471838955,10.524,41.4,349.725,73.59010809587225,14.209999999999999,44.63897916597551,12.371802161917445,1.7796365235752776e+18,1.7796383844186898e+18
1779637888872137611,10.464,42.0475,1067.275,73.68292906753062,14.4375,44.783123669423944,12.373658581350613,1.7796365442149473e+18,1.7796383764511247e+18
1779637889272586245,10.464,41.5475,1618.65,73.77068280537155,14.787499999999998,44.96150296849231,12.375413656107431,1.7796365775538122e+18,1.7796383637532283e+18
1779637889672660890,10.396,42.65,24.525,73.84027676856526,14.787499999999998,45.1508137605571,12.376805535371306,1.7796366266095974e+18,1.779638345262697e+18
1779637890072881006,10.388,43.0475,74.825,73.87569364533002,15.067499999999999,45.271066942883195,12.3775138729066,1.7796366762899057e+18,1.7796383266177876e+18
1779637890673251959,10.344,44.0025,696.775,73.90405963353234,15.4525,45.37248782633206,12.378081192670647,1.7796367104399752e+18,1.7796383137749996e+18
1779637891073733073,10.36,43.235,487.975,73.85432480911547,15.75,45.454016968252944,12.37708649618231,1.7796367340940639e+18,1.7796383049058035e+18
1779637891474104763,10.372,44.05,1489.175,73.67848582474217,16.0475,45.37112465064023,12.373569716494844,1.7796367413573614e+18,1.7796383022435886e+18
1779637891874595640,10.36,43.8475,1267.8,73.48182094306814,16.397499999999997,45.31303445713586,12.369636418861363,1.7796367171911514e+18,1.7796383112779313e+18
1779637892274815249,10.404,41.8,592.2,73.2450619143493,16.397499999999997,45.30051698210787,12.364901238286986,1.7796366593598218e+18,1.7796383328302592e+18
1779637892675246209,10.944,29.615,168.85,72.63562170843842,16.8,45.073481776601234,12.352712434168769,1.779636528990224e+18,1.7796383814852524e+18
1779637892875450430,11.616,13.065,515.275,71.17352809002372,16.9225,44.39164720783694,12.323470561800475,1.779636162627387e+18,1.779638518393301e+18
1779637893876418051,12.116,3.2325,1367.975,70.19931955247401,16.6425,43.91066502959504,12.30398639104948,1.7796352817626079e+18,1.7796388477371297e+18
1779637895077536597,11.936,7.865,85.7,69.7860058712817,15.8725,43.76282313805558,12.296790088069226,1.7796320863797356e+18,1.77964004178101e+18
1779637895477875391,11.364,21.8825,261.525,69.8202925844879,15.6275,43.865580662187796,12.29730438876732,1.7797006831906668e+18,1.779614413439785e+18
1779637896278360559,10.604,40.015,798.1,69.81005209413449,15.697500000000002,43.87510024319313,12.297150781412018,1.7796432483696604e+18,1.779635871818371e+18
1779637896678722321,10.448,42.4675,797.2,69.79913601389943,15.697500000000002,43.85990005596784,12.296987040208492,1.7796407664934966e+18,1.7796367995254054e+18
1779637897079035414,10.764,32.135,794.45,69.6633189198981,16.555,43.940029212217034,12.294949783798472,1.7796398723285092e+18,1.7796371339990464e+18
1779637897479243503,10.196,48.1475,786.05,69.25591834399192,18.9875,43.762095476538995,12.28883877515988,1.7796393776473613e+18,1.7796373192134904e+18
1779637897879398168,10.348,45.215,760.425,68.43994657926677,17.7975,43.407523344482065,12.276599198689002,1.7796390293227016e+18,1.779637449844387e+18
1779637898279759731,10.324,45.665,682.225,66.7906524279633,17.57,42.75878719840672,12.25185978641945,1.7796387471330806e+18,1.7796375558604892e+18
1779637899480509211,10.496,41.4,854.275,65.52577823929673,18.602500000000003,42.322792471788055,12.232886673589451,1.7796385426762578e+18,1.7796376329849784e+18
1779637899880745715,10.76,34.35,968.625,65.48561079926307,18.9875,42.38871698526599,12.232284161988947,1.7796384159328287e+18,1.7796376811310236e+18
1779637900282802119,10.908,30.4675,1317.6,65.2856851595243,19.1975,42.37226802216784,12.229285277392865,1.779638327957212e+18,1.7796377148206034e+18
1779637900683035188,10.856,32.4325,744.175,65.3123522948379,19.39,42.41500041656052,12.229685284422569,1.7796382648951852e+18,1.7796377392199132e+18
1779637901483927190,10.9,31.4825,632.625,65.40765836641091,19.5825,42.50576898421425,12.231114875496164,1.779638217894897e+18,1.7796377576333156e+18
1779637901884778450,11.916,4.95,292.2,63.592378475938666,19.74,41.85069770934794,12.20388567713908,1.7796381718025016e+18,1.7796377757474452e+18
1779637902284905349,12.148,1.78,891.7,63.872400350901366,19.88,41.95616979672124,12.208086005263521,1.7796381378900352e+18,1.7796377892962734e+18
1779637902685213141,12.184,1.5475,1082.85,64.35194639171581,19.599999999999998,42.10770504905056,12.215279195875738,1.7796381123931087e+18,1.779637799693711e+18
1779637903285837180,12.204,1.5325,27.775,64.89701238173315,19.372500000000002,42.29567587094147,12.223455185725998,1.7796380932800796e+18,1.7796378076747837e+18
1779637903686101832,12.216,1.5825,84.75,65.41694453755424,19.372500000000002,42.46701771679901,12.231254168063314,1.7796380797323302e+18,1.7796378134784538e+18
1779637904086306431,12.228,1.5825,258.625,65.89206886941592,19.2325,42.590094884102584,12.23838103304124,1.7796380697198769e+18,1.779637817902448e+18
1779637904486672325,12.252,1.5675,770.175,66.49642045909738,18.83,42.85019895211882,12.247446306886461,1.7796380633719337e+18,1.779637820862544e+18
1779637904886994327,12.252,1.5825,711.975,66.96547593935824,18.689999999999998,43.02057184912763,12.254482139090374,1.779638059009037e+18,1.7796378230341642e+18
1779637905287213775,12.264,1.5825,534.375,67.37970459521097,18.689999999999998,43.06991119164679,12.260695568928165,1.7796380569599846e+18,1.779637824247942e+18
1779637906488055596,12.264,1.9475,187.75,67.90682737640519,18.0775,43.21150669060797,12.268602410646078,1.7796380573648205e+18,1.7796378244789379e+18
1779637906888419853,12.276,1.765,572.95,68.67333710027484,17.9375,43.45353223981299,12.280100056504123,1.7796380618787315e+18,1.7796378229515456e+18
1779637907288659694,11.984,8.1325,110.1,69.05208301624586,17.9375,43.58002832069823,12.285781245243689,1.7796380676713864e+18,1.7796378208800701e+18
1779637907889148523,12.1,5.7975,335.975,69.40366356834964,17.7625,43.70049237673031,12.291054953525245,1.77963807502844e+18,1.7796378181469443e+18
1779637908289633741,11.796,11.8475,1025.3,69.42429459011635,17.57,43.73079350558636,12.291364418851746,1.7796380829624113e+18,1.779637815145139e+18
1779637908690139263,11.628,16.18,1490.55,69.60120024080143,17.5175,43.92013707183562,12.294018003612022,1.7796380912542815e+18,1.779637812002796e+18
1779637909090396474,11.54,17.9325,1271.975,69.71214838924354,17.5175,43.984466927665935,12.295682225838654,1.7796381003904182e+18,1.7796378084860654e+18
1779637909490687460,11.532,17.565,604.95,69.75187085732813,17.5,43.70936701875619,12.296278062859923,1.7796381104814886e+18,1.7796378045342075e+18
1779637909891151345,12.156,3.665,207.75,69.85257240342118,17.4825,43.77005976106083,12.297788586051318,1.7796381214619044e+18,1.7796378001920998e+18
1779637910291519013,12.252,1.9675,634.0,70.08742713162135,17.377499999999998,44.044624860088646,12.301748542632428,1.779638134150014e+18,1.7796377951088166e+18
1779637910892077283,12.276,1.85,904.525,70.36257418644574,17.150000000000002,44.46195917835285,12.307251483728916,1.7796381496820324e+18,1.7796377887941944e+18
1779637911292371765,12.28,1.9975,1121.975,70.64034993586111,16.8175,44.91242671136404,12.312806998717223,1.779638168544307e+18,1.7796377810219108e+18
1779637911692740271,12.28,2.0325,147.175,70.7932544586005,16.5725,44.951053520048816,12.31586508917201,1.7796381922410163e+18,1.7796377710916923e+18
1779637912093091535,12.3,1.765,449.125,70.89870259545002,16.5725,44.67236314325525,12.317974051909001,1.7796382222969981e+18,1.7796377583172357e+18
1779637912693613230,12.192,3.7475,1370.6,70.9512458430649,16.2225,44.480334649855564,12.319024916861299,1.7796382621328594e+18,1.7796377411699415e+18
1779637913294214756,12.136,4.965,905.925,70.88296033282589,15.785,43.7304444331527,12.317659206656518,1.7796383153323735e+18,1.779637718020728e+18
1779637913694675466,12.296,1.75,1126.25,71.40367452353019,15.785,43.90292152947127,12.328073490470604,1.7796383972452524e+18,1.7796376821335665e+18
1779637914094907557,12.288,2.15,160.225,71.86936708785828,15.469999999999999,44.55190023238204,12.337387341757166,1.7796385349620652e+18,1.7796376214644122e+18
1779637914895373763,10.804,37.115,1492.15,71.66388154511807,15.067499999999999,42.551005176081496,12.333277630902362,1.7796387847431752e+18,1.779637510763641e+18
1779637915295768930,10.832,35.6175,1276.875,71.8177407395573,14.717500000000001,42.54343187361257,12.336354814791147,1.7796394061586916e+18,1.7796372343904532e+18
1779637915695972072,10.824,35.2,619.9,72.00308895762797,14.875,42.78956408040402,12.34006177915256,1.779643681787867e+18,1.779635329136724e+18
1779637916096385646,10.852,34.385,253.375,72.16599953542166,14.875,43.00148467759121,12.343319990708434,1.7796349475126815e+18,1.7796392231536374e+18
1779637916496946034,10.928,31.4175,773.225,72.2988630908242,15.242500000000001,43.377729221493205,12.345977261816484,1.7796367517238684e+18,1.7796384195341834e+18
1779637916897798213,10.992,29.9675,721.275,72.42003504803839,15.680000000000001,43.6636625627929,12.348400700960768,1.7796371944973391e+18,1.7796382227653809e+18
1779637917898478493,10.68,36.3975,562.75,72.58499703491576,16.0825,44.085173206564306,12.351699940698316,1.7796373958614523e+18,1.7796381336063488e+18
1779637918498988912,10.36,45.135,78.975,72.59660086422234,16.0825,44.100220144003906,12.351932017284447,1.7796375082888755e+18,1.77963808411808e+18
1779637919099326170,10.324,46.2825,241.0,72.56073932992554,16.695,44.03315913642313,12.351214786598511,1.7796375767560927e+18,1.7796380542044447e+18
1779637919499564687,10.308,46.085,735.45,72.61761204076967,17.325,44.103520447500244,12.352352240815394,1.779637618657198e+18,1.7796380360158333e+18
1779637919899853820,10.3,46.7825,606.0,72.58565076089772,17.745,44.057659362493034,12.351713015217955,1.779637645041977e+18,1.779638024691475e+18
1779637920300106714,10.356,46.015,210.95,72.65743459314118,17.535,44.00391865680128,12.353148691862824,1.779637663767425e+18,1.7796380167590502e+18
1779637920700621570,10.316,46.2675,643.75,72.69782317986628,18.235,44.01814981261857,12.353956463597326,1.7796376803350395e+18,1.779638009827737e+18
1779637921100990772,10.288,46.1325,326.15,72.80367657143837,18.34,44.12308069330434,12.356073531428768,1.779637694321293e+18,1.7796380040565757e+18
1779637922101900526,10.42,42.665,1399.075,72.97620094832293,18.602500000000003,44.266855373223414,12.359524018966459,1.7796377065318917e+18,1.779637999104911e+18
1779637923102794525,12.164,1.8975,969.55,72.60158210779782,18.2,44.08091179367283,12.352031642155957,1.779637715413211e+18,1.7796379956857915e+18
1779637923502928561,11.996,6.015,1320.425,72.24320620120172,18.2,43.92055852438869,12.344864124024035,1.7796377216783148e+18,1.7796379934323594e+18
1779637923903269968,11.676,13.2475,752.8,71.83611967755253,17.7975,43.759128166063476,12.336722393551051,1.779637724663738e+18,1.7796379925988037e+18
1779637924303575563,11.752,11.665,658.95,71.33667071670862,17.465,43.538010322826416,12.326733414334173,1.779637722257561e+18,1.7796379940375928e+18
1779637924703907246,11.996,5.45,372.55,70.58331411646284,17.377499999999998,43.171100993715314,12.311666282329258,1.7796377133691517e+18,1.7796379982172032e+18
1779637925104136140,12.152,2.9475,1136.925,70.00370741311704,17.255,42.878588967933595,12.300074148262341,1.7796377015508452e+18,1.7796380036708431e+18
1779637925504809563,12.14,3.615,192.8,69.56540137067158,17.255,42.71604032966126,12.293481020560074,1.779637685804108e+18,1.7796380107927665e+18
1779637925905484222,11.78,12.6975,588.375,69.31771754692195,16.939999999999998,42.615300764875904,12.28976576320383,1.7796376662695823e+18,1.7796380195107292e+18
1779637926306078666,10.976,30.9175,157.175,68.55957290865227,16.834999999999997,42.317504898224165,12.278393593629785,1.7796376391144271e+18,1.7796380315032448e+18
1779637926706897079,10.928,31.9175,479.65,67.4791871204225,17.0975,41.89753204262471,12.262187806806338,1.779637585606991e+18,1.7796380545633306e+18
1779637927107093050,10.828,34.7,1463.775,67.47770380349165,17.0975,42.00345432295135,12.262165557052375,1.7796375079529347e+18,1.7796380877510879e+18
1779637927507761538,12.16,2.215,1190.275,67.35523939112933,17.412499999999998,42.04562170042591,12.26032859086694,1.7796373865111196e+18,1.7796381393688822e+18
1779637927908274049,12.18,2.5325,355.625,67.54278105568505,17.3075,42.17926963700009,12.263141715835276,1.7796371847763354e+18,1.7796382246903096e+18
1779637928308908490,12.192,2.735,1085.275,67.83792825401973,17.1675,42.34812705011582,12.267568923810297,1.7796367933298993e+18,1.7796383896025244e+18
1779637928709406799,12.108,3.7825,35.175,67.85320621570565,17.1675,42.34147179803147,12.267798093235585,1.7796356294525834e+18,1.7796388788877266e+18
1779637929109709625,11.512,18.1975,107.325,67.91691153203934,16.9225,42.34530709713522,12.26875367298059,1.7795865630710497e+18,1.7796594857021686e+18
1779637929510091980,11.012,29.68,327.525,67.92606321960106,17.08,42.26919386510083,12.268890948294016,1.779640584171529e+18,1.779636799051186e+18
1779637930311437836,11.064,28.715,999.525,67.93731629328437,17.08,42.259036965647674,12.269059744399266,1.7796392469029642e+18,1.7796373611727913e+18
1779637931513408050,11.172,25.1,1031.975,67.88972340640345,17.745,42.313107204947215,12.268345851096052,1.7796388383111631e+18,1.779637533222587e+18
1779637932313910937,11.892,8.3825,1334.175,67.75507852479612,18.1825,42.235407337894785,12.266326177871942,1.779638644503012e+18,1.7796376149497016e+18
1779637932714368151,12.024,5.865,794.775,67.81170810745294,18.060000000000002,42.29023219841133,12.267175621611795,1.7796385308407995e+18,1.7796376630687337e+18
1779637933114773647,11.996,6.5975,787.05,67.96473183033547,18.060000000000002,42.4892217281459,12.269470977455033,1.779638460148465e+18,1.7796376931723712e+18
1779637933515055788,11.92,8.815,763.475,68.12032019776034,17.849999999999998,42.60739763292254,12.271804802966406,1.779638407968703e+18,1.7796377155818834e+18
1779637934115518003,11.28,23.3975,691.525,68.02171893613689,17.6575,42.441634642065296,12.270325784042054,1.7796383669314934e+18,1.7796377333020147e+18
1779637934915999028,11.228,24.635,471.95,67.77954359031966,17.64,42.05521475867728,12.266693153854796,1.7796383320410163e+18,1.7796377484300618e+18
1779637935316274728,11.316,22.3975,1440.275,67.93609887418089,17.7975,42.176934841947116,12.269041483112714,1.7796383047785078e+18,1.7796377603994056e+18
1779637935716529437,11.156,26.015,1118.55,68.06575207107926,17.885,42.29365912343949,12.27098628106619,1.7796382832475986e+18,1.7796377699814966e+18
1779637936116822113,11.384,20.45,136.725,68.16572654014854,17.885,42.35687448622179,12.272485898102229,1.7796382667783805e+18,1.779637777425643e+18
1779637936517172272,11.46,18.6825,417.25,68.24059496083812,17.955,42.41390248305445,12.273608924412573,1.7796382549516792e+18,1.7796377828871836e+18
1779637936917520997,12.072,3.58,1273.325,68.18714768688679,17.9725,42.37193060838134,12.272807215303303,1.7796382455807775e+18,1.7796377872791025e+18
1779637937718238455,12.132,3.7325,220.325,68.27852078605399,17.605,42.424522779908116,12.27417781179081,1.7796382392604995e+18,1.7796377903885627e+18
1779637938118703063,12.136,3.8975,672.375,68.33197173526713,17.605,42.45469807194061,12.274979576029008,1.7796382343572337e+18,1.7796377928973235e+18
1779637938920172037,11.728,13.45,1261.975,68.24852602770093,16.939999999999998,42.426627189460305,12.273727890415515,1.7796382308513477e+18,1.7796377948051566e+18
1779637939320731483,11.828,10.15,574.425,68.22289307596748,16.8,42.477948234069,12.273343396139513,1.7796382275109668e+18,1.7796377966494218e+18
1779637939721246502,11.272,24.015,114.6,68.24753821606531,16.8,42.4804337432061,12.27371307324098,1.7796382276164111e+18,1.779637796952855e+18
1779637940723269993,11.176,25.45,1067.275,68.44196768507902,16.905,42.80557806688758,12.276629515276186,1.7796382333043612e+18,1.7796377948202844e+18
1779637941724577178,12.116,3.5,24.525,68.5346863769267,17.01,42.870908692244946,12.278020295653901,1.7796382409639124e+18,1.779637791858395e+18
1779637942124881131,12.152,3.3325,74.825,68.57817674883431,16.905,42.898372758055494,12.278672651232515,1.779638250411867e+18,1.7796377880834885e+18
1779637942525291100,12.016,6.6975,228.325,68.48602783546183,16.625,42.82092556879484,12.277290417531928,1.7796382612310659e+18,1.7796377836472202e+18
1779637943125955610,10.812,35.2,696.775,68.30563032230941,16.625,42.52843929855166,12.274584454834642,1.77963827346739e+18,1.7796377785162662e+18
1779637943526279308,10.788,35.5825,487.975,68.1543119788262,16.3625,42.35566709493871,12.272314679682394,1.779638286984196e+18,1.7796377727418217e+18
1779637944527247833,10.368,45.4325,1489.175,68.01563164311915,16.695,42.1819946225391,12.270234474646788,1.779638303777887e+18,1.7796377654494991e+18
1779637944927559388,10.392,44.3175,1267.8,68.06336682205661,17.1675,42.25277218091366,12.27095050233085,1.779638325904199e+18,1.7796377556912346e+18
1779637945327751267,10.372,44.25,592.2,68.22153319903157,17.1675,42.36001699275797,12.273322997985474,1.7796383539015288e+18,1.7796377432505577e+18
1779637945728194287,10.284,46.43,168.85,68.46152568500877,17.675,42.53062210710873,12.276922885275132,1.779638390120279e+18,1.7796377270720282e+18
1779637946528980868,10.944,28.765,1572.225,68.42257125638234,18.62,42.70355251293013,12.276338568845736,1.7796384360902802e+18,1.7796377063784658e+18
1779637946929814921,11.2,24.3675,1522.0,68.34372164286833,18.935000000000002,42.7174384719867,12.275155824643026,1.7796384915938004e+18,1.7796376812115162e+18
1779637947329913114,11.956,5.93,1367.975,67.72886150529713,19.0575,42.45379317766545,12.265932922579458,1.77963854997469e+18,1.7796376543703823e+18
1779637947730074467,12.156,2.265,897.925,67.61048357821096,19.215,42.40932269619476,12.264157253673165,1.779638624421661e+18,1.7796376199258693e+18
1779637948130338289,12.18,2.2,1101.825,67.65955838659401,19.040000000000003,42.445028684782194,12.264893375798911,1.7796387327539292e+18,1.7796375696370721e+18
1779637948530435376,12.192,2.285,85.7,67.8077321848185,19.040000000000003,42.51428362643446,12.267115982772278,1.7796389055499807e+18,1.7796374892101768e+18
1779637949330783051,12.2,2.65,798.1,68.07531444606829,18.8125,42.62310584418016,12.271129716691025,1.7796391736234668e+18,1.7796373643395323e+18
1779637949730988060,12.204,2.815,797.2,68.39205208745496,18.6375,42.73799803588043,12.275880781311825,1.7796396643474563e+18,1.7796371357046336e+18
1779637950131320246,12.208,2.715,794.45,68.67856227061935,18.602500000000003,42.836956222033486,12.280178434059291,1.7796408018926694e+18,1.7796366055477225e+18
1779637950531692375,12.168,3.615,786.05,69.16061447589814,18.41,43.033791744287,12.287409217138473,1.779646712292727e+18,1.7796338517016274e+18
1779637950932009784,10.572,42.385,760.425,68.96703949109002,18.41,42.65268884747859,12.28450559236635,1.779623570739291e+18,1.7796446373132805e+18
1779637951532514584,10.488,42.8825,682.225,68.81916726389419,18.147499999999997,42.51234609550041,12.282287508958413,1.7796332727017428e+18,1.7796401164091827e+18
1779637951932898233,10.536,41.3,443.575,68.73828769790775,18.497500000000002,42.47015630394654,12.281074315468617,1.7796349208781476e+18,1.779639348859798e+18
1779637952533483261,11.6,16.25,968.625,68.8761072410115,18.8475,42.50871433251673,12.283141608615173,1.7796356888109507e+18,1.7796389913090831e+18
1779637953333941512,10.324,46.2175,632.625,68.84412031470428,18.9525,42.49471588174976,12.282661804720565,1.7796359811377088e+18,1.779638855237814e+18
1779637953734146795,10.6,39.615,891.7,68.89920103561506,19.477500000000003,42.485464778206136,12.283488015534227,1.7796359901332905e+18,1.7796388506439332e+18
1779637954134573110,10.684,38.4325,1082.85,69.02195212737854,19.564999999999998,42.4754111188407,12.285329281910679,1.7796360140400317e+18,1.7796388390114642e+18
1779637954534957549,11.196,23.4175,27.775,68.67705904438444,19.7225,42.43315425150916,12.280155885665767,1.7796359160989622e+18,1.7796388842973542e+18
1779637954935496966,12.0,5.115,84.75,68.11473051335966,19.810000000000002,42.22861297414436,12.271720957700396,1.779635693403597e+18,1.779638988175963e+18
1779637955736459136,12.204,1.9125,789.25,68.19068198846992,19.372500000000002,42.299943323242225,12.27286022982705,1.779635542391096e+18,1.7796390588531346e+18
1779637956137030228,12.216,1.8825,770.175,68.32441147828088,19.2675,42.38543415183565,12.274866172174214,1.7796354244402296e+18,1.7796391139905907e+18
1779637958139491917,12.304,1.5975,110.1,68.90780696360189,18.6725,42.659451651489746,12.283617104454029,1.7796355322969597e+18,1.7796390636856655e+18
1779637958540375663,12.304,1.5325,335.975,69.3643423897306,18.55,42.83867955068254,12.29046513584596,1.7796357740474524e+18,1.7796389509381834e+18
1779637958940807990,12.308,1.5475,1025.3,69.75042499721347,18.4275,42.92767153040623,12.296256374958203,1.7796360516354906e+18,1.7796388215742252e+18
1779637959341377232,12.312,1.5175,1490.55,70.06993247249767,18.305,43.00216260233949,12.301398649449954,1.7796362950312776e+18,1.779638708162596e+18
1779637959741624093,12.244,3.5,1271.975,70.42150432695279,18.287499999999998,42.89665988301774,12.308430086539056,1.7796364965613345e+18,1.7796386141990198e+18
1779637960542460243,11.204,27.05,207.75,70.52233608784853,18.165000000000003,42.70628634313436,12.310446721756971,1.7796366602099185e+18,1.7796385380954693e+18
1779637960942826786,10.484,43.55,634.0,70.80074724203074,18.3925,42.71782453487854,12.316014944840616,1.779636816479738e+18,1.7796384656894548e+18
1779637961343729416,11.136,26.3,296.4,70.9756232789237,18.655,42.90896347126174,12.319512465578475,1.7796369526064704e+18,1.77963840286167e+18
1779637962144318121,12.252,1.68,1111.975,71.15575142549709,18.445,43.00469624731462,12.323115028509942,1.7796370575669412e+18,1.7796383544821855e+18
1779637963545285427,12.296,1.65,915.925,71.43500973590226,17.727500000000003,43.15414448733446,12.328700194718046,1.779637137865404e+18,1.779638317437033e+18
1779637963945717871,12.304,1.665,1126.25,71.65822837104974,17.57,43.27342747271751,12.333164567420996,1.779637212136166e+18,1.77963828334748e+18
1779637964345941510,12.316,1.5325,160.225,71.86348509527409,17.57,43.38355080160487,12.337269701905482,1.7796372788531459e+18,1.779638252877778e+18
1779637965146482886,12.32,1.615,1492.15,72.09520146662916,17.01,43.507018301821184,12.341904029332584,1.779637338636557e+18,1.779638225716151e+18
1779637965947077276,10.952,33.1,619.9,72.16864858649411,16.765,43.439760520175355,12.343372971729883,1.7796373883238013e+18,1.7796382032865756e+18
1779637966747742886,10.384,44.58,721.275,72.24532233675374,17.2375,43.731202920010816,12.344906446735076,1.7796374281265848e+18,1.77963818541657e+18
1779637967548373487,10.348,45.3675,53.975,72.2734065822224,17.5,43.83159531365393,12.345468131644449,1.779637460605654e+18,1.779638170950902e+18
1779637967948765610,10.284,47.5325,241.0,72.2476578088302,18.095,43.75726581197655,12.344953156176604,1.7796374877716895e+18,1.7796381589621304e+18
1779637968349283704,10.344,45.565,735.45,72.33295473293201,18.235,43.78989151539264,12.34665909465864,1.779637509592418e+18,1.779638149379837e+18
1779637968749804105,12.032,3.9825,606.0,71.8514921447828,19.0925,43.56694383341916,12.337029842895657,1.7796375226260623e+18,1.7796381438169938e+18
1779637969550611240,12.236,1.4475,326.15,71.71690593278689,18.27,43.46757141883422,12.334338118655738,1.7796375321975475e+18,1.7796381398499937e+18
1779637969951479620,11.312,23.5325,995.325,71.72320266956625,18.0425,43.525747814502864,12.334464053391326,1.779637541201583e+18,1.7796381361723095e+18
1779637970352124919,10.436,45.115,1399.075,71.83466111156916,18.305,43.214851416591166,12.336693222231384,1.7796375496995717e+18,1.779638132718808e+18
1779637971153599187,10.244,49.2,1391.45,72.18056581610418,18.8825,43.266877549217845,12.343611316322084,1.7796375600227863e+18,1.7796381284567027e+18
1779637971554117929,11.328,21.4325,969.55,72.24048956855763,19.3025,43.395454807642054,12.344809791371153,1.7796375688828616e+18,1.779638124834332e+18
1779637972755986815,12.204,1.615,752.8,72.14923041572385,19.145,43.34930865055971,12.342984608314477,1.779637572699264e+18,1.779638123418791e+18
1779637973357133365,12.228,1.5475,658.95,71.85106133030635,19.145,43.200684606556955,12.337021226606128,1.7796375717420585e+18,1.7796381240962028e+18
1779637974158749218,12.256,1.5675,1136.925,71.67359196808246,18.5675,43.112152818917586,12.33347183936165,1.7796375657396183e+18,1.7796381269336975e+18
1779637974959889864,12.276,1.6325,588.375,71.56528551686304,18.025000000000002,43.05805900850468,12.331305710337261,1.7796375577399777e+18,1.7796381306426624e+18
1779637975360616301,12.288,1.615,479.65,71.48932098056989,17.57,43.019974842178534,12.329786419611398,1.779637549870891e+18,1.7796381343113702e+18
1779637976162085793,11.116,28.75,1185.275,71.26392143774794,17.045,42.8788076973367,12.32527842875496,1.779637540537629e+18,1.779638138669844e+18
1779637976562851587,11.132,28.4325,355.625,71.24425714107224,17.045,42.88453757242907,12.324885142821445,1.7796375295090757e+18,1.7796381437108687e+18
1779637977363366782,11.0,31.615,1075.275,71.28331234598704,17.3075,42.915741426301246,12.325666246919742,1.7796375164647055e+18,1.7796381495689398e+18
1779637977763688505,10.912,34.1975,25.175,71.38239382707006,17.0275,42.7849609247258,12.327647876541402,1.7796374971106744e+18,1.7796381579237658e+18
1779637978564191192,11.392,19.7475,327.525,71.20638942816491,17.1675,42.78299295723296,12.324127788563299,1.7796374707352845e+18,1.7796381691916055e+18
1779637978964562066,11.376,21.0325,999.525,70.90960389983756,17.36,42.67575071623486,12.318192077996752,1.779637437218739e+18,1.7796381834432707e+18
1779637979764859475,11.8,10.265,1031.975,70.34505901157473,17.605,42.40967273321027,12.306901180231495,1.779637389790442e+18,1.7796382035846807e+18
1779637980565287826,10.392,45.95,1334.175,69.87527320309984,17.745,42.106450642383635,12.298129098046498,1.7796373262882755e+18,1.77963823051022e+18
1779637980965672911,10.356,45.7325,794.775,69.20178796499523,17.7625,41.87607139944228,12.28802681947493,1.779637238871666e+18,1.7796382675777175e+18
1779637981366001295,10.32,46.615,787.05,69.17109319778123,18.3925,41.960220268131636,12.28756639796672,1.779637135247787e+18,1.7796383114369503e+18
1779637982166379299,12.12,2.3975,471.95,68.66680556696501,19.705,41.70419770602958,12.280002083504476,1.7796369946304612e+18,1.7796383710349425e+18
1779637982566520608,12.188,1.715,1440.275,68.47722157701759,19.6525,41.5430524449415,12.277158323655264,1.779636776833264e+18,1.7796384628414415e+18
1779637983967684985,12.236,1.5475,136.725,68.5787108316515,19.477500000000003,41.53610956294288,12.278680662474773,1.779636408875295e+18,1.779638617191662e+18
1779637984367965059,12.248,1.5475,417.25,68.69232756742683,19.337500000000002,41.46606351275072,12.280384913511403,1.7796357415765228e+18,1.7796388962117686e+18
1779637984768402955,12.26,1.5675,1273.325,69.35523397329422,19.25,41.72303658332295,12.290328509599414,1.7796346315146432e+18,1.7796393590865196e+18
1779637985168781479,12.272,1.5325,609.075,69.57049383055482,19.0925,41.81066324707365,12.293557407458323,1.7796317346919158e+18,1.779640564868432e+18
1779637985569040993,12.28,1.5675,220.325,69.83106060456421,18.865,41.9180080406566,12.297465909068464,1.7796093836380518e+18,1.7796498592826862e+18
1779637985969394352,12.284,1.5475,672.375,70.0905896639063,18.865,42.13293476754774,12.301811793278127,1.779651329067942e+18,1.7796324206502907e+18
1779637986369798156,12.304,1.5475,1261.975,70.34661975736343,18.515,42.345300913696974,12.30693239514727,1.7796430825922394e+18,1.7796358511351677e+18
1779637987170440666,12.312,1.615,114.6,70.66715498989352,18.2175,42.39114720969648,12.313343099797871,1.7796409228144323e+18,1.7796367509132454e+18
1779637987570887160,12.316,1.5975,349.725,71.02412381115933,18.2175,42.59070122544116,12.320482476223187,1.7796401137890627e+18,1.7796370889657242e+18
1779637987971282069,12.32,1.665,1067.275,71.33521122665492,18.060000000000002,42.76440834815319,12.326704224533099,1.7796396830786365e+18,1.7796372696206697e+18
1779637988371690280,12.324,1.5975,1618.65,71.55768295841874,17.8675,42.88888668429921,12.331153659168375,1.7796395045742147e+18,1.7796373455020703e+18
1779637988772264458,12.328,1.5175,24.525,71.70930520273585,17.78,42.97420002483678,12.334186104054718,1.7796394033221816e+18,1.7796373892086446e+18
1779637989172693443,12.336,1.5475,24.825,71.85440441955454,17.78,43.05569199645936,12.337088088391091,1.7796393493763768e+18,1.7796374132656776e+18
1779637989572943600,12.336,1.5175,228.325,72.04203332588318,17.622500000000002,43.2053248807121,12.340840666517664,1.7796393321904722e+18,1.7796374221663188e+18
1779637989973292773,12.344,1.5475,696.775,72.23390710673678,17.3425,43.36629842382643,12.344678142134736,1.7796393547759194e+18,1.7796374147567624e+18
1779637990373638672,12.348,1.6325,487.975,72.43052592702001,17.115,43.56625867124289,12.3486105185404,1.779639401379872e+18,1.7796373976532897e+18
1779637990773891863,12.34,1.765,1489.175,72.60952276709895,17.1325,43.904234316997815,12.35219045534198,1.7796394922722644e+18,1.779637362585451e+18
1779637991574585019,12.344,1.9125,592.2,72.90067650253897,16.695,43.78871123700928,12.35801353005078,1.7796396592498737e+18,1.7796372969035215e+18
1779637991974942247,12.348,1.78,168.85,73.1261991859382,16.695,43.700315689342844,12.362523983718765,1.7796399398564695e+18,1.7796371855440228e+18
1779637993175894561,12.292,3.2,1572.475,73.4859358171457,16.1875,43.68107803064115,12.369718716342915,1.7796405997250143e+18,1.7796369216206467e+18
1779637994376711443,10.552,44.9675,897.925,73.41837006019567,15.995000000000001,42.81987116165044,12.368367401203914,1.7796421401327278e+18,1.7796363036456492e+18
1779637994776873990,10.456,45.3475,1101.825,73.36429137478157,16.4325,42.1873948762303,12.367285827495632,1.7796486155357693e+18,1.7796337018567875e+18
1779637995177076506,10.468,45.085,85.7,73.30097315736852,16.4325,41.5230229918585,12.36601946314737,1.7796212396887785e+18,1.7796447081181412e+18
1779637995577486526,10.044,44.215,798.1,73.8700734616505,17.395,44.42498450978228,12.37740146923301,1.7796339162411412e+18,1.779639612423473e+18
1779637997378698359,10.736,36.735,760.425,74.16303639381718,18.095,44.59578851434332,12.383260727876344,1.779635800779171e+18,1.7796388556226204e+18
1779637998179233470,10.7,37.165,443.575,74.37615543151503,18.689999999999998,44.78537629762554,12.387523108630301,1.7796365075468137e+18,1.7796385722542833e+18
1779637998579808277,11.212,23.65,1353.675,74.4515221115134,18.8825,45.05765840949496,12.389030442230268,1.7796368639519903e+18,1.77963842971743e+18
1779637999380428462,11.232,24.3475,968.625,74.56518030240255,18.9525,45.23435288965268,12.391303606048051,1.779637088045173e+18,1.7796383404368246e+18
1779638000181075559,11.944,6.05,744.175,74.25712806678088,18.900000000000002,45.14372175158304,12.385142561335618,1.779637208498477e+18,1.7796382926516334e+18
1779638000581392408,12.124,3.25,632.625,74.02879896929342,18.9525,45.042419473272616,12.380575979385869,1.7796372864431468e+18,1.7796382619392402e+18
1779638001181879493,12.14,3.265,292.2,73.83762324305785,18.7775,44.95690541630948,12.376752464861157,1.7796373446556326e+18,1.7796382392170422e+18
1779638001582136252,12.032,7.1675,891.7,73.78868124687345,18.62,44.942002160274,12.37577362493747,1.7796373950901138e+18,1.7796382196930783e+18
1779638001982325064,11.76,13.5975,1082.85,73.75042869473569,18.48,44.92615419516559,12.375008573894714,1.779637442164804e+18,1.7796382016357783e+18
1779638002783006822,10.42,45.3675,84.75,73.6267399802526,19.0925,44.595409991751225,12.372534799605052,1.7796374813698844e+18,1.779638186776367e+18
1779638003183239641,10.412,45.2825,258.625,73.4958714176904,19.127499999999998,44.364130930182775,12.369917428353808,1.7796375099257057e+18,1.7796381761274775e+18
1779638005385003237,10.936,32.1825,1630.775,73.39404873394777,21.105,44.32239185600743,12.367880974678956,1.7796375259288387e+18,1.7796381704424852e+18
1779638005785437168,11.56,15.25,61.525,72.94873832414515,21.3325,44.19260735008297,12.358974766482904,1.7796375324695823e+18,1.779638168518269e+18
1779638006586094060,11.416,19.1825,572.95,72.54466212144227,21.314999999999998,44.07118443152787,12.350893242428846,1.779637530873606e+18,1.7796381698360064e+18
1779638007586770787,12.068,4.4325,335.975,71.95238086184197,21.3675,43.76312962497553,12.33904761723684,1.7796375199167724e+18,1.7796381749219845e+18
1779638008787717152,12.252,1.5825,1271.975,71.54687222584738,20.9825,43.542273474636545,12.330937444516948,1.7796374971665656e+18,1.7796381846614054e+18
1779638009188031396,12.264,1.615,604.95,71.1678569208943,20.895,43.336241427329426,12.323357138417887,1.7796374688054295e+18,1.7796381966615624e+18
1779638009588291939,12.256,2.15,207.75,70.86614221291121,20.7025,43.17204116996691,12.317322844258225,1.7796374343222354e+18,1.77963821112003e+18
1779638009988742822,12.068,6.0,634.0,70.40997574594873,20.7025,42.92139367960413,12.308199514918975,1.7796373917995735e+18,1.7796382288643197e+18
1779638010389251873,12.176,3.665,296.4,69.98051342169217,20.615,42.685936509554935,12.299707701325383,1.7796373319232684e+18,1.7796382534983478e+18
1779638010789501595,12.216,2.9475,904.525,69.47467537121688,20.3875,42.485914993598165,12.292120130568254,1.7796372425202386e+18,1.7796382898436954e+18
1779638011189864029,11.996,6.6475,1121.975,69.7510651110107,20.474999999999998,43.0901117573799,12.296265976665161,1.7796371212505802e+18,1.7796383385307986e+18
1779638011590073109,11.508,18.615,147.175,70.05595418457789,20.37,43.58234742053044,12.301119083691558,1.779636952586405e+18,1.7796384055913367e+18
1779638012390471819,11.096,28.465,1370.6,70.361561101069,20.334999999999997,44.157962584481126,12.30723122202138,1.7796366751361859e+18,1.7796385148854326e+18
1779638012790697285,12.148,3.13,905.925,69.37688643343989,20.405,42.36030661094992,12.290653296501599,1.7796360309572493e+18,1.7796387684228567e+18
1779638013591048486,12.272,1.665,160.225,69.64778886797538,19.9675,42.50375575770749,12.294716833019631,1.7796340305478446e+18,1.7796395527842284e+18
1779638014391410912,12.292,1.665,1492.15,69.94678954177421,19.7575,42.59407663534495,12.299201843126614,1.7777403694427282e+18,1.7803808817215084e+18
1779638014791685892,12.304,1.5825,1276.875,70.2390177631387,19.564999999999998,42.55197633463027,12.304780355262775,1.779642522606516e+18,1.7796362306592123e+18
1779638015192029011,12.308,1.5175,619.9,70.46838507370701,19.355,42.58869798879172,12.309367701474141,1.7796403426857257e+18,1.779637085099414e+18
1779638015992905179,12.32,1.6325,253.375,71.00138558729742,19.127499999999998,42.877951844804144,12.320027711745949,1.7796397230233784e+18,1.779637328802558e+18
1779638016393330712,12.104,5.55,773.225,71.22909486606329,18.9175,43.006474136332294,12.324581897321266,1.7796393951164613e+18,1.7796374582657032e+18
1779638016793648425,12.252,3.1,721.275,71.54232616471344,18.6375,43.19520819860697,12.33084652329427,1.7796392023768745e+18,1.7796375348545172e+18
1779638017193996622,11.216,26.85,562.75,71.51677749124097,18.6375,43.03528984632855,12.33033554982482,1.779639062165497e+18,1.7796375907167805e+18
1779638017594202881,11.012,31.7475,78.975,71.46835200490304,18.5325,42.85152249643732,12.329367040098061,1.779638954758778e+18,1.779637633615503e+18
1779638017994806441,10.896,33.515,241.0,71.55800914370765,18.7075,43.10730007535333,12.331160182874154,1.7796388804923487e+18,1.7796376635134979e+18
1779638018395177456,10.732,38.065,735.45,71.57624348204922,18.8475,43.10813390385982,12.331524869640985,1.7796388249197294e+18,1.7796376860282888e+18
1779638018795637389,12.1,4.1975,606.0,71.41505220725762,19.005,42.96380293699807,12.328301044145153,1.7796387774934853e+18,1.7796377052328627e+18
1779638019196101565,12.22,2.0475,210.95,71.4931649484498,18.8825,42.7502856061495,12.329863298968997,1.7796387402514511e+18,1.7796377204561682e+18
1779638019596370424,12.256,1.7,643.75,71.55346149404068,18.497500000000002,42.48341733566988,12.331069229880814,1.7796387089975347e+18,1.7796377333409295e+18
1779638019996669018,11.808,12.3825,326.15,71.76259992525516,18.497500000000002,42.594252742898824,12.335251998505104,1.7796386854157952e+18,1.7796377432775972e+18
1779638020396836679,11.336,23.3675,995.325,71.81488101741891,18.2,42.6481711345215,12.336297620348379,1.77963866621224e+18,1.7796377514883743e+18
1779638020797169707,11.3,24.0325,1399.075,71.8266812944396,18.165000000000003,42.69650429178524,12.336533625888793,1.779638650320063e+18,1.7796377583772508e+18
1779638021597812579,11.132,27.515,1391.45,71.79905522877846,18.287499999999998,42.78376333434197,12.33598110457557,1.7796386384575473e+18,1.779637763668209e+18
1779638021998167662,11.124,27.1325,969.55,71.85219593969457,18.34,42.9834492008575,12.337043918793892,1.779638630158035e+18,1.779637767554593e+18
1779638022398286036,11.172,26.815,1320.425,71.868597704192,18.515,43.03159406014898,12.33737195408384,1.7796386291832617e+18,1.7796377685294152e+18
1779638023398703053,12.048,4.98,658.95,71.5702684511302,18.7075,42.8398561835203,12.331405369022605,1.779638629510461e+18,1.7796377688932477e+18
1779638023798889013,11.772,12.815,372.55,71.72173081562548,18.62,42.937405847021274,12.33443461631251,1.7796386443887665e+18,1.7796377635221937e+18
1779638025199521831,11.656,14.6475,588.375,71.65815084645882,19.1975,42.911203768851564,12.333163016929177,1.7796386648463826e+18,1.7796377559625252e+18
1779638025599701567,12.168,3.58,479.65,71.6047405738041,19.355,42.81914876064231,12.332094811476082,1.779638684560782e+18,1.779637748666434e+18
1779638025999905762,12.092,5.465,1463.775,71.77725340914483,19.39,42.94437913772056,12.335545068182897,1.7796387088905992e+18,1.7796377396009057e+18
1779638026400105671,12.092,5.48,1190.275,71.71476611904407,19.372500000000002,42.90021620769112,12.334295322380882,1.7796387547155694e+18,1.779637721908694e+18
1779638027200511025,11.436,20.5325,1085.275,71.568218736465,19.355,42.82611899578828,12.3313643747293,1.7796388237831283e+18,1.779637694848784e+18
1779638027800957908,11.408,21.315,35.175,71.35892446155239,19.599999999999998,42.68476108972463,12.327178489231049,1.7796389157536806e+18,1.779637658478749e+18
1779638028201166094,11.432,20.75,107.325,71.09877624360726,19.845,42.4968704126942,12.321975524872146,1.7796390305077284e+18,1.779637612760733e+18
1779638028601412519,11.468,18.165,327.525,70.55902138754762,19.845,42.2071346039939,12.311180427750953,1.779639161329428e+18,1.7796375600766e+18
1779638029001760293,11.512,18.1975,999.525,70.36053428111806,19.845,42.11129247670758,12.307210685622362,1.779639297232062e+18,1.7796375050075215e+18
1779638029402008791,11.412,20.6825,1411.9,69.76161837241526,20.055,41.72992334737931,12.29642427558623,1.779639396811954e+18,1.7796374638598953e+18
1779638029802280358,12.156,2.815,1031.975,69.62378733744863,20.2825,41.75668545250411,12.29435681006173,1.7796394948511073e+18,1.77963742302599e+18
1779638030202650521,12.2,2.7975,1510.925,69.93717391255998,20.334999999999997,42.108793977518765,12.2990576086884,1.7796396821321126e+18,1.7796373461098516e+18
1779638030603134462,12.208,2.8625,1334.175,70.13417437916132,20.334999999999997,42.300290306289014,12.302683487583227,1.7796400116358374e+18,1.7796372112614735e+18
1779638031803940888,12.212,3.08,691.525,70.5588169814537,19.7925,42.948506944225265,12.311176339629075,1.7796406980228014e+18,1.7796369311807183e+18
1779638032204110965,12.04,7.1475,471.95,70.84900116511228,19.7925,43.185845150864196,12.316980023302246,1.7796425245814702e+18,1.7796361862006523e+18
1779638032604624068,11.748,13.4825,1440.275,70.92823262176749,19.897499999999997,43.237889362918885,12.31856465243535,1.7796510123725852e+18,1.7796327217409925e+18
1779638033004976258,11.752,12.95,1118.55,70.83708867525286,20.02,43.15857202081221,12.316741773505058,1.7796139932733568e+18,1.77964783675679e+18
1779638033405382875,11.816,11.2975,136.725,70.7284097469598,20.23,43.114490767337905,12.314568194939197,1.7796303755696945e+18,1.7796411495704323e+18
1779638033806048327,11.748,13.2825,417.25,70.79474940732692,20.352500000000003,43.278259621039055,12.315894988146539,1.7796326622901056e+18,1.7796402168072617e+18
1779638034607258659,11.764,13.0975,609.075,70.88417773092866,20.51,43.44134326265712,12.317683554618574,1.7796334833040038e+18,1.779639882299991e+18
1779638035407994455,11.764,13.35,672.375,70.97382128995287,20.405,43.53028114731173,12.319476425799058,1.7796338078569774e+18,1.7796397502811023e+18
1779638035808792259,11.696,14.385,413.525,70.89480081762608,20.439999999999998,43.34405384965089,12.317896016352522,1.7796336989335178e+18,1.7796397956232108e+18
1779638037410358567,10.82,36.4825,349.725,70.32121140473329,20.6325,42.21593451845034,12.306424228094667,1.779631629185338e+18,1.7796406453063355e+18
1779638037810592034,10.94,31.135,1618.65,70.808363488032,21.0175,42.944074350759266,12.31616726976064,1.7796268168546025e+18,1.7796426159190523e+18
1779638038210876010,10.592,40.415,24.525,70.72958894892388,21.1925,42.82256011775313,12.314591778978478,1.7797028067833347e+18,1.779611510440177e+18
1779638038611154073,10.648,39.465,228.325,70.70659176504489,21.5075,42.653653013411265,12.314131835300898,1.7796474058382915e+18,1.7796341888948308e+18
1779638039011335505,10.732,35.25,696.775,70.88341509670222,21.7,43.063130816561696,12.317668301934045,1.779643912700869e+18,1.7796356199014415e+18
1779638039411594044,10.728,37.185,487.975,70.79863640474107,21.875,42.965783116577725,12.315972728094822,1.779642578249324e+18,1.7796361666529352e+18
1779638039811699692,10.664,38.53,1489.175,70.72312105889054,22.0325,42.90484655137415,12.314462421177812,1.7796410016668608e+18,1.7796368128496243e+18
1779638040412004114,12.108,2.75,1267.8,70.20785829159821,22.2075,42.550872100153406,12.304157165831965,1.7796401689582113e+18,1.7796371537075118e+18
1779638040812204993,12.204,1.615,592.2,70.0219747260556,22.1725,42.4385206530308,12.300439494521113,1.7796397275215754e+18,1.7796373344467492e+18
1779638041212629132,12.232,1.4975,168.85,69.97497784239495,22.015,42.43082693083312,12.299624667635925,1.7796394663072745e+18,1.7796374415099423e+18
1779638041612884453,12.252,1.5175,515.275,70.16407474411704,21.77,42.464029118545824,12.303281494882341,1.7796393145133463e+18,1.7796375039800694e+18
1779638042013280960,12.26,1.5975,1572.475,70.29996705074176,21.5425,42.52635895695912,12.305999341014836,1.779639251320028e+18,1.7796375301392061e+18
1779638042413675278,12.272,1.5825,1522.0,70.45047488040693,21.3675,42.59882878047125,12.30900949760814,1.7796392253558697e+18,1.7796375410924104e+18
1779638042813960414,12.28,1.5675,1367.975,70.72643594894065,21.122500000000002,42.7762503537865,12.314528718978814,1.779639249757536e+18,1.7796375314572956e+18
1779638043214117116,12.288,1.5975,897.925,70.87217941027653,20.912499999999998,42.87224895130445,12.317443588205531,1.7796392868170432e+18,1.779637516712634e+18
1779638043614426364,12.3,1.5675,1101.825,71.0179431458095,20.650000000000002,42.969105701165745,12.32035886291619,1.7796393358008312e+18,1.7796374971681e+18
1779638044014740934,12.312,1.5475,261.525,71.15634276144246,20.212500000000002,43.06274831542317,12.32312685522885,1.7796394134299722e+18,1.7796374659065876e+18
1779638044615434955,12.32,1.5175,798.1,71.31814918051819,20.212500000000002,43.18032520108812,12.326362983610364,1.7796395266503135e+18,1.779637420135668e+18
1779638045015879865,12.32,1.5675,797.2,71.53250240521344,19.897499999999997,43.31955487766442,12.33065004810427,1.7796396656995364e+18,1.7796373640030554e+18
1779638045416783914,12.328,1.5675,794.45,71.79655397276512,19.67,43.461753020717296,12.335931079455303,1.7796398973446136e+18,1.7796372701143923e+18
1779638045817535878,12.332,1.5675,786.05,72.07691980484671,19.39,43.601981013514404,12.341538396096935,1.779640299928585e+18,1.7796371065339464e+18
1779638046218051060,12.336,1.68,760.425,72.32314708592494,19.075,43.72852791507877,12.3464629417185,1.7796411733432453e+18,1.7796367506559642e+18
1779638046618721910,12.34,1.6325,682.225,72.54391526269232,18.9175,43.842843623336165,12.350878305253847,1.7796436330180093e+18,1.7796357473269197e+18
1779638047019158224,12.344,1.65,443.575,72.74340565560857,18.9175,43.95154993121395,12.354868113112172,1.7796789583977756e+18,1.779621329831211e+18
1779638047419831274,12.36,1.5475,968.625,73.00238091824838,18.235,44.05471764166962,12.360047618364968,1.7796310713197345e+18,1.7796408753285143e+18
1779638047820418756,12.368,1.5175,1317.6,73.22977944238049,17.92,44.473864566529365,12.36459558884761,1.7796350138754504e+18,1.779639266872744e+18
1779638048221047441,12.272,3.115,744.175,73.34978956684449,17.92,44.35905656993442,12.36699579133689,1.7796361498693174e+18,1.779638803914346e+18
1779638048621698438,12.012,9.1,632.625,73.45786330712282,17.6575,44.47850336707264,12.369157266142457,1.7796366335023112e+18,1.7796386069212536e+18
1779638049022270440,11.724,15.0825,292.2,73.53269812196172,17.465,44.749625396993984,12.370653962439235,1.7796369414260833e+18,1.7796384818608215e+18
1779638049422854437,11.516,20.25,891.7,73.47137540091113,17.5,43.8204580528379,12.369427508018223,1.7796371238158538e+18,1.7796384079823368e+18
1779638049823248607,10.96,33.1825,1082.85,73.39104080287342,17.5,43.17677647740577,12.367820816057469,1.7796372492598275e+18,1.7796383573624415e+18
1779638050223790769,10.932,32.965,27.775,73.31374636169573,17.5525,42.71837536199495,12.366274927233915,1.7796373487528026e+18,1.7796383174434934e+18
1779638050624154593,12.26,1.615,84.75,73.55673296279316,17.9725,42.84353352057365,12.371134659255864,1.779637430957756e+18,1.7796382845311903e+18
1779638051024604624,12.284,1.68,258.625,73.76841276770669,18.095,43.00395848554129,12.375368255354134,1.779637494892071e+18,1.7796382589902449e+18
1779638051424984986,12.296,1.765,789.25,73.96290441405799,18.147499999999997,43.15496740539645,12.37925808828116,1.7796375451662976e+18,1.779638238950083e+18
1779638051825433382,12.308,1.665,770.175,74.12337662763039,18.147499999999997,43.27896004451087,12.382467532552608,1.779637585021979e+18,1.7796382231005617e+18
1779638052225735323,12.316,1.8,711.975,74.28917089362609,18.147499999999997,43.40459673535135,12.385783417872522,1.779637613295801e+18,1.779638211841047e+18
1779638052626040842,12.292,2.25,534.375,74.41489736350259,18.147499999999997,43.50039608787264,12.388297947270052,1.7796376364700068e+18,1.7796382026346982e+18
1779638053226400065,12.32,1.715,1630.775,74.5344432931737,18.060000000000002,43.592418936834484,12.390688865863474,1.7796376504249912e+18,1.7796381970394345e+18
1779638053626908225,12.328,1.815,61.525,74.66145262845609,17.9725,43.68889028620156,12.393229052569122,1.7796376617930414e+18,1.7796381924730796e+18
1779638054027282067,12.332,1.8975,187.75,74.78044430582429,17.9725,43.77865815269888,12.395608886116486,1.779637675744777e+18,1.7796381869677724e+18
1779638054427711587,12.348,1.4975,572.95,74.86803026841437,17.745,43.84719525006286,12.397360605368288,1.7796376905208906e+18,1.7796381812076616e+18
1779638054828182660,12.356,1.615,110.1,74.97203261937351,17.745,43.9276541079095,12.39944065238747,1.7796377060589133e+18,1.7796381752244726e+18
1779638055228612965,12.36,1.5825,2335.975,75.07709028426932,17.675,44.00909157239723,12.401541805685387,1.779637722791925e+18,1.779638168854314e+18
1779638055629122597,12.364,1.5975,1025.3,75.17345642141092,17.675,44.083604010739194,12.403469128428219,1.7796377387157148e+18,1.7796381628461816e+18
1779638056029430218,12.364,1.5475,1490.55,75.2539924467996,17.535,44.14637411861456,12.405079848935992,1.779637752579443e+18,1.779638157658021e+18
1779638056630135307,12.368,1.5975,1271.975,75.32722561414937,17.395,44.20306355996518,12.406544512282988,1.7796377642584822e+18,1.7796381533339794e+18
1779638057030623575,12.368,1.5325,604.95,75.38833062068102,17.3075,44.25095949266239,12.40776661241362,1.7796377753635308e+18,1.7796381492679094e+18
1779638057631195116,11.824,13.6825,207.75,75.38362322147077,17.3075,44.157038421060435,12.407672464429416,1.7796377844779722e+18,1.779638145994645e+18
1779638058231903172,10.492,46.2325,634.0,75.04767414794094,17.2025,42.806905951411345,12.400953482958819,1.779637790078239e+18,1.7796381441074463e+18
1779638058632282134,10.476,45.165,296.4,74.94401627661107,17.535,42.69207102452979,12.398880325532222,1.779637793964172e+18,1.7796381428809713e+18
1779638059032621040,10.824,35.785,904.525,74.95035016061937,18.1125,42.89456003413204,12.399007003212388,1.7796377917351334e+18,1.7796381438591488e+18
1779638059833402992,12.136,2.9825,1121.975,74.56803677343959,18.462500000000002,42.70098490539363,12.391360735468792,1.7796377883953037e+18,1.779638145335724e+18
1779638060433938612,12.24,2.25,449.125,74.45230288840898,18.4275,42.60121672602269,12.38904605776818,1.7796377828366154e+18,1.779638147632551e+18
1779638061034499383,12.284,1.78,1370.6,74.38518085621135,18.252499999999998,42.540202233048085,12.387703617124227,1.7796377754393871e+18,1.7796381506012723e+18
1779638061434982393,12.284,1.8825,905.925,74.32405338796437,17.99,42.43036098087021,12.386481067759288,1.7796377677491983e+18,1.779638153681786e+18
1779638061835306193,12.308,1.5975,1126.25,74.29360994269042,17.7975,42.09267333974818,12.385872198853809,1.779637758326751e+18,1.779638157370888e+18
1779638062236035916,12.312,1.615,160.225,74.42071899984528,17.727500000000003,42.157393714908565,12.388414379996906,1.7796377479986232e+18,1.7796381613434957e+18
1779638062836315069,12.324,1.665,488.95,74.51674664857313,17.727500000000003,42.20582765754564,12.390334932971463,1.7796377322430415e+18,1.7796381671891953e+18
1779638063236776445,11.936,10.8475,1492.15,74.5720865762462,17.5175,42.228938488641845,12.391441731524925,1.7796377128236908e+18,1.7796381742804068e+18
1779638063637601680,11.244,26.43,619.9,74.59430380459659,17.5525,42.36695227405163,12.391886076091932,1.7796376895603497e+18,1.7796381826816067e+18
1779638064038113778,11.292,24.265,253.375,74.55189413650807,17.5525,42.5842248810467,12.391037882730162,1.7796376631104392e+18,1.7796381921789263e+18
1779638064638975985,12.184,3.05,773.225,74.35889405843348,17.709999999999997,42.488449052919535,12.38717788116867,1.779637629507986e+18,1.7796382041991764e+18
1779638065039253044,12.248,2.3,721.275,74.23169520488742,17.709999999999997,42.41878648438834,12.384633904097749,1.7796375884235548e+18,1.7796382188262047e+18
1779638065439687694,12.264,2.15,562.75,74.09616482208472,17.465,42.34279546831993,12.381923296441695,1.7796375394038047e+18,1.7796382362272737e+18
1779638066040671434,12.284,1.9975,78.975,73.97663090808794,17.0625,42.27517913370718,12.37953261816176,1.7796374763968115e+18,1.7796382585077425e+18
1779638066441418955,12.292,1.9975,241.0,73.87994072116521,17.0625,42.21832555933622,12.377598814423305,1.7796373953667295e+18,1.7796382870493345e+18
1779638066842057519,12.092,6.0825,735.45,73.68122415993996,16.765,42.11912372977666,12.3736244831988,1.7796372829819075e+18,1.779638326525508e+18
1779638067242165720,11.66,15.215,606.0,73.41964242441027,16.6075,42.09961395196886,12.368392848488206,1.7796371163658452e+18,1.7796383849317599e+18
1779638067642391805,11.108,29.4475,210.95,73.22599379635912,16.6075,42.05263874876865,12.364519875927183,1.7796368571886287e+18,1.779638475629449e+18
1779638068042893701,11.172,27.515,643.75,73.00677606483522,16.8,42.02154249888405,12.360135521296705,1.7796364050535293e+18,1.7796386336839217e+18
1779638068843417282,11.728,13.88,995.325,72.65824522847869,17.255,41.86471845662154,12.353164904569574,1.7796353344732493e+18,1.7796390077842936e+18
1779638069243718490,11.688,14.6475,1399.075,72.27836454404803,17.255,41.688327606305975,12.345567290880961,1.7796298944045358e+18,1.7796409081315325e+18
1779638070044167431,12.272,1.8,1391.45,72.19057770549755,17.36,41.69907884167937,12.343811554109951,1.779646855458701e+18,1.7796349847711122e+18
1779638070444372056,12.296,1.6325,969.55,72.47722970705412,17.3425,42.41533510873782,12.349544594141083,1.7796412671934126e+18,1.779636937236232e+18
1779638070844706866,12.308,1.5675,1320.425,72.7227210129202,17.3425,43.0124284298541,12.354454420258405,1.7796401755434783e+18,1.7796373190947912e+18
1779638071245018041,12.316,1.665,752.8,72.8553145796777,17.255,43.221558154117126,12.357106291593555,1.7796397067150016e+18,1.7796374833616824e+18
1779638071645379804,12.32,1.4825,658.95,73.20872426931801,17.08,43.51103520361794,12.36417448538636,1.7796394711193495e+18,1.7796375662885885e+18
1779638072045699466,12.332,1.5475,372.55,73.39898561657137,16.939999999999998,43.6811714040481,12.367979712331428,1.7796393259791782e+18,1.7796376176387494e+18
1779638072446024404,12.332,1.5475,1136.925,73.51781046808527,16.939999999999998,43.790197187158654,12.370356209361706,1.779639224718097e+18,1.7796376536665477e+18
1779638072846345179,12.34,1.5675,192.8,73.64999070195859,16.9225,43.91112132639401,12.372999814039172,1.7796391433379507e+18,1.7796376828170388e+18
1779638073646961814,12.288,2.4825,157.175,73.70552602983568,16.7825,43.956012625753544,12.374110520596714,1.7796390727673935e+18,1.779637708237615e+18
1779638074047381925,11.752,14.265,479.65,73.68035548129734,16.537499999999998,43.91512688209443,12.373607109625947,1.7796390037227722e+18,1.7796377331265006e+18
1779638074647873490,11.584,17.9175,1463.775,73.59699819411149,16.695,43.847334346923,12.37193996388223,1.7796389514715515e+18,1.7796377520330028e+18
1779638075048134031,11.556,18.8475,1190.275,73.5300193337255,16.695,43.82919535428336,12.37060038667451,1.779638910661329e+18,1.7796377668561697e+18
1779638075448844216,11.38,22.8,355.625,73.57416324642125,16.852500000000003,44.02417932063108,12.371483264928425,1.7796388833337795e+18,1.779637776929011e+18
1779638075849657809,12.164,3.2975,1085.275,73.3665456544891,17.1325,43.77391263627408,12.367330913089782,1.7796388557790543e+18,1.7796377869848965e+18
1779638076250389313,12.276,1.85,35.175,73.48690484844819,17.377499999999998,43.872757719951515,12.369738096968964,1.7796388413291103e+18,1.7796377924542305e+18
1779638077051199674,12.304,2.0675,999.525,73.6377361246249,17.36,44.01427850295083,12.372754722492498,1.779638840610542e+18,1.779637793136996e+18
1779638077451934488,12.312,1.815,1411.9,73.74849547841141,17.36,44.12017009694793,12.374969909568229,1.7796388504220462e+18,1.7796377901191483e+18
1779638077852377110,12.32,1.8975,1031.975,73.85396201206288,17.36,44.22142364082427,12.377079240241258,1.7796388703266412e+18,1.7796377835467223e+18
1779638078252935520,12.228,3.7975,1510.925,73.89919108115234,17.395,44.254732312180636,12.377983821623047,1.779638898949612e+18,1.779637773877935e+18
1779638078653252031,12.268,3.215,1334.175,74.0390944628964,17.2025,44.355095149377505,12.380781889257928,1.7796389413923172e+18,1.779637759347601e+18
1779638079053578323,10.94,35.0975,794.775,73.80037007588828,17.2025,43.11963557190504,12.376007401517766,1.779638982428757e+18,1.779637745174757e+18
1779638079454094943,10.528,43.8325,787.05,73.68442261252585,16.9225,42.713703829045166,12.373688452250517,1.779639029390214e+18,1.7796377288028367e+18
1779638079854362204,10.536,42.785,763.475,73.70175315853284,17.1675,42.68427189237098,12.374035063170657,1.7796390926883448e+18,1.7796377065869793e+18
1779638080855460358,10.792,35.4675,691.525,73.84738272142144,17.535,42.99753977145594,12.37694765442843,1.7796391939765343e+18,1.7796376709120947e+18
1779638081256004264,10.372,46.415,471.95,73.9660306502385,17.7625,43.02779670739452,12.37932061300477,1.7796393432261594e+18,1.7796376181665974e+18
1779638081656463283,10.38,45.3825,1440.275,74.11961932809463,18.0775,43.29184009272547,12.382392386561893,1.7796395771291955e+18,1.7796375353082079e+18
1779638082056864272,10.336,47.1975,1118.55,74.17811399201435,18.0775,43.3334967353219,12.383562279840287,1.7796399391655286e+18,1.7796374067848517e+18
1779638082457159687,10.372,45.585,136.725,74.24123597127856,18.41,43.46897535208537,12.384824719425572,1.7796404366093478e+18,1.7796372301551718e+18
1779638082857504045,10.828,33.38,417.25,74.18962845295987,18.8125,43.64472857484114,12.383792569059198,1.7796412140286316e+18,1.779636953745059e+18
1779638083257658642,12.048,3.05,1273.325,73.40438665769433,19.162499999999998,43.248520152894436,12.368087733153887,1.7796419031832666e+18,1.7796367072252675e+18
1779638083657824356,12.192,1.865,609.075,72.89831781597664,19.18,42.983000278553234,12.357966356319533,1.7796419286722294e+18,1.7796366964589565e+18
1779638084458187473,12.216,1.8325,220.325,72.48118800498834,18.9875,42.7635887933981,12.349623760099767,1.779641526110263e+18,1.7796368382374592e+18
1779638085258909870,11.664,13.7825,413.525,71.97702873135174,18.83,42.56266646053164,12.339540574627035,1.7796408951335496e+18,1.7796370619495885e+18
1779638085659198941,12.16,3.015,574.425,71.54613668985162,18.935000000000002,42.33816048266347,12.330922733797033,1.7796403226282335e+18,1.7796372654567155e+18
1779638086059483484,12.164,3.55,114.6,71.41767523908563,18.795,42.291099119929484,12.328353504781713,1.7796399357514952e+18,1.7796374031648084e+18
1779638086459874234,12.224,2.4175,349.725,71.38191728895141,18.6725,42.2860006235443,12.327638345779029,1.7796396998409905e+18,1.779637487025315e+18
1779638086860176613,12.232,2.6,1067.275,71.38494714186272,18.5675,42.3140293327637,12.327698942837255,1.7796395492921677e+18,1.7796375404020165e+18
1779638087660903522,12.244,2.7,24.525,71.46388895691159,18.445,42.37475193319821,12.329277779138232,1.779639454190233e+18,1.779637573975488e+18
1779638088261882522,12.252,2.5825,74.825,71.65815108485354,18.27,42.46705262986757,12.333163021697072,1.7796394099238106e+18,1.779637589304904e+18
1779638088662491203,12.256,2.7975,228.325,71.72474236947605,18.147499999999997,42.49755314652315,12.334494847389522,1.7796393846271252e+18,1.7796375978399437e+18
1779638089062744061,12.248,2.8625,696.775,71.64498661854431,18.1125,42.45637221006601,12.332899732370887,1.7796393432054062e+18,1.7796376123889533e+18
1779638089463654532,12.172,4.115,487.975,71.49275288107856,18.1125,42.37806802877686,12.329855057621572,1.779639287574337e+18,1.7796376322346586e+18
1779638089864084322,12.248,2.7,1489.175,71.3563302186597,18.0775,42.308118996192235,12.327126604373195,1.7796392222874875e+18,1.7796376557522301e+18
1779638090264602198,12.248,3.2825,1267.8,71.35341325234491,18.1125,42.30888421165775,12.327068265046899,1.7796391630637594e+18,1.7796376771993347e+18
1779638090665260173,11.724,15.35,592.2,71.187655765359,18.0425,42.191003804121905,12.32375311530718,1.7796390985861816e+18,1.7796377006821248e+18
1779638091065607260,11.624,16.58,168.85,71.17449355299755,17.92,42.40432993983908,12.323489871059952,1.7796390343466445e+18,1.7796377242691884e+18
1779638091466183628,11.452,20.7175,515.275,71.24660286266557,19.67,42.63375251101119,12.324932057253312,1.7796389718362383e+18,1.7796377474404132e+18
1779638091866446110,11.344,23.115,1572.475,71.28970423568973,18.0775,42.77016580119905,12.325794084713795,1.7796389127946337e+18,1.7796377694898668e+18
1779638092267106901,11.26,24.58,1522.0,71.27081810693701,18.235,42.73844490845085,12.325416362138741,1.779638853260397e+18,1.7796377918654185e+18
1779638092667961250,12.184,3.1,1367.975,71.30072843597446,18.3925,42.903529645844046,12.32601456871949,1.7796387943100795e+18,1.7796378141881303e+18
1779638093068141068,12.272,1.865,897.925,71.38587154534306,18.305,42.96545695674653,12.327717430906862,1.7796387355288274e+18,1.7796378366196367e+18
1779638093468759720,12.292,1.765,1101.825,71.63610005973337,18.2,43.471926208732384,12.332722001194668,1.7796386920543084e+18,1.7796378534154383e+18
1779638093868983546,12.308,1.6325,85.7,71.8977987724309,18.2,44.01254567496236,12.337955975448619,1.7796386657689644e+18,1.77963786377608e+18
1779638094269867177,12.32,1.6325,261.525,71.88381165650196,18.1825,43.39045708147909,12.33767623313004,1.7796386464142572e+18,1.7796378714926794e+18
1779638094670614132,12.328,1.5975,798.1,72.51756943968752,18.13,44.007002822456656,12.35035138879375,1.7796386433476252e+18,1.7796378732055982e+18
1779638095071191847,12.332,1.5175,797.2,72.90835587723804,17.9375,44.44417056477885,12.358167117544761,1.7796386556162747e+18,1.7796378691661898e+18
1779638095472001331,12.34,1.5825,794.45,73.26176779479141,17.849999999999998,44.83946913649461,12.365235355895829,1.7796386806696799e+18,1.7796378603560535e+18
1779638095872602664,12.348,1.5825,786.05,73.44178655570417,17.849999999999998,44.52488125068449,12.368835731114084,1.7796387156496102e+18,1.7796378478276913e+18
1779638096272932339,12.352,1.5175,760.425,73.78998465043942,17.709999999999997,44.85501683821367,12.375799693008789,1.779638769544606e+18,1.7796378282444864e+18
1779638096673348614,12.36,1.5825,682.225,74.08246280285721,17.465,45.11906294926193,12.381649256057145,1.7796388485158492e+18,1.7796377993034614e+18
1779638097073636885,12.36,1.615,443.575,74.36346274345311,17.3075,45.3998611579885,12.387269254869063,1.7796389600452677e+18,1.7796377582608812e+18
1779638097473806066,12.36,1.68,1353.675,74.60350057637672,17.3075,45.6344061240754,12.392070011527535,1.7796391202088522e+18,1.7796376991530053e+18
1779638097874010021,11.736,15.68,854.275,74.66945268416545,17.3075,45.30734938361696,12.39338905368331,1.779639349000661e+18,1.7796376145213919e+18
1779638098274165361,12.156,5.565,968.625,74.77141093435593,17.290000000000003,45.3814046631761,12.395428218687119,1.7796397304505106e+18,1.7796374730109074e+18
1779638098674718089,11.78,14.5825,1317.6,74.81749549063323,17.36,45.17315334875871,12.396349909812665,1.779640371405312e+18,1.7796372350966866e+18
1779638099275176615,11.3,24.9325,744.175,74.8228301008873,17.36,44.93431191233188,12.396456602017746,1.7796419937267423e+18,1.7796366316723507e+18
1779638100676270654,12.28,1.865,891.7,74.82610116447903,18.375,44.90684992297085,12.396522023289581,1.7796572350030195e+18,1.7796309552849057e+18
1779638101076414488,12.312,1.78,1082.85,74.89434616161957,18.3575,44.9668226576286,12.397886923232392,1.779631810714133e+18,1.7796404260847913e+18
1779638101476649173,12.328,1.4975,27.775,74.89262915259766,18.3575,44.96368512981397,12.397852583051954,1.779635416136024e+18,1.7796390838790738e+18
1779638101876805411,12.348,1.5975,258.625,74.95414457214791,18.095,45.107099328189534,12.399082891442958,1.7796364046941975e+18,1.7796387163295273e+18
1779638102276968242,12.348,1.5175,789.25,75.00731863226156,17.92,44.99474900768799,12.400146372645231,1.7796368775743265e+18,1.779638540906984e+18
1779638102677120526,12.348,1.615,770.175,75.05080334008953,17.92,44.89016947140741,12.401016066801791,1.7796371290161032e+18,1.779638447804587e+18
1779638103077472180,12.18,5.3475,711.975,75.05326690100222,17.6575,44.588439913181325,12.401065338020045,1.779637288065384e+18,1.7796383890945546e+18
1779638103477627506,11.348,24.4175,534.375,74.88711245341646,17.4825,43.25720622185636,12.39774224906833,1.7796373968679073e+18,1.779638349161155e+18
1779638104077967137,11.048,32.2175,1630.775,74.98824490663596,17.4475,42.77768803310434,12.39976489813272,1.7796374813897185e+18,1.7796383182860977e+18
1779638104478092431,10.872,35.5975,61.525,75.1303285366876,17.605,42.92852619222979,12.402606570733752,1.7796375525992e+18,1.779638292386595e+18
1779638104878429139,10.416,46.065,187.75,75.24884768774776,17.605,43.07415311118382,12.404976953754955,1.779637613296166e+18,1.779638270426343e+18
1779638105278826557,10.464,44.215,572.95,75.38317218626985,17.8325,43.3562540070931,12.407663443725397,1.7796376643045517e+18,1.7796382520692116e+18
1779638105679034716,12.208,1.9475,110.1,75.09385623557404,18.147499999999997,43.186672712180346,12.401877124711481,1.7796377033456276e+18,1.7796382382053123e+18
1779638106279356305,12.244,1.68,335.975,74.85445428696104,18.025000000000002,43.04295296802004,12.397089085739221,1.7796377331530145e+18,1.7796382277874555e+18
1779638107080125395,12.284,1.73,1271.975,74.73890271634014,17.5175,42.97374404070865,12.394778054326803,1.779637750307459e+18,1.7796382219552952e+18
1779638107480501168,12.288,1.75,604.95,74.60544135795075,17.43,42.89358839442382,12.392108827159015,1.7796377606221379e+18,1.7796382185999311e+18
1779638108281002947,11.444,21.4825,634.0,74.50667215809084,17.272499999999997,42.89710822480615,12.390133443161817,1.7796377637405348e+18,1.779638217849576e+18
1779638108681238222,11.256,25.55,296.4,74.39934366294558,17.1325,42.93304724724499,12.387986873258912,1.7796377604984087e+18,1.7796382193641595e+18
1779638109081597813,11.304,24.8325,904.525,74.24712358057661,17.325,42.879333813500466,12.384942471611533,1.7796377519346598e+18,1.779638222773244e+18
1779638109481813750,12.164,2.4475,1121.975,73.6863441157567,17.535,42.52778400544057,12.373726882315134,1.7796377362006633e+18,1.779638228822347e+18
1779638109882082740,12.292,1.5325,449.125,73.42116245096202,17.4475,42.356986412104625,12.36842324901924,1.7796377155557614e+18,1.7796382366547095e+18
1779638110282438719,12.3,1.5475,1370.6,73.35791859011813,17.1675,42.36611585276803,12.367158371802363,1.7796376913639992e+18,1.7796382457474998e+18
1779638110682803831,12.308,1.5825,905.925,73.31354392507289,16.9575,42.34921585543089,12.366270878501458,1.7796376630661537e+18,1.7796382562949292e+18
1779638112084019559,12.336,1.4825,1492.15,73.36327449013318,16.17,42.42541741632496,12.367265489802664,1.7796376283364375e+18,1.779638269165677e+18
1779638112484358385,12.344,1.5175,1276.875,73.49388513150554,15.75,42.476657656513716,12.369877702630111,1.7796375919021294e+18,1.7796382825940854e+18
1779638113084873267,12.348,1.4475,619.9,73.64632523271064,15.295,42.567280148588075,12.372926504654213,1.7796375503955162e+18,1.7796382977544845e+18
1779638113885701614,12.356,1.5675,773.225,73.75245913411925,14.9975,42.6305696212576,12.375049182682385,1.779637498623747e+18,1.7796383164836116e+18
1779638114286118802,12.36,1.5175,721.275,73.85204634803077,14.927499999999998,42.68976144377464,12.377040926960616,1.779637435892805e+18,1.779638338984458e+18
1779638114886681182,11.276,27.1825,562.75,73.74858953494865,14.927499999999998,42.45901012692638,12.374971790698973,1.7796373530338703e+18,1.7796383685719613e+18
1779638115287126299,0.596,43.5175,78.975,84.78703708289984,15.4175,87.9275790067907,12.619675927072496,1.779637574022061e+18,1.7796382879460687e+18
1779638115887359359,10.496,44.7975,241.0,83.37537071169983,16.66,80.80561422973251,12.584384267792496,1.7796376691884713e+18,1.7796382532896315e+18
1779638116287794134,10.372,46.535,735.45,81.77878360434491,16.66,75.05874509931456,12.544469590108623,1.7796377150107704e+18,1.7796382365994045e+18
1779638116688006267,10.74,36.7,210.95,81.07670061310074,18.584999999999997,73.38769739353624,12.526917515327519,1.7796377426457188e+18,1.779638226523065e+18
1779638117088382418,11.376,20.065,643.75,81.24529152755969,19.0925,74.914570728798,12.531132288188992,1.7796377645150252e+18,1.7796382185565658e+18
1779638117889239653,12.016,6.4825,995.325,81.19924632687209,19.1975,77.37894288335116,12.529981158171802,1.7796377810949588e+18,1.779638212524442e+18
1779638118289657244,12.18,2.8975,1399.075,82.38300535279862,19.11,83.70696869736065,12.559575133819965,1.7796378008891533e+18,1.7796382054347116e+18
1779638118690142041,12.168,3.5,982.825,83.81488833612849,19.022499999999997,91.69687346028702,12.595372208403212,1.7796378241039836e+18,1.7796381972719227e+18
1779638119090537552,11.428,19.7325,969.55,85.04949677084532,18.8475,91.46602584482628,12.626237419271133,1.7796378477661427e+18,1.7796381890776684e+18
1779638119491022740,11.22,25.515,1320.425,86.21021637007829,18.9175,90.29233190828576,12.655255409251957,1.7796378695804974e+18,1.7796381815884168e+18
1779638119891330486,10.5,43.6,752.8,84.9280629756889,19.145,83.44789554299835,12.623201574392223,1.779637884630534e+18,1.7796381765588283e+18
1779638120492045499,12.164,2.3975,658.95,84.73137375840892,19.459999999999997,83.31853698802138,12.618284343960223,1.7796378972022216e+18,1.7796381724642834e+18
1779638120892457261,12.188,2.5475,372.55,83.46764650238327,19.495,83.43072014747833,12.586691162559582,1.7796379054687235e+18,1.7796381698850545e+18
1779638121292929123,12.2,2.7975,1136.925,82.5332140671933,19.355,84.43750393820612,12.563330351679832,1.7796379108401687e+18,1.7796381683049644e+18
1779638121693365902,12.208,2.765,192.8,81.63537853063232,19.162499999999998,85.58938766658045,12.540884463265808,1.7796379143327862e+18,1.7796381673966308e+18
1779638122093637214,12.244,2.3325,588.375,81.81129108300865,19.2675,85.7045286690603,12.545282277075216,1.7796379182784973e+18,1.7796381663792727e+18
1779638122494040811,11.076,28.5825,157.175,82.55300406754557,19.2675,83.99030498971062,12.56382510168864,1.7796379236840049e+18,1.7796381649254147e+18
1779638123495115282,12.188,2.18,355.625,82.40078130263228,20.16,83.89314805828724,12.560019532565807,1.779637928184853e+18,1.779638163801101e+18
1779638123895576426,12.188,2.63,1085.275,82.32557231539047,19.7575,83.85338293066624,12.558139307884762,1.7796379321730378e+18,1.779638162854711e+18
1779638124496778806,11.688,14.0825,35.175,83.14721941779204,19.7575,84.12471797182693,12.578680485444801,1.7796379371406257e+18,1.779638161612236e+18
1779638124897209696,11.912,8.0475,107.325,83.49002792574126,19.7575,84.37107278122218,12.587250698143531,1.7796379422012042e+18,1.7796381603533778e+18
1779638125497931066,11.988,6.33,327.525,83.68003524518429,19.7575,84.53881667386032,12.592000881129607,1.7796379466368486e+18,1.779638159286861e+18
1779638125898358231,12.152,3.4675,999.525,83.57550435308966,20.02,84.48395554920556,12.589387608827241,1.779637949334489e+18,1.7796381587061366e+18
1779638126298863536,12.168,3.8475,1411.9,83.61358419976611,19.635,84.53103817667855,12.590339604994153,1.7796379517746668e+18,1.7796381582118188e+18
1779638126699456865,12.176,3.665,1031.975,82.89867013691449,19.32,86.22262663897632,12.572466753422862,1.7796379528473528e+18,1.7796381581375101e+18
1779638127099992618,12.172,3.8325,1510.925,69.57236953013364,19.215,41.645709409130525,12.293585542952005,1.7796379331028667e+18,1.779638164434224e+18
1779638127700402752,12.184,3.8175,1334.175,69.97942874428307,19.022499999999997,42.219828319444495,12.299691431164247,1.779637908726528e+18,1.7796381720553915e+18
1779638128100631473,12.188,3.765,794.775,70.2537976288127,18.900000000000002,42.70638866267503,12.305075952576255,1.779637878422182e+18,1.7796381813772316e+18
1779638128500900219,12.2,3.9325,787.05,70.4373677212203,18.900000000000002,42.846266976090384,12.308747354424407,1.7796378391537403e+18,1.7796381932677353e+18
1779638128901082796,12.2,4.05,763.475,70.61854309199934,18.6375,42.6178824502217,12.312370861839987,1.779637784985518e+18,1.7796382093988303e+18
1779638129701691538,12.184,4.015,691.525,70.77764589596683,18.3925,42.699666950440616,12.315552917919337,1.7796377035997737e+18,1.77963823330966e+18
1779638130101997387,12.176,4.2975,471.95,70.9268849387576,18.27,42.791243228400354,12.318537698775152,1.779637576592698e+18,1.7796382702951923e+18
1779638130502347667,12.128,5.7675,1440.275,71.06488750752902,17.8325,42.84880228735749,12.321297750150581,1.7796373493286538e+18,1.7796383360042365e+18
1779638130902608172,12.152,5.1475,1118.55,71.19288211829512,17.727500000000003,42.667568327525466,12.323857642365903,1.7796368254522296e+18,1.7796384866997745e+18
1779638131302801006,12.128,5.7175,136.725,71.28261090636768,17.727500000000003,42.56144603394799,12.325652218127354,1.779633849079257e+18,1.7796393392003643e+18
1779638131703214153,12.1,6.6325,417.25,71.75432486212266,17.64,44.09273811128114,12.335086497242454,1.779641533308891e+18,1.7796371412599314e+18
1779638132103533527,12.232,3.15,1273.325,72.069093335263,17.36,44.50179525205003,12.34138186670526,1.779639361159078e+18,1.7796377635159793e+18
1779638132503828354,12.308,1.9125,609.075,72.36942015431883,16.939999999999998,44.92896630833567,12.347388403086377,1.7796388813406927e+18,1.7796379015626394e+18
1779638132904294834,12.34,1.5475,220.325,72.65024280663982,16.939999999999998,45.34642957104311,12.353004856132797,1.7796386740629425e+18,1.7796379616023583e+18
1779638133304566280,12.352,1.5325,672.375,72.94346847094121,16.4675,45.78209547387538,12.358869369418825,1.779638556457663e+18,1.7796379959915092e+18
1779638133704767827,12.352,1.5475,413.525,73.18573047643832,16.345,46.14966750852468,12.363714609528767,1.779638479587399e+18,1.7796380187326226e+18
1779638134105091822,12.36,1.5675,1261.975,74.43993544480855,16.345,51.68894158574857,12.388798708896172,1.7796384281117258e+18,1.7796380343425464e+18
1779638134505210942,12.36,1.68,574.425,75.1357230191636,15.819999999999999,53.592446956636884,12.402714460383272,1.7796383899660347e+18,1.7796380461553562e+18
1779638134905567228,12.364,1.5325,114.6,75.64233959812307,15.2075,54.890306517248376,12.412846791962462,1.779638360460916e+18,1.7796380554774428e+18
1779638135305810280,12.284,3.9325,1067.275,76.920623515477,14.280000000000001,61.226703517585314,12.43841247030954,1.7796383389941647e+18,1.7796380625367967e+18
1779638135906166374,11.12,31.2975,1618.65,73.42333539661539,14.280000000000001,41.05324997506233,12.368466707932308,1.7796383152125906e+18,1.779638069966343e+18
1779638136306848189,10.736,39.8025,24.525,73.65458085568352,13.9475,41.01012117486326,12.373091617113671,1.7796382965019113e+18,1.7796380759455404e+18
1779638136907074084,10.708,39.2975,74.825,73.95550006860486,14.105,41.67790180499213,12.379110001372098,1.7796382821484795e+18,1.7796380806803973e+18
1779638137307389502,10.64,40.035,228.325,74.18874794083222,14.105,42.28828267330191,12.383774958816645,1.7796382710219955e+18,1.7796380844829875e+18
1779638137707694226,10.452,44.55,487.975,74.40136271626257,14.787499999999998,42.67166499520061,12.388027254325252,1.7796382615967764e+18,1.7796380877997993e+18
1779638138708270489,10.52,41.6475,1267.8,74.63603376313621,15.155000000000001,43.18695087802864,12.392720675262725,1.7796382542302587e+18,1.779638090547714e+18
1779638139108608885,10.444,43.4325,515.275,74.83562232815962,15.7675,43.56420949729351,12.396712446563193,1.77963825913547e+18,1.7796380893184512e+18
1779638139508758813,10.46,42.9675,1572.475,75.02692811703655,16.205,43.8682232813461,12.400538562340731,1.7796382634155195e+18,1.7796380883072893e+18
1779638140109184944,10.436,43.8475,1522.0,75.15127183034211,16.537499999999998,44.046817686002534,12.403025436606843,1.779638266614416e+18,1.7796380876757888e+18
1779638140509534993,10.384,44.8475,1367.975,75.27160884274258,16.537499999999998,44.21828748090532,12.405432176854852,1.7796382693696755e+18,1.7796380872010143e+18
1779638141910309309,11.584,14.45,85.7,74.97721997460305,17.622500000000002,44.20004656945306,12.399544399492061,1.7796382734654582e+18,1.7796380863204198e+18
1779638142310572668,12.088,2.9325,261.525,74.41823005334678,17.587500000000002,43.92143811093054,12.388364601066936,1.7796382773206198e+18,1.7796380854608883e+18
1779638143111046932,12.18,2.0325,798.1,73.99195356697143,17.325,43.704986261317664,12.379839071339429,1.7796382830500355e+18,1.7796380839458194e+18
1779638143511186481,12.204,2.0175,797.2,73.67412430417399,17.325,43.545218150259515,12.37348248608348,1.7796382911251428e+18,1.7796380815875894e+18
1779638143911392295,12.212,2.0825,794.45,73.40195683958876,16.974999999999998,43.410957405451846,12.368039136791776,1.779638302125476e+18,1.7796380781811008e+18
1779638144311705574,12.22,2.13,786.05,73.13788268886529,16.834999999999997,43.286818192042524,12.362757653777306,1.779638317181414e+18,1.7796380733227528e+18
1779638144711818136,12.22,2.3825,760.425,72.97625165810534,16.834999999999997,43.20859293645727,12.359525033162107,1.779638332270801e+18,1.779638068395506e+18
1779638145112102530,10.756,37.7975,443.575,72.85647088054395,16.695,43.08956271317797,12.35712941761088,1.779638350058433e+18,1.7796380624725445e+18
1779638145512466798,10.78,36.235,1353.675,72.6416629530826,17.150000000000002,43.00951139754148,12.352833259061653,1.779638367296219e+18,1.7796380566677778e+18
1779638145912849484,10.824,35.1825,854.275,72.3338811597311,17.150000000000002,42.878686366220634,12.346677623194623,1.779638383814648e+18,1.7796380510251095e+18
1779638146513429103,10.776,35.0075,968.625,71.93967752983433,17.57,42.78450071060575,12.338793550596687,1.7796383987611996e+18,1.7796380458409242e+18
1779638146913795481,10.676,37.9675,1317.6,71.44141062281511,17.99,42.589791263389756,12.328828212456303,1.779638415607283e+18,1.779638039847425e+18
1779638147314110607,10.676,38.7825,744.175,70.79528511468014,18.4275,42.26068022236923,12.315905702293604,1.7796384375769705e+18,1.7796380318336604e+18
1779638147714578906,10.82,35.0975,632.625,69.96968209411818,18.602500000000003,41.85555056454681,12.299545231411773,1.7796384589446426e+18,1.7796380237488184e+18
1779638148114677475,11.212,24.5,292.2,68.24320914735729,18.900000000000002,41.24986159707509,12.27364813721036,1.7796384735754296e+18,1.7796380176314217e+18
1779638148715831266,11.176,24.965,891.7,67.73427820760551,19.005,41.26998183147118,12.266014173114083,1.7796384960075768e+18,1.7796380084083505e+18
1779638149917536351,10.328,47.465,258.625,67.72832273472385,19.8625,41.39405188164875,12.265924841020858,1.779638530173263e+18,1.7796379946471276e+18
1779638150317985351,10.276,47.6325,789.25,67.7811961886347,20.212500000000002,41.54036688400559,12.266717942829521,1.7796385806252588e+18,1.7796379744593708e+18
1779638151319163785,10.424,45.7675,711.975,67.68483488273509,20.790000000000003,41.46117147967376,12.265272523241027,1.7796386514317507e+18,1.7796379460731904e+18
1779638151719628130,10.824,34.815,534.375,67.7422138432163,21.07,41.53437080822072,12.266133207648245,1.7796387656638766e+18,1.7796379003443151e+18
1779638152520911536,12.168,1.9675,61.525,67.58343807228704,21.314999999999998,41.44773719717583,12.263751571084306,1.7796389317021765e+18,1.77963783342724e+18
1779638152921806787,12.188,2.115,187.75,67.65353379723507,21.0525,41.43967933326335,12.264803006958527,1.7796387259568906e+18,1.779637913032651e+18
1779638153322635353,12.2,2.315,572.95,67.84640808758336,20.790000000000003,41.46773400985169,12.267696121313751,1.7796386178029222e+18,1.7796379551231744e+18
1779638153722930862,12.124,4.03,110.1,67.97277323968672,20.685000000000002,41.48638432800143,12.269591598595301,1.7796385494833894e+18,1.7796379819137006e+18
1779638154123387890,12.172,3.165,335.975,68.1292897368539,20.4925,41.48628850654661,12.27193934605281,1.7796385023088883e+18,1.7796380005972365e+18
1779638154923883761,12.2,2.4675,1271.975,68.62790917515744,20.352500000000003,41.61957892089012,12.279418637627362,1.779638470748735e+18,1.7796380133292337e+18
1779638155324080013,12.284,1.5175,207.75,69.4095021990153,19.915000000000003,41.925777597115925,12.29114253298523,1.7796384516109197e+18,1.7796380213225935e+18
1779638155724585699,12.292,1.665,634.0,69.96676253696819,19.7225,42.146533779957934,12.299501438054524,1.779638438610293e+18,1.7796380269847316e+18
1779638156124736099,12.3,1.615,296.4,70.31735251550238,19.495,42.327603508679395,12.306347050310048,1.7796384290700836e+18,1.7796380313272883e+18
1779638156525364392,12.308,1.615,904.525,70.64683146578713,19.162499999999998,42.501801914390995,12.312936629315743,1.779638422109967e+18,1.779638034687923e+18
1779638156925845005,12.316,1.665,1121.975,70.97545747900467,19.162499999999998,42.675271036076616,12.319509149580094,1.779638417093081e+18,1.7796380373162854e+18
1779638157326082336,12.316,1.7,147.175,71.26283865266501,18.83,42.82676710268172,12.325256773053301,1.7796384151335252e+18,1.7796380387310246e+18
1779638157726302463,12.328,1.68,449.125,71.56823854049134,18.55,43.09749598192071,12.331364770809827,1.7796384154852823e+18,1.7796380392409677e+18
1779638158126708037,12.288,2.315,1370.6,71.77326877465198,18.147499999999997,43.226512562099785,12.33546537549304,1.7796384176398894e+18,1.779638039035057e+18
1779638158527005150,12.24,3.25,905.925,71.9219088417092,17.6925,43.32192681948614,12.338438176834185,1.7796384213656753e+18,1.7796380381988147e+18
1779638159327713010,11.04,31.635,488.95,71.95420625056616,16.8175,43.06863937985917,12.339084125011324,1.7796384273216333e+18,1.779638036469129e+18
1779638159728254280,10.612,43.0325,1492.15,71.86248545600547,16.8,42.57695956733544,12.33724970912011,1.7796384339578202e+18,1.7796380344317368e+18
1779638160128750549,10.416,46.6,1276.875,71.80282902492596,16.8,42.329310135767116,12.33605658049852,1.779638447106259e+18,1.7796380296767951e+18
1779638160529094527,11.576,15.815,619.9,71.62558570530732,17.08,42.257450741579135,12.332511714106147,1.7796384649907768e+18,1.779638022920518e+18
1779638160929352915,12.224,1.615,253.375,71.59347233423759,17.465,42.093673000252096,12.331869446684752,1.77963848930176e+18,1.7796380134985426e+18
1779638161329428042,12.252,1.665,773.225,71.67678927079287,17.3075,41.94026390374886,12.333535785415858,1.7796385313287698e+18,1.7796379967708856e+18
1779638161729800563,12.268,1.5325,721.275,71.65903391633391,17.272499999999997,41.86619707996401,12.333180678326679,1.779638548275642e+18,1.779637990452115e+18
1779638162129956296,12.285,1.6325,562.75,71.63945361821476,17.272499999999997,41.504813744986166,12.332789072364296,1.7796385697235295e+18,1.779637982269591e+18
1779638162530185709,12.3,1.5975,78.975,71.71496806308795,17.2375,41.481458679453866,12.33429936126176,1.7796385998046415e+18,1.7796379705483246e+18
1779638162930516625,12.304,1.5675,241.0,71.77281662749706,17.115,41.08139793491112,12.335456332549942,1.7796386406417574e+18,1.7796379544196705e+18
1779638163330824599,11.868,11.015,735.45,71.9659827196743,17.115,41.21326303717581,12.339319654393487,1.7796387000683384e+18,1.7796379307215375e+18
1779638163730988026,10.648,40.6675,606.0,72.14717707080078,16.9925,41.39676101330576,12.342943541416016,1.7796387911997757e+18,1.7796378940783675e+18
1779638164731982025,10.496,44.4675,210.95,72.28174150305823,17.150000000000002,41.49435865182277,12.345634830061165,1.779638945321367e+18,1.7796378317563955e+18
1779638165132364045,10.48,43.8,326.15,72.46365716966396,17.3425,41.76829293748584,12.34927314339328,1.7796392392361618e+18,1.7796377123916992e+18
1779638165533003043,11.256,24.465,1399.075,72.52589430944417,17.5525,41.94208109475163,12.350517886188884,1.7796399568092856e+18,1.7796374200323246e+18
1779638166935175196,10.44,44.9825,1320.425,72.69302810419171,18.165000000000003,42.10396074132037,12.353860562083835,1.7796452198826163e+18,1.7796352723284954e+18
1779638167335502193,12.1,2.8325,752.8,72.2905387095957,18.165000000000003,41.910034265105786,12.345810774191914,1.779633441117568e+18,1.7796400821110958e+18
1779638167736170684,12.16,2.5325,658.95,71.98586651053995,18.305,41.75897162304355,12.3397173302108,1.7796362125514586e+18,1.7796389513848182e+18
1779638168136849745,12.072,5.0825,1136.925,71.7300532661233,17.849999999999998,41.640940254279926,12.334601065322467,1.7796368569822682e+18,1.7796386890970496e+18
1779638168537455775,11.276,24.615,192.8,71.55057429374494,17.6925,41.60240726019088,12.3310114858749,1.7796371554702802e+18,1.779638568018027e+18
1779638168937759446,10.916,33.0825,588.375,71.33813168433035,17.6925,41.57178503662502,12.326762633686608,1.7796373263574413e+18,1.779638499048646e+18
1779638169338117429,11.352,21.465,157.175,70.96906966994794,17.8675,41.478622868061336,12.31938139339896,1.77963743068153e+18,1.7796384573375854e+18
1779638169738846798,12.188,2.3325,479.65,70.52323439163429,18.147499999999997,41.23615583378921,12.310464687832686,1.7796374992995773e+18,1.779638430309242e+18
1779638170139254001,12.204,2.4825,1463.775,70.2227736118039,17.9725,41.07497670799238,12.304455472236079,1.7796375503700646e+18,1.7796384104786698e+18
1779638170539930294,10.812,36.9175,1190.275,69.91549135524889,17.849999999999998,40.87398615853168,12.298732370328734,1.7796375870643443e+18,1.779638396549349e+18
1779638170940499307,10.416,45.45,355.625,69.92619132417732,17.849999999999998,41.000347625806505,12.29889286986266,1.7796376172872207e+18,1.7796383851762908e+18
1779638171941819405,12.148,2.3325,35.175,69.73054893832263,18.655,41.12921219173071,12.29595823407484,1.7796376316903316e+18,1.7796383803329705e+18
1779638172542124199,11.108,28.335,107.325,69.78605092967996,18.602500000000003,41.31017867229662,12.2967907639452,1.7796376384830006e+18,1.7796383785461576e+18
1779638173142662475,12.2,2.0825,327.525,69.92609405122543,18.62,41.30039731468826,12.298891410768382,1.779637636240134e+18,1.779638380383842e+18
1779638173542931434,12.236,1.9125,999.525,70.0362887016494,18.5325,41.35070007595885,12.300725774032989,1.7796376205442168e+18,1.7796383876665574e+18
1779638173943226363,12.252,1.78,1411.9,70.05400538556373,18.5325,41.3602650413079,12.301080107711275,1.779637561584066e+18,1.779638412665396e+18
1779638174343641134,12.264,1.75,1031.975,70.07217012757978,18.3925,41.36978671836956,12.301443402551596,1.7796374677320292e+18,1.7796384520025364e+18
1779638174743985688,12.268,1.9475,1510.925,70.05533251808707,18.2175,41.35942504346635,12.301106650361742,1.7796373338082988e+18,1.7796385078387617e+18
1779638175144272026,11.016,31.8825,1334.175,69.73157948761428,17.92,41.14868482286179,12.295973692314215,1.7796371095244278e+18,1.7796386011405327e+18
1779638175544508035,10.776,38.08,794.775,69.27182706161766,18.060000000000002,40.852793761958374,12.289077405924266,1.7796366343652255e+18,1.779638798411813e+18
1779638175944806299,11.372,20.5975,787.05,68.94884653914531,18.095,40.81999990546984,12.28423269808718,1.7796352069668352e+18,1.7796393902485348e+18
1779638176345059487,12.14,3.4475,763.475,68.95840930903326,18.095,40.88594699915156,12.2843761396355,1.7795745023708874e+18,1.7796645285136005e+18
1779638176745267876,11.976,8.165,691.525,69.13149695220204,18.025000000000002,41.04593209724905,12.286972454283031,1.7796415757880876e+18,1.7796367544721336e+18
1779638177145563282,10.868,34.95,1440.275,69.10007278538077,17.885,40.959680980673966,12.286501091780712,1.7796398457843502e+18,1.7796374713904911e+18
1779638178346809059,12.152,3.6825,136.725,69.2134449024423,18.0425,40.95411660313846,12.288201673536635,1.7796392946252214e+18,1.7796377002788529e+18
1779638178947692502,12.08,5.1,417.25,69.19981533321038,17.709999999999997,40.92170944280559,12.287997229998156,1.7796390222114028e+18,1.7796378137138762e+18
1779638179348136231,10.992,31.2975,1273.325,69.57017496165554,17.4475,41.131389680927214,12.293552624424834,1.7796388894093975e+18,1.7796378693904978e+18
1779638179748644316,10.408,46.465,609.075,69.6597760674091,17.587500000000002,41.08221081778418,12.294896641011137,1.7796388148628959e+18,1.7796379008267433e+18
1779638180149214709,10.42,45.565,220.325,69.74070533129786,17.8675,41.1226505210271,12.296110579969469,1.7796387686955484e+18,1.7796379204560453e+18
1779638180549929132,10.384,46.35,672.375,69.76731307392323,18.1825,41.139088461152106,12.29650969610885,1.7796387364008015e+18,1.7796379343080952e+18
1779638180950519351,12.108,3.715,1261.975,69.58972293556769,18.3925,41.031321449817916,12.293845844033516,1.7796387102930355e+18,1.7796379455165396e+18
1779638181550918004,10.456,43.9325,574.425,69.77772133595326,18.1125,41.122296800001024,12.2966658200393,1.7796386965963548e+18,1.7796379515998956e+18
1779638182151695727,10.344,46.2175,114.6,69.93018264554507,18.4275,41.30289976298337,12.298952739683177,1.7796386922958403e+18,1.7796379537905436e+18
1779638182552086630,10.308,47.5825,349.725,69.92432918679732,18.7075,41.35646691551281,12.29886493780196,1.7796386937013222e+18,1.7796379535603448e+18
1779638183352763659,10.288,47.485,1067.275,69.97688482043164,19.3025,41.53723796216254,12.299653272306475,1.779638701903665e+18,1.7796379504894582e+18
1779638183753012423,10.388,45.7475,1618.65,69.99440398786301,19.7575,41.57486036297051,12.299916059817946,1.7796387141708114e+18,1.7796379456906696e+18
1779638184153592715,10.352,46.7825,24.525,70.28389393357351,19.5125,41.71984353339829,12.305677878671471,1.779638735610906e+18,1.779637937101257e+18
1779638184553926107,10.376,46.1325,74.825,70.31393331546985,19.9325,41.72675501070264,12.306278666309398,1.7796387579697797e+18,1.779637928129088e+18
1779638184954059709,11.464,17.55,228.325,70.05445623599023,20.212500000000002,41.668161839788844,12.301089124719805,1.779638775181631e+18,1.779637921230734e+18
1779638185354345986,11.272,22.9325,696.775,69.68201963940533,20.212500000000002,41.583511802473474,12.29523029459108,1.7796387810058202e+18,1.779637919023776e+18
1779638185754673205,10.48,43.4825,487.975,69.39897547119318,20.334999999999997,41.490087846447295,12.290984632067898,1.7796387806541983e+18,1.7796379193355576e+18
1779638186154789442,10.496,43.735,239.175,68.8862391542669,20.4925,41.274984223918935,12.283293587314004,1.7796387719929288e+18,1.779637922996884e+18
1779638186555055505,10.484,41.8,1267.8,68.08597272232085,20.8425,41.076859850150164,12.271289590834813,1.7796387479423194e+18,1.7796379329830144e+18
1779638186955227766,11.364,20.1975,592.2,67.43881669989717,21.122500000000002,40.93865580821468,12.261582250498458,1.779638715325375e+18,1.779637946526087e+18
1779638187355508895,12.1,2.9675,168.85,66.9823516262674,21.4725,40.86329693927288,12.254735274394012,1.7796386822642125e+18,1.779637960258964e+18
1779638188356147345,12.232,1.5475,1572.475,67.57072745770627,21.2975,41.04953308870815,12.263560911865595,1.779638665659373e+18,1.779637967208826e+18
1779638188756412925,12.236,1.715,1522.0,67.81185301065646,21.227500000000003,41.13749526605071,12.267177795159848,1.779638659058042e+18,1.7796379699368627e+18
1779638189156770521,12.252,1.6325,1367.975,67.94428859097385,21.14,41.19489580688928,12.269164328864608,1.7796386598554168e+18,1.779637969494665e+18
1779638189557077582,10.648,40.3,1101.825,67.89735159170596,21.122500000000002,41.17070746911932,12.26846027387559,1.7796386656973404e+18,1.7796379668185528e+18
1779638190557697212,10.564,41.7325,261.525,67.55404650459312,23.099999999999998,41.03350845526663,12.263310697568897,1.7796386729605614e+18,1.77963796341715e+18
1779638190957868959,11.354,21.1475,798.1,67.05032884566835,21.3675,40.881406390408365,12.255754932685026,1.779638675957606e+18,1.779637961732011e+18
1779638191358189222,12.076,4.1975,797.2,66.93436610314687,21.2625,40.85598208445183,12.254015491547204,1.7796386841636751e+18,1.7796379576628664e+18
1779638191758315529,12.12,4.1975,794.45,67.30823872127512,21.0175,41.06881886306553,12.259623580819127,1.779638696060958e+18,1.779637952089905e+18
1779638192158678979,12.068,5.7675,786.05,67.66678716572723,20.755,41.244317773016085,12.265001807485909,1.7796387129819264e+18,1.779637944388888e+18
1779638193759715304,10.732,37.8675,443.575,67.72077923255604,20.615,41.276803204469026,12.265811688488341,1.7796387332874168e+18,1.7796379352289293e+18
1779638194159842454,12.22,1.5975,1354.175,67.91464736909509,20.615,41.347727434912215,12.268719710536427,1.7796387584208579e+18,1.7796379239393984e+18
1779638194560028514,12.248,1.4975,854.275,68.21285383146842,20.4575,41.46477174764687,12.273192807472027,1.7796387909468856e+18,1.7796379093990758e+18
1779638195360432398,10.676,39.865,1317.6,68.18807284642061,19.915000000000003,41.34103408859625,12.27282109269631,1.779638820318901e+18,1.779637896289657e+18
1779638196361134591,12.252,1.4825,632.625,68.45652176898767,19.705,41.4481549358379,12.276847826534816,1.7796388527082957e+18,1.7796378819725737e+18
1779638197162211282,12.288,1.4625,891.7,68.85331590284365,19.425,41.55301549504065,12.282799738542655,1.7796388960536276e+18,1.77963786289227e+18
1779638197963182925,12.28,1.615,47.775,69.21802090588312,19.39,41.712387019000715,12.288270313588248,1.7796389510964347e+18,1.7796378387262065e+18
1779638198363536359,11.94,10.015,258.625,69.52336814435216,19.2675,41.844202227319414,12.292850522165283,1.7796390282292342e+18,1.7796378046958423e+18
1779638198763856073,12.104,5.6825,789.25,69.76731345985203,19.162499999999998,41.979007896738864,12.296509701897781,1.779639125032976e+18,1.779637761945038e+18
1779638199564876719,10.636,41.265,534.375,69.94971919922253,19.39,41.7535599631763,12.299245787988339,1.779639265030223e+18,1.7796376998388209e+18
1779638200165163742,10.636,40.75,1630.775,70.04336585960196,19.39,41.606231268143524,12.30086731719204,1.7796394704081477e+18,1.7796376083384712e+18
1779638200966320820,12.156,3.115,187.75,69.97153187237042,20.09,41.5371463724632,12.299572978085557,1.7796397676528742e+18,1.7796374754596055e+18
1779638201767437620,12.264,1.65,110.1,70.10620880067513,19.705,41.65411399371475,12.302124176013503,1.7796402725308347e+18,1.7796372493313777e+18
1779638202368042111,12.284,1.2825,335.975,70.14595544999096,19.4075,41.37790382602193,12.30291910899982,1.7796412289577452e+18,1.779636820286719e+18
1779638203168679343,11.936,10.295,1490.55,70.41046927207908,19.145,41.285500846424284,12.308209385441582,1.7796442249309e+18,1.7796354753170737e+18
1779638205370126307,12.04,5.8325,296.4,70.59678434783824,19.145,41.39198404311055,12.311935686956765,1.779846861158418e+18,1.779544497160246e+18
1779638205770302922,10.824,35.915,904.525,70.65144231496505,19.145,41.427327173324166,12.313028846299302,1.779629920297415e+18,1.7796418970948378e+18
1779638206170691377,12.192,2.5325,1120.975,70.61838261729683,19.2675,41.40969074407291,12.312367652345937,1.7796335526022167e+18,1.7796402659722335e+18
1779638206570933031,11.656,14.8825,1370.6,70.51167296151765,18.5325,41.39364267819032,12.310233459230354,1.7796348010999724e+18,1.7796397056734687e+18
1779638207371730812,10.58,41.415,1126.25,70.53407506617411,18.8475,41.48128634665911,12.310681501323483,1.7796355519543654e+18,1.779639369319706e+18
1779638207771910272,11.988,5.1825,488.95,70.1923206903892,18.935000000000002,41.25005791327673,12.303846413807785,1.7796358874804618e+18,1.7796392193371446e+18
1779638208172473521,10.144,48.2325,1492.15,70.55907945181461,18.935000000000002,42.00120981755164,12.311181589036293,1.7796362307334477e+18,1.779639065985591e+18
1779638208572726807,10.324,47.415,1276.875,70.7471349078343,19.337500000000002,42.07628118232588,12.314942698156687,1.7796364962780324e+18,1.7796389474447923e+18
1779638208973299700,10.24,49.785,619.9,70.78488784891233,19.145,42.03404653667784,12.315697756978247,1.7796367310111844e+18,1.779638843127617e+18
1779638209373740677,12.168,1.68,253.375,70.51812206484536,19.6175,41.89792740108692,12.310362441296908,1.7796368850547656e+18,1.779638775051846e+18
1779638209974163592,12.232,1.5675,720.275,70.47469445354311,19.075,41.895958623539386,12.309493889070863,1.7796370085322962e+18,1.77963872071172e+18
1779638210974867446,11.784,12.5,78.975,70.55077138149838,18.8475,41.936406192646736,12.311015427629968,1.7796371135263872e+18,1.7796386746368645e+18
1779638211575272804,10.792,36.9325,241.0,70.55166169216498,18.497500000000002,41.8724476369923,12.3110332338433,1.7796371907025843e+18,1.7796386408874683e+18
1779638212375920483,12.216,1.5475,606.0,70.45518861478816,18.7775,41.910677909592664,12.309103772295764,1.7796372574209585e+18,1.779638611942072e+18
1779638212776253532,12.244,1.5475,210.95,70.43629544823195,18.602500000000003,41.9008434900167,12.30872590896464,1.779637319070806e+18,1.7796385853317212e+18
1779638213176644758,12.28,1.5475,326.15,70.42007164778913,18.1125,41.892183419721746,12.308401432955783,1.779637372641881e+18,1.7796385623236554e+18
1779638213576901019,12.288,1.5675,995.325,70.44173774682585,17.605,41.90355456287886,12.308834754936518,1.7796374203134804e+18,1.779638541943915e+18
1779638213977191516,12.296,1.5825,1399.075,70.49292120538205,17.1325,41.958746232763815,12.309858424107642,1.7796374651737713e+18,1.7796385228144865e+18
1779638214377429635,12.308,1.5325,992.825,70.60831529605458,16.485,42.026357711672176,12.312166305921092,1.7796375150645348e+18,1.779638501529453e+18
1779638214777731011,12.32,1.5475,1391.45,70.86665232864122,16.485,42.33388553957207,12.317333046572825,1.779637565155059e+18,1.779638480110196e+18
1779638216178716270,12.332,1.6325,752.8,71.1378851664369,15.435,42.62125085122148,12.322757703328739,1.7796376073596626e+18,1.779638462093929e+18
1779638217979909623,10.644,40.035,192.8,71.23381273899571,14.42,42.58442368114336,12.324676254779915,1.7796376375008776e+18,1.7796384493631045e+18
1779638218380095061,10.604,40.885,588.375,71.19435854409336,14.42,42.50976281760149,12.323887170881868,1.7796376601405033e+18,1.7796384399160568e+18
1779638218780274949,10.444,45.0,157.175,71.11833766483836,14.944999999999999,42.38507892291464,12.322366753296768,1.7796376731148575e+18,1.7796384346512852e+18
1779638219180477086,10.504,43.18,479.65,70.96768649344199,15.662499999999998,42.30853797904346,12.31935372986884,1.779637672474509e+18,1.7796384352326482e+18
1779638219580763510,11.816,8.65,1463.775,70.6509764327535,16.397499999999997,42.198851547480096,12.31301952865507,1.7796376574620861e+18,1.779638442013051e+18
1779638219980866742,12.144,2.8325,1190.275,70.47109441311974,16.397499999999997,42.16832184212838,12.309421888262396,1.7796376302658545e+18,1.7796384539912614e+18
1779638220381073035,12.16,2.9325,355.625,70.41907212339831,16.695,42.144445250512575,12.308381442467967,1.7796376076544105e+18,1.7796384640419894e+18
1779638221181491302,10.48,44.75,35.175,70.45621989143028,16.834999999999997,42.01225579985825,12.309124397828606,1.7796375861625367e+18,1.7796384736180982e+18
1779638221581672300,10.712,38.165,107.325,70.45875059070886,16.834999999999997,42.02429399944945,12.309175011814178,1.7796375649324646e+18,1.779638483068532e+18
1779638221981803186,12.212,5.115,327.525,71.20145510465939,17.3425,42.33578420621635,12.324029102093188,1.7796375548735631e+18,1.7796384874569403e+18
1779638222782158708,12.236,1.615,1411.9,71.0164872792128,17.2025,41.85157363672281,12.320329745584257,1.7796375279340237e+18,1.779638499013773e+18
1779638223182336049,12.048,7.0475,1031.975,71.06907574343573,17.2025,41.830665641940385,12.321381514868715,1.7796374830029307e+18,1.7796385180293197e+18
1779638223582609895,10.508,44.185,1510.925,71.0456862142167,16.9925,41.71401866665429,12.320913724284335,1.7796374218033316e+18,1.779638543800054e+18
1779638223982897896,10.42,45.7,1334.175,71.33420504432583,17.290000000000003,41.84318987577886,12.326684100886517,1.7796373669569308e+18,1.7796385667048233e+18
1779638224383190588,10.44,45.7675,794.775,71.42397772344235,17.727500000000003,41.81685517760385,12.328479554468847,1.779637315898856e+18,1.779638587929345e+18
1779638224783331871,12.036,3.8825,787.05,71.0298327139818,17.727500000000003,41.62776835540917,12.320596654279637,1.7796372349556022e+18,1.7796386217306435e+18
1779638225584033632,10.888,34.2325,691.525,71.02465746793845,17.8675,41.65736737688461,12.32049314935877,1.7796371381228042e+18,1.7796386620912087e+18
1779638225984289619,10.75,37.2,471.95,71.18003297291712,18.147499999999997,41.773867428335436,12.323600659458343,1.779637042609881e+18,1.7796387017273329e+18
1779638226384773290,11.436,19.35,1440.275,71.07123193762436,18.48,41.79294713533854,12.321424638752488,1.7796369028469164e+18,1.7796387596617295e+18
1779638226785164244,12.188,2.13,1118.55,70.78894984672893,18.5675,41.65176948587597,12.31577899693458,1.779636711950288e+18,1.779638838896958e+18
1779638227385802564,12.212,2.0325,136.725,70.55084881619231,18.462500000000002,41.531960110169,12.311016976323847,1.779636467997359e+18,1.7796389402853847e+18
1779638227986364607,11.7,12.28,417.25,70.01535826841277,18.462500000000002,41.313720911462454,12.300307165368256,1.7796360780447903e+18,1.7796391027773222e+18
1779638229187344985,12.232,1.615,672.375,69.59418247296423,18.9175,41.14960800613356,12.293912737094464,1.7796353686868244e+18,1.7796393986202406e+18
1779638230388216129,12.304,1.5825,349.725,69.50826986995125,18.287499999999998,41.116404648821664,12.29262404804927,1.7796340181862536e+18,1.7796399616457761e+18
1779638230788592363,12.312,1.5475,1067.275,69.3718477734864,18.0425,41.06437767601358,12.290577716602296,1.7796304604886615e+18,1.7796414444073592e+18
1779638231188912864,12.32,1.5675,1518.65,69.87821473382468,18.0425,41.254002625843654,12.29817322100737,1.7796196969797422e+18,1.779645926931016e+18
1779638232589682018,12.332,1.5825,228.325,70.27861515844911,17.6925,41.426629097792016,12.305572303168983,1.779845967673424e+18,1.7795517499029821e+18
1779638233790180955,12.32,2.165,1489.175,70.6422940799986,17.1325,41.62207461551892,12.312845881599973,1.7796675157149e+18,1.7796260300980042e+18
1779638234190450329,12.348,1.5675,1267.8,70.96547918330572,17.1325,41.756287883876084,12.319309583666115,1.779661529240202e+18,1.7796285288470561e+18
1779638234990784321,11.2,27.95,515.275,71.38529115172226,16.537499999999998,41.8077536384505,12.327705823034446,1.7797257927972892e+18,1.7796018505096392e+18
1779638235390992883,10.788,36.4825,1522.0,71.61742120911974,16.9575,41.962174021611986,12.332348424182396,1.7796143848008978e+18,1.7796481086521467e+18
1779638235991284935,11.956,8.4675,1367.975,71.73179435984032,17.22,42.029761156877015,12.334635887196807,1.779628337230794e+18,1.7796423165580892e+18
1779638236791637466,11.164,27.6325,1101.825,71.76028038276553,17.1325,42.15069564971908,12.335205607655311,1.7796318525355177e+18,1.7796408575761981e+18
1779638237191791704,11.44,20.765,85.7,71.72224134271764,16.905,42.11613729735072,12.334444826854353,1.7796332411234875e+18,1.7796402811596465e+18
1779638237592024542,11.656,14.3,261.525,71.23824771700473,16.974999999999998,41.93525070564805,12.324764954340095,1.779633570924689e+18,1.779640144326616e+18
1779638239392807327,10.376,46.3675,786.05,71.33091330942676,17.412499999999998,42.00146771281499,12.326618266188536,1.779633567488702e+18,1.7796401445476808e+18
1779638239793126048,10.548,42.0675,760.425,71.27967712226464,17.849999999999998,42.00870312410819,12.325593542445294,1.779633846014826e+18,1.7796400292071987e+18
1779638240994065833,11.872,7.5475,1353.675,70.8795063537785,18.62,41.9526409782555,12.31759012707557,1.7796338180054515e+18,1.7796400414320328e+18
1779638241394365138,12.2,1.7,854.275,70.73714119960444,19.022499999999997,41.939533453553416,12.31474282399209,1.7796336781294067e+18,1.779640100112326e+18
1779638242395192757,10.308,47.2825,1317.6,70.8597827912137,18.935000000000002,42.261336595458594,12.317195655824275,1.7796333655064325e+18,1.7796402293370135e+18
1779638242795576280,10.372,45.7825,744.175,71.31501180876192,19.4075,42.532821735029955,12.32630023617524,1.7796335623064635e+18,1.7796401475580992e+18
1779638243996644731,11.136,25.3475,891.7,71.20568830064221,20.51,42.70527236859175,12.324113766012845,1.7796336516312064e+18,1.7796401104952837e+18
1779638244396888229,12.152,2.115,1082.85,70.91267822045573,20.5975,42.580179848659064,12.318253564409115,1.7796333634074627e+18,1.779640229405405e+18
1779638244797096987,12.196,1.8825,27.775,70.8552525288728,2.905,42.46306614664496,12.317105050577457,1.7796328188407286e+18,1.7796404536277875e+18
1779638245197367560,10.704,38.28,258.625,70.99277684939443,20.2825,42.505271188343094,12.31985553698789,1.7796323593612692e+18,1.7796406423219018e+18
1779638245597847623,10.644,38.665,789.25,71.09649602807585,20.037499999999998,42.64279451319001,12.321929920561518,1.7796319662289935e+18,1.7796408032506084e+18
1779638245998412115,10.684,38.665,770.175,71.37523528720749,20.6675,42.705411565097776,12.32750470574415,1.7796320799312118e+18,1.779640755174154e+18
1779638246399077423,10.728,37.2,711.975,71.49965469686349,20.9825,42.79516375869779,12.32999309393727,1.7796324217579904e+18,1.7796406134197325e+18
1779638246799389302,10.7,37.4475,1630.775,71.29628788204688,21.5425,42.73648180350661,12.325925757640938,1.779632540750512e+18,1.7796405639727416e+18
1779638247199607820,12.04,4.05,61.525,70.49442168487151,21.787499999999998,42.312905549554415,12.30988843369743,1.779631717355895e+18,1.7796409033947858e+18
1779638247599885387,12.172,2.1,187.75,69.80664806002532,21.8925,41.9644213621141,12.29709972090038,1.779629373345433e+18,1.779641870215313e+18
1779638248000239082,12.192,2.215,572.95,69.03005216538136,21.787499999999998,41.64587006785841,12.285450782480721,1.7796147214583173e+18,1.779647908078874e+18
1779638248800877513,12.192,2.4825,110.1,68.25435473995394,21.6825,41.33046726361945,12.27381532109931,1.7796543942776445e+18,1.7796315645487997e+18
1779638249201196052,11.988,6.6825,335.975,67.21467465388425,21.595,40.90225962031597,12.258220119808264,1.7796430016423795e+18,1.7796362593897106e+18
1779638250001638044,10.848,33.9825,1490.55,67.0733281672453,21.07,40.994008994955436,12.25609992250868,1.7796409710720896e+18,1.7796370971017782e+18
1779638250401941491,10.836,34.265,1271.975,67.07593227589301,21.209999999999997,41.07136019506684,12.256138984138396,1.7796401317261312e+18,1.7796374442217057e+18
1779638250802281518,12.108,3.58,604.95,66.80571579833065,21.385,40.97784234559466,12.25208573697496,1.7796396575750633e+18,1.7796376408041574e+18
1779638251402738957,12.154,3.165,207.75,66.93067847926417,21.227500000000003,41.08842463989615,12.253960177188963,1.7796393832964529e+18,1.7796377548916262e+18
1779638251803002300,10.868,34.915,296.4,66.82919639319928,20.93,41.00246545601866,12.25243794589799,1.7796392019620444e+18,1.7796378305101233e+18
1779638252203345527,10.912,33.035,1121.975,66.88262629306978,21.3325,40.995204043115216,12.253239394396047,1.7796390750916004e+18,1.7796378836370568e+18
1779638252603750050,11.1,28.4,147.175,66.94970573154508,21.5425,41.063460851994456,12.254245585973177,1.7796390024395953e+18,1.7796379139175076e+18
1779638253004019664,11.588,14.5675,449.125,66.71320556367357,21.63,41.06452224948377,12.250698083455104,1.779638935348884e+18,1.779637942047089e+18
1779638253404252761,12.1,3.9325,1370.6,67.1403313104022,21.560000000000002,41.21904443094436,12.257104969656034,1.77963889004342e+18,1.7796379611811238e+18
1779638253804537282,12.072,5.55,905.925,67.30755184689173,21.3675,41.27995574988919,12.259613277703377,1.77963885389355e+18,1.7796379765730227e+18
1779638254204722735,11.388,22.15,1126.25,67.40275736254797,21.14,41.26630934885699,12.26104136043822,1.7796388292511903e+18,1.7796379870702848e+18
1779638254604977581,11.976,7.4825,160.225,67.52328283306268,21.087500000000002,41.31325589739101,12.26284924249594,1.779638810942297e+18,1.779637994913445e+18
1779638255405514198,10.54,42.785,1492.15,67.53745822143844,21.1575,41.06495445748888,12.263061873321577,1.779638788490259e+18,1.7796380047132726e+18
1779638255805902478,10.516,41.915,1276.875,67.7493372116431,21.42,41.22103881316965,12.266240058174647,1.7796387720102356e+18,1.7796380120124613e+18
1779638256206139422,10.492,42.6825,619.9,67.72481988665997,21.5775,41.24422291790817,12.2658722982999,1.7796387590167808e+18,1.7796380177962028e+18
1779638256606343539,2.052,3.565,253.375,7.87673761981935,21.8225,14.270309983336764,11.295550499601754,1.7796384450173512e+18,1.7796381504771556e+18
1779638257407208704,12.164,2.9825,721.275,8.673882908930496,21.3675,16.31603743393833,11.37606217380198,1.779638366768699e+18,1.7796381843005972e+18
1779638259008733166,10.87,35.385,735.45,8.656260223619348,21.0175,15.95226700918043,11.374282282585554,1.7796383304487478e+18,1.7796382006420603e+18
1779638259408915839,10.888,34.1675,606.0,8.644871379005266,21.314999999999998,15.661913465750331,11.373132009279532,1.7796383106205194e+18,1.7796382099812337e+18
1779638259809413582,12.168,2.8475,210.95,9.329501023140523,21.665000000000003,17.44988155859449,11.442279603337193,1.7796382985960993e+18,1.7796382159497836e+18
1779638260410250644,12.184,2.8825,643.75,9.454118650468718,21.7175,17.876561877598185,11.45486598369734,1.7796382906333768e+18,1.7796382201357804e+18
1779638260810735325,12.2,2.815,326.15,9.472493117190833,21.665000000000003,17.88908056598683,11.456721804836274,1.7796382848789243e+18,1.77963822339237e+18
1779638261211364475,12.208,2.9825,995.325,9.479941617758003,21.63,17.864765326890208,11.457474103393558,1.7796382805870625e+18,1.77963822601883e+18
1779638261611841910,12.204,3.2,1399.075,9.484187105639235,21.6125,17.833430443890286,11.457902897669562,1.7796382774912878e+18,1.77963822804709e+18
1779638262012117935,12.212,3.265,992.825,9.679843298569375,21.560000000000002,18.574701744429504,11.477664173155507,1.7796382752078835e+18,1.7796382296603592e+18
1779638262412158580,12.212,3.3975,1391.45,11.886216446934693,21.49,20.305425790367053,11.53829324670402,1.7796382734862305e+18,1.7796382310328527e+18
1779638262812341913,12.188,4.415,969.55,15.272107528921179,21.4025,21.662259783573976,11.589081612933818,1.7796382722902477e+18,1.7796382321383332e+18
1779638263212536747,12.244,2.5825,1320.425,15.933336449639256,21.175,22.009131304549726,11.599000046744589,1.7796382713186552e+18,1.7796382331539886e+18
1779638263612734593,12.224,3.2325,752.8,16.267094099027172,21.035,22.148494130980517,11.604006411485408,1.779638270536245e+18,1.7796382340803123e+18
1779638264012877590,12.236,3.3975,372.55,19.447718038822217,20.912499999999998,23.626925320602886,11.651715770582333,1.7796382700290972e+18,1.7796382348516257e+18
1779638264613191924,12.272,2.715,1136.925,22.41089231684957,20.86,25.073143525139358,11.696163384752744,1.7796382697139884e+18,1.7796382355377654e+18
1779638265013383720,12.264,2.8325,192.8,24.973869562174578,20.772499999999997,26.544859724635014,11.734608043432619,1.7796382695161267e+18,1.7796382361859348e+18
1779638265413591376,12.236,3.63,588.375,26.7119212241021,20.7375,27.57035298704946,11.760678818361532,1.7796382695592486e+18,1.7796382365841562e+18
1779638266814174530,11.392,21.915,1190.275,25.233796973643585,20.9475,26.447949684574795,11.738506954604654,1.7796382697041848e+18,1.779638236908757e+18
1779638267614757885,12.148,4.3825,355.625,25.491933283551244,21.1925,26.618166485781497,11.742378999253269,1.7796382699945016e+18,1.7796382370726638e+18
1779638268014877783,12.132,5.1,1085.275,27.111738685892497,21.209999999999997,27.72533263728773,11.766676080288388,1.7796382703476216e+18,1.7796382371846915e+18
1779638268415127559,11.06,30.5,35.175,25.700471332951892,21.14,26.91327384271046,11.745507069994279,1.7796382707212206e+18,1.779638237216022e+18
1779638269015455973,10.736,37.765,107.325,25.584366228030397,21.1925,26.570364418615263,11.743765493420456,1.7796382711403013e+18,1.779638237178548e+18
1779638269415789884,10.664,39.6,327.525,25.405400835101055,21.525000000000002,26.06215363010501,11.741081012526516,1.7796382716223242e+18,1.7796382370060221e+18
1779638269816286762,10.672,37.7,999.525,25.22090480042376,21.9275,25.660712682300584,11.738313572006357,1.7796382721115886e+18,1.7796382367985037e+18
1779638270216433824,10.66,38.8675,1411.9,72.43148845220597,21.91,42.9328368598239,12.34862976904412,1.7796382742393912e+18,1.7796382351821263e+18
1779638270816652633,12.204,1.5475,1031.975,72.34849747194606,22.2075,42.87277836458451,12.346969949438922,1.779638276741144e+18,1.7796382330852703e+18
1779638271216951433,12.236,1.5175,1510.925,72.23012395849454,22.2775,42.96295965365854,12.344602479169891,1.779638279692412e+18,1.779638230399977e+18
1779638271617179952,12.256,1.5675,1334.175,72.17339457425983,22.189999999999998,42.97893423435927,12.343467891485197,1.779638283294885e+18,1.779638226859056e+18
1779638272017974731,12.268,1.5825,794.775,72.30251152871848,22.1375,43.05079212338731,12.34605023057437,1.7796382878822392e+18,1.779638222034111e+18
1779638272818451400,12.292,1.5675,763.475,72.45012202580615,21.752499999999998,43.13632804381552,12.349002440516124,1.7796382942497134e+18,1.7796382149178186e+18
1779638273418831295,12.3,1.5325,691.525,72.57888867451258,21.5775,43.2118880241434,12.351577773490252,1.7796383035186665e+18,1.779638204075117e+18
1779638273818986978,12.308,1.5675,471.95,72.69121439159568,21.2625,43.27861514302541,12.353824287831914,1.7796383182830648e+18,1.779638186154331e+18
1779638274219204055,12.32,1.5475,1440.275,72.81966295664022,21.07,43.355216181121946,12.356393259132805,1.7796383461730278e+18,1.7796381513382264e+18
1779638274619496719,12.14,6.0325,1118.55,72.93927944124937,20.8075,43.40060162623003,12.358785588824988,1.7796384198704676e+18,1.7796380575485425e+18
1779638275219891189,11.832,12.5,136.725,72.96577487755397,20.545,43.39390179351442,12.35931549755108,1.7796392882716892e+18,1.7796369411138135e+18
1779638276020660993,12.176,4.2475,1273.325,72.9133952457971,20.405,43.36821297887616,12.358267904915943,1.7796380302210394e+18,1.7796385613111542e+18
1779638276821196829,12.316,1.5825,220.325,72.99982516033293,20.3,43.42254062573652,12.35999650320666,1.7796381586019674e+18,1.7796383972683162e+18
1779638277221459737,12.328,1.5675,672.375,73.09604030670798,20.09,43.484040835019535,12.36192080613416,1.7796381957474898e+18,1.7796383506138286e+18
1779638277621802845,11.008,31.965,413.525,73.02070544972148,19.88,43.30831427242406,12.36041410899443,1.7796382135857958e+18,1.7796383288198e+18
1779638278021985197,10.632,40.75,1261.975,72.88677112557708,19.95,43.08574039997486,12.357735422511542,1.7796382242806385e+18,1.7796383162231032e+18
1779638278622350689,10.568,40.435,574.425,72.83609836889643,20.23,43.22195645051726,12.35672196737793,1.7796382315508966e+18,1.7796383080489057e+18
1779638279422942060,10.732,37.185,349.725,72.7184291747684,20.6675,43.209232031108705,12.354368583495368,1.7796382368697055e+18,1.7796383024093916e+18
1779638280023369530,10.764,36.5675,1067.275,72.74331391962478,20.86,43.22669265361923,12.354866278392496,1.7796382409700518e+18,1.7796382983386473e+18
1779638280423776008,12.068,4.1,1618.65,72.42162237337445,21.0525,43.06284674366437,12.34843244746749,1.7796382443117985e+18,1.7796382952638513e+18
1779638280824139581,12.192,2.115,24.525,72.17113012100275,20.8425,42.92651068861416,12.343422602420056,1.7796382471199334e+18,1.779638292883124e+18
1779638281224393179,12.232,1.75,74.825,72.03498918900601,20.545,42.911185542161036,12.34069978378012,1.7796382495461875e+18,1.7796382909964849e+18
1779638281624761643,12.256,1.5475,228.325,71.98176726325326,20.545,42.932627514840185,12.339635345265066,1.7796382516920786e+18,1.7796382894724052e+18
1779638282025148944,10.624,39.065,696.775,72.01864659010607,20.352500000000003,43.164953076213116,12.340372931802122,1.779638253539525e+18,1.77963828830796e+18
1779638282425382295,10.348,47.5,487.975,71.93693106499602,20.09,42.77663716746041,12.338738621299921,1.7796382552323663e+18,1.7796382873467612e+18
1779638282825659802,10.564,42.5825,1489.175,71.89956640576199,20.352500000000003,42.552420372142755,12.33799132811524,1.7796382567964792e+18,1.7796382865509504e+18
1779638283626289485,10.556,40.1475,592.2,72.16575474389852,20.8075,42.89667626517601,12.34331509487797,1.7796382567955574e+18,1.779638286884504e+18
1779638284026688105,12.132,1.9475,168.85,71.87450330034835,20.9475,42.74759841463751,12.337490066006968,1.7796382567283753e+18,1.7796382872699935e+18
1779638284426977165,12.204,1.5325,515.275,71.68898504282913,20.7375,42.65015175914327,12.333779700856583,1.7796382564917524e+18,1.7796382877628984e+18
1779638285027927038,12.228,1.5675,1572.475,71.54824357156116,20.474999999999998,42.576359753986694,12.330964871431224,1.7796382561636227e+18,1.779638288319979e+18
1779638285428595608,12.248,1.5475,1522.0,71.39289053449856,20.1775,42.49488440736263,12.327857810689972,1.7796382557658486e+18,1.7796382889109015e+18
1779638285829000847,12.232,2.4325,897.925,71.28871832184433,19.985,42.43957863682088,12.325774366436887,1.7796382552498337e+18,1.7796382895578237e+18
1779638286229222452,12.064,5.8325,1101.825,71.07276342807232,19.8625,42.32934085868973,12.321455268561447,1.7796382546041792e+18,1.7796382902663867e+18
1779638286629618384,11.684,15.5825,85.7,70.88380018579528,19.6525,42.20478246053239,12.317676003715906,1.7796382537982316e+18,1.7796382910488402e+18
1779638287029888030,11.532,19.365,261.525,70.68487643454036,19.7225,42.080401955078116,12.313697528690808,1.7796382527900462e+18,1.77963829192315e+18
1779638287430331342,11.492,18.915,798.1,70.52156720584016,19.845,42.0541466240863,12.310431344116804,1.7796382515333683e+18,1.7796382929077174e+18
1779638287830602245,12.2,2.565,797.2,70.35482777872487,20.0725,41.970961755689835,12.307096555574498,1.7796382500752443e+18,1.7796382939778708e+18
1779638289031296369,11.812,11.6975,760.425,70.04075960348722,20.02,41.79868366062804,12.300815192069745,1.779638248310244e+18,1.7796382952408036e+18
1779638289431481172,11.38,22.7,682.225,69.57764841617518,19.8625,41.55669482295307,12.293664726242628,1.7796382461016384e+18,1.77963829670142e+18
1779638289831802370,12.156,3.4825,443.575,69.60051783621277,19.9325,41.65652174770365,12.294007767543192,1.779638243288744e+18,1.779638298416073e+18
1779638290232175984,12.28,1.5975,1353.675,69.90650822364688,19.95,41.89850550789464,12.298597623354704,1.779638240000963e+18,1.7796383003149414e+18
1779638290632875156,12.296,1.5325,854.275,70.11021814584744,19.775000000000002,41.87692201180952,12.30220436291695,1.7796382360873687e+18,1.7796383024585285e+18
1779638291033118968,12.308,1.5675,968.625,70.33635625778423,19.6175,41.96385047045374,12.306727125155685,1.7796382313289492e+18,1.7796383049408635e+18
1779638291433416968,12.264,2.815,1317.6,70.5551256127868,19.459999999999997,42.051060726404245,12.311102512255736,1.7796382252441068e+18,1.779638307962829e+18
1779638291833709536,12.02,7.6175,744.175,70.83037809634376,19.459999999999997,42.17718448912896,12.316607561926876,1.7796382164141235e+18,1.779638312063089e+18
1779638292233901471,12.296,2.0475,632.625,71.14313628741627,19.4075,42.36192563230831,12.322862725748326,1.779638203699883e+18,1.7796383176970076e+18
1779638292834111700,11.86,11.45,292.2,71.24389181634363,19.32,42.399079529129665,12.324877836326873,1.7796381844063388e+18,1.7796383259908554e+18
1779638293234271218,11.352,23.9325,891.7,71.28302176614064,19.2675,42.32192942494949,12.325660435322813,1.7796381483398884e+18,1.779638341052486e+18
1779638293634425545,11.056,30.3325,1082.85,71.210124950837,19.4075,42.015149323337894,12.32420249901674,1.7796380647737915e+18,1.7796383752399475e+18
1779638294034820188,11.156,27.5675,27.775,71.28130639485384,19.6175,42.23031741374659,12.325626127897078,1.7796376570168678e+18,1.7796385400487404e+18
1779638294435006803,11.816,10.2825,84.75,71.26265379810775,19.845,42.610654764462524,12.325253075962156,1.77963893874544e+18,1.779638024083172e+18
1779638295035456175,12.248,1.715,258.625,70.96970861849499,19.74,41.74356960279521,12.3193941723699,1.7796389352194929e+18,1.7796380257889423e+18
1779638295435619086,12.28,1.615,789.25,71.4530924481754,19.74,42.208658837133584,12.329061848963509,1.7796389441459067e+18,1.7796380227110372e+18
1779638295835827095,12.288,1.615,770.175,71.77467961890959,19.599999999999998,42.52550971131191,12.335493592378192,1.779638959067245e+18,1.7796380173687468e+18
1779638296236034034,12.304,1.4975,711.975,72.04331164515034,19.495,42.79049662815426,12.340866232903007,1.77963898076606e+18,1.7796380094263532e+18
1779638296636235173,12.316,1.5675,534.375,72.29630529105835,19.459999999999997,43.03967424847827,12.345926105821167,1.7796390169020818e+18,1.7796379958053821e+18
1779638297036402252,12.308,1.73,1630.775,72.46050312376927,19.1975,43.197223002459644,12.349210062475386,1.7796390719944343e+18,1.7796379746803884e+18
1779638297436598603,11.972,8.15,61.525,72.4956947661778,19.022499999999997,43.23794703824607,12.349913895323557,1.779639145621482e+18,1.7796379461887142e+18
1779638297836741465,11.428,21.85,187.75,72.47589155447994,19.022499999999997,43.13387237958662,12.3495178310896,1.7796392413805875e+18,1.779637908888953e+18
1779638298236930096,11.268,25.55,572.95,72.45002200956802,18.9875,43.06982081678998,12.349000440191361,1.779639372482526e+18,1.7796378575235075e+18
1779638298637439057,11.208,26.3325,110.1,72.46989630905327,19.11,42.96882304705775,12.349397926181066,1.779639567165228e+18,1.779637780899188e+18
1779638299037745971,11.16,26.9,335.975,72.65297634951872,19.3025,43.27874641346348,12.353059526990375,1.7796398932646915e+18,1.7796376522360212e+18
1779638299438057579,11.64,15.215,1025.3,72.65372454858658,19.425,43.35050914993441,12.353074490971732,1.7796404403358733e+18,1.7796374359783112e+18
1779638299838368722,12.212,2.3,1490.55,72.51086954640121,19.3025,43.27720963719555,12.350217390928025,1.7796415413087675e+18,1.7796369998154322e+18
1779638300438889424,12.272,1.5175,1271.975,72.60777905821651,18.9525,43.34493957203753,12.35215558116433,1.7796459166627177e+18,1.779635264775038e+18
1779638300839153722,12.288,1.5975,604.95,72.6368245739227,18.724999999999998,43.370192460095005,12.352736491478455,1.7796163935127933e+18,1.7796469761815542e+18
1779638301439688470,12.3,1.5325,207.75,72.65139587309103,18.724999999999998,43.382912868090045,12.353027917461821,1.7796337134205053e+18,1.7796401063941778e+18
1779638302040074203,12.308,1.615,634.0,72.65866937293434,18.584999999999997,43.38901347603935,12.353173387458687,1.7796357258773624e+18,1.7796393086829338e+18
1779638302440581903,12.316,1.5825,296.4,72.66084241243406,18.287499999999998,43.39898373753548,12.353216848248682,1.7796364728502147e+18,1.7796390129099041e+18
1779638302840737551,12.332,1.4825,1121.975,72.81832612754941,18.0425,43.530448202626715,12.356366522550989,1.7796369053843812e+18,1.779638841830111e+18
1779638303240994769,12.332,1.73,147.175,72.89653644275633,18.0425,43.59797423353612,12.357930728855127,1.7796371495091517e+18,1.7796387453657856e+18
1779638303641258966,11.228,27.0975,1370.6,72.85353615754148,18.1125,43.328738690314296,12.35707072315083,1.7796372997956882e+18,1.7796386861171827e+18
1779638304041639295,11.232,24.965,905.925,72.87872092147641,18.4275,43.65736687640511,12.357574418429529,1.77963740841909e+18,1.7796386433971666e+18
1779638304441960495,11.296,24.2325,1126.25,72.91438052385936,18.689999999999998,43.826329283148745,12.358287610477188,1.779637494378763e+18,1.77963860968944e+18
1779638304842417747,12.068,5.4,160.225,72.77442538698304,18.7775,43.78258768152548,12.355488507739661,1.7796375612510264e+18,1.7796385836389453e+18
1779638305242848939,12.172,3.65,488.95,72.86761813000675,18.7775,43.700778975234414,12.357352362600135,1.7796376181177334e+18,1.779638561535482e+18
1779638305643018673,12.144,4.3475,1492.15,72.91541697568222,18.7425,43.75547325970125,12.358308339513645,1.7796376670876196e+18,1.7796385425689577e+18
1779638306243969341,12.256,2.18,1276.875,72.91854723416512,18.602500000000003,43.759052006080346,12.358370944683303,1.779637713173369e+18,1.779638524830335e+18
1779638306644312332,12.304,1.6325,619.9,72.97516194174722,18.375,43.80802856240494,12.359503238834945,1.7796377475649285e+18,1.7796385116543058e+18
1779638307244589293,12.316,1.4825,253.375,73.01378891395602,18.3575,43.84185391689928,12.36027577827912,1.7796377741520202e+18,1.7796385015394445e+18
1779638307444670040,12.32,1.5675,773.225,73.02734099698868,18.287499999999998,43.853634775482014,12.360546819939774,1.7796377949815299e+18,1.77963849367339e+18
1779638307844893183,12.328,1.5475,721.275,73.06873273518626,18.287499999999998,43.890580540407775,12.361374654703726,1.7796378115709814e+18,1.7796384874578414e+18
1779638308245042593,12.332,1.5675,562.75,73.2664212236627,18.2,44.011843197515645,12.365328424473255,1.7796378277659901e+18,1.7796384813637903e+18
1779638308645282806,12.34,1.5475,78.975,73.40232753160113,18.2,44.24918800800989,12.368046550632023,1.7796378406627512e+18,1.7796384765216796e+18
1779638309045438423,12.348,1.4975,241.0,73.56421942909606,18.235,44.60280573676565,12.371284388581921,1.7796378512481083e+18,1.7796384725436012e+18
1779638309445670152,12.348,1.5175,735.45,73.70129109392519,18.235,44.82417924900619,12.374025821878504,1.7796378590576927e+18,1.7796384696096553e+18
1779638309845820858,12.356,1.65,606.0,73.83497684971569,18.13,44.843913761911466,12.376699536994314,1.7796378645907333e+18,1.779638467526454e+18
1779638310646240199,12.252,3.25,643.75,73.89788501536856,18.0075,44.48479473985124,12.377957700307372,1.7796378658493458e+18,1.7796384670802378e+18
1779638311446615313,10.472,46.2325,1399.075,73.7141157904258,17.99,42.64482203555995,12.374282315808516,1.7796378550425554e+18,1.779638471244705e+18
1779638312046998774,10.328,47.85,992.825,73.82221818634002,18.095,42.749214322436906,12.376444363726801,1.7796378355750034e+18,1.7796384786035118e+18
1779638312647214342,10.264,48.7325,1391.45,73.91357148667667,18.4275,42.95965886851499,12.378271429733534,1.779637813349776e+18,1.7796384869451802e+18
1779638313247588387,10.304,48.1675,969.55,73.95432035314595,18.7425,43.00190906638269,12.37908640706292,1.7796377922951142e+18,1.7796384948268672e+18
1779638313647721494,10.296,47.1475,1320.425,74.00154910059013,19.022499999999997,43.22241267490413,12.380030982011803,1.7796377719118336e+18,1.7796385024221394e+18
1779638315449344913,10.648,38.7325,372.55,73.98980717873344,20.09,43.36736468173612,12.37979614357467,1.7796377467323377e+18,1.779638511853325e+18
1779638315849726216,11.98,5.55,1136.925,73.47158463732066,20.352500000000003,43.155024648554914,12.369431692746414,1.779637708273865e+18,1.7796385263670164e+18
1779638316650874968,12.22,1.5475,588.375,73.07959301555744,20.23,42.961380610870926,12.36159186031115,1.779637656053098e+18,1.7796385461268383e+18
1779638317051159179,12.244,1.5475,157.175,72.8917065183042,20.1075,42.927969579442156,12.357834130366085,1.779637597874548e+18,1.779638568159968e+18
1779638317451701397,11.584,17.3825,479.65,72.90412572837263,19.9325,42.871604801051085,12.358082514567453,1.7796375334849344e+18,1.779638592458941e+18
1779638317852281159,11.596,16.4675,1463.775,72.82998024129829,19.88,42.8597513327821,12.356599604825966,1.7796374552850424e+18,1.7796386218682135e+18
1779638318252832979,11.436,20.6475,1190.275,72.93690420033857,19.95,42.946725270400904,12.358738084006772,1.779637363255867e+18,1.779638656279074e+18
1779638318653652897,12.156,3.4675,355.625,72.86578437364363,20.02,42.91480745744631,12.357315687472873,1.7796372485927954e+18,1.779638699047051e+18
1779638319054029250,12.232,2.18,1085.275,72.84553707490032,19.9325,42.90082249690168,12.356910741498007,1.7796370985580465e+18,1.779638754819844e+18
1779638319454361825,12.276,1.5825,35.175,72.82770370779632,19.8625,42.89181430170046,12.356554074155927,1.779636860216696e+18,1.779638843014135e+18
1779638319854974020,12.284,1.5175,107.325,72.7504868983762,19.8625,42.85428247760043,12.355009737967524,1.7796365781867151e+18,1.7796389474069486e+18
1779638320255281489,12.3,1.5325,327.525,72.70738326964972,19.74,42.83316860528697,12.354147665392995,1.7796362327517668e+18,1.779639075255707e+18
1779638321256702362,12.152,4.7325,1411.9,72.60571584390182,19.635,42.78311163631451,12.352114316878037,1.7796357567334e+18,1.7796392514928317e+18
1779638322057431973,12.316,1.5175,1510.925,72.56419417108012,19.6875,42.76276872264787,12.351283883421603,1.779635122141274e+18,1.7796394864842767e+18
1779638322457549448,12.324,1.6325,1334.175,72.54761468634453,19.6875,42.75441977850613,12.350952293726891,1.7796342537229353e+18,1.779639808024872e+18
1779638323057869380,12.332,1.5475,787.05,72.5225582473004,19.53,42.742102449882324,12.350451164946008,1.7796327868035901e+18,1.7796403508192376e+18
1779638323458047677,11.916,11.2675,763.475,72.43459698340392,19.1975,42.663747990731395,12.348691939668079,1.7796292955202422e+18,1.7796416419582628e+18
1779638323858240407,11.424,21.1825,471.95,72.18637584773705,19.25,42.56529264445034,12.343727516954742,1.7795998184541297e+18,1.7796525410079137e+18
1779638324258403020,12.112,4.8475,1118.55,71.82610228839285,19.4425,42.38481282707371,12.336522045767857,1.7796512675736914e+18,1.7796335182087698e+18
1779638324658804900,12.212,3.05,136.725,71.66847909886485,19.5125,42.3089880941916,12.333369581977298,1.7796439988010084e+18,1.779636205777721e+18
1779638325058946190,12.208,3.185,417.25,71.8032725404197,19.425,42.73668128848898,12.336065450808395,1.7796421160575875e+18,1.779636902441484e+18
1779638325459403494,12.208,3.63,1273.325,71.93878929750362,19.3025,42.98468533305177,12.338775785950073,1.7796411882891453e+18,1.7796372463607132e+18
1779638325859746914,12.208,3.7,609.075,72.0598311694152,19.1975,43.17974169164004,12.341196623388305,1.779640708423886e+18,1.7796374245024993e+18
1779638326260002356,12.216,3.9175,220.325,72.30615034500606,19.075,43.724960225951854,12.346123006900122,1.779640439939881e+18,1.77963752453935e+18
1779638326660353903,12.24,3.2825,672.375,72.46788310765248,18.935000000000002,44.03034583741035,12.34935766215305,1.7796402682503342e+18,1.7796375888061996e+18
1779638327060725960,12.28,2.4475,413.525,72.61548042239534,18.935000000000002,44.30545094566323,12.352309608447907,1.7796401544604132e+18,1.7796376316893975e+18
1779638327661250859,12.012,9.235,1261.975,72.9479021762316,18.7775,44.10786370469334,12.358958043524632,1.779640112476684e+18,1.7796376481430804e+18
1779638328061643456,11.092,30.15,574.425,72.96410815775376,18.6725,43.39341917948687,12.359282163155076,1.779640098644928e+18,1.7796376540501673e+18
1779638328462598160,11.032,30.7,114.6,73.11330805973171,18.935000000000002,43.49875626452775,12.362266161194635,1.7796401220005012e+18,1.7796376462060652e+18
1779638328863361918,10.992,31.665,349.725,73.1084935850661,19.4075,43.35416296201573,12.362169871701322,1.7796401319953874e+18,1.7796376433467013e+18
1779638329464121612,10.916,33.1,1067.275,73.17419313100197,19.7925,43.31921289467671,12.36348386262004,1.7796401577661366e+18,1.7796376346723208e+18
1779638329864974067,12.216,1.5175,1618.65,72.92998840703015,20.1775,42.98029296942356,12.358599768140603,1.7796401396600136e+18,1.7796376420795456e+18
1779638330265871115,12.256,1.7,24.525,72.98851869432673,20.37,43.004652021056785,12.359770373886535,1.7796401018650296e+18,1.7796376569170527e+18
1779638330666443332,12.276,1.615,74.825,73.04520552005869,20.352500000000003,43.04498266098575,12.360904110401174,1.7796400878899377e+18,1.779637662896619e+18
1779638331066932396,12.284,1.5825,228.325,73.06940580469794,20.352500000000003,43.06411940140863,12.36138811609396,1.7796400828381e+18,1.779637665552302e+18
1779638331467572573,11.876,11.6,696.775,73.12999472117356,20.247500000000002,43.08239755095295,12.362599894423472,1.7796400878636636e+18,1.7796376645055178e+18
1779638332068663324,10.86,34.7,487.975,73.13128901919254,20.247500000000002,43.12787910757618,12.362625780383851,1.7796401032320223e+18,1.77963765959732e+18
1779638332469377443,10.844,35.0675,1489.175,73.1594787265057,20.439999999999998,43.17585937761543,12.363189574530114,1.7796401311426537e+18,1.7796376500330657e+18
1779638332870117339,12.124,3.4175,1267.8,72.80260600507934,20.685000000000002,42.93954235707794,12.356052120101587,1.7796400896931738e+18,1.7796376659222098e+18
1779638333270968823,12.008,7.6475,592.2,72.6151983561177,20.3875,42.817870122428545,12.352303967122355,1.779640024638692e+18,1.779637690421647e+18
1779638333671243190,11.7,12.1475,168.85,72.17634676656006,19.985,42.68307480955124,12.343526935331202,1.7796399322020058e+18,1.7796377247186465e+18
1779638334072077748,12.256,1.4625,515.275,71.9744175376502,20.02,42.607347053869404,12.339488350753005,1.7796398464776458e+18,1.7796377564068588e+18
1779638334472842481,12.276,1.4975,1572.475,71.98266617268762,19.635,42.574298254903276,12.339653323453753,1.7796397994821944e+18,1.7796377736908803e+18
1779638335274297397,12.16,4.7675,1367.975,72.11179498349063,19.372500000000002,42.64644938036891,12.342235899669813,1.779639801183781e+18,1.7796377728851492e+18
1779638335674992259,12.284,1.5675,897.925,72.14102104560078,19.005,42.66764930503897,12.342820420912016,1.7796398387951606e+18,1.7796377586128417e+18
1779638336075618768,12.24,2.8325,1101.825,72.19449922625296,18.9525,42.703217359980165,12.34388998452506,1.7796399128780782e+18,1.779637730636952e+18
1779638336476075721,12.2,3.8175,85.7,72.19401416523476,18.6375,42.70231096312771,12.343880283304696,1.779639971906905e+18,1.7796377083079882e+18
1779638336876884296,12.212,3.4675,261.525,72.17659739632579,18.41,42.69219802536514,12.343531947926516,1.7796400722937137e+18,1.7796376703115533e+18
1779638337277196143,12.032,7.8825,798.1,72.11746049321776,18.41,42.63897244812608,12.342349209864356,1.7796402176922788e+18,1.7796376151669315e+18
1779638337677432784,11.772,14.5175,797.2,72.07026844826476,18.27,42.51955059075955,12.341405368965296,1.779640417991536e+18,1.7796375390841713e+18
1779638338077963914,11.4,23.2825,794.45,71.92789044229391,18.2,42.2716447583038,12.338557808845879,1.7796406759157542e+18,1.7796374408166518e+18
1779638338478290625,11.196,26.915,786.05,71.76073883556978,18.2,42.226186530901515,12.335214776711396,1.7796409369872266e+18,1.7796373407711946e+18
1779638338878491122,11.22,25.9,760.425,71.78950188717667,18.3925,42.429173300824516,12.335790037743534,1.779641027946343e+18,1.7796373053069873e+18
1779638339278797755,11.38,21.7,682.225,71.77288841427838,18.5675,42.51020771518941,12.335457768285568,1.7796409389187963e+18,1.7796373383666194e+18
1779638339879323175,12.136,3.3125,443.575,71.57742446382514,18.6725,42.38317256582834,12.331548489276503,1.7796407117151793e+18,1.7796374239811377e+18
1779638340279588622,12.272,1.665,854.25,71.59084397502163,18.375,42.31675481502352,12.331816879500433,1.7796405464210186e+18,1.779637486279443e+18
1779638340679925990,12.296,1.5475,968.625,71.8761884625997,18.147499999999997,42.55697288395509,12.337523769251995,1.7796404808465162e+18,1.7796375110637353e+18
1779638341080196515,12.304,1.5475,1317.6,72.02141680198517,17.6925,42.67873013776205,12.340428336039704,1.7796405126567777e+18,1.7796374988283753e+18
1779638342080979332,12.304,1.78,744.175,72.14280056527124,17.6925,42.77907201031075,12.342856011305425,1.779640581767379e+18,1.7796374725281654e+18
1779638342481386361,12.3,1.9825,632.625,72.25611330048966,17.325,42.87103466554007,12.345122266009794,1.7796407024608855e+18,1.7796374266320376e+18
1779638342881666933,12.328,1.5325,292.2,72.37108096427248,16.8875,43.02182483614512,12.34742161928545,1.77964089129269e+18,1.7796373548059525e+18
1779638343282061144,12.332,1.5325,891.7,72.54854764793821,16.52,43.22700232139257,12.350970952958765,1.7796411768682296e+18,1.7796372462540285e+18
1779638343682268081,12.336,1.4975,1082.85,72.74139166521047,16.52,43.536970386146365,12.35482783330421,1.7796416534376773e+18,1.7796370650428733e+18
1779638344082508332,12.344,1.5975,27.775,73.15120584375609,16.24,43.89855085613379,12.363024116875122,1.7796427151488643e+18,1.779636661355359e+18
1779638344482868372,12.348,1.5675,84.75,73.34986356529578,16.310000000000002,44.05166812192264,12.366997271305916,1.7796451958443694e+18,1.7796357177325128e+18
1779638344883474275,12.356,1.5325,258.625,73.63903841514387,16.310000000000002,43.77909341695556,12.372780768302878,1.7796597216658143e+18,1.7796301905449523e+18
1779638345283844996,12.192,4.8325,789.25,73.86726582900644,16.695,43.965460396179864,12.37734531658013,1.779622366793772e+18,1.7796444057048978e+18
1779638345684003384,11.58,19.3175,770.175,73.9596833970821,17.272499999999997,43.73864976245095,12.379193667941642,1.779632365561695e+18,1.7796406009771942e+18
1779638346084341245,11.308,25.6,711.975,73.92588346096369,17.272499999999997,43.36334108831717,12.378517669219274,1.7796342905365788e+18,1.7796398680977797e+18
1779638346484660055,10.996,32.9,534.375,73.9229301635996,17.8675,43.05505033666524,12.378458603271993,1.7796349509751503e+18,1.7796396157335675e+18
1779638346885169119,11.04,30.2825,1630.775,74.0253907509775,18.4275,43.3203142345942,12.38050781501955,1.7796353348179487e+18,1.779639468516585e+18
1779638347285348498,11.268,24.265,187.75,74.09359603773646,18.9875,43.60514623256422,12.38187192075473,1.77963569497907e+18,1.779639330956432e+18
1779638348086916361,12.236,1.5975,572.95,73.87646027150456,19.127499999999998,43.42296652207704,12.377529205430092,1.7796359192743826e+18,1.779639245377932e+18
1779638348487510725,12.268,1.5475,110.1,73.7340294245528,18.9875,43.30559433165515,12.374680588491056,1.7796360728756122e+18,1.7796391868598735e+18
1779638348888221814,12.284,1.5975,335.975,73.62606620106469,18.9875,43.280776362348476,12.372521324021294,1.7796362328724483e+18,1.779639126414074e+18
1779638349288825500,12.296,1.5325,1025.3,73.59393152033968,18.9875,43.40328447364345,12.371878630406794,1.7796363943821798e+18,1.779639065698512e+18
1779638349689108081,12.3,1.5325,1490.55,73.57317055501626,18.8125,43.34387120967806,12.371463411100326,1.7796365536414088e+18,1.7796390060703337e+18
1779638350089974937,12.316,1.5175,1271.975,73.58685655846963,18.655,43.17312598800805,12.371737131169393,1.779636745832758e+18,1.779638934435599e+18
1779638351091857097,12.332,1.4975,634.0,73.65523302871075,18.4275,42.90344744319205,12.373104660574215,1.7796369077010522e+18,1.7796388742039754e+18
1779638351492234800,12.34,1.5325,296.4,73.97430251400827,18.305,43.09410020022193,12.379486050280166,1.7796370911065178e+18,1.7796388059397105e+18
1779638351893091622,12.348,1.4825,904.525,74.15584478787744,18.0775,43.22952031192291,12.38311689575755,1.77963724501912e+18,1.7796387487110513e+18
1779638352293198104,11.58,19.965,1121.975,74.22936303932008,17.8675,42.99553548343037,12.384587260786402,1.7796373695106624e+18,1.7796387025474038e+18
1779638353093770034,10.392,48.715,449.125,74.03711642509475,18.0425,42.08414291872736,12.380742328501896,1.7796374405627732e+18,1.7796386763500012e+18
1779638353493893206,10.324,48.6325,1370.6,74.05942311108022,18.34,42.153551827819406,12.381188462221605,1.7796375037025357e+18,1.779638653161165e+18
1779638353894318369,10.308,49.4325,905.925,74.03731244127698,18.8475,42.09471691731444,12.38074624882554,1.779637558348489e+18,1.7796386331970578e+18
1779638354494920200,10.232,50.15,1126.25,74.04615841298074,19.162499999999998,42.238153654567135,12.380923168259615,1.7796376055474947e+18,1.7796386160435238e+18
1779638355495397020,12.224,1.5475,1276.875,73.69755114191587,19.7575,42.05997396923653,12.373951022838318,1.7796376332820872e+18,1.7796386062571348e+18
1779638355895707755,12.24,1.5675,619.9,73.3953652876531,19.7225,41.90551413222273,12.367907305753063,1.7796376468326715e+18,1.7796386018080653e+18
1779638356296049782,12.26,1.5825,253.375,73.12088443086705,19.5125,41.765487528683764,12.362417688617342,1.7796376518711416e+18,1.7796386005914988e+18
1779638356696300887,12.272,1.4625,773.225,72.8598068736976,19.5125,41.63196676676418,12.357196137473952,1.77963763704057e+18,1.7796386067116012e+18
1779638357096647984,12.08,5.85,721.275,72.55652825088842,19.2675,41.48619288688776,12.351130565017769,1.779637604662097e+18,1.7796386193634115e+18
1779638357496893893,11.464,20.4825,562.75,72.37110509100803,19.0925,41.45087728583655,12.347422101820161,1.779637544387135e+18,1.779638642278159e+18
1779638357897100692,12.124,3.53,78.975,72.07855674261613,19.075,41.35643754664084,12.341571134852323,1.779637448708917e+18,1.779638678325994e+18
1779638358297295958,12.256,1.6325,241.0,71.99725347222639,19.022499999999997,41.363628468568926,12.339945069444529,1.7796373240368486e+18,1.779638725138111e+18
1779638358697698415,12.28,1.5325,735.45,72.00126114241331,18.689999999999998,41.411329551362606,12.340025222848267,1.7796371722965448e+18,1.7796387820177715e+18
1779638359097889416,12.3,1.5675,606.0,72.09738319546392,18.689999999999998,41.334195307671536,12.341947663909279,1.7796369876859663e+18,1.7796388510536768e+18
1779638360099344769,11.724,16.15,995.325,72.25199046244163,17.709999999999997,41.18376509050777,12.345039809248833,1.7796367579751032e+18,1.7796389367602563e+18
1779638360500207985,10.752,39.585,1399.075,72.37359013405678,17.709999999999997,41.12336296976051,12.347471802681136,1.7796364726945756e+18,1.7796390429558034e+18
1779638360900581990,10.444,45.4825,992.825,72.43939070039298,17.849999999999998,41.2590522518579,12.34878781400786,1.779636087069166e+18,1.7796391862008916e+18
1779638361300786558,10.504,44.065,1391.45,72.44527458682465,18.0775,41.33373935820373,12.348905491736494,1.7796354802186478e+18,1.7796394111917138e+18
1779638361700935811,12.224,1.5175,969.55,72.20716833669199,18.1825,41.2210410323621,12.34414336673384,1.77963412610229e+18,1.779639912834024e+18
1779638362101087962,12.256,1.5475,1320.425,72.06500063861928,17.8325,41.153807256335426,12.341300012772386,1.779629012776796e+18,1.7796418053859085e+18
1779638362501325261,12.272,1.5175,752.8,71.9207185441612,17.622500000000002,41.08550830243299,12.338414370883225,1.7796618184424886e+18,1.7796296681024852e+18
1779638362901581010,12.012,7.6325,658.95,71.70061193340763,17.622500000000002,40.984798892066785,12.334012238668153,1.7796432336150423e+18,1.7796365445678643e+18
1779638363301713167,10.396,46.065,372.55,71.4823949828326,17.01,41.005840762092554,12.329647899656653,1.779640967439475e+18,1.7796373834430548e+18
1779638363702201567,11.22,24.7825,1136.925,71.04553748521381,17.255,40.911467695360834,12.320910749704277,1.7796400232825958e+18,1.7796377332050575e+18
1779638364102446760,12.0,6.35,192.8,70.706315236694,17.255,40.84245230184839,12.31412630473388,1.7796395502520878e+18,1.7796379086246141e+18
1779638364502927973,10.428,46.1,157.175,70.76732202885479,16.695,41.058105679280956,12.315346440577096,1.7796393067839683e+18,1.779637999114022e+18
1779638364903102148,10.456,43.9825,479.65,70.79792238636225,16.555,41.21767991395916,12.315958447727246,1.7796391533250476e+18,1.7796380563342556e+18
1779638365303400415,10.444,43.5325,1463.775,70.87027745471823,16.8,41.52986885741767,12.317405549094365,1.7796390539196244e+18,1.7796380935591293e+18
1779638365703786778,10.224,49.35,1190.275,70.9157547029087,16.8,41.6693985830621,12.318315094058175,1.7796389813414313e+18,1.7796381208703808e+18
1779638366104203715,10.332,46.1975,355.625,71.07930214317814,17.0625,41.89448892606136,12.321586042863563,1.77963892881551e+18,1.7796381407853635e+18
1779638366504697493,10.516,41.915,1085.275,71.16115036387035,17.412499999999998,42.03174417580605,12.323223007277408,1.7796388895681644e+18,1.7796381557733903e+18
1779638367305451000,11.144,26.9,107.325,71.07369760816383,17.2025,42.04604786820102,12.321473952163277,1.7796388584313636e+18,1.7796381677275151e+18
1779638367705800902,10.348,47.065,327.525,71.00756809177574,17.2025,42.00296101197298,12.320151361835515,1.7796388365747748e+18,1.779638176158475e+18
1779638368106149503,10.392,45.4025,999.525,70.99546808967581,17.43,42.03450766547324,12.319909361793517,1.7796388199914086e+18,1.7796381826072876e+18
1779638368506420427,12.0,3.9475,1411.9,70.24023889161633,17.7975,41.691565773606435,12.304804777832327,1.7796387996009677e+18,1.7796381903474e+18
1779638368906603467,12.196,1.4825,1031.975,70.16333820145587,17.675,41.65207771215747,12.303266764029118,1.7796387840657608e+18,1.7796381962541489e+18
1779638369306981041,12.216,1.4975,1510.925,69.90900444304091,17.675,41.54160385432252,12.298635066645614,1.7796387691485724e+18,1.779638201915965e+18
1779638369707148445,12.24,1.5675,1334.175,69.64786365865024,17.36,41.44811909901775,12.294717954879754,1.7796387534917548e+18,1.7796382078714314e+18
1779638370507514144,10.504,43.685,787.05,69.11162398280524,16.87,41.22550492167987,12.28667435974208,1.7796387355563973e+18,1.7796382146854543e+18
1779638371108033077,10.452,45.2825,763.475,68.57428447498992,16.87,41.04077298632428,12.27861426712485,1.7796387169504635e+18,1.7796382217417774e+18
1779638371508195966,10.428,44.685,691.525,68.53035397825755,17.0625,41.178806541817735,12.277955309673864,1.7796387017233106e+18,1.7796382275508268e+18
1779638371908364649,11.096,27.1825,471.95,68.38663758482109,17.36,41.24758164493883,12.275799563772317,1.7796386871491633e+18,1.7796382331674202e+18
1779638372308680326,11.672,13.0975,1440.275,68.08633427745785,17.622500000000002,41.24263021817905,12.271295014161868,1.7796386719582328e+18,1.7796382390673756e+18
1779638372708817981,11.632,14.3,1118.55,67.70937648995476,17.9025,41.12924438479559,12.265640647349322,1.7796386562251446e+18,1.7796382452157105e+18
1779638373108933866,11.924,7.5125,136.725,67.05487821823542,17.9025,40.89610896959872,12.255823173273532,1.7796386392645445e+18,1.7796382518552044e+18
1779638373509128140,10.324,47.6825,417.25,66.31775901995545,17.9725,40.59854390655015,12.244766385299332,1.779638621460863e+18,1.7796382588444104e+18
1779638373909377079,10.328,47.065,1273.325,65.67728260219054,18.252499999999998,40.39364618632395,12.235159239032859,1.7796386040649203e+18,1.7796382657077532e+18
1779638374509915039,12.056,3.7975,220.325,65.48816908673092,19.18,40.36109462806808,12.232322536300964,1.7796385903198162e+18,1.7796382711635336e+18
1779638374910416382,10.412,45.185,672.375,65.53126523029067,19.075,40.36202622486163,12.23296897845436,1.7796385802352056e+18,1.779638275187203e+18
1779638375711416334,10.316,47.6475,574.425,65.31706707702946,20.09,40.28165718869206,12.229756006155442,1.7796385720710472e+18,1.779638278464612e+18
1779638376111948433,10.344,45.8825,114.6,65.4021641089721,20.405,40.44030507398379,12.231032461634582,1.77963856589749e+18,1.7796382809718618e+18
1779638376512440228,10.416,44.2,349.725,65.41659230280432,20.72,40.48688509317209,12.231248884542065,1.779638560904514e+18,1.779638283031891e+18
1779638376912767987,10.676,37.7825,1067.275,65.38059189629482,20.9475,40.47060884083048,12.230708878444423,1.779638556936576e+18,1.7796382846884698e+18
1779638377313012241,11.012,28.5475,1518.65,65.16269765042131,21.227500000000003,40.43397930100727,12.22744046475632,1.7796385532827382e+18,1.7796382862239626e+18
1779638377713283989,11.064,27.6825,24.525,64.9816013964848,21.28,40.364780496065286,12.224724020947273,1.7796385503212308e+18,1.7796382874683277e+18
1779638378113589917,11.032,29.5825,74.825,64.97552940535896,21.28,40.33667648192363,12.224632941080385,1.7796385479788142e+18,1.7796382884740536e+18
1779638378714498055,11.004,29.5325,228.325,64.88481153417244,21.4375,40.33639547011078,12.223272173012587,1.7796385456978253e+18,1.7796382894903252e+18
1779638379315173511,11.068,28.73,487.975,64.94378863998209,21.735,40.394861899676485,12.224156829599732,1.779638543877718e+18,1.779638290349211e+18
1779638380115998395,12.112,2.665,1267.8,64.90949268522945,22.05,40.38518515412565,12.223642390278442,1.7796385424774533e+18,1.7796382910619185e+18
1779638380917092236,12.208,1.9825,168.85,65.95668243262145,21.84,40.78032182539384,12.239350236489322,1.7796385439747592e+18,1.7796382905993943e+18
1779638381317321988,12.18,2.9975,515.275,66.32660837077498,21.735,40.91908541936351,12.244899125561625,1.7796385463915197e+18,1.7796382897576724e+18
1779638381717860390,11.428,21.85,1572.475,66.34111085044643,21.525000000000002,40.862041758981995,12.245116662756697,1.7796385485780403e+18,1.7796382890311974e+18
1779638382118128468,11.264,25.065,1522.0,65.86650385352608,21.4375,40.634843975732736,12.237997557802892,1.779638549778749e+18,1.7796382887124739e+18
1779638382518461755,12.14,2.7975,1367.975,66.08440931880723,21.49,40.794151478000586,12.241266139782109,1.7796385519423314e+18,1.7796382879658038e+18
1779638382918713449,12.24,1.5475,897.925,66.73038649198797,21.385,41.1731239022187,12.25095579737982,1.7796385564189565e+18,1.7796382861923223e+18
1779638383319089077,12.26,1.5675,1101.825,67.31858596416316,21.122500000000002,41.45279938650044,12.259778789462448,1.779638564065293e+18,1.7796382829591183e+18
1779638383719291266,12.28,1.5325,85.7,67.95472558882305,20.93,41.66309897374516,12.269320883832346,1.7796385748183176e+18,1.779638278303796e+18
1779638384519953557,12.296,1.5825,798.1,68.77806499217007,20.405,41.962894152389836,12.281670974882552,1.779638590909546e+18,1.779638271215782e+18
1779638385720818902,12.316,1.5475,786.05,69.58254800430832,19.8625,42.24801153361828,12.293738220064625,1.7796386153375852e+18,1.7796382603086205e+18
1779638386120967996,12.316,1.5825,760.425,70.2821943097353,19.4425,42.542656909199806,12.305643886194707,1.7796386476330207e+18,1.779638245788134e+18
1779638386521154323,12.32,1.68,682.225,70.7060848540994,19.18,42.900099532675476,12.314121697081989,1.779638690505319e+18,1.7796382263618053e+18
1779638387121643662,12.324,1.75,443.575,71.08377801779343,18.602500000000003,43.212064731625034,12.32167556035587,1.7796387509007242e+18,1.779638198802566e+18
1779638387521931911,11.896,11.7175,1353.675,71.68496092767221,18.602500000000003,43.47704898007048,12.333699218553445,1.7796388424868193e+18,1.7796381568113242e+18
1779638388322845278,10.404,46.7825,968.625,71.58337997352147,17.9725,43.22663332127317,12.33166759947043,1.77963898383141e+18,1.7796380916630543e+18
1779638388723276577,10.404,46.05,1317.6,71.56422586496251,18.375,43.162772791091996,12.33128451729925,1.7796392127775685e+18,1.7796379858425398e+18
1779638389123818369,10.328,47.95,744.175,71.44528893823122,18.7775,42.86701612220911,12.328905778764625,1.779639640718825e+18,1.7796377875649958e+18
1779638390525399700,10.612,41.35,1082.85,71.3727196368869,19.162499999999998,42.62004422613527,12.327454392737739,1.7796410171869166e+18,1.7796371480776312e+18
1779638391126124526,10.508,43.75,27.775,71.3082626244704,19.162499999999998,42.35763228310968,12.326165252489409,1.7795801387124344e+18,1.7796654669124892e+18
1779638391526412832,10.488,42.815,84.75,71.41720153248777,19.425,42.30213213380239,12.328344030649756,1.779635942958893e+18,1.779639509859292e+18
1779638391927001149,10.688,38.615,789.25,71.51342133117245,19.6175,42.22172049659362,12.33026842662345,1.7796371309083707e+18,1.7796389579997059e+18
1779638392327393249,11.476,18.15,770.175,71.37003972069475,19.67,42.15086204675197,12.327400794413895,1.7796375340891784e+18,1.7796387713048466e+18
1779638392727911385,11.448,18.8325,711.975,71.26184591053074,19.5825,42.047358603761964,12.325236918210615,1.7796377374947064e+18,1.7796386775398203e+18
1779638393128137674,11.972,6.5,534.375,71.04782781593454,19.425,41.87101628985203,12.320956556318691,1.779637852825853e+18,1.7796386247155254e+18
1779638393528481510,11.9,8.85,1630.775,71.25350834586362,19.18,41.99832326432275,12.325070166917273,1.7796379345694653e+18,1.779638587439981e+18
1779638393929059342,10.504,43.25,61.525,71.39219565587894,19.11,42.08200750436508,12.32784391311758,1.779637995541058e+18,1.779638559801398e+18
1779638394329669075,10.52,43.55,187.75,71.46368791431667,19.11,42.061294608161184,12.329273758286334,1.7796380369397148e+18,1.7796385411466703e+18
1779638395130902095,10.98,29.9975,110.1,71.34941533686899,19.635,42.152384197488814,12.32698830673738,1.779638068755511e+18,1.779638526989444e+18
1779638395931624750,11.568,15.9175,1025.3,71.13139676525034,19.9675,42.09961875944151,12.322627935305007,1.7796380922816374e+18,1.7796385167064579e+18
1779638396331917440,11.96,6.965,1490.55,71.1477304244151,20.09,42.12389497063943,12.322954608488303,1.7796381115083453e+18,1.7796385084028088e+18
1779638396732164590,11.388,21.9325,1271.975,71.20952735768452,19.985,42.16836775524918,12.324190547153691,1.7796381255370437e+18,1.779638502445444e+18
1779638397132310762,11.152,27.05,604.95,71.15651036339486,19.985,42.180542709667215,12.323130207267898,1.7796381355398958e+18,1.7796384983092675e+18
1779638397532638231,11.132,27.5975,207.75,70.99736252127994,20.195,42.12849237642344,12.3199472504256,1.7796381440517967e+18,1.7796384948899727e+18
1779638397932954979,11.1,26.9,634.0,70.58839965280484,20.3875,42.00762350638186,12.311767993056097,1.779638150221015e+18,1.7796384925865871e+18
1779638398333180873,11.368,21.6825,296.4,70.01170456005752,20.58,41.71728357387139,12.300234091201151,1.7796381533907267e+18,1.779638491692139e+18
1779638398733411513,12.004,5.865,904.525,68.79743933361928,20.6675,41.21617312177736,12.28196159000429,1.7796381515688788e+18,1.779638493162883e+18
1779638399533912259,11.944,7.915,449.125,67.62410021839081,20.4225,40.72366465188541,12.264361503275863,1.7796381427856899e+18,1.7796384978732872e+18
1779638399934140397,11.788,11.7475,1370.6,66.2240321408744,20.37,40.124993185052844,12.243360482113117,1.7796381250496369e+18,1.7796385067381146e+18
1779638400334315232,11.796,11.7475,905.925,65.47993154679163,20.247500000000002,39.85262738527338,12.232198973201875,1.7796380979157386e+18,1.779638519909472e+18
1779638400734732860,11.968,8.0175,1126.25,66.08021261809525,20.125,40.1832747832628,12.24120318927143,1.7796380667811246e+18,1.7796385348020078e+18
1779638401134974026,12.252,1.5975,160.225,66.80980559468112,19.9675,40.54944230441098,12.252147083920217,1.7796380338214016e+18,1.7796385504105367e+18
1779638401935560607,12.272,1.5475,488.95,67.59118716133308,19.599999999999998,40.982810404167836,12.263867807419997,1.7796379955882778e+18,1.7796385682229391e+18
1779638402335806782,12.284,1.5675,1492.15,68.35638674990447,19.372500000000002,41.48112160048395,12.275345801248568,1.7796379570943657e+18,1.7796385859591406e+18
1779638402936207630,12.292,1.665,1276.875,69.14248186911603,19.372500000000002,42.050814948462005,12.287137228036741,1.77963791872227e+18,1.7796386034007813e+18
1779638403336450076,12.112,5.165,619.9,69.38830645789926,19.127499999999998,42.17537696870598,12.29082459686849,1.779637873790493e+18,1.7796386236209595e+18
1779638403736697563,11.116,28.9325,253.375,69.44008500399389,18.8125,42.17483109003845,12.291601275059909,1.779637812034402e+18,1.7796386511827712e+18
1779638404937499281,10.632,40.2475,562.75,69.42863817384122,19.32,41.95779059662756,12.291429572607619,1.7796377180415078e+18,1.7796386929179704e+18
1779638405537972661,11.884,7.83,78.975,69.15671446438179,19.564999999999998,41.773433382587946,12.287350716965728,1.779637566344146e+18,1.7796387600994957e+18
1779638405938204780,12.208,1.5325,241.0,69.28215987374891,19.39,41.818783955449526,12.289232398106234,1.7796373163450678e+18,1.7796388702733527e+18
1779638406739062792,12.256,1.5475,606.0,69.55351797120193,19.162499999999998,41.94607388402685,12.29330276956803,1.7796368672695316e+18,1.7796390673700296e+18
1779638407139588532,12.264,1.5325,210.95,69.85519255585125,18.8825,42.23218222037014,12.29782788833777,1.7796358429509048e+18,1.7796395154176358e+18
1779638407539878240,12.28,1.4975,643.75,70.31869118187889,18.584999999999997,42.954254643321185,12.306373823637578,1.779633835017139e+18,1.779640390913444e+18
1779638407940157960,11.352,24.165,326.15,70.23751627015187,18.3925,42.43511647710632,12.304750325403038,1.7796196403707116e+18,1.7796465777091302e+18
1779638408340565774,11.288,24.05,995.325,70.32213774357075,18.3925,42.363954984929336,12.306442754871416,1.779646830077373e+18,1.7796347288844524e+18
1779638409141233369,11.272,23.215,992.825,70.49037353974164,18.795,42.61266766168507,12.309807470794834,1.779641496541868e+18,1.7796370539192607e+18
1779638409541587352,11.12,27.78,1391.45,70.49025292626102,18.8475,42.66746437048031,12.309805058525221,1.7796402912807864e+18,1.7796375797173358e+18
1779638409941853954,11.352,22.5675,969.55,70.48859996689777,18.462500000000002,42.6391447000301,12.309771999337956,1.7796398132689344e+18,1.779637788665483e+18
1779638410342073589,11.324,22.75,1320.425,70.48650525337814,18.689999999999998,42.68011537294305,12.309730105067564,1.7796395603403348e+18,1.7796378995454085e+18
1779638410742296140,11.304,22.5675,752.8,70.43167396784982,18.8475,42.5386506777547,12.308633479356997,1.7796394104561943e+18,1.7796379654985037e+18
1779638411142734334,1.28,23.7825,658.95,72.26192517676918,18.8825,75.52753308210275,12.345238503535384,1.779639451959969e+18,1.779637949973439e+18
1779638411943655039,11.284,23.4975,372.55,71.84030477913925,18.8825,73.1670394144884,12.336806095582785,1.7796395389878282e+18,1.779637914665909e+18
1779638412343915118,11.3,23.4175,1136.925,71.21649863931258,19.0575,70.96306488809114,12.324329972786252,1.7796396392869417e+18,1.7796378732314737e+18
1779638412744105263,11.352,21.9325,192.8,70.65841694327915,19.25,69.45084817458049,12.313168338865584,1.7796397395397537e+18,1.7796378313673597e+18
1779638413344530400,11.332,22.3825,588.375,70.04156247396728,19.425,67.9356300217228,12.300831249479346,1.779639832343785e+18,1.779637792095952e+18
1779638414345255477,12.244,1.5325,479.65,69.36746838241473,19.5475,67.6886899859387,12.290512025736222,1.7796399434441283e+18,1.7796377441956014e+18
1779638414745492505,12.264,1.4975,1463.775,69.40395585028531,19.425,67.71103692825157,12.29105933775428,1.7796400754538452e+18,1.7796376872434609e+18
1779638415145808371,12.26,1.9125,1190.275,69.47744008989285,19.425,67.75024278024378,12.292161601348393,1.7796402629524928e+18,1.7796376063950164e+18
1779638415946421795,12.284,1.8,1085.275,69.57378061886016,19.215,67.80403308361306,12.293606709282903,1.7796405183198907e+18,1.7796374963422636e+18
1779638416346970359,12.28,1.8825,35.175,69.58467169869454,19.0925,67.80756003881184,12.293770075480419,1.7796408402677056e+18,1.7796373573835338e+18
1779638417347660176,12.112,6.1825,327.525,69.90066748352433,19.127499999999998,67.93782232247463,12.298510012252866,1.779641461299803e+18,1.77963708986997e+18
1779638417947939490,11.072,30.065,999.525,69.58844321697526,18.7075,67.54423240797239,12.29382664825463,1.7796423171505367e+18,1.779636719958928e+18
1779638419148727033,10.4,45.3825,1031.975,67.47637307030294,18.935000000000002,65.19667851324715,12.262145596054545,1.7796415449863818e+18,1.779637048016539e+18
1779638420149316514,11.428,19.4,1334.175,67.5401457711256,19.4075,64.50698317720409,12.263102186566885,1.7796410638323963e+18,1.7796372525970127e+18
1779638420749881539,11.52,16.9175,794.775,68.10378673742963,19.39,64.28176143575367,12.271556801061445,1.7796409699408822e+18,1.779637290832224e+18
1779638421150027417,11.956,7.6175,787.05,68.44939673193558,19.3025,64.37575349691116,12.276740950979034,1.7796410076663534e+18,1.7796372724832108e+18
1779638421950734794,12.188,2.63,763.475,68.3779080097591,18.900000000000002,64.32470833956049,12.275668620146387,1.7796411460774697e+18,1.7796372097564634e+18
1779638422551155465,11.596,16.665,691.525,68.66482644615242,18.900000000000002,63.90217902582618,12.279972396692287,1.779641615279167e+18,1.7796370019242813e+18
1779638422951587936,11.244,25.2825,471.95,68.41625478883233,18.865,63.77251619109299,12.276243821832486,1.7796421975693473e+18,1.779636742874727e+18
1779638424152504547,10.528,42.315,1118.55,62.96855953007621,18.6375,58.39268052921303,12.194528392951144,1.7796401464339346e+18,1.779637639141143e+18
1779638424552958703,10.668,39.35,136.725,59.372882835471366,18.900000000000002,54.97913588942661,12.143728828354714,1.7796393226795282e+18,1.7796380003650847e+18
1779638425553892353,10.636,39.3175,1273.325,56.11575491482894,19.372500000000002,52.98056807236604,12.11115754914829,1.779638968381485e+18,1.779638156342589e+18
1779638425954523486,10.652,39.465,609.075,52.23966941856944,19.7575,50.64992614207418,12.072396694185695,1.7796387857209917e+18,1.7796382371159086e+18
1779638426355337206,11.484,18.115,220.325,52.6621032247288,19.9675,51.01437798020294,12.076621032247289,1.7796387012538967e+18,1.7796382746985106e+18
1779638427756846229,12.22,1.8975,1261.975,54.14519381398099,19.95,52.08817993736353,12.09145193813981,1.779638655274928e+18,1.7796382954128018e+18
1779638428757744217,12.076,5.2975,114.6,70.57487484552921,19.7575,42.58304883712652,12.311497496910585,1.779638684574124e+18,1.7796382823353247e+18
1779638430358604509,12.076,5.7975,1618.65,70.64695765443155,19.372500000000002,42.577938448861524,12.312939153088632,1.779638720654121e+18,1.7796382661448238e+18
1779638430758874911,11.764,13.9775,24.525,70.77861058102053,19.285,42.58671602839475,12.315572211620411,1.7796387562230372e+18,1.779638250413984e+18
1779638431359129774,11.576,17.665,74.825,70.83828194111773,19.285,42.557434580288074,12.316765638822355,1.779638789880199e+18,1.7796382358413724e+18
1779638431959639719,11.568,17.6,228.325,70.87447028325887,19.355,42.52317314749687,12.317489405665178,1.7796388152105075e+18,1.779638225546449e+18
1779638432359913537,12.14,2.9325,696.775,70.68790050392842,19.4075,42.40720784854816,12.313758010078569,1.7796388303849574e+18,1.7796382202215936e+18
1779638433560670924,12.18,3.565,1267.8,70.69863825268133,18.935000000000002,42.411207475408524,12.313972765053627,1.7796388514735985e+18,1.7796382121056297e+18
1779638433960905790,12.172,4.1975,592.2,70.72514308585676,18.7075,42.42141821798641,12.314502861717136,1.7796388771081324e+18,1.779638201811534e+18
1779638434761932018,11.564,17.615,515.275,70.49522575445256,18.462500000000002,42.272135644565836,12.309904515089052,1.7796389102168922e+18,1.7796381879142618e+18
1779638435162852451,11.6,16.235,1072.475,70.17914621196952,18.9175,42.08606892869101,12.303582924239391,1.7796389480583409e+18,1.779638171658292e+18
1779638435563099451,11.396,20.95,1522.0,69.75919601991603,18.724999999999998,41.90450557406603,12.296387940298741,1.7796389925907625e+18,1.7796381520595287e+18
1779638436765280610,12.248,1.78,1101.825,69.95385655836013,18.900000000000002,42.090642885246254,12.299307848375403,1.7796390544979308e+18,1.779638124431583e+18
1779638437365844747,12.264,1.8325,85.7,70.20829602248718,18.8125,42.31778978394171,12.304165920449744,1.7796391345586243e+18,1.7796380884806513e+18
1779638438167453404,10.42,46.1975,798.1,70.07721191253269,18.165000000000003,41.86730467238115,12.301544238250655,1.7796392312206408e+18,1.779638044836631e+18
1779638438568191708,10.456,45.98,797.2,70.04413839970496,18.3925,41.494613314224445,12.3008827679941,1.7796393369885955e+18,1.779637997113789e+18
1779638438969006380,11.312,22.735,794.45,70.09499344586183,18.83,41.58437291179269,12.301899868917237,1.7796394722762716e+18,1.7796379357790728e+18
1779638440771460149,12.236,1.8,682.225,70.15947026702588,18.3225,41.62439604646747,12.303189405340518,1.7796396886508785e+18,1.7796378369655345e+18
1779638441572192281,12.256,2.0325,1353.675,70.35757729051475,17.727500000000003,41.730408475395365,12.307151545810296,1.7796400589241285e+18,1.7796376670749348e+18
1779638441972569028,12.276,1.765,854.275,70.5425639569971,17.727500000000003,41.82772900223901,12.310851279139943,1.7796408417679424e+18,1.7796373064497234e+18
1779638442372891019,12.288,1.5675,968.625,70.68896527827587,17.4825,41.87283424750101,12.313779305565518,1.779642969919093e+18,1.7796363248408914e+18
1779638443974107228,10.42,48.5175,632.6,70.38376883721583,16.9225,41.14955913750788,12.307675376744317,1.7796660203057303e+18,1.779625678947892e+18
1779638444374374460,10.484,44.3675,292.2,70.33099841382969,16.974999999999998,40.94605941521741,12.306619968276594,1.7796314972349102e+18,1.779641626714231e+18
1779638446976045425,12.152,1.9675,770.175,70.02842301130607,19.127499999999998,40.62969262230072,12.300568460226122,1.7796352192052864e+18,1.7796399089720934e+18
1779638447576320518,12.196,1.8325,711.975,70.04982111190728,18.935000000000002,40.5161610258452,12.300996422238146,1.779636323192211e+18,1.7796394002163633e+18
1779638447976573860,12.216,1.765,534.375,70.01797546354867,18.3925,40.49743260334552,12.300359509270974,1.7796368504076726e+18,1.7796391578490573e+18
1779638448977686776,10.408,45.8525,61.525,70.09721277330294,18.025000000000002,40.66450220957987,12.30194425546606,1.7796371663717565e+18,1.7796390129755817e+18
1779638449378283773,11.232,24.05,187.75,69.95258897545938,18.1825,40.751066260084556,12.299288834631891,1.7796374513482255e+18,1.7796388831665536e+18
1779638449778688756,10.496,42.4325,572.95,69.9277081407346,18.9175,40.977713478508264,12.29891562211102,1.7796376188961428e+18,1.7796388072205555e+18
1779638450178925634,10.376,47.065,110.1,69.91642368775769,18.287499999999998,40.958476931454285,12.298746355316366,1.779637727566494e+18,1.779638758219047e+18
1779638450579252129,10.368,46.15,1025.3,69.99125533943196,18.689999999999998,41.07701314112318,12.29986883009148,1.7796378054612296e+18,1.779638723260429e+18
1779638451780517272,11.372,20.83,604.95,70.01036721777554,19.0575,41.157481708863116,12.300207344355512,1.7796378594619794e+18,1.7796386992465475e+18
1779638452180914214,11.504,17.6825,207.75,69.64657405045436,19.162499999999998,41.076375699773344,12.294698610756816,1.7796378916470282e+18,1.779638685294343e+18
1779638452581136594,12.168,2.18,634.0,69.16707282032569,19.5125,40.8994060305172,12.287506092304886,1.7796379174117135e+18,1.779638674447622e+18
1779638453181886171,12.228,1.5475,296.4,69.19731006302305,19.477500000000003,40.90822559467619,12.287959650945346,1.7796379437444365e+18,1.779638663346264e+18
1779638453582078664,12.244,1.6325,904.525,69.39194681476806,19.372500000000002,40.96151271310255,12.290879202221522,1.77963797111758e+18,1.779638651723815e+18
1779638453982385460,12.144,4.2825,1121.975,69.61331253347487,19.1975,40.998633866741535,12.294199688002124,1.7796379996005517e+18,1.7796386395418995e+18
1779638454382697664,12.172,3.515,147.175,69.5838603270722,19.005,40.98575341476323,12.293757904906084,1.77963802739423e+18,1.7796386277238234e+18
1779638454782972918,12.208,2.8475,449.125,69.5074149451522,19.005,40.956066135586504,12.292611224177284,1.779638050801226e+18,1.7796386178973632e+18
1779638455183315045,11.196,27.435,1370.6,69.56909382665071,18.8475,40.989774831771356,12.293536407399762,1.7796380581063442e+18,1.7796386151964024e+18
1779638455984367343,10.984,31.7475,905.925,69.62994907633866,18.83,41.1645015719996,12.29444923614508,1.7796380648127465e+18,1.7796386127799194e+18
1779638456384504002,10.948,31.98,1126.25,69.7036341030461,19.0925,41.18872437838263,12.295554511545692,1.779638075570486e+18,1.779638608567798e+18
1779638456785131233,11.0,31.165,160.225,69.61448719284185,19.3025,41.17445691638562,12.294217307892628,1.7796380884168937e+18,1.7796386034675732e+18
1779638457185467261,11.64,13.965,1492.15,69.06805126886648,19.7225,41.0134032447041,12.286020769032998,1.7796380978884383e+18,1.7796385999961674e+18
1779638457986187913,12.24,1.665,619.9,68.84041477938119,19.5825,40.92252276114552,12.282606221690719,1.779638107668021e+18,1.779638596465376e+18
1779638459186737292,12.164,3.7975,773.225,68.63741445575005,19.425,40.83580532790874,12.279561216836251,1.7796381147680417e+18,1.7796385941912914e+18
1779638459586952623,12.188,3.53,562.75,69.19611687746237,19.18,41.44776091689478,12.287941753161936,1.7796380926322762e+18,1.7796386045255885e+18
1779638459987277431,12.088,6.45,78.975,69.55870364058845,19.022499999999997,41.695900771431994,12.293380554608827,1.779638039089485e+18,1.7796386284324728e+18
1779638460387466082,11.572,18.165,241.0,69.97102799909617,18.97,41.83256374398551,12.299565419986443,1.779637921655651e+18,1.7796386799083648e+18
1779638460987827113,11.404,22.0825,735.45,70.1363559760474,18.97,41.88530125276578,12.302727119520949,1.77963754201521e+18,1.7796388449897426e+18
1779638462188395525,12.288,1.5475,326.15,70.41366216789642,18.83,42.052328515806046,12.30827324335793,1.7796346656929382e+18,1.7796400910650957e+18
1779638462588760664,12.296,1.5475,995.325,70.6956433585124,18.584999999999997,42.33603518084515,12.313912867170249,1.7796403990610342e+18,1.7796376102697592e+18
1779638462989011295,12.068,7.0475,1399.075,70.91704794511199,18.584999999999997,42.32206778800414,12.31834095890224,1.7796406680721428e+18,1.7796374962672684e+18
1779638463589521963,11.74,14.415,1391.45,70.92517879139953,18.147499999999997,42.173343844785734,12.318503575827991,1.7796410648069174e+18,1.7796373275514493e+18
1779638463989893876,11.728,14.45,769.55,71.12214507568282,18.165000000000003,42.541092958372474,12.322442901513657,1.779641796614421e+18,1.7796370155604168e+18
1779638464390239804,12.004,8.3,1270.425,71.26520964873684,18.0425,42.69668005196717,12.325304192974738,1.7796433253914716e+18,1.7796363628601943e+18
1779638465791709866,10.52,42.75,372.55,71.23440197149165,18.27,42.3821206126987,12.324688039429834,1.7796479446147139e+18,1.7796343885087204e+18
1779638466592528934,10.292,48.765,192.8,71.23497437451167,18.9875,42.079199524972886,12.324699487490234,1.7797149946049185e+18,1.779605723719181e+18
1779638466993230694,10.328,47.865,588.375,71.44310961986297,19.39,42.13443434930779,12.32886219239726,1.7796272040540014e+18,1.7796432569458655e+18
1779638467393748043,10.992,29.8325,479.65,71.58747544058562,20.1075,42.411088265347026,12.331749508811713,1.7796334560405852e+18,1.7796405849277448e+18
1779638469596410538,12.216,2.2,1085.275,71.57265636032574,19.372500000000002,42.40283419306601,12.331453127206515,1.7796351463691267e+18,1.779639862850294e+18
1779638469996750230,11.052,30.05,35.175,71.59642605641679,19.022499999999997,42.428039829145796,12.331928521128336,1.7796358686777162e+18,1.7796395543082214e+18
1779638470397116501,10.624,40.2175,107.325,71.64809756363935,19.005,42.46239291017718,12.332961951272788,1.7796362226806026e+18,1.779639402825066e+18
1779638471198181773,11.12,27.0325,1411.9,71.61652982510994,19.9675,42.55149317681496,12.3323305965022,1.7796365128762934e+18,1.7796392791197304e+18
1779638472399160436,12.104,4.015,1334.175,71.335241216775,20.265,42.44400201903201,12.3267048243355,1.7796367281599785e+18,1.7796391879344837e+18
1779638472799240877,11.528,16.8675,787.05,71.14422852080916,20.212500000000002,42.427098557926854,12.322884570416184,1.7796368505040573e+18,1.779639136339334e+18
1779638473799775218,11.028,30.215,471.95,71.1395483079312,20.5275,42.41116421309633,12.322790966158625,1.7796369488914627e+18,1.7796390949862292e+18
1779638474600336510,11.004,30.9475,1118.55,71.13957872675466,20.825,42.422366722349686,12.322791574535094,1.7796370404763482e+18,1.7796390566341412e+18
1779638475000656370,11.0,30.6,136.725,71.39896413026355,20.9825,42.554494255518854,12.327979282605272,1.7796371407711199e+18,1.779639014537998e+18
1779638476601670830,12.248,1.68,220.325,71.44183753033715,20.72,42.580916995620406,12.328836750606744,1.7796372389797599e+18,1.7796389735175726e+18
1779638477402245473,12.132,4.1575,413.525,71.36612102231065,20.4575,42.53720733430006,12.327322420446214,1.7796373292589947e+18,1.7796389360509217e+18
1779638478202762254,12.276,1.73,574.425,71.42544406780196,20.3175,42.57495296192216,12.32850888135604,1.7796374192271043e+18,1.7796388988210068e+18
1779638478603026722,12.288,1.75,114.6,71.45056395054635,20.195,42.60143022243105,12.329011279010928,1.779637473053113e+18,1.779638876694798e+18
1779638479003413693,12.272,2.365,349.725,71.6078498402103,20.16,42.713329412246615,12.332156996804207,1.7796375268777746e+18,1.7796388545366205e+18
1779638479403705363,11.424,22.5675,1067.275,71.66380698553957,20.055,42.685813794692066,12.333276139710792,1.7796375525266045e+18,1.779638844070832e+18
1779638479804002454,11.476,20.0,1618.65,71.55612180473713,20.002499999999998,42.62452471836745,12.331122436094743,1.779637571039358e+18,1.7796388366679962e+18
1779638480204442068,11.68,15.0175,24.525,71.36479740395724,19.9675,42.51577275768063,12.327295948079145,1.7796375796238351e+18,1.779638833497297e+18
1779638480605097031,11.396,21.5475,74.825,71.15732641401208,19.915000000000003,42.42111214470952,12.323146528280242,1.7796375802323628e+18,1.7796388337526835e+18
1779638481005642260,11.432,20.5475,228.325,71.02810116984351,19.915000000000003,42.3885979492926,12.320562023396871,1.7796375713483305e+18,1.7796388379679757e+18
1779638481405902465,11.352,22.735,696.775,70.95507348752122,19.985,42.36625281622237,12.319101469750425,1.7796375591873344e+18,1.779638843560024e+18
1779638481806263079,11.488,18.48,487.975,70.66061150256563,20.02,42.24916094895991,12.313212230051313,1.7796375354662019e+18,1.779638854065019e+18
1779638482206571830,11.392,21.28,489.175,70.65584849563578,20.0725,42.31298576062343,12.313116969912716,1.7796375146464773e+18,1.779638863376632e+18
1779638482606932762,11.372,21.9675,1267.8,70.85980452728141,20.1425,42.63390542632708,12.317196090545629,1.779637499642892e+18,1.7796388701622044e+18
1779638483007264250,12.232,1.7,592.2,71.08462684527534,20.195,43.035735684410795,12.321692536905507,1.7796374782527946e+18,1.7796388793657692e+18
1779638483407584237,12.256,1.5325,168.85,71.03160656509661,19.985,42.85918320668852,12.320632131301933,1.779637429420752e+18,1.7796388997669368e+18
1779638483807946790,12.268,1.5475,505.275,71.162640922096,19.7925,42.960225212636736,12.32325281844192,1.7796373807381266e+18,1.7796389199860058e+18
1779638484208174532,11.712,13.9,1572.475,71.15626424736455,19.775000000000002,43.03786035416392,12.323125284947292,1.779637335271722e+18,1.7796389388892273e+18
1779638484608356554,10.68,39.6975,1522.0,71.03277213090465,19.564999999999998,42.795739985407536,12.320655442618094,1.779637290003306e+18,1.779638957807103e+18
1779638485609803216,10.78,36.3,897.925,70.9786538072361,19.985,42.58820134967519,12.319573076144723,1.779637228474298e+18,1.779638983411229e+18
1779638486010210445,10.792,35.8825,1101.825,71.20486673912588,20.23,42.74434989497607,12.324097334782518,1.7796371669410107e+18,1.7796390087954875e+18
1779638486410734878,10.824,34.835,85.7,71.39554319343605,20.405,42.813511773011264,12.327910863868722,1.7796371145963958e+18,1.7796390302511672e+18
1779638486811463394,10.808,35.5475,261.525,71.38827510058768,20.58,42.78746615383283,12.327765502011754,1.7796370558125248e+18,1.7796390543018988e+18
1779638487211913169,10.664,38.15,798.1,71.45465447118607,20.72,42.92712354657563,12.329093089423722,1.7796369990135124e+18,1.7796390774629228e+18
1779638487812120381,10.824,34.135,797.2,71.49479709382395,20.7375,43.021620281124235,12.32989594187648,1.7796369204616276e+18,1.7796391093733793e+18
1779638488212381224,10.86,33.8,794.45,71.57175801137655,20.912499999999998,43.1106635054563,12.331435160227532,1.779636743097358e+18,1.7796391810980163e+18
1779638488612726340,10.896,31.6825,786.05,71.73940414716398,20.9825,43.36260730111638,12.33478808294328,1.779636470897942e+18,1.7796392907692465e+18
1779638489012917207,10.832,33.4,760.425,71.67152194971028,21.07,43.4282162596065,12.333430438994206,1.7796359733092938e+18,1.7796394911495939e+18
1779638489413118069,12.048,3.515,682.225,70.4440178705356,21.314999999999998,42.626976620757354,12.308880357410713,1.779634723593678e+18,1.7796399972799805e+18
1779638490413829336,12.156,2.9475,1353.675,69.65049459952861,20.8425,42.161547985789184,12.29475741899293,1.7796290800174735e+18,1.7796422851638912e+18
1779638491614693942,11.652,15.4825,1317.6,69.49752017023528,20.615,42.18557324809369,12.29246280255353,1.779659535661696e+18,1.779629939367314e+18
1779638492215159669,11.564,17.0,744.175,69.35209762716362,20.72,42.1566628850882,12.290281464407455,1.7796433922824474e+18,1.779636484141809e+18
1779638492815761462,2.156,2.9675,632.625,4.429107673282409,20.895,-1.3920291630505952,10.947339875001523,1.7796387431540209e+18,1.7796383645223854e+18
1779638493215966275,12.24,1.765,292.2,5.8740121478073295,20.895,3.939881956448783,11.09327522692854,1.7796386158728614e+18,1.7796384167179223e+18
1779638493616385390,12.268,1.5825,891.7,7.046881275251306,20.877499999999998,8.324242092749227,11.211735008800382,1.7796385718925857e+18,1.7796384352561208e+18
1779638494016700414,12.28,1.615,1082.85,8.064993702833842,20.825,12.107255583442166,11.314564363986218,1.7796385496728445e+18,1.7796384450131338e+18
1779638494417086357,12.252,2.565,27.775,8.799220558129832,20.755,14.866757909149484,11.388721276371113,1.779638536258788e+18,1.7796384512273196e+18
1779638494817608283,12.156,4.565,84.75,9.378375380854473,20.6325,16.979904005752463,11.447215913466302,1.7796385272742172e+18,1.7796384556744133e+18
1779638495218142202,11.888,9.9975,258.625,9.676902829106366,20.6325,17.99118265010404,11.477367185739743,1.7796385211142487e+18,1.7796384589192955e+18
1779638495618338697,11.632,17.015,789.25,9.151612443798806,20.5975,15.77179374449267,11.42431285682368,1.7796385165274317e+18,1.779638461517022e+18
1779638496018875770,11.56,18.7825,770.175,8.46586433458808,20.615,12.981863743906535,11.355052297793396,1.7796385129307581e+18,1.77963846373201e+18
1779638496819872923,12.256,1.5825,534.375,8.45318376697106,20.772499999999997,12.93818494621313,11.353771560464077,1.7796385100935137e+18,1.7796384656692485e+18
1779638498221064496,12.296,1.5675,187.75,9.06798941143499,20.4225,15.409687681040868,11.415866930554934,1.7796385082359892e+18,1.7796384670698493e+18
1779638498621498842,12.308,1.615,572.95,9.823879558139918,20.5625,17.48347978245953,11.492211835372132,1.7796385067824115e+18,1.7796384683085955e+18
1779638499021934235,12.316,1.5325,110.1,13.314769664833616,20.37,19.464027909974735,11.559721544972504,1.7796385057396792e+18,1.7796384693754872e+18
1779638499422328861,12.332,1.5325,1490.05,17.268161762790353,20.1075,21.214160779673588,11.619022426441855,1.7796385050704504e+18,1.779638470249721e+18
1779638500223034254,12.34,1.5825,604.95,20.75704925435976,20.125,22.78970165745267,11.671355738815397,1.7796385047677307e+18,1.7796384708939105e+18
1779638500623561322,12.348,1.5475,207.75,23.841661835445713,20.1075,24.178638792923557,11.717624927531686,1.7796385046247058e+18,1.7796384714683292e+18
1779638501224027852,12.344,1.68,634.0,26.302159483582045,20.055,24.68577984515973,11.754532392253731,1.7796385046905436e+18,1.7796384718857472e+18
1779638501624174694,11.836,13.1175,296.4,26.7786588642877,20.02,23.284606461004696,11.761679882964316,1.7796385048348332e+18,1.7796384722287852e+18
1779638502024505091,11.64,17.2,904.525,26.47722590434605,19.88,20.84757368230246,11.757158388565191,1.7796385049935117e+18,1.7796384725569638e+18
1779638502424854361,11.472,20.435,1121.975,25.4923702381553,20.1425,17.231780659528052,11.74238555357233,1.7796385052472223e+18,1.779638472729251e+18
1779638503025284096,10.856,35.5175,147.175,25.389668562931135,20.23,16.733560017609975,11.740845028443967,1.779638505569589e+18,1.7796384728147837e+18
1779638503425617023,10.728,38.98,449.125,25.344444420346868,20.23,19.763709437941753,11.740166666305203,1.7796385059352714e+18,1.7796384728238705e+18
1779638503825817322,10.852,35.5975,1370.6,23.7832057687094,20.4225,20.038235409972817,11.716748086530641,1.7796385062719762e+18,1.779638472830384e+18
1779638504225988297,11.068,28.9675,905.925,23.40006172131606,20.685000000000002,20.645082749432717,11.711000925819741,1.779638506618104e+18,1.779638472803674e+18
1779638504626236941,12.08,4.1,1126.25,24.882463977586454,21.035,21.79022471708237,11.733236959663797,1.7796385070265754e+18,1.7796384727034982e+18
1779638505026584819,12.184,2.615,160.225,72.76371824796496,21.14,42.49968311686676,12.3552743649593,1.7796385089387484e+18,1.779638471418021e+18
1779638505426842126,11.696,14.5975,488.95,72.84454992360958,21.0,42.639161677104816,12.356890998472192,1.7796385110940324e+18,1.779638469832839e+18
1779638505827075520,10.82,35.215,1276.875,72.97477294947922,20.93,42.89129639735435,12.359495458989585,1.7796385135700132e+18,1.7796384678535117e+18
1779638506227399103,10.708,37.3825,619.9,73.09105778144848,21.035,43.16621973352879,12.36182115562897,1.779638516480876e+18,1.7796384653374587e+18
1779638506627499422,10.896,32.48,253.375,73.13680181918735,21.1575,43.39710950434078,12.362736036383748,1.779638519997975e+18,1.7796384620697887e+18
1779638507027942742,12.032,4.415,773.225,72.65107179056089,21.385,43.1007001497946,12.353021435811218,1.779638524335674e+18,1.779638457776555e+18
1779638507428133251,12.2,1.78,721.275,72.44057221099975,21.2975,42.930626232514335,12.348811444219995,1.7796385299693053e+18,1.7796384518623004e+18
1779638507828564152,12.232,1.5825,562.75,72.23394515056478,21.105,42.81586521090732,12.344678903011296,1.7796385377654464e+18,1.7796384432340434e+18
1779638508229145195,12.252,1.5175,78.975,72.10944428118643,20.86,42.771402793497316,12.34218888562373,1.7796385495642662e+18,1.7796384295856453e+18
1779638508629672122,12.1,5.43,241.0,72.14559836716825,20.6675,42.7992227306092,12.342911967343365,1.7796385699959496e+18,1.7796384051421957e+18
1779638509630452933,11.204,26.935,606.0,72.07039614186152,20.352500000000003,42.713990747181256,12.34140792283723,1.7796386179736852e+18,1.7796383462381458e+18
1779638510030938874,11.136,27.45,210.95,71.91537854532164,20.4225,42.69103810539659,12.338307570906434,1.7796388468502807e+18,1.7796380608850957e+18
1779638510431255537,1.076,28.6175,643.75,71.55895588404516,20.51,66.26013429783518,12.331179117680904,1.7796381147885138e+18,1.7796389784651062e+18
1779638510831776831,10.76,36.715,326.15,69.91349609733362,20.650000000000002,62.81060480176539,12.298702441460005,1.779638371926862e+18,1.7796386578756383e+18
1779638512232944647,11.672,14.0975,992.825,69.91563166951245,20.7025,62.56000486367713,12.298734475042687,1.7796384245857572e+18,1.7796385931656036e+18
1779638512633280415,11.516,17.8475,969.55,69.82084728445528,20.615,62.098958193312306,12.29731270926683,1.7796384470628575e+18,1.7796385662221693e+18
1779638513233759976,10.796,36.3,1320.425,66.91121454703146,20.5975,58.83628199508949,12.253668218205473,1.779638459267616e+18,1.7796385522514583e+18
1779638513634146255,10.692,39.015,752.8,63.08621132651308,20.615,55.506395578924604,12.196293169897697,1.7796384670112302e+18,1.7796385439506954e+18
1779638514034518105,10.62,40.365,658.95,59.39365124500483,20.86,52.73377787192887,12.143936512450049,1.779638472403949e+18,1.7796385386333169e+18
1779638515035360980,12.168,1.5475,1136.925,58.813292379738726,21.1575,53.015928087047,12.138132923797388,1.7796384766249518e+18,1.779638534758722e+18
1779638515435844109,12.204,1.5675,192.8,60.879272758202866,21.1575,55.109227087657,12.163189091373043,1.7796384802395517e+18,1.779638531539212e+18
1779638515835973481,12.224,1.6325,588.375,63.201319313895695,20.8425,58.10849308811956,12.198019789708436,1.779638483365777e+18,1.7796385288458102e+18
1779638516236350810,12.24,1.615,157.175,64.83055853306949,20.5275,60.80716435208564,12.222458377996043,1.7796384860293686e+18,1.7796385266666153e+18
1779638517036812665,12.272,1.5975,1463.775,65.49077319859906,19.9325,62.50707510965489,12.232361597978986,1.7796384881627763e+18,1.7796385251318756e+18
1779638517437084244,12.276,1.5675,1190.275,65.74987347545824,19.5825,62.650742484740576,12.236248102131874,1.779638489902938e+18,1.779638524062693e+18
1779638518237569269,12.296,1.5975,1085.275,66.03689151034777,19.372500000000002,62.7945631864472,12.240553372655217,1.779638491425204e+18,1.7796385232769984e+18
1779638519037872135,12.308,1.5825,107.325,65.82401673509084,19.005,63.10828686993107,12.237360251026363,1.7796384910910252e+18,1.7796385239972285e+18
1779638519438062339,12.104,7.1325,327.525,67.8058287641685,19.040000000000003,66.42059818318623,12.267087431462528,1.7796384907514916e+18,1.779638524659995e+18
1779638520238470693,10.664,40.5325,1411.9,67.02500190330407,18.97,65.1989110043184,12.255375028549562,1.779638490309224e+18,1.779638525434327e+18
1779638520638635353,10.608,40.935,1031.975,65.55854875895983,19.372500000000002,63.07781098039768,12.233378231384398,1.7796384897659177e+18,1.7796385262969226e+18
1779638521039142997,10.644,40.6475,1510.925,63.8896188313392,19.897499999999997,59.44747665795365,12.208344282470089,1.7796384890839096e+18,1.7796385272773074e+18
1779638521439425559,12.112,3.215,1334.175,63.852526530523896,20.3,59.420836255120356,12.207787897957859,1.779638488269549e+18,1.7796385283288248e+18
1779638521839586082,12.228,1.75,794.775,63.88028593249304,20.3,59.43141716646048,12.208204288987396,1.7796384872799488e+18,1.7796385294758633e+18
1779638522239841605,12.236,1.9475,787.05,63.92021591294995,20.195,59.44426754424669,12.20880323869425,1.7796384860213727e+18,1.779638530775261e+18
1779638522640031971,11.976,7.6825,763.475,63.87940572241529,19.985,59.38481371080102,12.20819108583623,1.7796384843906107e+18,1.779638532289968e+18
1779638523240319292,12.172,3.53,691.525,64.15175454046222,19.810000000000002,60.6932999224029,12.212276318106934,1.7796384822591964e+18,1.7796385340909507e+18
1779638523640668192,11.368,22.8825,471.95,64.51765711474377,19.7925,61.154075111206375,12.217764856721157,1.7796384795669015e+18,1.7796385361615224e+18
1779638524040895676,11.072,29.6325,1440.275,70.42571760238222,19.7925,41.53037348984361,12.308514352047645,1.7796384766584607e+18,1.779638538105727e+18
1779638525242207920,12.224,1.6325,417.25,70.35424165859625,20.5625,41.4122351767593,12.307084833171926,1.779638473159005e+18,1.7796385403946e+18
1779638525642499862,12.246,1.4825,1273.325,70.45711761829912,20.51,41.41181519495951,12.309142352365983,1.7796384692392983e+18,1.779638542854425e+18
1779638526443200569,12.264,1.615,609.075,70.60967261571258,20.3875,41.41330102507918,12.312193452314252,1.7796384647286546e+18,1.779638545580984e+18
1779638526843656065,11.476,19.9,220.325,70.58867102406613,20.265,41.37753829545728,12.311773420481323,1.7796384595584072e+18,1.7796385485945044e+18
1779638527243946651,11.392,21.4,672.375,70.55035705664697,20.1775,41.410008790674034,12.31100714113294,1.7796384534900073e+18,1.7796385520022228e+18
1779638527644150257,11.16,26.965,413.525,70.51707479510705,20.23,41.40389158427681,12.310341495902142,1.7796384456350653e+18,1.7796385562516682e+18
1779638528044386142,11.144,28.1825,1261.975,70.78030725244851,20.352500000000003,41.573075910719005,12.31560614504897,1.7796384348776259e+18,1.779638561854816e+18
1779638528644924588,11.516,18.0,114.6,70.87584483473462,20.439999999999998,41.733179426507455,12.317516896694693,1.7796384187057677e+18,1.779638570032223e+18
1779638529445498893,12.256,1.5825,1067.275,70.98175075324659,20.405,41.80329230654576,12.319635015064932,1.7796383933148278e+18,1.7796385825476928e+18
1779638529845874256,12.268,1.715,1618.65,71.09551262175458,20.2825,41.87843694128425,12.321910252435092,1.7796383483041756e+18,1.779638604273268e+18
1779638530446585186,11.684,16.0675,74.825,71.09012250973751,19.74,41.81818812383921,12.32180245019475,1.7796382394081823e+18,1.7796386560895867e+18
1779638530846802282,11.12,29.4175,228.325,71.00391208703527,19.810000000000002,41.67873282578125,12.320078241740706,1.779637677729738e+18,1.7796389210591465e+18
1779638531247206416,10.716,38.635,696.775,70.8109858086371,19.810000000000002,41.53135628960754,12.316219716172743,1.7796393560229847e+18,1.7796381315335332e+18
1779638531847650555,10.744,36.65,487.975,70.5990758045643,19.95,41.535066604868994,12.311981516091286,1.779639768361019e+18,1.779637941023165e+18
1779638532247939424,12.244,1.615,1267.8,70.27209466573126,19.985,41.365235041910736,12.305441893314626,1.7796409121598817e+18,1.779637410721462e+18
1779638532648182451,12.26,1.5975,592.2,70.4232501905399,19.7225,41.59131407462119,12.308465003810799,1.7797253995793132e+18,1.7795981900832888e+18
1779638533048494904,12.272,1.615,168.85,70.54948809386745,19.635,41.687288643515906,12.31098976187735,1.779636134685424e+18,1.7796396299383798e+18
1779638533848985608,11.684,15.0675,1572.475,70.62357804973968,19.355,41.87725155752254,12.312471560994794,1.7796373729587748e+18,1.7796390558083633e+18
1779638534249423228,11.26,25.7675,1522.0,70.88389521142807,19.355,41.98311297934989,12.317677904228562,1.7796377638822917e+18,1.7796388748579338e+18
1779638534649505688,11.416,21.1475,1367.975,70.9472005195355,19.372500000000002,42.06105517197895,12.31894401039071,1.779637957765495e+18,1.7796387854393605e+18
1779638535049714757,11.332,23.4675,897.925,70.9523682738589,19.599999999999998,42.06465484437884,12.319047365477179,1.7796380734948836e+18,1.77963873233895e+18
1779638535449859768,12.208,2.3325,1101.825,70.96350456569799,19.845,42.061118353786746,12.31927009131396,1.7796381516345126e+18,1.7796386967141166e+18
1779638535850090939,12.26,1.75,85.7,71.02668022875116,19.7575,42.1084284691267,12.320533604575024,1.7796382096848177e+18,1.7796386704367293e+18
1779638536250326377,12.272,1.6325,261.525,71.11024364165786,19.6875,42.19676802350139,12.322204872833158,1.7796382517993185e+18,1.779638651554004e+18
1779638536650511729,12.292,1.615,798.1,71.26528262981394,19.425,42.31343855452714,12.32530565259628,1.7796382853635612e+18,1.77963863662486e+18
1779638537050693218,12.3,1.5825,797.2,71.56693715142424,19.425,42.53920841458669,12.331338743028486,1.7796383125662897e+18,1.7796386246092575e+18
1779638537450862931,12.308,1.0825,794.45,71.75264320540879,19.459999999999997,42.679832265345794,12.335052864108176,1.7796383313156237e+18,1.7796386164154058e+18
1779638537851244877,12.312,1.5675,786.05,71.94008024284483,19.3025,42.820114649182514,12.338801604856897,1.7796383461807278e+18,1.779638610026272e+18
1779638538251576173,12.324,1.5675,760.425,72.14850195847235,19.075,42.94808896656688,12.342970039169447,1.779638359577485e+18,1.779638604326836e+18
1779638538651798593,12.324,1.5675,682.225,72.34034354743324,19.0575,43.00000586954143,12.346806870948665,1.779638366281101e+18,1.7796386015582774e+18
1779638539052103217,12.332,1.6325,443.575,72.51824972248934,18.97,43.022583319016995,12.350364994449787,1.779638365746193e+18,1.7796386018973094e+18
1779638539452378494,12.336,1.5825,1353.675,72.68951801056582,18.97,43.17456621792718,12.353790360211317,1.7796383572629394e+18,1.7796386055905075e+18
1779638539852616170,12.348,1.5825,854.275,72.93103189674115,18.865,43.16419752125581,12.358620637934823,1.7796383453922168e+18,1.7796386106368522e+18
1779638540253089378,12.344,1.5825,968.625,73.19331191898416,18.8825,43.34868268684641,12.363866238379684,1.7796383363943954e+18,1.7796386144148372e+18
1779638540653248458,12.352,1.5975,744.175,73.42789800200764,18.83,43.51292238018944,12.368557960040153,1.7796383324674885e+18,1.7796386160421612e+18
1779638541053395125,12.356,1.5975,632.625,73.57341295148716,18.900000000000002,43.65152723797312,12.371468259029744,1.7796383325871854e+18,1.7796386159905623e+18
1779638541453688522,11.612,18.515,292.2,73.62928890340993,18.900000000000002,43.70839669644813,12.3725857780682,1.7796383336231762e+18,1.7796386155793966e+18
1779638541853997949,10.64,42.0825,891.7,73.4702311046953,18.724999999999998,42.98027857905654,12.369404622093906,1.7796383343848796e+18,1.7796386153258076e+18
1779638542254224823,10.548,43.1325,1082.85,73.36112156643945,18.8825,42.35184525939056,12.36722243132879,1.7796383346368346e+18,1.779638615314376e+18
1779638543055660835,12.208,2.8625,84.75,73.41328416541043,18.8475,42.39396924169118,12.36826568330821,1.7796383328771482e+18,1.7796386161372426e+18
1779638543456174277,12.256,1.8825,258.625,73.43688490675788,18.5675,42.410884064277,12.368737698135158,1.7796383363809367e+18,1.7796386148826944e+18
1779638543856404511,12.076,7.1975,789.25,73.54495800971614,18.5675,42.469793051568026,12.370899160194323,1.7796383369106317e+18,1.779638614812372e+18
1779638544257191423,10.488,46.2475,770.175,73.49335599646851,18.252499999999998,41.8695430117291,12.36986711992937,1.779638332411028e+18,1.7796386167302508e+18
1779638545058505884,10.308,47.2825,1630.775,73.61125092006482,19.0575,42.26554518333088,12.372225018401297,1.7796383210294807e+18,1.7796386213275817e+18
1779638545458823247,10.3,48.0,61.525,73.72934634092951,19.4425,42.39708525530134,12.37458692681859,1.779638307035459e+18,1.779638626893732e+18
1779638545859207915,10.616,38.45,187.75,73.78675927166353,19.8275,42.73932839206613,12.375735185433271,1.7796382895491328e+18,1.7796386337651978e+18
1779638546259686449,12.176,1.5325,572.95,73.59194885654946,20.02,42.641517989110476,12.37183897713099,1.779638266034028e+18,1.7796386429472374e+18
1779638546660080739,12.2,1.5975,110.1,73.40047910492177,19.8625,42.549873586158206,12.368009582098436,1.7796382328721882e+18,1.7796386558089044e+18
1779638547060457731,12.22,1.615,335.975,73.24901620700385,19.8625,42.477804403448545,12.364980324140078,1.7796381875473544e+18,1.779638673274219e+18
1779638547460860377,12.164,3.2,1025.3,73.08217918690269,19.7225,42.406843431245704,12.361643583738054,1.7796381230193523e+18,1.779638698014541e+18
1779638547861159172,11.948,8.715,1490.55,72.96214410069747,19.6525,42.37484699005503,12.35924288201395,1.7796381216835694e+18,1.7796386987871575e+18
1779638548261441030,12.036,6.565,1271.975,72.86267701844248,19.495,42.34466992607397,12.35725354036885,1.7796381146843878e+18,1.7796387017425654e+18
1779638548661840928,10.568,41.9825,604.95,72.79993145384908,19.459999999999997,42.348062550324336,12.355998629076982,1.7796381069690972e+18,1.7796387049892383e+18
1779638549062018121,10.52,41.6475,207.75,72.70602968899088,19.8275,42.49248119060919,12.354120593779818,1.7796380976471703e+18,1.7796387088741673e+18
1779638549862310305,10.576,40.565,296.4,72.58449300240589,20.58,42.559047605924896,12.351689860048118,1.7796380831442327e+18,1.7796387147748475e+18
1779638550262562006,11.312,21.765,904.525,72.20187077583144,20.9475,42.499546063530026,12.34403741551663,1.779638059697481e+18,1.7796387241663173e+18
1779638550662964434,12.12,2.7975,1121.975,71.58507178628132,21.14,42.19566850523881,12.331701435725627,1.7796380202553912e+18,1.7796387398059282e+18
1779638551063296917,12.204,1.78,147.175,71.0655200722562,21.087500000000002,41.933940406329114,12.321310401445125,1.7796379672719654e+18,1.779638760797758e+18
1779638551463530180,12.224,1.78,449.175,70.63691572738938,21.0525,41.71769612279916,12.312738314547788,1.7796378911485153e+18,1.7796387908175283e+18
1779638551863674256,12.248,1.5825,1370.6,70.23526912023418,21.0525,41.51490816361982,12.304705382404684,1.7796377782192113e+18,1.779638835179249e+18
1779638552263997535,12.252,1.68,905.925,69.79852765048396,20.9825,41.31971329135204,12.29697791475726,1.7796375999773279e+18,1.7796389050171256e+18
1779638552664271101,12.26,1.765,1126.25,69.76159712004886,20.825,41.38581718678045,12.296423956800734,1.7796373127745623e+18,1.7796390171846377e+18
1779638553064650083,12.272,1.73,160.225,70.01445860693252,20.439999999999998,41.70844797226896,12.300289172138651,1.7796368206351616e+18,1.7796392087940826e+18
1779638553465089747,12.28,1.765,488.95,70.20966389312865,20.23,41.950415762663184,12.304193277862574,1.7796356862271828e+18,1.7796396492664102e+18
1779638554666454675,10.884,34.1475,619.9,70.13485054141987,19.9675,41.88700506592042,12.302697010828398,1.7796273630196216e+18,1.7796428763126664e+18
1779638555066861349,10.804,35.4975,253.375,70.01675674091386,20.3,41.852804560022584,12.300335134818278,1.7796435709875377e+18,1.7796365945333348e+18
1779638556067808546,12.248,1.5175,562.75,69.76686279324507,20.3875,41.783686051979636,12.296502941898677,1.7796405594975926e+18,1.7796377621603735e+18
1779638556468273108,12.256,1.615,78.975,70.03222766331375,20.3875,42.29690541293447,12.300644553266276,1.7796398682801615e+18,1.7796380306804147e+18
1779638557068821024,12.272,1.5825,241.0,70.16199690219452,20.212500000000002,42.395066186581815,12.303239938043891,1.7796395591711777e+18,1.7796381511073923e+18
1779638557469342890,12.068,6.1475,735.45,70.27833970000088,20.037499999999998,42.60795765991152,12.305566794000018,1.779639390984274e+18,1.7796382168522355e+18
1779638557869659519,10.996,31.53,606.0,70.23908595025857,19.7925,42.25409435965338,12.304781719005172,1.7796392747494705e+18,1.779638262449385e+18
1779638558670659141,10.6,40.515,643.75,70.44078252690198,20.5625,42.342663095784815,12.30881565053804,1.7796391964588298e+18,1.7796382934056323e+18
1779638559071294394,10.576,40.1325,326.15,70.60678557510876,20.9825,42.54427703965091,12.312135711502176,1.7796391396557263e+18,1.779638316064572e+18
1779638559471608881,10.612,38.635,995.325,70.72232121345071,21.4025,42.76534338283034,12.314446424269015,1.779639096792153e+18,1.7796383333237967e+18
1779638559871900687,10.724,36.8975,1399.075,70.77675446085834,21.9275,42.824153330360915,12.315535089217168,1.779639062814178e+18,1.779638347127694e+18
1779638560272211006,10.724,36.0325,992.825,70.76383099989421,22.26,42.92526422903827,12.315276619997885,1.779639035384763e+18,1.779638358358702e+18
1779638561072847446,12.22,1.715,1320.425,70.66784068402059,22.4175,42.874263004917125,12.313356813680413,1.779639015108565e+18,1.779638366753029e+18
1779638561473203006,12.236,1.5825,752.8,70.67793410343864,21.98,43.036472489111055,12.313558682068773,1.7796389994845834e+18,1.779638373315985e+18
1779638561873673072,12.248,1.6325,658.95,70.69340488435775,21.647499999999997,43.0412340955482,12.313868097687156,1.7796389877853686e+18,1.7796383783299336e+18
1779638562273888162,12.26,1.6325,372.55,70.75422393014888,21.314999999999998,43.10487459638787,12.315084478602978,1.7796389802610074e+18,1.7796383816977516e+18
1779638562674278627,12.272,1.68,1136.925,70.9201761742566,21.035,43.070471976504884,12.318403523485133,1.779638977549393e+18,1.7796383831838822e+18
1779638563074678696,12.284,1.68,192.8,71.27264825693842,20.7375,43.25550299143122,12.32545296513877,1.7796389814660447e+18,1.7796383821010301e+18
1779638563474892411,12.292,1.6325,588.375,71.52655675714445,20.4575,43.39451983953855,12.33053113514289,1.7796389907903322e+18,1.7796383789045332e+18
1779638563875101060,12.3,1.68,157.175,71.74934737959563,20.4575,43.51640281219855,12.334986947591913,1.7796390066326239e+18,1.7796383731339653e+18
1779638564275393234,12.3,1.7,479.65,71.92731095112944,20.125,43.61412181085416,12.33854621902259,1.7796390300491748e+18,1.779638364352446e+18
1779638564675832210,11.36,24.3825,1463.775,72.04762184170743,19.9325,43.50520220124182,12.340952436834149,1.7796390619921774e+18,1.7796383521656013e+18
1779638565076159607,11.356,23.05,1190.275,72.08114653719332,19.810000000000002,43.491028453772,12.341622930743867,1.779639102345529e+18,1.7796383366020874e+18
1779638565476281907,12.236,1.5975,355.625,71.93542849876006,19.915000000000003,43.406979429644984,12.338708569975202,1.7796391483939922e+18,1.779638318695572e+18
1779638565876605668,12.276,1.65,1085.275,71.90433685752743,19.845,43.389259402116274,12.33808673715055,1.779639198944649e+18,1.7796382989780626e+18
1779638566276832704,12.288,1.665,35.175,71.98242884693656,19.5825,43.52097225987819,12.339648576938732,1.7796392593467382e+18,1.7796382753433964e+18
1779638566677098182,12.296,1.75,107.325,72.08579940065415,19.5825,43.614536204084494,12.341715988013084,1.779639341044042e+18,1.7796382431937188e+18
1779638567077309523,12.308,1.5975,327.525,72.28178305481316,19.39,43.7281383119259,12.345635661096264,1.7796394576622438e+18,1.7796381971372308e+18
