timestamp_ns,busv,current,power,soc,hall_speed,int_r,v_unloaded,drain_time,max_time
1779638580884086815,11.628,15.0175,1492.15,0.0,20.23,-387.1483269518893,5.814,,
1779638581284353010,11.608,14.6325,1276.875,3.444258711586265,20.334999999999997,-51.948051948046455,10.847870129870213,1.779638580884086e+18,1.7796385925053668e+18
1779638581684612501,12.12,2.665,619.9,65.28429743244202,20.4575,41.21285423053966,12.22926446148663,1.779638581003429e+18,1.7796385822296484e+18
1779638582084895419,12.172,1.8975,253.375,66.13705338402585,20.4575,42.0964034502462,12.242055800760388,1.779638580965924e+18,1.779638582503938e+18
1779638582685182294,12.184,2.0175,773.225,66.8490966555,20.1425,42.82865716705832,12.2527364498325,1.7796385807849782e+18,1.7796385831141297e+18
1779638583085457033,12.188,2.0675,721.275,67.3177783385527,20.1075,43.30831125973623,12.259766675078291,1.7796385805817562e+18,1.7796385836364262e+18
1779638583485648835,12.188,2.1,562.75,67.61826165240197,20.002499999999998,43.61451756921148,12.26427392478603,1.7796385803344745e+18,1.779638584152351e+18
1779638583885932989,12.12,3.8325,241.0,67.87024378363067,19.9675,43.78090106343367,12.26805365675446,1.7796385800360092e+18,1.779638584681526e+18
1779638584286249266,12.104,4.2475,735.45,68.07067868159223,19.985,43.887197607446325,12.271060180223884,1.779638579682973e+18,1.7796385852310318e+18
1779638584686415887,11.876,9.2825,606.0,68.0858377829448,19.8625,43.71322138922652,12.271287566744173,1.779638579270459e+18,1.7796385858082278e+18
1779638585086615185,10.684,37.2825,210.95,67.73451434678921,19.9675,42.65665220527914,12.266017715201839,1.7796385787875333e+18,1.779638586426532e+18
1779638585487038480,10.416,43.55,643.75,67.69374654768193,20.4575,42.54829358430431,12.26540619821523,1.7796385782401275e+18,1.7796385870767552e+18
1779638585887478827,10.38,44.13,326.15,67.72124987810997,21.1575,42.62005897594116,12.26581874817165,1.7796385776297513e+18,1.7796385877567304e+18
1779638586287888552,10.5,41.78,995.325,67.68880171573619,21.035,42.523572611906864,12.265332025736043,1.779638576953644e+18,1.7796385884692337e+18
1779638586688700304,11.68,10.965,1399.075,67.01167736205167,21.49,42.382186104076524,12.255175160430776,1.7796385761786412e+18,1.7796385892472072e+18
1779638587089225603,12.088,2.285,992.825,66.50772897203115,21.665000000000003,42.169293501803025,12.247615934580468,1.7796385753053696e+18,1.779638590087239e+18
1779638587489531750,12.128,1.78,1391.45,66.21361126584218,21.63,42.04218998586746,12.243204168987633,1.7796385743395715e+18,1.7796385909820237e+18
1779638587889877412,12.16,1.4975,969.55,66.09048408799399,21.560000000000002,41.988261642776486,12.24135726131991,1.77963857328866e+18,1.7796385919237624e+18
1779638588290479166,12.176,1.5475,1320.425,66.08835911184352,21.455,41.98733331358246,12.241325386677653,1.7796385721602826e+18,1.7796385929053023e+18
1779638588691215246,12.18,1.5325,752.8,66.10398619005429,21.42,41.99416597851948,12.241559792850815,1.7796385709558707e+18,1.7796385939253796e+18
1779638589091973693,11.884,8.4325,658.95,66.09095586479343,21.07,41.99155032285693,12.241364337971902,1.779638569672488e+18,1.7796385949864497e+18
1779638589492213015,12.1,3.6,372.55,66.13342372538784,20.9825,42.007983171000035,12.242001355880818,1.7796385683168911e+18,1.7796385960830026e+18
1779638589892580841,11.752,12.985,1136.925,66.28264115799172,20.895,41.99314897031034,12.244239617369876,1.7796385669043556e+18,1.779638597203059e+18
1779638590293127837,11.568,16.25,192.8,66.29531389535717,20.895,41.987588377950665,12.244429708430358,1.7796385654183117e+18,1.7796385983600553e+18
1779638590693847229,11.42,19.4,588.375,66.28085596462236,20.965,42.002185157150286,12.244212839469336,1.7796385638545034e+18,1.7796385995572652e+18
1779638591094439671,11.428,19.865,157.175,66.30480183951208,21.035,41.97501164329921,12.244572027592682,1.779638562219364e+18,1.7796386007897807e+18
1779638591494938972,11.36,20.1475,479.65,66.25775876646414,21.07,42.03251921580637,12.243866381496963,1.7796385604999972e+18,1.7796386020672602e+18
1779638591895246087,11.46,17.55,1463.775,66.18443578752897,21.0525,42.07502078368968,12.242766536812935,1.7796385586895608e+18,1.7796386033945487e+18
1779638592295492120,11.392,19.2675,1190.275,66.13483363885786,21.035,42.12352386392582,12.242022504582868,1.7796385567909292e+18,1.7796386047692956e+18
1779638592895856925,11.312,20.6325,355.625,66.07656624578158,21.0,42.2097623573037,12.241148493686724,1.779638554633736e+18,1.7796386063051584e+18
1779638593296126883,11.388,19.1825,1085.275,66.02596923118016,21.0175,42.25705958390652,12.240389538467703,1.779638552395769e+18,1.7796386078823654e+18
1779638593696455343,11.42,18.5,35.175,65.97810503807611,21.0,42.29265477050332,12.239671575571142,1.7796385500744973e+18,1.7796386095026652e+18
1779638594096671753,11.388,19.6475,107.325,65.957437744755,21.0,42.315494230810934,12.239361566171326,1.7796385476755581e+18,1.7796386111621187e+18
1779638594497013974,11.396,18.865,327.525,65.90791254310757,20.965,42.356924967832484,12.238618688146614,1.7796385451872724e+18,1.7796386128687693e+18
1779638594897186411,11.32,20.9,999.525,65.88437696454265,21.0175,42.398986464768,12.23826565446814,1.7796385426160517e+18,1.7796386146181732e+18
1779638595297381566,11.308,21.0325,1411.9,65.85907352142692,21.0525,42.44673178392302,12.237886102821404,1.7796385399593503e+18,1.7796386164120435e+18
1779638595697658799,11.296,21.3,1031.975,65.83690205858738,21.087500000000002,42.493745041960366,12.237553530878811,1.7796385372164923e+18,1.7796386182507927e+18
1779638596097894862,11.324,20.4,1510.925,65.80296494441653,21.105,42.54238150812432,12.237044474166249,1.7796385343806533e+18,1.7796386201389414e+18
1779638596498128762,11.248,21.9,1334.175,65.77791621683006,21.07,42.61552395783255,12.236668743252451,1.7796385314535585e+18,1.7796386220752727e+18
1779638596898374814,11.184,24.55,794.775,65.77822777914355,21.1575,42.626443228808064,12.236673416687154,1.7796385284458084e+18,1.7796386240527562e+18
1779638597298674977,11.28,21.5975,787.05,65.76097716656935,21.087500000000002,42.66681630724567,12.23641465749854,1.779638525347837e+18,1.7796386260776776e+18
1779638597699034137,11.368,18.95,763.475,65.70462347080617,21.105,42.704371344330816,12.235569352062093,1.779638522136548e+18,1.779638628165009e+18
1779638598099349802,11.34,19.965,691.525,65.67310462367344,21.07,42.73822172738047,12.235096569355102,1.7796385188225085e+18,1.7796386303077317e+18
1779638598499586696,11.38,19.43,471.95,65.65306512117184,21.07,42.754877523709986,12.234795976817578,1.7796385154104402e+18,1.7796386325027118e+18
1779638598899978126,11.356,19.7675,1440.275,65.62850939761442,21.0175,42.778971225192265,12.234427640964217,1.7796385118955144e+18,1.7796386347529725e+18
1779638599300186215,11.316,20.95,1118.55,65.61749403715054,20.9825,42.799004200806706,12.234262410557259,1.779638508285216e+18,1.7796386370536689e+18
1779638599700708700,11.296,21.0825,136.725,65.60099085134108,20.895,42.83141650920403,12.234014862770117,1.7796385045740997e+18,1.7796386394082186e+18
1779638600100949625,11.28,21.9975,417.25,65.59768050774706,20.895,42.84364990379273,12.233965207616206,1.7796385007710113e+18,1.7796386418109775e+18
1779638600501254823,11.328,20.1675,1273.325,65.5721603621271,20.895,42.87287486659721,12.233582405431907,1.7796384968577344e+18,1.7796386442734044e+18
1779638600901495220,11.36,19.2675,609.075,65.53597385468204,20.72,42.89799448807479,12.233039607820231,1.7796384928230548e+18,1.7796386468024323e+18
1779638601301855481,11.352,19.985,220.325,65.52144760753538,20.8075,42.91315734736654,12.232821714113031,1.7796384886825585e+18,1.7796386493881928e+18
1779638601702076242,11.292,20.9,413.525,65.50257930470553,20.8425,42.9474292456347,12.232538689570584,1.779638484430912e+18,1.7796386520339543e+18
1779638602102562259,11.424,17.53,1261.975,65.44429378577148,20.755,42.95815581372236,12.231664406786573,1.779638480027961e+18,1.7796386547645384e+18
1779638602502771646,11.232,21.835,574.425,65.43036818374708,20.72,43.01465422808651,12.231455522756207,1.779638475512886e+18,1.7796386575555087e+18
1779638602903202159,11.06,26.55,114.6,65.4493570792618,20.772499999999997,43.06373714580294,12.231740356188928,1.7796384709187338e+18,1.779638660386438e+18
1779638603303717892,11.252,22.1325,349.725,65.4444746369274,20.86,43.087690306996734,12.231667119553912,1.7796384662207437e+18,1.7796386632726047e+18
1779638603704008161,11.3,20.965,1067.275,65.43326910420168,20.615,43.10719234194654,12.231499036563026,1.7796384614113288e+18,1.7796386662186373e+18
1779638604104213386,12.032,3.4175,1618.65,65.24841048371425,20.615,42.994605866619075,12.228726157255714,1.7796384562798098e+18,1.7796386693531817e+18
1779638604504400813,12.064,3.4475,24.525,65.19258534563745,20.474999999999998,42.96063114020741,12.227888780184562,1.7796384509668134e+18,1.7796386725898445e+18
1779638604904793186,11.636,14.33,74.825,65.22738977003112,20.334999999999997,42.96835095471335,12.228410846550467,1.7796384455844603e+18,1.7796386758602662e+18
1779638605305123871,11.68,12.035,228.325,65.1701995971733,20.352500000000003,42.94719912286988,12.2275529939576,1.779638440010165e+18,1.7796386792388652e+18
1779638605705362940,11.476,17.4175,696.775,65.16707569615703,20.474999999999998,42.94780661398771,12.227506135442356,1.779638434313916e+18,1.779638682683091e+18
1779638606105927729,11.492,16.8675,487.975,65.15636317073754,20.615,42.948740115291635,12.227345447561063,1.779638428483353e+18,1.779638686200359e+18
1779638606506133839,11.472,17.3825,1489.175,65.14877020261554,20.7375,42.950173217081804,12.227231553039234,1.779638422521981e+18,1.7796386897885105e+18
1779638606906608336,11.504,16.4675,1267.8,65.1327260793575,20.9475,42.950461616318165,12.226990891190363,1.7796384164142687e+18,1.7796386934568238e+18
1779638607306760094,12.0,4.8175,592.2,65.07433352061022,20.9475,42.91512488419046,12.226115002809154,1.7796384100853501e+18,1.7796386972500966e+18
1779638607706939239,12.02,4.7475,168.85,65.06763405113634,20.8075,42.911062004803796,12.226014510767046,1.7796384036177505e+18,1.7796387011187136e+18
1779638608107178735,12.132,2.15,515.275,65.06218346718879,20.7025,42.907522436219885,12.225932752007832,1.779638397012284e+18,1.7796387050621394e+18
1779638608507325536,12.18,1.6325,1572.475,65.13572286633027,20.7025,42.95583552639874,12.227035842994955,1.7796383904209413e+18,1.7796387089897705e+18
1779638608907626882,12.192,1.7,1522.0,65.24651888973875,20.650000000000002,43.02851323092971,12.228697783346082,1.779638383930563e+18,1.7796387128502364e+18
1779638609307859196,12.204,1.665,1367.975,65.37831490676646,20.4575,43.115038079507656,12.230674723601497,1.779638377602284e+18,1.7796387166076846e+18
1779638609708102628,12.208,1.5825,897.925,65.5018659544558,20.405,43.19631466433535,12.232527989316837,1.7796383714373622e+18,1.779638720261902e+18
1779638610108348077,12.216,1.5675,1101.825,65.63570717678972,20.247500000000002,43.28439405401604,12.234535607651846,1.7796383654748882e+18,1.7796387237902723e+18
1779638610508499970,12.216,1.5325,85.7,65.7564862265811,20.1775,43.363950487854595,12.236347293398717,1.7796383597009252e+18,1.779638727201583e+18
1779638610908738516,12.224,1.5975,261.525,65.89500717965815,20.055,43.45503173690753,12.238425107694873,1.7796383541685276e+18,1.7796387304650332e+18
1779638611308942347,12.228,1.6325,798.1,66.03719592094843,20.002499999999998,43.54843170146693,12.240557938814227,1.7796383488981363e+18,1.7796387335691587e+18
1779638611709157581,12.232,1.5325,797.2,66.17018040303846,20.002499999999998,43.63604160773951,12.242552706045577,1.779638343877411e+18,1.7796387365217943e+18
1779638612109560505,12.24,1.5325,794.45,66.31264246937951,19.88,43.729895327236825,12.244689637040693,1.779638339135714e+18,1.7796387393062264e+18
1779638612509872931,12.24,1.5675,786.05,66.44960566622464,19.74,43.82002835023052,12.24674408499337,1.779638334664494e+18,1.7796387419280333e+18
1779638612910030730,12.244,1.5675,760.425,66.58693052495208,19.5475,43.910399376421736,12.248803957874282,1.7796383304673912e+18,1.7796387443856087e+18
1779638613310216614,12.248,1.6325,682.225,66.72992475673563,19.355,44.00429845326205,12.250948871351035,1.7796383265589906e+18,1.7796387466709402e+18
1779638614310712246,12.256,1.615,1353.675,66.87941328003193,19.11,44.102520980048055,12.25319119920048,1.7796383224602486e+18,1.779638749059609e+18
1779638614710953475,12.256,1.5825,854.275,67.01840892716666,18.9875,44.19395337228204,12.2552761339075,1.7796383186714516e+18,1.7796387512648463e+18
1779638615111258705,12.264,1.5325,968.625,67.16130323584848,18.7425,44.2881191092692,12.257419548537728,1.7796383151962885e+18,1.7796387532849956e+18
1779638615511597877,12.264,1.5325,1317.6,67.29691494234571,18.5325,44.377485693594316,12.259453724135186,1.7796383120078792e+18,1.7796387551361398e+18
1779638615911834291,12.056,6.2325,744.175,67.397266912893,18.3925,44.42832485350239,12.260959003693396,1.7796383090073564e+18,1.7796387568760497e+18
1779638616312267887,12.136,4.215,632.625,67.49220390445738,18.3925,44.48370219586213,12.262383058566861,1.7796383061746324e+18,1.779638758516638e+18
1779638616712736720,12.16,3.7325,292.2,67.5899526730192,18.165000000000003,44.54229046640042,12.263849290095289,1.779638303511091e+18,1.7796387600573624e+18
1779638617113162640,11.956,8.3975,891.7,67.66377421470457,17.92,44.57107151341097,12.26495661322057,1.7796383009504701e+18,1.7796387615367532e+18
1779638617513590437,11.124,28.4825,1082.85,67.58673936331638,17.709999999999997,44.369346068677444,12.263801090449746,1.7796382981117407e+18,1.7796387631748452e+18
1779638617914328291,11.148,26.45,27.775,67.56286644730234,17.6925,44.29272141400012,12.263442996709536,1.7796382951375905e+18,1.7796387648890243e+18
1779638618314832330,11.124,27.1325,84.75,67.53437172536437,17.6925,44.20845505515993,12.263015575880466,1.779638292021448e+18,1.7796387666829043e+18
1779638618715299663,11.108,26.8,258.625,67.52195515565502,17.8325,44.170265560369245,12.262829327334826,1.7796382888077617e+18,1.779638768530754e+18
1779638619115794777,11.264,22.6,789.25,67.52199243919732,17.99,44.17077036775249,12.26282988658796,1.7796382855304125e+18,1.779638770413004e+18
1779638619516356060,11.96,5.55,770.175,67.44465557061696,18.2175,44.12912739615496,12.261669833559255,1.7796382819985405e+18,1.779638772439077e+18
1779638619916658916,12.132,2.4175,711.975,67.40865541998029,18.0425,44.10629532262538,12.261129831299705,1.7796382783207084e+18,1.7796387745464543e+18
1779638620317385596,12.164,1.8825,534.375,67.38645487588448,17.955,44.09191279359822,12.260796823138268,1.7796382745335603e+18,1.7796387767139955e+18
1779638620717893866,12.184,1.865,1630.775,67.39483722446009,17.955,44.09734697505095,12.260922558366902,1.779638270715428e+18,1.779638778896803e+18
1779638621118667475,11.964,7.1675,61.525,67.41617738391095,17.78,44.107189247692524,12.261242660758665,1.7796382668995054e+18,1.7796387810759096e+18
1779638621519406594,12.112,3.4475,187.75,67.42005711656296,17.709999999999997,44.10953871029426,12.261300856748445,1.7796382630419802e+18,1.7796387832763359e+18
1779638621919750656,11.936,7.465,572.95,67.42426524290812,17.6925,44.11140447331782,12.261363978643622,1.7796382591445993e+18,1.779638785497062e+18
1779638622320061528,11.544,16.18,110.1,67.42282827564696,17.6925,44.112512948903365,12.261342424134705,1.779638255193753e+18,1.779638787745812e+18
1779638622720260835,11.636,14.28,335.975,67.42527272280638,17.78,44.111899265930745,12.261379090842096,1.7796382512002132e+18,1.7796387900164257e+18
1779638623120696173,12.164,1.5675,1025.3,67.38386423293264,17.92,44.0842996822675,12.26075796349399,1.779638247052213e+18,1.7796387923723535e+18
1779638623520868315,12.192,1.5325,1490.55,67.38213839085694,17.9025,44.08314779180052,12.260732075862855,1.7796382428531154e+18,1.779638794754798e+18
1779638624121456491,12.208,1.5825,1271.975,67.40611304325859,17.9025,44.099117285575474,12.26109169564888,1.7796382385376338e+18,1.7796387971994898e+18
1779638624521859630,12.216,1.5325,604.95,67.43724186589091,17.8675,44.11989464032491,12.261558627988364,1.7796382342619528e+18,1.7796387996191875e+18
1779638624922158814,12.228,1.5825,207.75,67.48635794156495,17.7625,44.15260949057302,12.262295369123475,1.7796382300731018e+18,1.7796388019873708e+18
1779638625322582244,12.232,1.615,634.0,67.5407908336108,17.465,44.1888153351317,12.263111862504163,1.7796382259844227e+18,1.7796388042966287e+18
1779638625722748952,12.236,1.5475,296.4,67.59475301572067,17.535,44.22481360275626,12.26392129523581,1.7796382219942264e+18,1.7796388065480507e+18
1779638626122944686,12.228,1.765,904.525,67.64827766336299,17.535,44.26017382398887,12.264724164950445,1.779638218100259e+18,1.779638808743038e+18
1779638626523264893,12.076,5.565,1121.975,67.7063475984366,17.465,44.29013328739529,12.26559521397655,1.7796382143136102e+18,1.7796388108754688e+18
1779638626923644409,12.216,2.3,147.175,67.76913403823133,17.272499999999997,44.33064835711208,12.26653701057347,1.7796382106455864e+18,1.7796388129391186e+18
1779638627323882716,12.188,3.13,449.125,67.8372367316253,17.272499999999997,44.372626413209964,12.26755855097438,1.7796382071087127e+18,1.77963881492709e+18
1779638627724181418,12.108,4.3825,1370.6,67.87346533507608,17.36,44.39315343489492,12.268101980026142,1.7796382036164928e+18,1.779638816888114e+18
1779638628124565495,12.156,3.7475,905.925,67.93115203165381,17.412499999999998,44.427366760146256,12.268967280474808,1.7796382002253348e+18,1.7796388187906045e+18
1779638628524876721,12.06,5.5,1126.25,67.96453350961727,17.36,44.444510683431496,12.26946800264426,1.7796381968692124e+18,1.779638820671689e+18
1779638628925154865,11.768,11.95,160.225,67.98058775026621,17.5175,44.443611306879966,12.269708816253994,1.7796381935019082e+18,1.7796388225572995e+18
1779638629325470530,10.404,45.6,488.95,67.75676567194486,17.5175,44.046380324530716,12.266351485079174,1.7796381894872932e+18,1.7796388248033288e+18
1779638629725672648,10.308,47.815,1492.15,67.5533276977951,17.885,43.694067342066504,12.263299915466927,1.7796381848857649e+18,1.7796388273753754e+18
1779638630125967991,10.3,47.815,1276.875,67.39471415342857,18.13,43.419381108542865,12.260920712301429,1.7796381798183396e+18,1.7796388302052913e+18
1779638630526130967,10.328,46.985,619.9,67.27418543448289,18.287499999999998,43.208432217899535,12.259112781517244,1.7796381743858906e+18,1.779638833236357e+18
1779638630926441235,10.208,48.2325,253.375,67.23804054732621,18.515,43.14623330533253,12.258570608209894,1.7796381688161426e+18,1.779638836341295e+18
1779638631326945869,10.244,47.55,773.225,67.20123161922784,18.865,43.082267192008715,12.258018474288418,1.7796381631060419e+18,1.779638839521711e+18
1779638631727197987,10.24,48.265,721.275,67.14239576133205,19.11,42.9811415095992,12.257135936419981,1.7796381571922621e+18,1.7796388428127452e+18
1779638632128004304,10.26,46.43,562.75,67.14365993190614,19.372500000000002,42.983383996411696,12.257154898978593,1.7796381512418506e+18,1.7796388461213532e+18
1779638632528607769,10.228,47.7175,78.975,67.12537743690557,19.7225,42.95171941306879,12.256880661553584,1.779638145199101e+18,1.779638849478491e+18
1779638632928859546,10.232,47.2675,241.0,67.12124582371581,20.0725,42.9445020155709,12.256818687355738,1.779638139104014e+18,1.7796388528619057e+18
1779638633329276212,10.336,44.8175,735.45,67.11875474745545,20.439999999999998,42.93990125444161,12.256781321211832,1.7796381329612352e+18,1.7796388562690122e+18
1779638633729459881,10.324,44.8475,606.0,67.12312609950912,20.790000000000003,42.9479683057757,12.256846891492637,1.7796381267907546e+18,1.7796388596887227e+18
1779638634130037826,10.924,29.15,210.95,67.1253714721673,21.087500000000002,42.99155156150427,12.25688057208251,1.779638120586145e+18,1.7796388631246072e+18
1779638634530392644,12.056,1.7,643.75,66.99820756561445,21.087500000000002,42.92827428911293,12.254973113484217,1.7796381139554412e+18,1.779638866793558e+18
1779638634930723012,12.1,1.5475,326.15,66.91084351658729,21.087500000000002,42.88454704678927,12.25366265274881,1.7796381070123594e+18,1.7796388706323738e+18
1779638635331008592,12.12,1.5675,995.325,66.8462404167171,20.86,42.85223697255738,12.252693606250757,1.7796380998209096e+18,1.7796388746054638e+18
1779638635731282375,12.14,1.5975,1399.075,66.80385979825773,20.8075,42.83106597620204,12.252057896973866,1.7796380924460838e+18,1.7796388786767862e+18
1779638636131817981,12.156,1.5475,992.825,66.77566426387922,20.545,42.816953082609984,12.251634963958189,1.779638084929065e+18,1.7796388828235144e+18
1779638636532658627,12.164,1.5325,1391.45,66.7550813949656,20.4575,42.80664441063484,12.251326220924485,1.779638077291715e+18,1.77963888703352e+18
1779638636932846368,12.056,4.3175,969.55,66.746376007282,20.3875,42.80283445218883,12.25119564010923,1.7796380695717335e+18,1.7796388912859955e+18
1779638637333218001,11.728,12.535,1320.425,66.75357578161665,20.3,42.803677973837814,12.25130363672425,1.7796380618215043e+18,1.779638895552082e+18
1779638637933623917,11.916,7.6325,752.8,66.74752455991255,20.1775,42.80161796809392,12.251212868398689,1.7796380538598712e+18,1.7796388999299361e+18
1779638638333847667,11.504,17.7325,658.95,66.75167583597725,20.1425,42.80013157321752,12.25127513753966,1.7796380458605071e+18,1.7796389043255235e+18
1779638638734120371,11.636,14.0475,372.55,66.74498605483399,20.247500000000002,42.80002831537378,12.25117479082251,1.7796380377853005e+18,1.7796389087597862e+18
1779638639134452265,12.008,4.115,1136.925,66.69066180229062,20.247500000000002,42.77562905889957,12.25035992703436,1.7796380294624732e+18,1.7796389133269734e+18
1779638639534741103,12.172,1.5325,192.8,66.67930131926983,20.405,42.76984720335085,12.250189519789048,1.779638021042535e+18,1.77963891794441e+18
1779638639934894495,12.18,1.5975,588.375,66.67767170344953,20.4225,42.76902006507559,12.250165075551743,1.7796380125598728e+18,1.779638922593226e+18
1779638640335179989,12.192,1.4825,157.175,66.68221443410576,20.3175,42.771336996280766,12.250233216511587,1.779638004037575e+18,1.7796389272607734e+18
1779638640735663460,12.2,1.615,479.65,66.69827086099131,20.09,42.77948007782525,12.25047406291487,1.7796379955197967e+18,1.7796389319228987e+18
1779638641135813839,12.2,1.73,1463.775,66.71800073082817,19.7575,42.789435827086834,12.250770010962423,1.7796379870225738e+18,1.7796389365708744e+18
1779638641536170050,11.564,16.235,1190.275,66.7209128073492,19.74,42.788749615916444,12.250813692110238,1.7796379784820035e+18,1.779638941239686e+18
1779638641936505369,11.2,25.1825,355.625,66.72299753409396,19.74,42.77814623249074,12.25084496301141,1.7796379698952033e+18,1.7796389459309204e+18
1779638642336954744,10.88,32.35,1085.275,66.72103260263222,19.7925,42.76986001455979,12.250815489039484,1.7796379612455772e+18,1.7796389506536458e+18
1779638642737292135,10.888,32.065,35.175,66.71983598276876,20.002499999999998,42.76456991456123,12.250797539741532,1.779637952536277e+18,1.7796389554061368e+18
1779638643137572400,12.004,4.165,107.325,66.66832003639587,20.265,42.74147792907021,12.250024800545939,1.77963794355837e+18,1.7796389603023416e+18
1779638643738017446,12.08,3.1,327.525,66.63920790109361,20.4225,42.72764495223336,12.249588118516405,1.7796379342586191e+18,1.7796389653697078e+18
1779638644138283358,12.096,3.05,999.525,66.6213081452562,20.334999999999997,42.71911784877688,12.249319622178843,1.779637924823574e+18,1.779638970507905e+18
1779638644538716069,12.088,3.3675,1411.9,66.60818194230684,20.1425,42.71296859325002,12.249122729134603,1.779637915271546e+18,1.7796389757069245e+18
1779638644938863173,12.172,1.8975,1031.975,66.61127675648137,20.037499999999998,42.71452777123544,12.249169151347221,1.779637905672493e+18,1.779638980928678e+18
1779638645339463942,12.196,1.4975,1510.925,66.61982414955854,19.88,42.718911114152924,12.249297362243379,1.7796378960509806e+18,1.7796389861598175e+18
1779638645740009588,12.204,1.5675,1334.175,66.6367408319948,19.5825,42.727559785288406,12.249551112479923,1.779637886446371e+18,1.7796389913789804e+18
1779638646140679142,12.212,1.5325,794.775,66.65833836020533,19.5825,42.7386187876568,12.24987507540308,1.7796378768822208e+18,1.7796389965734136e+18
1779638646541376219,12.216,1.5675,787.05,66.68363653046252,19.39,42.75155227845528,12.250254547956938,1.779637867378806e+18,1.7796390017321718e+18
1779638646941739068,12.224,1.5675,763.475,66.71443733515945,19.355,42.76729894788147,12.250716560027392,1.779637857965793e+18,1.7796390068392302e+18
1779638647342041781,12.228,1.5675,691.525,66.74757485734288,19.2675,42.784240245765666,12.251213622860144,1.7796378486578957e+18,1.779639011886691e+18
1779638647742622129,12.232,1.4625,471.95,66.77977953410301,19.1975,42.800784978984474,12.251696693011546,1.7796378394545075e+18,1.7796390168749693e+18
1779638648143128319,12.204,2.4475,1440.275,66.82015409481805,19.25,42.82053821088189,12.252302311422271,1.7796378303991636e+18,1.7796390217805693e+18
1779638648543734063,11.82,11.2825,1118.55,66.8432403523135,19.25,42.823593159413235,12.252648605284703,1.779637821410363e+18,1.7796390266477276e+18
1779638648943996259,11.524,17.8825,136.725,66.8531025163595,19.2675,42.81793721805134,12.252796537745393,1.7796378124240602e+18,1.7796390315111703e+18
1779638649344324236,11.436,20.1175,417.25,66.86204748412416,19.4075,42.80800164901724,12.252930712261863,1.7796378034362698e+18,1.7796390363730765e+18
1779638649745016756,11.352,20.2325,1273.325,66.85522858807427,19.599999999999998,42.81582933264045,12.252828428821115,1.7796377943668316e+18,1.7796390412768161e+18
1779638650145826900,10.77,36.0175,609.075,66.84053783231691,19.8275,42.77331493899077,12.252608067484754,1.7796377851741404e+18,1.7796390462448584e+18
1779638650546677964,10.692,36.0175,220.325,66.84539103413351,20.0725,42.78735988915488,12.252680865512003,1.7796377759585946e+18,1.779639051222925e+18
1779638650946830265,10.44,41.885,672.375,66.85350310414893,20.265,42.80497567449075,12.252802546562235,1.7796377667387738e+18,1.7796390562010097e+18
1779638651347338908,12.06,1.5675,413.525,66.76343355402348,20.58,42.75910958326219,12.251451503310353,1.7796377569888369e+18,1.7796390614629202e+18
1779638651747673773,12.12,1.5675,1261.975,66.71773619154821,20.3875,42.73583912844968,12.250766042873224,1.779637746938775e+18,1.7796390668843597e+18
1779638652148233667,12.136,1.5475,574.425,66.68355987287866,20.16,42.718419845486956,12.25025339809318,1.7796377366453706e+18,1.7796390724345912e+18
1779638652548573411,12.16,1.4825,114.6,66.66478073767723,20.16,42.70882013014508,12.24997171106516,1.7796377261894351e+18,1.7796390780699712e+18
1779638652948830285,11.688,13.6325,349.725,66.67228939087879,19.8625,42.70868496609757,12.250084340863182,1.7796377157166825e+18,1.7796390837119585e+18
1779638653349147502,11.24,24.135,1067.275,66.67413413146639,19.5475,42.70210988599586,12.250112011971996,1.779637705195488e+18,1.7796390893775987e+18
1779638653749225863,11.116,26.35,1618.65,66.67387049825182,19.4075,42.705494284213785,12.250108057473778,1.7796376946142292e+18,1.779639095073159e+18
1779638654149749860,10.98,29.5675,24.525,66.67428420227633,19.459999999999997,42.70897109179475,12.250114263034146,1.779637683976405e+18,1.779639100796752e+18
1779638654750033891,12.124,1.5475,74.825,66.63306563977551,19.5125,42.68783658662382,12.249495984596633,1.7796376728931482e+18,1.7796391067562995e+18
1779638655150183447,12.156,1.5825,228.325,66.61544586933152,19.5125,42.67881631594248,12.249231688039973,1.7796376616430328e+18,1.779639112803103e+18
1779638655550414944,12.172,1.4975,696.775,66.60645644201557,19.3025,42.67419661829638,12.249096846630234,1.7796376502760735e+18,1.7796391189102477e+18
1779638655950672507,12.184,1.5975,487.975,66.60850427429787,19.127499999999998,42.67524422809534,12.249127564114469,1.7796376388584218e+18,1.779639125042182e+18
1779638656350946553,11.564,16.75,1489.175,66.6166228323001,18.9875,42.67235553710198,12.249249342484502,1.7796376274289649e+18,1.7796391311780388e+18
1779638656751261913,11.136,26.2175,1267.8,66.61678142197482,18.900000000000002,42.670329451775096,12.249251721329623,1.779637615938042e+18,1.7796391373444882e+18
1779638657151471489,11.076,27.0825,592.2,66.61666938585766,19.0925,42.67717521692393,12.249250040787866,1.7796376043840358e+18,1.7796391435424e+18
1779638657551727900,11.08,26.2675,168.85,66.61536064750193,19.25,42.69459928364157,12.24923040971253,1.7796375927590602e+18,1.779639149776004e+18
1779638657951970226,12.08,2.735,515.275,66.5823196221565,19.25,42.67849370747526,12.248734794332348,1.7796375808540314e+18,1.779639156157374e+18
1779638658352496743,12.144,1.9125,1572.475,66.56741157981385,19.11,42.67092710369139,12.248511173697208,1.779637568783425e+18,1.779639162625079e+18
1779638658752768917,12.128,2.6,1522.0,66.56145928706106,18.83,42.66800642432743,12.248421889305916,1.7796375566054646e+18,1.7796391691479035e+18
1779638659152878624,12.132,2.8825,1367.975,66.56546582059018,18.6375,42.6699432280731,12.248481987308853,1.7796375443867776e+18,1.7796391756901532e+18
1779638659753736437,12.14,2.735,897.925,66.57046822025967,18.1825,42.6723806975145,12.248557023303896,1.779637531987812e+18,1.7796391823253548e+18
1779638660154387068,12.144,2.7825,1101.825,66.57900910475223,17.9025,42.676531698415836,12.248685136571284,1.7796375195827986e+18,1.7796391889614397e+18
1779638660555223622,12.144,2.75,85.7,66.58659199379188,17.9025,42.68022361417777,12.248798879906879,1.7796375071664916e+18,1.7796391956012444e+18
1779638660955500363,12.152,3.015,261.525,66.60530775996085,17.5175,42.68920236872441,12.249079616399413,1.779637494821079e+18,1.7796392022008548e+18
1779638661556432211,12.008,6.415,797.2,66.62172701121274,16.765,42.69529681442631,12.249325905168192,1.77963748238611e+18,1.7796392088449362e+18
1779638661957040578,11.628,14.5475,794.45,66.62166172984381,16.765,42.695305353883185,12.249324925947658,1.7796374698912735e+18,1.7796392155187674e+18
1779638662357764247,11.756,11.2475,786.05,66.61667639657618,16.73,42.69462643949085,12.249250145948643,1.7796374572990735e+18,1.7796392222423675e+18
1779638662758172493,10.704,37.9675,760.425,66.59682070008108,17.150000000000002,42.64351472172088,12.248952310501217,1.7796374444956178e+18,1.779639229076515e+18
1779638663158664567,10.524,41.315,682.225,66.58451368578429,18.025000000000002,42.61600578762705,12.248767705286765,1.7796374315348905e+18,1.779639235992357e+18
1779638663559054758,10.552,39.615,443.575,66.58696014183336,19.075,42.621850397463525,12.2488044021275,1.7796374185297917e+18,1.7796392429296417e+18
1779638663959702949,11.028,26.2475,1353.675,66.58401595642825,19.7925,42.6556539101386,12.248760239346424,1.7796374054376064e+18,1.77963924991115e+18
1779638664360489237,12.04,2.7825,854.275,66.5318895816561,19.9675,42.63047406158882,12.247978343724842,1.7796373918658424e+18,1.77963925714611e+18
1779638665161249359,12.136,1.68,1317.6,66.50769535672767,19.810000000000002,42.618138178303184,12.247615430350915,1.7796373777237087e+18,1.7796392646804588e+18
1779638665762155864,12.164,1.5475,744.175,66.49714218904228,19.635,42.612724781886804,12.247457132835635,1.7796373632698132e+18,1.7796392723774116e+18
1779638666162808156,12.176,1.5825,632.625,66.49476237253262,19.495,42.61150597639139,12.24742143558799,1.7796373487252424e+18,1.779639280120343e+18
1779638666563190444,12.184,1.5475,292.2,66.49624275727457,19.39,42.61226537094818,12.24744364135912,1.7796373341224315e+18,1.779639287891988e+18
1779638667163427448,12.192,1.5825,891.7,66.50321923459457,19.2675,42.61583827377154,12.247548288518919,1.7796373193540426e+18,1.7796392957483323e+18
1779638667563591436,12.2,1.665,1082.85,66.51668444353413,19.2675,42.622707428856934,12.247750266653012,1.7796373046352504e+18,1.779639303576054e+18
1779638667963865151,12.208,1.5975,27.775,66.53289730640503,19.127499999999998,42.63100496687547,12.247993459596076,1.7796372899934497e+18,1.7796393113606246e+18
1779638668364008549,12.212,1.5475,84.75,66.54994206951943,18.935000000000002,42.63974912188621,12.248249131042792,1.779637275439913e+18,1.7796393190960978e+18
1779638668764202158,12.216,1.5675,258.625,66.5694358495604,18.865,42.64974004025924,12.248541537743407,1.7796372610004393e+18,1.7796393267688105e+18
1779638669164420567,12.228,1.5675,789.25,66.59532954393343,18.795,42.663011031637694,12.248929943159002,1.7796372467381414e+18,1.7796393343452913e+18
1779638669564584077,12.232,1.4975,770.175,66.62144749038492,18.795,42.676442658180946,12.249321712355774,1.7796372326607747e+18,1.7796393418214968e+18
1779638669964803921,12.24,1.615,711.975,66.6541893441652,18.62,42.69318363249024,12.249812840162479,1.779637218834827e+18,1.7796393491621883e+18
1779638670364977782,12.24,1.4975,534.375,66.68382391446004,18.515,42.70842443605795,12.250257358716901,1.7796372052378424e+18,1.7796393563793828e+18
1779638670765100593,12.208,1.9975,1630.775,66.7067681391176,18.375,42.71992583503749,12.250601522086765,1.7796371918109535e+18,1.7796393635043948e+18
1779638671165303521,11.852,10.2825,61.525,66.72125692290325,18.3225,42.72240921158737,12.25081885384355,1.779637178476956e+18,1.7796393705782523e+18
1779638671565477028,12.012,6.43,187.75,66.73687245789775,18.3225,42.728003114653745,12.251053086868467,1.7796371652488346e+18,1.7796393775941043e+18
1779638671965660750,11.944,8.4825,572.95,66.75847540822461,18.13,42.73378740938401,12.25137713112337,1.7796371521874499e+18,1.779639384519725e+18
1779638672365931256,11.752,12.1475,110.1,66.76462586725557,18.1125,42.73405342385116,12.251469388008834,1.7796371391440028e+18,1.779639391434058e+18
1779638672766152676,11.74,12.3175,335.975,66.76919879014866,18.1825,42.734190931539715,12.25153798185223,1.779637126103071e+18,1.7796393983452913e+18
1779638673166356337,11.62,14.6325,1025.3,66.76759761637507,18.252499999999998,42.73448976262716,12.251513964245627,1.7796371130036257e+18,1.7796394052857748e+18
1779638673566535346,12.12,3.2,1490.55,66.77018279477826,18.095,42.73571486398169,12.251552741921675,1.7796370998873395e+18,1.779639412233432e+18
1779638673966729970,12.128,3.25,1271.975,66.77768942580822,18.095,42.73926090068149,12.251665341387124,1.779637086804628e+18,1.7796394191615762e+18
1779638674367011328,12.12,3.665,604.95,66.78962024959552,18.025000000000002,42.744743623608585,12.251844303743933,1.7796370738020895e+18,1.7796394260455596e+18
1779638674767347276,12.132,3.565,207.75,66.8051337289077,17.814999999999998,42.751921706635244,12.252077005933616,1.7796370609181238e+18,1.7796394328650875e+18
1779638675167755151,12.14,3.5,634.0,66.82297369673782,17.727500000000003,42.760212837856066,12.252344605451068,1.7796370481788534e+18,1.7796394396063828e+18
1779638675568522212,12.132,3.63,296.4,66.8393449141067,17.5525,42.767753605753704,12.252590173711601,1.779637035570993e+18,1.779639446276519e+18
1779638675969128462,12.136,3.63,904.525,66.85737858139365,17.5525,42.77606011688789,12.252860678720905,1.779637023114168e+18,1.7796394528651635e+18
1779638676369905849,10.656,39.5,1121.975,66.83381725815514,17.255,42.71596112476587,12.252507258872328,1.7796370103678e+18,1.77963945960534e+18
1779638676770463113,10.252,47.465,147.175,66.82300575421354,17.412499999999998,42.694040706944705,12.252345086313204,1.779636997465572e+18,1.7796394664263135e+18
1779638677171028892,10.252,47.865,449.125,66.8059342530553,17.814999999999998,42.65970709910431,12.25208901379583,1.7796369843385208e+18,1.7796394733645066e+18
1779638677571357547,10.244,46.615,1370.6,66.81295673924063,18.305,42.67421765185128,12.25219435108861,1.7796369712459346e+18,1.779639480282868e+18
1779638677972090360,10.236,47.1475,905.925,66.81447035210861,18.6725,42.67730728356793,12.25221705528163,1.779636958127898e+18,1.779639487213066e+18
1779638678372810741,10.476,41.5175,1126.25,66.81555129877141,32.6725,42.67992114100412,12.252233269481572,1.7796369449796948e+18,1.7796394941575956e+18
1779638678773228184,10.376,43.5675,160.225,66.82024096246724,18.865,42.69045309101074,12.25230361443701,1.7796369318418004e+18,1.7796395010950904e+18
1779638679173771804,10.416,43.1,488.95,66.81927276177855,19.25,42.68824391480233,12.252289091426679,1.7796369186514248e+18,1.7796395080587151e+18
1779638679574221921,10.464,41.265,1492.15,66.82533832442839,19.5475,42.703118961371025,12.252380074866426,1.7796369054872658e+18,1.7796395150069304e+18
1779638679974986107,10.464,40.865,1276.875,66.83466312566877,19.8275,42.72640572698119,12.252519946885032,1.7796368923871708e+18,1.7796395219197806e+18
1779638680375758032,10.6,38.115,619.9,66.83857158333284,20.1075,42.73782009986977,12.252578573749993,1.7796368792899676e+18,1.7796395288295634e+18
1779638680776109884,10.6,36.75,253.375,66.84973791912532,20.23,42.774083699178284,12.25274606878688,1.7796368662798548e+18,1.779639535691881e+18
1779638681176500544,10.908,29.165,773.225,66.84972083321586,20.3175,42.802566785467945,12.252745812498238,1.7796368532291505e+18,1.779639542574097e+18
1779638681576930545,11.228,22.0325,721.275,66.8392824827974,20.6325,42.81518762774677,12.252589237241962,1.77963684001642e+18,1.779639549540237e+18
1779638681977529266,12.024,2.8475,562.75,66.78913204087016,20.439999999999998,42.79237982790188,12.251836980613053,1.7796368261755249e+18,1.7796395568359828e+18
1779638682377797393,12.068,2.3825,78.975,66.75021262539629,20.002499999999998,42.774260625728836,12.251253189380945,1.7796368118308644e+18,1.77963956439564e+18
1779638682778104492,12.076,2.4675,241.0,66.71740150281767,19.6175,42.75904927461829,12.250761022542266,1.7796367970483635e+18,1.779639572184378e+18
1779638683178524969,11.996,4.415,735.45,66.68878307649204,19.6175,42.747177202691454,12.250331746147381,1.779636781871957e+18,1.7796395801789683e+18
1779638683778790518,10.78,34.1475,606.0,66.6897279377284,19.162499999999998,42.7512477597968,12.250345919065927,1.779636766507556e+18,1.7796395882700447e+18
1779638684178971972,10.216,47.2825,210.95,66.68884267881714,19.0575,42.75959304491864,12.250332640182258,1.7796367510796145e+18,1.7796395963928986e+18
1779638684579226024,10.22,48.5,643.75,66.67912261847262,19.0925,42.73234945445483,12.25018683927709,1.7796367354787338e+18,1.7796396046051172e+18
1779638684979623835,10.208,47.7675,326.15,66.68702414061545,19.2675,42.73632990066445,12.250305362109232,1.7796367199227628e+18,1.779639612792028e+18
1779638685379842965,10.52,38.98,995.325,66.69549203408786,19.459999999999997,42.76361066728466,12.250432380511318,1.779636704419487e+18,1.779639620949552e+18
1779638685780128525,10.536,37.8675,1399.075,66.69844228299561,19.635,42.79799399496206,12.250476634244935,1.7796366889006464e+18,1.779639629113622e+18
1779638686180457003,11.3,19.065,992.825,66.6600369993324,19.7575,42.802481992357336,12.249900554989987,1.7796366728403594e+18,1.779639637560852e+18
1779638686781004982,11.568,13.515,1391.45,66.61656530401396,19.67,42.79392191745476,12.24924847956021,1.7796366560142712e+18,1.779639646408248e+18
1779638687181293977,11.636,12.2175,969.55,66.57243511356674,19.53,42.78302889231093,12.248586526703502,1.7796366385518241e+18,1.779639655588463e+18
1779638687581590238,11.592,13.865,1320.425,66.53763144574454,19.4075,42.77494953260435,12.248064471686169,1.7796366205634445e+18,1.7796396650433367e+18
1779638687981895451,11.588,14.0325,752.8,66.51168854398253,19.4075,42.77159405254639,12.247675328159739,1.7796366021565268e+18,1.7796396747163415e+18
1779638688382105163,11.528,15.615,658.95,66.50268062321425,19.39,42.784852739600254,12.247540209348214,1.7796365835509624e+18,1.7796396844918792e+18
1779638688782255509,11.6,13.88,372.55,66.49545140449251,19.215,42.80076875880246,12.247431771067388,1.7796365647678769e+18,1.7796396943588252e+18
1779638689182612170,11.888,5.7325,1136.925,66.4527798674561,19.18,42.79399045355653,12.246791698011842,1.779636545317846e+18,1.7796397045742147e+18
1779638689583213461,12.072,2.7825,192.8,66.43559397221254,19.18,42.803027169028915,12.246533909583189,1.779636525539793e+18,1.7796397149599557e+18
1779638689983850882,12.112,2.2,588.375,66.44784342857935,18.76,42.799981792922765,12.24671765142869,1.779636505841595e+18,1.7796397253018652e+18
1779638690384628657,12.16,1.4475,157.175,66.46483090347952,18.445,42.807683120800064,12.246972463552193,1.7796364862937434e+18,1.7796397355629665e+18
1779638690784771008,12.172,1.4825,479.65,66.48005616298234,18.445,42.8149047630343,12.247200842444736,1.7796364668775877e+18,1.7796397457530967e+18
1779638691185348246,12.164,1.715,1463.775,66.48666995733588,18.147499999999997,42.81811683779865,12.247300049360039,1.7796364474731415e+18,1.7796397559352545e+18
1779638691585882433,11.968,6.5475,1190.275,66.4895863528779,17.814999999999998,42.8194696973917,12.247343795293169,1.7796364280284006e+18,1.7796397661367432e+18
1779638691986476431,10.344,45.7,355.625,66.47507618551822,17.92,42.78923308031688,12.247126142782774,1.7796364082867932e+18,1.7796397764921574e+18
1779638692386951195,10.376,44.665,1085.275,66.46540455907272,18.34,42.767763501757244,12.246981068386091,1.7796363883151516e+18,1.7796397869664036e+18
1779638692787594456,10.3,46.8025,35.175,66.44602623540155,18.34,42.73528725209757,12.246690393531024,1.7796363679627625e+18,1.77963979763848e+18
1779638693188159987,10.284,47.6175,107.325,66.40609134128903,18.55,42.69203138863027,12.246091370119336,1.7796363469096207e+18,1.7796398086761142e+18
1779638693588853202,10.24,47.85,327.525,66.39129433640376,19.022499999999997,42.67173420705743,12.245869415046057,1.7796363255269696e+18,1.7796398198845875e+18
1779638693989629160,10.18,47.985,999.525,66.39625059841943,19.4425,42.68194749721507,12.245943758976292,1.7796363041178332e+18,1.7796398311050499e+18
1779638694389958352,10.292,45.53,1411.9,66.39317680497246,19.9325,42.689537850995755,12.245897652074587,1.7796362825570998e+18,1.7796398424030725e+18
1779638694790236998,10.18,47.1825,1031.975,66.41174511255612,20.334999999999997,42.714328229526785,12.246176176688342,1.7796362611894528e+18,1.77963985359806e+18
1779638695190684329,10.176,48.715,1510.925,66.41724495090288,20.615,42.70748839471318,12.246258674263544,1.7796362398109504e+18,1.7796398647968916e+18
1779638695590937710,10.136,49.2,1334.175,66.42632761844764,20.93,42.71048214869228,12.246394914276715,1.7796362184823613e+18,1.7796398759677555e+18
1779638695991396567,10.852,30.55,794.775,66.43415461944946,21.245,42.72724268108067,12.246512319291742,1.779636197186307e+18,1.7796398871197768e+18
1779638696391673874,11.54,14.2325,787.05,66.4137212619382,21.4375,42.722873052852094,12.246205818929074,1.7796361754549658e+18,1.7796398984979133e+18
1779638696792041994,12.072,1.5175,763.475,66.36733318326912,21.3675,42.69714016489803,12.245509997749037,1.7796361528435167e+18,1.7796399103349788e+18
1779638697192387265,12.1,1.4825,691.525,66.33046976446866,21.035,42.67792178865822,12.24495704646703,1.7796361294929864e+18,1.7796399225570245e+18
1779638697592733439,12.124,1.5475,471.95,66.31286676782113,20.912499999999998,42.66371419447016,12.244693001517318,1.7796361057178363e+18,1.7796399349993802e+18
1779638697993098529,12.136,1.5325,1440.275,66.29767209514148,20.6675,42.65157833421212,12.244465081427123,1.7796360815512038e+18,1.7796399476446538e+18
1779638698393589627,12.148,1.5325,1118.55,66.28955193004495,20.474999999999998,42.64145642628662,12.244343278950675,1.7796360571101048e+18,1.7796399604315796e+18
1779638698793660041,12.16,1.4975,136.725,66.28655058554745,20.474999999999998,42.633355727961785,12.244298258783212,1.7796360324815933e+18,1.7796399733145987e+18
1779638699193985910,11.944,7.35,417.25,66.30099292018825,20.3,42.630858749306206,12.244514893802824,1.7796360079797678e+18,1.7796399861294185e+18
1779638699594162937,12.056,4.1975,1273.325,66.30695901759398,20.125,42.622663836394196,12.24460438526391,1.779635983455556e+18,1.7796399989540293e+18
1779638699994713560,12.068,3.965,609.075,66.30533376886265,19.95,42.61928128912635,12.24458000653294,1.7796359587720136e+18,1.7796400118600486e+18
1779638700395112026,11.952,6.7325,220.325,66.31038176369736,19.6875,42.61406072022951,12.244655726455461,1.779635934053058e+18,1.7796400247826906e+18
1779638700795448009,11.42,19.2175,672.375,66.3234320573875,19.5125,42.61019638535567,12.244851480860813,1.7796359094527537e+18,1.7796400376414356e+18
1779638701195833498,11.364,20.0975,413.525,66.32911107429165,19.6525,42.607965210067874,12.244936666114375,1.779635884835618e+18,1.779640050507119e+18
1779638701595979520,12.096,2.735,1261.975,66.32177046843739,19.6525,42.599325532178305,12.244826557026562,1.7796358599535572e+18,1.7796400635094098e+18
1779638701996316911,12.1,2.8475,574.425,66.32018482623272,19.6525,42.591461224821366,12.244802772393491,1.779635834914239e+18,1.779640076592019e+18
1779638702396628874,11.676,14.0825,114.6,66.33512703544606,19.425,42.58836271473505,12.245026905531692,1.779635810043885e+18,1.7796400895845225e+18
1779638702796780767,11.32,21.9975,349.725,66.34576986498497,19.2675,42.58213534874544,12.245186547974775,1.7796357852649912e+18,1.779640102527448e+18
1779638703196928780,11.232,24.185,1067.275,66.35234560664449,19.285,42.57660490275991,12.245285184099668,1.7796357604998597e+18,1.7796401154613985e+18
1779638703597252445,12.024,4.3175,1618.65,66.34731390310522,19.2675,42.56575376062701,12.245209708546579,1.7796357355144899e+18,1.779640128508586e+18
1779638703997670402,12.116,2.4675,24.525,66.34933349999079,19.0575,42.55667964031386,12.245240002499862,1.7796357104510863e+18,1.7796401415947415e+18
1779638704397798208,12.112,3.065,74.825,66.3560906096228,19.0575,42.55268490412754,12.245341359144343,1.779635685410663e+18,1.779640154667142e+18
1779638704798200629,12.092,3.4825,228.325,66.3649289831943,18.83,42.54562174114783,12.245473934747915,1.7796356604395656e+18,1.7796401677016082e+18
1779638705198512431,11.344,21.0475,696.775,66.38075998470869,18.5325,42.54279643558361,12.24571139977063,1.7796356356916613e+18,1.7796401806178624e+18
1779638705598836089,11.292,21.0975,487.975,66.38470014501314,18.515,42.538992397271805,12.245770502175198,1.7796356109182093e+18,1.779640193545748e+18
1779638705999036431,10.964,28.9325,1489.175,66.38697655811987,18.602500000000003,42.53986733304282,12.245804648371799,1.779635586086234e+18,1.7796402065024896e+18
1779638706399259393,12.14,1.5175,1267.8,66.37619540981889,18.445,42.52565851786478,12.245642931147284,1.779635560908847e+18,1.779640219637757e+18
1779638706799687884,12.152,1.8,592.2,66.37774977640609,18.445,42.51700881196135,12.245666246646092,1.7796355356544876e+18,1.779640232811492e+18
1779638707199952826,12.172,1.5175,168.85,66.4027630617301,17.9725,42.526611413418806,12.246041445925952,1.779635510848011e+18,1.779640245749941e+18
1779638707600247290,12.188,1.5975,515.275,66.42233519908625,17.709999999999997,42.534409691559,12.246335027986294,1.7796354863799355e+18,1.7796402585102804e+18
1779638708000760907,12.036,5.3475,1572.475,66.42935413507784,17.115,42.536745397132435,12.246440312026168,1.7796354619725304e+18,1.7796402712373827e+18
1779638708400967334,11.468,18.3325,1522.0,66.44603695275046,17.115,42.538604110830654,12.246690554291257,1.779635437851603e+18,1.7796402838135386e+18
1779638708801348837,10.8,34.6825,1367.975,66.4519389362689,16.712500000000002,42.52856095665495,12.246779084044034,1.7796354137747164e+18,1.7796402963651804e+18
1779638709201982687,10.596,39.615,897.925,66.45741630308417,16.8175,42.51457112771708,12.246861244546263,1.7796353897340685e+18,1.7796403088963907e+18
1779638709602344954,10.72,35.8,1101.825,66.46573655963641,17.2375,42.514622793025474,12.246986048394547,1.7796353657996419e+18,1.779640321370715e+18
1779638710002811985,10.712,35.785,85.7,66.476583053013,17.64,42.51772470961975,12.247148745795196,1.779635342035358e+18,1.779640333754867e+18
1779638710403228667,10.652,36.815,261.525,66.49551752937646,17.64,42.533519329391716,12.247432762940647,1.7796353186389194e+18,1.7796403459458624e+18
1779638710803569759,12.004,3.4325,798.1,66.464020344724,18.147499999999997,42.521055075661074,12.24696030517086,1.7796352944001132e+18,1.7796403585742728e+18
1779638711204145780,12.056,2.7975,797.2,66.44289434551811,18.305,42.512756117673135,12.246643415182772,1.779635269557915e+18,1.7796403715155177e+18
1779638711604776976,12.088,2.3975,794.45,66.41631687143041,18.1825,42.501914003693045,12.246244753071457,1.7796352439684247e+18,1.7796403848444892e+18
1779638712005244811,10.996,28.9975,786.05,66.40694207214071,18.095,42.50208768243882,12.246104131082111,1.7796352180448934e+18,1.7796403983458826e+18
1779638712405583687,10.924,30.165,760.425,66.39186969766651,18.147499999999997,42.50532204974973,12.245878045464998,1.779635191638918e+18,1.7796404120969416e+18
1779638712805945393,10.312,45.065,443.575,66.38129717722754,18.252499999999998,42.507454356170896,12.245719457658414,1.7796351648572836e+18,1.7796404260420273e+18
1779638713206285521,10.46,41.415,1353.675,66.3668930363305,18.41,42.50957842880135,12.245503395544958,1.779635137595297e+18,1.7796404402356104e+18
1779638713606694822,10.356,44.0825,854.275,66.3524178408554,18.5675,42.50879028659151,12.245286267612832,1.779635109843284e+18,1.779640454682682e+18
1779638714006813373,11.232,21.4325,968.625,66.31181378990117,18.6725,42.50791338923247,12.244677206848518,1.7796350809126067e+18,1.7796404697416481e+18
1779638714407110759,11.108,25.2825,1317.6,66.27897106054728,18.689999999999998,42.505758552584716,12.24418456590821,1.7796350509811356e+18,1.77964048531981e+18
1779638714807432994,11.336,19.6325,744.175,66.23806320692067,18.6725,42.49898403148256,12.24357094810381,1.779635019812321e+18,1.7796405015401718e+18
1779638715207757917,11.8,9.0325,632.625,66.1862511237051,18.5325,42.48052805222975,12.242793766855577,1.779634987080303e+18,1.7796405185721554e+18
1779638715607973070,11.716,10.6825,292.2,66.13013157921925,18.5325,42.46195802160633,12.24195197368829,1.779634952626923e+18,1.7796405364978998e+18
1779638716008317715,11.372,19.6975,891.7,66.08970508453007,18.3575,42.44955173346356,12.241345576267952,1.7796349168353838e+18,1.7796405551178696e+18
1779638716408704285,11.004,28.335,1082.85,66.0498877442929,18.287499999999998,42.43987314514594,12.240748316164394,1.7796348796833457e+18,1.7796405744435569e+18
1779638716808992309,10.968,29.0675,27.775,66.00601177546439,18.3925,42.42956921808239,12.240090176631966,1.779634841014314e+18,1.779640594556228e+18
1779638717209365353,12.06,2.3,84.75,65.92521563798022,18.515,42.395548142179166,12.238878234569704,1.7796347997135532e+18,1.7796406160354757e+18
1779638717609656408,12.108,1.8825,258.625,65.85569710883918,18.3225,42.365959813817604,12.237835456632588,1.7796347560141043e+18,1.7796406387598577e+18
1779638718010022489,11.66,13.88,789.25,65.81355409443819,18.3225,42.34692084554819,12.237203311416573,1.7796347106406607e+18,1.7796406623523315e+18
1779638718410205003,10.44,43.815,770.175,65.76885863993911,18.235,42.311928622327216,12.236532879599087,1.779634663452226e+18,1.7796406868860465e+18
1779638718810620597,10.432,42.665,711.975,65.73299356918147,18.515,42.298027403742175,12.235994903537723,1.7796346146533568e+18,1.779640712254509e+18
1779638719211141571,10.456,41.9325,534.375,65.69533010935453,18.9525,42.285301305267645,12.235429951640318,1.7796345641252078e+18,1.779640738519356e+18
1779638720212257263,10.56,39.6825,1630.775,65.66491591861174,19.337500000000002,42.275546308583095,12.234973738779177,1.7796345112666621e+18,1.7796407659889216e+18
1779638720612660427,10.572,38.6,61.525,65.65946713533164,19.7225,42.30022499791871,12.234892007029975,1.7796344575936955e+18,1.7796407938790764e+18
1779638721013036132,10.62,36.4675,187.75,65.65868213422634,20.125,42.324245131775214,12.234880232013396,1.7796344032481385e+18,1.7796408221160932e+18
1779638721813782668,10.644,36.65,572.95,65.65636564505886,20.37,42.34044714852565,12.234845484675883,1.7796343476378294e+18,1.7796408510049539e+18
1779638722214262282,10.608,36.235,110.1,65.65869928622195,20.7375,42.36623749022445,12.23488048929333,1.7796342914353288e+18,1.7796408801988147e+18
1779638722614406939,10.508,38.9325,335.975,65.66692308646091,21.0175,42.388548629334956,12.235003846296914,1.7796342348497597e+18,1.779640909589039e+18
1779638723014759186,10.772,32.2825,1025.3,65.6819761664504,21.209999999999997,42.41455334061286,12.235229642496757,1.7796341781397215e+18,1.7796409390413235e+18
1779638723414918469,10.732,34.0475,1490.55,65.68222162136439,21.3325,42.42831837071569,12.235233324320467,1.779634120770894e+18,1.779640968833168e+18
1779638723815188333,10.708,35.1825,1271.975,65.67834321308825,21.4725,42.43489931080653,12.235175148196324,1.779634062576e+18,1.779640999051399e+18
1779638724215558975,11.916,4.48,604.95,65.60307240923946,21.385,42.40609314805478,12.234046086138592,1.7796340007461033e+18,1.7796410311544182e+18
1779638724615895830,11.964,4.2325,207.75,65.54549027863088,21.175,42.38503866269067,12.233182354179464,1.779633935810067e+18,1.779641064867369e+18
1779638725016130357,11.552,15.3,634.0,65.52344962566272,20.965,42.379295062259395,12.232851744384941,1.779633869070189e+18,1.7796410995139663e+18
1779638725416753345,11.62,13.015,296.4,65.4944432366028,20.825,42.37288064134007,12.232416648549043,1.77963380016381e+18,1.7796411352823434e+18
1779638725816929890,11.156,24.3475,904.525,65.48824481004394,20.825,42.377154124175235,12.23232367215066,1.779633729974763e+18,1.7796411717136143e+18
1779638726217277943,11.168,24.05,1121.975,65.47812433026598,20.790000000000003,42.38081257364628,12.23217186495399,1.7796336582951828e+18,1.7796412089155904e+18
1779638726617517543,11.1,26.865,147.175,65.47978843229478,20.790000000000003,42.38038393194872,12.232196826484422,1.7796335856059302e+18,1.779641246638648e+18
1779638727017816164,11.036,27.6175,449.125,65.46393911972994,20.8425,42.378369307980535,12.23195908679595,1.779633511088698e+18,1.7796412853073853e+18
1779638727418226009,11.976,3.8825,1370.6,65.39601186003094,20.895,42.351258222194076,12.230940177900465,1.779633432224335e+18,1.7796413262288425e+18
1779638727818534181,12.048,3.0325,905.925,65.34180800942121,20.7025,42.3289829262973,12.230127120141319,1.7796333494309294e+18,1.7796413691858015e+18
1779638728218865331,12.116,1.8325,1126.25,65.28811798656575,20.474999999999998,42.30645444713772,12.229321769798487,1.7796332625166874e+18,1.779641414277525e+18
1779638728619238753,11.172,25.585,160.225,65.25368250512,20.23,42.28779233987876,12.2288052375768,1.7796331722259935e+18,1.7796414611175788e+18
1779638729019678912,11.128,26.1675,488.95,65.21527596746563,20.1075,42.270586181205886,12.228229139511985,1.7796330781715635e+18,1.7796415099066598e+18
1779638729419981084,10.92,30.25,1492.15,65.17331041050775,20.3,42.25874122795513,12.227599656157617,1.7796329799560556e+18,1.7796415608506644e+18
1779638729820380410,10.996,27.1325,1276.875,65.12354069155661,20.37,42.25475970924382,12.22685311037335,1.7796328768995377e+18,1.7796416143019917e+18
1779638730220673896,11.076,24.2325,619.9,65.0562796687469,20.4925,42.24620336585395,12.225844195031204,1.7796327676963584e+18,1.7796416709375112e+18
1779638730620879840,11.268,21.715,253.375,64.9981963303755,20.86,42.22806815473816,12.224972944955633,1.7796326524679657e+18,1.7796417306938916e+18
1779638731021144485,11.572,13.6475,773.225,64.93709806361645,20.1775,42.20966344024222,12.224056470954247,1.7796325306102495e+18,1.7796417938840522e+18
1779638731421358180,10.744,34.4825,721.275,64.89040255975202,20.247500000000002,42.19656926001532,12.22335603839628,1.7796324025639186e+18,1.779641860279122e+18
1779638731821720811,10.72,34.2325,562.75,64.856785059316,20.474999999999998,42.196896934939915,12.22285177588974,1.7796322687620424e+18,1.7796419296542277e+18
1779638732422188559,10.6,38.0325,78.975,64.83909093520816,20.6325,42.19712105486761,12.222586364028123,1.7796321294114266e+18,1.7796420018996815e+18
1779638732822386548,10.676,36.3825,241.0,64.86111865239386,20.6325,42.2399439802314,12.222916779785908,1.7796319875482998e+18,1.7796420754433275e+18
1779638733222727659,10.64,34.835,735.45,64.88899908473746,20.86,42.308982712189405,12.223334986271063,1.779631843613917e+18,1.7796421500563786e+18
1779638734023158765,11.272,19.95,210.95,64.88825282767208,21.4025,42.353176993269564,12.223323792415082,1.77963169437538e+18,1.779642227410197e+18
1779638734423502323,11.532,14.35,643.75,64.88289484728169,21.7,42.3876481485095,12.223243422709226,1.7796315403135089e+18,1.7796423072596275e+18
1779638734823826566,11.636,12.93,326.15,64.87661622850374,21.63,42.39750152994261,12.223149243427557,1.7796313811204114e+18,1.7796423897640678e+18
1779638735224202585,11.18,22.5825,1399.075,64.87030534636426,21.735,42.41935035959274,12.223054580195464,1.7796312165343898e+18,1.779642475058942e+18
1779638735624774342,11.3,20.2175,992.825,64.87355152197335,21.805,42.450902762787955,12.2231032728296,1.7796310471463025e+18,1.7796425628378596e+18
1779638736225281143,11.18,23.0825,969.55,64.86465292097358,22.12,42.45933934622861,12.222969793814604,1.7796308710018143e+18,1.779642654111078e+18
1779638736625833845,12.056,2.4175,1320.425,64.83826893860216,21.945,42.45854201070026,12.222574034079033,1.7796306866265165e+18,1.7796427496445496e+18
1779638737026132138,12.12,1.5675,752.8,64.82267925106244,21.63,42.45714919009714,12.222340188765937,1.7796304945513597e+18,1.7796428491628646e+18
1779638737627178058,12.14,1.5175,658.95,64.81657063715167,21.455,42.45979567000704,12.222248559557276,1.7796302946138844e+18,1.7796429527474865e+18
1779638738027669122,12.152,1.5175,372.55,64.81476740499099,21.227500000000003,42.46096405112971,12.222221511074865,1.7796300875391956e+18,1.7796430600248576e+18
1779638738428256863,12.16,1.5475,1136.925,64.81967679816185,20.912499999999998,42.45029314319422,12.222295151972428,1.779629873740833e+18,1.7796431707805348e+18
1779638738828598624,12.168,1.5675,192.8,64.87747158480177,20.7375,42.47614036793563,12.223162073772027,1.7796296594060882e+18,1.7796432818092262e+18
1779638739229085040,12.176,1.5325,588.375,64.91860739186454,20.439999999999998,42.49461944478086,12.223779110877969,1.7796294429101532e+18,1.7796433939526482e+18
1779638739629502366,12.184,1.5475,157.175,64.95305927650412,20.09,42.51008841519119,12.224295889147562,1.7796292236479012e+18,1.7796435075242557e+18
1779638740029947780,12.184,1.6325,479.65,64.97782630061357,20.09,42.52118768227803,12.224667394509204,1.7796290004830986e+18,1.7796436231125632e+18
1779638740430695845,12.176,2.0175,1463.775,64.99934062854555,20.1075,42.530717873024265,12.224990109428184,1.7796287730058455e+18,1.7796437409297933e+18
1779638741231343641,11.976,6.6975,355.625,65.01333908525757,19.4425,42.535588592146766,12.225200086278864,1.7796285385375414e+18,1.7796438623584804e+18
1779638741832285722,11.244,24.0325,1085.275,65.01195059609606,19.39,42.52818534118321,12.225179258941441,1.779628295229924e+18,1.7796439883578266e+18
1779638742232633937,12.14,2.0475,35.175,65.0004133757324,19.32,42.52602628012983,12.225006200635987,1.7796280417720346e+18,1.7796441196087846e+18
1779638742632872473,12.18,1.5825,107.325,65.00577510492091,19.32,42.52915576085563,12.225086626573814,1.7796277804322678e+18,1.7796442549364554e+18
1779638743033352199,12.184,1.665,327.525,65.0134500682135,18.9175,42.53669127547381,12.225201751023203,1.7796275112989222e+18,1.7796443942949356e+18
1779638743433680776,12.2,1.5975,999.525,65.03386755663618,18.8475,42.54660875130539,12.225508013349543,1.779627236484689e+18,1.779644536590146e+18
1779638743834035042,11.524,17.8175,1411.9,65.06928749891043,18.6375,42.554543494575206,12.226039312483657,1.7796269589374508e+18,1.7796446802956636e+18
1779638744234389553,11.912,7.715,1031.975,65.06939397534224,18.602500000000003,42.55391249434296,12.226040909630134,1.7796266718102042e+18,1.7796448289565806e+18
1779638744834944517,11.948,7.265,1510.925,65.07122777306095,18.602500000000003,42.5533750995333,12.226068416595915,1.7796263740220367e+18,1.7796449831298655e+18
1779638745235285028,11.908,8.0175,1334.175,65.06525744864786,18.584999999999997,42.549527500933735,12.225978861729718,1.779626064263626e+18,1.7796451434955151e+18
1779638745635674033,11.784,10.6,794.775,65.04529711377751,18.584999999999997,42.53993535750897,12.225679456706663,1.7796257385180595e+18,1.7796453121328243e+18
1779638746036016566,11.628,13.85,787.05,65.01618980243917,18.515,42.52767962815445,12.225242847036588,1.7796253932799252e+18,1.7796454908560945e+18
1779638746436433488,11.512,17.065,763.475,65.01124767341648,18.497500000000002,42.52725420315769,12.225168715101248,1.7796250330928228e+18,1.7796456773127995e+18
1779638746836812689,11.388,20.0975,691.525,65.00945921439649,18.6725,42.5322659807272,12.225141888215948,1.7796246578373102e+18,1.7796458715644923e+18
1779638747237193431,11.384,20.05,471.95,65.01228333883111,18.795,42.53920350607742,12.225184250082467,1.7796242678792177e+18,1.779646073421499e+18
1779638747637417268,11.996,4.965,1440.275,65.00371776303437,18.795,42.542183189180555,12.225055766445516,1.7796238589647342e+18,1.7796462850854203e+18
1779638748037659108,12.072,3.6,1118.55,65.02572056019918,18.8125,42.5512343259481,12.225385808402988,1.7796234393606016e+18,1.7796465022769864e+18
1779638748438506059,11.572,15.9475,136.725,65.04000407910917,18.689999999999998,42.55471922817748,12.225600061186638,1.7796230064071076e+18,1.7796467263726618e+18
1779638748839077957,11.396,19.88,417.25,65.04345095154451,18.62,42.55395668102097,12.225651764273168,1.7796225558996352e+18,1.77964695954854e+18
1779638749239433584,11.444,19.0825,1273.325,65.04754724913673,18.515,42.55177872281293,12.225713208737051,1.7796220870585828e+18,1.7796472022078418e+18
1779638749640020595,11.108,26.935,609.075,65.03502757351032,18.55,42.540612963827684,12.225525413602655,1.7796215923561444e+18,1.7796474582463708e+18
1779638750040310714,11.436,17.7,220.325,65.00616340021965,18.7075,42.53198204333191,12.225092451003295,1.7796210628862802e+18,1.7796477322730214e+18
1779638750441137534,11.456,17.615,672.375,64.97503931681143,18.7075,42.520232018053825,12.224625589752172,1.7796204940282668e+18,1.7796480266785385e+18
1779638750841588555,12.02,3.5,413.525,64.91546240412491,18.865,42.493860109012374,12.223731936061874,1.7796198682709555e+18,1.779648350524751e+18
1779638751241792237,11.984,4.6975,1261.975,64.86148727692482,18.865,42.47017727649885,12.222922309153873,1.7796191807953894e+18,1.7796487063045563e+18
1779638751642003536,11.928,6.415,574.425,64.81212994094163,18.97,42.44845333648965,12.222181949114125,1.779618425562372e+18,1.7796490971422461e+18
1779638752042304094,11.856,8.0325,114.6,64.7593967318093,18.8475,42.42557035278818,12.22139095097714,1.7796175909990907e+18,1.7796495290256274e+18
1779638752442631887,10.648,38.3675,349.725,64.71010199267246,18.6375,42.38784003780966,12.220651529890088,1.7796166671848978e+18,1.7796500070873196e+18
1779638753243385935,11.648,10.4675,1618.65,64.60870242254488,18.8825,42.35071447077193,12.219130536338174,1.779615598621147e+18,1.7796505600357455e+18
1779638753643802185,12.104,1.4825,24.525,64.54779221716966,19.127499999999998,42.32864868253112,12.218216883257545,1.7796143925918333e+18,1.7796511841079954e+18
1779638754044156336,12.132,1.4625,74.825,64.51744463002962,18.9175,42.32256052864121,12.217761669450445,1.779613048156275e+18,1.7796518797890675e+18
1779638754444634923,12.144,1.4975,228.325,64.49638772837677,18.445,42.322807834798006,12.217445815925652,1.779611548914531e+18,1.7796526555633426e+18
1779638754844947027,12.16,1.5175,696.775,64.50218340343616,18.147499999999997,42.32413951802069,12.217532751051543,1.7796098946161953e+18,1.7796535115587044e+18
1779638755245231062,12.172,1.4975,487.975,64.51859218063515,18.147499999999997,42.35201696233267,12.217778882709528,1.7796080727820677e+18,1.779654454230842e+18
1779638755645475146,12.18,1.615,1489.175,64.53556413940792,18.0775,42.35962947350772,12.21803346209112,1.779606058264678e+18,1.7796554965900708e+18
1779638756045930845,12.184,1.5475,1267.8,64.55224380402464,17.6575,42.366036628408054,12.21828365706037,1.7796038195681224e+18,1.779656654931364e+18
1779638756446348781,12.088,3.58,592.2,64.6140527210762,17.395,42.39391102389245,12.219210790816144,1.7796013959649093e+18,1.7796579089328317e+18
1779638756846713129,11.96,6.6825,168.85,64.64326011995327,17.395,42.406286295121404,12.2196489017993,1.7795987094664049e+18,1.779659298945208e+18
1779638757246903482,11.588,15.285,515.275,64.65827517799285,17.08,42.4113789868345,12.219874127669893,1.7795956863951027e+18,1.7796608630876004e+18
1779638757647137418,11.38,20.85,1572.475,64.66533476969364,16.9925,42.40789922797623,12.219980021545405,1.7795922402321587e+18,1.7796626461224678e+18
1779638758047538295,11.644,12.8325,1522.0,64.63888954315988,17.150000000000002,42.40294673908913,12.219583343147399,1.7795881732326129e+18,1.7796647503590764e+18
1779638758447832829,10.676,38.08,1367.975,64.62395433243992,17.150000000000002,42.383586022700875,12.2193593149866,1.77958334428361e+18,1.7796672488038218e+18
1779638758848137031,10.516,39.85,897.925,64.62490841122579,17.290000000000003,42.39085968553449,12.219373626168387,1.7795775886063995e+18,1.7796702267068541e+18
1779638759648784118,10.592,38.4325,85.7,64.62415122751285,18.0425,42.39302477692748,12.219362268412693,1.7795705658515013e+18,1.7796738601318177e+18
1779638760049142577,10.536,39.6975,261.525,64.64104829814146,18.3575,42.400832085710675,12.219615724472122,1.7795619777032284e+18,1.779678303433369e+18
1779638760449465749,10.632,36.3325,798.1,64.64318453882838,18.6375,42.41415033575451,12.219647768082426,1.779551108184547e+18,1.779683927033163e+18
1779638760849698259,10.632,36.4975,797.2,64.63762938651453,18.795,42.421970779989024,12.219564440797718,1.779536817010469e+18,1.779691320874209e+18
1779638761450096598,10.66,35.385,794.45,64.62302688114336,19.022499999999997,42.43000860213547,12.219345403217151,1.779516976590248e+18,1.7797015856775002e+18
1779638761850366696,10.624,36.735,786.05,64.61039448035135,19.022499999999997,42.439961982712084,12.21915591720527,1.779487713981714e+18,1.7797167251745224e+18
1779638762250674582,12.044,1.6325,760.425,64.5464081429955,19.11,42.41653229577399,12.218196122144933,1.7794378391392187e+18,1.779742528688328e+18
1779638762650829312,12.088,1.5475,682.225,64.50892876340075,19.0925,42.400882717556655,12.217633931451012,1.7793369063893599e+18,1.7797947476938135e+18
1779638763051259746,12.112,1.5475,443.575,64.48877350707198,18.7775,42.38741379608531,12.21733160260608,1.7790320704134052e+18,1.7799524587578836e+18
1779638763651727642,12.124,1.5825,1353.675,64.48556861331527,18.34,42.38578917599566,12.21728352919973,3.4966955591107994e+18,8.912965803125344e+17
1779638764051893712,12.052,3.25,854.275,64.46647789195798,18.025000000000002,42.3775672600073,12.21699716837937,1.7802453582094152e+18,1.7793247484978655e+18
1779638764452038337,11.928,6.33,968.625,64.44493501508892,18.025000000000002,42.368769715328945,12.216674025226334,1.7799419439200855e+18,1.7794817239839736e+18
1779638764852512681,11.988,5.1975,1317.6,64.42034296315346,17.535,42.35829084603558,12.216305144447302,1.7798406462321175e+18,1.7795341317785364e+18
1779638765252858883,12.036,3.65,744.175,64.38512356376475,17.0275,42.34316978668116,12.215776853456472,1.779789697311248e+18,1.7795604909745897e+18
1779638765653268162,10.944,30.55,632.625,64.36037458757708,16.8875,42.32775144147475,12.215405618813657,1.779759212156241e+18,1.7795762629709322e+18
1779638766053523300,10.992,28.6175,292.2,64.3346633932162,16.8875,42.31895932836727,12.215019950898244,1.7797389141235807e+18,1.7795867645253125e+18
1779638766654178154,10.704,36.5675,891.7,64.29571451592943,16.9225,42.29278492147272,12.214435717738942,1.7797242963888666e+18,1.7795943273178204e+18
1779638767054647643,10.672,34.0975,1082.85,64.26779873674997,17.08,42.30613696502003,12.21401698105125,1.779713360223591e+18,1.7795999853980434e+18
1779638767455047077,10.648,35.4325,27.775,64.26214465448376,17.6575,42.32265199583467,12.213932169817257,1.779704979587687e+18,1.7796043213375552e+18
1779638767855468577,10.592,37.7,84.75,64.25764042293649,17.8675,42.32866895814471,12.213864606344048,1.7796983569747295e+18,1.779607747737977e+18
1779638768255900054,10.66,36.0475,258.625,64.27051321040584,17.8675,42.36656074336898,12.214057698156088,1.7796930482000402e+18,1.7796104944036293e+18
1779638768656336751,10.652,35.8,789.25,64.28437663120923,18.3925,42.40102139962184,12.214265649468139,1.7796887018469166e+18,1.7796127431452426e+18
1779638769056976343,10.672,35.4675,770.175,64.28940441065427,18.97,42.417368676523274,12.214341066159815,1.7796850588595453e+18,1.779614627989725e+18
1779638769457141338,11.972,3.3975,711.975,64.24357638616056,19.337500000000002,42.385127017803235,12.213653645792409,1.77968185922607e+18,1.7796162834610117e+18
1779638769857630873,12.044,2.5325,534.375,64.23957276238872,19.4075,42.38327593219325,12.213593591435831,1.7796791021005217e+18,1.779617709993924e+18
1779638770257978598,11.9,6.415,1630.775,64.2227354573414,19.215,42.3771632488249,12.213341031860121,1.7796766818392558e+18,1.7796189622455818e+18
1779638770858629241,11.116,25.615,61.525,64.21165083227469,19.145,42.37421752502254,12.21317476248412,1.7796745445512474e+18,1.779620068102487e+18
1779638771258993385,11.216,22.865,187.75,64.18879394556944,19.215,42.368226501001416,12.212831909183542,1.779672632277859e+18,1.779621057544786e+18
1779638771659436566,11.148,23.715,572.95,64.15691696156497,19.32,42.363304658937714,12.212353754423475,1.7796709014752097e+18,1.7796219531011407e+18
1779638772059835474,12.036,2.6,110.1,64.09047278762279,19.32,42.33381209568559,12.211357091814342,1.7796692937907018e+18,1.7796227849631764e+18
1779638772460354783,12.044,3.2,335.975,64.03690315441652,19.285,42.310041486956955,12.210553547316248,1.7796678105739505e+18,1.7796235524316393e+18
1779638772860755695,11.988,5.065,1025.3,63.99337768564222,19.0925,42.29059913980291,12.209900665284634,1.7796664473639388e+18,1.779624257813572e+18
1779638773261124497,11.432,17.7,1490.55,63.94406613592732,18.8825,42.271636665977375,12.20916099203891,1.7796651865569075e+18,1.7796249102168955e+18
1779638773661534652,11.312,20.5825,1271.975,63.89325227271453,18.8825,42.252251640495636,12.208398784090718,1.7796640168443753e+18,1.7796255154922017e+18
1779638774061916151,11.356,19.7475,604.95,63.836020162467086,19.005,42.228577787425614,12.207540302437007,1.7796629256121539e+18,1.779626080165861e+18
1779638774662486559,11.776,9.265,207.75,63.76318383093885,19.11,42.1976073063441,12.206447757464083,1.779661895866778e+18,1.7796266130348196e+18
1779638775062882637,11.968,5.2825,634.0,63.69191398432372,19.11,42.165621674432956,12.205378709764856,1.7796609265518587e+18,1.7796271146406817e+18
1779638775463383091,12.104,2.215,296.4,63.62641462164164,19.022499999999997,42.13580363060218,12.204396219324625,1.7796600164419768e+18,1.7796275856169055e+18
1779638775863869927,12.124,2.0475,904.525,63.57643062772474,18.865,42.1133040265974,12.203646459415872,1.7796591677681846e+18,1.7796280248081664e+18
1779638776264032650,12.16,1.5325,1121.975,63.55361174072529,18.6725,42.107947809350414,12.20330417611088,1.7796583855104604e+18,1.7796284296364326e+18
1779638776664184078,12.172,1.5675,147.175,63.533943835773215,18.497500000000002,42.10174681845535,12.203009157536599,1.779657663314059e+18,1.7796288033894444e+18
1779638777064471052,11.584,16.58,449.125,63.511822039494675,18.497500000000002,42.08811430244453,12.20267733059242,1.7796569937051128e+18,1.7796291499342118e+18
1779638777664896163,11.148,25.45,1370.6,63.48958447447079,18.3575,42.07975733982395,12.202343767117062,1.7796563701391383e+18,1.7796294726603034e+18
1779638778065156250,10.964,29.8675,905.925,63.4679111824983,18.462500000000002,42.07047595948597,12.202018667737475,1.779655789146138e+18,1.7796297733592248e+18
1779638778465558809,10.868,31.8175,1126.25,63.45600512351656,18.6725,42.06717425648127,12.201840076852749,1.7796552491507003e+18,1.779630052845669e+18
1779638778865959977,11.328,18.6825,160.225,63.40069059444777,18.97,42.0531220904324,12.201010358916717,1.7796547349639073e+18,1.779630318980407e+18
1779638779266512156,11.44,16.9475,488.95,63.347786060274764,19.075,42.034978245464465,12.200216790904122,1.7796542456423877e+18,1.779630572251295e+18
1779638779667234604,11.392,18.085,1492.15,63.29037019975485,19.25,42.0154156562444,12.199355552996323,1.779653778654771e+18,1.7796308139681626e+18
1779638780067946330,11.296,20.95,1276.875,63.23591771901637,19.337500000000002,41.99484341283033,12.198538765785246,1.779653333386572e+18,1.77963104444871e+18
1779638780468528742,11.3,21.4975,619.9,63.18362771712242,19.337500000000002,41.971593870451414,12.197754415756837,1.7796529089939633e+18,1.7796312641293018e+18
1779638780869207288,11.424,18.6975,253.375,63.13451669926992,19.337500000000002,41.94910385438426,12.19701775048905,1.7796525047890335e+18,1.7796314733656643e+18
1779638781269584635,11.188,24.08,773.225,63.07929779902072,19.4425,41.924984980387485,12.196189466985311,1.7796521184385992e+18,1.7796316733651868e+18
1779638781669986733,11.188,22.865,721.275,63.089625753296104,19.564999999999998,41.96723988975538,12.196344386299442,1.779651759625516e+18,1.7796318591149135e+18
1779638782271000858,11.232,22.4975,562.75,63.102363913336596,19.564999999999998,41.99128771739209,12.19653545870005,1.7796514254843843e+18,1.7796320321000799e+18
1779638782671477393,11.244,21.5975,78.975,63.11665250763522,19.74,42.025718973962285,12.196749787614529,1.779651114325405e+18,1.7796321931921836e+18
1779638783072038458,12.032,2.6,241.0,63.084043550768094,19.845,42.01294043265393,12.196260653261522,1.7796508174372314e+18,1.779632346900775e+18
1779638783472299375,12.116,1.5325,735.45,63.081141421406144,19.5125,42.018384819821755,12.196217121321093,1.7796505378024305e+18,1.7796324916812895e+18
1779638783872928767,12.136,1.4975,606.0,63.088582963384205,19.5125,42.02902474763799,12.196328744450764,1.7796502752758354e+18,1.779632627608424e+18
1779638784473793418,12.144,1.615,210.95,63.10147407835318,19.372500000000002,42.038477584043754,12.196522111175298,1.7796500287124045e+18,1.7796327552766712e+18
1779638784874290319,12.136,2.0175,643.75,63.12512491959596,19.1975,42.059437856228115,12.19687687379394,1.7796497983130732e+18,1.779632874579323e+18
1779638785274735813,11.86,8.8325,326.15,63.14201530836607,18.9525,42.066368636171795,12.197130229625492,1.7796495819298476e+18,1.7796329866281564e+18
1779638785675467942,11.616,14.2325,995.325,63.14489060207018,18.8125,42.06173620721593,12.197173359031053,1.779649376933715e+18,1.7796330927841567e+18
1779638786076213118,11.52,16.15,1399.075,63.14659351775195,18.8475,42.0640257420909,12.19719890276628,1.779649182355524e+18,1.7796331935488796e+18
1779638786476767409,11.516,16.3,992.825,63.14033736126084,18.8475,42.04628042302107,12.197105060418913,1.7796489966684805e+18,1.7796332897127204e+18
1779638786877048861,11.472,16.8975,1391.45,63.13724918497891,18.655,42.03285855436427,12.197058737774684,1.7796488195824228e+18,1.7796333814256548e+18
1779638787277267405,10.856,32.6675,969.55,63.14292238790656,18.5675,42.02082000953056,12.197143835818599,1.77964865131177e+18,1.7796334685763581e+18
1779638787677595556,10.588,38.05,1320.425,63.176817931903145,18.62,42.0394594961087,12.197652268978548,1.7796484936880315e+18,1.7796335502159552e+18
1779638788077906172,10.38,43.6,752.8,63.19045350625799,18.795,42.04086276138504,12.19785680259387,1.779648344201429e+18,1.7796336276440005e+18
1779638788478203941,10.272,46.415,658.95,63.19265324874618,19.145,42.03315424763121,12.197889798731193,1.7796482013620032e+18,1.7796337016320177e+18
1779638788878579750,11.416,17.15,372.55,63.18411023531659,19.477500000000003,42.03591041068207,12.19776165352975,1.779648063918551e+18,1.7796337728278676e+18
1779638789278916195,11.944,4.1,1136.925,63.13842768023313,19.599999999999998,42.02009515154432,12.197076415203497,1.7796479287551135e+18,1.7796338428455457e+18
1779638789679088066,11.936,5.515,192.8,63.12460788171252,19.459999999999997,42.016394078126545,12.196869118225688,1.7796477982160906e+18,1.7796339104704535e+18
1779638790079361051,11.884,6.5475,588.375,63.130158700098434,19.459999999999997,42.04304779611849,12.196952380501477,1.779644620656792e+18,1.7796355928722465e+18
1779638790479681119,11.876,7.0475,157.175,63.1254903497197,19.459999999999997,42.049009190021366,12.196882355245796,1.7796431446263e+18,1.7796363746190008e+18
1779638790879959962,11.908,6.2475,479.65,63.10389668930627,19.425,42.02801123167108,12.196558450339595,1.7796430881835791e+18,1.7796364040563581e+18
1779638791280242294,12.076,2.815,1463.775,63.08968253121228,19.459999999999997,42.00055756823257,12.196345237968185,1.7796430469338644e+18,1.7796364254559775e+18
1779638791680585988,12.108,2.4675,1190.275,63.12086563113259,19.355,42.00194352403642,12.19681298446699,1.7796430186628055e+18,1.7796364400011359e+18
1779638792281075296,11.896,7.1975,355.625,63.143149292110074,19.3025,42.00674808961938,12.197147239381652,1.7796429988246548e+18,1.7796364500936364e+18
1779638792681397711,10.984,30.215,1085.275,63.16070821616728,19.337500000000002,41.998014059762774,12.19741062324251,1.779642984465771e+18,1.7796364572943455e+18
1779638793081668549,10.92,30.3325,35.175,63.16880092185923,19.337500000000002,42.00046354151682,12.197532013827889,1.779642974576841e+18,1.7796364621321405e+18
1779638793481875904,10.908,31.665,107.325,63.17402093851732,19.495,41.9911551344623,12.19761031407776,1.7796429682552223e+18,1.7796364650828396e+18
1779638793882157774,10.732,35.335,327.525,63.17615576771311,19.74,41.98571679314324,12.197642336515697,1.779642962532773e+18,1.7796364677223913e+18
1779638794282513658,10.748,34.9,999.525,63.1796729279185,19.985,41.98181357571552,12.197695093918778,1.779642951722114e+18,1.7796364730792376e+18
1779638794682859810,10.748,33.5975,1411.9,63.21982354092291,20.247500000000002,42.008806858999854,12.198297353113844,1.7796429412615004e+18,1.779636478274383e+18
1779638795083255235,11.812,6.0975,1031.975,63.15669837082085,20.474999999999998,41.98289760112544,12.197350475562313,1.7796429305540713e+18,1.7796364835844524e+18
1779638795483611671,11.768,7.715,1510.925,63.10027517664792,20.6325,41.96078115297853,12.19650412764972,1.7796429187980997e+18,1.7796364894399992e+18
1779638795883917500,11.496,16.315,1334.175,63.079972753594845,20.6325,41.95277843094099,12.196199591303923,1.7796428967957486e+18,1.7796365007628972e+18
1779638796284100393,11.976,4.015,794.775,63.02564140053279,20.6675,41.927443559124264,12.195384621007992,1.7796428668931505e+18,1.7796365162950036e+18
1779638796684558655,11.984,4.465,787.05,62.98612139967317,20.545,41.908896152051305,12.194791820995098,1.7796428327096617e+18,1.7796365341155602e+18
1779638797084824070,11.868,7.7,763.475,62.95906795916339,20.4225,41.897848252361264,12.194386019387451,1.7796427971027e+18,1.7796365527062835e+18
1779638797485478601,11.936,5.965,691.525,62.977921084380824,20.2825,41.9300007766307,12.194668816265713,1.7796427625393178e+18,1.779636570767309e+18
1779638797885912902,11.56,14.8,471.95,62.992001390200365,20.3,41.95730180707153,12.194880020853006,1.7796427291596529e+18,1.779636588220826e+18
1779638798286207384,12.136,1.5675,1440.275,63.023924969215834,20.3,41.998696228752465,12.195358874538238,1.779642696777855e+18,1.7796366051718548e+18
1779638798686519062,12.148,1.5175,1118.55,63.07184736284812,20.334999999999997,42.05669625460729,12.196077710442722,1.7796426663274143e+18,1.7796366211255652e+18
1779638799087149934,12.16,1.5475,136.725,63.11458202108335,20.3,42.10036216455822,12.19671873031625,1.7796426390811144e+18,1.7796366353965632e+18
1779638799487919822,12.172,1.665,417.25,63.14424672282965,19.985,42.1166769819051,12.197163700842445,1.7796426129482967e+18,1.7796366490974454e+18
1779638799888714916,12.156,1.9975,1273.325,63.17529950755712,19.7225,42.137098012831046,12.197629492613357,1.77964258755714e+18,1.7796366624269279e+18
1779638800289171677,12.044,4.7675,609.075,63.187909575392794,19.459999999999997,42.13002075287854,12.197818643630892,1.7796425631316987e+18,1.7796366752573568e+18
1779638800689659508,12.12,3.05,220.325,63.232179618629864,19.3025,42.165445860017044,12.198482694279448,1.7796425391552174e+18,1.7796366878765448e+18
1779638801290098679,11.544,16.7975,672.375,63.25212592471295,19.3025,42.1735388326326,12.198781888870695,1.7796425150006118e+18,1.7796367006126262e+18
1779638801690559294,11.48,18.215,413.525,63.25884350426477,19.0925,42.15326054726443,12.198882652563972,1.7796424907729167e+18,1.7796367134033733e+18
1779638802090921594,11.408,19.45,1261.975,63.283047191034896,19.18,42.15395423679755,12.199245707865524,1.7796424666667748e+18,1.7796367261508296e+18
1779638802491112399,11.396,19.565,574.425,63.32659005673588,19.2325,42.17311987031853,12.199898850851039,1.7796424429379323e+18,1.7796367387235753e+18
1779638802891495755,11.612,13.765,114.6,63.34762625078669,19.32,42.185019802752564,12.2002143937618,1.7796424193310433e+18,1.7796367512503631e+18
1779638803292029689,11.468,17.0325,349.725,63.351054812182134,19.355,42.188807633255365,12.200265822182732,1.779642395949651e+18,1.7796367636690916e+18
1779638803692449664,11.428,18.015,1067.275,63.347982165716104,19.355,42.18907341858833,12.200219732485742,1.77964237237957e+18,1.7796367762001326e+18
1779638804092811774,11.36,19.6475,1618.65,63.337831146075246,19.355,42.18562984790555,12.200067467191129,1.7796423488444667e+18,1.779636788720749e+18
1779638804493154013,11.372,19.05,24.525,63.317780599395796,19.39,42.179008686302545,12.199766708990937,1.7796423252138565e+18,1.779636801297832e+18
1779638804893586695,11.28,21.815,74.825,63.29049963309545,19.355,42.167454356195854,12.199357494496432,1.779642301449543e+18,1.779636813949668e+18
1779638805293924889,11.332,20.33,228.325,63.26895264502896,19.4425,42.15864346474059,12.199034289675435,1.779642277498999e+18,1.7796368267067346e+18
1779638805694351233,11.312,20.5825,696.775,63.24405167971862,19.477500000000003,42.149658363557016,12.19866077519578,1.7796422534342252e+18,1.779636839529324e+18
1779638806094745008,11.3,20.9975,487.975,63.222192085095436,19.5125,42.142287193240996,12.198332881276432,1.7796422295694991e+18,1.7796368522491556e+18
1779638806495131156,11.348,19.7325,1489.175,63.211954378554786,19.53,42.14509609573857,12.198179315678322,1.7796422058452905e+18,1.7796368649021711e+18
1779638806895364893,11.252,21.6175,1267.8,63.20440858588911,19.53,42.14972887551233,12.198066128788337,1.779642181885947e+18,1.7796368776919642e+18
1779638807295658655,11.252,21.65,592.2,63.19105703022527,19.477500000000003,42.148946869196216,12.19786585545338,1.7796421578983854e+18,1.7796368905050565e+18
1779638807695897522,11.276,20.9,168.85,63.1700293753546,19.4075,42.145264874504456,12.19755044063032,1.779642133925995e+18,1.7796369033155924e+18
1779638808096176036,11.136,23.55,515.275,63.13823716375528,19.495,42.15034349826267,12.19707355745633,1.7796421098207096e+18,1.7796369162002522e+18
1779638808496509606,11.184,22.265,1572.475,63.121343268250946,19.4425,42.1646606715253,12.196820149023765,1.779642085877565e+18,1.779636929004529e+18
1779638808896671446,11.98,3.55,1522.0,63.07538305260687,19.425,42.1528737778607,12.196130745789103,1.7796420617565617e+18,1.7796369419031324e+18
1779638809296907077,12.0,3.8325,1367.975,63.048385504569964,19.215,42.13955850528149,12.19572578256855,1.779642037784012e+18,1.7796369547258424e+18
1779638809897404339,12.016,4.08,897.925,63.0279956589054,18.9175,42.129150606939305,12.195419934883581,1.7796420138471826e+18,1.7796369675369052e+18
1779638810297784823,12.032,3.8175,1101.825,62.99756252615791,18.9175,42.1137269678402,12.194963437892369,1.7796419897294495e+18,1.779636980449537e+18
1779638810698205931,12.0,5.015,85.7,62.97986366998443,18.7425,42.104613329064755,12.194697955049767,1.7796419657620836e+18,1.7796369932884306e+18
1779638811098592623,12.056,3.6,261.525,62.98200289780829,18.5675,42.11181993949423,12.194730043467125,1.77964194208998e+18,1.7796370059810547e+18
1779638811498894057,12.028,4.55,798.1,62.99883531735277,18.48,42.11747861257833,12.194982529760292,1.7796419184925985e+18,1.7796370186512013e+18
1779638811899263478,12.052,3.9325,797.2,63.01181175123895,18.41,42.12070835215059,12.195177176268585,1.77964189532257e+18,1.7796370311061202e+18
1779638812299710793,12.0,5.2825,794.45,63.02142954731294,18.4275,42.12485677630564,12.195321443209695,1.7796418728202516e+18,1.7796370432138844e+18
1779638812700067981,12.044,4.415,786.05,63.020513485611424,18.4275,42.12353071896566,12.195307702284172,1.7796418506713009e+18,1.779637055141536e+18
1779638813100603644,12.032,4.8825,760.425,63.01800254389424,18.497500000000002,42.12088587312228,12.195270038158414,1.7796418288008799e+18,1.7796370669289925e+18
1779638813500943678,11.996,5.45,682.225,62.99532729399108,18.497500000000002,42.107793415754685,12.194929909409867,1.7796418056080507e+18,1.7796370794404014e+18
1779638813901171085,11.48,19.2475,443.575,62.97748523764565,18.515,42.0850922157517,12.194662278564685,1.7796417822362373e+18,1.7796370920563087e+18
1779638814301513241,11.428,19.1475,1353.675,62.97534013362555,18.584999999999997,42.08453934182038,12.194630102004384,1.7796417595496855e+18,1.7796371043112184e+18
1779638814701806872,11.392,19.35,854.275,62.990505763332145,18.7775,42.1106159744132,12.194857586449983,1.7796417369446994e+18,1.7796371165381711e+18
1779638815102154751,11.34,19.7825,968.625,63.009401746408585,18.9875,42.1491590315707,12.19514102619613,1.7796417148698957e+18,1.7796371284937152e+18
1779638815502651256,11.884,6.465,1317.6,62.99664447237025,18.9875,42.15505370648431,12.194949667085554,1.7796416930036316e+18,1.7796371403436431e+18
1779638815903166851,11.504,16.5175,744.175,63.00416777646361,19.215,42.16671078929204,12.195062516646955,1.7796416715231644e+18,1.7796371519969098e+18
1779638816303427984,11.616,13.8,632.625,63.00763804106077,19.145,42.171425341479086,12.195114570615912,1.779641650324924e+18,1.7796371635085123e+18
1779638816703690524,11.676,11.6,292.2,63.02425282397109,19.2675,42.182504787568135,12.195363792359567,1.7796416291923807e+18,1.7796371749999222e+18
1779638817104059083,11.58,14.28,891.7,63.03356925567683,19.39,42.18890616141399,12.195503538835153,1.779641608444426e+18,1.7796371862949107e+18
1779638817504257223,11.56,14.9,1082.85,63.035546038464304,19.495,42.19081440384733,12.195533190576965,1.7796415880260588e+18,1.7796371974211638e+18
1779638817904603767,11.58,14.465,27.775,63.03546993523404,19.6525,42.1977675468672,12.195532049028511,1.7796415684657044e+18,1.7796372080892485e+18
1779638818304802562,11.576,14.7,84.75,63.035853345940836,19.7225,42.19825767964343,12.195537800189113,1.779641549995645e+18,1.7796372181717868e+18
1779638863546023546,11.536,15.365,258.625,63.04192904463805,19.7225,42.2109445359188,12.195628935669571,1.7796415430658404e+18,1.7796372222927004e+18
1779638863946162070,11.704,10.58,789.25,63.0281632414559,19.7575,42.212405833556744,12.195422448621839,1.7796415369718316e+18,1.7796372259562998e+18
1779638864346355226,11.92,5.6675,770.175,63.01889278083772,19.8625,42.21806244060429,12.195283391712566,1.779641531805925e+18,1.7796372291129516e+18
1779638864746785699,11.464,17.3475,711.975,63.02611949874543,19.985,42.21001521187761,12.195391792481182,1.7796415276190316e+18,1.7796372317394304e+18
1779638865147201126,11.428,18.085,534.375,63.0255019408924,19.9325,42.20541536149371,12.195382529113386,1.7796415244313546e+18,1.7796372338214147e+18
1779638865547413371,11.332,20.2175,1630.775,63.0291522726704,20.1425,42.203675647154185,12.195437284090056,1.7796415222879808e+18,1.7796372353348452e+18
1779638865947766016,11.364,19.515,61.525,63.034415259137305,20.439999999999998,42.20698081060877,12.19551622888706,1.779641521126389e+18,1.779637236313752e+18
1779638866748503915,11.628,12.535,572.95,63.03229024065766,20.755,42.2074372978283,12.195484353609865,1.7796415210382456e+18,1.77963723670832e+18
1779638867148866674,10.632,37.065,110.1,63.03065554615713,20.93,42.20764257495117,12.195459833192357,1.779641521865744e+18,1.7796372366010092e+18
1779638867549034145,10.808,33.6325,335.975,63.02408956824997,21.4025,42.19477945837422,12.19536134352375,1.779641523556849e+18,1.779637236018176e+18
1779638868149295570,11.448,16.5325,1025.3,63.01121321328695,21.105,42.19493395301889,12.195168198199305,1.779641526139929e+18,1.7796372349433984e+18
1779638868549675567,11.408,17.15,1490.55,63.020877673160875,21.2625,42.210111268723,12.195313165097414,1.7796415299278876e+18,1.7796372332102991e+18
1779638868950005318,12.004,3.3325,1271.975,62.9943304213044,21.2625,42.19614286898221,12.194914956319566,1.779641534388314e+18,1.7796372310983268e+18
1779638869350168757,12.096,1.85,604.95,62.96366229080054,21.245,42.18543348314507,12.194454934362009,1.7796415395105073e+18,1.7796372286116047e+18
1779638869750469810,12.132,1.5675,207.75,63.01366926443963,21.245,42.25471718730899,12.195205038966595,1.7796415459855918e+18,1.7796372253952284e+18
1779638870151123356,12.144,1.5825,634.0,63.043144544242196,21.105,42.28860479788828,12.195647168163633,1.7796415534038802e+18,1.779637221667289e+18
1779638870551871310,12.156,1.5325,296.4,63.0755389166264,20.965,42.32168931478163,12.196133083749396,1.7796415617604316e+18,1.7796372174308552e+18
1779638870952099523,12.164,1.5675,904.525,63.11575377143959,20.7375,42.36280070497481,12.196736306571594,1.779641571148523e+18,1.7796372126364861e+18
1779638871352801672,12.172,1.5325,1121.975,63.14607704205549,20.58,42.38460471763782,12.197191155630833,1.7796415813329403e+18,1.77963720741008e+18
1779638871753577772,12.18,1.5975,147.175,63.16857993463249,20.247500000000002,42.38521691479409,12.197528699019488,1.7796415912864896e+18,1.77963720231526e+18
1779638872154032711,12.184,1.5675,449.125,63.20265854059856,20.02,42.40498620951828,12.198039878108979,1.7796416014504274e+18,1.7796371971125066e+18
1779638872554633974,12.192,1.5325,1370.6,63.22309235192434,20.02,42.39542973627756,12.198346385278866,1.7796416116704026e+18,1.7796371918825096e+18
1779638872954972814,11.896,8.65,905.925,63.235259281141126,19.7575,42.37968347211594,12.198528889217117,1.779641621973648e+18,1.7796371866075425e+18
1779638873355483228,12.124,3.1,1126.25,63.25589717883746,19.5125,42.36941746737298,12.198838457682562,1.7796416325185408e+18,1.779637181202888e+18
1779638873756025254,12.1,3.7825,160.225,63.28419712667304,19.25,42.375004059706946,12.199262956900096,1.7796416428759977e+18,1.7796371759081364e+18
1779638874156600828,11.936,7.715,488.95,63.31318088726497,19.022499999999997,42.38729583617536,12.199697713308975,1.7796416533160049e+18,1.7796371705744113e+18
1779638874557273311,11.512,17.4475,1492.15,63.37450264612968,18.9525,42.410433350941545,12.200617539691946,1.7796416642240737e+18,1.7796371649992343e+18
1779638874957553123,11.768,10.3475,1276.875,63.408895547993154,18.9875,42.428417519283336,12.201133433219898,1.7796416755531433e+18,1.779637159199571e+18
1779638875357849746,11.564,15.0675,619.9,63.409436705828256,18.9875,42.42838845852981,12.201141550587424,1.7796416870796864e+18,1.7796371532877217e+18
1779638875758417762,11.196,23.3475,773.225,63.41819144474063,18.9525,42.43342694536011,12.20127287167111,1.7796416987683128e+18,1.779637147285964e+18
1779638876158782569,11.044,26.935,562.75,63.41925725834618,19.18,42.43511999765133,12.201288858875193,1.779641710552232e+18,1.7796371412286717e+18
1779638876559355075,11.104,25.55,78.975,63.41981132930465,19.25,42.43578191896992,12.20129716993957,1.7796417223913664e+18,1.779637135137864e+18
1779638876959732689,11.136,25.03,241.0,63.42295821337851,19.355,42.45043848472878,12.201344373200678,1.7796417343371825e+18,1.7796371289858916e+18
1779638877359977355,11.076,25.98,735.45,63.42488999414207,19.477500000000003,42.46048067351784,12.201373349912132,1.7796417460866266e+18,1.779637122940338e+18
1779638877760187642,11.096,25.93,606.0,63.459952138294035,19.599999999999998,42.48093961248291,12.201899282074411,1.7796417582135698e+18,1.7796371166943178e+18
1779638878160457994,11.98,3.185,643.75,63.42342545581087,19.6175,42.4604495284479,12.201351381837164,1.7796417702542044e+18,1.7796371104807012e+18
1779638878560731915,11.964,4.2325,326.15,63.395557812554856,19.6175,42.445683944350364,12.200933367188323,1.7796417823101568e+18,1.779637104246005e+18
1779638878960892745,12.008,3.9825,995.325,63.384438025819605,19.32,42.45639407185417,12.200766570387295,1.779641794665478e+18,1.7796370978382495e+18
1779638879361263810,11.748,10.8975,1399.075,63.390472227441414,19.005,42.470357316695555,12.200857083411622,1.779641807525727e+18,1.7796370911490493e+18
1779638879761565985,11.344,20.2825,992.825,63.391640592289605,18.9525,42.47137563990238,12.200874608884344,1.7796418208505976e+18,1.7796370841989184e+18
1779638880562252748,12.096,1.8,1320.425,63.369077080104546,19.005,42.441285077250164,12.200536156201569,1.7796418345336274e+18,1.779637077042231e+18
1779638880962651022,12.112,1.9125,752.8,63.36356885118386,18.8125,42.41082381191738,12.200453532767758,1.7796418486632302e+18,1.7796370696319322e+18
1779638881362856216,12.128,1.9125,658.95,63.369545054060545,18.445,42.41145427658766,12.200543175810909,1.7796418633931162e+18,1.7796370618863764e+18
1779638881763192311,12.064,3.7325,372.55,63.39574699463653,18.2,42.41897173386341,12.200936204919548,1.7796418789691075e+18,1.7796370536757002e+18
1779638882163438925,11.82,8.765,1136.925,63.393669153234185,17.9025,42.42098536514151,12.200905037298513,1.7796418949074627e+18,1.7796370452588278e+18
1779638882563762638,12.048,3.8475,192.8,63.390871536492426,17.9025,42.40685236343821,12.200863073047387,1.7796419113632916e+18,1.7796370365490368e+18
1779638882964132762,11.116,26.4,588.375,63.392923530086605,17.675,42.40255583136741,12.2008938529513,1.7796419282227738e+18,1.7796370276112264e+18
1779638883364451557,11.1,26.1675,157.175,63.39878280899471,17.605,42.41148988456613,12.200981742134921,1.7796419454079608e+18,1.7796370184900362e+18
1779638883764688928,11.204,23.615,479.65,63.37122900950236,17.78,42.356334385908646,12.200568435142536,1.7796419608442104e+18,1.7796370103292209e+18
1779638884164841586,11.144,24.615,1463.775,63.37968534161004,18.1825,42.34543687532001,12.200695280124151,1.779641975002221e+18,1.779637002880152e+18
1779638884565117479,11.176,23.4325,1190.275,63.39534848787993,18.48,42.35408325041365,12.2009302273182,1.779641988256849e+18,1.779636995937081e+18
1779638884965474649,11.212,22.5175,355.625,63.39963006588691,18.48,42.363808053438106,12.200994450988304,1.7796420007569347e+18,1.7796369894133338e+18
1779638885366283743,11.268,21.315,1085.275,63.3993014593534,18.8475,42.35363604286928,12.200989521890302,1.7796420130701448e+18,1.779636982990953e+18
1779638885766878446,11.348,18.135,35.175,63.39069945739372,19.075,42.3559113045695,12.200860491860906,1.7796420251051182e+18,1.7796369767180055e+18
1779638886167003937,11.176,22.215,107.325,63.388330867758064,19.3025,42.36503918887026,12.200824963016371,1.7796420367561477e+18,1.7796369706558907e+18
1779638886567400665,11.236,21.1825,327.525,63.40959082755354,19.495,42.39488667115246,12.201143862413304,1.7796420487100393e+18,1.7796369644299983e+18
1779638886967755788,11.284,20.5975,999.525,63.415361176278246,19.599999999999998,42.40930243548705,12.201230417644174,1.7796420606642458e+18,1.779636958203536e+18
1779638887368019002,11.284,21.365,1411.9,63.41273128811346,19.775000000000002,42.41054793196739,12.201190969321702,1.7796420726402258e+18,1.779636951961459e+18
1779638887768793614,11.252,21.365,1031.975,63.400498612268635,19.775000000000002,42.414018755559496,12.20100747918403,1.7796420845535096e+18,1.7796369457474312e+18
1779638888169378801,11.976,4.2975,1510.925,63.36067911313442,19.985,42.39106552759446,12.200410186697017,1.779642096174594e+18,1.7796369396795569e+18
1779638888570031459,12.08,2.265,1334.175,63.323644993714694,19.9325,42.36854124066049,12.19985467490572,1.7796421075160673e+18,1.7796369337519148e+18
1779638888970437587,12.132,1.4475,794.775,63.29300248119217,19.810000000000002,42.34969495494667,12.199395037217883,1.779642117644374e+18,1.7796369284890895e+18
1779638889371027252,12.144,1.5325,787.05,63.26688078281437,19.6525,42.333644956909225,12.199003211742216,1.7796421269015583e+18,1.7796369237019218e+18
1779638889771420235,12.152,1.5475,763.475,63.24413068491177,19.6525,42.319724491167996,12.198661960273677,1.7796421354917348e+18,1.7796369192778255e+18
1779638890172156973,12.16,1.6325,691.525,63.2241700198463,19.459999999999997,42.307806228730705,12.198362550297695,1.7796421436122217e+18,1.7796369151076828e+18
1779638890572683062,12.148,2.0175,471.95,63.21626658594785,19.459999999999997,42.306786296373204,12.198243998789218,1.7796421514957279e+18,1.7796369110659156e+18
1779638890973220999,11.992,5.8325,1440.275,63.23832041278997,19.355,42.33629125436502,12.19857480619185,1.7796421595097009e+18,1.7796369069580337e+18
1779638891373917534,11.94,6.9,1118.55,63.23692886782218,19.1975,42.333292264961045,12.198553933017333,1.7796421675039007e+18,1.7796369028593859e+18
1779638891774637870,12.044,4.53,136.725,63.22651907749822,19.040000000000003,42.32547022116085,12.198397786162474,1.7796421755101676e+18,1.7796368987487608e+18
1779638892175166737,11.864,8.785,417.25,63.20668213231982,18.8825,42.309824359440825,12.198100231984798,1.7796421833622994e+18,1.7796368947158879e+18
1779638892575505799,12.18,1.4975,1273.325,63.19126080514706,18.7075,42.30039406864718,12.197868912077206,1.7796421911529042e+18,1.7796368907104714e+18
1779638892975778288,12.192,1.5175,609.075,63.215758983368616,18.7075,42.33235855038708,12.19823638475053,1.7796421992108321e+18,1.7796368865631224e+18
1779638893376121586,12.196,1.5975,220.325,63.23884406668331,18.41,42.34973968798222,12.19858266100025,1.7796422071451843e+18,1.7796368824925924e+18
1779638893776300076,12.204,1.5475,672.375,63.25711171492942,18.3225,42.36519718706259,12.198856675723942,1.779642215242348e+18,1.7796368783363505e+18
1779638894176520838,12.204,1.5475,413.525,63.2800417110072,18.060000000000002,42.38336195910961,12.199200625665108,1.7796422236276209e+18,1.7796368740257574e+18
1779638894576820857,12.208,1.4625,1261.975,63.31207446983654,17.92,42.40706117958959,12.199681117047549,1.77964223244534e+18,1.7796368694831048e+18
1779638894976965483,11.912,8.5325,574.425,63.33931488230767,17.92,42.419483869023985,12.200089723234615,1.77964224173922e+18,1.779636864681868e+18
1779638895377389805,10.744,36.765,114.6,63.2939099367167,17.727500000000003,42.35214807407024,12.199408649050751,1.7796422507858563e+18,1.7796368600007442e+18
1779638895777735444,10.656,36.785,349.725,63.28455416013113,17.9375,42.34937763510763,12.199268312401967,1.7796422598282258e+18,1.779636855317001e+18
1779638896177928874,10.716,35.0675,1067.275,63.28042354737666,18.235,42.354013646449914,12.19920635321065,1.7796422689153692e+18,1.7796368506050675e+18
1779638897178594228,11.908,4.93,74.825,63.233284657137496,18.602500000000003,42.32953011319611,12.198499269857063,1.7796422777256504e+18,1.7796368460345032e+18
1779638897578928632,12.092,1.5675,228.325,63.193825846842316,18.5675,42.30653484322776,12.197907387702635,1.7796422861844861e+18,1.7796368416451218e+18
1779638897979188079,12.124,1.5325,696.775,63.177588318376806,18.3575,42.30567762916449,12.197663824775653,1.7796422941279624e+18,1.779636837538261e+18
1779638898379833530,12.136,1.4975,487.975,63.17432278217329,18.235,42.31288322809832,12.1976148417326,1.7796423019049231e+18,1.7796368335228426e+18
1779638898780389037,12.148,1.5675,1489.175,63.177422000144496,17.9725,42.32675580634568,12.197661330002168,1.7796423096387791e+18,1.7796368295318374e+18
1779638899180979163,12.16,1.5675,1267.8,63.19881408872101,17.9725,42.355987338328084,12.197982211330816,1.7796423175602775e+18,1.7796368254423642e+18
1779638899581601513,12.168,1.5675,592.2,63.222519067549825,17.9025,42.367568335418056,12.198337786013248,1.7796423258260178e+18,1.779636821167022e+18
1779638899982049313,12.172,1.5675,168.85,63.24554021470575,17.727500000000003,42.38210336596098,12.198683103220587,1.7796423344747425e+18,1.7796368166835886e+18
1779638900382413435,12.184,1.5175,515.275,63.29125325568225,17.675,42.408584131134695,12.199368798835234,1.7796423438169106e+18,1.779636811825731e+18
1779638900782997334,12.192,1.5475,1572.475,63.33377190503133,17.675,42.43322990172009,12.20000657857547,1.7796423538613117e+18,1.7796368065870385e+18
1779638901183259340,12.196,1.5975,1522.0,63.37107095124705,17.64,42.45537382431714,12.200566064268706,1.7796423645884004e+18,1.779636800976296e+18
1779638901583802172,12.2,1.5675,1367.975,63.411126401865275,17.5525,42.47883549583128,12.20116689602798,1.7796423760796854e+18,1.7796367949484244e+18
1779638901984351368,12.204,1.5325,897.925,63.47990321981619,17.43,42.55720623369054,12.202198548297243,1.7796423886693809e+18,1.779636788325917e+18
1779638902584810119,12.208,1.5175,1101.825,63.558490838407494,17.43,42.591272618611,12.203377362576113,1.7796424025247084e+18,1.7796367810198502e+18
1779638902985120921,12.216,1.5825,85.7,63.625819218173845,17.272499999999997,42.63141832096453,12.204387288272608,1.7796424175524283e+18,1.7796367730764667e+18
1779638903586103858,12.212,1.5475,261.525,63.67428108496122,17.2375,42.6603308355865,12.205114216274419,1.779642433478537e+18,1.7796367646447352e+18
1779638903986832790,12.216,1.5175,798.1,63.716537867617944,17.1325,42.68555986493033,12.20574806801427,1.779642450076412e+18,1.7796367558482732e+18
1779638904387247190,12.224,1.5475,797.2,63.75433867102922,17.1325,42.70809595474609,12.206315080065439,1.7796424673002655e+18,1.7796367467111657e+18
1779638904787878865,12.232,1.5175,794.45,63.789622741088756,16.852500000000003,42.72915509929594,12.206844341116332,1.7796424849957094e+18,1.7796367373196334e+18
1779638905188093272,12.232,1.5325,786.05,63.81781125802238,16.8875,42.74602145351918,12.207267168870336,1.779642503021878e+18,1.7796367277504456e+18
1779638905588832201,11.376,22.665,760.425,63.79698404464943,16.8875,42.69541467318416,12.206954760669742,1.7796425210090307e+18,1.7796367181927805e+18
1779638905989475772,10.556,40.5,682.225,63.745442016825244,16.8875,42.62657197688015,12.20618163025238,1.7796425386414697e+18,1.7796367088125486e+18
1779638906389852871,10.712,36.4175,443.575,63.70947405342375,17.185000000000002,42.58222291176852,12.205642110801357,1.7796425552069647e+18,1.7796367000186025e+18
1779638906790002816,10.768,33.9,1353.675,63.70026358098236,17.78,42.58016346704891,12.205503953714736,1.7796425713889126e+18,1.7796366914356588e+18
1779638907190243162,11.98,3.4475,854.275,63.652581397045644,18.287499999999998,42.56930645197476,12.204788720955685,1.779642586844511e+18,1.7796366832418568e+18
1779638907590526016,12.056,2.7975,968.625,63.640542866108724,18.287499999999998,42.56067753423114,12.204608142991631,1.779642602112923e+18,1.7796366751469993e+18
1779638907990872385,12.048,3.3125,1317.6,63.6648366551463,18.27,42.61851980697861,12.204972549827195,1.779642617852894e+18,1.7796366667934986e+18
1779638908391149364,12.064,3.3325,744.175,63.669209422410674,18.41,42.62578830058188,12.20503814133616,1.7796426337883085e+18,1.7796366583292982e+18
1779638908791447796,12.116,2.285,632.625,63.683319724142336,18.3575,42.64651154509245,12.205249795862136,1.7796426500163154e+18,1.779636649703461e+18
1779638909191678197,12.132,2.3975,292.2,63.7091154020049,18.0425,42.67399434483767,12.205636731030074,1.779642666684794e+18,1.7796366408371702e+18
1779638909591984013,12.176,1.5325,891.7,63.72170404253715,18.0425,42.67042959877421,12.205825560638058,1.7796426832794734e+18,1.779636632015958e+18
1779638909992212550,12.176,1.5675,1082.85,63.7369771485005,17.57,42.67158138900064,12.206054657227508,1.7796427000229496e+18,1.7796366231150316e+18
1779638910392449648,12.192,1.4825,27.775,63.753217469055876,17.22,42.66400489754056,12.206298262035839,1.7796427170107825e+18,1.779636614080736e+18
1779638910792913209,12.128,2.765,84.75,63.76874280453437,16.9925,42.665107211389795,12.206531142068016,1.7796427343448174e+18,1.7796366048551201e+18
1779638911193295080,11.912,8.165,258.625,63.841533310601136,16.9925,42.70460598928418,12.207622999659018,1.7796427527797038e+18,1.7796365950351076e+18
1779638911593796903,10.476,41.95,789.25,63.84255223439033,16.6775,42.67076046210934,12.207638283515855,1.7796427713863137e+18,1.7796365851164803e+18
1779638911993991592,10.312,46.015,770.175,63.820206420591404,16.974999999999998,42.61552030330081,12.207303096308872,1.7796427898804605e+18,1.779636575250232e+18
1779638912394374250,10.272,46.2675,711.975,63.80855649547413,17.36,42.58666806716769,12.207128347432112,1.779642808380332e+18,1.7796365653739594e+18
1779638912794855969,10.272,45.2975,534.375,63.820457469558384,17.36,42.59675284316705,12.207306862043376,1.7796428268568143e+18,1.779636555514276e+18
1779638913195180079,10.172,47.5675,1630.775,63.82988051436836,17.78,42.606946506352934,12.207448207715526,1.7796428454601564e+18,1.779636545585032e+18
1779638913595728927,10.168,47.885,187.75,63.82849792706789,18.655,42.60579679760398,12.207427468906019,1.7796428641482145e+18,1.7796365356054597e+18
1779638913995765578,11.272,19.55,572.95,63.82344128783043,19.075,42.62529173863428,12.207351619317457,1.7796428829789427e+18,1.7796365255411095e+18
1779638914396180164,12.044,1.4975,110.1,63.772874886329554,19.215,42.61038746121924,12.206593123294944,1.779642901420701e+18,1.7796365156734088e+18
1779638914796525625,12.08,1.5175,335.975,63.73881411680526,19.215,42.59251176300907,12.20608221175208,1.7796429196853727e+18,1.7796365058894305e+18
1779638915196946993,12.072,2.0825,1025.3,63.730121568852,19.005,42.61270765364415,12.20595182353278,1.7796429380867802e+18,1.779636496022323e+18
1779638915597397662,12.084,2.2,1490.55,63.6965321677974,18.900000000000002,42.55928318429064,12.205447982516962,1.7796429564266186e+18,1.7796364861735327e+18
1779638915997805531,12.092,2.3475,1271.975,63.67633656770891,18.7425,42.52557182223717,12.205145048515634,1.7796429748844593e+18,1.779636476246971e+18
1779638916398183906,11.624,14.0325,604.95,63.676928823120676,18.602500000000003,42.5184851068292,12.20515393234681,1.7796429935286418e+18,1.7796364662131423e+18
1779638916798535820,11.2,24.015,207.75,63.673317647710654,18.5675,42.505685498788196,12.20509976471566,1.779643012254201e+18,1.7796364561297124e+18
1779638917198870712,11.116,26.05,634.0,63.66328152006083,18.8125,42.478990962104206,12.204949222800913,1.7796430308146885e+18,1.7796364461336484e+18
1779638917599232228,11.176,23.9825,296.4,63.65576366068521,18.8125,42.46537596575716,12.204836454910279,1.7796430493227645e+18,1.7796364361621599e+18
1779638917999527392,11.112,25.3175,904.525,63.70134087380217,19.040000000000003,42.49591215599773,12.205520113107033,1.7796430686500675e+18,1.7796364257444562e+18
1779638918399904923,11.816,7.0975,1121.975,63.69329284038476,19.285,42.497077999388466,12.205399392605772,1.7796430880296835e+18,1.7796364152916544e+18
1779638919400767586,11.956,5.165,1370.6,63.69361128651028,19.53,42.49656452074325,12.205404169297655,1.7796431072112512e+18,1.7796364049550653e+18
1779638919801141227,11.88,7.5125,905.925,63.691088396615896,19.5475,42.49528731711147,12.205366325949239,1.7796431263290173e+18,1.7796363946516314e+18
1779638920201505067,11.912,6.865,1126.25,63.6908002828003,19.4425,42.490002783217534,12.205362004242005,1.7796431455372337e+18,1.7796363842948787e+18
1779638920601810113,12.06,3.3975,160.225,63.690338699621634,19.4425,42.474367735576486,12.205355080494325,1.779643164899066e+18,1.7796363738489188e+18
1779638921002185361,10.484,42.6825,488.95,63.679430941511434,19.32,42.41577252704198,12.205191464122672,1.779643184316869e+18,1.7796363633643932e+18
1779638922003015139,10.752,33.38,1276.875,63.700840357275695,19.6175,42.4437358212593,12.205512605359136,1.7796432045335078e+18,1.7796363524394824e+18
1779638922603273172,10.876,30.115,619.9,63.70942162072864,19.915000000000003,42.46811220743266,12.20564132431093,1.7796432252979154e+18,1.7796363412073244e+18
1779638923003627444,10.864,30.65,253.375,63.719118674602356,20.195,42.48442771522888,12.205786780119036,1.7796432466040806e+18,1.7796363296700252e+18
1779638923403935739,11.96,3.8825,773.225,63.68095717564488,20.51,42.4598273964072,12.205214357634674,1.779643267786518e+18,1.779636318183249e+18
1779638924004422961,12.092,1.5325,721.275,63.65583046687139,20.4925,42.44260653874141,12.204837457003071,1.7796432891296617e+18,1.779636306593151e+18
1779638924404795946,12.112,1.5325,562.75,63.653516594699006,20.334999999999997,42.43759713162791,12.204802748920486,1.779643310983969e+18,1.7796362947094223e+18
1779638924804949486,12.132,1.4975,78.975,63.65421489507878,20.1775,42.437367483403484,12.204813223426182,1.7796433334100838e+18,1.7796362824989512e+18
1779638925205254149,12.14,1.4825,241.0,63.656768657640555,20.1775,42.43878570491199,12.204851529864609,1.7796433565330934e+18,1.7796362698914253e+18
1779638925605641686,12.152,1.5175,735.45,63.65983373412603,20.1075,42.44060718035386,12.204897506011891,1.77964338034069e+18,1.779636256894028e+18
1779638926005830994,12.16,1.5175,606.0,63.659495402453786,19.7575,42.440414846755985,12.204892431036807,1.7796434047156017e+18,1.77963624357175e+18
1779638926406228587,12.172,1.4825,210.95,63.657602524513464,19.53,42.43935268944338,12.204864037867702,1.779643429541784e+18,1.7796362299898025e+18
1779638926806702347,12.176,1.5825,643.75,63.662926828868144,19.4425,42.45905278291229,12.204943902433023,1.779643454956397e+18,1.7796362160736271e+18
1779638927206873289,12.18,1.5175,326.15,63.68464065588772,19.3025,42.47924531705078,12.205269609838316,1.7796434813061084e+18,1.7796362016339523e+18
1779638927607152524,11.98,5.6975,995.325,63.69549698489954,19.3025,42.49520158567312,12.205432454773494,1.7796435082428636e+18,1.77963618686353e+18
1779638928007357233,12.032,4.98,1399.075,63.71525518821774,19.337500000000002,42.511017665707165,12.205728827823267,1.7796435359002378e+18,1.779636171690757e+18
1779638928407666038,11.88,8.315,992.825,63.7362388592907,19.337500000000002,42.500793082294514,12.206043582889361,1.7796435642324593e+18,1.7796361561423496e+18
1779638928807985446,12.168,1.5675,1391.45,63.75889460690619,19.4425,42.504142696926124,12.206383419103593,1.7796435933398922e+18,1.7796361401620826e+18
1779638929208339108,12.18,1.4975,969.55,63.78479151372321,19.5125,42.50862891179138,12.206771872705849,1.7796436233630694e+18,1.7796361236716541e+18
1779638929608767711,12.192,1.4975,1320.425,63.81163410749512,19.4425,42.51869601411468,12.207174511612427,1.779643654404595e+18,1.7796361066132204e+18
1779638930009022440,12.2,1.5325,752.8,63.840981545924876,19.32,42.53761764600153,12.207614723188874,1.7796436865861025e+18,1.7796360889189105e+18
1779638930409343073,12.208,1.5675,658.95,63.87366827594798,19.32,42.559325199416875,12.20810502413922,1.779643720031423e+18,1.7796360705200586e+18
1779638930810025489,12.208,1.5175,372.55,63.906324892908934,19.2675,42.57971648854498,12.208594873393634,1.7796437547587261e+18,1.77963605140649e+18
1779638931210247189,12.028,5.2975,1136.925,63.92668027752934,18.935000000000002,42.57459874158262,12.20890020416294,1.779643790623263e+18,1.7796360316544676e+18
1779638931610750679,11.44,19.7475,192.8,63.93457425000024,18.8475,42.55452672329224,12.209018613750004,1.7796438268241605e+18,1.7796360117138076e+18
1779638932011192324,10.732,36.215,588.375,63.9207387438882,18.7425,42.501774004666025,12.208811081158323,1.7796438631772296e+18,1.779635991678077e+18
1779638932411645487,10.444,42.815,157.175,63.930922744615124,19.022499999999997,42.475077311934,12.208963841169227,1.7796439000115766e+18,1.7796359713724099e+18
1779638932811981492,10.504,40.865,479.65,63.934378227386865,19.2675,42.46056719003799,12.209015673410804,1.7796439375917059e+18,1.7796359506426225e+18
1779638933412863673,10.512,40.015,1463.775,63.93852716964151,19.2675,42.46184830886234,12.209077907544623,1.7796439759451323e+18,1.7796359294753062e+18
1779638933813167775,11.892,3.53,1190.275,63.858778059433604,19.4425,42.421599112980374,12.207881670891505,1.7796440134583048e+18,1.7796359087426532e+18
1779638934213513081,12.068,1.5475,355.625,63.81414416526777,19.564999999999998,42.39668881146277,12.207212162479017,1.779644050812805e+18,1.779635888074768e+18
1779638934814083633,12.108,1.4975,1085.275,63.786431452396606,19.32,42.38382040424992,12.20679647178595,1.7796440883030587e+18,1.779635867314592e+18
1779638935214752369,12.116,1.4975,35.175,63.76971517677505,19.075,42.37658512902071,12.206545727651626,1.7796441261788332e+18,1.7796358463238103e+18
1779638935615112468,12.136,1.5825,107.325,63.76838507164004,18.865,42.37542261507732,12.206525776074601,1.779644164804016e+18,1.7796358249033964e+18
1779638936015853928,12.144,1.5675,327.525,63.77029012607874,18.865,42.3765182434863,12.206554351891182,1.7796442041723474e+18,1.7796358030586893e+18
1779638936416257562,12.16,1.4975,999.525,63.78191537882971,18.655,42.37914067485806,12.206728730682446,1.7796442446261e+18,1.7796357806000256e+18
1779638936816839712,12.164,1.5475,1411.9,63.798433180613486,18.5675,42.40267058956924,12.206976497709203,1.7796442861016223e+18,1.7796357575665167e+18
1779638937217140167,12.176,1.5325,1031.975,63.81358175846315,18.3575,42.40831304605921,12.207203726376948,1.7796443284149512e+18,1.779635734062376e+18
1779638937617520339,12.18,1.5675,1510.925,63.84141141837327,18.13,42.437136039389,12.2076211712756,1.7796443711248315e+18,1.7796357103465736e+18
1779638938017926055,12.188,1.4625,1334.175,63.87823540527183,18.13,42.48082710249368,12.208173531079078,1.7796444146261064e+18,1.77963568619945e+18
1779638938418261872,11.94,8.165,794.775,63.915154630702716,17.92,42.479522419739375,12.208727319460541,1.779644459050808e+18,1.7796356615461432e+18
1779638939018675293,11.712,13.2175,787.05,63.96979324322602,17.745,42.49622009404759,12.20954689864839,1.7796445049698015e+18,1.77963563607376e+18
1779638939419037596,12.148,1.75,763.475,63.991736310266695,17.535,42.50643082409699,12.209876044654001,1.7796445522090184e+18,1.7796356098605076e+18
1779638939819435684,12.184,1.4975,691.525,64.02815897010218,17.535,42.523737054428246,12.210422384551533,1.7796446010889398e+18,1.7796355827329846e+18
1779638940219808535,12.196,1.4975,471.95,64.06483433612253,17.3425,42.5418529832798,12.210972515041838,1.7796446514965202e+18,1.7796355547562678e+18
1779638940620158249,12.196,1.5175,1440.275,64.10309135943122,17.01,42.561064647854074,12.211546370391469,1.779644703881853e+18,1.779635525675129e+18
1779638941220702083,12.208,1.4825,1118.55,64.13908925319338,16.555,42.58130825386414,12.212086338797901,1.779644758379225e+18,1.77963549541414e+18
1779638941621116528,12.208,1.5175,136.725,64.16787127797478,16.555,42.597719002464956,12.212518069169622,1.779644814687709e+18,1.7796354641391127e+18
1779638942021290432,12.212,1.5475,417.25,64.2029273199804,16.205,42.61679571141454,12.213043909799707,1.7796448721342313e+18,1.7796354322382794e+18
1779638942421523269,12.216,1.5475,1273.325,64.24295768157089,15.715,42.66478084789024,12.213644365223564,1.7796449307630282e+18,1.77963539968957e+18
1779638942821832787,12.22,1.4975,609.075,64.27644487470891,15.715,42.68412638253677,12.214146673120634,1.779644990417594e+18,1.7796353665793196e+18
1779638943222200896,11.432,20.1325,220.325,64.29014138872905,15.33,42.69095269310326,12.214352120830936,1.7796450508274035e+18,1.779635333049757e+18
1779638943622515857,10.736,37.1,672.375,64.26789352603193,15.382499999999999,42.63434261774354,12.21401840289048,1.7796451112760873e+18,1.7796352994865372e+18
1779638944022906150,10.352,45.53,413.525,64.23823366517706,15.382499999999999,42.57598388273769,12.213573504977656,1.7796451719458478e+18,1.7796352657806477e+18
1779638944423318796,10.388,44.05,1261.975,64.21210372147365,16.0125,42.512800322982336,12.213181555822105,1.7796452329627942e+18,1.7796352318620764e+18
1779638944823738797,10.336,44.8325,574.425,64.25459761807224,17.0625,42.508922912372284,12.213818964271084,1.7796452953172708e+18,1.7796351972110948e+18
1779638945224499133,10.356,44.15,114.6,64.28870817082901,18.2175,42.50592865035219,12.214330622562436,1.7796453594535708e+18,1.7796351615695716e+18
1779638945625262647,10.464,41.015,349.725,64.29532507020814,19.0925,42.508237069305245,12.214429876053122,1.7796454254158894e+18,1.7796351248945498e+18
1779638946025920518,10.496,39.3175,1067.275,64.33651247712075,19.7225,42.55237265235129,12.215047687156812,1.7796454944007404e+18,1.7796350865276308e+18
1779638946627037510,10.548,38.465,1618.65,64.36100092610823,19.7225,42.57881068595514,12.215415013891624,1.779645566132638e+18,1.7796350466175547e+18
1779638947027253446,10.624,35.9975,24.525,64.37915417874326,20.09,42.61345870639334,12.21568731268115,1.7796456401912563e+18,1.7796350053982438e+18
1779638947427860584,10.4,42.0475,74.825,64.39633501015042,20.3875,42.63353105092956,12.215945025152257,1.7796457165461793e+18,1.779634962886997e+18
1779638947828492488,11.268,18.7825,228.325,64.38031584533255,20.72,42.653358397732305,12.215704737679989,1.77964579375757e+18,1.7796349198816714e+18
1779638948229134796,12.044,1.5825,696.775,64.33673676374238,20.825,42.63036553497697,12.215051051456136,1.7796458710940035e+18,1.7796348767792707e+18
1779638948629478467,12.08,1.5475,487.975,64.30486391423437,20.5625,42.61351795117861,12.214572958713516,1.7796459486106583e+18,1.7796348335559596e+18
1779638949030095578,12.096,1.5825,1489.175,64.2750359718127,20.51,42.59777319912263,12.214125539577191,1.779646025710623e+18,1.7796347905528287e+18
1779638949430651500,12.116,1.5475,1267.8,64.24595860445719,20.247500000000002,42.582446286430006,12.213689379066858,1.7796461031318065e+18,1.7796347473492882e+18
1779638949830962769,12.132,1.5675,592.2,64.22599349816933,20.055,42.57205607242729,12.21338990247254,1.7796461817988224e+18,1.7796347034246543e+18
1779638950231197031,12.152,1.5325,515.275,64.21389309201541,19.9675,42.56705475175231,12.213208396380232,1.779646261763526e+18,1.7796346587550095e+18
1779638951432127414,12.164,1.5325,1522.0,64.2051370952207,19.599999999999998,42.56314292423952,12.213077056428311,1.7796463444114936e+18,1.7796346125611827e+18
1779638952032421613,12.168,1.5175,1367.975,64.20594338120932,19.53,42.572581764775975,12.21308915071814,1.7796464293777518e+18,1.7796345650525033e+18
1779638952432663744,12.12,2.715,897.925,64.20940692133341,19.39,42.58318946534255,12.213141103820002,1.7796465168546647e+18,1.779634516119634e+18
1779638952833043095,11.632,13.0825,1101.825,64.20024350177486,19.215,42.58732494633858,12.213003652526623,1.779646606421473e+18,1.7796344659927076e+18
1779638953233183924,11.312,20.5975,85.7,64.19546161503595,19.215,42.59446962028191,12.21293192422554,1.7796466972979372e+18,1.7796344151197463e+18
1779638953633452608,11.26,22.285,261.525,64.1986867416097,19.32,42.594853125450015,12.212980301124146,1.7796467888534e+18,1.7796343638665108e+18
1779638954033700447,11.304,19.5,798.1,64.19176026649535,19.459999999999997,42.605460718206764,12.21287640399743,1.779646881005317e+18,1.779634312271937e+18
1779638954634077926,11.628,12.2975,794.45,64.1781887130856,19.5475,42.60310545177515,12.212672830696285,1.7796469743370191e+18,1.7796342600001267e+18
1779638955034338108,11.928,5.615,786.05,64.16235871014548,19.599999999999998,42.59352867067807,12.212435380652183,1.779647068718783e+18,1.7796342071208927e+18
1779638955434700259,12.072,2.765,760.425,64.15637032206733,19.53,42.584133667164494,12.21234555483101,1.7796471648816187e+18,1.7796341532257219e+18
1779638955834953919,12.084,2.8625,682.225,64.15383374621557,19.53,42.58202250065486,12.212307506193234,1.7796472632512835e+18,1.779634098074985e+18
1779638956235142714,12.092,2.9825,443.575,64.15843467273581,19.25,42.58068486117602,12.212376520091038,1.7796473649945068e+18,1.7796340410102295e+18
1779638956635375022,12.096,2.9975,1353.675,64.16595304064474,19.18,42.57835398502646,12.212489295609672,1.7796474700398828e+18,1.7796339820750405e+18
1779638957035687522,12.096,3.13,854.275,64.17502531701713,18.935000000000002,42.577950028393225,12.212625379755258,1.7796475782745797e+18,1.7796339213355156e+18
1779638957436245202,12.092,3.3825,968.625,64.18794082822676,18.6375,42.57814557641633,12.212819112423402,1.7796476903458253e+18,1.7796338584268984e+18
1779638957836692343,12.096,3.2975,1317.6,64.20152495618152,18.445,42.57374612644982,12.213022874342723,1.7796478068653279e+18,1.7796337930020498e+18
1779638958237003643,12.112,3.2825,744.175,64.22126778360277,18.252499999999998,42.57238993624813,12.213319016754042,1.7796479280322012e+18,1.779633724953956e+18
1779638958637369207,12.116,3.185,632.625,64.24217172385183,18.252499999999998,42.56984638151968,12.213632575857778,1.7796480535017574e+18,1.77963365448107e+18
1779638959037620650,12.084,3.565,292.2,64.25540173642898,18.060000000000002,42.55345188963098,12.213831026046435,1.7796481833724662e+18,1.7796335815212672e+18
1779638959438004603,11.012,29.9175,891.7,64.25796030797619,17.885,42.50399992959178,12.213869404619643,1.7796483181600668e+18,1.7796335057716595e+18
1779638959838393544,10.352,45.3825,1082.85,64.27061378037679,17.885,42.469275926998286,12.214059206705652,1.7796484584891684e+18,1.779633426886826e+18
1779638960239100080,10.36,45.0325,27.775,64.2736527176172,18.287499999999998,42.43645138138041,12.214104790764258,1.7796486038816968e+18,1.779633345130746e+18
1779638960639171707,10.404,42.4,84.75,64.28652709981183,18.287499999999998,42.447694608794905,12.214297906497178,1.7796487545369037e+18,1.7796332604003336e+18
1779638961239757967,10.776,32.55,258.625,64.29962510260347,18.6725,42.475605551805096,12.214494376539053,1.7796489113684792e+18,1.7796331721787886e+18
1779638961640121343,10.98,27.95,789.25,64.30038436027283,18.935000000000002,42.49137723390703,12.214505765404093,1.7796490740447588e+18,1.7796330806415872e+18
1779638962040505613,10.932,29.1,770.175,64.30377343390221,19.075,42.508469086551116,12.214556601508534,1.7796492432159962e+18,1.7796329854219633e+18
1779638962440950973,10.924,28.815,711.975,64.30213122941142,19.127499999999998,42.529636710478044,12.214531968441172,1.7796494193983788e+18,1.7796328862217244e+18
1779638963041590289,10.976,26.55,534.375,64.29768505690345,19.1975,42.560480698802905,12.214465275853552,1.7796496022092447e+18,1.7796327832586222e+18
1779638963641896828,11.464,15.18,1630.775,64.27034478555606,19.372500000000002,42.564341520840394,12.214055171783341,1.7796497902048384e+18,1.7796326773302236e+18
1779638964042663776,11.936,4.3175,61.525,64.22396816802018,19.32,42.54484610925366,12.213359522520303,1.7796499809625902e+18,1.7796325697915622e+18
1779638964443006970,11.828,7.0975,187.75,64.18286108897672,18.865,42.53084460289565,12.212742916334651,1.7796501758302705e+18,1.7796324598793554e+18
1779638964843396036,11.88,6.315,572.95,64.15260713556714,18.865,42.52004668957976,12.212289107033508,1.779650377699139e+18,1.7796323459586442e+18
1779638965243819536,11.984,3.9325,110.1,64.11405061812454,18.497500000000002,42.520872967685264,12.211710759271869,1.7796505858322314e+18,1.7796322284382054e+18
1779638965643888192,10.548,38.615,335.975,64.11337387552847,18.287499999999998,42.53652109919023,12.211700608132928,1.7796508028262574e+18,1.7796321058832044e+18
1779638966044275370,10.42,41.6675,1025.3,64.11733330151235,18.375,42.5482608808567,12.211759999522686,1.7796510305586033e+18,1.7796319772313915e+18
1779638966444633218,10.4,42.785,1490.55,64.11968219806658,18.27,42.53897439533684,12.211795232971,1.7796512686609234e+18,1.779631842691458e+18
1779638966845010553,10.344,43.5325,1271.975,64.14366198386203,18.4275,42.55527773042269,12.212154929757931,1.7796515199586143e+18,1.779631700683463e+18
1779638967245291259,10.46,40.1,604.95,64.15337670446215,18.62,42.57870492503075,12.212300650566933,1.779651784314555e+18,1.7796315512699942e+18
1779638967645460295,10.288,43.815,207.75,64.16998802354851,18.76,42.612617278107834,12.212549820353228,1.7796520637539996e+18,1.7796313933093903e+18
1779638968045660626,10.752,32.8175,634.0,64.18614387650132,18.76,42.63675884889858,12.21279215814752,1.7796523603814195e+18,1.7796312256062203e+18
1779638968445975803,10.792,30.7,296.4,64.19467723818377,18.9525,42.67256302803854,12.212920158572757,1.779652668975745e+18,1.7796310511237545e+18
1779638969046301039,11.852,5.8325,904.525,64.15489033432229,18.9525,42.65631446921221,12.212323355014835,1.779652985846169e+18,1.7796308718988897e+18
1779638969446557541,11.768,8.785,1121.975,64.13486680256352,18.8475,42.65007588429244,12.212023002038453,1.7796533127437793e+18,1.779630686958599e+18
1779638969846674320,11.796,8.0475,147.175,64.11131718355205,18.6375,42.64268851841967,12.211669757753281,1.7796536518841923e+18,1.7796304950363576e+18
1779638970246823695,11.508,15.6325,449.125,64.10762121063173,18.462500000000002,42.6435098451571,12.211614318159477,1.7796540059501627e+18,1.7796302946341972e+18
1779638970647071606,10.912,29.765,1370.6,64.12544976368837,18.375,42.6556825210507,12.211881746455326,1.7796543797918275e+18,1.7796300830264794e+18
1779638971047209945,11.048,26.1325,905.925,64.14258587191026,18.5325,42.67448384581765,12.212138788078654,1.7796547743847483e+18,1.7796298596606047e+18
1779638971447581169,11.012,26.865,1126.25,64.14179782327258,18.5325,42.687184845202246,12.21212696734909,1.7796551885527598e+18,1.7796296251806664e+18
1779638971847714778,11.516,13.5475,160.225,64.11279944731633,18.655,42.68628020366451,12.211691991709746,1.7796556144576113e+18,1.7796293840005699e+18
1779638972247916338,11.98,3.2825,488.95,64.0756052476078,18.62,42.66703214418539,12.211134078714117,1.779656052172037e+18,1.7796291360628047e+18
1779638972648127722,12.032,2.8475,1492.15,64.05268321020895,18.34,42.65421167631193,12.210790248153135,1.779656502981568e+18,1.7796288806571464e+18
1779638973048253595,11.988,4.8175,1276.875,64.05911331824147,18.0075,42.652199348080366,12.210886699773623,1.7796569707958735e+18,1.7796286156097298e+18
1779638973448485247,10.36,43.9175,619.9,64.05420059186311,17.9725,42.64060625028168,12.210813008877947,1.7796574530754337e+18,1.779628342346323e+18
1779638973848798633,10.528,39.015,253.375,64.05902720404741,17.9725,42.66112086979031,12.210885408060712,1.7796579557706045e+18,1.7796280575012163e+18
1779638974249069086,10.452,40.465,773.225,64.07705245704085,18.6375,42.67377437588911,12.211155786855613,1.779658483296304e+18,1.7796277585908024e+18
1779638974649266270,10.508,40.965,721.275,64.08418235103908,18.8825,42.64736997718165,12.211262735265587,1.7796590337432515e+18,1.7796274466839035e+18
1779638975049618135,10.456,41.5175,562.75,64.10965087230436,19.2325,42.65174911693784,12.211644763084566,1.7796596034142792e+18,1.7796271239225661e+18
1779638975449971495,10.552,37.7825,78.975,64.132228326617,19.6525,42.67947685897943,12.211983424899255,1.7796601951541164e+18,1.779626788688708e+18
1779638975850265132,10.532,37.8975,241.0,64.14576902656945,19.9675,42.70810233017972,12.212186535398542,1.7796608153683538e+18,1.7796264373264353e+18
1779638976250457452,10.552,37.75,735.45,64.15158100512927,20.439999999999998,42.72764897520478,12.21227371507694,1.7796614627974175e+18,1.7796260705398948e+18
1779638976650795507,10.644,35.8,606.0,64.15042522571044,20.615,42.73982614389221,12.212256378385657,1.779662139665302e+18,1.7796256870525082e+18
1779638977050794785,10.664,34.8,210.95,64.14553088385786,20.86,42.75682808921519,12.212182963257868,1.7796628458241075e+18,1.7796252869422034e+18
1779638977451374631,11.872,4.08,643.75,64.06115210848328,21.07,42.7220849752237,12.21091728162725,1.7796635543628145e+18,1.7796248853122872e+18
1779638977851911754,12.044,1.68,326.15,63.9981279586545,21.087500000000002,42.69329594537247,12.209971919379818,1.7796642822851581e+18,1.7796244725399985e+18
1779638978252310948,12.06,1.8,995.325,63.94396419633373,20.895,42.668617609377584,12.209159462945006,1.7796650350716257e+18,1.779624045520667e+18
1779638978652803352,12.096,1.4975,1399.075,63.89735184059969,20.650000000000002,42.64719218465918,12.208460277608996,1.7796658144513974e+18,1.779623603274852e+18
1779638979053037117,12.108,1.5175,992.825,63.859970074661696,20.439999999999998,42.63386191799085,12.207899551119926,1.7796666294629468e+18,1.7796231406853512e+18
1779638979453412421,12.124,1.4825,1391.45,63.828351616440756,20.265,42.62007878353934,12.207425274246612,1.7796674883330545e+18,1.779622653083498e+18
1779638979854184408,11.696,11.565,969.55,63.79884297127344,20.055,42.609447278968254,12.206982644569102,1.779668399601138e+18,1.7796221356135997e+18
1779638980254933230,10.768,34.75,1320.425,63.77432036747293,20.055,42.588559892743405,12.206614805512094,1.7796693626081098e+18,1.7796215886577226e+18
1779638980655241222,10.644,36.6325,752.8,63.76387282268748,20.0725,42.591778992850564,12.206458092340313,1.7796703877690734e+18,1.7796210063306542e+18
1779638981055697194,10.624,37.685,658.95,63.76067308839864,20.37,42.58298916246929,12.20641009632598,1.779671438580866e+18,1.7796204094046267e+18
1779638981456169717,10.576,37.9175,372.55,63.76259977116539,20.650000000000002,42.588984604008694,12.206438996567481,1.779672528877461e+18,1.779619790030237e+18
1779638981856691393,11.44,15.4475,1136.925,63.736879644464246,20.912499999999998,42.587902895582374,12.206053194666964,1.7796736660933737e+18,1.7796191438888556e+18
1779638982256865581,11.744,8.665,192.8,63.70399258345569,21.0175,42.575598796922115,12.205559888751836,1.7796748410656607e+18,1.7796184761568952e+18
1779638982657141058,12.036,2.25,588.375,63.67090101740773,20.912499999999998,42.55806118147601,12.205063515261116,1.7796760732248003e+18,1.7796177757749914e+18
1779638983057391254,12.08,1.8325,157.175,63.64918802787575,20.825,42.547544662887844,12.204737820418137,1.779677372723584e+18,1.7796170369996457e+18
1779638983457724652,12.096,1.765,479.65,63.63541496374253,20.6325,42.53607660879794,12.204531224456138,1.7796787642728474e+18,1.7796162458005732e+18
1779638983857847067,12.108,1.9825,1463.775,63.63025691008532,20.4575,42.53252891406574,12.20445385365128,1.7796802480863698e+18,1.7796154020814436e+18
1779638984258045636,12.128,1.765,1190.275,63.668934762684245,20.247500000000002,42.54856775542987,12.205034021440264,1.779681821176039e+18,1.7796145077153482e+18
1779638984658294993,12.144,1.4825,355.625,63.69578987384855,19.9675,42.55910732803484,12.205436848107729,1.7796834937242222e+18,1.779613556875983e+18
1779638985258830217,12.156,1.4625,1085.275,63.71375442354668,19.9675,42.56655045087683,12.2057063163532,1.7796852640787284e+18,1.7796125504752256e+18
1779638985659171435,12.156,1.4625,35.175,63.717638135674875,19.74,42.56884383609678,12.205764572035124,1.7796871475857316e+18,1.7796114797274063e+18
1779638986059501824,11.836,9.765,107.325,63.732784967720676,19.53,42.57236423812974,12.20599177451581,1.77968916494031e+18,1.7796103329183012e+18
1779638986459737134,12.052,3.965,327.525,63.75445648157572,19.3025,42.58166659221082,12.206316847223636,1.7796913344937062e+18,1.779609099651701e+18
1779638986859979228,12.04,4.45,999.525,63.770086354855444,18.9875,42.588002772148975,12.206551295322832,1.779693647336373e+18,1.7796077849749773e+18
1779638987260419804,12.06,3.9325,1411.9,63.77770754977906,18.7425,42.590964499205285,12.206665613246686,1.779696063334173e+18,1.7796064116777516e+18
1779638987660758060,11.232,24.2325,1510.925,63.77702494175693,18.5675,42.578775764497465,12.206655374126354,1.7796985843698035e+18,1.7796049786478228e+18
1779638988061049828,11.088,26.2175,1334.175,63.781618640513656,18.252499999999998,42.580475540664466,12.206724279607705,1.779701213225597e+18,1.7796034843341373e+18
1779638988461387619,12.012,2.9825,794.775,63.74916944110878,18.3225,42.56690459456413,12.206237541616632,1.7797038926230305e+18,1.7796019610852436e+18
1779638988861688237,12.096,2.285,787.05,63.74067605599321,18.095,42.57100193599759,12.206110140839899,1.7797067086778056e+18,1.7796003600588465e+18
1779638989261933304,12.132,1.8975,763.475,63.7430936312603,18.095,42.573892104920915,12.206146404468905,1.7797097461600684e+18,1.7795986331084352e+18
1779638989662441079,12.152,1.68,691.525,63.75067244675417,17.43,42.57793773556628,12.206260086701313,1.7797131936970388e+18,1.779596673005127e+18
1779638990063107915,10.588,40.365,471.95,63.73861321910725,16.8875,42.532855854460905,12.20607919828661,1.7797170848449224e+18,1.77959446052619e+18
1779638990463679584,10.38,44.4675,1440.275,63.730239204571234,17.01,42.49638015842835,12.205953588068569,1.779721386069036e+18,1.779592014743458e+18
1779638990864049524,10.312,45.135,136.725,63.73075671860748,17.535,42.479878762275106,12.205961350779113,1.7797261967720827e+18,1.7795892791968763e+18
1779638991264799230,10.504,40.465,417.25,63.733934068988745,18.060000000000002,42.46946454103712,12.206009011034832,1.779731621849646e+18,1.7795861942511872e+18
1779638991665335415,12.016,2.3,1273.325,63.71113015893804,18.55,42.44691255187089,12.205666952384071,1.779737635239098e+18,1.7795827744869655e+18
1779638992066053183,12.044,2.4325,609.075,63.69818658019695,18.497500000000002,42.425405292318395,12.205472798702955,1.7797444690223882e+18,1.779578887966891e+18
1779638992466755075,11.524,15.3825,220.325,63.70258263144714,18.305,42.41827034289122,12.205538739471708,1.779752324388233e+18,1.7795744204081178e+18
1779638992866974403,10.72,34.85,672.375,63.7111643653335,18.41,42.41592874586903,12.205667465480003,1.7797613291548618e+18,1.7795692991660854e+18
1779638993267262709,10.444,41.1325,413.525,63.715861292185345,18.41,42.421249119613755,12.20573791938278,1.7797718344856538e+18,1.779563324479563e+18
1779638993668032724,10.412,41.6825,1261.975,63.72709136359396,18.462500000000002,42.426833054900015,12.20590637045391,1.7797844422181683e+18,1.779556154134173e+18
1779638994068785560,10.38,41.965,574.425,63.75309961084972,18.6375,42.452913593443064,12.206296494162746,1.7798001762122253e+18,1.7795472060710298e+18
1779638994469473871,10.352,42.6175,114.6,63.773093471187266,18.689999999999998,42.47721664714376,12.20659640206781,1.7798203627461012e+18,1.7795357259905733e+18
1779638994870003434,10.316,43.785,349.725,63.78404002021023,18.8125,42.49289852110767,12.206760600303154,1.7798484433554906e+18,1.7795197565148116e+18
1779638995270394612,10.336,43.4975,1067.275,63.78633854620957,18.9175,42.50172822149348,12.206795078193144,1.7798888488446525e+18,1.779496777635743e+18
1779638995671163691,10.34,43.6325,1618.65,63.7830561682572,19.11,42.50460531416275,12.206745842523858,1.779951026372243e+18,1.7794614164124047e+18
1779638996071471923,10.344,43.5675,24.525,63.77401125083581,19.285,42.50451505308565,12.206610168762538,1.7800571559200525e+18,1.779401058284302e+18
1779638996471801717,10.424,41.35,74.825,63.76417890155604,19.477500000000003,42.50843657877745,12.206462683523341,1.78027813450974e+18,1.7792753818441615e+18
1779638996872168422,10.532,38.4325,228.325,63.7532029549163,19.477500000000003,42.51683044699012,12.206298044323745,1.7810046247194447e+18,1.7788622044648847e+18
1779638997272662114,11.54,12.2475,696.775,63.69590585300691,19.7225,42.50612634735607,12.205438587795104,1.765159469868895e+18,1.7878739238357655e+18
1779638997672808061,11.996,2.5825,487.975,63.63621931537233,19.897499999999997,42.48252676406728,12.204543289730585,1.7784379968493202e+18,1.780321947612951e+18
1779638998073165796,11.96,4.1975,1489.175,63.59508228297506,19.635,42.46846504901423,12.203926234244626,1.7790064204054213e+18,1.7799986677377193e+18
1779638998473349424,10.96,28.9675,1267.8,63.5750001973812,19.5125,42.46293822390839,12.203625002960719,1.7792094294676513e+18,1.7798832114115443e+18
1779638998873621364,10.852,31.15,592.2,63.54829880543725,19.67,42.45832929183367,12.20322448208156,1.779314168317372e+18,1.779823644839044e+18
1779638999273835391,10.848,31.08,168.85,63.51739343345407,19.8625,42.45344114740562,12.202760901501811,1.7793786071759299e+18,1.7797869983531246e+18
1779638999674162153,10.948,29.785,515.275,63.48508629272785,20.0725,42.43766682073073,12.202276294390918,1.7794211051216422e+18,1.7797628305981972e+18
1779639000074490574,10.732,33.4,1572.475,63.45155332094696,20.2825,42.436321694607756,12.201773299814205,1.779451195636214e+18,1.7797457195333489e+18
1779639000474839138,10.836,30.9825,1522.0,63.415345981667876,20.4925,42.432311756199766,12.201230189725019,1.7794734653867395e+18,1.779733056563021e+18
1779639000875127098,10.908,29.0475,1367.975,63.382487801210715,20.72,42.43479872725397,12.200737317018161,1.7794904366498158e+18,1.7797234071301993e+18
1779639001275416666,11.284,19.6825,897.925,63.37001939200523,20.825,42.46834603760633,12.200550290880079,1.77950388398237e+18,1.7797157616934612e+18
1779639001675600493,11.28,20.015,1101.825,63.35610839352753,20.912499999999998,42.477131459926774,12.200341625902913,1.7795150234209277e+18,1.7797094286672596e+18
1779639002075891523,11.428,16.3325,85.7,63.335295750349346,21.0525,42.47854288775263,12.20002943625524,1.779524375882074e+18,1.7797041119098885e+18
1779639002476214978,11.432,16.215,261.525,63.3508532245167,20.9825,42.491971782049994,12.200262798367751,1.7795326208981809e+18,1.779699424509017e+18
1779639002876553056,11.732,9.7825,798.1,63.35219844445842,20.9825,42.49586608447326,12.200282976666877,1.7795397782702991e+18,1.7796953554819779e+18
1779639003276861215,11.972,3.715,797.2,63.32488630020506,20.9475,42.48534716737107,12.199873294503076,1.7795460806261862e+18,1.7796917727982884e+18
1779639003677070758,11.968,4.3825,794.45,63.30411737175898,20.790000000000003,42.477444557250834,12.199561760576385,1.7795516637365071e+18,1.779688599176657e+18
1779639004077368745,12.048,2.735,786.05,63.27945468337086,20.4575,42.46720142717136,12.199191820250563,1.7795565792877676e+18,1.7796858052786798e+18
1779639004477732472,11.508,17.25,760.425,63.27616464860381,20.1775,42.46081628115123,12.199142469729058,1.7795610211371666e+18,1.779683280646653e+18
1779639004878309135,10.888,31.0325,682.225,63.258380910383934,20.002499999999998,42.45171520595915,12.19887571365576,1.7795649447853463e+18,1.7796810507678287e+18
1779639006080091652,12.032,2.4475,968.625,63.20705175649855,20.195,42.43008690908606,12.198105776347479,1.7795682647928556e+18,1.7796791645671936e+18
1779639006480442873,12.04,2.68,1317.6,63.15961451841246,19.95,42.41005963662377,12.197394217776187,1.7795711050552722e+18,1.7796775514966113e+18
1779639006881034218,12.064,2.6,744.175,63.117526049756705,19.635,42.39214186956615,12.196762890746351,1.7795734747490086e+18,1.7796762063335706e+18
1779639007281675633,12.068,2.715,632.625,63.07673091160035,19.635,42.37473727573794,12.196150963674006,1.779575465867449e+18,1.7796750767300746e+18
1779639007682329977,12.072,2.715,292.2,63.03643633256704,19.337500000000002,42.35748785666722,12.195546544988506,1.7795771445522227e+18,1.7796741250553446e+18
1779639008082840577,12.084,2.68,891.7,62.999945883279636,19.075,42.34175425163384,12.194999188249195,1.7795785496511455e+18,1.7796733291984148e+18
1779639008483396998,11.972,5.6975,1082.85,62.968512576196616,18.7425,42.327616995597204,12.19452768864295,1.7795797304968602e+18,1.7796726610664174e+18
1779639008883844076,11.496,17.015,27.775,62.92877271443868,18.515,42.30793701797586,12.19393159071658,1.7795805598574774e+18,1.7796721932368172e+18
1779639009284076774,11.5,16.115,84.75,62.88224334380527,18.41,42.289145539217415,12.19323365015708,1.7795811527812762e+18,1.7796718602436677e+18
1779639009684609232,11.66,11.45,258.625,62.81969523405365,18.41,42.26569151104116,12.192295428510805,1.7795815600594022e+18,1.779671633270283e+18
1779639010085132113,11.568,14.78,789.25,62.76920085931481,18.48,42.243723900383834,12.191538012889723,1.7795818339440271e+18,1.7796714825068892e+18
1779639010685982556,10.916,30.13,770.175,62.71411681022447,18.497500000000002,42.22034290251494,12.190711752153367,1.7795820258915261e+18,1.7796713786785462e+18
1779639011086212802,10.996,27.9,711.975,62.65661791086818,18.5325,42.19860392399924,12.189849268663023,1.7795821609734328e+18,1.779671307515579e+18
1779639011486968093,10.908,29.9825,534.375,62.631117775020655,18.41,42.21346338721478,12.18946676662531,1.7795823043812595e+18,1.7796712316889283e+18
1779639011887665069,10.944,28.1475,1630.775,62.63649422814265,18.689999999999998,42.24946291513025,12.18954741342214,1.7795825157613338e+18,1.7796711170164613e+18
1779639012287845105,10.988,27.7,61.525,62.63760948670809,18.8475,42.27212369245588,12.189564142300622,1.7795828862049236e+18,1.7796709115410348e+18
1779639012688166638,10.904,29.3825,187.75,62.63537169089976,19.005,42.28307271181242,12.189530575363497,1.779583333366923e+18,1.779670662215243e+18
1779639013088338091,10.912,29.9825,572.95,62.666811635599814,19.337500000000002,42.29800651231717,12.190002174533998,1.779583885994013e+18,1.7796703524450227e+18
1779639013488742257,11.936,4.1975,110.1,62.63753875196925,19.337500000000002,42.286564192129134,12.18956308127954,1.7795844113322483e+18,1.7796700582729495e+18
1779639013888936403,12.012,2.9975,335.975,62.612465015616166,19.372500000000002,42.27612174809701,12.189186975234243,1.7795848486399908e+18,1.7796698143522934e+18
1779639014289307267,12.04,2.765,1025.3,62.58804223312255,19.32,42.26593781281634,12.188820633496839,1.7795852264257843e+18,1.779669604426628e+18
1779639014889918090,12.052,2.8825,1490.55,62.568031305620025,19.3025,42.25746014784874,12.1885204695843,1.7795855831236838e+18,1.7796694065495672e+18
1779639015290280443,12.048,3.2,1271.975,62.54212414887492,19.162499999999998,42.24646924700736,12.188131862233124,1.7795859018757816e+18,1.779669230384487e+18
1779639015490396531,12.056,3.25,604.95,62.51664266160117,19.0925,42.235237538329216,12.187749639924018,1.7795862317993661e+18,1.7796690478688591e+18
1779639015890671830,12.06,3.3475,207.75,62.49443820883274,18.900000000000002,42.225333192500706,12.187416573132491,1.7795865454458688e+18,1.7796688746677463e+18
1779639016290991890,12.064,3.2325,634.0,62.465063859429144,18.76,42.21226008368002,12.186975957891438,1.77958681650515e+18,1.7796687258514286e+18
1779639016691334244,12.116,2.13,296.4,62.44534485710315,18.76,42.204062196385756,12.186680172856548,1.779587040724805e+18,1.7796686038199212e+18
1779639017091750976,11.7,11.9,904.525,62.421440377344545,18.6725,42.19584056326947,12.186321605660169,1.7795872199240579e+18,1.779668507562253e+18
1779639017492179932,11.652,12.7675,1121.975,62.432653506665496,18.445,42.21870484915801,12.186489802599983,1.779587313068716e+18,1.779668460385594e+18
1779639017892620023,11.652,13.0,147.175,62.45362774568711,18.2175,42.25004308496853,12.186804416185307,1.7795873872334167e+18,1.7796684239192553e+18
1779639018292944363,10.496,41.5825,449.125,62.45266133568679,18.252499999999998,42.24301512993653,12.186789920035302,1.7795874395835428e+18,1.7796683998942564e+18
1779639018693084538,10.512,40.435,1370.6,62.447589174332045,18.6375,42.23030630813354,12.186713837614981,1.779587492555848e+18,1.7796683755068992e+18
1779639019093407609,10.472,39.915,905.925,62.44996559956488,18.6375,42.2379242394733,12.186749483993474,1.779587531076406e+18,1.7796683593419732e+18
1779639019493685325,11.292,19.2825,1126.25,62.433245826092424,18.8125,42.24304358585994,12.186498687391387,1.7795875189634043e+18,1.7796683721968338e+18
1779639019893911107,11.072,24.98,160.225,62.44530665381622,19.040000000000003,42.24682798829731,12.186679599807244,1.779587497002029e+18,1.779668390610856e+18
1779639020294183253,11.08,24.5,488.95,62.47881079703375,19.0575,42.27481729827435,12.187182161955507,1.7795874791020188e+18,1.7796684065251556e+18
1779639020694677895,11.1,24.5,1492.15,62.49544219101664,19.162499999999998,42.29153673208756,12.18743163286525,1.7795874574335007e+18,1.779668424500623e+18
1779639021095042390,11.456,15.785,1276.875,62.49168300362896,19.0575,42.29681118812985,12.187375245054435,1.7795873960413412e+18,1.779668465221751e+18
1779639021495476304,11.396,17.4325,619.9,62.48318810771787,19.18,42.299592961782224,12.187247821615768,1.7795872568089897e+18,1.7796685505548654e+18
1779639021896078908,11.244,21.1825,253.375,62.47192520242099,18.9175,42.30170696942453,12.187078878036315,1.7795870584951987e+18,1.7796686697875162e+18
1779639022296432407,11.568,12.2825,773.225,62.42671369454754,18.9175,42.29247406539368,12.186400705418214,1.7795867870323886e+18,1.7796688311567944e+18
1779639022698429788,10.964,27.78,721.275,62.41918680201464,18.935000000000002,42.3038063929058,12.18628780203022,1.7795865071110766e+18,1.7796689974411095e+18
1779639023098808377,10.772,32.115,562.75,62.416269360106206,19.127499999999998,42.32163698679328,12.186244040401593,1.7795862628441124e+18,1.779669143340454e+18
1779639023499025409,11.628,10.3325,78.975,62.36841280341799,19.2675,42.30906174294135,12.18552619205127,1.7795859791209436e+18,1.779669312111753e+18
1779639023899500456,11.3,18.4325,241.0,62.34312223672574,19.1975,42.31104301189366,12.185146833550887,1.779585676199835e+18,1.7796694920471716e+18
1779639024299856095,11.184,22.5175,735.45,62.365994953683284,19.25,42.326292369256514,12.18548992430525,1.779585329412718e+18,1.7796696970660529e+18
1779639024700294660,11.788,7.365,606.0,62.33303701968251,19.3025,42.31492938654024,12.184995555295238,1.779584926810548e+18,1.7796699343052244e+18
1779639025100751598,11.96,4.05,210.95,62.30019650006679,19.18,42.30170666826604,12.184502947501002,1.779584437043017e+18,1.7796702217678963e+18
1779639025501264932,12.072,2.0175,643.75,62.27735848202333,19.18,42.292220690461676,12.18416037723035,1.7795838841031122e+18,1.7796705456741824e+18
1779639025901761086,12.112,1.5325,326.15,62.26323198525631,19.022499999999997,42.28611780138965,12.183948479778845,1.7795832566912806e+18,1.7796709124846994e+18
1779639026302153961,12.124,1.4825,995.325,62.285797957280515,18.97,42.33022513783992,12.184286969359208,1.7795826009248407e+18,1.7796712955704868e+18
1779639026702470629,12.132,1.4975,1399.075,62.291206156682904,18.7075,42.32781621587405,12.184368092350244,1.7795817921555758e+18,1.7796717665807498e+18
1779639027102782663,12.02,4.015,992.825,62.29485075073476,18.55,42.321693530272526,12.184422761261022,1.7795808456473193e+18,1.7796723168089754e+18
1779639027503076949,10.92,30.9675,1391.45,62.29575596442449,18.62,42.30588515116422,12.184436339466368,1.7795797683088755e+18,1.7796729423451756e+18
1779639027903386519,10.908,30.235,969.55,62.325907647249174,18.8475,42.3178267317829,12.184888614708738,1.7795785968980398e+18,1.7796736219587284e+18
1779639028303771963,10.976,28.2325,1320.425,62.34036347597038,18.8475,42.327357762402116,12.185105452139556,1.7795772785208166e+18,1.779674386142847e+18
1779639028704184467,10.948,28.5175,752.8,62.34321318938792,19.18,42.3349868645351,12.18514819784082,1.779575745332209e+18,1.7796752739855286e+18
1779639029104428302,11.976,2.8625,658.95,62.291232054180384,19.4425,42.31227864663253,12.184368480812706,1.7795737642380477e+18,1.779676419829186e+18
1779639029504629944,12.072,1.65,372.55,62.257737862750865,19.5825,42.297090456996,12.183866067941263,1.779571315837862e+18,1.779677834879108e+18
1779639030104932110,12.1,1.4325,1136.925,62.227048983146666,19.25,42.28312343850242,12.1834057347472,1.779568326444685e+18,1.7796795616611507e+18
1779639030505237487,12.116,1.4975,192.8,62.20232196485845,18.9525,42.27188163117164,12.183034829472877,1.7795647675385034e+18,1.7796816167306547e+18
1779639030905514165,12.128,1.4975,588.375,62.1783819946845,18.795,42.26098539742281,12.182675729920268,1.7795606358836352e+18,1.7796840021565706e+18
1779639031305872753,12.14,1.5475,157.175,62.15777747610985,18.795,42.25164364998827,12.182366662141648,1.7795558272970327e+18,1.7796867780659433e+18
1779639031706057595,12.148,1.5675,479.65,62.1412696608183,18.5675,42.244126518908175,12.182119044912275,1.7795501767365076e+18,1.779690039645574e+18
1779639032106314890,12.152,1.615,1463.775,62.14389688380265,18.41,42.24655036665013,12.18215845325704,1.7795435623575795e+18,1.7796938571703252e+18
1779639032506762053,12.164,1.4975,1190.275,62.139411230961365,18.55,42.24615108719739,12.18209116846442,1.7795356758964946e+18,1.7796984084717043e+18
1779639032907098964,12.168,1.5675,355.625,62.147052775503624,18.1825,42.25220819873826,12.182205791632555,1.7795263173832502e+18,1.7797038090046147e+18
1779639033307513383,12.172,1.5325,1085.275,62.148465959459024,18.1825,42.25286270290871,12.182226989391886,1.779514424890687e+18,1.7797106708237473e+18
1779639033708018762,11.624,14.6325,35.175,62.133479357485506,17.9025,42.23990088969933,12.182002190362283,1.7794986957113661e+18,1.7797197453011425e+18
1779639034108452249,12.06,4.1,107.325,62.11886237921809,17.675,42.232215783313166,12.181782935688272,1.7794769422267868e+18,1.7797322940564485e+18
1779639034508647032,11.636,14.73,327.525,62.096596396878184,17.4475,42.214232371313784,12.181448945953173,1.7794449699047864e+18,1.779750736278498e+18
1779639034909055795,10.756,34.45,999.525,62.04334616048112,17.4475,42.182700306456525,12.180650192407217,1.77939256154049e+18,1.7797809648033137e+18
1779639035309472647,10.348,43.735,1411.9,61.98921890534317,17.5175,42.15422735982699,12.179838283580148,1.779292241123884e+18,1.7798388263984658e+18
1779639035709908595,11.504,15.4325,1031.975,61.94622629218604,17.955,42.13944066361306,12.179193394382791,1.779026808596808e+18,1.7799919154138534e+18
1779639036110143931,11.624,12.0,1510.925,61.90730054334314,17.709999999999997,42.13863716356891,12.178609508150148,1.776884322846432e+18,1.7812275991954053e+18
1779639036510333019,11.568,13.9825,1334.175,61.907128206910016,17.709999999999997,42.16178344143018,12.17860692310365,1.7807505421470175e+18,1.7789977490812534e+18
1779639036910687482,11.644,11.8175,794.775,61.90883449334589,17.709999999999997,42.1881462924444,12.178632517400189,1.7801036178629821e+18,1.779370864440876e+18
1779639037311351009,11.544,13.75,787.05,61.8997731815259,17.6575,42.204524887078634,12.178496597722889,1.7799295847569774e+18,1.7794712399391452e+18
1779639037711830656,11.48,15.665,763.475,61.89261517267513,17.814999999999998,42.212257633226635,12.178389227590127,1.7798499274218312e+18,1.7795171836669215e+18
1779639038112167836,11.412,17.635,691.525,61.958849462520476,17.57,42.24346740468403,12.179382741937808,1.7798058373215744e+18,1.7795426138727252e+18
1779639038512494850,11.408,17.715,471.95,61.97892946611257,17.22,42.255702775569375,12.179683941991689,1.779777399135817e+18,1.7795590165955668e+18
1779639038912836841,11.416,16.735,1440.275,61.96816090967928,17.22,42.257507644614485,12.17952241364519,1.7797573763658642e+18,1.77957056541358e+18
1779639039713559884,11.376,17.8975,136.725,61.956316081396395,17.3425,42.25810153586339,12.179344741220946,1.7797424148241275e+18,1.7795791950493153e+18
1779639040113734450,11.372,18.085,417.25,61.93197026297736,17.3425,42.25239951518068,12.17897955394466,1.779730666527082e+18,1.7795859714469985e+18
1779639040514423008,11.42,17.565,1273.325,61.909479351449754,17.3425,42.244043411380815,12.178642190271747,1.7797211999765215e+18,1.7795914318608064e+18
1779639040914949987,11.956,4.15,609.075,61.85858349710876,17.4475,42.22127173837963,12.177878752456632,1.7797132664835953e+18,1.7795960081104586e+18
1779639041315628871,12.04,2.65,220.325,61.814238208449716,17.5,42.20082312999201,12.177213573126746,1.7797065632789532e+18,1.7795998748020483e+18
1779639041716016710,12.084,2.215,672.375,61.77755507428933,17.255,42.18370997230689,12.17666332611434,1.7797008788020152e+18,1.7796031539112458e+18
1779639042116251185,12.096,2.25,413.525,61.745345527732425,17.255,42.16862146038888,12.176180182915987,1.7796960890594824e+18,1.7796059168164874e+18
1779639042716520460,12.128,1.68,1261.975,61.71566247817918,16.905,42.15470551637626,12.175734937172688,1.779691949061384e+18,1.7796083049568486e+18
1779639043116747378,12.132,1.715,574.425,61.683499900944575,16.59,42.1453246276626,12.175252498514169,1.7796883110284454e+18,1.7796104036155013e+18
1779639043517009245,12.14,1.75,114.6,61.672966164642155,16.59,42.14897493702272,12.175094492469633,1.7796851012045458e+18,1.779612255389899e+18
1779639043917283918,12.144,1.85,349.725,61.67299714115027,16.2225,42.148952126444364,12.175094957117254,1.7796822003373988e+18,1.779613929201748e+18
1779639044317622982,12.156,1.815,1067.275,61.66420914776862,15.785,42.1447160348371,12.17496313721653,1.7796796049771028e+18,1.7796154268755272e+18
1779639044717956410,12.16,1.8,1618.65,61.65043568382354,15.785,42.13815597958452,12.174756535257353,1.7796772899474092e+18,1.779616762849057e+18
1779639045118316560,12.164,1.8,24.525,61.638488960351715,15.049999999999999,42.1324498245013,12.174577334405276,1.7796752017530194e+18,1.7796179680149192e+18
1779639045518700479,12.164,1.85,74.825,61.62153965802491,14.069999999999999,42.12435619388397,12.174323094870374,1.7796732866131297e+18,1.779619073440518e+18
1779639045918944816,12.176,1.75,228.325,61.608388870138214,14.069999999999999,42.11809537362114,12.174125833052074,1.7796715346499996e+18,1.779620084792343e+18
1779639046319296762,12.18,1.78,696.775,61.5952237630844,13.475,42.11182282521973,12.173928356446266,1.7796699658043968e+18,1.779620990431746e+18
1779639046719755711,12.18,1.615,487.975,61.5760192158415,13.475,42.10284894863691,12.173640288237623,1.7796685432708498e+18,1.7796218116195978e+18
1779639047119938285,12.184,1.665,1489.175,61.559044091607234,13.1075,42.09483389644257,12.173385661374109,1.7796672445720842e+18,1.779622561343764e+18
1779639047520272086,12.188,1.665,1267.8,61.584991716240815,13.1075,42.12235937616072,12.173774875743613,1.7796660700135245e+18,1.7796232394753567e+18
1779639047920572368,12.196,1.615,592.2,61.6511615297104,12.495,42.18849934237703,12.174767422945656,1.779665020341733e+18,1.7796238456058588e+18
1779639048320993499,12.2,1.65,168.85,61.73260710023027,12.495,42.261421306658676,12.175989106503454,1.779664083021297e+18,1.77962438697478e+18
1779639048721519468,12.2,1.7,515.275,61.80525492452415,12.0225,42.321130940768505,12.177078823867863,1.7796632398069074e+18,1.7796248740946048e+18
1779639049121843129,12.2,1.7,1572.475,61.873526725920385,12.0225,42.373560964613546,12.178102900888806,1.7796624959066058e+18,1.7796253038746345e+18
1779639049522305863,12.204,1.68,1522.0,61.940107528190886,11.4625,42.42259837983085,12.179101612922864,1.7796617873984028e+18,1.779625713412666e+18
1779639049922954036,12.208,1.8,1367.975,62.00269723627499,11.4625,42.46055551658999,12.180040458544125,1.7796611132558996e+18,1.7796261032710415e+18
1779639050323644675,12.208,1.7,897.925,62.05448109298049,10.4475,42.48028052136417,12.180817216394708,1.7796604830422403e+18,1.7796264678446925e+18
1779639050723923854,12.216,1.5975,1101.825,62.110440701937925,10.4475,42.50733907350353,12.18165661052907,1.7796598796652068e+18,1.7796268170573955e+18
1779639051124113115,12.216,1.5175,85.7,62.16047597656512,10.4475,42.522828838107934,12.182407139648477,1.779659305366525e+18,1.779627149576366e+18
1779639051524915379,12.216,1.5325,261.525,62.21460940214963,9.625,42.55087098232129,12.183219141032245,1.7796587637458867e+18,1.779627463297379e+18
1779639053526486169,11.404,19.2825,464.25,62.24685252700531,0.0,42.541586210170465,12.18370278790508,1.7796582611234355e+18,1.7796277544896415e+18
1779639053926991346,11.324,21.1475,1416.775,62.292292821361855,0.0,42.556340823516585,12.184384392320428,1.779657797253824e+18,1.779628023301826e+18
1779639054327197342,11.264,21.65,1046.85,62.31332905099499,0.0,42.56629922879239,12.184699935764925,1.779657368246245e+18,1.7796282719426929e+18
1779639054727518413,11.176,23.9825,1556.325,62.32630130008774,7.1575,42.570109864021795,12.184894519501317,1.7796569741436114e+18,1.7796285003627817e+18
1779639055127907641,10.704,34.4825,1472.725,62.329182065960936,7.1575,42.575284073784054,12.184937730989414,1.7796566080100826e+18,1.77962871257403e+18
1779639055528282222,10.936,28.5175,1217.6,62.32073758950714,9.292499999999999,42.57947611254918,12.184811063842607,1.779656261244704e+18,1.7796289135599153e+18
1779639055928974397,10.676,34.4,439.0,62.30667724899144,9.292499999999999,42.585320126376665,12.184600158734872,1.7796559317167526e+18,1.7796291045486574e+18
1779639056329104659,10.772,31.7475,1339.7,62.28391064931348,10.6225,42.59017437049057,12.184258659739703,1.7796556114126648e+18,1.7796292901917908e+18
1779639056729461506,10.616,35.0975,811.625,62.26421278346779,10.6225,42.601771403145534,12.183963191752017,1.7796553090682158e+18,1.779629465404108e+18
1779639057129784281,10.54,36.75,838.475,62.24670728333945,11.375,42.61721897382222,12.183700609250092,1.7796550180677033e+18,1.779629634040621e+18
1779639057529921537,10.52,37.3325,920.4,62.255445933817526,11.375,42.64376131287956,12.183831689007263,1.7796547390345244e+18,1.7796297957716045e+18
1779639057930099339,10.54,36.15,1170.425,62.26661919979041,11.76,42.67956190877245,12.183999287996857,1.7796544759747889e+18,1.7796299482614083e+18
1779639058330321792,10.544,36.315,295.05,62.273355670521696,11.76,42.71329821931278,12.184100335057826,1.7796542316615913e+18,1.7796300898824512e+18
1779639058730462530,10.364,40.3,900.4,62.30316892690917,12.145000000000001,42.75179300396249,12.184547533903638,1.7796540036678195e+18,1.7796302220744492e+18
1779639059130708825,10.436,38.465,1109.4,62.330889761652934,12.145000000000001,42.793303092361725,12.184963346424794,1.779653786625037e+18,1.7796303479586706e+18
1779639059530790370,10.464,38.3475,108.8,62.351599563570865,12.582500000000001,42.82605714550464,12.185273993453563,1.7796535773029117e+18,1.7796304694054154e+18
1779639059930989323,10.492,38.0325,332.025,62.35826004464847,12.635,42.84786676796612,12.185373900669727,1.7796533715104515e+18,1.7796305888381555e+18
1779639060331179813,10.496,37.635,1013.25,62.35698775932261,12.635,42.86920397749917,12.18535481638984,1.7796531658083297e+18,1.7796307082518973e+18
1779639060731371298,10.492,37.6,1453.775,62.34875112079618,12.81,42.88850998291143,12.185231266811943,1.7796529577790446e+18,1.7796308290483855e+18
1779639061131571024,10.456,38.7325,1159.75,62.33728811769573,12.81,42.90300286882128,12.185059321765436,1.7796527484139008e+18,1.7796309506461934e+18
1779639061731794314,10.424,38.9,262.475,62.326454708514206,13.1075,42.92460096362735,12.184896820627714,1.7796525374291592e+18,1.779631073213121e+18
1779639062131988201,10.36,40.2675,801.0,62.314904524678,13.545,42.947944506643815,12.18472356787017,1.7796523255957192e+18,1.779631196298585e+18
1779639062532210757,10.332,41.2825,806.05,62.30109315314675,13.545,42.96569481868086,12.184516397297202,1.779652115017716e+18,1.7796313186724928e+18
1779639062932475634,10.284,42.215,821.45,62.28097877015886,14.157499999999999,42.98307244760648,12.184214681552383,1.7796519054519404e+18,1.7796314404700964e+18
1779639063332849967,10.332,41.7325,868.45,62.25332381580957,14.84,42.98812599999458,12.183799857237144,1.7796516950421617e+18,1.779631562767674e+18
1779639063733030509,10.32,42.365,1011.875,62.231874080779754,14.84,42.991471664881935,12.183478111211697,1.7796514835509594e+18,1.7796316857122422e+18
1779639064133232682,10.22,44.58,1449.575,62.24012371484398,15.260000000000002,43.032579063988,12.18360185572266,1.779651273118078e+18,1.7796318080869763e+18
1779639064533461495,10.248,43.8825,1146.95,62.28626359471822,15.715,43.105515784030445,12.184293953920774,1.7796510707326019e+18,1.7796319258478385e+18
1779639064934018529,10.232,44.4175,223.4,62.328347760659824,16.135,43.17221591146961,12.184925216409898,1.7796508708662275e+18,1.779632042215656e+18
1779639065334742514,10.424,38.95,681.75,62.35136465175571,16.135,43.21822011988135,12.185270469776336,1.7796506742369075e+18,1.7796321567485458e+18
1779639065935868022,10.432,39.4,442.125,62.35933517202286,16.485,43.234832532283356,12.185390027580343,1.7796504805386248e+18,1.779632269609907e+18
1779639066336672736,10.476,38.2325,1349.25,62.36659251733992,17.01,43.253284174601276,12.1854988877601,1.7796502877963735e+18,1.7796323819504768e+18
1779639066736962155,10.42,39.465,840.775,62.37543020735747,17.3075,43.273855597395794,12.185631453110362,1.7796500980626427e+18,1.7796324925712563e+18
1779639067137180101,10.552,36.315,927.425,62.38196627559486,17.3075,43.28911972929594,12.185729494133923,1.7796499137565071e+18,1.7796326000546094e+18
1779639067537875629,10.48,38.165,1191.875,62.395414355289674,17.587500000000002,43.2983516355448,12.185931215329346,1.7796497372429635e+18,1.779632703022549e+18
1779639067938564342,10.56,36.0325,360.5,62.422997366217906,17.99,43.32037973354688,12.186344960493269,1.779649568903313e+18,1.7796328012625743e+18
1779639068339162540,10.588,35.915,1100.15,62.46239130318362,18.235,43.34694057776358,12.186935869547755,1.7796494089088886e+18,1.7796328946820055e+18
1779639068739612838,10.512,37.715,80.575,62.49341831842357,18.4275,43.368812390731975,12.187401274776354,1.7796492547165112e+18,1.7796329847574157e+18
1779639069140211448,10.612,35.5475,245.875,62.513683801822935,18.6375,43.384566180171035,12.187705257027345,1.779649104886479e+18,1.779633072319065e+18
1779639069741050934,10.468,38.98,750.35,62.537144706678035,18.795,43.40169260786099,12.188057170600171,1.779648957202051e+18,1.7796331586658068e+18
1779639070141357427,10.356,41.78,651.475,62.54545296111222,19.022499999999997,43.41928611614036,12.188181794416684,1.7796488108094198e+18,1.7796332442818957e+18
1779639070541766139,10.516,37.5325,349.725,62.558007921829024,19.372500000000002,43.44609603138264,12.188370118827436,1.7796486678174113e+18,1.779633327936316e+18
1779639070942123793,10.48,39.7675,1067.275,62.57037458486166,19.635,43.46611502503664,12.188555618772925,1.779648529972295e+18,1.7796334086059041e+18
1779639071342523933,10.5,38.6825,1618.65,62.58254896830093,19.635,43.48676888230031,12.188738234524514,1.7796483974067796e+18,1.7796334862114724e+18
1779639071943127061,10.504,38.2,24.525,62.5879613007388,20.002499999999998,43.49888681968125,12.188819419511082,1.7796482661277706e+18,1.7796335630844654e+18
1779639072343285982,11.128,21.865,74.825,62.56571667574263,20.37,43.505370480891315,12.18848575013614,1.7796481360773903e+18,1.7796336392355133e+18
1779639072743602003,11.96,2.735,228.325,62.49876161333221,20.6675,43.47411836855306,12.187481424199984,1.7796480036529984e+18,1.7796337167396124e+18
1779639073143871006,12.008,2.5325,696.775,62.458181586632925,20.650000000000002,43.44408601439602,12.186872723799494,1.7796478722748577e+18,1.779633793617232e+18
1779639073544460042,12.044,2.18,487.975,62.47255661772397,20.5625,43.44839408081722,12.18708834926586,1.779647745035731e+18,1.779633868099846e+18
1779639073944923427,12.08,1.615,1489.175,62.46735890991611,20.5275,43.444209373933845,12.187010383648742,1.7796476197403896e+18,1.7796339414571635e+18
1779639074345052759,12.108,1.5325,1267.8,62.479936065149715,20.4575,43.44802978200141,12.187199040977246,1.7796474973095027e+18,1.7796340131626527e+18
1779639074745291132,12.12,1.5325,592.2,62.479553798798165,20.3,43.447857957959044,12.187193306981973,1.779647376840094e+18,1.7796340837348966e+18
1779639075145645161,12.124,1.5175,168.85,62.48036562877243,20.1075,43.45174107933992,12.187205484431587,1.7796473157800164e+18,1.7796341196482394e+18
1779639075545924356,12.132,1.5975,515.275,62.48945961905396,20.1075,43.455187509156325,12.18734189428581,1.7796472554300413e+18,1.7796341551618202e+18
1779639076146311596,12.14,1.4975,1572.475,62.50103173998681,19.9675,43.45898523118409,12.187515476099803,1.779647196296835e+18,1.7796341899807345e+18
1779639076546713685,12.148,1.4975,1522.0,62.54674607506437,19.810000000000002,43.47252668997089,12.188201191125966,1.7796471412840346e+18,1.7796342224237809e+18
1779639076947003785,12.156,1.5475,1367.975,62.60493792064847,19.6175,43.49777910674872,12.189074068809727,1.7796470905096422e+18,1.779634252429994e+18
1779639077347229790,12.16,1.5175,897.925,62.64622263035943,19.477500000000003,43.51595870527588,12.189693339455392,1.7796470430696835e+18,1.7796342805155233e+18
1779639077947751625,12.164,1.5825,1101.825,62.667808247209884,19.3025,43.52578219993949,12.190017123708149,1.7796469979179382e+18,1.7796343072800914e+18
1779639078348018481,12.172,1.5175,85.7,62.71497941329314,19.3025,43.5714013769878,12.190724691199398,1.779646956323772e+18,1.7796343319968957e+18
1779639078748337567,12.172,1.5175,261.525,62.74792339894448,19.145,43.596183160600795,12.191218850984168,1.779646916989827e+18,1.7796343554149757e+18
1779639079148743183,12.176,1.5975,798.1,62.7837615198423,19.0575,43.61930516628012,12.191756422797635,1.7796468797335063e+18,1.7796343776432594e+18
1779639079549085756,12.184,1.5325,797.2,62.835888727443006,18.9875,43.672574044735924,12.192538330911646,1.7796468452530688e+18,1.7796343982838044e+18
1779639079949822068,12.188,1.5475,794.45,62.88634652079574,18.865,43.71808784851512,12.193295197811937,1.7796468144102154e+18,1.7796344168264612e+18
1779639080350533219,12.192,1.5175,786.05,62.92476995024083,18.865,43.73834343312507,12.193871549253613,1.7796467844782746e+18,1.779634434865367e+18
1779639080751073390,12.192,1.5475,760.425,62.961607769587,18.83,43.753863540608926,12.194424116543805,1.7796467551137475e+18,1.7796344526008689e+18
1779639081151700736,12.196,1.4825,682.225,63.00014581524692,18.6375,43.773959826753185,12.195002187228704,1.779646730710192e+18,1.7796344674482125e+18
1779639081552356536,12.2,1.4825,443.575,63.040515065173935,18.689999999999998,43.79658956928268,12.19560772597761,1.779646710179091e+18,1.7796344800488023e+18
1779639082153434161,12.204,1.4325,1353.675,63.079625459536565,18.34,43.8124904349493,12.196194381893049,1.7796466937030758e+18,1.7796344902954673e+18
1779639082553907614,12.208,1.5325,854.275,63.1970148535399,18.34,43.86295299049983,12.197955222803099,1.7796466856784049e+18,1.7796344956592008e+18
1779639082954504316,12.204,1.665,968.625,63.28481015441219,18.025000000000002,43.90267604090079,12.199272152316183,1.7796466839208855e+18,1.7796344974020378e+18
1779639083355045562,12.156,2.565,1317.6,63.35495551065143,17.709999999999997,43.93387541595862,12.200324332659772,1.7796466870445742e+18,1.7796344963259008e+18
1779639083755376044,12.068,4.565,744.175,63.41037327449585,17.4475,43.957481226354595,12.201155599117438,1.7796466948728356e+18,1.779634492523483e+18
1779639084155970392,11.072,28.785,632.625,63.43218406385865,17.22,43.93872061306586,12.20148276095788,1.7796467048918116e+18,1.7796344874484178e+18
1779639084556721395,11.164,25.15,292.2,63.44724026632393,17.22,43.93330489883196,12.20170860399486,1.7796467163107807e+18,1.7796344815609487e+18
1779639084957178383,11.156,24.95,891.7,63.45260403908499,17.36,43.9268761316121,12.201789060586275,1.779646729071397e+18,1.77963447488801e+18
1779639085357783273,10.808,33.015,1082.85,63.45664852922003,17.57,43.93870587304525,12.201849727938301,1.7796467435314657e+18,1.7796344672181747e+18
1779639085958474922,10.604,36.9825,27.775,63.45883622901238,17.8325,43.94626297862057,12.201882543435186,1.7796467598501998e+18,1.7796344584585462e+18
1779639086358812197,10.372,42.1325,84.75,63.46351284572415,18.2,43.96330181481392,12.201952692685863,1.779646779750134e+18,1.7796344475957128e+18
1779639086759329631,10.42,40.2325,258.625,63.470513778031396,18.2,43.98180090741452,12.202057706670471,1.779646801952903e+18,1.7796344353839636e+18
1779639087159651183,10.524,38.7325,789.25,63.49237978893993,18.5675,43.97582912544546,12.2023856968341,1.7796468254635827e+18,1.7796344224205466e+18
1779639087760056246,11.364,17.25,770.175,63.50419069990609,18.9525,43.98649903466623,12.202562860498592,1.7796468504003446e+18,1.7796344086303263e+18
1779639088160394732,11.816,6.95,711.975,63.50399384393599,18.97,43.98935413617153,12.20255990765904,1.7796468754757532e+18,1.7796343947592384e+18
1779639088560643895,12.048,2.0825,534.375,63.492464318307256,18.865,43.98428644874247,12.20238696477461,1.7796469000223304e+18,1.7796343811909317e+18
1779639089160931042,12.096,1.5325,1630.775,63.48652275852086,18.6725,43.981538662796034,12.202297841377813,1.7796469247032676e+18,1.7796343675417439e+18
1779639089561097939,12.112,1.4825,61.525,63.47621058453846,18.445,43.97682421117561,12.202143158768077,1.779646948992085e+18,1.7796343541157274e+18
1779639089961408915,12.124,1.5325,187.75,63.46813971432465,18.445,43.97316707047751,12.20202209571487,1.7796469749073513e+18,1.779634339727391e+18
1779639090361774788,12.136,1.5475,572.95,63.46520941754822,18.1825,43.97183409231549,12.201978141263224,1.779646998667934e+18,1.7796343266047562e+18
1779639090962269038,12.14,1.5475,110.1,63.45821230075232,17.9025,43.96864770303238,12.201873184511285,1.779647020697205e+18,1.7796343144974093e+18
1779639091362470441,12.152,1.5175,335.975,63.45729350303661,17.4825,43.96822281210501,12.20185940254555,1.7796470420811738e+18,1.779634302769326e+18
1779639091762837043,12.156,1.5325,1025.3,63.443326318779675,17.4825,43.965845469524496,12.201649894781696,1.7796470630408246e+18,1.7796342912799316e+18
1779639092163273805,12.164,1.5475,1490.55,63.44767320789642,17.22,43.968265196525905,12.201715098118447,1.7796470843732708e+18,1.779634279575276e+18
1779639092563556733,12.168,1.5325,1271.975,63.44936698554102,16.905,43.969781145037835,12.201740504783116,1.7796471048632325e+18,1.7796342683689172e+18
1779639092963816611,12.172,1.5475,604.95,63.45477574090958,16.905,43.97279012298028,12.201821636113644,1.7796471253849114e+18,1.7796342571487206e+18
1779639093364361785,12.176,1.5175,207.75,63.464277881575,16.537499999999998,43.99359952341495,12.201964168223626,1.779647146864607e+18,1.7796342453733937e+18
1779639093764965040,12.18,1.4625,634.0,63.483820062601,16.275000000000002,44.00987158560438,12.202257300939015,1.7796471711323395e+18,1.7796342319752975e+18
1779639094365952517,12.192,1.5475,296.4,63.54712192972546,16.275000000000002,44.03776312987341,12.203206828945882,1.7796471994164564e+18,1.7796342162707576e+18
1779639094766228552,12.192,1.5325,904.525,63.58192533792577,15.924999999999999,44.05342004865305,12.203728880068887,1.7796472297681966e+18,1.7796341993805522e+18
1779639095166864818,12.196,1.5175,1121.975,63.60824933473935,15.6275,44.0653296991467,12.20412374002109,1.779647261993594e+18,1.779634181412126e+18
1779639095967962886,12.196,1.4975,147.175,63.628299935839976,15.6275,44.07441050147698,12.2044244990376,1.779647296440132e+18,1.7796341621608115e+18
1779639096368368382,12.196,1.4975,449.125,63.68555936845401,15.4525,44.14910184744797,12.20528339052681,1.7796473329480978e+18,1.7796341417477046e+18
1779639096969294299,12.204,1.4975,1370.6,63.75331502016784,15.295,44.22629294332344,12.206299725302518,1.779647374727184e+18,1.779634118298266e+18
1779639097370195326,12.208,1.4975,905.925,63.815592956006704,15.295,44.29005434331697,12.207233894340101,1.7796474217674747e+18,1.7796340918129495e+18
1779639097770824815,12.208,1.5675,1126.25,63.86809380164585,15.260000000000002,44.341944374745204,12.208021407024688,1.77964747285297e+18,1.7796340629996145e+18
1779639098171421068,12.216,1.5325,160.225,63.95639275195366,15.2775,44.38169109997344,12.209345891279305,1.779647530169975e+18,1.779634030605877e+18
1779639098571806329,12.212,1.5325,488.95,64.0245219090817,15.2775,44.412365213929846,12.210367828636226,1.7796475920304402e+18,1.7796339956086072e+18
1779639098972185223,12.216,1.4975,1492.15,64.06418292300602,15.3475,44.43009180024067,12.21096274384509,1.7796476570739436e+18,1.7796339587842386e+18
1779639099372711958,12.212,1.4975,1276.875,64.10375116830353,15.364999999999998,44.46375024193694,12.211556267524553,1.7796477270188728e+18,1.7796339191249674e+18
1779639099773115610,12.176,2.5825,619.9,64.15497314726434,15.364999999999998,44.50655759236722,12.212324597208966,1.7796478018147988e+18,1.779633876672703e+18
1779639100173770907,12.044,5.465,253.375,64.19945757784413,15.382499999999999,44.542947483172476,12.212991863667662,1.7796478805922693e+18,1.7796338319342241e+18
1779639100574519593,11.82,10.765,773.225,64.23773788049265,15.382499999999999,44.566264180359816,12.21356606820739,1.77964796237336e+18,1.7796337854800212e+18
1779639100975132364,11.44,19.1325,721.275,64.26228070919164,15.382499999999999,44.579004240534026,12.213934210637875,1.7796480442271916e+18,1.7796337390194022e+18
1779639101375989958,11.396,19.865,562.75,64.28825039689683,15.540000000000001,44.60017869325739,12.214323755953453,1.7796481264126584e+18,1.7796336924022019e+18
1779639101776693809,11.456,18.1975,78.975,64.31478256428453,15.907499999999999,44.62764072996933,12.214721738464268,1.779648209416023e+18,1.779633645344204e+18
1779639102177201600,11.632,13.435,241.0,64.3378124005084,15.907499999999999,44.66406965935219,12.215067186007627,1.7796482932993933e+18,1.7796335978064666e+18
1779639102577478017,11.4,18.215,735.45,64.35626387326403,16.24,44.70164952885764,12.215343958098961,1.7796483779553948e+18,1.779633549848347e+18
1779639102977898296,11.216,23.615,606.0,64.37494996079052,16.4675,44.72002971502093,12.215624249411858,1.7796484636150134e+18,1.7796335013352e+18
1779639103378246878,10.768,33.85,210.95,64.37556692929336,16.4675,44.71256131974777,12.2156335039394,1.7796485497772984e+18,1.7796334525441009e+18
1779639103778730344,10.82,31.465,643.75,64.41705412367288,16.695,44.71677699136554,12.216255811855094,1.7796486423498212e+18,1.7796334000520102e+18
1779639104179053780,10.548,38.135,326.15,64.4648043178641,17.290000000000003,44.72632058259956,12.216972064767962,1.7796487401926484e+18,1.7796333445362424e+18
1779639104579361610,10.632,36.4475,995.325,64.49278152453905,17.727500000000003,44.72390551265441,12.217391722868086,1.7796488410433108e+18,1.779633287305949e+18
1779639104979534296,10.6,36.665,1399.075,64.48923844073748,18.2175,44.7245268197685,12.217338576611063,1.779648941368207e+18,1.7796332304013862e+18
1779639105379794841,10.656,34.85,992.825,64.49001873190807,18.6725,44.73299638053951,12.217350280978621,1.7796490418591542e+18,1.7796331734213276e+18
1779639105980292556,10.692,32.985,1391.45,64.49305185299414,19.040000000000003,44.75379166299646,12.217395777794913,1.7796491467979553e+18,1.7796331138640328e+18
1779639106380676024,11.52,12.7475,969.55,64.4518253748348,19.040000000000003,44.76291613372738,12.216777380622522,1.7796492516254093e+18,1.779633054351719e+18
1779639106781040904,11.96,3.3675,1320.425,64.40014500653577,19.355,44.74307376472313,12.216002175098037,1.779649354822606e+18,1.779632995761306e+18
1779639107181414274,12.08,1.4975,752.8,64.36409319519436,19.18,44.7276011039536,12.215461397927916,1.7796494582573924e+18,1.7796329370140562e+18
1779639107581680020,12.1,1.4825,658.95,64.33865025403742,19.2325,44.71343439105894,12.215079753810562,1.7796495638892124e+18,1.7796328769737887e+18
1779639108182311159,12.108,1.415,372.55,64.32550310540839,19.18,44.69867651026487,12.214882546581126,1.7796496730288596e+18,1.7796328148897042e+18
1779639108582712987,12.124,1.5175,1136.925,64.32094694755195,19.2325,44.6896810626818,12.21481420421328,1.7796497787005583e+18,1.7796327548486167e+18
1779639108983091512,12.136,1.5675,192.8,64.3304898523182,19.215,44.68642137843166,12.214957347784773,1.7796498859568952e+18,1.7796326939099543e+18
1779639109383731801,12.144,1.4475,588.375,64.34173061984127,19.215,44.6837919054074,12.21512595929762,1.7796499955761562e+18,1.7796326316212255e+18
1779639109784441295,12.152,1.5675,157.175,64.36179612093721,19.145,44.68970972957534,12.215426941814059,1.7796501046475615e+18,1.7796325696967777e+18
1779639110185180584,12.156,1.4975,479.65,64.40171429324808,19.005,44.70689635178246,12.216025714398722,1.7796502153514752e+18,1.7796325068827827e+18
1779639110585623686,12.16,1.5175,1463.775,64.43135231177435,19.040000000000003,44.7194333456517,12.216470284676616,1.7796503291584128e+18,1.779632442309882e+18
1779639110985990530,12.172,1.4625,1190.275,64.46423072064293,18.7425,44.73435698407387,12.216963460809644,1.7796504480700603e+18,1.7796323748141737e+18
1779639111386859650,12.172,1.5175,355.625,64.46146512076109,18.62,44.742200104892,12.216921976811417,1.7796505687904689e+18,1.7796323062824315e+18
1779639111787527033,12.176,1.4625,1085.275,64.4744660552446,18.62,44.76471866560153,12.21711699082867,1.7796506955350966e+18,1.7796322342716746e+18
1779639112188076440,12.18,1.4825,35.175,64.52543835927082,18.5325,44.78793232956116,12.217881575389063,1.7796508336878574e+18,1.7796321556856566e+18
1779639112588700664,12.188,1.4825,107.325,64.57124692440787,18.602500000000003,44.80875228368782,12.218568703866119,1.7796509831928855e+18,1.7796320705568335e+18
1779639113590046577,12.2,1.4975,1411.9,64.6136137588674,18.3575,44.82819609878346,12.219204206383012,1.7796511491087862e+18,1.779631975944925e+18
1779639113990485755,12.208,1.4975,1031.975,64.65547590772304,18.095,44.84745363425414,12.219832138615846,1.779651330302844e+18,1.779631872508648e+18
1779639114390707390,12.208,1.4825,1510.925,64.69506589726454,17.9375,44.86568804130633,12.220425988458969,1.7796515268881477e+18,1.7796317601873746e+18
1779639114791335637,12.204,1.4475,1334.175,64.72691881180188,17.6575,44.88043008498752,12.220903782177029,1.7796517393558044e+18,1.7796316386932838e+18
1779639115191793682,12.212,1.4475,794.775,64.75188021145372,17.6575,44.89238571456145,12.221278203171806,1.779651972299617e+18,1.7796315053474675e+18
1779639115592171487,12.212,1.5825,787.05,64.77343708427776,17.290000000000003,44.90798993902501,12.221601556264167,1.7796522288554465e+18,1.7796313583281907e+18
1779639115992627134,12.22,1.5475,763.475,64.80617858027549,17.0625,44.9234759488635,12.222092678704133,1.7796525111050488e+18,1.7796311964486318e+18
1779639116392993663,12.22,1.5175,691.525,64.85376667893196,16.7825,44.94109688945322,12.22280650018398,1.7796528212812183e+18,1.7796310184424837e+18
1779639116793251488,12.212,1.5675,471.95,64.88021335137117,16.7825,44.954487787088404,12.223203200270568,1.779653157262909e+18,1.7796308255318602e+18
1779639117193409521,12.22,1.5325,1440.275,64.91157177318263,16.537499999999998,44.98182847282002,12.22367357659774,1.7796535219092142e+18,1.7796306160732557e+18
1779639117593806004,12.228,1.4475,1118.55,64.94373962054422,16.275000000000002,45.003630429795415,12.224156094308164,1.7796539180912392e+18,1.7796303884130045e+18
1779639117993949969,12.228,1.5175,136.725,64.97777567603065,16.275000000000002,45.02844777052118,12.22466663514046,1.7796543483786276e+18,1.7796301410769646e+18
1779639118394134853,12.228,1.5175,417.25,65.0121880202751,16.064999999999998,45.04089945362113,12.225182820304127,1.7796548059853919e+18,1.7796298780346304e+18
1779639118794417817,12.228,1.5325,1273.325,65.04543836077761,15.837500000000002,45.05888219671911,12.225681575411665,1.7796552859813926e+18,1.7796296021694666e+18
1779639119194719626,12.228,1.4975,609.075,65.07798987141031,15.837500000000002,45.07449951647235,12.226169848071155,1.7796557936063444e+18,1.7796293104487872e+18
1779639119595166964,12.232,1.4625,220.325,65.11097284534068,15.592500000000001,45.100257379767946,12.22666459268011,1.7796563385265866e+18,1.779628997272536e+18
1779639119995348180,12.236,1.4975,672.375,65.18920008429392,15.3475,45.133522738575095,12.22783800126441,1.7796569268882184e+18,1.7796286591738294e+18
1779639120395569971,12.236,1.5825,413.525,65.26132770537822,15.3475,45.16541983815388,12.228919915580674,1.7796575729057623e+18,1.7796282879198295e+18
1779639120795933617,12.232,1.5475,1261.975,65.32339495935852,15.102500000000001,45.193105799871525,12.229850924390378,1.7796582934360522e+18,1.7796278737470646e+18
1779639121196155882,12.16,3.08,574.425,65.37472514894804,15.102500000000001,45.214955381658335,12.230620877234221,1.779659089447256e+18,1.7796274161277583e+18
1779639121596446663,12.104,4.6,114.6,65.42493266722877,14.77,45.23489269023721,12.231373990008432,1.7796599761643932e+18,1.7796269062798577e+18
1779639121996856282,11.852,10.2,349.725,65.46398570512244,14.4375,45.24529648348928,12.231959785576837,1.7796609692929682e+18,1.779626335135077e+18
1779639122397112723,11.652,14.265,1067.275,65.490015042425,14.4375,45.24864493478749,12.232350225636376,1.7796620757008092e+18,1.7796256987570511e+18
1779639122797354745,10.704,36.4975,1618.65,65.48805606166488,14.455,45.20519597339743,12.232320840924974,1.7796633022524065e+18,1.7796249931770158e+18
1779639123197736772,10.584,38.665,24.525,65.4845067332092,14.735,45.16773677706326,12.232267600998139,1.7796646693458847e+18,1.7796242066430205e+18
1779639123598165139,10.472,41.1175,74.825,65.46696507453542,14.735,45.12370895748012,12.232004476118032,1.7796661929680998e+18,1.7796233299406797e+18
1779639123998488012,10.44,41.965,228.325,65.45039930036612,15.242500000000001,45.077222294247186,12.231755989505492,1.7796679454035039e+18,1.7796223212998177e+18
1779639124398832669,10.36,43.165,696.775,65.43458336416168,15.575000000000001,45.04227572002555,12.231518750462426,1.779669920530823e+18,1.7796211843958674e+18
1779639124799458164,10.272,44.615,487.975,65.44640826538333,15.575000000000001,45.07848158181035,12.23169612398075,1.7796721676398904e+18,1.7796198909189084e+18
1779639125199743995,10.344,43.0675,1489.175,65.45125826556115,16.03,45.097022340567136,12.231768873983418,1.7796747510208863e+18,1.779618403822987e+18
1779639125599872580,10.348,42.85,1267.8,65.44787136827397,16.3625,45.09124368572503,12.23171807052411,1.779677772768806e+18,1.7796166642407101e+18
1779639126000271583,10.24,45.565,592.2,65.44778347155508,16.8,45.054892246886546,12.231716752073327,1.7796813563071918e+18,1.7796146010947443e+18
1779639126400480242,10.248,44.8325,168.85,65.44413016542079,16.8,45.03209105081418,12.231661952481312,1.7796856464870572e+18,1.7796121309958356e+18
1779639126800880848,10.628,34.9975,515.275,65.45104732059299,17.255,45.03350004619488,12.231765709808895,1.779690891632576e+18,1.779609110959444e+18
1779639127201103547,11.216,21.0475,1572.475,65.44283567625355,17.605,45.03584864408972,12.231642535143804,1.7796972652296468e+18,1.7796054412920837e+18
1779639127801830195,11.028,25.48,1522.0,65.45348358632839,17.709999999999997,45.044293067901926,12.231802253794926,1.7797053196910185e+18,1.7796008038813768e+18
1779639128202218006,11.288,18.015,897.925,65.43619374349001,17.849999999999998,45.0488574507472,12.23154290615235,1.7797157825180966e+18,1.779594779697594e+18
1779639128602659223,11.064,24.8675,1101.825,65.43655821958399,17.849999999999998,45.05299618932865,12.23154837329376,1.7797298643600517e+18,1.779586671849704e+18
1779639129203062133,11.008,26.1825,85.7,65.46646481102007,18.0425,45.065319869181955,12.231996972165302,1.7797503411722714e+18,1.7795748819402237e+18
1779639129603413913,11.028,26.05,261.525,65.46473848138166,18.025000000000002,45.06733102216462,12.231971077220726,1.7797825717809585e+18,1.7795563242085376e+18
1779639130003805390,11.012,25.965,798.1,65.46005740858081,18.34,45.0726057808797,12.231900861128713,1.7798404890567982e+18,1.7795229761937144e+18
1779639130404195911,11.048,25.15,797.2,65.50150255245575,18.5325,45.090704995856434,12.232522538286837,1.7799791823490038e+18,1.7794431180092186e+18
1779639130804277418,11.056,25.465,794.45,65.52013332372329,18.8475,45.08983992506122,12.23280199985585,1.780734175611648e+18,1.7790083988678807e+18
1779639131204525073,11.052,25.4325,786.05,65.52160576217369,19.18,45.091465787255146,12.232824086432606,1.7787686449577633e+18,1.7801401415832138e+18
1779639131604780483,11.2,21.415,760.425,65.55409499618945,19.477500000000003,45.11177694741407,12.233311424942842,1.7793290304076337e+18,1.77981747488953e+18
1779639132005116144,11.364,17.3825,682.225,65.57446404718823,19.477500000000003,45.130592256475104,12.233616960707824,1.7794508007541952e+18,1.779747360651376e+18
1779639132405371635,11.92,4.2325,443.575,65.55411397477633,19.775000000000002,45.12415627595669,12.233311709621645,1.7795033782566956e+18,1.7797170873457085e+18
1779639132805661665,11.968,3.65,1353.675,65.53414696410935,19.95,45.1171543395415,12.233012204461641,1.7795327117728932e+18,1.779700197844865e+18
1779639133206163245,12.052,2.265,854.275,65.51740770990735,19.8275,45.11024665353268,12.23276111564861,1.7795514432055396e+18,1.7796894129822528e+18
1779639133606513764,12.076,1.9675,968.625,65.5011179803402,19.6525,45.103283694996854,12.232516769705104,1.779564389278055e+18,1.7796819592371343e+18
1779639134006974089,12.104,1.5475,1317.6,65.48674971207839,19.5475,45.096236576844554,12.232301245681176,1.7795739902331717e+18,1.7796764317337981e+18
1779639134407459697,12.124,1.4625,744.175,65.46519984382644,19.355,45.108458489292204,12.231977997657397,1.7795813388755126e+18,1.779672201134469e+18
1779639134807600772,12.132,1.5475,632.625,65.44982796357313,19.355,45.111797669154896,12.231747419453598,1.7795871635312952e+18,1.7796688480668298e+18
1779639135208091214,12.14,1.5175,292.2,65.43780588305437,19.2675,45.11073447840764,12.231567088245816,1.7795918054397148e+18,1.7796661758364708e+18
1779639135608631646,12.148,1.5175,891.7,65.43056551264708,19.11,45.10823205545522,12.231458482689707,1.779595616226433e+18,1.7796639820700283e+18
1779639136008890626,12.152,1.4475,1082.85,65.48051916501036,19.022499999999997,45.12876793712778,12.232207787475156,1.7795989151338012e+18,1.7796620830318464e+18
1779639136409387781,12.16,1.4825,27.775,65.51804966789858,19.005,45.145245209443814,12.23277074501848,1.7796017855338644e+18,1.779660430733528e+18
1779639136809726752,12.164,1.5325,84.75,65.55025773459629,18.9175,45.15952705246193,12.233253866018945,1.7796043012670446e+18,1.7796589826644623e+18
1779639137209871016,12.172,1.5175,258.625,65.57694895600632,18.9175,45.17132854503699,12.233654234340095,1.7796065189785475e+18,1.779657706209381e+18
1779639137610258707,12.172,1.5475,789.25,65.59864310371206,18.865,45.18091808709666,12.233979646555682,1.7796084813712663e+18,1.7796565767696924e+18
1779639138010605129,12.18,1.4625,770.175,65.61559342906693,18.6725,45.18840641003005,12.234233901436005,1.7796102253602598e+18,1.779655573086391e+18
1779639138410726546,12.184,1.5475,711.975,65.63202501577084,18.584999999999997,45.19565379397398,12.234480375236563,1.779611789867144e+18,1.7796546727664852e+18
1779639138811051573,12.188,1.4975,534.375,65.64640332365181,18.41,45.20200152583292,12.234696049854778,1.7796132097031158e+18,1.7796538558020083e+18
1779639139211393954,12.192,1.4975,1630.775,65.65953724142264,18.41,45.207809024149675,12.23489305862134,1.7796144973165123e+18,1.7796531149934428e+18
1779639139611778164,12.192,1.5325,61.525,65.67004258827475,18.252499999999998,45.2124483914819,12.235050638824122,1.7796156733551206e+18,1.7796524384681523e+18
1779639140012139820,12.196,1.4625,187.75,65.67983320793813,18.095,45.216787894458854,12.235197498119073,1.7796167518432328e+18,1.7796518181483822e+18
1779639140412522341,12.2,1.4975,572.95,65.68160351739922,18.0775,45.22352399491184,12.235224052760989,1.7796177417939218e+18,1.7796512488443446e+18
1779639140812913242,12.2,1.4975,110.1,65.69241392796619,18.0775,45.22852818673672,12.235386208919493,1.7796186581947889e+18,1.7796507219261425e+18
1779639141213246427,12.204,1.4825,335.975,65.69137567364147,17.9025,45.23604026503135,12.235370635104623,1.7796195051278456e+18,1.7796502350424975e+18
1779639141613604475,12.204,1.5675,1025.3,65.71243960174415,17.6925,45.2689700481077,12.235686594026163,1.7796202978513265e+18,1.779649779404259e+18
1779639142013843329,12.208,1.5675,1490.55,65.74871297316913,17.5175,45.32097815919482,12.236230694597538,1.7796210464217843e+18,1.7796493492199864e+18
1779639142414196752,12.208,1.4625,1271.975,65.77423439557768,17.3075,45.327992303291495,12.236613515933666,1.7796217509636006e+18,1.7796489444156457e+18
1779639142814682878,12.212,1.5175,604.95,65.81480594806872,17.3075,45.33912107652852,12.237222089221031,1.779622415528901e+18,1.77964856263372e+18
1779639143214963836,12.216,1.5675,207.75,65.84679175338843,17.1325,45.34902092770231,12.237701876300827,1.779623038237685e+18,1.7796482049391035e+18
1779639143615204314,12.216,1.5475,634.0,65.88594070270561,16.852500000000003,45.36057769135461,12.238289110540585,1.7796236196697992e+18,1.779647870967975e+18
1779639144015615563,12.212,1.4975,296.4,65.92372789960694,16.852500000000003,45.36901110827429,12.238855918494105,1.7796241682133258e+18,1.7796475559270907e+18
1779639144416061966,12.212,1.65,904.525,65.95673402950182,16.59,45.376943477799294,12.239351010442528,1.779624684291827e+18,1.779647259565035e+18
1779639144816318609,12.216,1.7,1121.975,65.98629790763661,16.099999999999998,45.38558354788806,12.23979446861455,1.7796251697193098e+18,1.7796469808378893e+18
1779639145216678509,12.22,1.5475,147.175,66.01447496146942,16.099999999999998,45.39353630849147,12.240217124422042,1.7796256137506621e+18,1.7796467258353216e+18
1779639145617372501,12.132,3.53,449.125,66.05040114870013,15.855,45.39881621161277,12.240756017230503,1.7796260275774234e+18,1.7796464881633277e+18
1779639146017661604,12.14,3.265,1370.6,66.08089514978164,15.6275,45.403097589442595,12.241213427246725,1.7796264154212782e+18,1.779646265414337e+18
1779639146418269016,12.008,6.6475,905.925,66.11578377077747,15.6275,45.40724073118406,12.241736756561663,1.7796267819868572e+18,1.779646054895866e+18
1779639146818765939,12.096,3.65,1126.25,66.12900415553418,15.4175,45.408835912725934,12.241935062333013,1.779627128189308e+18,1.7796458561016276e+18
1779639147219200324,11.528,17.2975,160.225,66.18346292475836,15.4175,45.41916151267502,12.242751943871376,1.7796274609398548e+18,1.7796456650510848e+18
1779639147619568662,11.32,21.715,488.95,66.22812144124852,15.4175,45.42544739354021,12.243421821618728,1.7796277808545687e+18,1.7796454814006106e+18
1779639148019894440,11.408,19.2675,1492.15,66.26104277067002,15.645,45.432655315392665,12.24391564156005,1.7796280878078318e+18,1.779645305227901e+18
1779639148420184878,11.364,19.93,1276.875,66.28545423379981,15.8725,45.438514522104406,12.244281813506998,1.7796283814929352e+18,1.7796451367080067e+18
1779639148820410267,11.412,18.48,619.9,66.3046998695937,15.8725,45.445641422581154,12.244570498043906,1.779628663439519e+18,1.7796449749715645e+18
1779639149220632431,11.344,19.6325,253.375,66.31861817994968,16.205,45.45305120532924,12.244779272699246,1.7796289346219827e+18,1.7796448194644032e+18
1779639149620943543,11.356,18.55,773.225,66.320777034099,16.537499999999998,45.46115473764222,12.244811655511485,1.7796291945875446e+18,1.7796446704460626e+18
1779639150021097334,11.288,20.7325,721.275,66.32586703846661,16.7825,45.46587106748172,12.244888005577,1.7796294454297838e+18,1.7796445267220385e+18
1779639150421403802,11.356,18.6825,562.75,66.32085923487803,16.7825,45.46990539658991,12.244812888523171,1.7796296844534712e+18,1.7796443898162995e+18
1779639150821728474,11.384,18.7175,78.975,66.32026329684466,16.939999999999998,45.4711745802603,12.24480394945267,1.7796299138884785e+18,1.779644258455486e+18
1779639151221870896,11.36,18.7325,241.0,66.31317986008969,17.150000000000002,45.47326583525575,12.244697697901346,1.7796301338562632e+18,1.7796441325687212e+18
1779639151621976365,11.444,16.6,735.45,66.30092487232639,17.43,45.47418629728036,12.244513873084896,1.7796303446972209e+18,1.7796440119600855e+18
1779639152022210190,11.572,12.93,606.0,66.27131820279592,17.43,45.46991375673115,12.24406977304194,1.7796305454806339e+18,1.7796438971616822e+18
1779639152422517453,11.968,3.4675,210.95,66.21200808547043,17.465,45.44578955840662,12.243180121282057,1.779630734911712e+18,1.7796437889167578e+18
1779639152822813969,12.068,2.1,643.75,66.170882768723,17.5,45.428002323070075,12.242563241530846,1.7796309153398833e+18,1.779643685874756e+18
1779639153223134650,12.12,1.4625,326.15,66.13682064541453,17.5,45.41290673532647,12.242052309681219,1.7796310880848806e+18,1.779643587277692e+18
1779639153623400545,12.132,1.4825,995.325,66.10694111260744,17.4475,45.399685435382224,12.241604116689112,1.7796312535166395e+18,1.7796434929064945e+18
1779639154023730507,12.14,1.5325,1399.075,66.07919857173039,17.4475,45.38742481078255,12.241187978575956,1.779631411185406e+18,1.7796434030057587e+18
1779639154624333743,12.148,1.4975,992.825,66.05185299129401,17.377499999999998,45.37534768924887,12.24077779486941,1.7796315598989302e+18,1.7796433182392133e+18
1779639155024662744,12.156,1.4975,1391.45,66.02721205413238,17.465,45.36449065614183,12.240408180811986,1.7796317000406917e+18,1.7796432383815672e+18
1779639155425139636,12.164,1.5475,969.55,66.00735810560805,17.465,45.35575974977218,12.240110371584121,1.779631832629746e+18,1.7796431628495964e+18
1779639155825708704,12.168,1.4975,1320.425,65.98686657029265,17.465,45.34674276530331,12.23980299855439,1.7796319612583885e+18,1.7796430896191398e+18
1779639156426121276,12.172,1.4325,752.8,65.96259195680001,17.4475,45.33611903326911,12.239438879352,1.7796320856123057e+18,1.7796430188660572e+18
1779639156826500019,12.184,1.5325,658.95,65.94802781996103,17.5175,45.329743725857924,12.239220417299416,1.7796322051267523e+18,1.7796429508967012e+18
1779639157226802391,12.188,1.5825,1136.925,65.93473389450106,17.57,45.32388055152212,12.239021008417517,1.7796323215348168e+18,1.7796428847336535e+18
1779639157627089251,12.192,1.4975,192.8,65.92316091074895,17.5,45.31875953058118,12.238847413661235,1.7796324341703163e+18,1.7796428207479176e+18
1779639158027536341,12.196,1.4975,588.375,65.91314373976647,17.0975,45.31433465866812,12.238697156096498,1.7796325432251602e+18,1.7796427588268782e+18
1779639158427797053,12.188,1.9325,157.175,65.92246427944603,17.0975,45.32467391775833,12.238836964191691,1.779632649533944e+18,1.779642698487813e+18
1779639158828110356,12.112,3.3125,479.65,65.92543367492729,16.712500000000002,45.33348330759835,12.23888150512391,1.7796327517929073e+18,1.77964264046368e+18
1779639159228399216,12.092,3.6825,1463.775,65.93294520402995,16.45,45.337614337612905,12.23899417806045,1.7796328494255962e+18,1.7796425850720822e+18
1779639159628668437,11.588,15.815,1190.275,65.94603887783026,16.45,45.33969797090853,12.239190583167455,1.7796329432775045e+18,1.7796425318334426e+18
1779639160029028573,11.716,12.1825,355.625,65.95578081558502,16.1525,45.34979256827523,12.239336712233776,1.7796330335084833e+18,1.7796424806581266e+18
1779639160429500933,11.62,14.2,1085.275,65.96279089115144,16.099999999999998,45.34739678125108,12.239441863367272,1.7796331202482045e+18,1.779642431473023e+18
1779639160829962293,11.048,28.1175,35.175,65.96721465139359,16.099999999999998,45.327288368897904,12.239508219770904,1.7796332038813489e+18,1.7796423840622979e+18
1779639161230529463,10.928,30.4175,327.525,65.96853852309019,16.310000000000002,45.30140009259524,12.239528077846353,1.7796332847071086e+18,1.7796423382584271e+18
1779639161630851289,10.456,41.1325,999.525,65.95570598234497,16.625,45.25540367017802,12.239335589735175,1.7796333619387474e+18,1.7796422945105303e+18
1779639162031230906,10.268,44.9675,1411.9,65.94068390268251,16.625,45.2110195620118,12.239110258540238,1.7796334364217528e+18,1.7796422523421243e+18
1779639162431571447,10.244,45.165,1031.975,65.9290728221376,17.115,45.176531827567366,12.238936092332064,1.7796335086019167e+18,1.7796422114993746e+18
1779639162831831175,10.324,43.65,1510.925,65.91543655022636,17.5525,45.1273216323857,12.238731548253396,1.7796335781941914e+18,1.7796421721406764e+18
1779639163432295805,10.4,40.1,794.775,65.9154299068158,18.5675,45.11973950408964,12.238731448602238,1.77963364577279e+18,1.779642133937224e+18
1779639163832633747,10.612,35.7,787.05,65.90944320139486,19.022499999999997,45.10194229434504,12.238641648020923,1.7796337114887805e+18,1.7796420968057713e+18
1779639164233002406,10.356,42.8825,763.475,65.89502084121881,19.337500000000002,45.052962585107586,12.238425312618283,1.7796337749609608e+18,1.7796420609618514e+18
1779639164633297369,10.412,41.95,691.525,65.88169947568767,19.705,45.00772053706862,12.238225492135316,1.7796338360223862e+18,1.7796420264970368e+18
1779639165433832998,12.028,1.5675,1440.275,65.81590219690361,20.002499999999998,44.967349131544765,12.237238532953555,1.7796338935916314e+18,1.7796419940394424e+18
1779639165834098720,12.056,1.4475,1118.55,65.7598190113591,19.9325,44.92611777682738,12.236397285170387,1.77963394834764e+18,1.779641963201069e+18
1779639166234450810,12.08,1.5325,136.725,65.71639812291059,19.775000000000002,44.88812312737322,12.23574597184366,1.7796340007976584e+18,1.779641933690591e+18
1779639166634778826,12.092,1.5175,417.25,65.67889216149014,19.67,44.85687278416528,12.235183382422353,1.7796340513419333e+18,1.7796419052802596e+18
1779639167035123850,12.104,1.4625,1273.325,65.6432350368413,19.635,44.81686381014903,12.23464852555262,1.7796341001708677e+18,1.7796418778615252e+18
1779639167435477398,12.12,1.5825,609.075,65.61551766395033,19.599999999999998,44.77764922607991,12.234232764959255,1.779634147561433e+18,1.779641851274986e+18
1779639167835880993,12.124,1.4475,220.325,65.5882225360592,19.599999999999998,44.74392142619462,12.233823338040889,1.779634193662466e+18,1.7796418254364334e+18
1779639168236584460,12.136,1.4975,672.375,65.56541219753724,19.53,44.70821427128811,12.23348118296306,1.7796342386307786e+18,1.7796418002554644e+18
1779639168637049034,12.14,1.4625,413.525,65.54794332055289,19.477500000000003,44.68536333055901,12.233219149808294,1.7796342827413535e+18,1.7796417755757988e+18
1779639169037343236,12.14,1.5825,1261.975,65.53508825335561,19.215,44.67085502755852,12.233026323800335,1.7796343261364042e+18,1.7796417513155548e+18
1779639169438306466,12.152,1.4975,574.425,65.5248124233029,18.935000000000002,44.656089419799585,12.232872186349544,1.7796343687359654e+18,1.7796417275173796e+18
1779639169838631379,12.152,1.5675,114.6,65.5154084178138,18.900000000000002,44.63993595139943,12.232731126267208,1.7796344103754225e+18,1.7796417042716961e+18
1779639170238939978,12.164,1.4975,349.725,65.51099179149935,18.900000000000002,44.6291724380944,12.23266487687249,1.7796344513711619e+18,1.7796416813999995e+18
1779639170639301900,12.168,1.5175,1067.275,65.50352249341229,18.62,44.595282011370884,12.232552837401185,1.7796344915048745e+18,1.7796416590243753e+18
1779639171039652799,12.172,1.4475,1618.65,65.49941735241562,18.41,44.573997953066815,12.232491260286235,1.7796345310450831e+18,1.779641636993814e+18
1779639171440137646,12.176,1.4825,24.525,65.49724857822486,18.287499999999998,44.54999680217971,12.232458728673373,1.7796345699265836e+18,1.779641615344067e+18
1779639171840332855,12.18,1.4625,74.825,65.49503279164108,18.2,44.52385283938091,12.232425491874617,1.779634608062479e+18,1.779641594122122e+18
1779639172440879879,12.188,1.5325,228.325,65.49886461471277,18.2,44.49820401574238,12.232482969220692,1.7796346455792307e+18,1.779641573256051e+18
1779639172841286242,12.188,1.5175,696.775,65.5016640926072,17.955,44.47443711801541,12.232524961389108,1.7796346824312645e+18,1.7796415527700844e+18
1779639173642083107,12.192,1.5175,487.975,65.50614891873154,17.8325,44.44554691165532,12.232592233780974,1.7796347184146854e+18,1.779641532779335e+18
1779639174042534115,12.196,1.4825,1489.175,65.51353559769342,17.605,44.42732311026582,12.232703033965402,1.7796347533102198e+18,1.779641513401226e+18
1779639174443288939,12.196,1.5675,1267.8,65.52132256265355,17.605,44.40925010608985,12.232819838439804,1.7796347869591222e+18,1.7796414947222177e+18
1779639174843697834,12.2,1.5175,592.2,65.5313185852847,17.5,44.394540584613296,12.232969778779271,1.779634819522675e+18,1.7796414766516183e+18
1779639175244192905,12.208,1.5175,168.85,65.54325241441256,17.377499999999998,44.38233833466218,12.233148786216189,1.7796348512365094e+18,1.7796414590578396e+18
1779639175644627254,12.208,1.5675,515.275,65.5564993552463,17.290000000000003,44.37554825457924,12.233347490328695,1.7796348820161495e+18,1.7796414419867704e+18
1779639176244980592,12.208,1.5175,1572.475,65.56645448272316,17.290000000000003,44.35344907686944,12.233496817240848,1.7796349123762148e+18,1.7796414251560586e+18
1779639176645691762,12.212,1.4825,1522.0,65.58537699003699,17.2025,44.3681580207477,12.233780654850555,1.77963494257101e+18,1.7796414084201828e+18
1779639177045948476,12.212,1.5325,1367.975,65.60070135130103,17.2025,44.36563566347545,12.234010520269516,1.7796349725208855e+18,1.7796413918246584e+18
1779639177446144921,12.212,1.5475,897.925,65.6136296726078,17.2025,44.35196539492014,12.234204445089118,1.7796350025094935e+18,1.7796413752137219e+18
1779639177846378821,12.216,1.5325,1101.825,65.64532017137863,17.2025,44.324164554916706,12.23467980257068,1.7796350325886938e+18,1.779641358551449e+18
1779639178246607774,12.212,1.5325,85.7,65.71885536331357,17.150000000000002,44.35597648990093,12.235782830449704,1.77963506343116e+18,1.7796413414504502e+18
1779639178646705928,12.1,4.08,261.525,65.77717191044476,17.08,44.37992483485883,12.236657578656672,1.779635094772035e+18,1.7796413240638866e+18
1779639179046922747,12.104,3.6825,798.1,65.82395221266704,17.08,44.4000234186565,12.237359283190006,1.7796351263125955e+18,1.7796413065618143e+18
1779639179647203515,11.756,12.1325,797.2,65.87014388619616,17.0625,44.41243871876612,12.238052158292943,1.779635157232712e+18,1.77964128939921e+18
1779639180047509223,11.768,11.2975,794.45,65.90184567576627,17.08,44.422740617712236,12.238527685136495,1.7796351877474148e+18,1.7796412724612004e+18
1779639180447786521,11.596,14.5475,786.05,65.9221446619137,17.272499999999997,44.43167218930826,12.238832169928706,1.7796352176670523e+18,1.7796412558566492e+18
1779639180848152205,11.912,6.2175,760.425,65.9243915806937,17.272499999999997,44.43638012209235,12.238865873710406,1.7796352470322596e+18,1.7796412395697062e+18
1779639181248462624,10.916,30.9475,682.225,65.9362022624801,17.412499999999998,44.41876129564555,12.239043033937202,1.7796352762538706e+18,1.779641223370239e+18
1779639181648651208,10.952,29.4475,443.575,65.9485960255087,17.675,44.41597317141141,12.239228940382631,1.779635305327788e+18,1.779641207260261e+18
1779639182048847455,10.888,30.7975,1353.675,65.95773211337372,17.9375,44.41317789965025,12.239365981700606,1.779635333989116e+18,1.7796411913867195e+18
1779639182449172958,10.848,31.7475,854.275,65.962578220297,18.252499999999998,44.40732346466753,12.239438673304456,1.7796353618500575e+18,1.779641175964314e+18
1779639182849506142,10.964,28.0325,968.625,65.96728425090268,18.252499999999998,44.421206346866285,12.23950926376354,1.7796353888346785e+18,1.7796411610344115e+18
1779639183650200320,10.476,39.8025,744.175,65.9686017853804,18.689999999999998,44.419377220071794,12.239529026780707,1.7796354150281027e+18,1.779641146553263e+18
1779639184050482781,10.456,40.6475,632.625,65.96472925213983,18.97,44.40572125665445,12.239470938782098,1.7796354408080353e+18,1.7796411323123308e+18
1779639184450824151,11.556,12.015,292.2,65.92755523708784,19.18,44.40959897088495,12.238913328556318,1.779635465673577e+18,1.7796411185981573e+18
1779639184851364703,11.452,15.0975,891.7,65.90072343304192,19.459999999999997,44.41840673046875,12.23851085149563,1.7796354898844355e+18,1.7796411052636536e+18
1779639185251988933,11.368,17.8675,1082.85,65.8828054691613,19.495,44.42693476294111,12.23824208203742,1.7796355137098988e+18,1.7796410921572736e+18
1779639185652703132,11.504,14.385,27.775,65.85482733915582,19.459999999999997,44.43013197955026,12.237822410087338,1.7796355369295444e+18,1.779641079403045e+18
1779639186053241643,12.052,1.615,84.75,65.79930237404581,19.477500000000003,44.40362697559306,12.236989535610688,1.77963555946621e+18,1.7796410670521206e+18
1779639186453970985,12.08,1.5325,258.625,65.75308207630341,19.477500000000003,44.38146582255313,12.236296231144552,1.779635581412514e+18,1.7796410550497254e+18
1779639186854497445,12.092,1.5475,789.25,65.71159228107541,19.25,44.36156602115029,12.235673884216132,1.7796356027418875e+18,1.7796410434081503e+18
1779639187255259681,12.112,1.3975,770.175,65.67379005920553,18.935000000000002,44.34330374305929,12.235106850888084,1.7796356234312637e+18,1.779641032138162e+18
1779639187655776859,12.12,1.4625,711.975,65.6397682939939,18.602500000000003,44.32689597439616,12.234596524409909,1.7796356434670513e+18,1.779641021245349e+18
1779639188056305166,12.128,1.4975,534.375,65.60628745473211,18.34,44.31082053019336,12.234094311820982,1.779635662836299e+18,1.7796410107360614e+18
1779639188456802910,12.14,1.5475,1630.775,65.5779885148265,18.34,44.29733372326163,12.233669827722398,1.779635680795262e+18,1.7796410010153733e+18
1779639188857374235,12.148,1.4625,61.525,65.55522377409591,18.095,44.286906027405045,12.23332835661144,1.7796356976546127e+18,1.779640991910588e+18
1779639189258085627,12.152,1.4975,187.75,65.535677381431,17.7625,44.27905766480544,12.233035160721466,1.7796357135634342e+18,1.779640983338441e+18
1779639189658846316,12.164,1.5175,572.95,65.53550199928249,17.412499999999998,44.32145846824298,12.233032529989238,1.7796357288097597e+18,1.7796409751345183e+18
1779639190059398604,12.164,1.4625,110.1,65.53151589430372,17.412499999999998,44.33447756112421,12.232972738414556,1.7796357434620792e+18,1.7796409672622932e+18
1779639190459830140,12.168,1.4825,335.975,65.53027936967644,16.939999999999998,44.34342338556375,12.232954190545147,1.7796357576157934e+18,1.7796409596684257e+18
1779639190859993032,12.168,1.5175,1025.3,65.5338923398364,16.6075,44.36255386126389,12.233008385097547,1.7796357713474831e+18,1.779640952309265e+18
1779639191260676502,12.176,1.4825,1490.55,65.53889483489093,16.6075,44.37090041003005,12.233083422523364,1.7796357847260444e+18,1.7796409451465428e+18
1779639191661272623,12.184,1.5175,1271.975,65.54789926847215,16.0825,44.38026610716121,12.233218489027083,1.779635797930413e+18,1.7796409380810708e+18
1779639192462034124,12.192,1.5325,634.0,65.55330999369433,15.469999999999999,44.366655013968895,12.233299649905415,1.7796358109080148e+18,1.779640931145421e+18
1779639192862377744,12.192,1.4825,296.4,65.56445906766888,15.802499999999998,44.37734903497548,12.233466886015034,1.7796358238536164e+18,1.7796409242285455e+18
1779639193262581286,12.196,1.5175,904.525,65.59234839769235,15.802499999999998,44.36545556222618,12.233885225965386,1.7796358366612237e+18,1.779640917383087e+18
