timestamp_ns,busv,current,power,soc,hall_speed,int_r,v_unloaded,drain_time,max_time
1791487257512596519,12.34,1.68,464.25,0.0,0.0,-3672.6190476190463,6.17,,
1791487257918003374,11.848,8.0175,1416.775,78.5211834319526,0.0,77.63313609467379,12.470423668639052,1.7914872575125967e+18,1.7914872580288993e+18
1791487258385412972,10.94,20.865,1556.325,77.4668286276029,0.0,72.63835476993617,12.449336572552058,1.7914872573372178e+18,1.7914872584939459e+18
1791487258785850366,11.04,19.4,1472.725,77.46750549659122,0.0,72.64249066254308,12.449350109931824,1.7914872570586243e+18,1.7914872589293734e+18
1791487259052798063,10.86,21.465,1217.6,77.64998364400482,0.0,73.31907688776054,12.452999672880097,1.7914872567814044e+18,1.7914872592717622e+18
1791487259252875917,10.844,21.465,439.0,77.806855215354,0.0,73.9007199272546,12.45613710430708,1.7914872565162394e+18,1.7914872595529395e+18
1791487259653187317,10.692,23.4475,1339.7,78.00996462212018,0.0,74.41460415245714,12.460199292442404,1.7914872560446802e+18,1.7914872599528174e+18
1791487259920123578,10.592,24.565,811.625,78.2804466622337,0.0,75.00707189920432,12.465608933244674,1.7914872555362002e+18,1.7914872603401464e+18
1791487260320822612,10.528,25.5,838.475,78.44850285782297,0.0,75.3386647901694,12.46897005715646,1.7914872548266908e+18,1.79148726081745e+18
1791487260587866805,10.3,29.335,920.4,78.03374253552954,0.0,74.70495814399673,12.460674850710591,1.791487254069885e+18,1.7914872612940224e+18
1791487260988743839,10.3,29.335,1170.425,77.78517252606481,0.0,74.32517141279227,12.455703450521296,1.791487253085287e+18,1.7914872618656246e+18
1791487261256002956,10.144,32.1,295.05,77.08952355497294,0.0,73.38771518690983,12.44179047109946,1.7914872520224865e+18,1.7914872624554355e+18
1791487261656359423,10.12,32.48,900.4,76.59266655452309,5.5125,72.72822255502624,12.431853331090462,1.7914872506800325e+18,1.791487263159262e+18
1791487261923230648,10.224,31.115,1109.4,76.28625877554614,5.5125,72.28903094788433,12.425725175510923,1.791487249266807e+18,1.791487263876767e+18
1791487262324029224,10.112,33.1325,108.8,75.74440115349539,8.505,71.5997212397443,12.414888023069908,1.7914872475174154e+18,1.7914872647289513e+18
1791487262591172672,9.84,39.15,332.025,73.43622420667701,8.505,69.13985217276743,12.36872448413354,1.7914872453004675e+18,1.7914872657836063e+18
1791487262992020517,9.916,36.9825,1013.25,72.71447809568191,10.57,68.32681654407627,12.354289561913639,1.791487242497262e+18,1.7914872670777341e+18
1791487263259295332,9.748,40.5825,1453.775,71.34826849275953,10.57,66.92776332667917,12.326965369855191,1.791487239068327e+18,1.791487268634293e+18
1791487263659755438,9.804,39.6675,1159.75,70.49630650538921,11.2875,66.03485595705904,12.309926130107785,1.7914872345812014e+18,1.791487270628765e+18
1791487264126949474,9.796,40.1175,262.475,69.59478844803822,11.2875,65.20761903227455,12.293921826720574,1.7914872283788342e+18,1.7914872733332634e+18
1791487264394126942,9.756,39.93,801.0,69.14286468499718,11.8475,64.85497982200559,12.287142970274958,1.7914872208341527e+18,1.7914872765941317e+18
1791487264794970526,9.784,40.035,806.05,68.5591588137241,11.8475,64.4013569997325,12.278387382205862,1.7914872106326536e+18,1.7914872809556728e+18
1791487265062245376,9.744,40.85,821.45,67.95763819567718,12.424999999999999,63.94854898376262,12.269364572935158,1.7914871971098836e+18,1.791487286703537e+18
1791487265262763315,9.696,41.2325,868.45,67.58145354259646,12.424999999999999,63.66948315718253,12.263721803138948,1.7914871793239465e+18,1.7914872942359606e+18
1791487265663359301,9.668,41.6675,1011.875,67.25459566059615,12.915,63.43106130374053,12.258818934908943,1.7914871528150333e+18,1.7914873053982382e+18
1791487265930204654,10.948,17.635,1449.575,65.18801878430642,13.37,62.63578974590904,12.227820281764597,1.7914870972409124e+18,1.791487328731904e+18
1791487266330993988,9.732,40.5325,1146.95,64.99650275450195,13.37,62.48740727155287,12.22494754131753,1.7914869693761316e+18,1.7914873822657526e+18
1791487266597849105,9.672,42.2,223.4,64.56593114572675,13.685,62.17744147785527,12.218488967185902,1.7914863904333652e+18,1.7914876243985664e+18
1791487266797963800,9.648,41.7175,681.75,64.46116870783796,13.685,62.10048330361661,12.21691753061757,1.7914886877445699e+18,1.79148666385292e+18
1791487267198596788,9.636,41.95,442.125,64.35677633130756,14.192499999999999,62.02461683904085,12.215351644969614,1.791487700843047e+18,1.79148707663292e+18
1791487267465578473,9.66,42.285,1349.25,64.07200068544343,14.700000000000001,61.820850710760425,12.211080010281652,1.791487537216291e+18,1.7914871451207014e+18
1791487267665928085,9.624,43.5325,840.775,63.5890098265451,14.700000000000001,61.49274365141717,12.203835147398177,1.7914874684293463e+18,1.791487173937842e+18
1791487268066535646,9.608,43.215,927.425,63.33170284348712,15.015,61.315697753928596,12.199975542652307,1.7914874312369795e+18,1.7914871895558141e+18
1791487268333691055,9.656,42.415,1191.875,63.13192191396147,15.260000000000002,61.17274709455687,12.196978828709423,1.7914874086598172e+18,1.7914871990544868e+18
1791487268600927340,9.7,41.85,360.5,62.93955766226249,15.260000000000002,61.030238197653325,12.194093364933938,1.7914873936127867e+18,1.7914872053990797e+18
1791487269001475500,9.668,42.2,1100.15,62.787131120824185,15.575000000000001,60.91991019582365,12.191806966812363,1.7914873830563502e+18,1.7914872098664125e+18
1791487269268355315,9.68,42.4975,80.575,62.548287779812355,15.802499999999998,60.75027431418672,12.188224316697186,1.7914873751596605e+18,1.791487213216889e+18
1791487269535518553,9.632,43.4475,245.875,62.26267103985987,15.802499999999998,60.55800662922263,12.183940065597898,1.7914873689615521e+18,1.791487215854081e+18
1791487269936152666,9.648,42.9825,750.35,62.05882066196115,15.959999999999999,60.41718544829875,12.180882309929418,1.7914873641813468e+18,1.791487217896968e+18
1791487270136502655,9.652,44.05,651.475,61.604054508903374,16.099999999999998,60.12057616676244,12.174060817633551,1.7914873599686147e+18,1.791487219701483e+18
1791487270403753966,9.624,43.3975,349.725,61.429090017966786,16.24,60.00240446875023,12.171436350269502,1.791487356620975e+18,1.7914872211401423e+18
1791487270804338045,9.668,43.215,1067.275,61.18220217687247,16.24,59.83374210139402,12.167733032653087,1.7914873539096346e+18,1.7914872223111877e+18
1791487271004844834,9.608,44.5,1618.65,60.847149320243304,16.3275,59.62076950041854,12.16270723980365,1.7914873515015534e+18,1.7914872233539372e+18
1791487271271982370,9.984,37.615,24.525,60.85751731814625,16.52,59.58358909175828,12.162862759772194,1.7914873497182034e+18,1.7914872241289293e+18
1791487271672613127,9.644,44.3825,74.825,60.47136283302507,16.52,59.339080013161656,12.157070442495376,1.7914873481251722e+18,1.7914872248249623e+18
1791487271939937985,9.728,42.385,228.325,60.29710510627924,16.765,59.2119291381094,12.154456576594189,1.7914873468142984e+18,1.7914872253997903e+18
1791487272206393501,9.704,43.285,696.775,60.02911409402498,16.9575,59.030913116632284,12.150436711410375,1.7914873456558602e+18,1.791487225909647e+18
1791487272606931787,9.728,43.0675,487.975,59.64753308972423,17.1675,58.84945105024522,12.146475330897243,1.7914873446086397e+18,1.791487226373125e+18
1791487273073985380,9.7,42.9825,1489.175,59.38659536921044,17.1675,58.729048081905056,12.143865953692105,1.7914873437854024e+18,1.7914872267397699e+18
1791487273340985012,9.76,42.7,1267.8,59.03299018681881,17.395,58.561466924397415,12.140329901868189,1.7914873429894915e+18,1.7914872270955297e+18
1791487273741273993,9.692,43.0325,592.2,58.81776149949121,17.5525,58.46268397103209,12.138177614994913,1.79148734237528e+18,1.791487227371556e+18
1791487274008109416,9.744,42.25,168.85,58.63701444288217,17.709999999999997,58.37230638397546,12.136370144428822,1.7914873418727852e+18,1.7914872275981934e+18
1791487274208281296,9.772,42.5325,515.275,58.339586530852145,17.99,58.22871079651348,12.133395865308522,1.7914873413653002e+18,1.791487227827718e+18
1791487274675469776,9.776,42.665,1572.475,58.01742010977303,17.99,58.075551779540724,12.13017420109773,1.7914873409597704e+18,1.7914872280123185e+18
1791487275075904869,9.724,41.2025,1522.0,58.037156930335804,18.095,58.087602356960026,12.130371569303358,1.7914873408002437e+18,1.7914872280853297e+18
1791487275276046973,10.664,25.465,1367.975,58.15410265675747,18.235,58.113526766184506,12.131541026567575,1.7914873408112778e+18,1.7914872280802655e+18
1791487275542900241,10.272,33.8325,897.925,58.514032121793875,18.147499999999997,58.16125963013216,12.13514032121794,1.791487341117136e+18,1.7914872279393812e+18
1791487275943305239,10.128,35.785,1101.825,58.66385779032444,18.1125,58.167322934752775,12.136638577903245,1.7914873416434324e+18,1.7914872276956237e+18
1791487276210329949,10.592,25.98,85.7,58.38468534827935,18.1125,58.105608675284756,12.133846853482794,1.791487342099637e+18,1.7914872274835615e+18
1791487276410461444,11.964,1.8975,261.525,57.21033431768439,18.1125,57.80261207751365,12.122103343176844,1.7914873420530657e+18,1.7914872275052728e+18
1791487276811060821,12.016,1.6325,798.1,57.01452338605402,17.885,57.75205704263936,12.12014523386054,1.7914873420790595e+18,1.791487227493088e+18
1791487277078140025,12.04,1.665,797.2,57.244640375179785,17.290000000000003,57.811463609244576,12.122446403751798,1.791487342301717e+18,1.7914872273883587e+18
1791487277278399069,12.036,2.0475,794.45,57.644755368673934,16.765,57.91461961687914,12.12644755368674,1.791487342742402e+18,1.7914872271805018e+18
1791487277678917921,11.904,4.45,786.05,58.018884786314146,16.765,58.01008898984662,12.130188847863142,1.7914873434502884e+18,1.7914872268447813e+18
1791487277946109594,12.044,2.0175,760.425,58.3353951602341,16.2925,58.09178767953202,12.133353951602341,1.7914873443272714e+18,1.7914872264273759e+18
1791487278347203564,12.052,2.0675,682.225,58.6973535926495,15.837500000000002,58.1851948826463,12.136973535926495,1.7914873454401262e+18,1.7914872258948895e+18
1791487278814159891,11.116,18.7975,443.575,59.05296225995083,15.837500000000002,58.26176063094203,12.140529622599509,1.7914873468082563e+18,1.7914872252363694e+18
1791487279214745746,10.148,37.265,1353.675,59.093492970674816,15.4525,58.19306954773431,12.140934929706749,1.7914873482617219e+18,1.7914872245333542e+18
1791487279481580912,10.28,34.7,854.275,59.2298263614483,15.504999999999999,58.16428235309372,12.142298263614483,1.7914873497757115e+18,1.7914872237987226e+18
1791487280349470400,10.292,34.6825,968.625,59.37219525570331,15.504999999999999,58.13459870112646,12.143721952557033,1.7914873516405693e+18,1.7914872228849792e+18
1791487280750167568,9.836,43.0675,1317.6,59.129877290877914,15.557500000000001,57.97535812206184,12.14129877290878,1.7914873534456701e+18,1.7914872219968118e+18
1791487281017149015,9.8,43.4825,744.175,58.8945440960327,15.557500000000001,57.82711913497342,12.138945440960327,1.7914873551289147e+18,1.7914872211663273e+18
1791487282085926842,9.768,44.8175,632.625,58.540461756658,15.715,57.627409580301,12.13540461756658,1.7914873570157714e+18,1.7914872202257912e+18
1791487282352779751,9.712,44.8975,292.2,58.28063878895445,15.715,57.48169183470171,12.132806387889545,1.7914873587477957e+18,1.79148721936036e+18
1791487283020292425,10.068,38.45,891.7,58.28215328575779,15.855,57.42360158702084,12.132821532857578,1.7914873606435814e+18,1.791487218407567e+18
1791487283420498496,9.84,42.75,1082.85,58.114799996129946,16.1175,57.309083420926875,12.1311479999613,1.7914873624859277e+18,1.7914872174785073e+18
1791487283888264530,10.44,31.2975,27.775,58.296112884583835,16.397499999999997,57.3236041558847,12.132961128845839,1.791487364478827e+18,1.7914872164696494e+18
1791487284155250502,10.812,23.9325,84.75,58.475226477048665,16.397499999999997,57.358001198107,12.134752264770487,1.7914873665244844e+18,1.7914872154318326e+18
1791487284422083655,11.72,6.35,258.625,58.10498232034774,16.502499999999998,57.26447664168773,12.131049823203478,1.7914873683530386e+18,1.7914872145021402e+18
1791487284822256267,10.724,25.7325,789.25,58.29328637260772,16.537499999999998,57.29667643476431,12.132932863726078,1.7914873703075804e+18,1.791487213505171e+18
1791487285089383348,10.668,26.5,770.175,58.43308247021251,16.537499999999998,57.31933526655066,12.134330824702126,1.7914873723033884e+18,1.7914872124849682e+18
1791487285356657933,11.92,2.715,711.975,57.99500939909346,16.7825,57.205596536587436,12.129950093990935,1.7914873740552827e+18,1.7914872115875302e+18
1791487285757354000,11.976,2.8625,534.375,58.06314885683082,16.834999999999997,57.223273352225526,12.130631488568309,1.7914873758775124e+18,1.791487210651083e+18
1791487285957731072,11.876,3.4475,1630.775,57.69403605266919,16.625,57.12785805321925,12.126940360526692,1.7914873774695575e+18,1.791487209831635e+18
1791487286224795242,11.84,5.515,61.525,57.85573847931452,16.625,57.16905234661903,12.128557384793146,1.7914873791292972e+18,1.791487208975526e+18
1791487286492053572,11.724,7.75,187.75,58.053309704993545,16.485,57.218422618801405,12.130533097049936,1.7914873808739858e+18,1.7914872080736852e+18
1791487286892855632,11.316,15.5825,572.95,58.33849566441052,16.345,57.282308028886526,12.133384956644106,1.7914873827994304e+18,1.791487207075266e+18
1791487287159916111,11.416,13.1325,110.1,58.47791757963832,16.345,57.31494856079647,12.134779175796384,1.7914873847782006e+18,1.7914872060470676e+18
1791487287360366078,11.992,2.4675,335.975,58.4705294273457,16.415000000000003,57.31300977220909,12.134705294273457,1.7914873867122685e+18,1.7914872050405315e+18
1791487287560649836,12.036,2.5475,1025.3,58.71548902614719,16.275000000000002,57.377253519080035,12.137154890261472,1.79148738873021e+18,1.7914872039887012e+18
1791487287960900058,11.992,3.6,1490.55,59.01046712987096,15.995000000000001,57.45395790075198,12.14010467129871,1.791487390938134e+18,1.7914872028342858e+18
1791487288227847437,11.996,3.615,1271.975,59.30309086603408,15.995000000000001,57.53004004301395,12.143030908660341,1.791487393282707e+18,1.7914872016059348e+18
1791487288628285591,11.996,3.7475,604.95,59.60486635408934,15.715,57.608405939769625,12.146048663540894,1.791487395827027e+18,1.7914872002689452e+18
1791487289095751462,11.976,4.1975,207.75,59.90487474719689,15.400000000000002,57.685970547793914,12.14904874747197,1.7914873986036541e+18,1.791487198804944e+18
1791487289362914686,11.88,6.0325,634.0,60.13765555446715,15.400000000000002,57.76238413066117,12.152064833317008,1.7914874014954862e+18,1.791487197277315e+18
1791487289830529361,11.824,6.9825,296.4,60.3179927225523,15.084999999999999,57.83009769999995,12.154769890838285,1.7914874045668723e+18,1.7914871956495962e+18
1791487290097818551,11.828,6.465,904.525,60.42938617322245,15.084999999999999,57.872212406140775,12.156440792598337,1.791487407693948e+18,1.7914871939893814e+18
1791487290364970607,11.772,7.45,1121.975,60.53337760458139,14.717500000000001,57.910992216011756,12.158000664068721,1.7914874108759345e+18,1.7914871922970076e+18
1791487290765839271,11.456,13.565,449.125,60.67816489266832,14.42,57.95877246846472,12.160172473390025,1.791487414200287e+18,1.7914871905242988e+18
1791487291033025423,11.348,15.285,1370.6,60.79456047318752,14.14,57.995234069931634,12.161918407097813,1.791487417593398e+18,1.7914871887118438e+18
1791487292168607840,12.036,2.735,1276.875,60.87366372902811,13.335,58.02670384465611,12.163104955935422,1.7914874214420485e+18,1.7914871866420564e+18
1791487292568851119,10.86,23.8975,619.9,60.949020963862424,13.335,58.038056664873984,12.164235314457937,1.7914874253977592e+18,1.7914871845099459e+18
1791487292969203934,10.676,27.6825,253.375,61.023152750305314,13.055,58.036684803286136,12.16534729125458,1.7914874294629181e+18,1.7914871823140744e+18
1791487293236099528,10.56,29.9175,773.225,61.083718909927825,13.055,58.023886767319546,12.166255783648918,1.7914874335654584e+18,1.7914871800948726e+18
1791487294103937566,9.736,45.4175,326.15,60.95511719769566,14.5425,57.88314435326894,12.164326757965435,1.7914874378674127e+18,1.7914871777575068e+18
1791487295172720695,10.456,31.2,1391.45,60.99173554370964,16.205,57.86968302249967,12.164876033155645,1.79148744259405e+18,1.791487175176545e+18
1791487295573501612,9.924,42.15,969.55,60.913710833070404,16.205,57.76071661411424,12.163705662496056,1.791487447306709e+18,1.7914871725986698e+18
1791487295840723379,10.388,32.6975,1320.425,60.944323059556375,16.59,57.7396199131534,12.164164845893346,1.7914874520230167e+18,1.7914871700158e+18
1791487296241408634,10.28,34.6475,752.8,60.95966875280311,16.9225,57.70956155995718,12.164395031292047,1.791487456801789e+18,1.7914871673942477e+18
1791487296441784110,10.096,38.615,658.95,60.93621124728476,17.255,57.644929453096296,12.164043168709272,1.7914874615064515e+18,1.7914871648111672e+18
1791487296642033786,10.176,37.065,372.55,60.930766573596266,17.255,57.5942829564243,12.163961498603944,1.7914874661547779e+18,1.7914871622568694e+18
1791487296842388974,10.944,21.9,1136.925,60.97308789052519,17.5,57.60377363470396,12.164596318357878,1.791487470792321e+18,1.7914871597063552e+18
1791487297042910379,10.4,32.45,192.8,61.00221394735224,17.7975,57.58631798207517,12.165033209210284,1.7914874754109435e+18,1.791487157164125e+18
1791487297309678276,10.432,32.0,588.375,61.035913362616725,17.99,57.570029378801785,12.165538700439251,1.7914874800514885e+18,1.7914871546069978e+18
1791487297709926585,11.94,2.365,157.175,60.828782030305675,18.2175,57.48633447453713,12.162431730454585,1.7914874845526618e+18,1.7914871521226278e+18
1791487298310552344,11.98,2.63,479.65,60.75917967597796,18.235,57.4582842469531,12.16138769513967,1.7914874891376458e+18,1.7914871495859917e+18
1791487298577420261,12.04,2.0325,1463.775,60.74906656838405,18.235,57.45418389292846,12.161235998525761,1.791487493695538e+18,1.791487147061749e+18
1791487298977963701,12.068,1.8325,1190.275,60.77487598416598,18.060000000000002,57.46466958275593,12.16162313976249,1.7914874983299894e+18,1.7914871444912072e+18
1791487299245152961,12.064,2.3,355.625,60.84576303267371,17.814999999999998,57.49332712752439,12.162686445490106,1.7914875030230787e+18,1.7914871418855409e+18
1791487299645686035,12.028,2.765,1085.275,60.893564322763396,17.4475,57.51255097009852,12.163403464841451,1.791487507820728e+18,1.7914871392178944e+18
1791487299912833792,12.024,3.185,35.175,60.97644197752788,17.290000000000003,57.545714524464685,12.164646629662919,1.7914875126966026e+18,1.7914871365041272e+18
1791487300313721813,12.104,1.8325,107.325,61.06233752392164,17.290000000000003,57.58064122870426,12.165935062858825,1.791487517726407e+18,1.7914871337006753e+18
1791487300513942734,12.132,1.75,327.525,61.18733263934463,17.22,57.63151511900901,12.16780998959017,1.7914875228567946e+18,1.791487130839152e+18
1791487300781175593,11.112,20.015,999.525,61.272209290513615,17.2375,57.650094161300935,12.169083139357705,1.7914875280831698e+18,1.7914871279213678e+18
1791487301182096192,10.924,23.4325,1411.9,61.34394056914289,17.2375,57.658888072611845,12.170159108537144,1.791487533464515e+18,1.7914871249129213e+18
1791487301649688443,10.208,37.15,1510.925,61.33238803815168,17.6925,57.59776650106908,12.169985820572276,1.791487538939335e+18,1.7914871218474245e+18
1791487301916977077,10.136,38.9175,1334.175,61.29961754188817,18.0775,57.516901721141544,12.169494263128323,1.7914875443754217e+18,1.791487118800945e+18
1791487302183945769,10.112,38.6825,794.775,61.275619139057696,18.445,57.453697527921754,12.169134287085866,1.7914875497827034e+18,1.7914871157679816e+18
1791487302584205296,10.096,38.5,787.05,61.25731074907023,18.8125,57.40268660916533,12.168859661236054,1.7914875552367693e+18,1.7914871127048673e+18
1791487303051343882,10.072,40.2325,763.475,61.21003572238294,19.0925,57.314507070631244,12.168150535835744,1.7914875607326418e+18,1.7914871096137738e+18
1791487303451737963,10.1,38.8675,691.525,61.186582628044164,19.39,57.255682173508525,12.167798739420663,1.7914875662640735e+18,1.791487106498888e+18
1791487303652072058,10.092,39.6325,471.95,61.15064435393404,19.39,57.18084332075107,12.167259665309011,1.7914875717085568e+18,1.7914871034311245e+18
1791487303919248365,10.108,39.2475,1440.275,61.12047198293427,19.5825,57.11225574663173,12.166807079744014,1.7914875771083604e+18,1.7914871003861105e+18
1791487304186524017,10.32,34.6475,1118.55,61.13143504043288,19.7925,57.08178705156501,12.166971525606494,1.791487582521188e+18,1.7914870973313434e+18
1791487304587271034,10.296,34.85,136.725,61.139897410177205,19.897499999999997,57.054014432302075,12.167098461152658,1.7914875880130478e+18,1.7914870942283587e+18
1791487304854452115,11.9,3.2975,417.25,61.003683116119205,20.09,56.99947107357068,12.165055246741789,1.7914875933029957e+18,1.791487091237163e+18
1791487305322213289,11.884,4.8175,1273.325,60.993278804966494,19.9325,56.995385173070666,12.164899182074498,1.7914875986737697e+18,1.7914870881962657e+18
1791487305589232750,11.248,15.765,609.075,60.97425144750443,19.7575,56.989653808082295,12.164613771712567,1.7914876040096428e+18,1.7914870851728937e+18
1791487305856458050,12.048,1.6325,220.325,60.93380440640918,19.6525,56.973095625136715,12.164007066096138,1.79148760927771e+18,1.7914870821857454e+18
1791487306257405958,12.072,2.0675,672.375,60.97645435522674,19.635,56.99046878486818,12.164646815328402,1.7914876146737672e+18,1.791487079122707e+18
1791487306524527848,12.1,1.9475,413.525,61.05160666467121,19.5825,57.0211251828733,12.165774099970069,1.7914876201845924e+18,1.7914870759922854e+18
1791487306791805750,12.096,2.15,1261.975,61.13486064223368,19.5825,57.0550027563755,12.167022909633506,1.7914876258278387e+18,1.7914870727843748e+18
1791487307058494465,12.104,2.1,574.425,61.22254849274365,19.6175,57.09070691366343,12.168338227391155,1.791487631615598e+18,1.791487069492014e+18
1791487307458760862,12.12,2.285,114.6,61.34597242747816,19.599999999999998,57.140842329735875,12.170189586412173,1.791487637682826e+18,1.7914870660371123e+18
1791487307725636569,12.132,2.0675,349.725,61.46438348409532,19.459999999999997,57.18907908307022,12.17196575226143,1.791487643959895e+18,1.7914870624602844e+18
1791487307992596649,12.124,2.215,1067.275,61.57808409978095,19.4075,57.235305630782236,12.173671261496715,1.791487650447132e+18,1.7914870587612237e+18
1791487308259476662,11.432,14.25,1618.65,61.64601969405957,19.355,57.255819973338674,12.174690295410894,1.7914876570727816e+18,1.7914870549807227e+18
1791487308659829609,11.976,4.3325,24.525,61.711115119127264,19.355,57.28151624988106,12.17566672678691,1.7914876639106486e+18,1.7914870510753167e+18
1791487308926748778,12.092,2.6,74.825,61.80018490034008,19.285,57.31762986944728,12.177002773505102,1.7914876709375217e+18,1.7914870470593807e+18
1791487309327507087,12.12,2.285,228.325,61.900153832973096,19.075,57.35834880322767,12.178502307494597,1.7914876782581578e+18,1.7914870428715832e+18
1791487309861477363,12.176,1.8,487.975,62.035635725712716,18.6725,57.41391949076537,12.180534535885691,1.7914876860311235e+18,1.7914870384195712e+18
1791487310128745656,12.164,2.0175,1489.175,62.16585137441522,18.6725,57.46716150652465,12.182487770616229,1.791487694106971e+18,1.791487033791304e+18
1791487310529660443,12.196,1.6325,1267.8,62.30555144568652,18.5325,57.52460613470599,12.184583271685298,1.791487702602239e+18,1.7914870289183593e+18
1791487310796809103,12.196,1.5675,592.2,62.43559722337944,18.34,57.57813222899475,12.186533958350692,1.7914877114342413e+18,1.791487023849327e+18
1791487311197308916,12.204,1.615,168.85,62.57425734474262,18.2,57.635163231530015,12.18861386017114,1.7914877207252736e+18,1.7914870185123075e+18
1791487311464375292,12.208,1.5825,515.275,62.71076348047465,17.92,57.69133623194635,12.19066145220712,1.7914877304079918e+18,1.7914870129472049e+18
1791487311931522544,12.212,1.68,1572.475,62.8537947706282,17.92,57.75010480695795,12.192806921559423,1.7914877406556413e+18,1.7914870070518085e+18
1791487312398647399,12.212,1.7,1522.0,62.993252987132536,17.745,57.80738698929511,12.194898794806988,1.7914877514935222e+18,1.7914870008111127e+18
1791487312798858408,12.196,2.0325,1367.975,63.13049759898937,17.4475,57.86345230143326,12.196957463984841,1.7914877629043036e+18,1.791486994235491e+18
1791487313065824814,12.176,2.215,897.925,63.2519217456515,17.08,57.912900626953245,12.198778826184773,1.7914877747848049e+18,1.7914869873857667e+18
1791487313466113740,12.212,1.8,1101.825,63.384448940088205,17.08,57.96725681644874,12.200766734101324,1.7914877872964488e+18,1.7914869801668662e+18
1791487313732977659,12.224,1.665,85.7,63.51792967591606,16.712500000000002,58.02213065122154,12.202768945138741,1.7914878003790508e+18,1.7914869726149343e+18
1791487314133454157,12.22,1.865,261.525,63.65477204306413,16.310000000000002,58.078190754087736,12.204821580645962,1.7914878141901978e+18,1.7914869646368755e+18
1791487314400157745,12.228,1.815,798.1,63.793102631065885,16.310000000000002,58.134910995034815,12.206896539465989,1.7914878286744172e+18,1.791486956266213e+18
1791487314800882506,12.232,1.73,797.2,63.926583371715004,16.0125,58.189726360989575,12.208898750575726,1.791487843982639e+18,1.791486947413462e+18
1791487315067725608,12.236,1.765,794.45,64.06225185524154,15.7325,58.245404619918034,12.210933777828624,1.7914878600639652e+18,1.791486938109614e+18
1791487315268098051,12.232,1.8325,786.05,64.1936046760598,15.7325,58.299244184416565,12.212904070140898,1.7914878769019983e+18,1.7914869283648776e+18
1791487315668556650,12.236,2.0825,682.225,64.33892208040008,15.435,58.35852405603162,12.215083831206002,1.791487894798849e+18,1.7914869180009554e+18
1791487315935638389,12.06,4.3975,443.575,64.43278108163186,15.102500000000001,58.39494954998838,12.216491716224478,1.7914879135182797e+18,1.7914869071563366e+18
1791487316202799028,12.156,3.08,1353.675,64.54629403798799,14.700000000000001,58.440340538367266,12.21819441056982,1.7914879331986552e+18,1.7914868957505618e+18
1791487316603542030,12.136,3.3325,854.275,64.65114361033572,14.700000000000001,58.48203522359917,12.219767154155036,1.7914879540269427e+18,1.7914868836726313e+18
1791487316870830064,11.74,10.0325,968.625,64.72922912863159,14.4025,58.50716560917092,12.220938436929474,1.7914879758336594e+18,1.791486871022669e+18
1791487317605235902,12.104,3.265,1317.6,64.79697349670082,14.245000000000001,58.53418773206407,12.221954602450513,1.7914879991896998e+18,1.7914868574608018e+18
1791487317872557555,11.348,16.8825,744.175,64.8565593414171,14.245000000000001,58.54510345841676,12.222848390121257,1.7914880236187592e+18,1.7914868432710794e+18
1791487318138961332,11.9,6.0975,632.625,64.88457620333199,14.105,58.5555114064188,12.22326864304998,1.791488049037703e+18,1.7914868285015365e+18
1791487318339067744,10.996,23.0325,292.2,64.92580350916468,14.105,58.552211852484575,12.22388705263747,1.7914880754952105e+18,1.791486813124849e+18
1791487319207053709,11.788,6.6675,891.7,64.88964220591156,14.14,58.53897545177806,12.223344633088674,1.791488103509551e+18,1.79148679682716e+18
1791487319473655400,11.44,15.73,1082.85,64.96347196743584,14.262500000000001,58.55454091028192,12.224452079511538,1.7914881330119665e+18,1.7914867796587776e+18
1791487320140809415,11.488,12.9,27.775,64.97503999209468,14.262500000000001,58.55770291621525,12.22462559988142,1.7914881643044977e+18,1.791486761435949e+18
1791487320407652257,10.124,39.7325,84.75,64.9444300372265,14.42,58.47825169609289,12.224166450558398,1.7914881966219538e+18,1.7914867426112312e+18
1791487320807992797,10.004,41.6825,258.625,64.90372632384533,14.822500000000002,58.39475455060335,12.22355589485768,1.7914882301267438e+18,1.7914867230873352e+18
1791487321274895908,10.052,40.5325,789.25,64.87376070714268,14.822500000000002,58.32489746633649,12.22310641060714,1.79148826504754e+18,1.7914867027294543e+18
1791487323277263584,10.464,31.95,770.175,64.88253274117352,15.3475,58.30481939184808,12.223237991117603,1.7914883043412452e+18,1.7914866797831665e+18
1791487324013152398,10.276,35.6825,711.975,64.87995071881949,15.855,58.27003460109774,12.223199260782293,1.7914883461150602e+18,1.791486655374673e+18
1791487324415098809,10.26,36.0175,534.375,64.87609911673593,16.310000000000002,58.23411320269893,12.22314148675104,1.791488389929305e+18,1.7914866297663688e+18
1791487325081876809,9.884,43.3325,1630.775,64.83405057184461,16.310000000000002,58.16080456118274,12.22251075857767,1.7914884360035464e+18,1.7914866028245135e+18
1791487325348647610,9.972,40.885,61.525,64.81384729301622,16.73,58.11650568541277,12.222207709395244,1.791488483919489e+18,1.7914865748006835e+18
1791487325749315339,10.784,25.135,187.75,64.82003831231002,16.9225,58.11528755998444,12.22230057468465,1.7914885343736315e+18,1.7914865452846802e+18
1791487326016149470,10.6,29.315,572.95,64.83290247316822,17.045,58.1046261487108,12.222493537097524,1.791488587360225e+18,1.791486514281992e+18
1791487326283029972,11.024,21.015,110.1,64.84160361223034,17.045,58.10515163230375,12.222624054183456,1.791488643014806e+18,1.7914864817129597e+18
1791487326683176188,9.92,42.73,335.975,64.80346447921035,17.185000000000002,58.03740970303871,12.222051967188156,1.7914887011214712e+18,1.7914864477010112e+18
1791487326949997917,10.268,35.6175,1025.3,64.8016988965306,17.377499999999998,58.009982413447624,12.22202548344796,1.7914887620747018e+18,1.791486412017486e+18
1791487327216880896,9.712,47.465,1490.55,64.7198502544134,17.57,57.899712828250266,12.220797753816202,1.7914888246482732e+18,1.7914863753800497e+18
1791487327483762905,9.74,46.015,1271.975,64.6662612711343,17.57,57.822617130662444,12.219993919067015,1.7914888893101417e+18,1.7914863375145572e+18
1791487327883997270,9.9,43.0675,604.95,64.63065237571077,17.709999999999997,57.76088203363901,12.219459785635662,1.7914889567948306e+18,1.7914862979880095e+18
1791487328150847512,9.936,42.4825,207.75,64.59812698857587,18.0075,57.70161330745924,12.218971904828638,1.7914890269275415e+18,1.791486256905115e+18
1791487328617800667,10.012,40.5,634.0,64.58049120910869,18.4275,57.66140979971184,12.21870736813663,1.791489100721968e+18,1.7914862136677268e+18
1791487328884984710,9.964,42.6825,296.15,64.54075254498652,18.795,57.59043092372966,12.218111288174798,1.791489177271859e+18,1.7914861688104392e+18
1791487329352054665,10.008,41.415,904.525,64.51335421936439,18.97,57.53476022315552,12.217700313290466,1.7914892575907986e+18,1.791486121734969e+18
1791487329618948980,10.032,42.385,1121.975,64.46766810221389,19.32,57.45098373943475,12.217015021533209,1.791489340723904e+18,1.7914860730046587e+18
1791487330019880215,10.044,40.985,147.175,64.44196761912346,19.599999999999998,57.39580734118477,12.216629514286852,1.791489427768774e+18,1.7914860219731267e+18
1791487330286919108,10.088,40.485,449.125,64.41723376920476,19.8275,57.338804852202074,12.216258506538072,1.791489518509357e+18,1.7914859687694193e+18
1791487330753859141,10.064,40.3,1370.6,64.39810836064987,20.125,57.29343151767792,12.215971625409749,1.7914896140243098e+18,1.7914859127566108e+18
1791487331020721041,10.208,37.765,905.925,64.38995745747293,20.4575,57.255907361366376,12.215849361862094,1.7914897143112663e+18,1.791485853939738e+18
1791487331420981170,10.192,38.08,1126.25,64.38052849860425,20.4575,57.21768992361295,12.215707927479064,1.791489820161817e+18,1.791485791851335e+18
1791487331687828982,10.26,37.3325,160.225,64.37332299625955,20.965,57.1762494444462,12.215599844943894,1.7914899315590674e+18,1.7914857265036488e+18
1791487332088037769,10.284,36.0325,488.95,64.37266129989167,20.965,57.14972450680639,12.215589919498376,1.7914900497925005e+18,1.79148565713689e+18
1791487332354982961,10.372,35.1175,1492.15,64.37579606483803,21.14,57.118765830532105,12.215636940972571,1.7914901750720835e+18,1.791485583630219e+18
1791487332755134422,10.38,35.0325,1276.875,64.37932100231902,21.525000000000002,57.087876025336385,12.215689815034786,1.7914903086811377e+18,1.791485505227093e+18
1791487333022000609,10.432,34.4825,619.9,64.38593615920564,21.6125,57.05527377608687,12.215789042388085,1.7914904509649085e+18,1.7914854217273e+18
1791487333289008408,10.356,34.45,253.375,64.38978780008281,21.735,57.0367987718031,12.215846817001243,1.7914906026088033e+18,1.7914853327280532e+18
1791487333689224192,11.28,15.8,773.225,64.37133208299537,21.8225,57.03207036460774,12.215569981244931,1.7914907636809014e+18,1.7914852381856384e+18
1791487333956060541,10.992,21.4825,721.275,64.37194647854349,21.8225,57.032137300878844,12.215579197178153,1.7914909356756641e+18,1.7914851372254546e+18
1791487334156137113,11.876,4.2825,562.75,64.2929638371305,21.84,57.00115811557584,12.214394457556958,1.7914911125271242e+18,1.791485033409473e+18
1791487334556384439,10.968,22.6325,78.975,64.30792051133946,21.6825,57.00204540418282,12.214618807670092,1.7914913036706885e+18,1.791484921193472e+18
1791487334823605258,10.824,25.7475,241.0,64.32787004246778,21.84,56.999638970760856,12.214918050637017,1.7914915104771077e+18,1.791484799775123e+18
1791487335225081377,10.756,26.6325,735.45,64.34173274620696,21.91,56.996936722415256,12.215125991193105,1.7914917352932692e+18,1.7914846677721034e+18
1791487335491659800,10.756,27.0975,606.0,64.36060553327758,22.015,56.992399141770285,12.215409082999164,1.791491980088584e+18,1.791484524030574e+18
1791487335758440132,11.208,18.15,210.95,64.37289781678201,22.084999999999997,56.994958507398216,12.21559346725173,1.7914922467882785e+18,1.7914843674191677e+18
1791487336158885420,11.18,18.8475,643.75,64.38968368358451,22.1725,56.99815629664033,12.215845255253768,1.7914925404059471e+18,1.791484194988711e+18
1791487336425855531,11.104,20.75,326.15,64.41680653685131,22.2775,57.00177279450951,12.21625209805277,1.7914928655614666e+18,1.7914840040287066e+18
1791487336692831704,11.128,19.415,995.325,64.42447387521719,22.33,57.00311506113318,12.216367108128258,1.791493224030331e+18,1.7914837934952049e+18
1791487337093552056,11.924,3.7475,1399.075,64.36000413611286,22.3825,56.97723306373708,12.215400062041693,1.7914936075932142e+18,1.791483568210115e+18
1791487337494230595,11.88,5.6825,992.825,64.35115783184087,22.26,56.973815508469514,12.215267367477614,1.7914940307919217e+18,1.7914833196309888e+18
1791487337694372516,11.684,9.4475,1391.45,64.35576332648607,22.0675,56.97542745080094,12.215336449897292,1.791494500586198e+18,1.791483043675175e+18
1791487337961339048,11.636,10.4475,969.55,64.36576398069602,21.84,56.978811751724336,12.21548645971044,1.7914950278298317e+18,1.791482733963488e+18
1791487338228515127,11.496,12.5,1320.425,64.36161343831654,21.6825,56.97752012186892,12.215424201574749,1.7914956187923807e+18,1.791482386811444e+18
1791487338629326126,11.5,12.5,752.8,64.3597904229942,21.42,56.97695280781657,12.215396856344913,1.7914962891738906e+18,1.791481992988849e+18
1791487338896309873,11.4,14.5325,658.95,64.36628277167384,21.2625,56.97876068387519,12.215494241575108,1.7914970567524524e+18,1.7914815420547085e+18
1791487339163369443,11.548,12.3325,372.55,64.38621572710372,20.9825,56.9850160604826,12.215793235906556,1.7914979517497487e+18,1.791481016252049e+18
1791487339430466040,11.524,12.1325,1136.925,64.38597583951493,20.825,56.984940084515905,12.215789637592724,1.7914989954633188e+18,1.791480403065941e+18
1791487339831296505,11.496,13.065,192.8,64.39935233938951,20.650000000000002,56.988988854387685,12.215990285090843,1.7915002438961533e+18,1.7914796695834552e+18
1791487340098115193,11.468,13.7825,588.375,64.418841752472,20.650000000000002,56.99465947425264,12.21628262628708,1.7915017638271844e+18,1.7914787765728003e+18
1791487340565108248,11.368,16.0325,157.175,64.44909351175936,20.51,57.00216585769495,12.216736402676391,1.7915036794851963e+18,1.791477651026083e+18
1791487340831970380,11.288,16.8975,479.65,64.46419848632733,20.3175,57.005620128860016,12.21696297729491,1.7915061282670052e+18,1.791476212220562e+18
1791487341099605053,11.244,17.8325,1463.775,64.48221261786111,20.212500000000002,57.009318383022375,12.217233189267917,1.7915093756735575e+18,1.7914743041503895e+18
1791487341367146014,11.264,17.4175,1190.275,64.49895820341362,19.9675,57.01293612138487,12.217484373051205,1.791513884789698e+18,1.791471654711242e+18
1791487341566674731,11.244,18.4325,355.625,64.5295074678839,19.775000000000002,57.01869925022963,12.217942612018259,1.7915206242382566e+18,1.7914676947595438e+18
1791487342034942197,11.204,18.3325,1085.275,64.5419018746898,19.564999999999998,57.021072961616746,12.218128528120348,1.791531730155306e+18,1.791461169081754e+18
1791487342301739846,11.348,15.785,35.175,64.5555517302335,19.477500000000003,57.024545280879344,12.218333275953503,1.7915533420894298e+18,1.791448470148386e+18
1791487342701937952,11.364,15.4825,107.325,64.56870899194517,19.477500000000003,57.02797612226292,12.218530634879178,1.7916140804184653e+18,1.7914127807777546e+18
1791487342968807079,12.008,3.6,327.525,64.56481458093425,19.372500000000002,57.02637006661672,12.218472218714014,1.7926784538751176e+18,1.790787361973992e+18
1791487343235687170,11.964,4.8825,999.525,64.5817515773064,19.11,57.03317582877312,12.218726273659597,1.7913233532356785e+18,1.7915836103136968e+18
1791487343636633853,12.06,3.13,1411.9,64.59642437394632,18.83,57.03928247061896,12.218946365609195,1.7914100394554578e+18,1.791532674169797e+18
1791487343903442364,12.036,3.615,1031.975,64.61323037441338,18.7075,57.04621224577749,12.219198455616201,1.7914364922751626e+18,1.7915171307501169e+18
1791487344170233687,11.976,5.165,1510.925,64.64822050067728,18.55,57.060174973337276,12.21972330751016,1.7914494153921244e+18,1.7915095372896128e+18
1791487344904009889,10.328,37.3175,794.775,64.6308018931222,18.375,57.00621729524155,12.219462028396833,1.7914569319251116e+18,1.791505120749157e+18
1791487345304488053,10.104,41.0,787.05,64.59572858449786,18.4275,56.94376843521918,12.218935928767468,1.7914617658509962e+18,1.791502280480952e+18
1791487345771952159,10.012,42.0475,763.475,64.5618329037308,18.724999999999998,56.8885137498482,12.218427493555962,1.7914651359659604e+18,1.7915003003369582e+18
1791487346040012542,10.16,39.5,471.95,64.53911275992665,19.1975,56.840654680124004,12.2180866913989,1.791467624081095e+18,1.7914988384367212e+18
1791487347442885500,11.58,9.665,136.725,64.48844850543477,19.810000000000002,56.822854998551996,12.217326727581522,1.7914695347959322e+18,1.7914977158618406e+18
1791487347643052343,11.784,6.6825,417.25,64.45439927327507,19.6875,56.8097688791623,12.216815989099127,1.791471029257282e+18,1.7914968378511928e+18
1791487347909911733,11.184,18.065,220.325,64.45196762108738,19.040000000000003,56.80930323955077,12.216779514316311,1.7914722580355745e+18,1.7914961159423718e+18
1791487348176835128,11.108,20.7175,672.375,64.47303952988325,18.584999999999997,56.811400454234104,12.21709559294825,1.7914733046785236e+18,1.7914955010480412e+18
1791487348643754625,10.852,24.615,574.425,64.48032329229767,17.99,56.81046000441045,12.217204849384466,1.7914742003321477e+18,1.7914949748743578e+18
1791487349045894008,10.844,25.135,114.6,64.49158775086241,17.605,56.808491587355725,12.217373816262937,1.7914749769342313e+18,1.7914945186528983e+18
1791487349312891658,10.856,25.3475,349.525,64.50731477867792,17.272499999999997,56.8054242994279,12.21760972168017,1.7914756576247107e+18,1.7914941187832164e+18
1791487349513564167,10.812,26.05,1067.275,64.52090515709547,16.9225,56.801753955041114,12.217813577356432,1.7914762575518006e+18,1.791493766363174e+18
1791487350581199238,11.416,13.38,1367.975,64.50115108335987,19.6875,56.79582421099105,12.217517266250399,1.7914767828078034e+18,1.7914934578341742e+18
1791487351314999929,11.072,21.465,261.525,64.5221857250811,19.705,56.797249754641754,12.217832785876217,1.7914772594839357e+18,1.7914931778573711e+18
1791487351715183505,10.76,26.7325,798.1,64.53211947801802,19.7925,56.793612031182455,12.21798179217027,1.7914776877186365e+18,1.7914929263413302e+18
1791487352182180785,11.156,18.6975,797.2,64.53209057233992,19.915000000000003,56.79360693497892,12.2179813585851,1.791478071560729e+18,1.791492700907893e+18
1791487352449006569,11.168,19.2175,794.45,64.54593586724515,20.02,56.79580992990431,12.218189038008678,1.7914784207180503e+18,1.7914924958501809e+18
1791487353116044336,11.928,3.665,760.425,64.48980925880159,20.1775,56.772367511016654,12.217347138882024,1.7914787216217871e+18,1.7914923191428216e+18
1791487353382956435,10.568,30.55,682.225,64.49600312524497,20.037499999999998,56.7623169331116,12.217440046878675,1.7914789968539364e+18,1.7914921575155448e+18
1791487353850323662,10.904,23.9825,443.575,64.50659533724148,20.09,56.76138934188925,12.217598930058623,1.791479251229206e+18,1.7914920081434447e+18
1791487354450512941,10.772,27.0,1353.675,64.51981937913833,20.265,56.75578251955974,12.217797290687075,1.791479487950659e+18,1.7914918691466652e+18
1791487354650963149,10.356,35.75,854.275,64.51201043553007,20.51,56.72321822142348,12.217680156532952,1.7914797032441216e+18,1.791491742734604e+18
1791487355118848777,10.388,34.6175,968.625,64.50922160579877,20.825,56.69954773642023,12.217638324086982,1.7914799013339515e+18,1.7914916264299628e+18
1791487355988402260,10.36,35.8,1317.6,64.50105680982749,21.035,56.666275781133315,12.217515852147413,1.7914800837566881e+18,1.7914915193345385e+18
1791487356253838725,10.388,34.915,744.175,64.49701342396858,21.314999999999998,56.63961375678101,12.21745520135953,1.7914802518471823e+18,1.7914914206562191e+18
1791487359726323207,10.412,34.385,632.625,64.49488040881077,21.5075,56.615442526515714,12.217423206132162,1.7914804115179215e+18,1.7914913269572933e+18
1791487361328358678,10.416,34.1675,292.2,64.49354876005211,21.7,56.59337370824317,12.217403231400782,1.7914805604722258e+18,1.7914912395619402e+18
1791487361796157403,10.44,33.5975,891.7,64.4939109152068,21.8575,56.57394898790743,12.217408663728103,1.791480698768008e+18,1.7914911584242488e+18
1791487362263047869,10.456,33.1475,1082.85,64.49540007456702,21.945,56.55695567459803,12.217431001118506,1.7914808276188946e+18,1.791491082831694e+18
1791487362730092904,10.496,32.1975,27.775,64.49883438918388,21.98,56.54356206412569,12.217482515837759,1.7914809481930097e+18,1.791491012098521e+18
1791487362997001370,10.492,32.7975,84.75,64.5015118306407,22.015,56.52515695858965,12.21752267745961,1.7914810610165007e+18,1.7914909459141568e+18
1791487363263910570,10.492,33.0,258.625,64.50375864405038,22.015,56.50489550249892,12.217556379660756,1.7914811667332524e+18,1.7914908839006636e+18
1791487363730929827,10.568,31.9325,789.25,64.50997280299057,22.05,56.484990377126735,12.21764959204486,1.7914812665673577e+18,1.7914908253411945e+18
1791487363997844929,10.516,33.1,770.175,64.51224649065941,22.084999999999997,56.46062327283036,12.217683697359892,1.791481360416014e+18,1.791490770294374e+18
1791487364464863323,10.52,31.8675,711.975,64.51644823704692,22.102500000000003,56.447789411859254,12.217746723555704,1.7914814490620552e+18,1.7914907183021586e+18
1791487364732269429,10.636,30.3325,534.375,64.52635657856686,22.26,56.434302171533254,12.217895348678503,1.7914815335419848e+18,1.791490668755106e+18
1791487365132143598,10.648,29.8325,1630.775,64.53624278407692,22.33,56.4234278749697,12.218043641761154,1.7914816141630093e+18,1.7914906214737132e+18
1791487365398963580,10.632,30.3,61.525,64.54563546439861,22.4525,56.410813249924374,12.21818453196598,1.7914816911186476e+18,1.791490576343518e+18
1791487365665928499,10.652,29.18,187.75,64.55371119526403,22.540000000000003,56.40399671787485,12.218305667928961,1.7914817645271142e+18,1.7914905332950894e+18
1791487366066364892,11.948,4.015,572.95,64.52441189648239,22.68,56.39170376227462,12.217866178447236,1.791481830833236e+18,1.7914904944137702e+18
1791487366333270712,11.992,3.665,110.1,64.51155269656452,22.522499999999997,56.38627470492428,12.217673290448468,1.791481892274039e+18,1.791490458386759e+18
1791487366600128470,12.016,3.4175,335.975,64.50554521045584,22.3475,56.383727348469506,12.217583178156838,1.7914819498908544e+18,1.7914904246032865e+18
1791487366868365894,12.004,3.715,1025.3,64.50283977922201,22.224999999999998,56.3825862051252,12.21754259668833,1.7914820042737503e+18,1.7914903927172426e+18
1791487367268820499,12.06,3.2,1490.55,64.51799521176402,22.102500000000003,56.38903740961977,12.21776992817646,1.7914820572267446e+18,1.7914903616714045e+18
1791487367535794141,11.96,5.3175,1271.975,64.54371706327355,21.98,56.399549687716686,12.218155755949104,1.7914821097461855e+18,1.79149033088097e+18
1791487367802984851,11.944,5.85,604.95,64.57691959982314,21.8225,56.412962685191744,12.218653793997348,1.7914821624316165e+18,1.7914902999944635e+18
1791487368203873735,12.096,2.9825,207.75,64.60660847120782,21.5775,56.42565769731905,12.219099127068118,1.791482214886974e+18,1.791490269244712e+18
1791487368604668504,12.056,3.9325,634.0,64.6433876243513,21.349999999999998,56.44111288248146,12.21965081436527,1.7914822676241551e+18,1.7914902383316616e+18
1791487368871860263,12.064,3.715,296.4,64.67714805147517,21.227500000000003,56.45535853575427,12.220157220772128,1.791482320326219e+18,1.7914902074404954e+18
1791487369272177441,12.14,2.5475,904.525,64.71812140505806,21.0525,56.47301792550377,12.220771821075871,1.7914823734470715e+18,1.791490176305834e+18
1791487369539013723,12.14,2.6,1121.975,64.76018888172771,20.755,56.491132258776204,12.221402833225916,1.7914824269565204e+18,1.791490144944754e+18
1791487369739234087,12.132,2.9325,147.175,64.80781529466843,20.545,56.51151852859589,12.222117229420027,1.7914824811319153e+18,1.7914901131944256e+18
1791487369939526364,12.152,2.4325,449.125,64.85019163376349,20.23,56.52982095225057,12.222752874506453,1.791482535463647e+18,1.79149008135353e+18
1791487370340300981,12.152,2.615,1370.6,64.89798689011505,19.897499999999997,56.550396643255795,12.223469803351726,1.7914825902125184e+18,1.791490049270362e+18
1791487370607353238,12.132,3.185,905.925,64.95149476383455,19.897499999999997,56.57318877592473,12.224272421457519,1.791482645608238e+18,1.7914900168096274e+18
1791487370807640780,12.1,3.565,1126.25,64.99726613618894,19.53,56.59254140656897,12.224958992042835,1.7914827010167327e+18,1.7914899843425492e+18
1791487371141055409,12.088,4.1975,160.225,65.05503587334991,19.1975,56.616651378962835,12.22582553810025,1.7914827570643123e+18,1.7914899515029432e+18
1791487371407909960,12.08,3.9175,488.95,65.09874779495463,18.97,56.635002210245005,12.22648121692432,1.7914828127842516e+18,1.7914899188569065e+18
1791487371674862090,12.092,3.7825,1492.15,65.14448540469226,18.6725,56.654257503134176,12.227167281070384,1.7914828682192847e+18,1.7914898863793784e+18
1791487371875225158,12.104,3.765,1276.875,65.19582098492249,18.41,56.67587739641651,12.227937314773838,1.791482923598322e+18,1.7914898539358912e+18
1791487372275918718,12.096,3.8675,619.9,65.24497101937081,18.41,56.69653216824677,12.228674565290563,1.791482978742818e+18,1.7914898216322813e+18
1791487372542843876,12.092,3.7325,253.375,65.28706032802722,18.1125,56.71427046873541,12.229305904920409,1.7914830332103465e+18,1.7914897897269007e+18
1791487372943340315,12.108,3.7325,773.225,65.33743799411609,17.78,56.73550185046905,12.230061569911742,1.7914830873917996e+18,1.791489757991594e+18
1791487373143564345,12.1,4.05,721.275,65.39202153154943,17.43,56.75834773541951,12.230880322973242,1.791483141386889e+18,1.7914897263667192e+18
1791487373343760013,12.1,3.8475,562.75,65.43989554913567,17.150000000000002,56.778474759770226,12.231598433237036,1.7914831948148252e+18,1.7914896950753085e+18
1791487373610569034,12.224,1.68,78.975,65.49104760560378,17.150000000000002,56.80093248474599,12.232365714084057,1.7914832477911634e+18,1.7914896640501084e+18
1791487374010839851,11.968,6.35,241.0,65.53855864023978,16.852500000000003,56.81969018618353,12.233078379603597,1.7914833001414134e+18,1.7914896333941727e+18
1791487374411483662,12.12,3.4325,735.45,65.58305230328716,16.6425,56.8385664407511,12.233745784549308,1.7914833517126428e+18,1.7914896031970184e+18
1791487374611839275,12.08,4.2825,606.0,65.63001224296423,16.6425,56.85811228974354,12.234450183644464,1.7914834025538094e+18,1.7914895734286548e+18
1791487374878716701,10.172,42.15,210.95,65.57579642489779,16.555,56.771272012666095,12.233636946373467,1.7914834488223552e+18,1.7914895463392445e+18
1791487375279381295,10.356,37.5,643.75,65.55630677506743,16.7825,56.72101701282397,12.233344601626012,1.791483492178192e+18,1.7914895209574543e+18
1791487375546354619,10.548,33.1975,326.15,65.5563639282635,17.08,56.69231769924441,12.233345458923953,1.7914835335168476e+18,1.7914894967580634e+18
1791487375746852421,10.316,37.9175,995.325,65.53671999416966,17.4475,56.645135729453074,12.233050799912546,1.7914835722763476e+18,1.7914894740695473e+18
1791487375947142579,10.776,27.315,1399.075,65.54634694546257,17.4475,56.63879789480054,12.23319520418194,1.7914836096266908e+18,1.7914894522069402e+18
1791487376147690730,10.456,34.015,992.825,65.54419926652666,17.7975,56.61590539226542,12.2331629889979,1.791483645259521e+18,1.791489431350662e+18
1791487376547978809,10.02,42.0975,1391.45,65.51709808412527,17.955,56.57300303738158,12.23275647126188,1.7914836784815777e+18,1.7914894119073247e+18
1791487376948819383,10.224,38.2475,969.55,65.50327492296115,18.2175,56.54154623795397,12.232549123844418,1.791483709857756e+18,1.791489393546099e+18
1791487377349269680,10.044,43.1325,1320.425,65.4593129272516,18.235,56.476212221764584,12.231889693908775,1.7914837385738266e+18,1.7914893767432207e+18
1791487377616335146,10.072,41.5325,752.8,65.43223979334125,18.34,56.431728585726106,12.23148359690012,1.7914837653108293e+18,1.7914893610994135e+18
1791487377816769887,10.036,41.5825,658.95,65.41024930750115,18.515,56.39572538625899,12.231153739612518,1.7914837903445921e+18,1.79148934645291e+18
1791487378217519993,10.188,39.1975,372.55,65.39314624812044,18.6375,56.360930250983444,12.230897193721807,1.7914838138889364e+18,1.7914893326792312e+18
1791487378618157939,10.056,42.75,1136.925,65.35460259313004,18.6375,56.302547294687386,12.230319038896951,1.791483835417664e+18,1.7914893200860014e+18
1791487378885057680,10.072,41.265,192.8,65.33202619529972,18.7075,56.264715343313796,12.229980392929496,1.7914838555029353e+18,1.7914893083379356e+18
1791487379285696699,10.108,41.6175,588.375,65.30083502533346,18.8125,56.21381639991333,12.229512525380002,1.7914838739607076e+18,1.7914892975429338e+18
1791487379686290160,10.076,41.6825,157.175,65.27388830899628,19.1975,56.170052126290635,12.229108324634945,1.7914838909832607e+18,1.7914892875883607e+18
1791487380087131301,10.22,38.8175,479.65,65.25835445811833,19.53,56.1365828550006,12.228875316871775,1.791483906936704e+18,1.7914892782599764e+18
1791487380354195832,10.244,37.685,1463.775,65.24918259442882,19.705,56.11295071896756,12.228737738916433,1.7914839220656338e+18,1.7914892694143306e+18
1791487380621394549,10.212,39.5,1190.275,65.22886882774002,20.002499999999998,56.07278249160114,12.2284330324161,1.7914839361238781e+18,1.7914892611952837e+18
1791487380821772974,10.224,38.635,355.625,65.21496142584857,20.16,56.04205484020775,12.22822442138773,1.7914839493383939e+18,1.7914892534699297e+18
1791487381222386547,10.248,38.7,1085.275,65.19864634818435,20.3875,56.00634004544295,12.227979695222766,1.7914839616350356e+18,1.791489246281957e+18
1791487381489118612,10.328,36.6325,35.175,65.19110460737454,20.6325,55.98143175640266,12.227866569110619,1.7914839733010903e+18,1.7914892394630879e+18
1791487381889436970,10.356,36.1325,107.325,65.1849653885334,20.877499999999998,55.95765823538217,12.227774480828002,1.7914839843575826e+18,1.7914892330012188e+18
1791487382356489174,10.424,35.2325,327.525,65.1808240831414,21.1925,55.93310898002043,12.227712361247121,1.7914839948550932e+18,1.7914892268668278e+18
1791487382623672516,10.464,33.815,999.525,65.18086527708755,21.4025,55.91660981597312,12.227712979156314,1.791484004968327e+18,1.791489220957426e+18
1791487383024201035,10.452,34.35,1411.9,65.17954903758438,21.647499999999997,55.897052040898515,12.227693235563766,1.7914840146409408e+18,1.791489215306113e+18
1791487383424495271,10.452,33.95,1031.975,65.17930379405081,21.805,55.88123458539331,12.227689556910763,1.7914840239129687e+18,1.7914892098894536e+18
1791487383624579657,10.452,34.1325,1510.925,65.1786181763333,21.9275,55.863961409602815,12.227679272645,1.7914840328458007e+18,1.791489204671233e+18
1791487383824698098,10.516,33.1475,1334.175,65.1803159054111,22.0675,55.847256341558875,12.227704738581167,1.7914840415070776e+18,1.791489199611932e+18
1791487384091597511,10.488,33.3325,794.775,65.1813903329215,22.2425,55.832528012702134,12.227720854993823,1.7914840498720673e+18,1.7914891947260698e+18
1791487384491900084,10.476,33.6175,787.05,65.18186304518349,22.3125,55.817040696221774,12.227727945677753,1.791484057897395e+18,1.791489190039127e+18
1791487384892534915,10.484,33.6175,763.475,65.18236186149382,22.4175,55.8006981413832,12.227735427922408,1.7914840655949832e+18,1.7914891855441055e+18
1791487385092843716,10.444,33.7825,691.525,65.18244738418022,22.522499999999997,55.78807694968517,12.227736710762704,1.7914840730257303e+18,1.7914891812051533e+18
1791487385359844018,10.464,33.8325,471.95,65.18244264511563,22.575,55.7726650357146,12.227736639676735,1.7914840801772616e+18,1.791489177029559e+18
1791487385760184998,10.508,32.585,1440.275,65.18457935363158,22.61,55.76194744802312,12.227768690304474,1.7914840870627139e+18,1.7914891730097864e+18
1791487386160399591,10.596,31.4325,1118.55,65.18966901891434,22.75,55.75031091199271,12.227845035283716,1.7914840937509435e+18,1.7914891691056018e+18
1791487386561272653,10.612,31.165,136.725,65.19533962766386,22.9425,55.73902663173269,12.227930094414958,1.791484100258739e+18,1.7914891653071864e+18
1791487386828529870,10.56,31.98,417.25,65.19902042907293,23.0475,55.727364628298744,12.227985306436095,1.7914841065905303e+18,1.791489161611784e+18
1791487387028795931,10.684,29.9175,1273.325,65.20743897809895,23.135,55.717770518791326,12.228111584671485,1.7914841128670477e+18,1.7914891579488522e+18
1791487387428717538,10.552,33.065,609.075,65.20954299567931,23.205,55.698912407129775,12.22814314493519,1.7914841189046572e+18,1.7914891544257597e+18
1791487387828940542,10.648,29.4175,220.325,65.21402935262086,23.2925,55.69473912721369,12.228210440289313,1.7914841247565023e+18,1.7914891510114668e+18
1791487388229392375,11.612,10.515,672.375,65.2015220782767,23.3275,55.690332175883924,12.228022831174151,1.7914841300947704e+18,1.791489147897187e+18
1791487388629582320,11.356,15.9675,413.525,65.20689079182036,23.099999999999998,55.691736133496775,12.228103361877306,1.7914841352809265e+18,1.791489144872002e+18
1791487388829822096,11.456,13.9,1261.975,65.20758880298898,23.0125,55.69194690520446,12.228113832044835,1.791484140290513e+18,1.7914891419499843e+18
1791487389096871392,11.416,14.8,574.425,65.21159058708503,22.75,55.69308891423072,12.228173858806276,1.791484145171277e+18,1.791489139103333e+18
1791487389497289247,11.468,13.85,114.6,65.21544991281584,22.627499999999998,55.69425789793759,12.228231748692238,1.7914841498835528e+18,1.791489136355278e+18
1791487389697579755,11.708,8.9125,349.725,65.20520347428891,22.3475,55.690440872853046,12.228078052114334,1.7914841542299333e+18,1.7914891338207526e+18
1791487389964634318,11.56,12.615,1067.275,65.21773106332249,22.102500000000003,55.69448889174219,12.228265965949838,1.7914841586214026e+18,1.7914891312601385e+18
1791487390365248618,12.068,2.9175,1618.65,65.21890502819234,21.77,55.694990840253595,12.228283575422886,1.7914841628075894e+18,1.791489128819513e+18
1791487390632526888,11.644,10.8975,24.525,65.22771236967068,21.525000000000002,55.698051848533154,12.22841568554506,1.791484166973189e+18,1.7914891263910853e+18
1791487390832950085,11.54,12.7175,74.825,65.23480757974016,21.2625,55.70032650742628,12.228522113696103,1.7914841711078733e+18,1.7914891239808284e+18
1791487391233802386,11.456,14.35,228.325,65.24356220586478,21.087500000000002,55.702882271535586,12.228653433087972,1.7914841751812178e+18,1.791489121606614e+18
1791487391634348911,11.376,16.4975,696.775,65.26274027982734,20.8425,55.70759367819974,12.22894110419741,1.7914841793797066e+18,1.7914891191597586e+18
1791487391901374893,11.364,16.365,487.975,65.27631441805039,20.6325,55.710971845689784,12.229144716270756,1.7914841836395136e+18,1.7914891166773678e+18
1791487392235321931,11.248,18.45,1489.175,65.2881921225604,20.405,55.71324896827383,12.229322881838407,1.7914841879084457e+18,1.7914891141899077e+18
1791487392502258894,11.34,16.735,1267.8,65.3003554428983,20.405,55.716166954875696,12.229505331643475,1.7914841922106673e+18,1.7914891116832538e+18
1791487392702508971,11.368,15.815,592.2,65.30619697484173,20.16,55.71769702385878,12.229592954622627,1.7914841964561649e+18,1.7914891092098063e+18
1791487392902546898,11.156,19.7825,168.85,65.31276000174293,20.037499999999998,55.7186492082027,12.229691400026145,1.7914842006581425e+18,1.7914891067618637e+18
1791487393102692259,11.224,18.565,515.275,65.31991676459674,20.002499999999998,55.719992913320816,12.229798751468952,1.791484204827403e+18,1.7914891043331323e+18
1791487393302870670,11.416,15.265,1572.475,65.33110405240316,19.88,55.723064521337854,12.229966560786048,1.791484209030947e+18,1.7914891018845796e+18
1791487393503120207,10.2,39.45,1522.0,65.31328121433886,19.7225,55.69164701665363,12.229699218215083,1.7914842127922212e+18,1.791489099693788e+18
1791487393903938947,10.216,38.9325,1367.975,65.29835883899577,19.9325,55.66385351046136,12.229475382584937,1.7914842161142203e+18,1.7914890977590979e+18
1791487394304492375,10.26,38.015,897.925,65.28654347343823,20.195,55.63911542203304,12.229298152101574,1.7914842190584108e+18,1.791489096044658e+18
1791487394571545994,10.312,37.715,1101.825,65.27293333130208,20.4225,55.609303992404136,12.229093999969532,1.791484221643175e+18,1.791489094539642e+18
1791487394771886345,10.268,37.715,85.7,65.26275021260821,20.6325,55.5869990580906,12.228941253189124,1.7914842239521846e+18,1.7914890931952722e+18
1791487394972336690,11.628,9.63,261.525,65.23660559239816,20.8075,55.577390023203854,12.228549083885973,1.7914842257411044e+18,1.7914890921537812e+18
1791487395172695312,11.956,4.135,798.1,65.21576152275523,20.7375,55.5685969917247,12.228236422841329,1.7914842271062623e+18,1.7914890913590487e+18
1791487395373079937,12.076,2.8475,794.45,65.21879358590903,20.5975,55.56990623927754,12.228281903788636,1.7914842284310484e+18,1.79148909058787e+18
1791487395573246620,11.612,11.93,760.425,65.23527893545835,20.212500000000002,55.57543276885544,12.228529184031876,1.7914842299239475e+18,1.791489089718887e+18
1791487395773550846,11.732,9.5325,682.225,65.24828641296662,19.9675,55.58022000782947,12.2287242961945,1.7914842315268485e+18,1.791489088785933e+18
1791487395974009622,12.044,3.165,443.575,65.2439394098202,19.7575,55.578350783187155,12.228659091147303,1.7914842329732257e+18,1.7914890879441364e+18
1791487396174464789,12.172,1.9825,854.275,65.27118368985762,19.005,55.59030517744394,12.229067755347865,1.7914842347438428e+18,1.791489086913702e+18
1791487396775625385,12.2,2.3,891.7,65.32060747839365,16.834999999999997,55.611877516993395,12.229809112175905,1.7914842370509868e+18,1.7914890855712863e+18
1791487397176235211,9.944,44.9325,904.525,65.28029688798773,18.689999999999998,55.56094463792375,12.229204453319817,1.7914842385969723e+18,1.791489084671871e+18
1791487397376680637,10.012,43.0825,147.175,65.25236479202425,19.0575,55.52250533521664,12.228785471880364,1.7914842396399713e+18,1.7914890840651213e+18
1791487397777225013,10.332,35.665,449.125,65.24915751168913,19.337500000000002,55.510990069386374,12.228737362675338,1.7914842404981745e+18,1.7914890835659348e+18
1791487398178104431,10.344,36.7,1370.6,65.24078755946425,19.564999999999998,55.48836163641435,12.228611813391964,1.7914842410998484e+18,1.7914890832160118e+18
1791487398578958374,10.32,35.73,1126.25,65.23789638041153,19.985,55.47819136177422,12.228568445706173,1.7914842415292344e+18,1.7914890829663214e+18
1791487398779291428,10.42,34.2825,160.225,65.2364311267124,20.212500000000002,55.46683657566339,12.228546466900687,1.7914842418696507e+18,1.7914890827683766e+18
1791487399046591310,10.424,35.8825,488.95,65.2287620312852,20.265,55.4412090705903,12.228431430469278,1.791484242014138e+18,1.7914890826843707e+18
1791487399247049514,10.456,34.6825,1492.15,65.22547152046316,20.3875,55.42244108779475,12.228382072806948,1.7914842420488445e+18,1.7914890826641915e+18
1791487399447406974,10.552,31.2675,1276.875,65.22733719934601,20.650000000000002,55.41744163544024,12.22841005799019,1.7914842420503708e+18,1.7914890826633042e+18
1791487399647751534,10.552,31.715,619.9,65.22942333606088,20.93,55.409907522287654,12.228441350040914,1.7914842420230963e+18,1.7914890826791608e+18
1791487400048401440,10.448,34.765,253.375,65.22602078520387,21.1925,55.391744799408606,12.228390311778059,1.7914842418302794e+18,1.7914890827912297e+18
1791487400449318499,10.468,34.35,773.225,65.22366165397644,21.385,55.374714179196936,12.228354924809647,1.7914842414900884e+18,1.791489082988935e+18
1791487400850162905,10.46,34.78,721.275,65.21997319810077,21.63,55.355222111220804,12.228299597971512,1.7914842409853704e+18,1.7914890832822126e+18
1791487401251147872,10.5,33.365,562.75,65.2198989005756,21.8225,55.34235711630304,12.228298483508635,1.7914842403697065e+18,1.791489083639914e+18
1791487401451529695,10.536,32.3825,78.975,65.22141009069253,21.945,55.33259303502199,12.228321151360388,1.7914842397267702e+18,1.7914890840134374e+18
1791487401719877172,10.504,33.1675,241.0,65.22168644834929,22.05,55.320872814062504,12.22832529672524,1.791484239019951e+18,1.7914890844240376e+18
1791487401920143798,10.512,32.4,735.45,65.22281213436693,22.155,55.31347121786383,12.228342182015504,1.7914842382820874e+18,1.7914890848526413e+18
1791487402254071537,10.656,30.15,606.0,65.22766335574852,22.189999999999998,55.30645758121688,12.228414950336228,1.7914842375257649e+18,1.7914890852919214e+18
1791487402454419800,10.612,31.3475,210.95,65.2313570084518,22.102500000000003,55.296393607219905,12.228470355126777,1.7914842367747459e+18,1.7914890857280934e+18
1791487402654760797,10.616,31.3675,643.75,65.23514844157529,22.015,55.285931019227384,12.22852722662363,1.7914842360298378e+18,1.7914890861606835e+18
1791487402921989359,10.496,33.115,326.15,65.2354338596995,21.962500000000002,55.27574975143002,12.228531507895493,1.7914842352246262e+18,1.7914890866282555e+18
1791487403322840302,10.552,31.9175,995.325,65.2373749531205,21.997500000000002,55.267781124623966,12.228560624296808,1.7914842343435336e+18,1.7914890871398208e+18
1791487403723606572,10.496,33.865,1399.075,65.23609252600937,22.12,55.252382323659845,12.228541387890141,1.7914842333444288e+18,1.7914890877198282e+18
1791487404124460535,10.224,39.065,992.825,65.22185221590304,22.26,55.227143979634036,12.228327783238546,1.7914842320550264e+18,1.791489088468261e+18
1791487404391757862,11.588,10.6825,1391.45,65.20357809209527,22.365,55.220594434111106,12.22805367138143,1.791484230465188e+18,1.7914890893910024e+18
1791487404592076023,12.068,2.0325,969.55,65.17975815932652,22.224999999999998,55.21016396027793,12.227696372389898,1.7914842285258888e+18,1.7914890905164964e+18
1791487404926107549,12.108,1.815,1320.425,65.1700510476935,22.1375,55.205899294660696,12.227550765715403,1.791484226389789e+18,1.791489091756068e+18
1791487405193320543,12.12,1.85,752.8,65.16737354912647,21.997500000000002,55.20472360179361,12.227510603236897,1.7914842241723932e+18,1.7914890930427013e+18
1791487405594006810,12.144,1.8825,658.95,65.17737716144435,21.787499999999998,55.20911401637854,12.227660657421666,1.791484222001972e+18,1.7914890943019128e+18
1791487405994887968,12.156,1.8825,372.55,65.19308312333278,21.787499999999998,55.21600709479407,12.227896246849992,1.791484219953026e+18,1.791489095490488e+18
1791487406395749009,12.156,2.0325,1136.925,65.21248532281692,21.665000000000003,55.22450245168475,12.228187279842254,1.7914842180732462e+18,1.7914890965807908e+18
1791487406663004413,12.168,2.13,192.8,65.23984822662518,21.5425,55.23646489814899,12.228597723399378,1.7914842165031565e+18,1.7914890974913856e+18
1791487407197553246,12.172,2.285,479.65,65.2726289116774,20.93,55.25076002473619,12.229089433675162,1.7914842152331976e+18,1.7914890982277896e+18
1791487407398008023,12.184,2.0825,1463.775,65.30557122625054,20.755,55.26517294539884,12.229583568393759,1.7914842143557448e+18,1.7914890987365596e+18
1791487407665077930,12.188,2.18,1190.275,65.34235632377074,20.58,55.281241640943314,12.230135344856562,1.7914842138948626e+18,1.7914890990037663e+18
1791487408065917587,12.204,2.165,355.625,65.38571080824798,20.5275,55.30018468712795,12.23078566212372,1.791484213892715e+18,1.7914890990050115e+18
1791487408466720461,12.2,2.165,1085.275,65.42666241077089,20.5275,55.31807783260699,12.231399936161564,1.7914842143114368e+18,1.7914890987623104e+18
1791487408667191163,12.196,2.215,35.175,65.4664594366592,20.247500000000002,55.33545201102801,12.231996891549889,1.7914842151797985e+18,1.7914890982590223e+18
1791487408867605258,12.204,2.1,107.325,65.50663895093065,20.037499999999998,55.35302697365922,12.23259958426396,1.7914842164926185e+18,1.7914890974981816e+18
1791487409068043533,12.212,1.9825,327.525,65.5471339670614,19.7925,55.37077471143057,12.233207009505922,1.7914842182436004e+18,1.7914890964834734e+18
1791487409335328646,12.2,2.3,999.525,65.589204170701,19.495,55.38911392850546,12.233838062560515,1.7914842204270226e+18,1.791489095218274e+18
1791487409669227566,12.216,2.215,1411.9,65.63589253668971,19.0925,55.40949607580753,12.234538388050346,1.7914842230756754e+18,1.7914890936836652e+18
1791487409869598768,12.216,2.13,1031.975,65.68003622585717,19.0925,55.42879550822147,12.235200543387858,1.7914842261764308e+18,1.7914890918872274e+18
1791487410136791850,12.228,2.15,1510.925,65.72938129426093,18.795,55.45036151800562,12.235940719413914,1.7914842297670625e+18,1.7914890898071631e+18
1791487410337239828,12.216,2.2,1334.175,65.77400595632699,18.515,55.46984752669645,12.236610089344905,1.7914842337914583e+18,1.791489087475976e+18
1791487410671339706,12.228,2.2,794.775,65.823301412797,18.235,55.491373105798644,12.237349521191955,1.79148423826801e+18,1.7914890848831593e+18
1791487410871696556,12.232,2.25,787.05,65.87484297976789,18.0075,55.51385957310823,12.238122644696519,1.7914842432361702e+18,1.791489082005798e+18
1791487411072049080,12.232,2.18,763.475,65.92420947363797,18.0075,55.53542394415322,12.23886314210457,1.7914842486554301e+18,1.7914890788673871e+18
1791487411272511239,12.232,2.23,691.525,65.97408975057557,17.7625,55.557193270291485,12.239611346258634,1.7914842545180498e+18,1.791489075472451e+18
1791487411539608520,12.232,2.285,471.95,66.02458306694183,17.43,55.57920825377562,12.240368746004128,1.7914842608059354e+18,1.7914890718315817e+18
1791487411940361603,12.24,2.3,1440.275,66.07817141273442,17.1325,55.60256627493502,12.241172571191017,1.7914842675213286e+18,1.7914890679437007e+18
1791487412341241124,12.24,2.265,1118.55,66.13037790820466,17.1325,55.625336576368504,12.24195566862307,1.7914842746360942e+18,1.791489063825168e+18
1791487412742170073,12.244,2.23,136.725,66.18288872604536,16.834999999999997,55.64825434824735,12.242743330890681,1.7914842821409728e+18,1.7914890594814034e+18
1791487413142809384,12.248,2.18,417.25,66.23537768177559,16.59,55.671183689188865,12.243530665226634,1.7914842900231754e+18,1.791489054919867e+18
1791487413410013746,12.248,2.365,1273.325,66.29117276747296,16.59,55.69547340170913,12.244367591512095,1.7914842983247918e+18,1.7914890501160515e+18
1791487413610205096,12.248,2.25,609.075,66.34391689447811,16.415000000000003,55.71848460460969,12.245158753417172,1.7914843070034304e+18,1.791489045094408e+18
1791487413810579224,12.248,2.23,220.325,66.39563954685417,16.397499999999997,55.7410586442972,12.245934593202813,1.791484316034034e+18,1.7914890398694753e+18
1791487414411974161,12.252,2.2,413.525,66.4477670956035,16.397499999999997,55.76382227942402,12.246716506434053,1.791484325362701e+18,1.7914890344732114e+18
1791487414812817716,12.256,2.18,1261.975,66.50050076186824,16.38,55.78685932328596,12.247507511428024,1.7914843350061455e+18,1.7914890288956293e+18
1791487415080087394,12.26,2.3325,574.425,66.55737374165449,16.1525,55.8116322028312,12.248360606124818,1.7914843450096842e+18,1.7914890231103122e+18
1791487415280545473,12.256,2.315,114.6,66.61167287874372,16.1525,55.83529197859625,12.249175093181156,1.7914843553361362e+18,1.7914890171386593e+18
1791487415480843373,12.26,2.18,349.725,66.66420377035425,16.0475,55.858241146549936,12.249963056555314,1.791484365952821e+18,1.791489010999601e+18
1791487415881572800,12.26,2.115,1067.275,66.71482727788407,16.0475,55.88038479028675,12.250722409168262,1.7914843768097856e+18,1.791489004722486e+18
1791487416282338324,12.256,2.215,1618.65,66.76535256487806,15.89,55.90244256715817,12.251480288473171,1.7914843878949074e+18,1.7914889983143596e+18
1791487416683282234,12.26,2.18,24.525,66.8161784299633,15.504999999999999,55.924646788102145,12.25224267644945,1.791484399200425e+18,1.7914889917797512e+18
1791487417084077317,12.26,2.2,74.825,66.86685176975078,15.504999999999999,55.94677566043886,12.253002776546262,1.791484410713376e+18,1.791488985126185e+18
1791487417284544568,12.264,2.25,228.325,66.9195113989038,14.91,55.969749121041225,12.253792670983557,1.7914844224562442e+18,1.791488978340231e+18
1791487417484905007,12.264,2.285,696.775,66.97229613892945,14.1225,55.992761021410764,12.254584442083942,1.791484434416763e+18,1.7914889714289928e+18
1791487417751955541,12.264,2.23,487.975,67.02343848301236,14.1225,56.01508159921334,12.255351577245186,1.7914844465636385e+18,1.7914889644107446e+18
1791487417952378085,12.268,2.2,1489.175,67.07496573897957,13.457500000000001,56.03758377310207,12.256124486084694,1.791484458892428e+18,1.7914889572879058e+18
1791487418353205989,12.272,2.265,1267.8,67.12871737329004,13.457500000000001,56.061026392629465,12.256930760599351,1.7914844714026606e+18,1.7914889500612908e+18
1791487418754135829,12.264,2.18,592.2,67.17725789109035,12.775,56.08223301486285,12.257658868366356,1.791484484035868e+18,1.7914889427647048e+18
1791487419155005879,12.268,2.3,168.85,67.22909574020983,12.775,56.104824474326946,12.258436436103148,1.7914844968133565e+18,1.791488935385864e+18
1791487419355256135,12.272,2.15,515.275,67.2790026939143,12.2675,56.12664176763996,12.259185040408715,1.7914845097162683e+18,1.7914889279351416e+18
1791487419555522209,12.272,2.2,1572.475,67.32934765898486,12.2675,56.148627853835954,12.259940214884773,1.7914845227383923e+18,1.7914889204161334e+18
1791487419755963556,12.276,2.23,1522.0,67.38121191591691,11.34,56.17126329470854,12.260718178738754,1.7914845358838016e+18,1.791488912826508e+18
1791487419956340201,12.276,2.2,1367.975,67.43197833050583,11.34,56.19343350319803,12.261479674957588,1.7914845491332641e+18,1.7914889051773809e+18
1791487420156824907,12.272,2.15,897.925,67.4798263485429,11.34,56.21435111791529,12.262197395228144,1.7914845624528986e+18,1.7914888974883228e+18
1791487420357176149,12.276,2.165,1101.825,67.52891844289131,8.8725,56.23580583508183,12.26293377664337,1.7914845758456653e+18,1.7914888897576397e+18
1791487420624466820,12.28,2.25,85.7,67.58053623639901,8.8725,56.258323696600115,12.263708043545986,1.791484589322839e+18,1.791488881979029e+18
1791487420824861009,12.228,3.08,261.525,67.62841887074352,8.8725,56.27883058267753,12.264426283061153,1.7914846028474276e+18,1.7914888741736543e+18
1791487421025324434,12.188,3.515,798.1,67.66986350537638,8.8725,56.2963988490424,12.265047952580646,1.7914846163613663e+18,1.7914888663750367e+18
1791487421225808983,12.08,5.465,797.2,67.70878613332967,8.8725,56.312064129813564,12.265631791999946,1.7914846298407836e+18,1.7914888585969477e+18
1791487421426247383,12.124,4.6975,794.45,67.74872054689432,8.8725,56.32848893034691,12.266230808203415,1.7914846432905413e+18,1.7914888508365888e+18
1791487421626585707,12.116,4.8175,786.05,67.7877500385161,8.8725,56.34448872450742,12.266816250577742,1.7914846567007096e+18,1.791488843099689e+18
1791487421826910236,12.1,5.015,760.425,67.82463027010344,8.8725,56.35952402034935,12.267369454051552,1.7914846700524477e+18,1.7914888353971185e+18
1791487422027375333,12.092,5.05,682.225,67.85925144131475,8.8725,56.373624291482706,12.267888771619722,1.7914846833273165e+18,1.7914888277395128e+18
1791487422227825190,12.092,5.03,443.575,67.89325820653,8.8725,56.3874822562611,12.26839887309795,1.7914846965197965e+18,1.7914888201300547e+18
1791487422428287790,12.088,5.05,1353.675,67.92606096416243,8.8725,56.40084190509324,12.268890914462437,1.7914847096207286e+18,1.7914888125740193e+18
1791487422829032478,12.08,5.115,854.275,67.95716857042804,8.8725,56.413487340183785,12.269357528556421,1.7914847226162212e+18,1.791488805080036e+18
1791487423229961289,12.076,5.45,968.625,67.99223367449794,8.8725,56.42760051081626,12.26988350511747,1.791484735533812e+18,1.7914887976322066e+18
1791487423630719128,12.06,5.565,1317.6,68.02397898541588,8.8725,56.44033279015907,12.270359684781239,1.791484748349907e+18,1.7914887902441234e+18
1791487424031338528,12.072,5.43,744.175,68.05697033071729,8.8725,56.45361956099771,12.27085455496076,1.7914847610727636e+18,1.7914887829110057e+18
1791487424231611876,12.044,5.48,632.625,68.08200584034772,1.5225,56.46368684158158,12.271230087605216,1.7914847736510456e+18,1.791488775661823e+18
1791487424432070698,12.06,5.1825,292.2,68.10687345794331,1.5225,56.47377713720207,12.27160310186915,1.7914847860861578e+18,1.7914887684957563e+18
1791487424632532221,12.056,5.43,891.7,68.13433462710086,1.5225,56.484836449319225,12.272015019406513,1.7914847983974024e+18,1.7914887614016727e+18
1791487424899783904,12.064,5.2175,1082.85,68.16058341521969,1.5225,56.49547625612636,12.272408751228296,1.7914848105779932e+18,1.7914887543836739e+18
1791487425300693278,12.052,5.415,27.775,68.18618986968772,1.5225,56.505793151737414,12.272792848045317,1.791484822624081e+18,1.7914887474443615e+18
1791487425701513252,12.064,5.03,84.75,68.20900662069234,1.5225,56.51509438732223,12.273135099310386,1.791484834519723e+18,1.7914887405928906e+18
1791487426102119072,12.212,2.665,258.625,68.23825771409626,1.5225,56.527796384179894,12.273573865711445,1.791484846307449e+18,1.7914887338047452e+18
1791487426369394539,12.1,4.48,789.25,68.26262686994009,1.5225,56.53788864078657,12.273939403049102,1.7914848579598979e+18,1.7914887270952732e+18
1791487426569802496,12.084,4.8325,770.175,68.28768235794114,1.5225,56.54815927563094,12.274315235369118,1.7914848694845284e+18,1.7914887204599772e+18
1791487426770242339,12.108,4.615,711.975,68.31626950223237,1.5225,56.559952769355995,12.274744042533486,1.7914848809045524e+18,1.7914887138854828e+18
1791487426970662997,12.06,5.3175,534.375,68.34149912140026,1.5225,56.57014215616766,12.275122486821004,1.7914848922011272e+18,1.7914887073826317e+18
1791487427304788640,12.08,5.0,1630.775,68.36743170094617,1.5225,56.5807189790383,12.275511475514193,1.7914849033788972e+18,1.791488700949121e+18
1791487427638654082,12.072,4.965,61.525,68.3902561510753,1.5225,56.590038080107945,12.27585384226613,1.7914849144213427e+18,1.791488694594441e+18
1791487427838913495,12.088,4.7675,187.75,68.41449458882845,1.5225,56.59999388847727,12.276217418832427,1.7914849253408806e+18,1.791488688311053e+18
1791487428039365033,12.076,4.8825,572.95,68.43683638051554,1.5225,56.609138759403116,12.276552545707734,1.7914849361293233e+18,1.7914886821036608e+18
1791487428306652025,12.096,4.7975,110.1,68.46352984410547,1.5225,56.62009315221527,12.276952947661583,1.791484946811891e+18,1.7914886759579282e+18
1791487428707582914,12.124,4.08,335.975,68.48691837147014,1.5225,56.6298955224554,12.277303775572053,1.7914849573696906e+18,1.79148866988508e+18
1791487429108417445,12.116,4.08,1025.3,68.5077338017496,1.5225,56.63861948147751,12.277616007026245,1.791484967790719e+18,1.791488663891996e+18
1791487429375682752,12.112,4.3975,1490.55,68.53226598243008,1.5225,56.64880696819323,12.277983989736452,1.7914849780995256e+18,1.791488657964172e+18
1791487429843112393,12.096,4.515,1271.975,68.50316172742572,1.5225,56.63514355220047,12.277547425911386,1.791484988012078e+18,1.7914886522654234e+18
1791487430244072665,12.092,4.615,604.95,68.51899793299559,1.5225,56.64198085613655,12.277784968994935,1.791484997775238e+18,1.791488646653592e+18
1791487430511202519,12.108,4.3975,207.75,68.56113910340922,1.5225,56.65018344548535,12.278417086551139,1.7914850075303575e+18,1.7914886410470702e+18
1791487430911924501,12.1,4.3675,634.0,68.60030607570991,1.5225,56.658859652161226,12.27900459113565,1.7914850172570941e+18,1.791488635457893e+18
1791487431112325282,12.112,4.3675,296.4,68.64697071985069,1.5225,56.66565309962138,12.27970456079776,1.7914850269964321e+18,1.791488629861995e+18
1791487431379371825,12.116,4.4325,904.525,68.69737345689522,1.5225,56.67291420397302,12.280460601853429,1.7914850367623867e+18,1.7914886242515003e+18
1791487431779892109,12.1,4.53,1121.975,68.74359448968875,1.5225,56.674014762490714,12.281153917345332,1.7914850465279485e+18,1.791488618642281e+18
1791487432047050564,12.088,4.6975,147.175,68.78870653151827,1.5225,56.67076926404003,12.281830597972775,1.7914850562883569e+18,1.7914886130367255e+18
1791487432447867885,12.088,4.585,449.125,68.82975181882946,1.5225,56.66390368254701,12.282446277282443,1.7914850660188713e+18,1.7914886074493896e+18
1791487432715160996,12.076,4.93,1370.6,68.860670524387,1.5225,56.64731409195143,12.282910057865806,1.791485075672928e+18,1.7914886019066573e+18
1791487433115884434,12.088,4.6325,905.925,68.89019012795698,1.5225,56.6300585792548,12.283352851919355,1.7914850852417009e+18,1.791488596413933e+18
1791487433383078215,12.096,4.55,1126.25,68.91143907615631,1.5225,56.606008602153466,12.283671586142345,1.791485094690392e+18,1.7914885909908268e+18
1791487433850364668,12.1,4.6325,160.225,68.93359392126075,1.5225,56.58136747388691,12.284003908818912,1.791485104021273e+18,1.791488585636528e+18
1791487434117585767,12.088,4.6325,488.95,68.95625700100723,1.5225,56.561016762143716,12.28434385501511,1.7914851132427267e+18,1.7914885803457e+18
1791487434518360147,12.092,4.615,1492.15,68.97347994809518,1.5225,56.536198085894064,12.284602199221428,1.7914851223294277e+18,1.7914885751331884e+18
1791487434785579282,12.096,4.65,1276.875,68.9786102944097,1.5225,56.508234494137774,12.284679154416146,1.7914851312335544e+18,1.7914885700260644e+18
1791487435052684239,12.092,4.565,619.9,68.98401869687716,1.5225,56.47633415942827,12.284760280453158,1.791485139961141e+18,1.7914885650208445e+18
1791487435453314262,12.072,4.965,253.375,68.98242991951207,1.5225,56.44212129827283,12.284736448792682,1.7914851484830776e+18,1.791488560134513e+18
1791487435653661898,12.096,4.6325,773.225,68.98477204173008,1.5225,56.41068074892515,12.284771580625952,1.7914851568268954e+18,1.7914885553507786e+18
1791487435920777944,12.088,4.7675,721.275,68.98688544685565,1.5225,56.380710999850244,12.284803281702835,1.7914851649948682e+18,1.791488550668474e+18
1791487436321536804,12.088,4.7325,562.75,68.98476554043339,1.5225,56.3419456173397,12.284771483106502,1.7914851729695828e+18,1.7914885460978516e+18
1791487436722277649,12.06,5.065,78.975,68.98195928140747,1.5225,56.30696107393386,12.284729389221113,1.7914851807530289e+18,1.7914885416377334e+18
1791487436922572817,12.092,4.7325,241.0,68.98116991892039,0.0,56.27254100249176,12.284717548783807,1.7914851883648259e+18,1.7914885372764058e+18
1791487437189663444,12.084,4.7325,735.45,68.97459399279262,0.0,56.23117486988591,12.28461890989189,1.7914851957839483e+18,1.7914885330260357e+18
1791487437456763383,12.092,4.565,606.0,68.96589977940486,0.0,56.18752802160369,12.284488496691074,1.7914852030072202e+18,1.7914885288884188e+18
1791487437857465664,12.104,4.585,210.95,69.03546201965874,0.0,56.19826442604113,12.285531930294882,1.7914852103458703e+18,1.791488524685553e+18
1791487438124632239,12.084,4.7825,643.75,69.0302547949393,0.0,56.15666435544912,12.28545382192409,1.791485217505169e+18,1.7914885205859494e+18
1791487438391813283,12.088,4.7675,326.15,69.02438986152629,0.0,56.11752549558955,12.285365847922895,1.7914852244873523e+18,1.7914885165883054e+18
1791487438659057838,12.096,4.7975,995.325,69.01693634641369,0.0,56.07008747977027,12.285254045196206,1.7914852312908764e+18,1.7914885126934756e+18
1791487439059796838,12.084,4.8675,1399.075,69.00630113978377,0.0,56.02063612732507,12.285094517096757,1.7914852379031252e+18,1.7914885089089144e+18
1791487439326882458,12.096,4.45,992.825,68.99592667552817,0.0,55.97698668726554,12.284938900132923,1.7914852443350408e+18,1.7914885052280666e+18
1791487439593936336,12.092,4.7325,1391.45,68.9888679835777,0.0,55.93817847491908,12.284833019753666,1.7914852506038548e+18,1.7914885016410452e+18
1791487439994687493,12.08,4.7675,969.55,68.97562695908597,0.0,55.89120937999873,12.28463440438629,1.791485256684756e+18,1.7914884981622595e+18
1791487440195106622,12.096,4.6325,1320.425,68.96665673347964,0.0,55.84685118651754,12.284499851002195,1.7914852626071378e+18,1.7914884947745078e+18
1791487440462343489,12.104,4.3975,752.8,68.95878974589998,0.0,55.805027593316034,12.2843818461885,1.7914852683760763e+18,1.791488491474984e+18
1791487440863048477,12.06,5.2175,658.95,68.94831190035269,0.0,55.75902867566675,12.284224678505291,1.7914852739794427e+18,1.7914884882708173e+18
1791487441130334959,12.08,4.6825,372.55,68.93755856639252,0.0,55.71676757139802,12.284063378495889,1.7914852794265876e+18,1.7914884851564127e+18
1791487441397501194,12.08,4.7325,1136.925,68.92550212297522,0.0,55.67326739241141,12.283882531844629,1.791485284716695e+18,1.791488482132214e+18
1791487441864865597,12.084,4.7675,192.8,68.91445999740043,0.0,55.62844099802012,12.283716899961007,1.7914852898467845e+18,1.7914884792002004e+18
1791487442132065552,12.104,4.5,588.375,68.90989713471814,0.0,55.59551177003423,12.283648457020773,1.7914852948534213e+18,1.7914884763391444e+18
1791487442532905651,12.096,4.8325,157.175,68.90082221040792,0.0,55.54973042206312,12.28351233315612,1.7914852997164887e+18,1.791488473560707e+18
1791487442933614663,12.084,4.585,479.65,68.88934016061117,0.0,55.50836440034482,12.283340102409168,1.7914853044306537e+18,1.7914884708679045e+18
1791487443200864273,12.084,4.93,1463.775,68.88086941006668,0.0,55.46834318612684,12.283213041151,1.7914853090168497e+18,1.7914884682485637e+18
1791487443802015415,12.072,4.8675,1190.275,68.88163666714269,0.0,55.4372170630127,12.28322455000714,1.7914853134903255e+18,1.7914884656944013e+18
1791487444002300221,12.084,4.7325,355.625,68.87387938956162,0.0,55.401910534989675,12.283108190843425,1.791485317847087e+18,1.7914884632071363e+18
1791487444269585478,12.088,4.7675,1085.275,68.86767686798805,0.0,55.36380660606779,12.283015153019821,1.7914853220913277e+18,1.791488460784448e+18
1791487444937451978,12.088,4.55,35.175,68.85953243012781,0.0,55.32812397320286,12.282892986451918,1.791485326194807e+18,1.7914884584429228e+18
1791487445338250900,12.06,5.03,107.325,68.85224161453307,0.0,55.29447721159033,12.282783624217997,1.791485330178737e+18,1.7914884561700892e+18
1791487446006166025,12.1,4.3175,327.525,68.84128992434913,0.0,55.253241739257575,12.282619348865238,1.7914853340164224e+18,1.7914884539814461e+18
1791487446407095780,12.072,5.1325,999.525,68.83956002073712,0.0,55.223244553291984,12.282593400311058,1.7914853377573322e+18,1.791488451848435e+18
1791487446674374488,12.064,5.065,1411.9,68.82794411224143,0.0,55.17942552765155,12.282419161683622,1.7914853413795758e+18,1.7914884497833733e+18
1791487446941608413,12.056,5.2175,1031.975,68.81857988178275,0.0,55.138279353825894,12.282278698226742,1.7914853448930588e+18,1.791488447780592e+18
1791487447542796964,12.052,5.1325,1510.925,68.81143089369964,0.0,55.10516268265082,12.282171463405495,1.7914853482849953e+18,1.7914884458476982e+18
1791487447809950003,12.076,4.7975,1334.175,68.80664117527154,0.0,55.074615460644566,12.282099617629074,1.7914853515872655e+18,1.7914884439661612e+18
1791487448210823760,12.056,5.115,794.775,68.7884637497911,0.0,55.01542014361389,12.281826956246867,1.7914853547497815e+18,1.791488442164626e+18
1791487448478124492,12.048,5.2175,787.05,68.81066685847179,0.0,55.00263981204936,12.282160002877077,1.7914853579126697e+18,1.7914884403631293e+18
1791487448611756022,12.068,4.8325,763.475,68.81755377874484,0.0,54.984150617265556,12.282263306681173,1.7914853610364196e+18,1.7914884385840468e+18
1791487448878905110,12.072,4.665,691.525,68.8181669464204,0.0,54.95576399968184,12.282272504196307,1.791485364093159e+18,1.7914884368433738e+18
1791487449346466423,12.064,4.7475,471.95,68.83835052437522,0.0,54.936592688755404,12.282575257865629,1.791485367131335e+18,1.791488435113695e+18
1791487449813879656,12.064,4.98,1440.275,68.90940015420995,0.0,54.96943470612125,12.28364100231315,1.791485370308426e+18,1.7914884333053711e+18
1791487450081028240,12.048,5.065,1118.55,68.96815207143763,0.0,54.99683474107307,12.284522281071565,1.791485373596423e+18,1.7914884314341842e+18
1791487450348311216,12.064,5.165,136.725,69.02501209788272,0.0,55.02297823515307,12.285375181468241,1.7914853769867643e+18,1.7914884295050217e+18
1791487450749098166,12.052,5.1,417.25,69.07311626998995,0.0,55.04498720618689,12.28609674404985,1.7914853804417475e+18,1.79148842753949e+18
1791487451016333113,12.064,5.03,1273.325,69.11999498089112,0.0,55.06485893688353,12.286799924713367,1.791485383964284e+18,1.791488425535809e+18
1791487451283572147,12.056,4.98,609.075,69.16596513286547,0.0,55.085965271989,12.287489476992983,1.7914853875495222e+18,1.7914884234967506e+18
1791487451684289291,12.056,5.05,220.325,69.20993995684846,0.0,55.10605276928984,12.288149099352728,1.791485391181971e+18,1.7914884214312765e+18
1791487451951489566,12.072,4.965,672.375,69.23831897176427,0.0,55.10843191863233,12.288574784576465,1.791485394821737e+18,1.7914884193619328e+18
1791487452352260136,12.068,5.1825,413.525,69.24749073587218,0.0,55.09802568103604,12.288712361038083,1.7914853984043973e+18,1.7914884173254886e+18
1791487452619546448,12.052,5.2975,1261.975,69.25587709613393,0.0,55.08684194469371,12.28883815644201,1.7914854019363067e+18,1.7914884153181752e+18
1791487453087034643,12.056,5.1325,574.425,69.2635550461562,0.0,55.076937587567976,12.288953325692344,1.7914854054045455e+18,1.7914884133475377e+18
1791487453354199580,12.076,4.8825,114.6,69.26640723842037,0.0,55.062313501213424,12.288996108576306,1.7914854088080873e+18,1.7914884114139318e+18
1791487453754886112,12.06,5.165,349.725,69.26666836938563,0.0,55.04345800642328,12.289000025540785,1.7914854121327782e+18,1.7914884095255268e+18
1791487454222152266,12.06,5.1,1067.275,69.27078129920292,0.0,55.03387126502892,12.289061719488044,1.7914854153868582e+18,1.7914884076776837e+18
1791487454488977983,12.06,5.0,1618.65,69.26561268110656,0.0,55.00931367340877,12.288984190216599,1.791485418557355e+18,1.7914884058775603e+18
1791487454889628430,12.064,4.915,24.525,69.26688377507998,0.0,54.991016952976906,12.2890032566262,1.7914854216558743e+18,1.7914884041186778e+18
1791487455156463652,12.08,4.7125,74.825,69.26584561440954,0.0,54.970770097036656,12.288987684216144,1.7914854246853366e+18,1.7914884023992397e+18
1791487455423314354,12.056,5.0,228.325,69.27294406463716,0.0,54.95551751288235,12.289094160969558,1.791485427669676e+18,1.7914884007056517e+18
1791487455823832755,12.048,5.115,696.775,69.29035739872798,0.0,54.946216403134,12.28935536098092,1.7914854306298557e+18,1.7914883990261358e+18
1791487456091096976,12.08,4.7675,487.975,69.35120075323312,0.0,54.970138502068416,12.290268011298497,1.791485433693255e+18,1.7914883972883034e+18
1791487456491858998,12.068,4.95,1489.175,69.36777397624847,0.0,54.96002366577006,12.290516609643728,1.7914854367288425e+18,1.791488395566615e+18
1791487456692306968,12.06,5.03,1267.8,69.38259483831888,0.0,54.94678709354448,12.290738922574784,1.791485439744119e+18,1.7914883938566328e+18
1791487456959372584,12.068,4.915,592.2,69.44979285404425,0.0,54.97763481224286,12.291746892810664,1.7914854428759677e+18,1.7914883920807964e+18
1791487457359958760,12.052,5.065,168.85,69.49870861895842,0.0,54.99990518134902,12.292480629284377,1.7914854460651965e+18,1.791488390272812e+18
1791487457626891105,12.06,5.0,515.275,69.5645635022766,0.0,55.02935046619845,12.29346845253415,1.7914854493625142e+18,1.7914883884038234e+18
1791487458027451915,12.068,4.8675,1572.475,69.60847703297992,0.0,55.047316655361946,12.2941271554947,1.791485452700205e+18,1.7914883865123576e+18
1791487458227830270,12.068,4.7825,1522.0,69.6466223432248,0.0,55.06115152544218,12.294699335148373,1.7914854560726853e+18,1.7914883846013847e+18
1791487458428125306,12.076,4.7325,1367.975,69.67209122054388,0.0,55.064887080123015,12.295081368308159,1.7914854594459635e+18,1.7914883826901678e+18
1791487458695250077,12.084,4.615,897.925,69.70606888449123,0.0,55.07223337517681,12.29559103326737,1.791485462838186e+18,1.791488380768496e+18
1791487459096123691,12.04,5.2675,1101.825,69.7567612502845,0.0,55.095637925040926,12.296351418754268,1.791485466284226e+18,1.7914883788167642e+18
1791487459363330958,12.076,4.9,85.7,69.79883551471858,0.0,55.11482270796173,12.29698253272078,1.7914854697675843e+18,1.7914883768441846e+18
1791487459763688955,12.052,5.1825,261.525,69.83423793355553,0.0,55.1303701758851,12.297513569003334,1.7914854732634757e+18,1.7914883748649408e+18
1791487460030563752,12.088,4.665,798.1,69.87041709220321,0.0,55.146330464806915,12.298056256383049,1.7914854767799012e+18,1.7914883728743647e+18
1791487460230688526,12.08,4.665,797.2,69.90282757056892,0.0,55.160584031527044,12.298542413558534,1.791485480309922e+18,1.7914883708763095e+18
1791487460631480431,12.084,4.7675,794.45,69.93589981135702,0.0,55.17485209210851,12.299038497170356,1.791485483844787e+18,1.7914883688759567e+18
1791487460898628391,12.076,4.665,786.05,69.9630409757966,0.0,55.18576007059985,12.29944561463695,1.7914854873759217e+18,1.791488366878007e+18
1791487461366142630,12.08,4.95,760.425,69.9946112390487,0.0,55.19797638583793,12.299919168585731,1.7914854909040753e+18,1.7914883648822602e+18
1791487461633177733,12.076,4.8475,682.225,70.02230878939189,0.0,55.21175244606864,12.300446175787838,1.791485494429279e+18,1.791488362888477e+18
1791487462033881452,12.064,4.9,443.575,70.04647182827364,0.0,55.22364382587873,12.300929436565474,1.7914854979364035e+18,1.791488360905358e+18
1791487462434637224,12.08,4.7125,1353.675,70.0640495439538,0.0,55.22899529882363,12.301280990879077,1.7914855014096205e+18,1.7914883589418486e+18
1791487462635030236,12.068,5.1975,854.275,70.08407862500839,0.0,55.23392789045928,12.301681572500168,1.7914855048648507e+18,1.791488356988724e+18
1791487462902117523,12.06,5.1,968.625,70.11261855542024,0.0,55.25116345070893,12.302252371108406,1.7914855083191762e+18,1.791488355036401e+18
1791487463369856523,12.068,5.1325,1317.6,70.12564420362607,0.0,55.24575216167011,12.302512884072522,1.7914855117262766e+18,1.7914883531112704e+18
1791487463637048690,12.056,5.1,744.175,70.13268708043431,0.0,55.23753793325019,12.302653741608687,1.7914855150825313e+18,1.791488351215153e+18
1791487464037689838,12.068,4.7975,632.625,70.13742552391447,0.0,55.227825074695964,12.30274851047829,1.7914855183770237e+18,1.791488349354342e+18
1791487464505335590,12.052,5.05,292.2,70.13540613964693,0.0,55.213549910813775,12.30270812279294,1.7914855215918387e+18,1.7914883475390108e+18
1791487464772628918,12.056,5.1825,891.7,70.14012685839617,0.0,55.19795190027437,12.302802537167924,1.7914855247536668e+18,1.7914883457538662e+18
1791487465039770421,12.06,4.915,1082.85,70.14006736604948,0.0,55.18699099329262,12.30280134732099,1.7914855278525164e+18,1.7914883440045386e+18
1791487465307033057,12.076,4.8475,27.775,70.14400948356999,0.0,55.17188530725004,12.3028801896714,1.79148553089868e+18,1.791488342285213e+18
1791487465707747096,12.076,4.93,84.75,70.1470561688012,0.0,55.15476995106202,12.302941123376025,1.7914855338844252e+18,1.7914883406003679e+18
1791487465974830286,12.084,4.6975,258.625,70.14851259212625,0.0,55.140747575492654,12.302970251842526,1.7914855368139471e+18,1.791488338947496e+18
1791487466175070129,12.072,4.915,789.25,70.15033015916286,0.0,55.12634455487167,12.303006603183258,1.7914855396923648e+18,1.791488337323643e+18
1791487466575832361,12.064,4.965,770.175,70.1634459526616,0.0,55.118747980913916,12.303268919053233,1.79148554253547e+18,1.7914883357200745e+18
1791487466842972206,12.08,4.9,711.975,70.16823885101873,0.0,55.10308398108554,12.303364777020375,1.7914855453322522e+18,1.7914883341428723e+18
1791487467310489747,12.072,4.7975,534.375,70.1712212103298,0.0,55.08768149857253,12.303424424206597,1.7914855480694415e+18,1.7914883325996823e+18
1791487467777805039,12.072,4.7825,1630.775,70.21978484583016,0.0,55.11819825315707,12.304395696916604,1.791485550846681e+18,1.7914883310343293e+18
1791487468044947107,12.072,4.8675,61.525,70.25871460129387,0.0,55.142272137335276,12.305174292025878,1.7914855536522557e+18,1.7914883294532447e+18
1791487468312072048,12.064,4.98,187.75,70.29304436138978,0.0,55.16395638879706,12.305860887227796,1.7914855564754176e+18,1.7914883278624888e+18
1791487468779831108,12.064,5.0825,572.95,70.32534652284326,0.0,55.184382819536275,12.306506930456866,1.7914855593014566e+18,1.7914883262705357e+18
1791487469046955229,12.068,5.1,110.1,70.35400386720079,0.0,55.202081213458975,12.307080077344017,1.7914855621321587e+18,1.7914883246761958e+18
1791487469447721528,12.08,4.6,335.975,70.3816989244112,0.0,55.21916682935687,12.307633978488225,1.7914855649586637e+18,1.7914883230845844e+18
1791487469714733674,12.088,4.6325,1025.3,70.4072390340534,0.0,55.234565961387744,12.308144780681069,1.7914855677827725e+18,1.7914883214945623e+18
1791487469981886002,12.076,4.7975,1490.55,70.43231035564118,0.0,55.25043814292859,12.308646207112824,1.7914855706032973e+18,1.7914883199068022e+18
1791487470249073119,12.06,4.93,1271.975,70.45152638201075,0.0,55.2626485570625,12.309030527640216,1.791485573408089e+18,1.7914883183281395e+18
1791487470649908445,12.04,5.365,604.95,70.46155690188527,0.0,55.2601456189216,12.309231138037706,1.7914855761720172e+18,1.7914883167728328e+18
1791487471117493841,12.072,4.6825,207.75,70.46847475994608,0.0,55.254225438899844,12.309369495198922,1.7914855788861087e+18,1.7914883152459794e+18
1791487471384598640,12.092,4.45,634.0,70.47035388111256,0.0,55.24609104465204,12.309407077622252,1.7914855815504384e+18,1.7914883137473498e+18
1791487471651506305,12.08,4.515,296.4,70.47201129799204,0.0,55.24233677608819,12.309440225959841,1.7914855841654397e+18,1.7914883122766922e+18
1791487472052254648,12.088,4.7675,904.525,70.4745965759442,0.0,55.231563554562975,12.309491931518885,1.7914855867273797e+18,1.7914883108362076e+18
1791487472252740274,12.088,4.65,1121.975,70.4742293401435,0.0,55.21374674744396,12.30948458680287,1.791485589240919e+18,1.7914883094230984e+18
1791487472519873896,12.068,4.95,147.175,70.47809969353771,0.0,55.212437711858875,12.309561993870755,1.791485591712168e+18,1.7914883080339807e+18
1791487472920692429,12.08,4.915,449.125,70.48014684580578,0.0,55.20031801269469,12.309602936916116,1.7914855941316495e+18,1.7914883066742764e+18
1791487473187968007,12.06,5.1825,1370.6,70.48360956336602,0.0,55.195768770064646,12.309672191267321,1.791485596509561e+18,1.7914883053381417e+18
1791487473588490651,12.06,5.015,905.925,70.48520252109681,0.0,55.18905557953471,12.309704050421937,1.7914855988362872e+18,1.791488304031069e+18
1791487473855676957,12.068,5.03,1126.25,70.48733795336204,0.0,55.17572777166834,12.309746759067242,1.7914856011203082e+18,1.7914883027481871e+18
1791487474256515705,12.096,4.665,160.225,70.49002905690286,0.0,55.16008448495194,12.309800581138058,1.7914856033567585e+18,1.791488301492316e+18
1791487474657234510,12.036,5.45,488.95,70.53398144197692,0.0,55.18693939171547,12.310679628839539,1.7914856056256515e+18,1.7914883002185244e+18
1791487474857691066,12.06,5.065,1492.15,70.5649188157455,0.0,55.20433637184681,12.31129837631491,1.7914856079111672e+18,1.7914882989355476e+18
1791487475124844204,12.056,5.05,1276.875,70.58524898929538,0.0,55.20241751405687,12.311704979785908,1.7914856101894392e+18,1.791488297656838e+18
1791487475592125299,12.068,4.915,619.9,70.62198202142696,0.0,55.22658539551721,12.31243964042854,1.7914856124817505e+18,1.7914882963705992e+18
1791487475859317735,12.056,5.165,253.375,70.64969746182398,0.0,55.24433870700612,12.31299394923648,1.7914856147803727e+18,1.7914882950810194e+18
1791487476126558456,12.06,5.1475,773.225,70.67412617492764,0.0,55.25996394732069,12.313482523498553,1.7914856170788541e+18,1.791488293791721e+18
1791487476527399593,12.06,4.8825,721.275,70.69479493541441,0.0,55.27328521027741,12.313895898708289,1.791485619363767e+18,1.7914882925103322e+18
1791487476794647964,12.064,4.98,562.75,70.71608297923183,0.0,55.28689187885368,12.314321659584637,1.7914856216426511e+18,1.7914882912325274e+18
1791487477061911190,12.06,4.9,78.975,70.7311472588862,0.0,55.296482933786386,12.314622945177724,1.7914856239040466e+18,1.7914882899647255e+18
1791487477729387632,12.044,5.1825,241.0,70.74624868113852,0.0,55.306170951751234,12.314924973622771,1.7914856261292677e+18,1.7914882887176924e+18
1791487478130094305,12.06,4.93,735.45,70.76163038612967,0.0,55.31598498921014,12.315232607722594,1.7914856283317832e+18,1.7914882874836728e+18
1791487478397071741,12.06,4.95,606.0,70.7738281305869,0.0,55.31720737414125,12.315476562611739,1.7914856305124956e+18,1.791488286262059e+18
1791487478864675251,12.064,4.9,210.95,70.79370712054062,0.0,55.328738381351805,12.315874142410813,1.7914856326759337e+18,1.7914882850504558e+18
1791487479265441835,12.068,5.0825,643.75,70.81347561444743,0.0,55.34098154147316,12.31626951228895,1.791485634825255e+18,1.7914882838470387e+18
1791487479932982637,12.052,5.3475,326.15,70.8312509484039,0.0,55.35204967045064,12.316625018968079,1.7914856369442135e+18,1.7914882826610844e+18
1791487480200076082,12.084,4.53,995.325,70.84186616696496,0.0,55.358873321455626,12.3168373233393,1.791485639039434e+18,1.791488281488599e+18
1791487481000961498,12.068,5.0,1399.075,70.85399550851947,0.0,55.366439943842934,12.31707991017039,1.791485641088221e+18,1.7914882803426307e+18
1791487481267921415,12.068,4.6975,992.825,70.86155287636771,0.0,55.371349529565244,12.317231057527355,1.7914856431086671e+18,1.79148827921269e+18
1791487481468286556,12.072,4.9,1391.45,70.87228744398722,0.0,55.37813197626546,12.317445748879745,1.7914856451099973e+18,1.7914882780935688e+18
1791487482269784046,12.076,4.8825,969.55,70.88153487424583,0.0,55.38385504657883,12.317630697484917,1.7914856470608082e+18,1.791488277003204e+18
1791487482670637087,12.056,4.93,1320.425,70.88753411909055,0.0,55.38770391303823,12.317750682381812,1.7914856489752678e+18,1.7914882759334062e+18
1791487483071449640,12.076,4.9,752.8,70.89477947562253,0.0,55.39205874635879,12.317895589512451,1.7914856508561126e+18,1.7914882748826345e+18
1791487483271663963,12.072,4.8475,658.95,70.90070011928543,0.0,55.39565319977122,12.31801400238571,1.791485652711285e+18,1.7914882738463273e+18
1791487483538477070,12.064,4.8325,372.55,70.90469969078626,0.0,55.398094001093995,12.318093993815726,1.7914856545346816e+18,1.7914882728279252e+18
1791487483938944868,12.06,4.965,1136.925,70.91104489966547,0.0,55.402010259216596,12.31822089799331,1.7914856563242637e+18,1.7914882718286426e+18
1791487484139396078,12.064,4.9,192.8,70.91509876558362,0.0,55.40443521362972,12.318301975311673,1.791485658086402e+18,1.7914882708447987e+18
1791487484406559835,12.072,4.8175,588.375,70.91889189104917,0.0,55.406639137368686,12.318377837820984,1.7914856598178222e+18,1.791488269878257e+18
1791487485942994029,12.064,4.915,157.175,70.92092233104601,0.0,55.40769441122664,12.318418446620921,1.7914856614527232e+18,1.7914882689664046e+18
1791487486210278350,12.06,4.8825,479.65,70.92102098763247,0.0,55.40755358040835,12.31842041975265,1.7914856630519278e+18,1.791488268074599e+18
1791487486410758390,12.08,4.7825,1463.775,70.92365458723496,0.0,55.40888041041974,12.3184730917447,1.7914856646237793e+18,1.791488267198147e+18
1791487486878488761,12.072,4.8675,1190.275,70.92461732870363,0.0,55.40912843590459,12.318492346574073,1.7914856661523343e+18,1.7914882663460662e+18
1791487487145670362,12.072,4.7975,355.625,70.92500519831509,0.0,55.40906947637884,12.318500103966302,1.7914856676473797e+18,1.791488265512793e+18
1791487487546376096,12.056,5.1,1085.275,70.92218415242122,0.0,55.406851398123045,12.318443683048425,1.7914856690973192e+18,1.7914882647048453e+18
1791487488681815777,12.072,4.7125,35.175,70.92713044225619,0.0,55.409731921109774,12.318542608845124,1.791485670477645e+18,1.7914882639361882e+18
1791487489149326309,12.064,4.8825,107.325,70.92832832008254,0.0,55.41032238159909,12.318566566401651,1.7914856718171356e+18,1.7914882631904689e+18
1791487489349730018,12.096,4.415,327.525,70.93169002058052,0.0,55.41228445500152,12.318633800411611,1.7914856731339154e+18,1.7914882624574764e+18
1791487489616525397,12.096,4.3975,999.525,70.93815356764343,0.0,55.415291979472244,12.318763071352869,1.791485674430018e+18,1.7914882617361027e+18
1791487489883822514,12.052,5.065,1411.9,70.94643728321194,0.0,55.42034403463536,12.31892874566424,1.7914856757086717e+18,1.7914882610245494e+18
1791487490284563445,12.068,4.8675,1031.975,70.95230720501168,0.0,55.421003814773854,12.319046144100234,1.7914856769592722e+18,1.7914882603287667e+18
1791487490551594782,12.048,5.1825,1510.925,70.96762630276181,0.0,55.42906724128122,12.319352526055237,1.7914856782044956e+18,1.791488259636082e+18
1791487490952479531,12.08,4.6325,1334.175,70.9720872422168,0.0,55.426247605091596,12.319441744844337,1.791485679419849e+18,1.791488258960167e+18
1791487491219820059,12.056,5.2175,794.775,71.00083417220142,0.0,55.440689922733284,12.32001668344403,1.7914856806518556e+18,1.7914882582750963e+18
1791487491620307006,12.072,4.93,787.05,71.00566829124986,0.0,55.44287777626472,12.320113365824998,1.7914856818549066e+18,1.7914882576062792e+18
1791487491887452341,12.084,4.665,763.475,71.02183799874167,0.0,55.446108095305775,12.320436759974834,1.7914856830544056e+18,1.7914882569395397e+18
1791487492355154846,12.084,4.565,691.525,71.02518107126289,0.0,55.449509900497965,12.320503621425258,1.7914856842195868e+18,1.7914882562920492e+18
1791487492622396485,12.1,4.5,471.95,71.02946313456931,0.0,55.45076652994507,12.320589262691387,1.791485685362736e+18,1.791488255656899e+18
1791487493089978606,12.06,4.8825,1440.275,71.02911717439991,0.0,55.445661785493485,12.320582343487999,1.7914856864664868e+18,1.791488255043804e+18
1791487493357206394,12.064,4.8825,1118.55,71.02858787719722,0.0,55.43019771413857,12.320571757543945,1.7914856875414364e+18,1.7914882544467983e+18
1791487493757823941,12.052,5.1,136.725,71.02681186223315,0.0,55.415547902816,12.320536237244664,1.7914856885790966e+18,1.7914882538706358e+18
1791487494024992192,12.072,5.0,417.25,71.02729578001092,0.0,55.40236180187708,12.320545915600219,1.791485689590475e+18,1.7914882533091502e+18
1791487494292189018,12.092,4.53,1273.325,71.02675488382059,0.0,55.39280102341071,12.320535097676412,1.7914856905743347e+18,1.7914882527630287e+18
1791487494693016967,12.08,4.7975,609.075,71.02237749212728,0.0,55.36972935093743,12.320447549842546,1.7914856915181955e+18,1.7914882522392294e+18
1791487495093843677,12.068,5.015,220.325,71.02835605645018,0.0,55.35304147484441,12.320567121129004,1.7914856924385446e+18,1.7914882517285955e+18
1791487495361120844,12.064,4.8675,672.375,71.02875608583926,0.0,55.336811389798875,12.320575121716786,1.7914856933340698e+18,1.7914882512318129e+18
1791487495761405786,12.08,4.6825,413.525,71.03749225690085,0.0,55.32692776958512,12.320749845138018,1.7914856942109038e+18,1.79148825074551e+18
1791487495961645402,12.048,5.0825,1261.975,71.03461449682314,0.0,55.315606411432874,12.320692289936463,1.7914856950620567e+18,1.7914882502735035e+18
1791487496228937185,12.064,5.1325,574.425,71.03361133601139,0.0,55.29716632607198,12.320672226720228,1.7914856958871944e+18,1.7914882498159974e+18
1791487496629864900,12.06,5.05,114.6,71.03896365617642,0.0,55.3050649666848,12.320779273123529,1.7914856966893967e+18,1.7914882493713098e+18
1791487496897146076,12.032,5.48,349.725,71.03601619898228,0.0,55.292634306537714,12.320720323979646,1.7914856974633887e+18,1.7914882489423265e+18
1791487497297946369,12.02,5.55,1067.275,71.03210594028643,0.0,55.27934941712574,12.32064211880573,1.791485698201094e+18,1.7914882485335503e+18
1791487497498309409,12.088,4.2675,1618.65,71.0282812929983,0.0,55.267076025794374,12.320565625859967,1.7914856989136673e+18,1.7914882481387474e+18
1791487497765398077,12.212,2.4325,24.525,71.02533581250279,0.0,55.247132217949016,12.320506716250057,1.7914856995992724e+18,1.7914882477589422e+18
1791487498166249122,12.232,2.0175,74.825,71.02961391743044,0.0,55.25055395426277,12.32059227834861,1.79148570026196e+18,1.7914882473919212e+18
1791487498433530959,12.236,2.0475,228.325,71.03185309907161,0.0,55.245642451507386,12.320637061981433,1.7914857009060114e+18,1.7914882470352765e+18
1791487498633998179,12.236,2.15,696.775,71.044432504799,0.0,55.26905533595104,12.32088865009598,1.791485701550401e+18,1.791488246678483e+18
1791487499034885228,12.244,2.0825,487.975,71.04982514841687,0.0,55.26971211791675,12.320996502968338,1.7914857021740856e+18,1.791488246333238e+18
1791487499302155314,12.248,2.0325,1489.175,71.05727055684666,5.984999999999999,55.27622363581078,12.321145411136934,1.7914857027872824e+18,1.7914882459938514e+18
1791487499702795717,12.24,2.15,1267.8,71.06056881208981,5.984999999999999,55.27057584158551,12.321211376241797,1.7914857033771766e+18,1.791488245667437e+18
1791487499970016289,12.244,2.165,592.2,71.06554948068106,8.96,55.26749525327452,12.321310989613622,1.7914857039534298e+18,1.7914882453486203e+18
1791487500370858616,12.292,1.5675,168.85,71.07338750299083,8.96,55.266883195068544,12.321467750059817,1.791485704513339e+18,1.7914882450389217e+18
1791487500638142611,11.788,11.2825,515.275,71.08299687093708,8.96,55.26819069259606,12.321659937418742,1.7914857050666166e+18,1.7914882447329364e+18
1791487500905429378,10.244,40.6175,1572.475,71.05979390629872,11.6725,55.19354244567117,12.321195878125975,1.7914857055662938e+18,1.791488244456637e+18
1791487501305858793,10.216,40.8325,1522.0,71.0415883054228,13.229999999999999,55.13636898021143,12.320831766108457,1.7914857060132173e+18,1.791488244209567e+18
1791487501506131930,10.036,43.315,1367.975,71.02699002484076,13.229999999999999,55.09312451722529,12.320539800496816,1.7914857064236733e+18,1.7914882439826844e+18
1791487501772858792,10.112,42.785,897.925,71.00848439724226,13.737499999999999,55.03928500009556,12.320169687944846,1.7914857067891779e+18,1.7914882437806797e+18
1791487502039757728,10.06,42.4325,1101.825,70.99445723804497,14.262500000000001,54.99199400080126,12.3198891447609,1.7914857071165955e+18,1.791488243599754e+18
1791487502440237782,10.032,42.765,85.7,70.99875391789351,14.262500000000001,54.96014125638034,12.31997507835787,1.7914857074251932e+18,1.791488243429268e+18
1791487502707083992,9.956,44.0325,261.525,70.99586924422539,14.717500000000001,54.92174180641205,12.319917384884508,1.791485707712146e+18,1.7914882432707645e+18
1791487503174070652,9.996,43.9475,798.1,71.01694184341055,15.120000000000001,54.907325663845825,12.320338836868212,1.7914857080007283e+18,1.7914882431114048e+18
1791487503641126296,9.952,44.3475,797.2,71.01083749372286,15.120000000000001,54.86846762488305,12.320216749874458,1.791485708252826e+18,1.7914882429722286e+18
1791487503908053588,9.996,43.9175,794.45,71.0002152699312,15.557500000000001,54.82355059172689,12.320004305398625,1.791485708473105e+18,1.7914882428506422e+18
1791487504308578948,9.892,45.4325,786.05,70.9914372264908,16.03,54.78214253266171,12.319828744529817,1.7914857086574715e+18,1.791488242748899e+18
1791487504575716536,9.848,45.7675,760.425,70.98624490143227,16.03,54.75509713803838,12.319724898028646,1.7914857088183636e+18,1.7914882426601252e+18
1791487505042972805,9.856,46.615,682.225,70.98083991282536,16.397499999999997,54.713004566208056,12.319616798256508,1.7914857089450678e+18,1.7914882425902336e+18
1791487505310229197,9.768,48.0475,443.575,70.97546606116215,16.712500000000002,54.6745323824446,12.319509321223244,1.7914857090486723e+18,1.791488242533092e+18
1791487505710590897,9.8,46.8025,1353.675,70.97357657715884,17.115,54.65223548578559,12.319471531543178,1.7914857091271148e+18,1.7914882424898396e+18
1791487505977331239,9.824,47.2175,854.275,70.96883457216785,17.115,54.6103438394923,12.319376691443358,1.7914857091838812e+18,1.7914882424585452e+18
1791487506244532994,9.84,46.985,968.625,70.98787960967934,17.43,54.59661244337977,12.319757592193588,1.7914857092518228e+18,1.7914882424210929e+18
1791487506511589287,9.844,47.1825,1317.6,70.99364956298214,17.727500000000003,54.56955978950623,12.319872991259643,1.791485709312649e+18,1.7914882423875697e+18
1791487506911893485,9.9,46.2975,744.175,70.9950373859117,18.095,54.53626154290508,12.319900747718235,1.7914857093533898e+18,1.7914882423651215e+18
1791487507179087357,9.928,45.0325,632.625,71.00092351346994,18.41,54.51771639722176,12.3200184702694,1.791485709387473e+18,1.7914882423463447e+18
1791487507446382487,9.984,44.4675,292.2,71.00589030477289,18.41,54.48969369529377,12.320117806095459,1.7914857094136863e+18,1.791488242331906e+18
1791487507847009102,9.964,44.6,891.7,71.01214911442807,18.689999999999998,54.466519693917796,12.320242982288562,1.791485709426803e+18,1.7914882423246812e+18
1791487508114141080,9.996,43.9825,1082.85,71.0163705319747,19.0575,54.442332490273024,12.320327410639495,1.7914857094313065e+18,1.7914882423222026e+18
1791487508581782455,10.064,43.0675,27.775,71.01846183720858,19.4075,54.41664986194972,12.320369236744172,1.7914857094137874e+18,1.7914882423318461e+18
1791487508849031311,10.116,41.9,84.75,71.02636886925512,19.74,54.39648822172987,12.320527377385103,1.7914857093928717e+18,1.7914882423433587e+18
1791487509116233275,10.196,40.6175,258.625,71.03122161402602,20.037499999999998,54.37377123685183,12.320624432280521,1.791485709364522e+18,1.7914882423589588e+18
1791487509517061126,10.212,39.465,789.25,71.03859904829743,20.37,54.36372736088205,12.320771980965949,1.791485709325152e+18,1.7914882423806188e+18
1791487509784106875,11.36,15.165,770.175,71.03330217997879,20.58,54.36405755790277,12.320666043599577,1.791485709265061e+18,1.7914882424136724e+18
1791487510051255632,12.08,1.8825,711.975,71.01801276053753,20.545,54.344637655165386,12.320360255210751,1.791485709171261e+18,1.791488242465261e+18
1791487510451999966,12.1,2.13,534.375,71.00760951982357,20.352500000000003,54.32849098469125,12.320152190396472,1.7914857090434637e+18,1.7914882425355308e+18
1791487510719231904,12.12,1.9975,1630.775,70.99986002683208,20.1075,54.31396557703948,12.319997200536642,1.7914857088926188e+18,1.791488242618462e+18
1791487510986418550,12.136,2.13,61.525,70.99316251114097,20.1075,54.30278452945857,12.31986325022282,1.7914857087203676e+18,1.791488242713144e+18
1791487511387047963,12.144,2.0475,187.75,70.99015622253881,19.810000000000002,54.289712666803126,12.319803124450777,1.79148570852463e+18,1.7914882428207127e+18
1791487511587311150,12.16,2.0825,572.95,70.99172443010548,19.495,54.28170525775444,12.31983448860211,1.7914857083223237e+18,1.791488242931877e+18
1791487511854370059,12.192,1.5675,110.1,70.99410573416208,19.1975,54.27422523072191,12.319882114683242,1.7914857081110287e+18,1.7914882430479636e+18
1791487512255176728,11.684,12.3825,335.975,71.01655023354708,18.8125,54.285200261216396,12.320331004670942,1.791485707909842e+18,1.791488243158469e+18
1791487512522459577,11.476,15.5175,1025.3,71.03029071630978,18.8125,54.292539769282506,12.320605814326196,1.7914857077144256e+18,1.7914882432657894e+18
1791487512923312323,10.148,42.335,1490.55,71.03440264727173,18.515,54.26592185435271,12.320688052945435,1.7914857075052188e+18,1.7914882433806554e+18
1791487513190547341,10.108,42.9475,1271.975,71.03824130761616,18.62,54.240576846963116,12.320764826152324,1.791485707289053e+18,1.791488243499323e+18
1791487513591250340,10.104,43.5175,604.95,71.03494848016066,18.76,54.204405432327505,12.320698969603214,1.791485707049752e+18,1.7914882436306616e+18
1791487513858448577,10.056,43.15,207.75,71.02993781290454,18.935000000000002,54.190282474397186,12.320598756258091,1.7914857067923791e+18,1.7914882437718938e+18
1791487514125597741,10.116,41.915,634.0,71.02495004435835,19.0925,54.17358337781743,12.320499000887168,1.7914857065171566e+18,1.791488243922899e+18
1791487514526524897,10.084,41.7,296.4,71.0206727760898,19.25,54.15920788971502,12.320413455521797,1.7914857062180972e+18,1.7914882440869435e+18
1791487514793810100,10.128,42.815,904.525,71.00843460268135,19.459999999999997,54.118786784619,12.320168692053628,1.7914857058923054e+18,1.7914882442656238e+18
1791487515261461293,10.076,42.865,1121.975,71.02882884660103,19.705,54.10555436460708,12.320576576932021,1.7914857055710797e+18,1.7914882444417498e+18
1791487515461914021,10.144,41.015,147.175,71.05071226210916,19.9325,54.10574045340166,12.321014245242184,1.791485705270316e+18,1.7914882446066383e+18
1791487515728817799,10.356,36.765,449.125,71.06102694544488,19.9325,54.093819775285866,12.321220538908898,1.7914857049716782e+18,1.7914882447703345e+18
1791487516129584330,12.076,1.6325,1370.6,71.0387887224555,20.09,54.07039419415839,12.32077577444911,1.7914857046269007e+18,1.7914882449592783e+18
1791487516396817043,12.092,2.0325,905.925,71.02265346704425,20.02,54.04357165554905,12.320453069340886,1.7914857042511355e+18,1.7914882451651702e+18
1791487516797649271,12.112,2.23,1126.25,71.01097454865285,19.810000000000002,54.021640986160044,12.320219490973058,1.7914857038432264e+18,1.7914882453886208e+18
1791487517198463639,12.156,1.5975,160.225,70.9999705706158,19.5825,54.002612606011475,12.319999411412317,1.7914857034042972e+18,1.7914882456290097e+18
1791487517398922857,12.096,3.2975,488.95,70.99471276869193,19.32,53.986396449477176,12.319894255373839,1.7914857029524326e+18,1.791488245876452e+18
1791487517599172074,11.416,17.3675,1492.15,71.01532250391969,19.040000000000003,53.98501840615583,12.320306450078395,1.7914857025201956e+18,1.79148824611312e+18
1791487517866328032,10.524,33.6325,1276.875,71.01930904604313,18.97,53.97467243371318,12.320386180920863,1.791485702083078e+18,1.791488246352421e+18
1791487518267154557,10.388,36.55,619.9,71.01967589748303,18.97,53.95158034709436,12.320393517949661,1.7914857016296435e+18,1.7914882466005947e+18
1791487518534397372,10.42,36.0175,253.375,71.02850874423322,19.162499999999998,53.93513610530403,12.320570174884665,1.791485701177528e+18,1.7914882468480095e+18
1791487518935312285,10.408,35.315,773.225,71.03626404854423,19.425,53.93056716361164,12.320725280970885,1.7914857007184067e+18,1.7914882470991962e+18
1791487519135605960,12.1,1.615,721.275,71.04440089280172,19.6875,53.93353669504219,12.320888017856035,1.791485700263297e+18,1.791488247348161e+18
1791487519603011774,12.116,2.1,562.75,71.0284170207533,19.705,53.90758092135247,12.320568340415067,1.7914856997683837e+18,1.7914882476188227e+18
1791487520471202358,12.136,2.18,78.975,71.02151151493999,19.53,53.888701597110845,12.3204302302988,1.7914856992239718e+18,1.7914882479164045e+18
1791487520738486110,12.14,2.285,241.0,71.0135252237137,19.425,53.871218575297505,12.320270504474275,1.7914856986607232e+18,1.791488248224233e+18
1791487521005682900,12.156,2.3475,735.45,71.00585480227933,19.18,53.85951409162398,12.320117096045587,1.7914856980792325e+18,1.7914882485419835e+18
1791487521206146801,12.16,2.3,606.0,70.99783509671916,19.18,53.84252767691811,12.319956701934384,1.7914856974827822e+18,1.7914882488678684e+18
1791487521807012249,12.18,2.23,643.75,70.99333843653903,18.76,53.833734288728216,12.319866768730781,1.7914856968545672e+18,1.7914882492109888e+18
1791487522207853904,12.18,2.285,326.15,70.98888775110382,18.48,53.82144635256782,12.319777755022077,1.7914856962054776e+18,1.791488249565427e+18
1791487522475038849,12.192,2.2,995.325,70.98568691723165,18.0775,53.80912001952033,12.319713738344634,1.7914856955443566e+18,1.791488249926377e+18
1791487522742286695,12.196,2.265,1399.075,70.98356936113238,18.0775,53.79599261575923,12.319671387222648,1.7914856948725837e+18,1.7914882502930877e+18
1791487523143169652,12.212,2.285,1391.45,70.98428087245361,16.9575,53.7834459312962,12.319685617449073,1.7914856941866404e+18,1.791488250667446e+18
1791487523343661292,12.216,2.285,969.55,70.9856238733959,16.3275,53.76985365988392,12.319712477467919,1.791485693498058e+18,1.7914882510431985e+18
1791487523877534540,12.216,2.3825,1320.425,70.98804495045081,16.3275,53.75525812946567,12.319760899009017,1.791485692790456e+18,1.7914882514292114e+18
1791487524278288018,12.228,2.13,752.8,70.99043799457723,15.855,53.74520039939072,12.319808759891545,1.7914856920710147e+18,1.7914882518215892e+18
1791487524545575894,12.264,1.75,372.55,70.9955594281565,15.364999999999998,53.73863776350698,12.31991118856313,1.7914856913502147e+18,1.7914882522146499e+18
1791487524812786026,12.06,5.515,1136.925,71.00017208334222,14.8575,53.73444644428227,12.320003441666845,1.7914856906275098e+18,1.7914882526086853e+18
1791487525213604690,10.188,42.715,192.8,70.98677657929613,14.8575,53.68298090339995,12.319735531585923,1.7914856898739612e+18,1.7914882530194424e+18
1791487525680854782,10.224,41.465,588.375,70.97632689396204,14.507499999999999,53.631417629245085,12.319526537879241,1.7914856890897866e+18,1.7914882534467773e+18
1791487526148513648,10.088,42.4675,157.175,70.97258201344488,14.682500000000001,53.609118603238834,12.319451640268898,1.791485688283302e+18,1.7914882538861512e+18
1791487526415736164,10.036,43.5675,1463.775,70.96826815641703,14.98,53.58255440945297,12.319365363128341,1.7914856874646408e+18,1.7914882543320899e+18
1791487526683003353,9.948,45.45,1190.275,70.96223225205314,15.382499999999999,53.55278209663474,12.319244645041064,1.791485686631857e+18,1.7914882547856497e+18
1791487527551416620,9.92,46.085,1085.275,70.9562194851278,15.802499999999998,53.515939195493196,12.319124389702557,1.7914856857528133e+18,1.7914882552641644e+18
1791487527818437931,9.944,45.5,35.175,70.97439180551584,16.310000000000002,53.51054750702522,12.319487836110318,1.7914856848892815e+18,1.791488255734164e+18
1791487528085644811,9.9,45.7675,107.325,70.99182398649918,16.87,53.5126339240221,12.319836479729984,1.7914856840402537e+18,1.791488256196198e+18
1791487528553294713,9.892,46.3325,999.525,71.00578107825804,17.43,53.50753935692022,12.320115621565161,1.791485683190755e+18,1.7914882566583626e+18
1791487528820346648,9.992,45.115,1411.9,71.01652282841683,17.92,53.49281061576967,12.320330456568337,1.79148568234762e+18,1.7914882571169953e+18
1791487529087565142,9.956,44.665,1031.975,71.0284745984814,18.4275,53.49364147664471,12.320569491969628,1.7914856815122066e+18,1.7914882575713592e+18
1791487529488371997,9.984,44.3175,1510.925,71.03683341995709,18.9175,53.48959192872435,12.320736668399142,1.791485680673148e+18,1.7914882580276e+18
1791487529755315050,10.076,42.9325,1334.175,71.04230725551854,19.3025,53.48041127637175,12.320846145110371,1.7914856798340475e+18,1.7914882584837932e+18
1791487530022394290,10.06,43.315,794.775,71.0487311206398,19.6875,53.471891057513645,12.320974622412797,1.7914856789960381e+18,1.7914882589393254e+18
1791487530490156840,10.196,40.6475,787.05,71.05445701306276,20.055,53.46502960812622,12.321089140261256,1.791485678147758e+18,1.7914882594003136e+18
1791487530890966651,10.172,40.1325,763.475,71.06374014428302,20.405,53.47063746958746,12.321274802885661,1.7914856772970207e+18,1.7914882598625313e+18
1791487531158158601,10.156,40.6975,471.95,71.07047992087956,20.7025,53.472334324456426,12.321409598417592,1.7914856764478298e+18,1.79148826032384e+18
1791487531358642241,10.316,37.5175,1440.275,71.07736284777076,21.0175,53.47611061944146,12.321547256955416,1.7914856756038822e+18,1.7914882607822464e+18
1791487531759091506,11.492,12.415,1118.55,71.06492170392904,21.3325,53.47735761001267,12.321298434078582,1.7914856747317238e+18,1.7914882612558671e+18
1791487532026281058,11.192,18.93,136.725,71.06322396475856,21.560000000000002,53.48625138152728,12.321264479295172,1.7914856738512653e+18,1.791488261733921e+18
1791487532226766043,11.668,9.3975,417.25,71.04925617260135,21.455,53.48355454647662,12.320985123452028,1.7914856729515372e+18,1.7914882622223828e+18
1791487532627553787,11.676,9.8675,1273.325,71.03793631889158,21.227500000000003,53.481422016796984,12.320758726377832,1.7914856720253402e+18,1.7914882627250993e+18
1791487533028223695,11.024,23.2825,609.075,71.04041453612194,21.2625,53.48815874393921,12.32080829072244,1.791485671089103e+18,1.7914882632331466e+18
1791487533228686614,11.376,15.85,220.325,71.0331808910939,21.42,53.49054182417054,12.320663617821879,1.791485670141982e+18,1.7914882637470428e+18
1791487533495838511,10.672,30.6,672.375,71.03805721028412,21.665000000000003,53.494814041822956,12.320761144205683,1.7914856691947735e+18,1.7914882642609085e+18
1791487533896452157,10.58,33.365,413.525,71.0416492484394,21.8925,53.489826366135766,12.320832984968789,1.791485668239061e+18,1.7914882647792653e+18
1791487534163606166,10.656,30.9825,1261.975,71.04410864341489,22.1725,53.492229967622485,12.320882172868298,1.7914856672804577e+18,1.7914882652991137e+18
1791487534564423517,10.776,27.9975,574.425,71.04613417905749,22.4175,53.499313389283486,12.32092268358115,1.791485666311565e+18,1.7914882658244196e+18
1791487534831623832,10.732,29.4825,114.6,71.05071934592448,22.5925,53.50334128628912,12.32101438691849,1.791485665342393e+18,1.7914882663497974e+18
1791487535232376467,10.82,27.515,349.725,71.05226157620493,22.75,53.5077442485926,12.3210452315241,1.791485664362453e+18,1.7914882668808888e+18
1791487535499560111,10.684,30.665,1067.275,71.05296237103296,22.995,53.50758840400077,12.32105924742066,1.791485663377777e+18,1.7914882674144678e+18
1791487535699688413,10.676,30.3325,1618.65,71.05531418177804,22.995,53.51187241445556,12.321106283635562,1.791485662393828e+18,1.791488267947591e+18
1791487536100531982,10.724,30.265,24.525,71.05667972308954,23.0475,53.509627086313195,12.321133594461791,1.7914856613990154e+18,1.7914882684864758e+18
1791487536300933629,10.768,28.4325,74.825,71.05814385657324,23.064999999999998,53.514251208393794,12.321162877131465,1.791485660403959e+18,1.7914882690254323e+18
1791487536568137257,10.72,28.765,228.325,71.06017093445878,23.135,53.52327010914612,12.321203418689176,1.791485659405816e+18,1.7914882695659768e+18
1791487536969060284,10.744,28.9675,696.775,71.06175350345445,23.1525,53.52752669210295,12.32123507006909,1.7914856583971725e+18,1.7914882701120845e+18
1791487537169456169,10.8,28.0825,487.975,71.06857877581739,23.24,53.55445809624028,12.321371575516348,1.791485657394574e+18,1.791488270654856e+18
1791487537369896070,10.76,28.8825,1489.175,71.07007801357142,23.2925,53.56457352287388,12.321401560271429,1.7914856563918264e+18,1.7914882711976425e+18
1791487537570141944,12.084,1.9475,1267.8,71.04700450098747,23.3275,53.55156278713412,12.32094009001975,1.7914856553605993e+18,1.7914882717557837e+18
1791487537770290904,12.12,2.1,592.2,71.03282310894618,23.1175,53.54765703642328,12.320656462178924,1.7914856543113638e+18,1.7914882723236073e+18
1791487538037422530,12.132,1.9675,168.85,71.0202030719083,22.995,53.53000229256392,12.320404061438166,1.7914856532425836e+18,1.7914882729019172e+18
1791487538237891647,12.148,2.0175,515.275,71.00832922209335,22.837500000000002,53.51609954075292,12.320166584441868,1.791485652158668e+18,1.7914882734883497e+18
1791487538638814801,12.156,2.0825,1572.475,70.99614751625685,22.5575,53.49948146859926,12.319922950325138,1.791485651048992e+18,1.7914882740885816e+18
1791487538906099437,12.164,2.1,1522.0,70.98651983421708,22.4175,53.48478191200585,12.319730396684342,1.7914856499235581e+18,1.7914882746972424e+18
1791487539106476996,12.176,2.23,1367.975,70.98469302688322,22.3125,53.49018119673355,12.319693860537665,1.7914856487948308e+18,1.7914882753076163e+18
1791487539306941584,12.18,2.0675,897.925,70.97806526611262,22.1375,53.480990595379225,12.319561305322253,1.7914856476573624e+18,1.7914882759226432e+18
1791487539707387438,12.184,2.15,1101.825,70.97068063378964,21.98,53.46449252673844,12.319413612675794,1.7914856464999936e+18,1.7914882765482865e+18
1791487540108221437,12.192,2.3,85.7,70.96808769410562,21.7,53.45608943900349,12.319361753882113,1.7914856453282399e+18,1.7914882771815613e+18
1791487540375399791,12.192,2.165,261.525,70.96774564176619,21.525000000000002,53.46053528683631,12.319354912835324,1.7914856441517036e+18,1.7914882778173212e+18
1791487541176995080,12.216,2.0675,794.45,70.9662633844008,21.1575,53.45112917276639,12.319325267688017,1.791485642941324e+18,1.7914882784710694e+18
1791487541577566374,12.212,2.2,786.05,70.96886166794094,20.93,53.45544758246866,12.31937723335882,1.7914856417227538e+18,1.791488279129092e+18
1791487541977967057,12.212,2.3325,760.425,70.97067756233295,20.685000000000002,53.4532872051096,12.31941355124666,1.791485640495167e+18,1.791488279791832e+18
1791487542245160554,12.22,2.165,682.225,70.97211172420373,20.4225,53.44928668927947,12.319442234484075,1.7914856392651118e+18,1.791488280455803e+18
1791487542445630880,12.228,2.165,443.575,70.9733474397394,20.09,53.43817202087726,12.319466948794789,1.791485638035842e+18,1.7914882811192753e+18
1791487542846357962,12.236,2.0825,1353.675,70.97812971757322,19.7575,53.44174077967798,12.319562594351465,1.791485636800995e+18,1.7914882817856049e+18
1791487543247185204,12.232,2.115,854.275,70.9807262247965,19.425,53.43707637745501,12.31961452449593,1.7914856355581018e+18,1.791488282456125e+18
1791487543514377080,12.248,2.0675,968.625,70.98692238183605,19.425,53.44009025560226,12.319738447636722,1.7914856343182387e+18,1.7914882831249085e+18
1791487543915024550,10.856,29.1325,1317.6,70.98591711990643,19.075,53.41884711330551,12.31971834239813,1.7914856330663293e+18,1.7914882838000338e+18
1791487544315872262,10.54,35.35,744.175,70.98108963380774,18.8475,53.38936287177317,12.319621792676156,1.7914856317980997e+18,1.7914882844838067e+18
1791487544716816524,10.464,36.215,632.625,70.97766755970738,18.9875,53.36975725826092,12.319553351194148,1.7914856305151898e+18,1.7914882851753398e+18
1791487545184528501,12.148,1.9975,292.2,70.96579127465439,19.040000000000003,53.35347721908651,12.319315825493089,1.7914856292046577e+18,1.7914882858815734e+18
1791487545585201270,12.172,1.9125,891.7,70.95741731154853,18.6725,53.34205204445038,12.319148346230971,1.7914856278740723e+18,1.7914882865984527e+18
1791487545785522990,12.192,2.0175,1082.85,70.9528318656578,18.34,53.32908908766173,12.319056637313157,1.7914856265382548e+18,1.7914882873180692e+18
1791487546052741469,12.188,2.15,27.775,70.94895462616451,18.34,53.318166227168525,12.318979092523291,1.7914856251945556e+18,1.791488288041823e+18
1791487546453647036,12.2,2.0175,84.75,70.94637594751292,18.0425,53.310233338378985,12.31892751895026,1.7914856238374938e+18,1.7914882887726098e+18
1791487546854572197,12.236,1.615,258.625,70.94572574972914,17.727500000000003,53.3000845664849,12.318914514994583,1.7914856224693117e+18,1.791488289509219e+18
1791487547054905683,12.168,2.4825,789.25,70.94157984411743,17.395,53.28823004491889,12.31883159688235,1.7914856210965955e+18,1.7914882902481864e+18
1791487547322101225,11.892,8.165,770.175,70.94157994841453,17.395,53.27991275326833,12.318831598968291,1.791485619720546e+18,1.7914882909888356e+18
1791487547722734845,11.216,21.0975,711.975,70.94074451385646,17.2025,53.26306060538965,12.31881489027713,1.7914856183332908e+18,1.7914882917353487e+18
1791487547989998188,10.58,34.5475,534.375,70.93641534593961,17.2025,53.23123430704051,12.318728306918793,1.7914856169379136e+18,1.7914882924861204e+18
1791487548457662104,10.48,35.5175,1630.775,70.93322866015787,17.535,53.20545205706913,12.318664573203158,1.7914856155252948e+18,1.7914882932459686e+18
1791487548858566377,10.528,33.565,61.525,70.93278335563643,17.78,53.197410142340935,12.31865566711273,1.7914856141020677e+18,1.7914882940113526e+18
1791487549125743575,10.384,36.9175,187.75,70.93107324840372,17.78,53.18209906716054,12.318621464968075,1.7914856126738307e+18,1.7914882947793157e+18
1791487549326190852,10.268,39.585,572.95,70.92710897510857,17.92,53.15764706798184,12.318542179502172,1.7914856112415675e+18,1.7914882955493576e+18
1791487549726819112,10.2,40.2325,110.1,70.92581652186743,18.305,53.1452488067389,12.31851633043735,1.7914856097978593e+18,1.7914882963253783e+18
1791487549994009350,10.14,41.3,335.975,70.92454156554238,18.497500000000002,53.1390934669891,12.318490831310848,1.791485608349712e+18,1.791488297103671e+18
1791487550194401464,10.064,42.9675,1025.3,70.92262059267965,18.8125,53.114262887559136,12.318452411853594,1.791485606899911e+18,1.7914882978827622e+18
1791487550595320534,10.036,43.9475,1490.55,70.93500270676614,18.9175,53.10218421651855,12.318700054135324,1.791485605454028e+18,1.7914882986595756e+18
1791487550996248014,10.184,41.0975,1271.975,70.94127026043883,19.075,53.08637262754752,12.318825405208777,1.7914856040052372e+18,1.7914882994377792e+18
1791487551196580800,12.052,1.9975,604.95,70.92701736978782,19.2675,53.06943793692346,12.318540347395757,1.79148560254105e+18,1.7914883002241613e+18
1791487551463860691,12.084,2.0325,207.75,70.916969711131,19.2675,53.054975328078086,12.31833939422262,1.791485601062744e+18,1.7914883010180096e+18
1791487594811461589,12.116,1.8825,634.0,70.9112151741376,19.1975,53.043721082499104,12.318224303482753,1.791485596803286e+18,1.7914883032630072e+18
1791487595011916666,11.256,18.65,296.4,70.92304786814826,18.900000000000002,53.05228494838088,12.318460957362966,1.791485592583475e+18,1.7914883054869627e+18
1791487595212385146,10.332,38.15,904.525,70.93028613774422,18.76,53.04367749385115,12.318605722754885,1.7914855883963103e+18,1.7914883076935642e+18
1791487595479558068,10.484,34.1475,1121.975,70.94570629414763,18.935000000000002,53.05655448306803,12.318914125882953,1.7914855842483082e+18,1.7914883098793318e+18
1791487595879880733,10.296,38.05,147.175,70.95656858483757,19.32,53.059067908979586,12.319131371696752,1.7914855801225114e+18,1.7914883120531067e+18
1791487596147146234,10.424,34.78,449.125,70.96827440657839,19.6175,53.06884014432147,12.319365488131568,1.7914855760300426e+18,1.7914883142091261e+18
1791487596347607470,10.236,40.1,1370.6,70.9751550274702,19.845,53.05672636671355,12.319503100549404,1.7914855719686318e+18,1.7914883163486405e+18
1791487596748489648,10.252,39.7675,905.925,70.97838572641047,20.037499999999998,53.04456215730965,12.31956771452821,1.791485567917722e+18,1.7914883184823378e+18
1791487597149412260,10.316,38.8175,1126.25,70.98289729513255,20.3175,53.02941537374864,12.319657945902652,1.791485563879124e+18,1.791488320609261e+18
1791487597416694674,10.28,39.585,160.225,70.9864052590972,20.58,53.01125896567934,12.319728105181944,1.7914855598611523e+18,1.7914883227251308e+18
1791487597616835481,10.384,36.65,488.95,70.99349495964942,20.58,53.00682635546849,12.31986989919299,1.791485555873788e+18,1.7914883248247409e+18
1791487597817204836,10.416,35.9975,1492.15,71.00296936062306,20.790000000000003,53.0032899383181,12.320059387212462,1.7914855519201336e+18,1.7914883269064596e+18
1791487598017583032,10.444,35.785,1276.875,71.00963466156978,21.28,52.9926556698535,12.320192693231396,1.7914855479958333e+18,1.7914883289725821e+18
1791487598418414185,10.456,34.9,619.9,71.01776963955827,21.5775,52.99017120507412,12.320355392791166,1.7914855440881492e+18,1.7914883310296753e+18
1791487598819329711,10.472,35.665,253.375,71.02512893958836,21.7,52.980527973099505,12.320502578791768,1.7914855401958044e+18,1.791488333078416e+18
1791487599220123637,10.492,34.885,773.225,71.02328112947828,21.875,52.97008428668536,12.320465622589566,1.791485536305462e+18,1.7914883351258235e+18
1791487599620854399,10.56,34.0475,721.275,71.02068742453457,21.997500000000002,52.95315131826974,12.320413748490692,1.7914855324159644e+18,1.7914883371725084e+18
1791487600021222198,10.548,33.2825,562.75,71.01895321303661,22.1375,52.94480793933394,12.320379064260733,1.7914855285285266e+18,1.791488339217831e+18
1791487600221675432,10.572,33.55,78.975,71.01811236789358,22.2425,52.93750365896878,12.320362247357872,1.7914855246587848e+18,1.7914883412537034e+18
1791487600488729349,10.6,33.1,241.0,71.01560574591365,22.3475,52.92029441081304,12.320312114918273,1.791485520799316e+18,1.7914883432839877e+18
1791487600889558849,10.628,32.865,735.45,71.0369866722095,22.4175,52.91789249983002,12.32073973344419,1.7914855169748457e+18,1.7914883452955843e+18
1791487601156760404,10.58,32.48,606.0,71.0592001640239,22.522499999999997,52.93275916930873,12.321184003280479,1.7914855131959027e+18,1.7914883472830538e+18
1791487601624166378,10.628,32.03,210.95,71.0741756791723,22.540000000000003,52.94075625164272,12.321483513583447,1.791485509437616e+18,1.791488349259345e+18
1791487602091682481,10.6,32.565,643.75,71.08254856037178,22.6975,52.94125166364557,12.321650971207436,1.7914855056904174e+18,1.7914883512294897e+18
1791487602492607401,11.988,2.9325,326.15,71.06461261314071,22.855,52.928321569083984,12.321292252262815,1.79148550192107e+18,1.7914883532110098e+18
1791487602759896140,12.1,1.8975,995.325,71.06201221559213,22.7325,52.9260769442238,12.321240244311843,1.7914854981611005e+18,1.79148835518742e+18
1791487603227524239,12.12,1.9475,1399.075,71.05318538726777,22.5925,52.920898327382645,12.321063707745356,1.7914854943872896e+18,1.791488357170787e+18
1791487603628121678,12.132,2.1,992.825,71.04038613737006,22.4875,52.91346354654597,12.320807722747402,1.7914854905986593e+18,1.79148835916167e+18
1791487604095860951,12.144,2.0675,1391.45,71.02947935500319,22.33,52.90726423281843,12.320589587100065,1.7914854867931602e+18,1.7914883611611e+18
1791487604363139873,12.156,2.0325,969.55,71.01821042996822,22.1375,52.894333635546246,12.320364208599365,1.7914854829844221e+18,1.79148836316205e+18
1791487604830893536,12.164,2.0325,1320.425,71.00755114609763,21.997500000000002,52.86988147029047,12.320151022921953,1.7914854791591352e+18,1.7914883651713695e+18
1791487605298649457,12.172,2.15,752.8,71.00082596206121,21.7,52.85931740177532,12.320016519241225,1.7914854753229366e+18,1.7914883671861028e+18
1791487605565721577,12.172,2.265,658.95,70.99322441369516,21.42,52.834692267835955,12.319864488273904,1.791485471488673e+18,1.791488369199633e+18
1791487605832839494,12.176,2.265,372.55,70.9876267302933,21.07,52.81597068178183,12.319752534605867,1.7914854676591012e+18,1.7914883712105175e+18
1791487606300574840,12.192,2.265,1136.925,70.98632049841143,20.72,52.81510719928351,12.31972640996823,1.7914854638262561e+18,1.7914883732227983e+18
1791487606567858684,12.196,2.2,192.8,70.98441374495337,20.2825,52.808269475090185,12.319688274899068,1.79148546000325e+18,1.7914883752297295e+18
1791487607035522836,12.204,2.115,588.375,70.98339296499566,20.2825,52.788891627738614,12.319667859299914,1.7914854561772895e+18,1.7914883772378913e+18
1791487607302825634,12.2,2.2,157.175,70.98228706797441,19.845,52.77286888477869,12.319645741359489,1.7914854523621484e+18,1.7914883792401902e+18
1791487607703298410,12.208,2.18,479.65,70.9819740729828,19.39,52.765927636458414,12.319639481459657,1.791485448549602e+18,1.791488381240853e+18
1791487607970514465,12.148,3.4175,1463.775,70.98246445154207,18.900000000000002,52.75905003692867,12.319649289030842,1.7914854447499855e+18,1.7914883832345477e+18
1791487608237821036,10.956,26.5,1190.275,70.9826575162517,18.48,52.74986683011523,12.319653150325035,1.7914854409626775e+18,1.7914883852216028e+18
1791487608705566969,10.368,39.465,355.625,70.97536491006211,18.3925,52.707750692683064,12.319507298201243,1.7914854371630812e+18,1.7914883872147853e+18
1791487609173571790,10.06,45.8525,1085.275,70.96153997556759,18.3925,52.648204485317194,12.319230799511352,1.7914854333417556e+18,1.7914883892190436e+18
1791487609440870193,9.956,46.1,35.175,70.95528878956799,18.4275,52.61701240647203,12.31910577579136,1.7914854295234122e+18,1.7914883912215532e+18
1791487609908215390,10.076,44.2825,107.325,70.94808128948164,18.5675,52.57537684724416,12.318961625789633,1.7914854256928315e+18,1.7914883932301601e+18
1791487610175296870,10.1,43.3975,327.525,70.94419018282244,18.76,52.54685055152995,12.31888380365645,1.791485421868515e+18,1.7914883952352965e+18
1791487610576906730,10.012,44.5,999.525,70.94180732529585,18.9525,52.528610740678836,12.318836146505918,1.7914854180433219e+18,1.7914883972406195e+18
1791487610843686637,9.964,46.065,1411.9,70.93653264572869,19.145,52.50125776949831,12.318730652914574,1.791485414222292e+18,1.7914883992435717e+18
1791487611712026144,12.092,2.0825,794.775,70.91727365113421,19.775000000000002,52.47590810999027,12.318345473022685,1.7914854103440812e+18,1.7914884012758966e+18
1791487611979066394,12.108,2.0175,787.05,70.90055487307366,19.425,52.45126634730307,12.318011097461474,1.7914854064536264e+18,1.7914884033144504e+18
1791487612246638170,12.124,2.15,763.475,70.88727234560677,19.32,52.43562859427688,12.317745446912136,1.7914854025558374e+18,1.7914884053566582e+18
1791487612446611657,12.152,2.13,471.95,70.87695517069362,18.9525,52.42036159547913,12.317539103413873,1.7914853986594276e+18,1.791488407398005e+18
1791487613047467824,12.168,2.365,1118.55,70.89150747721014,18.7775,52.42060911483786,12.317830149544204,1.7914853947727688e+18,1.7914884094338225e+18
1791487613314659220,12.176,2.2,136.725,70.90965231553817,18.6375,52.43107458694003,12.318193046310764,1.7914853909237245e+18,1.7914884114497539e+18
1791487613715513353,12.188,2.265,1273.325,70.92587654002072,18.3575,52.44056518041732,12.318517530800415,1.7914853871003208e+18,1.7914884134519803e+18
1791487613982728925,12.192,2.3325,609.075,70.94108364030383,18.060000000000002,52.44942723895541,12.318821672806077,1.7914853833099994e+18,1.791488415436701e+18
1791487614783689634,12.212,2.165,413.525,70.9539937592109,17.605,52.45691612935286,12.319079875184219,1.7914853795134495e+18,1.7914884174241362e+18
1791487614984070798,12.212,2.23,1261.975,70.96555657653693,17.3075,52.46361426665425,12.319311131530739,1.7914853757491948e+18,1.7914884193945316e+18
1791487616319899954,12.232,2.0475,349.725,70.97747375751487,16.52,52.47047182806782,12.319549475150298,1.7914853719415107e+18,1.7914884213867517e+18
1791487616720423478,12.232,2.365,24.525,70.98923653263326,15.61,52.477153159118615,12.319784730652666,1.7914853681532114e+18,1.7914884233685606e+18
1791487617655487793,12.26,1.8975,228.325,70.99973022650097,15.084999999999999,52.48318361986373,12.31999460453002,1.7914853643466286e+18,1.7914884253593042e+18
1791487618123027671,12.248,2.1,696.775,71.00978561587937,15.084999999999999,52.48894930054186,12.320195712317588,1.7914853605526116e+18,1.7914884273431644e+18
1791487618390199132,11.952,7.6825,487.975,71.01691753405682,14.700000000000001,52.49193966497051,12.320338350681137,1.7914853567802586e+18,1.7914884293155182e+18
1791487619258234117,12.192,2.0175,168.85,71.01384665970886,13.86,52.49016691359728,12.320276933194178,1.7914853529745836e+18,1.7914884313047114e+18
1791487619792813682,12.216,1.9825,1572.475,71.01483934234423,13.457500000000001,52.49073374251471,12.320296786846885,1.7914853491638684e+18,1.7914884332961836e+18
1791487620060096888,12.2,2.3475,1367.975,71.01652849532147,13.0725,52.491693423524296,12.32033056990643,1.7914853453669353e+18,1.7914884352802762e+18
1791487620527606398,10.208,40.6675,797.2,71.01633248555606,13.6325,52.48680410597226,12.320326649711122,1.7914853415676508e+18,1.7914884372652861e+18
1791487620994944029,10.148,42.5825,794.45,71.01318368063961,14.245000000000001,52.471089667003156,12.320263673612793,1.7914853377617183e+18,1.7914884392534548e+18
1791487621262112202,10.008,44.215,760.425,71.01258397072242,14.84,52.46897728035913,12.320251679414449,1.791485333966081e+18,1.7914884412360696e+18
1791487622598314064,9.972,45.9325,854.275,71.00593139031444,16.66,52.450658355240584,12.32011862780629,1.791485330100895e+18,1.7914884432541133e+18
1791487622865125924,9.904,47.415,632.625,70.9987524194874,18.83,52.429548643059405,12.319975048389749,1.7914853262367145e+18,1.791488445271452e+18
1791487623132400306,10.004,44.6,292.2,70.99394943411531,19.25,52.42183495819123,12.319878988682307,1.7914853223769244e+18,1.7914884472863173e+18
1791487623600141108,9.884,47.6475,891.7,70.98693081907567,19.7225,52.403230801024186,12.319738616381514,1.7914853185048586e+18,1.7914884493072778e+18
1791487623867419622,9.908,47.065,1082.85,70.97882492330204,19.7225,52.38605605087964,12.319576498466041,1.7914853146322373e+18,1.7914884513283476e+18
1791487624134698276,10.064,44.3975,27.775,70.96942726659792,20.125,52.36567564489418,12.31938854533196,1.7914853107570783e+18,1.7914884533505618e+18
1791487624535637938,10.052,44.8325,84.75,70.95976200693376,20.4925,52.342967834948304,12.319195240138676,1.7914853068700961e+18,1.7914884553786744e+18
1791487624802560737,11.972,2.8825,258.625,70.924688322982,20.8425,52.32408568811365,12.31849376645964,1.7914853029430185e+18,1.791488457427525e+18
1791487625069786088,12.04,2.5325,789.25,70.89658616336186,21.0525,52.30866920206245,12.317931723267238,1.791485298986014e+18,1.7914884594918062e+18
1791487625470533232,12.104,1.9475,770.175,70.87198601021088,20.790000000000003,52.2948256628702,12.317439720204218,1.7914852949953375e+18,1.7914884615733734e+18
1791487625670875418,12.084,2.6,711.975,70.85026151903485,20.5275,52.28291783861724,12.317005230380698,1.7914852909884726e+18,1.7914884636632448e+18
1791487625938161202,11.444,15.9825,534.375,70.84015009108391,20.37,52.27988004448269,12.316803001821679,1.7914852869778675e+18,1.7914884657548792e+18
1791487626339041828,11.06,23.3475,1630.775,70.83127482770244,20.37,52.27876911255462,12.31662549655405,1.7914852829563983e+18,1.7914884678519e+18
1791487626539460443,11.232,20.1325,61.525,70.82049984793402,20.4925,52.27567740556335,12.316409996958681,1.7914852789345395e+18,1.7914884699489815e+18
1791487626806312784,10.54,34.85,187.75,70.81195131491869,20.6325,52.26348701093216,12.316239026298375,1.7914852749110144e+18,1.7914884720467428e+18
1791487627207236768,10.492,34.915,572.95,70.80419431153321,20.895,52.25906035501837,12.316083886230665,1.7914852708780695e+18,1.791488474149135e+18
1791487627474512912,10.472,35.315,110.1,70.79597413812964,21.209999999999997,52.25421808937469,12.315919482762594,1.791485266843837e+18,1.791488476252007e+18
1791487627875263478,10.684,30.8975,335.975,70.78713366705551,21.4375,52.25171373459481,12.315742673341111,1.7914852627985354e+18,1.791488478360366e+18
1791487628075745580,10.42,35.85,1025.3,70.77691997648577,21.595,52.249738899356444,12.315538399529716,1.7914852587532746e+18,1.791488480468562e+18
1791487628343009185,10.492,34.6825,1490.55,70.76713337352975,21.752499999999998,52.24608599103122,12.315342667470595,1.7914852547042102e+18,1.7914884825785505e+18
1791487628743758114,10.504,34.8,1271.975,70.75748457968076,21.9275,52.23959290556916,12.315149691593616,1.7914852506427187e+18,1.79148848469473e+18
1791487629010856059,10.508,34.5825,604.95,70.74841795240116,22.05,52.234574259177215,12.314968359048024,1.7914852465783857e+18,1.7914884868122007e+18
1791487629411624859,10.524,34.33,207.75,70.73909160241517,22.189999999999998,52.22900074225961,12.314781832048304,1.7914852425020142e+18,1.7914884889356526e+18
1791487629612089893,10.504,34.6175,634.0,70.72940107354374,22.2775,52.22398148373643,12.314588021470875,1.7914852384261317e+18,1.79148849105871e+18
1791487629879378614,10.496,35.0675,296.4,70.7192513976234,22.400000000000002,52.216296562937885,12.314385027952468,1.7914852343456187e+18,1.7914884931839864e+18
1791487630280326390,11.524,12.3325,904.525,70.69213763479716,22.4875,52.20810508411879,12.313842752695944,1.7914852302269174e+18,1.791488495328864e+18
1791487630547618589,12.1,1.75,1121.975,70.6601415542744,22.400000000000002,52.18989888896595,12.313202831085489,1.791485226071661e+18,1.791488497492582e+18
1791487630948193824,12.116,1.9825,147.175,70.63344300812629,22.26,52.17481508761272,12.312668860162526,1.7914852218787886e+18,1.7914884996755927e+18
1791487631148563281,12.136,1.8,449.125,70.6079954991014,22.0675,52.160365181623305,12.312159909982029,1.791485217663266e+18,1.791488501870248e+18
1791487631348931950,12.164,1.715,1370.6,70.58527824362224,21.91,52.14749582900004,12.311705564872446,1.7914852134290112e+18,1.7914885040745073e+18
1791487631616222810,12.112,2.7975,905.925,70.5656480995019,21.7175,52.136616031531766,12.311312961990039,1.7914852091760645e+18,1.7914885062882964e+18
1791487631883512014,11.94,6.1825,1126.25,70.54599476222235,21.647499999999997,52.12653091534054,12.310919895244448,1.791485204904332e+18,1.7914885085116618e+18
1791487632351114753,12.184,1.75,160.225,70.52788438667193,21.385,52.11626052906492,12.31055768773344,1.791485200602856e+18,1.7914885107501548e+18
1791487632751729290,12.192,1.9675,488.95,70.51263022879935,21.175,52.10767122854168,12.310252604575988,1.7914851962801649e+18,1.7914885129993853e+18
1791487633019003157,12.192,1.9975,1492.15,70.49673388903706,21.0175,52.09873708928177,12.309934677780742,1.7914851919440722e+18,1.791488515255384e+18
1791487633486636453,12.196,1.9825,1276.875,70.48161873641189,21.0175,52.09023317357632,12.309632374728238,1.7914851875824937e+18,1.7914885175242831e+18
1791487633753866212,12.2,2.0175,619.9,70.4685469639802,20.912499999999998,52.08286699417728,12.309370939279605,1.7914851832115564e+18,1.791488519797847e+18
1791487634221310775,12.212,1.9675,253.375,70.45625514325619,20.755,52.07595325084155,12.309125102865124,1.791485178819152e+18,1.791488522082218e+18
1791487634688687186,12.216,2.0325,773.225,70.44383660360667,20.5625,52.06900701620965,12.308876732072134,1.791485174405106e+18,1.7914885243774802e+18
1791487634956022097,12.216,1.9825,721.275,70.43280387688452,20.3,52.06315135099332,12.308656077537691,1.7914851699845873e+18,1.7914885266759014e+18
1791487635223133202,12.22,2.0175,562.75,70.42567534802656,20.16,52.05955019225063,12.308513506960532,1.7914851655632648e+18,1.7914885289745347e+18
1791487635490404741,12.216,2.0175,78.975,70.41951253226769,19.985,52.05696719327739,12.308390250645354,1.79148516114247e+18,1.791488531272685e+18
1791487635891201707,12.22,2.115,241.0,70.41400266112959,19.8275,52.0545955172062,12.308280053222592,1.7914851567143101e+18,1.7914885335743562e+18
1791487636358855144,12.232,1.9975,735.45,70.40979291169192,19.8275,52.05298588192089,12.308195858233839,1.791485152276322e+18,1.7914885358807706e+18
1791487636893022040,12.236,2.0175,210.95,70.40733862199734,19.39,52.05234279885175,12.308146772439947,1.791485147826677e+18,1.7914885381928284e+18
1791487637160306944,12.232,1.9825,643.75,70.40485830805403,19.11,52.05161128257328,12.308097166161081,1.7914851433828905e+18,1.791488540501633e+18
1791487637561175545,12.24,2.1,326.15,70.404845761775,18.795,52.05223662016109,12.3080969152355,1.791485138939744e+18,1.7914885428097966e+18
1791487637828462867,12.26,1.85,995.325,70.40649844823086,18.795,52.05381916875842,12.308129968964618,1.7914851345084037e+18,1.7914885451116204e+18
1791487638095677682,12.264,1.78,1399.075,70.40892747745067,18.4275,52.055801471767126,12.308178549549014,1.7914851300899825e+18,1.7914885474065252e+18
1791487638563238006,12.144,3.115,992.825,70.40104575933775,18.13,52.052194264072554,12.308020915186756,1.791485125656046e+18,1.7914885497091315e+18
1791487638830238102,11.212,22.815,1391.45,70.39971214461572,17.885,52.04318853146127,12.307994242892315,1.7914851212294008e+18,1.791488552007741e+18
1791487639297840026,11.32,18.615,969.55,70.39140249296095,17.8675,52.04073139117599,12.30782804985922,1.7914851167865498e+18,1.791488554314407e+18
1791487639765436454,10.036,46.2675,1320.425,70.37795123479825,17.8675,52.00552339979355,12.307559024695966,1.7914851123198835e+18,1.7914885566330726e+18
1791487640032723295,10.172,42.6175,752.8,70.37019855968978,18.095,51.98635435070952,12.307403971193796,1.791485107850846e+18,1.7914885589527626e+18
1791487640500323987,10.056,44.3975,658.95,70.36195788231694,18.3925,51.97122818821294,12.30723915764634,1.7914851033656307e+18,1.7914885612804846e+18
1791487640900779408,12.068,1.715,372.55,70.33245746106098,18.55,51.954865023721275,12.30664914922122,1.79148509883696e+18,1.791488563630444e+18
1791487641167921918,12.108,2.0675,1136.925,70.31329047219195,18.445,51.94454346012294,12.30626580944384,1.7914850942888653e+18,1.7914885659902735e+18
1791487641435228941,12.12,2.25,192.8,70.29893899978504,18.0775,51.936827883298164,12.305978779995701,1.7914850897283924e+18,1.791488568356316e+18
1791487641836156616,11.968,5.4,588.375,70.28313654982144,18.0775,51.928980509274275,12.30566273099643,1.7914850851446508e+18,1.7914885707341092e+18
1791487642236785917,11.26,20.0825,157.175,70.27879470766719,17.7625,51.92707566997427,12.305575894153344,1.7914850805546486e+18,1.7914885731148332e+18
1791487642503883106,10.332,39.3325,479.65,70.27180853118738,17.605,51.911879007471605,12.305436170623748,1.7914850759631485e+18,1.7914885754961208e+18
1791487642904332771,10.152,42.9,1463.775,70.26123119918991,17.92,51.89290944425511,12.305224623983799,1.791485071356011e+18,1.7914885778852001e+18
1791487643171616702,10.104,42.9325,1190.275,70.25513380424442,18.252499999999998,51.88508060538736,12.30510267608489,1.7914850667485688e+18,1.7914885802742252e+18
1791487643572381252,10.048,45.135,355.625,70.24423552091895,18.62,51.86328039573532,12.30488471041838,1.7914850621249085e+18,1.791488582671338e+18
1791487643839446713,10.14,42.765,1085.275,70.23762965379666,18.97,51.85042316217353,12.304752593075934,1.7914850575000689e+18,1.791488585068852e+18
1791487644039847000,10.204,40.5325,35.175,70.23288364337671,18.97,51.848000613916696,12.304657672867535,1.7914850528811697e+18,1.7914885874631212e+18
1791487644440780819,11.62,9.765,107.325,70.20637228399814,19.25,51.83957537006494,12.304127445679963,1.7914850482223805e+18,1.79148858987775e+18
1791487644908128663,12.084,1.75,327.525,70.1779376484941,19.355,51.824093036612304,12.303558752969883,1.7914850435164736e+18,1.7914885923164163e+18
1791487645175225776,12.104,1.865,999.525,70.15533404916424,18.8125,51.81173684473298,12.303106680983285,1.7914850387851727e+18,1.7914885947680264e+18
1791487645442508444,12.132,1.9475,1411.9,70.13955033197144,18.62,51.803155895511765,12.30279100663943,1.7914850340386396e+18,1.791488597227311e+18
1791487646043560516,12.08,2.7825,1031.975,70.12074323338105,18.41,51.79334553613148,12.302414864667622,1.7914850292504182e+18,1.7914885997076977e+18
1791487646310718217,10.896,28.2,1510.925,70.1178979419346,18.41,51.78589358554028,12.302357958838693,1.791485024466366e+18,1.7914886021857078e+18
1791487646711213230,10.916,26.6475,1334.175,70.11319952041013,18.2,51.784283568589416,12.302263990408203,1.791484931118971e+18,1.7914886439759058e+18
1791487646978504851,10.328,37.9175,794.775,70.10820184981597,18.165000000000003,51.78350799009768,12.30216403699632,1.791484949329158e+18,1.791488636246437e+18
1791487647178966359,10.24,40.3175,787.05,70.10338949714574,18.27,51.776872407953555,12.302067789942916,1.7914849657723794e+18,1.7914886293042542e+18
1791487647579768172,10.26,38.8825,763.475,70.09855957111684,18.6375,51.77907967846607,12.301971191422338,1.7914849819959352e+18,1.791488622463105e+18
1791487647780218966,10.252,39.8025,691.525,70.09124001447294,18.865,51.77371066219887,12.30182480028946,1.7914849982865526e+18,1.791488615594667e+18
1791487647980651869,10.18,41.6175,471.95,70.08453644342951,19.162499999999998,51.76487296288802,12.301690728868591,1.7914850146145306e+18,1.7914886087117404e+18
1791487648181120067,10.256,40.5975,1440.275,70.0776393805281,19.355,51.752393506579246,12.301552787610563,1.7914850310073766e+18,1.791488601803029e+18
1791487648448314451,10.224,41.1325,1118.55,70.07167720854086,19.6525,51.74105317824754,12.301433544170818,1.7914850475659727e+18,1.7914885948233948e+18
1791487648848863609,10.268,40.2675,136.725,70.06511383221337,19.95,51.72989568821054,12.301302276644268,1.7914850641157228e+18,1.7914885878514194e+18
1791487649449983909,10.308,38.7675,417.25,70.0605436528292,20.195,51.72582828637716,12.301210873056585,1.7914850799058616e+18,1.791488581219597e+18
1791487649650353481,10.456,35.785,1273.325,70.0556165673931,20.5625,51.72262271282897,12.301112331347863,1.7914850951796808e+18,1.791488574819009e+18
1791487649783993737,10.4,37.05,609.075,70.0491232477267,20.8425,51.717288676194705,12.300982464954535,1.7914851094075955e+18,1.7914885688832873e+18
1791487649917632510,10.508,35.4325,220.325,70.044427371708,21.1575,51.70965399641381,12.30088854743416,1.7914851228561285e+18,1.791488563294562e+18
1791487650184839830,10.48,35.5825,672.375,70.03939760312504,21.4375,51.70462037711743,12.300787952062501,1.791485135793267e+18,1.791488557934091e+18
1791487650986192557,10.688,30.0825,413.525,70.03246388282889,21.6825,51.70762008098484,12.300649277656579,1.7914851478917181e+18,1.7914885529494016e+18
1791487651854685710,10.632,32.3825,1261.975,70.02803078191755,21.875,51.70475424953736,12.300560615638352,1.7914851570443694e+18,1.7914885492717427e+18
1791487652055143565,10.624,32.8325,574.425,70.02358281478712,22.05,51.700055511428175,12.300471656295743,1.7914851652581834e+18,1.7914885460106808e+18
1791487653190635183,10.664,32.7975,114.6,70.01814004728118,22.2075,51.69021049161156,12.300362800945624,1.7914851717332902e+18,1.791488543523097e+18
1791487653657787247,10.664,31.3325,349.725,70.01234232645766,22.33,51.689320226159246,12.300246846529154,1.791485177138578e+18,1.791488541510598e+18
1791487654058410806,10.712,30.9475,1067.275,70.00720361175448,22.435000000000002,51.68553274152968,12.30014407223509,1.7914851814290606e+18,1.791488539992559e+18
1791487654592580365,10.696,31.165,1618.65,70.00377594631331,22.5575,51.683141601097894,12.300075518926267,1.791485185159643e+18,1.791488538723531e+18
1791487655193556790,10.652,31.3675,24.525,69.99651197463695,22.575,51.68307974331697,12.299947679619555,1.7914851881598712e+18,1.7914885377795756e+18
1791487655460642722,10.684,30.615,74.825,69.9893882948592,22.715,51.68417517500141,12.299840824422889,1.7914851904448722e+18,1.7914885371522235e+18
1791487655928328821,10.7,30.715,228.325,69.98284427526076,22.89,51.68311567807272,12.299742664128912,1.7914851922759987e+18,1.7914885367266145e+18
1791487656195494604,10.736,29.735,696.775,69.97281582033277,22.995,51.682252718276445,12.299592237304992,1.7914851937066627e+18,1.7914885364789056e+18
1791487656462698237,10.804,28.9325,487.975,69.96578333723747,23.099999999999998,51.679703392941654,12.299486750058563,1.7914851927078876e+18,1.791488537303798e+18
1791487656863207240,10.8,27.765,1489.175,69.9550309998855,23.2925,51.68199994203551,12.299325464998283,1.7914851914578982e+18,1.7914885382408832e+18
1791487657330966617,12.076,1.765,1267.8,69.91258798833904,23.4675,51.66474560727418,12.298688819825086,1.7914851896365763e+18,1.7914885394347494e+18
1791487657598219356,12.116,1.73,592.2,69.88144943042177,23.415000000000003,51.65213594721448,12.298221741456327,1.7914851876555261e+18,1.791488540701741e+18
1791487657998944887,12.136,1.8,168.85,69.858228587028,23.275000000000002,51.642712547815485,12.29787342880542,1.7914851855060426e+18,1.7914885420455196e+18
1791487658466646807,12.14,1.8325,515.275,69.8341433806915,23.24,51.63309100376251,12.297512150710373,1.7914851829749594e+18,1.7914885435602975e+18
1791487658733597495,12.16,1.8975,1572.475,69.81810466808483,22.995,51.62673297751855,12.297271570021273,1.791485179849964e+18,1.791488545337889e+18
1791487659134114341,12.168,1.9675,1522.0,69.80288894585989,22.785,51.620808747060096,12.297043334187899,1.7914851763779666e+18,1.791488547269935e+18
1791487659401281468,12.176,1.8825,1367.975,69.78941456505079,22.5575,51.61552999085524,12.296841218475763,1.791485172640913e+18,1.7914885493194926e+18
1791487659868765725,12.18,1.9325,897.925,69.77814920328119,22.295,51.61126278444357,12.296672238049219,1.7914851686350075e+18,1.7914885514887913e+18
1791487660136462233,12.196,1.78,1101.825,69.77042890475498,22.015,51.60831777798344,12.296556433571325,1.791485164417234e+18,1.7914885537515233e+18
1791487660536687496,12.0,6.465,85.7,69.77202985680253,21.63,51.60863490034939,12.296580447852039,1.7914851598899973e+18,1.791488556150166e+18
1791487660803548272,11.8,9.5175,261.525,69.76359076393695,21.2975,51.60565148460156,12.296453861459055,1.7914851549878305e+18,1.7914885587139955e+18
1791487661271179132,10.564,34.435,798.1,69.75443333099119,21.0,51.59671031748485,12.296316499964869,1.7914851497866609e+18,1.7914885614104394e+18
1791487661538343624,10.52,35.765,797.2,69.74247809580928,21.035,51.583417249865455,12.29613717143714,1.7914851439915668e+18,1.7914885643687045e+18
1791487661805419142,10.512,34.9325,794.45,69.73683214514443,21.087500000000002,51.57909755390535,12.296052482177167,1.7914851379431775e+18,1.7914885674381673e+18
1791487662206368575,10.496,35.1825,786.05,69.72724084292526,21.175,51.57376379681363,12.29590861264388,1.7914851315306266e+18,1.791488570668499e+18
1791487662473643414,10.484,35.1675,760.425,69.72112526764423,21.175,51.57130007112754,12.295816879014664,1.7914851246573883e+18,1.791488574101238e+18
1791487662874139458,10.496,34.75,682.225,69.71387039023867,21.1575,51.56957367002627,12.29570805585358,1.7914851177350077e+18,1.7914885775559905e+18
1791487663074523006,10.54,33.465,443.575,69.70510166647048,21.209999999999997,51.56984945512449,12.295576524997058,1.791485110271548e+18,1.7914885812483336e+18
1791487663341690591,12.06,1.68,1353.675,69.66156453015091,21.1575,51.551924975946704,12.294923467952264,1.7914851024764657e+18,1.791488585090161e+18
1791487663742588967,12.096,1.8825,854.275,69.63071425540875,20.965,51.5394027699244,12.294460713831132,1.791485094232577e+18,1.7914885891321654e+18
1791487664009805637,12.12,1.9825,968.625,69.60632072440478,20.5975,51.5295593983343,12.294094810866072,1.7914850854000054e+18,1.7914885934344369e+18
1791487664410601949,12.136,1.9475,1317.6,69.58250921980252,20.334999999999997,51.52020607429702,12.293737638297038,1.7914850761132012e+18,1.7914885979382556e+18
1791487664811132357,12.14,2.0175,744.175,69.56318987127528,20.02,51.51258766604529,12.29344784806913,1.7914850662511964e+18,1.7914886026963901e+18
1791487665078179085,12.164,1.9475,632.625,69.54899400828825,20.02,51.50709741348326,12.293234910124324,1.7914850559965627e+18,1.7914886076273556e+18
1791487665478810833,12.168,2.0175,292.2,69.53856130758432,19.95,51.50306369476578,12.293078419613765,1.7914850453836867e+18,1.7914886127162952e+18
1791487665679246208,12.176,2.0825,891.7,69.52936721698697,19.7925,51.49958685077109,12.292940508254805,1.791485034263798e+18,1.7914886180276093e+18
1791487665946532370,12.184,2.0675,1082.85,69.52285230349271,19.5825,51.49720836675202,12.292842784552391,1.7914850225876221e+18,1.7914886235825475e+18
1791487666347461985,12.196,1.9325,27.775,69.5182175556721,19.459999999999997,51.49558453117414,12.292773263335082,1.7914850108001526e+18,1.7914886291861527e+18
1791487666547930611,12.2,1.9125,84.75,69.51421360889039,19.459999999999997,51.494190755985606,12.292713204133356,1.791484999049136e+18,1.7914886347729341e+18
1791487666814897343,12.204,2.0475,258.625,69.51392026645738,19.2675,51.49426080742131,12.292708803996861,1.791484987674843e+18,1.7914886401933722e+18
1791487667215853228,12.208,1.9675,789.25,69.51446585873143,19.18,51.494648983096226,12.292716987880972,1.7914849763865715e+18,1.791488645575374e+18
1791487667483022535,12.208,1.9825,770.175,69.51255147960794,18.9525,51.49417015126372,12.29268827219412,1.791484964589437e+18,1.7914886511797827e+18
1791487668284848207,12.236,1.8325,534.375,69.51828412756522,18.55,51.496737162319455,12.292774261913479,1.7914849509668424e+18,1.7914886575854858e+18
1791487669353682072,12.256,1.68,572.95,69.52239272979332,17.57,51.49892582033742,12.2928358909469,1.7914849368515039e+18,1.7914886642087793e+18
1791487669554000510,10.696,32.865,1025.3,69.51844785003061,16.6425,51.486580750987194,12.29277671775046,1.7914849228996762e+18,1.7914886707593672e+18
1791487669821280542,10.744,31.635,1490.55,69.51321120153658,16.59,51.475985139619,12.29269816802305,1.791484909363183e+18,1.7914886771274045e+18
1791487670288793512,10.68,32.1825,1271.975,69.50944720891155,16.59,51.46975970429716,12.292641708133674,1.7914848962077243e+18,1.7914886833283525e+18
1791487670555643370,10.616,33.55,604.95,69.50443377777916,16.625,51.46213917233816,12.292566506666688,1.7914848833737244e+18,1.7914886893878868e+18
1791487670755863405,12.108,1.75,207.75,69.47285377515367,16.59,51.44944317970112,12.292092806627306,1.791484870903144e+18,1.7914886952903194e+18
1791487671223864946,12.136,1.9125,634.0,69.44894462035248,16.205,51.44009139660302,12.291734169305288,1.7914848587912438e+18,1.7914887010379766e+18
1791487671490054800,12.16,2.1,904.525,69.43576709855388,15.645,51.435081039575344,12.291536506478309,1.7914848465970563e+18,1.7914887068220987e+18
1791487671957675677,12.056,3.6,1121.975,69.41750207481981,15.645,51.42819885587452,12.291262531122298,1.7914848344467512e+18,1.7914887125890406e+18
1791487672425112921,10.908,27.2825,147.175,69.4104356094585,15.102500000000001,51.42383356873144,12.291156534141878,1.7914848223661842e+18,1.7914887183255022e+18
1791487673159473870,11.012,23.715,1370.6,69.39784597512211,14.7525,51.42379419516972,12.290967689626832,1.7914848097263132e+18,1.7914887243092124e+18
1791487673627210581,10.164,42.785,905.925,69.38589873180692,14.875,51.40837673060945,12.290788480977104,1.791484796546173e+18,1.7914887305307681e+18
1791487673894113170,10.22,40.55,1126.25,69.3792458849472,15.015,51.40400288215992,12.290688688274209,1.791484782643271e+18,1.791488737067392e+18
1791487674294967409,10.124,42.9975,160.225,69.37036093125744,15.3475,51.39421274940891,12.290555413968862,1.79148476813887e+18,1.7914887438678643e+18
1791487674561908659,10.004,44.58,1492.15,69.36267800980723,15.819999999999999,51.390674725600185,12.290440170147109,1.7914847534573174e+18,1.7914887507451886e+18
1791487675029323737,9.884,47.1475,1276.875,69.35587913956081,16.397499999999997,51.38549603126417,12.290338187093413,1.791484738301898e+18,1.7914887578302723e+18
1791487675296537051,9.924,46.8825,619.9,69.34707630295185,16.9925,51.37538242807789,12.290206144544278,1.7914847232543864e+18,1.7914887648679834e+18
1791487675764110003,9.932,47.05,253.375,69.33329272656775,16.9925,51.36082578684981,12.289999390898517,1.7914847082919964e+18,1.7914887718701115e+18
1791487676031254517,9.86,47.75,773.225,69.32353380163536,17.535,51.353627404033816,12.289853007024531,1.7914846925064658e+18,1.7914887792323965e+18
1791487676298286682,9.888,47.5825,721.275,69.31278813163556,18.060000000000002,51.34303249860787,12.289691821974534,1.7914846768346844e+18,1.791488786545173e+18
1791487676698915340,9.976,45.53,562.75,69.30363850919395,18.5675,51.33607181963861,12.28955457763791,1.7914846611907213e+18,1.7914887938466217e+18
1791487676965727146,10.016,45.165,78.975,69.29481809440557,19.022499999999997,51.326142036179,12.289422271416084,1.7914846445707896e+18,1.7914888015748393e+18
1791487677166168823,10.032,44.8175,241.0,69.28516477867302,19.425,51.31632884112005,12.289277471680096,1.7914846278512054e+18,1.7914888093464338e+18
1791487677433412081,10.352,37.215,735.45,69.27889662684362,19.810000000000002,51.317331732657884,12.289183449402655,1.7914846102413112e+18,1.791488817507105e+18
1791487677700593709,10.2,41.5175,606.0,69.27105701347318,20.1425,51.308935644330276,12.289065855202098,1.7914845926791826e+18,1.7914888256470572e+18
1791487678168332966,10.264,39.3675,210.95,69.26412449495139,20.474999999999998,51.30705455299888,12.288961867424272,1.7914845752224763e+18,1.7914888337418586e+18
1791487678435481169,10.196,41.4825,643.75,69.25472030253437,20.474999999999998,51.29892670926953,12.288820804538016,1.7914845580564413e+18,1.791488841709838e+18
1791487678835893490,10.296,39.3675,326.15,69.24879700141982,20.772499999999997,51.2934931524099,12.288731955021298,1.7914845409141783e+18,1.7914888496679752e+18
1791487679103093327,10.324,37.4325,995.325,69.24031555888439,21.105,51.29563669784027,12.288604733383266,1.7914845235244541e+18,1.7914888577346427e+18
1791487679570764235,10.672,29.3975,1399.075,69.22832186659771,21.4025,51.30084183658873,12.288424827998966,1.7914845063469606e+18,1.7914888657104026e+18
1791487679771100416,10.388,36.4475,992.825,69.21915702376747,21.595,51.30092785194731,12.288287355356513,1.791484489521527e+18,1.79148887353238e+18
1791487680439060341,10.54,34.015,969.55,69.21155742617327,22.05,51.29848082924373,12.2881733613926,1.7914844730217846e+18,1.7914888812141322e+18
1791487680639321477,10.52,33.75,1320.425,69.20125852713244,22.3475,51.29848083317606,12.288018877906987,1.791484456915629e+18,1.7914888887242225e+18
1791487680906366343,10.56,33.2475,752.8,69.19419380505055,22.575,51.29813509384115,12.287912907075759,1.791484441216088e+18,1.7914888960567767e+18
1791487681307032296,10.62,32.6675,658.95,69.18313816739648,22.8025,51.29334822516839,12.287747072510948,1.7914844257817032e+18,1.7914889032749847e+18
1791487681574331678,10.616,32.3675,372.55,69.17380790729109,23.0475,51.291048880469326,12.287607118609367,1.7914844105299676e+18,1.791488910413834e+18
1791487681975208103,10.648,30.9675,1136.925,69.16519637179668,23.1875,51.29257796901077,12.287477945576951,1.7914843953165353e+18,1.7914889175370847e+18
1791487682442853223,10.588,32.985,192.8,69.1565569847469,23.38,51.29014402520781,12.287348354771204,1.7914843801236372e+18,1.7914889246527972e+18
1791487682709740412,10.616,32.7475,588.375,69.1451591029873,23.502499999999998,51.28522711988191,12.28717738654481,1.7914843650515026e+18,1.7914889317166185e+18
1791487682976901363,10.636,32.165,157.175,69.13664243123392,23.6425,51.28228611109776,12.28704963646851,1.7914843500530097e+18,1.7914889387488978e+18
1791487683377838940,10.66,30.8975,479.65,69.12419107240424,23.6775,51.281584811377826,12.286862866086064,1.791484335022533e+18,1.791488945795858e+18
1791487683578291101,10.688,30.765,1463.775,69.11578792368576,23.747500000000002,51.280414580722585,12.286736818855287,1.7914843199880481e+18,1.7914889528447475e+18
1791487683845114556,12.044,2.0175,1190.275,69.07090224387491,23.747500000000002,51.262583351516035,12.286063533658124,1.7914843048569887e+18,1.7914889599413967e+18
1791487684245966371,12.096,1.865,355.625,69.03883568481066,23.4675,51.24986977463315,12.28558253527216,1.7914842896185262e+18,1.79148896708952e+18
1791487684447620727,12.112,1.8975,1085.275,69.0090386583334,23.275000000000002,51.238212030815184,12.285135579875002,1.7914842738687012e+18,1.7914889744634068e+18
1791487684914965225,12.128,1.9975,35.175,68.987443336697,23.099999999999998,51.22976659667682,12.284811650050456,1.7914842579603274e+18,1.7914889819089864e+18
1791487685315648564,12.136,2.0325,107.325,68.96541482117426,22.89,51.22126359357208,12.284481222317615,1.79148424164353e+18,1.7914889895357614e+18
1791487685582941636,12.152,1.9475,327.525,68.9455373151427,22.6975,51.21367023626721,12.284183059727141,1.791484225175087e+18,1.7914889972311465e+18
1791487685983806062,12.156,2.165,999.525,68.93073681226407,22.540000000000003,51.20807141141169,12.283961052183962,1.7914842085167421e+18,1.7914890050115215e+18
1791487686184093620,12.168,2.0325,1411.9,68.9176386636256,22.47,51.20317233853952,12.283764579954385,1.7914841915998966e+18,1.7914890129059387e+18
1791487686451285774,12.172,2.13,1031.975,68.90836614498504,22.189999999999998,51.19976900690202,12.283625492174776,1.791484174464268e+18,1.7914890208968497e+18
1791487687052214152,12.172,2.115,1510.925,68.89573216977705,22.189999999999998,51.19512621966277,12.283435982546656,1.7914841571779105e+18,1.7914890289566e+18
1791487687319357776,12.184,2.1,1334.175,68.88941250469247,22.0325,51.192886515453544,12.283341187570388,1.791484139756664e+18,1.7914890370759043e+18
1791487687920553288,12.192,1.9475,794.775,68.88334955050126,21.945,51.19074694677236,12.28325024325752,1.7914841221774328e+18,1.791489045266189e+18
1791487688120886734,12.192,2.0825,787.05,68.87809854486468,21.84,51.18897754529404,12.28317147817297,1.791484103888879e+18,1.7914890537656202e+18
1791487688387987309,12.196,2.0325,763.475,68.87383829019984,21.665000000000003,51.1876016492465,12.283107574352998,1.791484085207718e+18,1.7914890624360701e+18
1791487688588313138,12.212,1.9825,691.525,68.87197297577343,21.42,51.187253331147275,12.283079594636602,1.7914840662864325e+18,1.7914890712109486e+18
1791487688988636208,12.204,2.115,471.95,68.86855108825638,21.175,51.186319126030185,12.283028266323846,1.7914840471867046e+18,1.7914890800643151e+18
1791487689255925298,12.204,2.15,1440.275,68.86881452295455,21.0,51.18667543384073,12.283032217844319,1.791484028045046e+18,1.791489088935765e+18
1791487689455993048,12.208,2.165,1118.55,68.86795689820254,20.755,51.18666183384715,12.283019353473039,1.791484008807687e+18,1.79148909784841e+18
1791487689856669020,12.216,2.0675,136.725,68.8688767524496,20.5975,51.18736155991795,12.283033151286745,1.7914839895507666e+18,1.7914891067698954e+18
1791487690123945433,12.22,1.9125,417.25,68.8710917269985,20.3,51.18852877544575,12.283066375904978,1.791483970302825e+18,1.7914891156868142e+18
1791487690791308416,12.228,2.1,1273.325,68.87754014409396,20.3,51.19142864849933,12.28316310216141,1.791483951142833e+18,1.7914891245661545e+18
1791487691058109342,12.224,2.15,609.075,68.88412861868368,20.0725,51.194283105074774,12.283261929280256,1.79148393201177e+18,1.7914891334317304e+18
1791487691325229802,12.232,2.0175,220.325,68.88901438340827,19.74,51.19651751491448,12.283335215751125,1.7914839128726966e+18,1.7914891422997028e+18
1791487691725959258,12.228,1.9975,672.375,68.89473012198877,19.39,51.19902506197989,12.283420951829832,1.7914838934873454e+18,1.7914891512741862e+18
1791487691926400192,12.232,2.115,413.525,68.89796741416758,19.075,51.20072344096157,12.283469511212514,1.7914838738060355e+18,1.7914891603766054e+18
1791487692193490876,12.236,2.13,1261.975,68.90391896159691,18.7425,51.2034337825389,12.283558784423954,1.791483853847608e+18,1.7914891695986225e+18
1791487692460620259,12.248,1.9475,574.425,68.91190980623641,18.7425,51.20699093553174,12.283678647093547,1.791483833628508e+18,1.7914891789325407e+18
1791487692727469827,12.24,2.15,114.6,68.917903335184,18.41,51.20979554327016,12.28376855002776,1.7914838130542623e+18,1.7914891884196964e+18
1791487692927838338,12.252,2.1,349.725,68.92808080236625,18.1125,51.21425510819139,12.283921212035494,1.7914837922056886e+18,1.7914891980240218e+18
1791487693328117948,12.248,1.9975,1067.275,68.93786374137612,17.814999999999998,51.21847561091243,12.284067956120643,1.7914837710164012e+18,1.7914892077756564e+18
1791487693595053505,12.252,2.0175,1618.65,68.94683374847766,17.377499999999998,51.22244989344735,12.284202506227166,1.7914837495076275e+18,1.7914892176647944e+18
1791487694062597426,12.252,2.115,24.525,68.95465370860741,17.377499999999998,51.225969867396934,12.284319805629112,1.7914837277701783e+18,1.7914892276529574e+18
1791487694329639247,12.256,2.0825,74.825,68.96818532595606,15.7675,51.23168464432746,12.284522779889341,1.791483705834291e+18,1.7914892377249144e+18
1791487694730988587,12.256,2.0825,228.325,68.98056314600807,16.4675,51.23693975022784,12.284708447190122,1.7914836832319608e+18,1.7914892480853778e+18
1791487694997093385,12.252,1.9825,696.775,68.99169953129281,15.242500000000001,51.241673346547365,12.284875492969393,1.791483660348349e+18,1.791489258565928e+18
1791487695263825105,12.256,2.1,487.975,69.00415687201267,14.875,51.2469363062184,12.28506235308019,1.7914836371525473e+18,1.7914892691801288e+18
1791487695664269479,12.26,2.2,1489.175,69.01883459395589,14.875,51.253086355417096,12.285282518909339,1.791483613561879e+18,1.7914892799641444e+18
1791487695930859788,12.26,2.0325,1267.8,69.03056071423062,14.5425,51.258132608972275,12.28545841071346,1.791483589841766e+18,1.7914892908020995e+18
1791487696330987612,12.256,2.0675,592.2,69.04489865839969,14.5425,51.264052813320866,12.285673479875996,1.7914835660907564e+18,1.7914893016514555e+18
1791487696797965862,12.268,2.0475,168.85,69.05998623782122,14.3325,51.27036337266122,12.285899793567319,1.791483542335113e+18,1.7914893125009044e+18
1791487697064814323,12.268,2.0325,515.275,69.07681455135133,14.280000000000001,51.27728508922307,12.28615221827027,1.7914835186238648e+18,1.7914893233279101e+18
1791487697331816460,12.264,2.0175,1572.475,69.09278243529111,14.280000000000001,51.28387175256963,12.286391736529367,1.7914834950832676e+18,1.7914893340774008e+18
1791487697732092200,12.268,2.0825,1522.0,69.10984860468304,14.349999999999998,51.29088251102203,12.286647729070246,1.7914834716944402e+18,1.791489344758177e+18
1791487697998906311,12.264,2.0675,1367.975,69.1253919497261,14.349999999999998,51.2972999843279,12.286880879245892,1.7914834484612933e+18,1.7914893553681946e+18
1791487698265785931,12.272,2.0325,897.925,69.14222918039641,14.2975,51.30424566293482,12.287133437705947,1.7914834252383913e+18,1.7914893659704788e+18
1791487698666464714,12.276,2.1,1101.825,69.15778857098576,14.245000000000001,51.31080414958217,12.287366828564787,1.79148340200158e+18,1.7914893765760801e+18
1791487698933438384,12.272,2.15,85.7,69.17357169797423,14.245000000000001,51.317442412366525,12.287603575469614,1.7914833788559383e+18,1.7914893871388544e+18
1791487699200295032,12.276,2.0325,261.525,69.19108030095494,14.105,51.32461841574124,12.287866204514325,1.7914833558561267e+18,1.7914893976344568e+18
1791487699400547854,12.268,2.0675,798.1,69.20504080659178,14.105,51.33049178464694,12.288075612098877,1.7914833331359086e+18,1.7914894080048195e+18
1791487699800804503,12.268,2.115,797.2,69.22330144990237,13.282499999999999,51.337888638758464,12.288349521748536,1.7914833106811226e+18,1.7914894182565673e+18
1791487700201192622,12.276,2.0675,794.45,69.23958948709645,13.282499999999999,51.344655381273235,12.288593842306447,1.7914832885329418e+18,1.7914894283719176e+18
1791487700468135978,12.28,2.0475,786.05,69.25590287885449,12.6175,51.35146011972088,12.288838543182818,1.791483266684284e+18,1.791489438353561e+18
1791487700668622637,12.284,1.9325,760.425,69.27603921551054,12.6175,51.35965540956254,12.289140588232659,1.791483245204104e+18,1.7914894481702948e+18
1791487701068958226,12.28,2.0325,682.225,69.29190578063789,11.62,51.36628973546691,12.289378586709569,1.7914832240583885e+18,1.791489457838711e+18
1791487701335932941,12.276,1.9975,443.575,69.30785186213717,11.62,51.37289586277722,12.289617777932058,1.7914832033011425e+18,1.7914894673344635e+18
1791487701736587081,12.284,2.0175,1353.675,69.32827152637067,11.025,51.381185342953955,12.28992407289556,1.7914831829352835e+18,1.7914894766559995e+18
1791487702003046661,12.284,2.115,854.275,69.34925807409627,11.025,51.38969842439064,12.290238871111445,1.7914831629847268e+18,1.7914894857923118e+18
1791487702204660413,12.276,2.13,968.625,69.36813433664753,10.7275,51.397369874198304,12.290522015049714,1.7914831434008228e+18,1.7914894947648305e+18
1791487702605166801,12.276,2.0325,1317.6,69.3848135396616,10.7275,51.404223566262274,12.290772203094924,1.791483124206317e+18,1.7914895035647416e+18
1791487702872033162,12.28,2.0175,744.175,69.40307690692254,10.7275,51.411685950132735,12.291046153603839,1.7914831054426063e+18,1.7914895121733235e+18
1791487703272279298,12.284,2.13,632.625,69.42516821990175,9.1875,51.42056793300665,12.291377523298527,1.791483087135401e+18,1.79148952057907e+18
1791487703539532850,12.28,2.1,292.2,69.44219390466493,9.1875,51.4275764420232,12.291632908569975,1.7914830693010145e+18,1.7914895287754263e+18
1791487703739980763,12.284,2.165,891.7,69.46197330183679,9.1875,51.435623166307124,12.291929599527553,1.7914830519497047e+18,1.791489536757005e+18
1791487703940334846,12.28,2.0475,1082.85,69.48003780002448,7.455,51.44298873636099,12.292200567000368,1.791483035099502e+18,1.7914895445164193e+18
1791487704140604136,12.288,2.0325,27.775,69.50015794040894,7.455,51.45118731975361,12.292502369106135,1.791483018756597e+18,1.7914895520506258e+18
1791487704541158475,12.284,2.0325,84.75,69.52007794364413,7.455,51.459237153150376,12.292801169154663,1.7914830029627697e+18,1.7914895593421711e+18
1791487704941722827,12.224,3.165,258.625,69.53855072656785,7.455,51.466394235510215,12.293078260898518,1.791482987509487e+18,1.7914895664820431e+18
1791487705141769232,12.124,5.05,789.25,69.55291593674431,7.455,51.47142619494507,12.293293739051165,1.7914829724950124e+18,1.7914895734275333e+18
1791487705408745205,12.112,5.1325,770.175,69.56559303967416,7.455,51.475836415344425,12.293483895595113,1.791482957871374e+18,1.7914895802000133e+18
1791487705809350323,12.124,4.6325,711.975,69.57771515789986,7.455,51.48023961269167,12.293665727368499,1.791482943517828e+18,1.791489586852678e+18
1791487706209742203,12.128,4.6825,534.375,69.58996775995554,7.455,51.4846684719635,12.293849516399334,1.7914829293767365e+18,1.7914895934102874e+18
1791487706409759842,12.14,4.3475,1630.775,69.6020909286159,7.455,51.48915067276907,12.29403136392924,1.7914829154593574e+18,1.7914895998674276e+18
1791487706676559493,12.132,4.53,61.525,69.61347192382408,7.455,51.49328233287455,12.294202078857362,1.791482901619406e+18,1.791489606288044e+18
1791487707077161056,12.132,4.4325,187.75,69.62233431090961,7.455,51.49658601851906,12.294335014663645,1.7914828878933617e+18,1.7914896126573647e+18
1791487707343788047,12.148,4.165,572.95,69.6315234387223,2.17,51.500042199374995,12.294472851580835,1.7914828739253788e+18,1.7914896191289695e+18
1791487707810956769,12.132,4.45,110.1,69.64057259687742,2.17,51.50335169331802,12.294608588953162,1.791482860209064e+18,1.7914896254896558e+18
1791487708278307837,12.124,4.53,335.975,69.64986455901759,2.17,51.50672015002716,12.294747968385265,1.7914828464516667e+18,1.7914896318662748e+18
1791487708545129327,12.124,4.55,1025.3,69.6563063003824,2.17,51.50904522993128,12.294844594505737,1.791482832489181e+18,1.791489638329969e+18
1791487708945716066,12.1,5.1,1490.55,69.6684996543312,2.17,51.51334996611929,12.295027494814969,1.7914828182778982e+18,1.7914896448989926e+18
1791487709212598471,12.096,4.8475,1271.975,69.67577178889837,2.17,51.5159537614886,12.295136576833476,1.791482803852615e+18,1.7914896515586373e+18
1791487709479506272,12.088,5.015,604.95,69.6833528154557,2.17,51.518653050288684,12.295250292231836,1.7914827893293844e+18,1.791489658257546e+18
1791487709746694535,12.092,5.05,207.75,69.68873670841359,2.17,51.52055726800256,12.295331050626205,1.7914827746962522e+18,1.7914896650020667e+18
1791487710147487031,12.08,5.1475,634.0,69.69331537319081,2.17,51.52211085493629,12.295399730597863,1.791482759939563e+18,1.7914896717990016e+18
1791487710414474320,12.084,5.015,296.4,69.69690180310202,2.17,51.52336132446794,12.295453527046531,1.79148274488111e+18,1.7914896787250985e+18
1791487710881650017,12.08,5.1,904.525,69.70079157852905,2.17,51.52472960389708,12.295511873677937,1.7914827296109348e+18,1.7914896857422966e+18
1791487711349197068,12.084,4.7475,1121.975,69.70414561146583,2.17,51.52594222317472,12.295562184171988,1.7914827142425907e+18,1.7914896928013783e+18
1791487711616082253,12.068,5.115,147.175,69.70651364866849,2.17,51.526741668666325,12.295597704730028,1.791482698830758e+18,1.7914896998781245e+18
1791487712083620166,12.092,4.8475,449.125,69.71421532619107,2.17,51.529508546461315,12.295713229892867,1.7914826833583224e+18,1.7914897069796426e+18
1791487712350906334,12.084,4.8325,1370.6,69.71538492310792,2.17,51.529961037596124,12.29573077384662,1.791482667586244e+18,1.791489714209988e+18
1791487712817926486,12.084,4.915,905.925,69.71950335897286,1.5225,51.531441774650865,12.295792550384594,1.7914826516807342e+18,1.791489721497386e+18
1791487713085125280,12.092,4.7325,1126.25,69.72479897089102,1.5225,51.533392405947104,12.295871984563366,1.7914826352802847e+18,1.7914897289974282e+18
1791487713485611573,12.096,4.6325,160.225,69.73182805530374,1.5225,51.535959724663776,12.295977420829557,1.7914826185061386e+18,1.7914897366577124e+18
1791487713752407856,12.092,4.9,488.95,69.74056034513363,1.5225,51.53905053030242,12.296108405177005,1.7914826014609539e+18,1.7914897444327237e+18
1791487714219971164,12.08,4.98,1492.15,69.7395767384976,1.5225,51.53833697549807,12.296093651077465,1.7914825840837747e+18,1.7914897523518336e+18
1791487714486443837,12.064,5.2825,1276.875,69.73863107149157,1.5225,51.53754965456608,12.296079466072374,1.7914825664624113e+18,1.7914897603759995e+18
1791487714753682060,12.072,5.065,619.9,69.73553519864222,1.5225,51.53597517241809,12.296033027979634,1.79148254847519e+18,1.7914897685585492e+18
1791487715155936735,12.072,5.1,253.375,69.73150799098653,1.5225,51.53402711362777,12.295972619864799,1.7914825301512236e+18,1.7914897768874217e+18
1791487715422958710,12.076,5.015,773.225,69.7261948250441,1.5225,51.5315737611127,12.295892922375662,1.7914825114055583e+18,1.791489785399313e+18
1791487715622966916,12.084,4.7975,721.275,69.71976796238155,1.5225,51.528724609594015,12.295796519435724,1.7914824923319547e+18,1.7914897940534587e+18
1791487717158409281,12.4,1.5475,425.2,69.75446982264972,6.58,51.54274478392911,12.296317047339747,1.7914824729906442e+18,1.7914898028202724e+18
1791487717558845471,12.392,1.6325,1297.6,69.78683217273125,6.58,51.555789180968645,12.29680248259097,1.791482453532809e+18,1.7914898116299587e+18
1791487717825756035,12.392,1.65,683.15,69.81454383034531,6.58,51.56684954604887,12.29721815745518,1.7914824340092037e+18,1.7914898204611896e+18
1791487718026205214,12.388,1.765,446.4,69.84883918488461,6.58,51.58266885531819,12.29773258777327,1.7914824144548408e+18,1.7914898292968955e+18
1791487718426684623,12.396,1.5675,1362.3,69.89791204266349,6.685,51.60739304517536,12.298468680639953,1.7914823949423877e+18,1.7914898381032202e+18
1791487718827177312,12.392,1.715,880.6,69.9468027311148,6.685,51.629966891780796,12.299202040966723,1.7914823755057016e+18,1.7914898468653176e+18
1791487719027345516,12.384,1.8975,1048.975,69.99294217812877,6.685,51.644738058756865,12.299894132671932,1.7914823561784878e+18,1.7914898555685036e+18
1791487719294149752,12.392,1.6325,1562.8,70.03025938254888,6.685,51.66657989844458,12.300605187650978,1.7914823369047516e+18,1.79148986423903e+18
1791487719561098981,12.388,1.815,1492.475,70.06368350537551,6.685,51.67802879345588,12.301273670107511,1.791482317682766e+18,1.7914898728786125e+18
1791487719961262328,12.388,1.78,1277.85,70.09599429066007,6.685,51.687370103207186,12.301919885813202,1.7914822984767242e+18,1.7914898815034557e+18
1791487720428818562,12.384,1.78,622.875,70.12632973435683,6.685,51.69390450286993,12.302526594687137,1.7914822791420058e+18,1.7914898901765996e+18
1791487720829013696,12.388,1.815,262.45,70.1592253136268,6.685,51.70663547893539,12.303184506272537,1.7914822598090967e+18,1.791489898840867e+18
1791487721029101723,12.392,1.73,800.925,70.19062669930845,2.8175000000000003,51.71527305386359,12.30381253398617,1.791482240042429e+18,1.7914899076842383e+18
1791487721296016411,12.392,1.65,805.825,70.2222398190411,2.8175000000000003,51.72712501971696,12.304444796380823,1.7914822203602688e+18,1.7914899164824717e+18
1791487721696439769,12.396,1.65,820.775,70.25260225405957,2.8175000000000003,51.73435694012531,12.305052045081192,1.791482200772447e+18,1.7914899252322217e+18
1791487722563723731,12.392,1.665,866.4,70.28038369645121,2.8175000000000003,51.73609907317822,12.305607673929025,1.7914821811764273e+18,1.791489933979917e+18
1791487722830645994,12.392,1.5675,1005.625,70.30991778136898,2.8175000000000003,51.74630448852946,12.30619835562738,1.7914821616849021e+18,1.791489942674344e+18
1791487723230669484,12.4,1.5975,1430.5,70.33969203987283,2.8175000000000003,51.754217754220996,12.306793840797457,1.791482142248467e+18,1.7914899513372475e+18
1791487723430984359,12.392,1.5975,1088.725,70.36593295831216,2.8175000000000003,51.75535984438822,12.307318659166244,1.7914821228956165e+18,1.791489959956206e+18
1791487723630996039,12.396,1.615,45.725,70.3957358233139,2.8175000000000003,51.76529784573857,12.307914716466279,1.7914821037139075e+18,1.7914899684926984e+18
1791487723897884868,12.396,1.5675,139.525,70.42520494091391,2.8175000000000003,51.775698320776186,12.308504098818279,1.7914820845809098e+18,1.7914899769999212e+18
1791487724298243708,12.392,1.615,425.775,70.45505192925673,2.7475,51.78848621977589,12.309101038585135,1.791482065047781e+18,1.7914899856719345e+18
1791487724898853673,12.396,1.5975,1299.35,70.48603886789715,2.7475,51.8035728476381,12.309720777357944,1.7914820454307464e+18,1.7914899943724923e+18
1791487725165662873,12.392,1.615,688.5,70.51414675417467,2.7475,51.811372860691996,12.310282935083494,1.7914820258316618e+18,1.7914900030573064e+18
1791487725566273542,12.392,1.5325,462.725,70.54291741091292,7.8225,51.823704621947364,12.31085834821826,1.7914820062740006e+18,1.791490011716423e+18
1791487726700390142,12.392,1.6325,1412.1,70.571603468613,7.8225,51.833883647659725,12.31143206937226,1.7914819865904256e+18,1.7914900204246346e+18
1791487727367635956,12.384,1.9125,1032.575,70.60112704236062,10.674999999999999,51.84438774398995,12.312022540847213,1.7914819668521628e+18,1.7914900291490867e+18
1791487728035100937,12.396,1.7,1512.75,70.63196624125395,10.674999999999999,51.85892903708078,12.31263932482508,1.791481947121556e+18,1.7914900378626737e+18
1791487728568803188,12.396,1.68,1339.725,70.66216749087928,12.844999999999999,51.87193735803811,12.313243349817586,1.7914819274964352e+18,1.7914900465228055e+18
1791487729036043897,10.64,35.715,811.7,70.66062135450996,12.844999999999999,51.84716104697093,12.3132124270902,1.791481907644761e+18,1.7914900552801592e+18
1791487729503648384,10.148,45.8825,838.7,70.64566425054791,14.052499999999998,51.79668361179343,12.312913285010959,1.791481887560042e+18,1.79149006414058e+18
1791487729770096690,10.192,43.665,921.1,70.65671422870209,14.612499999999999,51.7729076905158,12.313134284574042,1.79148186747891e+18,1.7914900729951526e+18
1791487730170300680,10.128,44.0175,1172.55,70.67661165907982,14.612499999999999,51.769261010851174,12.313532233181597,1.7914818475187986e+18,1.7914900817912376e+18
1791487730437207879,10.06,44.8825,301.525,70.69142787522827,15.295,51.76627263163291,12.313828557504566,1.7914818275637002e+18,1.791490090579919e+18
1791487730837368714,10.032,45.53,920.175,70.70349573268258,15.959999999999999,51.760962615367035,12.314069914653652,1.7914818076003128e+18,1.7914900993680492e+18
1791487731104188883,9.98,45.98,1169.75,70.71305670097699,16.52,51.758829099210764,12.31426113401954,1.7914817876183916e+18,1.7914901081601864e+18
1791487731504676515,9.952,45.615,292.975,70.72495458853244,16.52,51.76539042783482,12.31449909177065,1.7914817677136256e+18,1.791490116915051e+18
1791487731771638380,9.908,47.515,894.075,70.7298525195381,16.974999999999998,51.75946132728835,12.314597050390763,1.7914817477304737e+18,1.7914901257005788e+18
1791487732172224764,9.912,47.2175,1090.1,70.73483485082697,17.4825,51.755634492704175,12.31469669701654,1.7914817276634583e+18,1.7914901345198295e+18
1791487732372456434,9.916,46.9,49.9,70.73166611323288,17.8675,51.749839924606455,12.314633322264658,1.7914817074722289e+18,1.7914901433913382e+18
1791487732639616161,9.94,46.7675,152.275,70.73268151954595,17.8675,51.74166451904092,12.31465363039092,1.7914816870604836e+18,1.7914901523559526e+18
1791487732906656514,10.136,42.35,464.7,70.73312062126423,18.235,51.74346179723257,12.314662412425285,1.7914816665657536e+18,1.7914901613545556e+18
1791487733106808395,10.064,43.4825,1418.15,70.73381806946537,18.5325,51.74614251638662,12.314676361389308,1.791481645981094e+18,1.7914901703896504e+18
1791487733373653099,10.152,42.2,1051.05,70.734897435491,18.795,51.74970740085531,12.31469794870982,1.791481625316445e+18,1.7914901794572685e+18
1791487733773952799,10.172,41.365,1569.15,70.73384037333506,19.18,51.74577010830158,12.314676807466702,1.7914816046704722e+18,1.7914901885159263e+18
1791487734040987798,10.132,42.5825,1511.85,70.73189556930605,19.495,51.737712669705765,12.314637911386122,1.79148158367824e+18,1.7914901977218092e+18
1791487734508087907,10.184,40.935,1337.0,70.72967943811389,19.7575,51.728204547698404,12.314593588762278,1.791481562182359e+18,1.7914902071438275e+18
1791487734774918047,10.232,40.1325,803.4,70.73104398009943,20.0725,51.73377956022957,12.31462087960199,1.7914815402320512e+18,1.7914902167590239e+18
1791487735242830613,10.228,40.1975,813.375,70.73034405577444,20.3175,51.73136029351686,12.31460688111549,1.7914815178607877e+18,1.7914902265544545e+18
1791487735509548077,10.308,37.7325,843.8,70.7295286379832,20.474999999999998,51.731089918130145,12.314590572759665,1.791481494888647e+18,1.7914902366049475e+18
1791487735910109534,10.424,35.865,936.65,70.72916840180781,20.5975,51.72820325063073,12.314583368036157,1.7914814714041764e+18,1.7914902468745902e+18
1791487736310937735,10.308,38.565,1220.025,70.75844769662376,20.72,51.74545842301085,12.315168953932476,1.7914814478633024e+18,1.7914902571594806e+18
1791487736577861768,10.344,37.7325,446.4,70.7807669880731,20.8425,51.75961855009387,12.315615339761463,1.791481424402998e+18,1.791490267402038e+18
1791487736777894874,10.308,38.2825,1362.3,70.79765487842884,20.895,51.7717779746968,12.315953097568578,1.7914814008898926e+18,1.7914902776604206e+18
1791487736978251356,10.356,37.265,880.6,70.81272989001562,21.0,51.78358948022721,12.316254597800313,1.7914813773390446e+18,1.7914902879287176e+18
1791487737379049533,10.348,36.75,1048.975,70.82225086194869,21.14,51.796117505817044,12.316445017238975,1.7914813537163948e+18,1.7914902982238845e+18
1791487737646144939,10.424,36.25,1562.8,70.82241426381904,21.105,51.79787503878569,12.316448285276381,1.7914813299443482e+18,1.7914903085813868e+18
1791487738047055358,10.352,37.2825,1492.475,70.82327310215086,21.175,51.796920368558865,12.316465462043018,1.7914813057677934e+18,1.7914903191095342e+18
1791487738314368732,10.404,35.9675,1277.85,70.82320343945285,21.1925,51.79843857870784,12.316464068789058,1.7914812815015124e+18,1.7914903296734554e+18
1791487738514545818,10.432,35.865,622.875,70.82316558295376,21.349999999999998,51.79793389593626,12.316463311659076,1.7914812570599037e+18,1.7914903403102456e+18
1791487738914976511,10.408,36.55,262.45,70.8232989456622,21.4725,51.790877591477184,12.316465978913245,1.7914812323421837e+18,1.7914903510636472e+18
1791487739181868271,10.424,36.1325,800.925,70.84891861709534,21.63,51.80709364874282,12.316978372341907,1.7914812076782513e+18,1.7914903617850688e+18
1791487739582615698,10.48,34.6175,805.825,70.8662511654439,21.7175,51.821035035846386,12.317325023308879,1.791481182432775e+18,1.7914903727490414e+18
1791487739849890532,10.436,35.5325,820.775,70.87929132306633,21.84,51.83240178550465,12.317585826461327,1.7914811570675858e+18,1.7914903837587581e+18
1791487740050315559,10.452,35.9675,866.4,70.89055977084867,21.8575,51.838487780173615,12.317811195416974,1.7914811316151724e+18,1.7914903948001357e+18
1791487740451006181,10.428,35.85,1005.625,70.89828898072231,21.9275,51.846069708868335,12.317965779614447,1.7914811060480804e+18,1.7914904058862912e+18
1791487740851244496,10.516,34.9975,1430.5,70.90574443040721,21.962500000000002,51.84863858235701,12.318114888608145,1.7914810801784968e+18,1.7914904170985467e+18
1791487741252037593,10.516,33.7675,1088.725,70.90958305746707,22.084999999999997,51.85601736556353,12.318191661149342,1.791481054019442e+18,1.7914904284317537e+18
1791487741519177314,10.472,34.965,45.725,70.91329648695258,22.102500000000003,51.86153957487293,12.318265929739052,1.7914810275483876e+18,1.7914904398943214e+18
1791487741919948328,10.564,33.5825,139.525,70.91552473783105,22.26,51.86401845480493,12.318310494756622,1.7914810007477893e+18,1.791490451495737e+18
1791487742187170048,10.548,34.2825,425.775,70.91651988218162,22.26,51.86373546956323,12.318330397643633,1.7914809737501673e+18,1.7914904631725635e+18
1791487742387557478,10.672,31.1,1299.35,70.91328737842478,22.365,51.865167379394144,12.318265747568496,1.7914809464693821e+18,1.7914904749662938e+18
1791487742787830403,10.74,30.0175,688.5,70.90941744253712,22.627499999999998,51.86505399035076,12.318188348850743,1.7914809188431544e+18,1.7914904869067325e+18
1791487743188350067,12.088,1.5975,462.725,70.87576846393152,22.75,51.846936381230776,12.317515369278631,1.7914808906041347e+18,1.791490499116767e+18
1791487743589078163,12.124,1.5975,1412.1,70.84951148305335,22.6975,51.83279343860167,12.316990229661068,1.7914808618256195e+18,1.7914905115629166e+18
1791487743989914790,12.148,1.5675,1032.575,70.82443797070901,22.540000000000003,51.81926424421327,12.316488759414181,1.7914808324930263e+18,1.7914905242515113e+18
1791487744190372939,12.164,1.4975,1512.75,70.80425178899901,22.400000000000002,51.80871089773872,12.316085035779981,1.7914808026616684e+18,1.7914905371568049e+18
1791487744457441398,12.176,1.5675,1339.725,70.79617010928948,22.189999999999998,51.815546018473356,12.31592340218579,1.7914807724727626e+18,1.7914905502146578e+18
1791487745058072398,12.208,1.5975,921.1,70.7932040582392,19.459999999999997,51.8212242667699,12.315864081164785,1.7914807418837727e+18,1.7914905634433155e+18
1791487745325050413,12.208,1.65,1172.55,70.7876590794238,19.0575,51.81462931722436,12.315753181588477,1.791480710931513e+18,1.791490576826177e+18
1791487745725841690,12.224,1.65,301.525,70.78534961770798,18.584999999999997,51.81032274133287,12.31570699235416,1.7914806796661422e+18,1.7914905903417293e+18
1791487745993114304,12.22,1.5675,920.175,70.78173274094367,18.584999999999997,51.80649844089231,12.315634654818874,1.7914806480936648e+18,1.7914906039870147e+18
1791487746193565845,12.232,1.5975,1169.75,70.78104528975516,18.13,51.8049287303405,12.315620905795104,1.7914806162349358e+18,1.7914906177523085e+18
1791487746594191784,12.236,1.5825,894.075,70.78063062962386,17.045,51.80258446835807,12.315612612592478,1.7914805840512381e+18,1.7914906316547164e+18
1791487747395661900,12.256,1.5975,152.275,70.78234457428223,15.995000000000001,51.79689316556326,12.315646891485645,1.7914805511658726e+18,1.7914906458555272e+18
1791487747662922879,12.26,1.615,1418.15,70.78620077171392,15.540000000000001,51.7954039436687,12.315724015434279,1.7914805178003832e+18,1.7914906602578803e+18
1791487747930028807,12.268,1.5825,1051.05,70.79357669176457,15.1725,51.80135631323233,12.315871533835292,1.791480484046085e+18,1.7914906748216433e+18
1791487748330969446,12.272,1.615,1569.15,70.79861281051903,15.1725,51.7973046389861,12.315972256210381,1.7914804498865544e+18,1.7914906895549225e+18
1791487748597978437,12.276,1.615,1511.85,70.80498280795594,14.665000000000001,51.79542558330693,12.31609965615912,1.7914804155280832e+18,1.791490704368406e+18
1791487748864713548,11.156,25.2175,1337.0,70.81225858452578,14.665000000000001,51.785144834623985,12.316245171690516,1.7914803810739868e+18,1.7914907192180004e+18
1791487749332295297,10.036,44.8675,446.4,70.80908782215934,15.924999999999999,51.775047251770154,12.316181756443187,1.7914803464645612e+18,1.791490734133057e+18
1791487749733013082,10.008,45.7825,1362.3,70.80461867482713,15.924999999999999,51.76100936392338,12.316092373496543,1.7914803116691612e+18,1.7914907491265175e+18
1791487751136285852,10.2,41.0825,622.875,70.80219037976832,19.145,51.749389632892886,12.316043807595367,1.7914802766528067e+18,1.7914907642160335e+18
1791487751403477773,10.176,42.265,262.45,70.79833383208508,19.6875,51.733394670720315,12.315966676641702,1.7914802415081362e+18,1.791490779359021e+18
1791487751871167628,10.336,38.135,805.825,70.79755004646805,20.4925,51.72654941911323,12.315951000929362,1.791480206327716e+18,1.7914907945153871e+18
1791487752272084977,10.248,40.3,820.775,70.82055775647127,20.8425,51.73016553140121,12.316411155129426,1.7914801713924403e+18,1.7914908095578808e+18
1791487752539183029,10.392,36.3,866.4,70.83429834610556,21.1575,51.734591304443505,12.316685966922112,1.7914801366813417e+18,1.7914908244980751e+18
1791487753006727856,10.456,35.5975,1005.625,70.85832139949753,21.665000000000003,51.74558328390305,12.317166427989951,1.7914801022404093e+18,1.7914908393137329e+18
1791487753273851455,10.432,34.6175,1430.5,70.87706474300333,21.98,51.76265403473574,12.317541294860067,1.791480068118e+18,1.7914908539847557e+18
1791487753674728475,10.584,32.5,1088.725,70.88230406774149,22.3475,51.76438172582776,12.31764608135483,1.7914800342073436e+18,1.7914908685617702e+18
1791487753941922982,10.636,31.08,45.725,70.89406927826418,22.522499999999997,51.77220633888285,12.317881385565284,1.791480000523795e+18,1.791490883035858e+18
1791487754209119157,10.928,24.98,139.525,70.89004226594885,22.715,51.77160620501632,12.317800845318978,1.7914799670326326e+18,1.7914908974266468e+18
1791487754609490505,10.868,27.315,425.775,70.88855931156999,23.1175,51.77278106010603,12.3177711862314,1.7914799335967245e+18,1.7914909117923965e+18
1791487755143492735,10.948,25.2675,688.5,70.88643410401126,23.4675,51.77081534493391,12.317728682080226,1.7914799002200993e+18,1.7914909261320573e+18
1791487755544321638,10.96,25.4,462.725,70.88778643653713,23.6425,51.766740049865554,12.317755728730743,1.7914798670281897e+18,1.79149094039078e+18
1791487755811522020,10.88,26.1825,1412.1,70.88549206755806,23.747500000000002,51.76672720320267,12.317709841351162,1.7914798339897585e+18,1.7914909545822351e+18
1791487756078836798,10.888,26.535,1032.575,70.88591692553175,23.905,51.76525266844855,12.317718338510636,1.7914798010578918e+18,1.7914909687258401e+18
1791487756345965036,10.86,27.0325,1512.75,70.88439272270939,24.1675,51.764889577285224,12.317687854454189,1.791479768318414e+18,1.791490982785428e+18
1791487756746280308,10.796,27.6175,1339.725,70.88239990030719,24.185000000000002,51.76495910139288,12.317647998006144,1.7914797357961208e+18,1.7914909967515046e+18
1791487757013244416,10.824,27.815,811.7,70.8809136059221,24.255,51.766315074236466,12.317618272118443,1.791479703446254e+18,1.7914910106425674e+18
1791487757213740903,10.844,27.5475,838.7,70.88180408604491,24.2375,51.76390221359645,12.317636081720899,1.791479671358198e+18,1.7914910244194478e+18
1791487757614436208,10.844,27.4825,921.1,70.88347813532978,24.290000000000003,51.759267617889975,12.317669562706596,1.7914796394877527e+18,1.7914910381011195e+18
1791487757881605151,10.816,27.85,1172.55,70.88357678437792,24.272499999999997,51.7577737681543,12.317671535687559,1.7914796078051896e+18,1.791491051700374e+18
1791487758282431419,10.852,27.6825,301.525,70.88473870574157,24.3425,51.75554209128924,12.317694774114832,1.7914795763360822e+18,1.7914910652068462e+18
1791487758749482235,10.796,27.935,920.175,70.88386736864604,24.395,51.756032649770965,12.317677347372921,1.7914795438146468e+18,1.7914910791599706e+18
1791487759217120484,10.824,27.6325,1169.75,70.90661854173382,24.412499999999998,51.773919423958866,12.318132370834677,1.791479510962214e+18,1.791491093244348e+18
1791487759484113687,12.096,1.5325,292.975,70.8959793418307,24.4475,51.7679238756638,12.317919586836615,1.7914794775973875e+18,1.7914911075481403e+18
1791487759751402816,12.124,1.5325,894.075,70.8898534462574,24.272499999999997,51.764446972554445,12.317797068925149,1.791479443519154e+18,1.7914911221554153e+18
1791487760219134394,12.144,1.5175,1090.1,70.88387157094125,24.01,51.76106074586078,12.317677431418826,1.7914794090585756e+18,1.791491136925905e+18
1791487760486241898,12.164,1.615,49.9,70.88059507530475,23.852500000000003,51.759186733235765,12.317611901506096,1.7914793741228273e+18,1.7914911518974845e+18
1791487760886346441,12.168,1.615,152.275,70.87639093342418,23.7825,51.75681808272173,12.317527818668484,1.7914793383606323e+18,1.7914911672198042e+18
1791487761153531281,12.18,1.5475,464.7,70.87022350039395,23.66,51.75338441775799,12.31740447000788,1.7914793019190533e+18,1.7914911828305065e+18
1791487761621070881,12.196,1.65,1418.15,70.86906782129894,23.485,51.752711263886326,12.31738135642598,1.7914792644292795e+18,1.7914911988851996e+18
1791487761888363900,12.2,1.5475,1051.05,70.86605228819003,23.1525,51.75101695650161,12.317321045763801,1.7914792260838973e+18,1.791491215302214e+18
1791487762289280877,12.212,1.65,1569.15,70.86339739753755,22.9075,51.74955603028692,12.317267947950752,1.7914791869122222e+18,1.7914912320694758e+18
1791487762489518885,12.216,1.5325,1511.85,70.86165860252142,22.715,51.74857644297061,12.317233172050429,1.7914791470177638e+18,1.791491249141456e+18
1791487762956458698,12.22,1.5475,1337.0,70.85724362613836,22.645,51.74617264246666,12.317144872522768,1.7914791060157363e+18,1.7914912666834004e+18
1791487763223590898,12.224,1.5175,803.4,70.85276346202363,22.3825,51.74374099816676,12.317055269240473,1.7914790641157292e+18,1.791491284605854e+18
1791487763424052489,12.232,1.615,813.375,70.84952271368657,22.1725,51.74201132472382,12.316990454273732,1.7914790212156221e+18,1.7914913029511165e+18
1791487763624437720,12.24,1.6325,843.8,70.84811217679741,21.875,51.74126958412322,12.316962243535949,1.791478977377612e+18,1.7914913216920008e+18
1791487764025371603,12.236,1.615,936.65,70.84423771850855,21.525000000000002,51.7391994649022,12.316884754370172,1.7914789326754516e+18,1.791491340798629e+18
1791487764893140001,12.244,1.5475,1220.025,70.84051576388013,21.175,51.73721387931915,12.316810315277603,1.791478887101123e+18,1.7914913602761526e+18
1791487765093501472,12.248,1.5975,446.4,70.83850973507147,21.0,51.73616252488589,12.31677019470143,1.791478840597706e+18,1.791491380145856e+18
1791487765293965063,12.252,1.5325,1362.3,70.83404875147997,20.8075,51.733792660822374,12.3166809750296,1.79147879319054e+18,1.7914914003980027e+18
1791487765761543375,12.26,1.5975,880.6,70.83748381962785,20.8075,51.740021289554534,12.316749676392558,1.791478744926768e+18,1.7914914210098793e+18
1791487766162473358,12.256,1.5475,1048.975,70.84131330170703,20.545,51.74814333192414,12.316826266034141,1.7914786959187635e+18,1.7914914419336963e+18
1791487766629682122,12.26,1.6325,1562.8,70.84674338519389,20.3,51.75362407308429,12.316934867703878,1.791478646202923e+18,1.7914914631531359e+18
1791487767030125087,12.268,1.6325,1492.475,70.86588902286806,20.002499999999998,51.76396609134815,12.317317780457362,1.791478596034077e+18,1.7914914845543506e+18
1791487767297156031,12.272,1.5975,1277.85,70.88178252693041,19.635,51.77257925382558,12.317635650538609,1.7914785454122685e+18,1.7914915061385702e+18
1791487768165500884,12.272,1.615,622.875,70.89302061172658,19.337500000000002,51.77867180421966,12.317860412234532,1.7914784941611587e+18,1.7914915279837944e+18
1791487768432466177,12.272,1.5975,262.45,70.90353410052835,19.005,51.78436670116987,12.318070682010568,1.791478442364908e+18,1.7914915500525404e+18
1791487768632587590,12.276,1.5975,800.925,70.91385470243645,19.005,51.789971748824954,12.31827709404873,1.7914783899858596e+18,1.791491572361146e+18
1791487768899475065,12.276,1.5975,805.825,70.92131552610945,18.6725,51.79403791907694,12.31842631052219,1.7914783369923146e+18,1.7914915949242788e+18
1791487769166366227,12.284,1.5975,820.775,70.93459224872001,18.3925,51.801206476749606,12.318691844974401,1.7914782834709588e+18,1.7914916177026132e+18
1791487769566671031,12.28,1.665,866.4,70.94420839708577,18.235,51.80634804983484,12.318884167941716,1.7914782293391962e+18,1.7914916407324864e+18
1791487769833924787,12.28,1.73,1005.625,70.95459380540417,18.025000000000002,51.81131089943776,12.319091876108084,1.7914781746198518e+18,1.7914916640033833e+18
1791487770101215675,11.296,21.45,1430.5,70.96126105494596,18.025000000000002,51.814677602115545,12.31922522109892,1.7914781191984814e+18,1.7914916875658196e+18
1791487770501902417,10.888,30.4475,1088.725,70.96500882822275,17.745,51.80226893187113,12.319300176564456,1.7914780629971965e+18,1.7914917114540728e+18
1791487770768690889,10.28,41.95,45.725,70.96012472672777,17.9725,51.77522670193405,12.319202494534556,1.7914780059213524e+18,1.7914917357107727e+18
1791487771035529549,10.172,42.8,139.525,70.95682160737046,18.3225,51.76079584899375,12.31913643214741,1.7914779480327089e+18,1.7914917603090463e+18
1791487771436311646,10.328,38.965,425.775,70.95618585989321,18.7425,51.75685855794708,12.319123717197865,1.7914778893544077e+18,1.7914917852383462e+18
1791487771636634661,10.348,39.3325,1299.35,70.95350038590621,19.022499999999997,51.74211782878953,12.319070007718125,1.791477829803275e+18,1.791491810534495e+18
1791487771903857431,10.236,40.865,688.5,70.95094543729797,19.215,51.73073575395419,12.31901890874596,1.7914777694267412e+18,1.7914918361777144e+18
1791487772171112839,10.32,38.8675,462.725,70.94922072395339,19.495,51.723704827139066,12.318984414479068,1.7914777081420262e+18,1.7914918622019896e+18
1791487772638448911,10.32,38.8475,1412.1,70.94848572342441,19.495,51.72053432450183,12.318969714468489,1.7914776459626865e+18,1.7914918886017006e+18
1791487773105652744,10.248,39.6475,1032.575,70.94870301168504,19.810000000000002,51.72204943354214,12.318974060233701,1.7914775825665303e+18,1.7914919155127923e+18
1791487773572950869,10.232,40.6325,1512.75,70.97904390920478,20.212500000000002,51.736383259017515,12.319580878184096,1.7914775188670922e+18,1.791491942535623e+18
1791487773840246717,10.272,40.1825,1339.725,71.00273258913921,20.405,51.74495379952364,12.320054651782785,1.7914774546325281e+18,1.791491969771038e+18
1791487774508301763,10.372,37.4825,838.7,71.02314565058776,20.9475,51.75699592803914,12.320462913011756,1.7914773898075492e+18,1.791491997244612e+18
1791487774908652114,10.38,38.015,921.1,71.03203562019898,21.385,51.75275972455959,12.32064071240398,1.7914773242111089e+18,1.7914920250364275e+18
1791487775108977808,10.396,37.3175,1172.55,71.03169721874288,21.5775,51.75000520725403,12.320633944374858,1.7914772573370642e+18,1.7914920533646825e+18
1791487775376251281,10.516,34.4825,301.525,71.03199662250191,22.295,51.744752268440365,12.320639932450039,1.7914771896351718e+18,1.7914920820385915e+18
1791487775776918498,10.496,34.915,920.175,71.0310233305355,22.400000000000002,51.739364691561924,12.32062046661071,1.7914771208359232e+18,1.7914921111725673e+18
1791487776044203928,10.504,35.335,1169.75,71.03115910419325,22.662499999999998,51.72719203339128,12.320623182083866,1.791477051088435e+18,1.7914921407030262e+18
1791487776444931233,10.568,33.1,292.975,71.0304091273448,22.855,51.729755482617065,12.320608182546897,1.7914769802807506e+18,1.7914921706782774e+18
1791487776845236059,10.616,32.6975,894.075,71.02992082721194,23.099999999999998,51.72939733940393,12.32059841654424,1.7914769084776e+18,1.791492201069964e+18
1791487777245833094,10.42,37.3,1090.1,71.02961155883419,23.2575,51.72614956791958,12.320592231176684,1.791476835891097e+18,1.7914922317881915e+18
1791487777446270597,10.492,35.5825,49.9,71.02975507478646,23.502499999999998,51.72574832532164,12.32059510149573,1.7914767623938368e+18,1.791492262886486e+18
1791487777713347816,10.42,36.8675,152.275,71.02929062296742,23.765,51.71985131352725,12.320585812459349,1.7914766879219768e+18,1.791492294391966e+18
1791487778114131718,10.704,30.8475,464.7,71.02853291380178,23.905,51.71652900544538,12.320570658276036,1.7914766124180198e+18,1.791492326329645e+18
1791487778381405876,10.72,31.3175,1418.15,71.0288039009958,24.0275,51.7117231183789,12.320576078019917,1.7914765357419515e+18,1.7914923587580186e+18
1791487778581588653,10.58,33.6475,1051.05,71.02881049643777,24.255,51.70499164633221,12.320576209928756,1.791476457886179e+18,1.7914923916801157e+18
1791487778982022266,10.648,32.585,1569.15,71.02895576543523,24.377499999999998,51.70325075117151,12.320579115308705,1.7914763788084667e+18,1.791492425114206e+18
1791487779382971727,10.644,32.6825,1511.85,71.02912954062191,24.4825,51.69910848660528,12.320582590812439,1.791476298578041e+18,1.7914924590309082e+18
1791487779650036525,10.66,31.185,1337.0,71.0280948534101,24.57,51.703395133183975,12.320561897068202,1.7914762164451594e+18,1.791492493747131e+18
1791487779917352481,10.676,31.95,803.4,71.02870207714814,24.605,51.69735482627618,12.320574041542963,1.7914761325214717e+18,1.7914925292139156e+18
1791487780318137124,10.676,31.98,813.375,71.0289577470794,24.9375,51.69504475487176,12.320579154941589,1.7914760468018655e+18,1.7914925654337684e+18
1791487780519811380,10.692,30.8675,843.8,71.02829315146904,25.0075,51.696954866606106,12.320565863029382,1.7914759591533652e+18,1.7914926024631043e+18
1791487780787518077,10.708,30.235,936.65,71.02689223211776,25.165000000000003,51.701736788563686,12.320537844642356,1.791475869552831e+18,1.7914926403123515e+18
1791487781185800386,10.748,30.115,1220.025,71.02731056883512,25.287499999999998,51.69700052397969,12.320546211376703,1.791475777541898e+18,1.7914926791744292e+18
1791487781452977251,10.756,29.4675,446.4,71.02662857280774,25.375,51.69673292985198,12.320532571456155,1.791475683169817e+18,1.7914927190284657e+18
1791487781653372950,10.812,28.785,1362.3,71.02640123792774,25.62,51.69458115320191,12.320528024758556,1.7914755870342804e+18,1.7914927596214316e+18
1791487782054196557,10.772,28.915,880.6,71.05800475780056,25.6725,51.71606759968072,12.321160095156012,1.7914754903335667e+18,1.7914928004318833e+18
1791487782321392431,11.128,21.0325,1048.975,71.07310504180572,25.7075,51.73121158366177,12.321462100836115,1.7914753925210906e+18,1.7914928416981642e+18
1791487782721864981,12.08,1.5975,1562.8,71.06167617699447,25.62,51.7248340517296,12.32123352353989,1.7914752922766833e+18,1.79149288399117e+18
1791487782988595170,12.116,1.5825,1492.475,71.05316973457255,25.375,51.72003248348596,12.321063394691452,1.7914751905570665e+18,1.7914929269050632e+18
1791487783188929503,12.14,1.5825,1277.85,71.04735270687293,25.095,51.71673042935701,12.32094705413746,1.7914750882400013e+18,1.7914929700658703e+18
1791487783589799930,12.156,1.5975,622.875,71.04285724265765,24.78,51.71418072880876,12.320857144853154,1.7914749825433695e+18,1.791493014648566e+18
1791487783990650154,12.168,1.615,262.45,71.03933697649961,24.5,51.71218109824707,12.320786739529993,1.7914748736683707e+18,1.7914930605683863e+18
1791487784257945103,12.184,1.615,800.925,71.03619713963897,24.272499999999997,51.71039476971126,12.32072394279278,1.7914747623899994e+18,1.7914931074964984e+18
1791487784458336920,12.192,1.5675,805.825,71.03296462733216,23.87,51.70854870989377,12.320659292546644,1.7914746484740367e+18,1.7914931555313692e+18
1791487784858567004,12.192,1.5325,820.775,71.02861696022138,23.555,51.706095723370275,12.320572339204428,1.7914745319392998e+18,1.791493204665984e+18
1791487785259479778,12.204,1.5975,866.4,71.02422791885752,23.38,51.7036679415395,12.320484558377151,1.7914744126530642e+18,1.791493254957174e+18
1791487785660322921,12.208,1.5975,1005.625,71.02049506695724,23.0475,51.70160339598582,12.320409901339145,1.791474290364415e+18,1.7914933065098765e+18
1791487785860681428,12.216,1.5825,1430.5,71.017475487203,22.785,51.69993768321192,12.32034950974406,1.7914741651430927e+18,1.791493359293848e+18
1791487786127831859,12.176,2.4325,1088.725,71.01523111354362,22.505,51.69874914753407,12.320304622270873,1.791474037081398e+18,1.791493413269719e+18
1791487786528514992,12.1,2.9475,45.725,71.00258092812959,22.505,51.69214135625133,12.320051618562593,1.7914739056901394e+18,1.7914934686497495e+18
1791487786795326738,11.32,20.4825,139.525,71.00664072422606,22.2775,51.69060785432898,12.320132814484522,1.7914737713903142e+18,1.7914935252454144e+18
1791487786995445023,11.488,15.765,425.775,71.0044574788676,22.102500000000003,51.6907288620856,12.320089149577353,1.7914736339008591e+18,1.7914935831782397e+18
1791487787195900132,11.1,24.0,1299.35,71.00815482181424,22.1375,51.70259492322886,12.320163096436286,1.7914734932832448e+18,1.7914936424186557e+18
1791487787797140987,10.908,26.95,1412.1,71.01452888090724,22.2075,51.72459024117456,12.320290577618145,1.7914733496033654e+18,1.7914937029380733e+18
1791487788064316358,12.152,1.4625,1512.75,70.9979710177186,22.435000000000002,51.71855254669347,12.319959420354373,1.7914732018507494e+18,1.7914937651757123e+18
1791487788264803916,12.172,1.5325,1339.725,70.98738336272231,22.1725,51.719598826070396,12.319747667254447,1.7914730501084948e+18,1.7914938290923459e+18
1791487788665232445,12.184,1.5825,811.7,70.97835057834361,22.015,51.718248995062396,12.319567011566873,1.7914728942389752e+18,1.7914938947458337e+18
1791487789065582642,12.196,1.5325,838.7,70.9695322832453,21.84,51.71244061217532,12.319390645664907,1.7914727343319173e+18,1.7914939620972513e+18
1791487789332874482,12.204,1.4825,921.1,70.96396179847993,21.525000000000002,51.71358137873947,12.3192792359696,1.791472570260548e+18,1.7914940311982802e+18
1791487789733601260,12.208,1.5675,1172.55,70.98059590683981,20.825,51.72257409190904,12.319611918136797,1.7914724028250127e+18,1.7914941016982354e+18
1791487790334862129,12.228,1.5175,920.175,70.99820864910312,18.3575,51.73215327530932,12.319964172982063,1.7914722318136412e+18,1.791494173685226e+18
1791487790535080165,12.228,1.4975,1169.75,71.01126881852815,17.8675,51.7392056381216,12.320225376370564,1.7914720571481782e+18,1.791494247192522e+18
1791487790801905320,12.236,1.5675,292.975,71.0215131939928,17.8675,51.744761606168986,12.320430263879857,1.7914718784081213e+18,1.79149432239863e+18
1791487791135862366,12.24,1.5675,894.075,71.02721448682139,17.3425,51.74783268955112,12.320544289736429,1.7914716945845693e+18,1.791494399730967e+18
1791487791403138487,12.244,1.5825,1090.1,71.033950217324,17.01,51.7514921162406,12.32067900434648,1.7914715052171254e+18,1.7914944793828577e+18
1791487791803963654,12.252,1.5825,49.9,71.03933491617454,17.01,51.75443369572171,12.320786698323491,1.7914713096236442e+18,1.7914945616426028e+18
1791487792071184013,12.252,1.5675,152.275,71.0431754450826,16.537499999999998,51.756537434904224,12.320863508901652,1.7914711083049254e+18,1.791494646298452e+18
1791487792271621415,12.256,1.615,464.7,71.04613147460331,16.0475,51.75817710032852,12.320922629492067,1.79147090128949e+18,1.7914947333387064e+18
1791487792672135166,12.264,1.5175,1051.05,71.0490341702436,15.680000000000001,51.75980267070494,12.320980683404873,1.7914706891144494e+18,1.7914948225362808e+18
1791487793072447313,12.268,1.5675,1569.15,71.05119939349639,15.19,51.76102991910254,12.321023987869928,1.7914704718667095e+18,1.791494913854563e+18
1791487795610216807,10.288,40.6975,820.775,71.04232413981214,13.265,51.746028897319064,12.320846482796243,1.7914702485544328e+18,1.791495007723646e+18
1791487795810537386,10.148,42.6025,866.4,71.0337643871523,14.174999999999999,51.73677065400557,12.320675287743047,1.7914700197332626e+18,1.7914951039041935e+18
1791487796678573212,9.952,46.935,139.525,71.02269097961445,17.0275,51.72128712276339,12.32045381959229,1.7914697855260495e+18,1.79149520234578e+18
1791487797346012596,9.928,46.85,1299.35,71.01598999230256,17.6575,51.713393449609555,12.320319799846052,1.7914695457239409e+18,1.7914953031349012e+18
1791487797746806472,9.996,45.7475,688.5,71.01789241128306,18.2,51.70809635991213,12.320357848225662,1.7914693010672422e+18,1.7914954059522045e+18
1791487798013853136,10.04,44.9325,462.725,71.01569954520829,18.724999999999998,51.70050897166076,12.320313990904166,1.791469051765282e+18,1.7914955107109274e+18
1791487798214311092,10.08,43.8975,1412.1,71.01395412400827,19.2675,51.69535205382839,12.320279082480166,1.7914687975940262e+18,1.7914956175044936e+18
1791487798614687936,10.136,42.4,1032.575,71.0132799850224,19.7575,51.69260471621377,12.320265599700448,1.7914685381583795e+18,1.791495726499984e+18
1791487799015224381,11.228,17.635,1512.75,70.99652643075201,20.212500000000002,51.697373376727185,12.319930528615041,1.7914682721810836e+18,1.7914958382469018e+18
1791487799215696180,12.028,2.4825,1339.725,70.96433645869799,20.334999999999997,51.67636557637545,12.31928672917396,1.7914679983403686e+18,1.7914959533129536e+18
1791487799482894990,12.064,2.3,811.7,70.94036934605937,19.985,51.667562599084484,12.318807386921188,1.7914677171127304e+18,1.7914960714911741e+18
1791487799883686553,12.104,1.865,838.7,70.92044762499768,19.9675,51.662297031078566,12.318408952499954,1.791467428941468e+18,1.7914961925918991e+18
1791487800084146922,12.084,2.6,921.1,70.9012870152902,19.9325,51.65052722685288,12.318025740305805,1.7914671333160653e+18,1.7914963168298734e+18
1791487800351292226,11.376,17.0,1172.55,70.89688715928685,20.002499999999998,51.65597657535043,12.317937743185738,1.791466831694809e+18,1.7914964435793367e+18
1791487800751493834,11.98,3.63,301.525,70.87157569188285,20.002499999999998,51.64647872127315,12.317431513837658,1.7914665216169428e+18,1.7914965738934113e+18
1791487801151878170,11.28,19.6825,920.175,70.8721491231217,20.16,51.65421911226734,12.317442982462435,1.7914662056247695e+18,1.7914967066801556e+18
1791487801352365588,11.304,18.48,1169.75,70.86990640987716,20.23,51.66440196296348,12.317398128197544,1.7914658834250813e+18,1.7914968420654996e+18
1791487801552720857,11.088,23.2,292.975,70.90396784314714,20.4225,51.68487625078859,12.318079356862944,1.79146555809187e+18,1.7914969787246587e+18
1791487801819970240,11.1,22.4825,894.075,70.92750763617869,20.58,51.70172506957991,12.318550152723574,1.7914652287987525e+18,1.7914971170133135e+18
1791487802220750052,10.768,29.9325,1090.1,70.94908111239268,20.7375,51.71393042623678,12.318981622247854,1.7914648955703754e+18,1.7914972569216133e+18
1791487802487595501,11.868,4.95,49.9,70.93418894999999,20.9475,51.70759455411123,12.318683779,1.7914645553303222e+18,1.7914973997739446e+18
1791487802687748300,10.556,34.965,152.275,70.93914415158017,21.0,51.702487344808496,12.318782883031604,1.7914642098671524e+18,1.7914975447998897e+18
1791487803088490626,10.392,38.2325,464.7,70.94124852259246,21.07,51.69315137956139,12.31882497045185,1.7914638588563277e+18,1.7914976921385152e+18
1791487803422587971,10.436,37.185,1418.15,70.9443932050326,21.209999999999997,51.686898950469285,12.318887864100653,1.79146350240628e+18,1.7914978417426616e+18
1791487803622953552,10.376,37.765,1051.05,70.94428628567327,21.314999999999998,51.68831707971042,12.318885725713466,1.791463140332862e+18,1.7914979936932447e+18
1791487803823335582,10.412,36.9825,1569.15,70.94412116036189,21.49,51.68502022938516,12.318882423207238,1.7914627721417285e+18,1.791498148198264e+18
1791487804023777633,10.456,36.165,1511.85,70.94391184985909,21.6125,51.681549318813055,12.318878236997183,1.7914623976569216e+18,1.7914983053313405e+18
1791487804224214277,10.46,35.8,1337.0,70.94474504834707,21.805,51.6791188566394,12.318894900966942,1.7914620177089736e+18,1.7914984647387643e+18
1791487804424678242,10.48,35.9325,803.4,70.94413193727353,21.945,51.67098597580498,12.318882638745471,1.7914616318564403e+18,1.7914986266087852e+18
1791487804624812722,10.476,35.65,813.375,70.9440519392057,22.1375,51.66696685155299,12.318881038784115,1.7914612404841492e+18,1.7914987907800282e+18
1791487804825160110,10.512,34.915,843.8,70.94400958747593,22.2775,51.6653074069722,12.31888019174952,1.7914608431628767e+18,1.7914989574329964e+18
1791487805025280215,10.732,29.9475,936.65,70.94295605318058,22.505,51.66587760491532,12.318859121063612,1.7914604395130033e+18,1.791499126727903e+18
1791487805225615038,12.044,1.335,1220.025,70.90309777269395,22.662499999999998,51.64106418536219,12.31806195545388,1.7914600239980268e+18,1.7914993010305477e+18
1791487805426001630,12.096,1.5175,446.4,70.8754830220389,22.662499999999998,51.622565478088774,12.317509660440779,1.7914595979341652e+18,1.791499479775625e+18
1791487805826756078,12.124,1.5325,1362.3,70.85358097405077,22.505,51.60901863142836,12.317071619481016,1.7914591618323901e+18,1.7914996627432732e+18
1791487806227442347,12.144,1.615,880.6,70.85651791718809,22.3825,51.6046271066609,12.317130358343762,1.7914587193178394e+18,1.7914998483832663e+18
1791487806627808453,12.152,1.5475,1048.975,70.8642836377934,22.2425,51.60885438789998,12.317285672755869,1.7914582711630298e+18,1.7915000363668644e+18
1791487807028349718,12.168,1.5325,1562.8,70.86950806722123,22.05,51.61160210574823,12.317390161344425,1.7914578171065395e+18,1.7915002268062103e+18
1791487807362123811,12.176,1.5475,1492.475,70.87451459873114,21.787499999999998,51.61430646205304,12.317490291974623,1.791457357105268e+18,1.7915004197184044e+18
1791487807562738010,12.184,1.4975,1277.85,70.8761059580741,21.4725,51.6151424404777,12.317522119161483,1.7914568906354455e+18,1.7915006153272387e+18
1791487807763164244,12.192,1.5975,622.875,70.87911290050675,21.175,51.61654859116062,12.317582258010136,1.7914564189035438e+18,1.7915008131224525e+18
1791487807963451876,12.2,1.5475,262.45,70.88148637852478,21.0525,51.61689745896219,12.317629727570496,1.7914559409672666e+18,1.7915010134999498e+18
1791487808230635114,12.208,1.665,800.925,70.88518253310417,20.790000000000003,51.61893023689048,12.317703650662084,1.7914554578491046e+18,1.79150121602863e+18
1791487808564826590,12.212,1.615,805.825,70.885475572061,20.5275,51.61906218293073,12.31770951144122,1.791454968206873e+18,1.7915014212776443e+18
1791487808965176090,12.22,1.615,820.775,70.88699234687803,20.2825,51.61987213543001,12.317739846937561,1.7914544724891523e+18,1.7915016290569608e+18
1791487809365392166,12.22,1.5475,866.4,70.88723720117629,20.2825,51.619977976282556,12.317744744023527,1.7914539709266757e+18,1.7915018392711058e+18
1791487809765854749,12.228,1.5175,1005.625,70.88761453118673,19.915000000000003,51.62016352636265,12.317752290623735,1.7914534634955098e+18,1.7915020519296724e+18
1791487809966240718,12.236,1.5675,1430.5,70.88824176871469,19.564999999999998,51.62050579702616,12.317764835374295,1.7914529498106048e+18,1.7915022671931884e+18
1791487810300127160,12.236,1.5325,1088.725,70.88714573469275,19.215,51.61990218021312,12.317742914693856,1.7914524299034683e+18,1.7915024850508237e+18
1791487810500311225,12.244,1.615,45.725,70.88886011503399,18.935000000000002,51.620853237620445,12.31777720230068,1.7914519054597883e+18,1.7915027047903214e+18
1791487810701124834,12.244,1.4825,139.525,70.8881909459511,18.5675,51.62049284820645,12.317763818919023,1.7914513750871808e+18,1.7915029269995517e+18
1791487811101143264,12.244,1.5975,425.775,70.88939606301777,18.5675,51.62116474627631,12.317787921260356,1.7914508377224932e+18,1.7915031521219802e+18
1791487811301278599,12.252,1.6325,1299.35,70.89077247686129,18.3225,51.62194682843024,12.317815449537227,1.7914502928793032e+18,1.791503380360619e+18
1791487811501402604,12.252,1.6325,688.5,70.89102861839416,18.060000000000002,51.62211135903711,12.317820572367884,1.791449740616263e+18,1.7915036116921367e+18
1791487811701799947,12.26,1.6325,462.725,70.89186040728278,17.6925,51.622602877349046,12.317837208145656,1.7914491809241859e+18,1.7915038461191836e+18
1791487812035733757,12.256,1.5675,1412.1,70.89238942706613,17.6925,51.62292103344876,12.317847788541323,1.7914486131489656e+18,1.7915040839164508e+18
1791487812436395215,12.26,1.5675,1032.575,70.89106188158334,17.377499999999998,51.6222425766451,12.317821237631668,1.7914480360863606e+18,1.7915043255916332e+18
1791487812836694279,12.264,1.5975,1512.75,70.88940335724033,17.08,51.62135721451951,12.317788067144807,1.791447449400545e+18,1.7915045712857423e+18
1791487813037037410,12.268,1.6325,1339.725,70.88875116628353,16.8,51.62101625416046,12.317775023325671,1.7914468529890698e+18,1.7915048210394184e+18
1791487813237414902,12.272,1.5975,811.7,70.89805434078194,16.8,51.62610227875204,12.31796108681564,1.791446250010471e+18,1.7915050735098322e+18
1791487813437815088,12.272,1.5975,838.7,70.9001770662902,16.52,51.63275734654768,12.318003541325805,1.7914456396810266e+18,1.7915053290365873e+18
1791487813638212326,12.276,1.7,921.1,70.91211722071058,16.3275,51.63708904901329,12.318242344414212,1.7914450243280753e+18,1.7915055866269066e+18
1791487813972308155,12.276,1.5975,1172.55,70.92704567795047,16.3275,51.66265960977482,12.31854091355901,1.791444405820988e+18,1.7915058454911432e+18
1791487814373197411,12.28,1.615,301.525,70.93810422761847,16.1525,51.677045692228525,12.31876208455237,1.7914437796416632e+18,1.7915061075308895e+18
1791487814773439678,12.28,1.5675,920.175,70.9478456272781,15.959999999999999,51.68742152254113,12.318956912545563,1.7914431453781386e+18,1.791506372920034e+18
1791487814973692949,12.28,1.5975,1169.75,70.98617183212087,15.959999999999999,51.70863419862214,12.319723436642418,1.7914425151533632e+18,1.791506636524547e+18
1791487815174152542,12.04,6.6825,292.975,71.01584617076291,15.662499999999998,51.723710794995334,12.320316923415259,1.7914418863902385e+18,1.7915068994374781e+18
1791487815374631702,10.964,28.265,894.075,71.03484217405924,15.540000000000001,51.72375461793943,12.320696843481185,1.7914412558079252e+18,1.7915071630505016e+18
1791487815574984898,10.244,43.735,1090.1,71.03685509571899,15.540000000000001,51.69543507258293,12.32073710191438,1.7914406157034586e+18,1.7915074306221484e+18
1791487815908851891,10.628,33.865,49.9,71.03882360994928,15.995000000000001,51.68823266698138,12.320776472198986,1.7914399689565156e+18,1.7915077009450273e+18
1791487816309796978,10.624,32.985,152.275,71.04018611823716,16.52,51.694125805805335,12.320803722364744,1.791439312797689e+18,1.791507975181585e+18
1791487816710142787,10.156,43.3325,464.7,71.03868003494344,16.905,51.6892164804142,12.32077360069887,1.7914386460176412e+18,1.791508253844036e+18
1791487816910348310,10.032,45.7325,1418.15,71.03382704247724,16.905,51.6748483753076,12.320676540849545,1.7914379686560955e+18,1.7915085369215685e+18
1791487817110824113,10.084,44.13,1051.05,71.0350810897001,17.22,51.67822263452594,12.320701621794003,1.7914372818561812e+18,1.7915088239229391e+18
1791487817311282165,10.22,41.385,1569.15,71.034955910544,17.675,51.677045000287976,12.32069911821088,1.791436585847293e+18,1.7915091147529994e+18
1791487817511775016,10.292,39.2325,1511.85,71.03418842619298,18.0075,51.67366718087422,12.32068376852386,1.7914358786996319e+18,1.7915094102210365e+18
1791487817845857151,10.08,44.685,1337.0,71.05781522015853,18.147499999999997,51.6703408469308,12.321156304403171,1.79143517322372e+18,1.791509704911111e+18
1791487818246753671,10.156,41.1675,803.4,71.08692293487947,18.305,51.69176952593034,12.32173845869759,1.7914344722593577e+18,1.7915099976207485e+18
1791487818647137281,10.236,39.8175,813.375,71.11061894760418,18.6725,51.70851336783904,12.322212378952084,1.7914337768411779e+18,1.7915102879255923e+18
1791487819047822881,10.252,39.915,843.8,71.12767724197776,19.0575,51.71868564231619,12.322553544839556,1.7914330830514086e+18,1.7915105774782894e+18
1791487819448627905,10.196,40.5975,936.65,71.14680101190592,19.810000000000002,51.7325419800519,12.322936020238119,1.7914323913612695e+18,1.7915108660759956e+18
1791487819649053382,10.324,38.2675,1220.025,71.1460592147258,19.810000000000002,51.73761087649629,12.322921184294517,1.791431692567857e+18,1.791511157616154e+18
1791487819849536159,10.232,40.465,446.4,71.14726065321254,19.705,51.735428807407644,12.322945213064251,1.7914309542089021e+18,1.7915114656861596e+18
1791487820183642081,10.256,40.015,1362.3,71.14650740079752,20.02,51.73033652880914,12.322930148015951,1.791430202256151e+18,1.7915117794125522e+18
1791487820384111450,10.308,39.1825,880.6,71.14627522983551,20.37,51.728994394081546,12.32292550459671,1.7914294539589245e+18,1.791512091572219e+18
1791487820717692263,10.364,38.0325,1048.975,71.14480360215855,20.650000000000002,51.72035105912649,12.322896072043172,1.7914287083502646e+18,1.7915124025720694e+18
1791487820984483107,10.444,35.5825,1562.8,71.14466490976373,20.9475,51.72322865051159,12.322893298195275,1.7914279717607342e+18,1.7915127097610972e+18
1791487821184742314,10.364,37.685,1492.475,71.1452458101548,21.2975,51.726146631906516,12.322904916203097,1.7914272492104627e+18,1.7915130110364268e+18
1791487821385069734,10.46,35.6325,1277.85,71.14655597573963,21.4725,51.733781106907806,12.322931119514793,1.7914265404881283e+18,1.7915133064848717e+18
1791487821585541257,10.524,34.4825,622.875,71.14768940035442,21.787499999999998,51.740197783822325,12.322953788007089,1.7914258457102513e+18,1.7915135960604375e+18
1791487821786001217,10.528,34.7,262.45,71.14866015024857,21.9275,51.74457827651347,12.322973203004972,1.791425163790185e+18,1.7915138802183777e+18
1791487822119938022,10.548,33.85,800.925,71.1483575052683,22.3125,51.745904337229696,12.322967150105367,1.7914244866523412e+18,1.7915141623436582e+18
1791487822520557733,10.54,33.8325,805.825,71.1481292334107,22.522499999999997,51.74761646521071,12.322962584668215,1.7914238147718874e+18,1.7915144422366374e+18
1791487822920851184,10.612,32.85,820.775,71.14794201401196,22.645,51.74801915930602,12.32295884028024,1.7914231414946115e+18,1.7915147226833326e+18
1791487823121310400,10.604,33.3175,866.4,71.14808989351643,22.7325,51.749752834502935,12.32296179787033,1.7914224689250373e+18,1.7915150028008271e+18
1791487823455407439,10.616,32.05,1005.625,71.14743046140475,22.872500000000002,51.754425438312424,12.322948609228096,1.7914217966736036e+18,1.7915152827559048e+18
1791487823655797172,10.612,32.865,1430.5,71.14928863718067,22.9075,51.74868410965928,12.322985772743614,1.7914211228785285e+18,1.791515563320194e+18
1791487823923066486,10.664,30.65,1088.725,71.14789018048437,22.925,51.75375795494561,12.322957803609688,1.791420433544229e+18,1.7915158503579907e+18
1791487824257175869,10.632,31.8825,45.725,71.14729988469061,23.064999999999998,51.75785548666473,12.322945997693813,1.7914197291941745e+18,1.791516143647156e+18
1791487824657780660,10.624,31.9325,139.525,71.14630246579921,23.1875,51.76654760800961,12.322926049315985,1.7914190030236984e+18,1.7915164460328865e+18
1791487824991206552,10.676,31.3325,425.775,71.14651326255455,23.24,51.76539805005126,12.322930265251092,1.791418257921389e+18,1.7915167563040123e+18
1791487825191510941,10.648,31.08,1299.35,71.14543204851536,23.38,51.77078187657372,12.322908640970308,1.7914174918519995e+18,1.7915170753134505e+18
1791487825391970817,10.728,29.6325,688.5,71.14401127926139,23.537499999999998,51.77463267645655,12.322880225585228,1.791416699991043e+18,1.7915174050771996e+18
1791487825592433154,10.688,30.4475,462.725,71.14349572160589,23.6075,51.77538558474096,12.322869914432118,1.791415881293299e+18,1.7915177460280983e+18
1791487825859652185,10.796,28.5175,1412.1,71.14295266809528,23.8,51.77435872559195,12.322859053361906,1.7914150356190984e+18,1.7915180982245007e+18
1791487826193551318,10.7,30.665,1032.575,71.14288777593208,23.747500000000002,51.774584267369846,12.322857755518642,1.7914141562910615e+18,1.7915184644545347e+18
1791487826393847922,10.684,31.05,1512.75,71.1435594433146,23.712500000000002,51.77349533585612,12.322871188866293,1.7914132396305518e+18,1.7915188462518845e+18
1791487826593989441,10.68,30.8675,1339.725,71.14331333515692,23.73,51.77597761836105,12.322866266703139,1.791412374390993e+18,1.7915192065097347e+18
1791487826794095059,12.072,1.5325,811.7,71.11384892450862,23.712500000000002,51.75167826118399,12.322276978490173,1.791411443994327e+18,1.791519594054173e+18
1791487826994266623,12.108,1.5975,838.7,71.11814161674948,23.415000000000003,51.75396277597343,12.32236283233499,1.7914104810041953e+18,1.7915199951711462e+18
1791487827528753993,12.148,1.5675,1172.55,71.12252798954833,22.785,51.75632642872651,12.322450559790967,1.7914094825280745e+18,1.7915204110664732e+18
1791487827929534095,12.16,1.5325,301.525,71.12432066410958,22.540000000000003,51.75723251920278,12.322486413282192,1.791408440188449e+18,1.7915208452455677e+18
1791487828330377214,12.172,1.615,920.175,71.12815773079822,22.26,51.75928781306597,12.322563154615965,1.7914073532872988e+18,1.791521297991942e+18
1791487828730783547,12.18,1.5175,1169.75,71.12807887477429,22.015,51.75915721899979,12.322561577495486,1.7914062188766282e+18,1.79152177054636e+18
1791487829064727191,12.188,1.5825,292.975,71.12797475847044,21.6825,51.75902733541,12.32255949516941,1.7914050262681362e+18,1.791522267370963e+18
1791487829265174196,12.196,1.5975,894.075,71.12889266661301,21.42,51.7594856509662,12.32257785333226,1.7914037772205542e+18,1.791522787725862e+18
1791487829465641090,12.196,1.5825,1090.1,71.12840316016741,21.07,51.7591615563193,12.322568063203349,1.7914024683785633e+18,1.7915233330130204e+18
1791487829666101381,12.208,1.4975,49.9,71.12784600682288,20.755,51.75881758822029,12.322556920136458,1.791401092859253e+18,1.7915239061030152e+18
1791487829866563633,11.832,8.4475,152.275,71.1178589640907,20.4575,51.75479731994906,12.322357179281815,1.7913996307527334e+18,1.7915245153430234e+18
1791487830267489470,10.828,30.685,464.7,71.1241810134651,20.212500000000002,51.747784382936075,12.322483620269303,1.7913980981869704e+18,1.7915251539347748e+18
1791487830601113454,10.944,27.065,1418.15,71.12512917337756,20.2825,51.74904883259141,12.322502583467552,1.791396485538549e+18,1.791525825909019e+18
1791487830867945324,10.904,28.0975,1051.05,71.12682392099988,20.3175,51.752512944995146,12.322536478419998,1.7913947973097183e+18,1.7915265293794035e+18
1791487831068284171,10.772,30.4325,1569.15,71.1273658125278,20.51,51.74998404489218,12.322547316250557,1.7913930192247201e+18,1.7915272703061806e+18
1791487831268773472,10.748,30.5175,1511.85,71.12743947051737,20.51,51.74883526271622,12.322548789410348,1.7913911389529047e+18,1.7915280538351334e+18
1791487831469108184,11.104,21.915,1337.0,71.12125601873078,20.545,51.749298643595125,12.322425120374616,1.7913891412401836e+18,1.791528886355644e+18
1791487831669374243,12.096,1.65,803.4,71.09443033679302,20.72,51.731080997058115,12.321888606735861,1.7913870010298706e+18,1.791529778400117e+18
1791487832003466476,12.128,1.4825,813.375,71.0724036517674,20.72,51.712980448751374,12.321448073035349,1.7913846905724972e+18,1.7915307415407995e+18
1791487832404203853,12.144,1.5325,843.8,71.08673471877054,20.6325,51.72085963253371,12.321734694375412,1.7913822727137892e+18,1.7915317493821537e+18
1791487832804460140,12.164,1.4625,936.65,71.09521447312089,20.4575,51.72539400832816,12.321904289462418,1.7913797287347174e+18,1.7915328097478991e+18
1791487833338820131,12.192,1.5675,1362.3,71.10454488625243,19.9325,51.73042889835558,12.32209089772505,1.7913770487312755e+18,1.791533926763066e+18
1791487833539134123,12.204,1.5825,880.6,71.11366068919203,19.9325,51.735378002832306,12.322273213783841,1.7913742144472486e+18,1.7915351080356372e+18
1791487833739552775,12.208,1.5975,1048.975,71.12222375871643,19.6175,51.7400118245218,12.32244447517433,1.7913712316701302e+18,1.7915363511432896e+18
1791487833940011322,12.212,1.5825,1562.8,71.127611249985,19.372500000000002,51.74292696005217,12.3225522249997,1.7913680475745492e+18,1.7915376781434286e+18
1791487834140486324,12.22,1.5975,1492.475,71.1332137288294,19.022499999999997,51.74595960448253,12.322664274576589,1.791364649256364e+18,1.7915390944068477e+18
1791487834541239530,12.224,1.5475,1277.85,71.13694093859796,18.655,51.7479561757623,12.32273881877196,1.791361025856532e+18,1.7915406044519104e+18
1791487834941443742,12.228,1.5325,622.875,71.13993360670328,18.165000000000003,51.74955905485687,12.322798672134066,1.7913571519747633e+18,1.7915422188740948e+18
1791487835342285352,12.236,1.5975,262.45,71.14416671512237,18.165000000000003,51.75187508055298,12.322883334302448,1.7913529581230367e+18,1.7915439666488018e+18
1791487835676345754,12.24,1.5475,800.925,71.14811338013317,17.727500000000003,51.75403680261114,12.322962267602664,1.7913485626622666e+18,1.7915457983589921e+18
1791487835876784917,12.244,1.5325,820.775,71.15060264857156,16.765,51.755396612517174,12.323012052971432,1.7913438756499428e+18,1.791547751536651e+18
1791487836277692131,12.24,1.4825,866.4,71.1518741853001,16.765,51.756081706583224,12.323037483706003,1.7913388394572536e+18,1.7915498502129116e+18
1791487836678033179,12.248,1.5475,1005.625,71.15515278331105,16.310000000000002,51.75788381579231,12.323103055666222,1.7913335275051622e+18,1.7915520637098908e+18
1791487837078589635,12.26,1.5175,1088.725,71.15662493027165,15.89,51.75871131616351,12.323132498605434,1.791328182312666e+18,1.7915542908253686e+18
1791487837612885622,12.256,1.5675,139.525,71.15553641746705,15.400000000000002,51.75811502189151,12.323110728349342,1.7913227496125786e+18,1.7915565542190083e+18
1791487837813347682,12.264,1.5325,425.775,71.15875264627708,14.8925,51.768267678317656,12.323175052925542,1.7913172591871252e+18,1.7915588414350817e+18
1791487838481484895,11.1,24.7825,1412.1,71.16113307290365,13.9475,51.77093544940478,12.323222661458074,1.791311689749304e+18,1.7915611613485842e+18
1791487838815056360,10.44,38.515,1032.575,71.15815215409923,13.5275,51.75702521352491,12.323163043081985,1.7913060108994493e+18,1.7915635266772746e+18
1791487839215558736,10.3,41.0675,1512.75,71.15404406829721,13.86,51.74353893731918,12.323080881365945,1.7913002259909496e+18,1.791565936025166e+18
1791487839616098531,10.244,42.1325,1339.725,71.17292554471362,13.86,51.7392219360283,12.323458510894273,1.7912945038923267e+18,1.7915683187791007e+18
1791487839950111122,10.12,42.8825,838.7,71.18879041067848,15.260000000000002,51.74564471392302,12.32377580821357,1.791288731895498e+18,1.791570721968395e+18
1791487840551106207,10.048,44.265,1172.55,71.1982720527084,15.959999999999999,51.748550997988325,12.323965441054169,1.7912827260616138e+18,1.7915732223388716e+18
1791487841685629715,10.012,44.7825,292.975,71.21257415938754,17.7975,51.755026882505696,12.324251483187751,1.7912765154392146e+18,1.7915758077127058e+18
1791487841885770201,10.02,45.2,894.075,71.21060834218376,18.3225,51.74820681145286,12.324212166843676,1.7912699305073644e+18,1.7915785488965852e+18
1791487842085867496,10.056,44.3675,1090.1,71.21443790844467,18.795,51.73962005890839,12.324288758168894,1.7912629283494239e+18,1.7915814637167775e+18
1791487842286011157,11.92,3.8825,49.9,71.18094200454318,19.2325,51.73056302464434,12.323618840090864,1.7912550656634706e+18,1.7915847373080008e+18
1791487842486369505,11.964,3.8325,152.275,71.15222483564015,19.285,51.715229993750555,12.323044496712804,1.7912463126320044e+18,1.7915883820263939e+18
1791487842886598860,12.04,2.665,464.7,71.12686784764985,19.215,51.70543578166173,12.322537356952997,1.7912364358476006e+18,1.791592495125825e+18
1791487843620822244,11.32,17.2325,1051.05,71.1150462155566,19.0925,51.70306610827054,12.322300924311133,1.7912255288335007e+18,1.7915970374317522e+18
1791487843821239980,10.94,25.98,1569.15,71.11311383863173,19.0925,51.70531220799586,12.322262276772635,1.791213499346063e+18,1.791602047256823e+18
1791487844021692230,12.044,2.8825,1511.85,71.09161561285599,19.1975,51.698226113294425,12.32183231225712,1.79120000326429e+18,1.7916076681996124e+18
1791487844222264701,12.04,3.4675,1337.0,71.07661479696556,19.040000000000003,51.697647457791625,12.321532295939312,1.791185096709679e+18,1.7916138767346675e+18
1791487844422096865,11.312,18.15,803.4,71.07061433055061,19.005,51.69982297331416,12.321412286611013,1.7911696442599227e+18,1.7916203123297006e+18
1791487845022535027,11.2,20.85,843.8,71.06940604071957,19.425,51.70675860414393,12.321388120814392,1.7911528117478367e+18,1.7916273225790298e+18
1791487845422889072,11.344,17.265,936.65,71.06183216655121,19.6175,51.70888932016098,12.321236643331025,1.7911341773862892e+18,1.7916350832981317e+18
1791487845622975181,11.292,18.55,1220.025,71.05762242105021,19.845,51.71588908437557,12.321152448421005,1.7911150873135265e+18,1.7916430333346468e+18
1791487845823077841,11.28,19.1825,446.4,71.0553242328534,20.02,51.722502324665804,12.321106484657069,1.791095229188697e+18,1.7916513028092444e+18
1791487846023180160,12.064,1.865,1362.3,71.02466490784776,20.1425,51.699431339929006,12.320493298156956,1.7910743841866025e+18,1.7916599833273216e+18
1791487846223327562,11.46,15.215,880.6,71.01794948304726,20.1425,51.70340679421806,12.320358989660946,1.7910525911705085e+18,1.7916690583193928e+18
1791487846557772000,11.448,15.0475,1048.975,71.00706354443396,20.1075,51.69908238902216,12.32014127088868,1.791029466817861e+18,1.791678687564844e+18
1791487846758029695,10.652,33.0825,1562.8,71.00811906271537,20.16,51.697717425696005,12.320162381254308,1.7910048516444767e+18,1.7916889372693148e+18
1791487847024904675,10.844,28.5325,1492.475,71.0084708542296,20.16,51.69963349442183,12.320169417084593,1.7909791382180849e+18,1.7916996438020623e+18
1791487847358746600,10.712,30.9175,1277.85,71.0068934975962,20.265,51.691436687405805,12.320137869951925,1.7909533856909092e+18,1.7917103658500692e+18
1791487847758870039,10.472,36.4675,622.875,71.00927872866042,20.439999999999998,51.67411470746044,12.320185574573209,1.790927659821556e+18,1.791721075942264e+18
1791487848159666876,10.38,36.9325,262.45,71.00906861583807,20.6325,51.671770722424846,12.320181372316762,1.7909017473071616e+18,1.791731862993324e+18
1791487848560314977,10.34,38.015,800.925,71.00941832350712,20.8425,51.6713807187022,12.320188366470143,1.7908760326779773e+18,1.7917425667945382e+18
1791487848760475658,10.388,37.215,805.825,71.00952998209758,20.9825,51.66576842912173,12.320190599641952,1.7908505127987779e+18,1.7917531886761554e+18
1791487848960623042,10.376,36.9675,820.775,71.01028566312529,21.227500000000003,51.66569027121795,12.320205713262506,1.790825719268589e+18,1.7917635071787707e+18
1791487849294220631,11.928,3.13,866.4,70.96959681965228,21.385,51.642543105571875,12.319391936393046,1.7907977496545495e+18,1.791775148985211e+18
1791487849694467548,12.08,1.5175,1005.625,70.93992988072583,21.349999999999998,51.621931199553146,12.318798597614517,1.7907677105216138e+18,1.7917876528498706e+18
1791487849894653676,12.072,2.315,1430.5,70.91803098540204,21.105,51.60169160056896,12.318360619708042,1.7907356459168067e+18,1.7918010002379146e+18
1791487850096908772,11.052,24.25,1088.725,70.91730800329036,20.9825,51.5991585973635,12.318346160065808,1.790703440931555e+18,1.7918144053528404e+18
1791487850296944103,11.148,21.5825,45.725,70.91346867318781,20.965,51.599865645895115,12.318269373463757,1.7906701023682452e+18,1.7918282819618066e+18
1791487850497112721,12.104,1.5325,139.525,70.88875652746934,21.0,51.5831528403705,12.317775130549387,1.790633144195822e+18,1.7918436661314588e+18
1791487850698717921,12.132,1.5325,425.775,70.8701186522054,20.877499999999998,51.56523748283028,12.317402373044109,1.790594422030211e+18,1.7918597848065088e+18
1791487850898836492,12.152,1.5675,1299.35,70.85533855965406,20.877499999999998,51.55194021343774,12.317106771193082,1.7905517105070653e+18,1.7918775646761093e+18
1791487851232321562,12.168,1.5675,688.5,70.87330092402888,20.772499999999997,51.5618077359908,12.317466018480578,1.7905090430936404e+18,1.791895324708099e+18
1791487851633426377,12.176,1.5675,462.725,70.88488842523722,20.6675,51.568219403124466,12.317697768504745,1.7904653126776108e+18,1.7919135261177316e+18
1791487882810547252,12.176,1.5325,1412.1,70.89291668044922,20.4925,51.57261446497408,12.317858333608985,1.7904283456373402e+18,1.791928908923272e+18
1791487883077566018,12.188,1.5975,1032.575,70.89989536259152,20.195,51.57642265453434,12.317997907251831,1.7903911925102894e+18,1.791944368064036e+18
1791487883278028782,12.196,1.5475,1512.75,70.90606853268191,20.02,51.5797715985327,12.318121370653639,1.7903524976185487e+18,1.7919604680698867e+18
1791487883478485820,12.204,1.5325,1339.725,70.91150041037783,19.915000000000003,51.58274232186097,12.318230008207557,1.7903131884613734e+18,1.7919768226820616e+18
1791487883678941104,12.204,1.615,811.7,70.91491681433035,19.7575,51.58456243645077,12.318298336286608,1.7902725644321777e+18,1.7919937236737661e+18
1791487884079637735,12.208,1.5975,838.7,70.91800383622322,19.7575,51.586229233496255,12.318360076724465,1.7902299747004687e+18,1.7920114419900534e+18
1791487884480465572,12.212,1.615,921.1,70.92034270568445,19.425,51.58747608987272,12.31840685411369,1.7901851048017864e+18,1.7920301085185544e+18
1791487884747320953,12.224,1.65,1172.55,70.92533872577931,19.2325,51.59022510155915,12.318506774515587,1.7901434392361475e+18,1.7920474395376064e+18
1791487885214550840,12.228,1.615,301.525,70.92872174135117,18.8475,51.592085339001066,12.318574434827024,1.790101750469277e+18,1.7920647789851277e+18
1791487885682198533,12.232,1.5475,920.175,70.93219481198892,18.497500000000002,51.59401032101998,12.318643896239779,1.7900596992808443e+18,1.7920822680562867e+18
1791487885949429099,12.232,1.5175,1169.75,70.93411386595027,18.497500000000002,51.59505523192718,12.318682277319006,1.7900379047138307e+18,1.7920913228922017e+18
1791487886216721331,12.232,1.5975,292.975,70.93653845959567,18.2,51.596394432741,12.318730769191914,1.7900339757789985e+18,1.79209293964215e+18
1791487886617307088,12.24,1.5675,894.075,70.93772868779514,17.99,51.59706029599897,12.318754573755903,1.790045684998341e+18,1.7920880463503503e+18
1791487887084381857,12.244,1.5975,1090.1,70.94013354416695,17.727500000000003,51.598407203063886,12.31880267088334,1.7900721369500288e+18,1.792077016302892e+18
1791487887351470633,12.24,1.5825,49.9,70.94134468590035,17.377499999999998,51.59908302159809,12.318826893718008,1.790109518864059e+18,1.7920614372742922e+18
1791487887551790504,12.244,1.5675,152.275,70.94228967286148,17.377499999999998,51.59961939503607,12.31884579345723,1.7901556355621082e+18,1.7920422234489966e+18
1791487887952495104,12.248,1.615,464.7,70.94387345866176,17.115,51.60052002031645,12.318877469173236,1.7902081339844111e+18,1.7920203545578368e+18
1791487888420061867,12.252,1.615,1418.15,70.94690179711216,16.8,51.602228745159806,12.318938035942244,1.7902655817532306e+18,1.79199642697019e+18
1791487888686921121,12.256,1.665,1051.05,70.94795358054469,16.8,51.602850984461554,12.318959071610895,1.790323757613649e+18,1.7919721979007224e+18
1791487888953827506,12.264,1.615,1569.15,70.95025631999964,16.415000000000003,51.604183949277854,12.319005126399993,1.790379654898808e+18,1.791948918665107e+18
1791487889354649351,12.264,1.5825,1511.85,70.95203773388945,16.0475,51.605219547215015,12.31904075467779,1.7904323256396352e+18,1.7919269837187837e+18
1791487889621927657,12.26,1.5825,1337.0,70.95399283128712,16.0475,51.60634359478647,12.319079856625743,1.7904807866529564e+18,1.791906802098477e+18
1791487889889104410,12.268,1.6325,803.4,70.95607074507527,15.7325,51.60755697360455,12.319121414901506,1.7905254942360904e+18,1.791888183745199e+18
1791487890156385739,12.26,1.5675,813.375,70.9552410581187,15.4525,51.60714731789466,12.319104821162375,1.7905665049518085e+18,1.79187110507819e+18
1791487890556960067,12.268,1.5825,843.8,70.95551398595157,15.4525,51.60734363943394,12.319110279719032,1.790603958791742e+18,1.7918555076431432e+18
1791487890823888535,12.276,1.5475,936.65,70.9565171685817,15.242500000000001,51.6079862612078,12.319130343371635,1.7906390619665774e+18,1.7918408893571471e+18
1791487891291137505,12.272,1.615,1220.025,70.9557170726529,14.98,51.6076137134643,12.319114341453059,1.7906715378902403e+18,1.7918273652624635e+18
1791487891558407890,12.276,1.5175,446.4,70.95639306150525,14.98,51.60805656420347,12.319127861230106,1.7907020169820024e+18,1.7918146729004905e+18
1791487891959284005,12.276,1.5975,1362.3,70.95690428512283,14.822500000000002,51.60840614639107,12.319138085702457,1.7907304461215199e+18,1.7918028342913792e+18
1791487892159763189,10.264,44.185,880.6,70.93570802874288,14.822500000000002,51.559115042403704,12.318714160574858,1.7907544989708585e+18,1.7917928178664481e+18
1791487892360204968,10.18,44.3325,1048.975,70.91866820454483,14.927499999999998,51.52526606894551,12.318373364090897,1.790775352083144e+18,1.7917841337794831e+18
1791487892627153493,10.024,47.435,1562.8,70.89881248174724,15.575000000000001,51.48783225904302,12.317976249634945,1.7907975171893445e+18,1.7917749049352717e+18
1791487893027330559,10.028,46.35,1492.475,70.88532390779142,16.1875,51.46386715793148,12.317706478155829,1.790820014541942e+18,1.7917655387444836e+18
1791487893294609706,10.04,46.065,1277.85,70.87041399705204,16.1875,51.439977462641075,12.317408279941041,1.7908415417050378e+18,1.7917565770402819e+18
1791487893761983253,10.0,46.3175,622.875,70.85567138306617,16.537499999999998,51.42093615564587,12.317113427661324,1.7908636042680727e+18,1.7917473934232573e+18
1791487894029192728,9.932,46.985,262.45,70.8446966521551,16.9925,51.40967611020638,12.316893933043103,1.7908855310303117e+18,1.7917382669915167e+18
1791487894296477750,9.936,47.83,800.925,70.83023755117048,17.4475,51.38839273899356,12.31660475102341,1.7909067047812838e+18,1.791729454538309e+18
1791487894963762932,9.824,47.965,820.775,70.82199807979526,17.849999999999998,51.388629068349495,12.316439961595906,1.7909273133350351e+18,1.7917208777396557e+18
1791487895230580653,9.964,46.2325,866.4,70.81004215440048,18.095,51.378300495212486,12.31620084308801,1.7909471158727908e+18,1.7917126368142938e+18
1791487895497750712,10.024,45.7175,1005.625,70.79679690843237,18.55,51.36202731175021,12.315935938168648,1.7909656844731543e+18,1.7917049097376113e+18
1791487895898243152,10.268,38.665,1430.5,70.78736092937754,19.0925,51.36516814217258,12.315747218587552,1.7909833333054364e+18,1.791697565699509e+18
1791487896165045647,10.184,40.2175,1088.725,70.77941378245959,20.0725,51.36996542391259,12.315588275649192,1.7910002237714675e+18,1.7916905374960625e+18
1791487896565556922,10.168,42.285,45.725,70.76690541673923,19.95,51.35960448733101,12.315338108334785,1.79101602422802e+18,1.7916839631226204e+18
1791487896765873365,10.144,43.2,139.525,70.75166636047825,20.23,51.34437041272547,12.315033327209566,1.7910310588064266e+18,1.7916777077701133e+18
1791487897032572918,10.204,41.3,425.775,70.738633997475,20.5275,51.33599987000434,12.3147726799495,1.7910454747976402e+18,1.7916717100959788e+18
1791487897433388092,10.244,40.885,1299.35,70.72519242838185,20.9475,51.324849915734184,12.314503848567638,1.7910591919678423e+18,1.7916660034487928e+18
1791487897834180379,10.348,37.9175,688.5,70.71427333436756,21.1925,51.321506921942095,12.314285466687352,1.7910720991349478e+18,1.7916606339941535e+18
1791487898101453034,10.276,40.0825,462.725,70.70183509685862,21.560000000000002,51.312277318930576,12.314036701937173,1.791084240235436e+18,1.7916555834614456e+18
1791487898502265341,10.404,36.6,1412.1,70.68919283279287,21.84,51.30928252869746,12.313783856655858,1.7910955472771026e+18,1.7916508801008479e+18
1791487898769183487,10.412,36.75,1032.575,70.67571002329947,22.1375,51.303920593848225,12.31351420046599,1.7911061825159716e+18,1.791646456415589e+18
1791487898969332464,10.524,35.25,1512.75,70.66218497218938,22.4175,51.29438768809555,12.313243699443788,1.7911161295929262e+18,1.7916423191942938e+18
1791487899370128293,10.472,35.4675,1339.725,70.64854883227099,22.627499999999998,51.28951506174143,12.31297097664542,1.791125372546977e+18,1.7916384750527619e+18
1791487899637404350,10.552,33.8325,811.7,70.63568989662066,22.82,51.2853309915823,12.312713797932414,1.7911340355064504e+18,1.7916348723359544e+18
1791487899837726294,10.536,33.5825,838.7,70.62075314650194,23.0125,51.28307979175254,12.31241506293004,1.7911420911822124e+18,1.7916315224046697e+18
1791487900238583079,10.596,33.3,921.1,70.60506379830301,23.17,51.275506260837616,12.31210127596606,1.7911495234758024e+18,1.791628431951045e+18
1791487900505605187,10.6,33.2325,1172.55,70.59068263945328,23.38,51.268573218746454,12.311813652789066,1.7911564743005097e+18,1.791625541922669e+18
1791487900972953899,10.552,32.085,301.525,70.57539484159123,23.485,51.27192551085128,12.311507896831825,1.791162916029418e+18,1.791622863809651e+18
1791487901373740103,10.684,29.815,920.175,70.55824492569086,23.52,51.27184513126326,12.311164898513818,1.7911688432342776e+18,1.79162039988414e+18
1791487901640927114,10.7,31.2325,1169.75,70.54180477727934,23.712500000000002,51.26388881979154,12.310836095545588,1.7911742248379822e+18,1.7916181630666363e+18
1791487902375993983,10.712,30.25,292.975,70.5252345067011,23.905,51.25942966031989,12.310504690134023,1.791179105071775e+18,1.7916161349454876e+18
1791487902509554403,10.548,34.1325,894.075,70.50837061454328,24.01,51.25166337231729,12.310167412290866,1.791183582202796e+18,1.791614274643765e+18
1791487903043249943,10.612,32.465,1090.1,70.4929041262126,24.150000000000002,51.24670974526423,12.309858082524253,1.7911876615770301e+18,1.791612579922891e+18
1791487903243527318,11.06,22.4975,49.9,70.46905769350687,24.5175,51.2402916598796,12.309381153870138,1.7911912137409818e+18,1.7916111047183706e+18
1791487903644379801,12.068,1.5675,152.275,70.42031696173588,24.4475,51.21346200340473,12.308406339234718,1.791193736023068e+18,1.791610058401566e+18
1791487904111933585,12.096,1.4975,464.7,70.37746922757167,24.395,51.19015025691423,12.307549384551434,1.7911955076495913e+18,1.791609324777038e+18
1791487904379136419,12.116,1.5825,1418.15,70.34125522301176,24.290000000000003,51.17099778212411,12.306825104460236,1.7911966389909368e+18,1.7916088578609825e+18
1791487904979495239,12.132,1.6325,1051.05,70.31035653675424,24.08,51.15473956001167,12.306207130735086,1.7911972829675302e+18,1.791608593998233e+18
1791487905179690566,12.144,1.4975,1569.15,70.28276533925028,23.834999999999997,51.14003248581298,12.305655306785006,1.7911975775270648e+18,1.7916084757771277e+18
1791487905446880307,12.156,1.4975,1511.85,70.2564670515965,23.6425,51.1261278885094,12.30512934103193,1.7911975821452037e+18,1.7916084784538683e+18
1791487905714005719,12.164,1.5325,1337.0,70.23303882068069,23.38,51.11371083992646,12.304660776413614,1.7911973007113075e+18,1.7916086003903173e+18
1791487906114862676,12.176,1.5325,803.4,70.21190004313354,23.099999999999998,51.10261349119726,12.304238000862671,1.7911969528112238e+18,1.791608750219851e+18
1791487906382149779,12.184,1.5825,813.375,70.19383531104423,22.8025,51.0931608091417,12.303876706220885,1.79119639138472e+18,1.7916089890934454e+18
1791487906649068214,12.196,1.5825,843.8,70.17770078358437,22.540000000000003,51.084749598262775,12.303554015671688,1.7911961179803814e+18,1.7916091083237778e+18
1791487906915801361,12.2,1.5825,936.65,70.16276282090004,22.295,51.07704271387492,12.303255256418002,1.791195698634071e+18,1.7916092884468557e+18
1791487907316162549,12.204,1.5325,1220.025,70.14888021038395,22.0675,51.06989568654833,12.30297760420768,1.7911953687106796e+18,1.7916094315245673e+18
1791487907783484551,12.212,1.5675,446.4,70.13682069600831,21.787499999999998,51.06377360816916,12.302736413920167,1.7911949056955523e+18,1.791609630126492e+18
1791487908050598034,12.212,1.5675,1362.3,70.12421823585198,21.5425,51.05750089054958,12.30248436471704,1.7911943367947428e+18,1.7916098729392259e+18
1791487908317764679,12.216,1.5975,880.6,70.11574464029405,21.5425,51.053277190491016,12.302314892805882,1.791193639796793e+18,1.7916101691673564e+18
1791487908784871994,12.22,1.5825,1048.975,70.1078779131551,21.245,51.04941914718116,12.302157558263103,1.7911928201310213e+18,1.7916105165529715e+18
1791487909051838728,12.228,1.615,1562.8,70.10093337437888,20.895,51.04614100495342,12.302018667487578,1.791191873442247e+18,1.7916109169038062e+18
1791487909452164510,12.228,1.4975,1492.475,70.09408483285203,20.5975,51.0428532357171,12.301881696657041,1.7911908431742543e+18,1.7916113521455867e+18
1791487909719459279,12.196,2.3825,1277.85,70.09029055168313,20.3,51.041155570036686,12.301805811033663,1.7911897737807432e+18,1.7916118037425265e+18
1791487909986430122,11.692,12.7825,622.875,70.08904572043242,20.02,51.03935045492293,12.30178091440865,1.7911886302979617e+18,1.7916122862227402e+18
1791487910387347695,12.032,5.05,262.45,70.08238785436117,19.705,51.0360808249334,12.301647757087224,1.7911875070734866e+18,1.7916127603829652e+18
1791487910654168170,11.552,15.285,800.925,70.08105205092824,19.5125,51.034297025994526,12.301621041018565,1.7911864108406098e+18,1.79161322335205e+18
1791487911721900486,12.22,1.615,866.4,70.07432895846212,19.145,51.03100325399815,12.301486579169243,1.7911853526366897e+18,1.791613670614463e+18
1791487911989073369,12.228,1.5825,1005.625,70.07049012513907,19.022499999999997,51.02920267039284,12.301409802502782,1.7911842097123195e+18,1.7916141532206984e+18
1791487912389947135,12.228,1.4975,1430.5,70.06503247386185,18.865,51.026568553118324,12.301300649477238,1.791182975048104e+18,1.7916146741217805e+18
1791487912656812961,12.232,1.5475,1088.725,70.06110672843329,18.724999999999998,51.024744854448386,12.301222134568667,1.7911818128239498e+18,1.791615164944395e+18
1791487913056991949,12.24,1.5825,45.725,70.05933883221338,18.724999999999998,51.024085067007356,12.301186776644268,1.791180592163775e+18,1.7916156801551488e+18
1791487913324019606,12.244,1.5675,139.525,70.05652723212056,18.55,51.02298621160932,12.301130544642412,1.7911792704840758e+18,1.7916162375022794e+18
1791487913925012189,12.252,1.5825,688.5,70.05693246513205,17.99,51.02357552440312,12.301138649302642,1.791177903811425e+18,1.791616813625277e+18
1791487914325808066,12.256,1.5675,1412.1,70.05815166497163,17.745,51.02463882503991,12.301163033299433,1.7911765362954286e+18,1.791617390127354e+18
1791487914592951176,12.256,1.6325,1032.575,70.06053550447946,17.377499999999998,51.0262740629724,12.30121071008959,1.7911753530332104e+18,1.791617889904066e+18
1791487914993136822,12.26,1.5825,1512.75,70.06290318616591,17.01,51.027929723474244,12.301258063723319,1.7911743119806781e+18,1.791618330455741e+18
1791487915260034440,12.264,1.5675,1339.725,70.06596478255547,17.01,51.02995447931292,12.30131929565111,1.7911736747243556e+18,1.7916186028048238e+18
1791487915660729984,12.264,1.5675,811.7,70.06954316017875,16.5725,51.03220679001154,12.301390863203576,1.7911732770465539e+18,1.7916187753288758e+18
1791487915927804763,12.272,1.5825,838.7,70.04419415500578,16.17,51.01829815135718,12.300883883100116,1.791172561856769e+18,1.7916190804283387e+18
1791487917997811978,12.284,1.5675,49.9,70.02192864811414,13.615,51.006131041566164,12.300438572962284,1.7911713670228695e+18,1.7916195856674796e+18
1791487918264999649,10.396,40.6175,464.7,69.97456213422045,13.2475,50.96242465203541,12.299618432013308,1.791169296863267e+18,1.7916204562004424e+18
1791487919399905791,10.11,44.1,803.4,69.92255468075844,15.224999999999998,50.93322762680344,12.298838320211377,1.7911662029424663e+18,1.79162175402462e+18
1791487919666949811,9.992,45.8525,843.8,69.87220018454781,16.52,50.90851579564125,12.298083002768218,1.7911621880271885e+18,1.7916234363750177e+18
1791487920334983734,10.032,45.5,446.4,69.81901658619326,17.8325,50.879771034084165,12.2972852487929,1.7911562631204823e+18,1.7916259155048945e+18
1791487920535222934,10.06,44.8475,1362.3,69.76610334112254,18.41,50.85220167384428,12.296491550116839,1.7911483979680988e+18,1.7916292042144115e+18
1791487921068952105,10.052,43.8475,1048.975,69.71842531457007,19.372500000000002,50.83473172534097,12.295776379718552,1.7911385434229786e+18,1.7916333231531036e+18
1791487921469134795,10.152,42.6025,1562.8,69.66686445474599,19.7225,50.81100475888876,12.29500296682119,1.7911261623588739e+18,1.7916384964980045e+18
1791487921736064348,10.268,38.585,1492.475,69.61844155168708,20.0725,50.79906006315605,12.294276623275307,1.7911110295872105e+18,1.7916448184057592e+18
1791487922203143798,10.376,37.2825,1277.85,69.5693322315366,20.439999999999998,50.781849939330556,12.29353998347305,1.791093133630593e+18,1.7916522940733568e+18
1791487922469904773,10.368,36.4175,622.875,69.51859081742012,20.772499999999997,50.76952511523436,12.292778862261303,1.7910715616011223e+18,1.7916613045356818e+18
1791487922936972532,11.048,21.265,262.45,69.4476120706383,21.07,50.75070852440602,12.291714181059575,1.7910454966235901e+18,1.7916721913357832e+18
1791487923404186814,12.004,2.3825,800.925,69.35112843243512,20.9475,50.71176669754442,12.290266926486527,1.791010986657552e+18,1.791686603766917e+18
1791487923670982710,12.04,2.4475,805.825,69.2642515080669,20.5975,50.67666999879692,12.288963772621004,1.790965074672997e+18,1.79170577645109e+18
1791487924138062824,12.056,2.68,820.775,69.18599006874089,20.4925,50.645088406498886,12.287789851031114,1.7909030890218842e+18,1.7917316599951662e+18
1791487924405158524,12.092,2.165,866.4,69.11123054239599,20.4925,50.614703548973296,12.28666845813594,1.7908170317097495e+18,1.7917675939358103e+18
1791487924872825939,12.096,2.3475,1005.625,69.03757581012123,20.4225,50.584799887214295,12.285563637151819,1.790690723858049e+18,1.7918203333384963e+18
1791487925340348873,12.124,1.9975,1430.5,68.96875883904694,20.352500000000003,50.55677808019207,12.284531382585705,1.7904904882427732e+18,1.7919039393710072e+18
1791487925607072493,12.148,1.8,1088.725,68.90238318961622,20.247500000000002,50.52971648613497,12.283535747844244,1.790130567541626e+18,1.7920542182852874e+18
1791487925873917390,12.064,3.08,45.725,68.83190001276105,20.195,50.50121013353112,12.282478500191417,1.7892919927518423e+18,1.7924043480721344e+18
1791487926274404262,11.976,5.0,139.525,68.76511008422617,20.125,50.47450669701155,12.281476651263393,1.785412840602447e+18,1.7940240084859295e+18
1791487926541465087,11.848,7.6675,425.775,68.69998242059559,20.037499999999998,50.44876231302837,12.280499736308935,1.7987334661829778e+18,1.7884622599265462e+18
1791487926808284526,12.016,4.115,1299.35,68.63138666856794,19.9675,50.42117361324747,12.27947080002852,1.7936891810655483e+18,1.7905683979349176e+18
1791487927075383368,11.98,3.765,688.5,68.54955772343483,19.9675,50.3884111421337,12.278243365851523,1.7927602181417485e+18,1.790956268567388e+18
1791487927475745692,10.324,39.615,462.725,68.49307922587786,19.985,50.36043129553527,12.277396188388169,1.7923744466882383e+18,1.791117340634115e+18
1791487927743012995,10.32,39.115,1412.1,68.43604179842345,20.09,50.33588473740814,12.276540626976352,1.792163631747696e+18,1.7912053630854013e+18
1791487927943392766,10.264,39.8825,1032.575,68.378414334233,20.3,50.312996513978625,12.275676215013496,1.7920307749544988e+18,1.791260835701498e+18
1791487928210674991,10.604,32.2675,1512.75,68.31914959570085,20.51,50.29333542518547,12.274787243935513,1.7919392559586196e+18,1.7912990486329846e+18
1791487928477831833,11.08,22.15,1339.725,68.31083740665818,20.685000000000002,50.311836401692794,12.274662561099873,1.7918743376458606e+18,1.791326154658212e+18
1791487928678250813,10.856,27.25,811.7,68.32406631550205,20.755,50.34570230769129,12.274860994732531,1.7918263722498348e+18,1.7913461820903744e+18
1791487929078956457,10.876,27.1675,838.7,68.3303171809664,20.772499999999997,50.36567128119096,12.274954757714497,1.7917893635540457e+18,1.7913616346170276e+18
1791487929479342111,10.908,26.38,921.1,68.33281315395226,20.877499999999998,50.37880875432654,12.274992197309285,1.7917596731246674e+18,1.791374031636072e+18
1791487929746538139,12.064,1.4475,1172.55,68.29745512085388,21.0,50.37039676994071,12.274461826812809,1.791734693747686e+18,1.7913844619531758e+18
1791487930147349628,12.104,1.5175,301.525,68.27545163766327,20.912499999999998,50.36829939094537,12.27413177456495,1.791713596489777e+18,1.7913932715109883e+18
1791487930615125840,12.124,1.5325,920.175,68.2569773240563,20.7025,50.36370616923828,12.273854659860845,1.7916956040445934e+18,1.7914007847885092e+18
1791487930882307350,12.144,1.5325,1169.75,68.23999973394233,20.5625,50.35326065939586,12.273599996009136,1.7916801195629082e+18,1.791407250943951e+18
1791487931282865428,12.152,1.5825,292.975,68.2311982113148,20.352500000000003,50.353561208192055,12.273467973169723,1.7916667283804014e+18,1.7914128430614822e+18
1791487931549929018,12.168,1.5675,894.075,68.22551277836844,20.0725,50.35356113609239,12.273382691675527,1.7916550925693944e+18,1.7914177021834862e+18
1791487931950657452,12.176,1.5325,1090.1,68.22033984765557,19.897499999999997,50.35202420076202,12.273305097714834,1.7916448875362081e+18,1.7914219638511992e+18
1791487932217863637,12.184,1.5325,49.9,68.21918192391965,19.897499999999997,50.35470770696329,12.273287728858795,1.7916359927781012e+18,1.7914256782142636e+18
1791487932485142433,12.188,1.5475,152.275,68.21684553700211,19.705,50.353097926288505,12.273252683055032,1.7916281300261832e+18,1.791428961561801e+18
1791487932885891455,12.192,1.4975,464.7,68.2137593995585,19.564999999999998,50.34908129422844,12.273206390993378,1.791621081591074e+18,1.791431904881574e+18
1791487933286404984,12.2,1.5475,1418.15,68.21527199023119,19.39,50.35018704089885,12.273229079853468,1.7916147433460288e+18,1.791434551647328e+18
1791487933486522732,12.2,1.5175,1051.05,68.21507149332251,19.162499999999998,50.3476539955006,12.273226072399838,1.7916089890941212e+18,1.791436954596001e+18
1791487933753746210,12.212,1.5325,1569.15,68.2195742093539,18.9875,50.34990935815223,12.273293613140309,1.7916037485924017e+18,1.7914391430602757e+18
1791487934154463706,12.208,1.5825,1511.85,68.22191744545492,18.9875,50.347149160520814,12.273328761681825,1.7915989464718318e+18,1.7914411485142252e+18
1791487934421741616,12.216,1.5475,1337.0,68.22645737322779,18.7775,50.34634009741006,12.273396860598417,1.7915945400867912e+18,1.7914429887492557e+18
1791487934822467602,12.224,1.5475,803.4,68.23304744328851,18.584999999999997,50.346263531113465,12.273495711649328,1.7915904647273357e+18,1.7914446908288648e+18
1791487935089771168,12.228,1.5475,813.375,68.23982448417374,18.34,50.34097128188968,12.273597367262607,1.7915867623583926e+18,1.7914462370436396e+18
1791487935356587947,12.228,1.4625,843.8,68.24670913329285,18.0775,50.33867215050573,12.273700636999394,1.7915833902778555e+18,1.791447645227239e+18
1791487935556718080,12.236,1.5175,936.65,68.2561044385997,18.0775,50.339503649061236,12.273841566578996,1.7915802908099866e+18,1.7914489395269624e+18
1791487936157806538,12.236,1.4825,1220.025,68.2649594220104,17.727500000000003,50.3394154178633,12.273974391330157,1.791577363568032e+18,1.7914501620364803e+18
1791487936425058460,12.24,1.4975,446.4,68.27457199916338,17.36,50.33848809660667,12.274118579987451,1.7915746122443187e+18,1.7914513111638828e+18
1791487937026233854,12.236,1.4825,1362.3,68.28309318495154,17.045,50.33679528391704,12.274246397774274,1.791572022106294e+18,1.7914523930440404e+18
1791487937693895349,12.248,1.5325,880.6,68.2947748761004,17.045,50.33225833282857,12.274421623141507,1.791569584257383e+18,1.7914534113823212e+18
1791487937894263225,12.248,1.5325,1048.975,68.307522619492,16.8875,50.33444310791414,12.27461283929238,1.7915673017764785e+18,1.7914543648513603e+18
1791487938161413830,12.252,1.4975,1562.8,68.32004090604988,16.747500000000002,50.33387848248433,12.274800613590749,1.7915651961509699e+18,1.7914552443696852e+18
1791487938562238654,12.252,1.5175,1492.475,68.33297461676374,16.747500000000002,50.33191024735247,12.274994619251457,1.7915632259833551e+18,1.7914560673026545e+18
1791487938829448158,12.252,1.5175,1277.85,68.3461732335003,16.537499999999998,50.332813110588404,12.275192598502505,1.79156137600049e+18,1.7914568400408507e+18
1791487939096631455,12.256,1.65,622.875,68.36193567363031,16.275000000000002,50.33594587915485,12.275429035104455,1.7915596493514388e+18,1.7914575612336673e+18
1791487939496880475,12.256,1.4825,262.45,68.37551131305253,16.275000000000002,50.33758205272135,12.275632669695788,1.7915580301298552e+18,1.7914582375345695e+18
1791487939763881080,12.26,1.4625,800.925,68.39004843750594,15.959999999999999,50.33734327588343,12.27585072656259,1.791556512072848e+18,1.791458871555394e+18
1791487940031089546,12.264,1.5175,805.825,68.40580635240896,15.557500000000001,50.33762791756131,12.276087095286135,1.7915550616507715e+18,1.791459477388673e+18
1791487940632463009,12.268,1.5175,820.775,68.42285523576919,15.557500000000001,50.34308492176212,12.276342828536539,1.7915536823049595e+18,1.7914600535656899e+18
1791487940899664369,12.264,1.4975,866.4,68.43810724868915,15.260000000000002,50.344014178444546,12.276571608730338,1.7915523691032735e+18,1.791460602143726e+18
1791487941633930035,12.268,1.5675,1005.625,68.45573521529118,14.98,50.35157396379057,12.276836028229368,1.7915511167194404e+18,1.7914611253506834e+18
1791487941901137650,12.264,1.5825,1430.5,68.47250408709982,14.98,50.35137369762868,12.277087561306498,1.7915499230865667e+18,1.7914616240421768e+18
1791487942301957590,12.264,1.5825,1088.725,68.4887124441754,14.7525,50.352629442768176,12.277330686662632,1.7915487860012948e+18,1.7914620991275827e+18
1791487942569241096,12.268,1.5825,45.725,68.50620041131677,14.56,50.357281527248716,12.277593006169752,1.7915477035988334e+18,1.7914625513819008e+18
1791487942836346289,12.272,1.5175,139.525,68.52370590403451,14.56,50.36423660940076,12.277855588560518,1.7915466733134147e+18,1.791462981872233e+18
1791487943303655064,12.276,1.5675,425.775,68.54353021229953,14.367500000000001,50.36814615276238,12.278152953184494,1.7915456932791363e+18,1.7914633913753121e+18
1791487943704326760,12.276,1.5175,1299.35,68.56255433112781,14.367500000000001,50.37330619725862,12.278438314966918,1.7915447621976438e+18,1.7914637804236111e+18
1791487943971485690,12.272,1.5325,688.5,68.60685999006324,14.192499999999999,50.391851145989456,12.27910289985095,1.7915438956728067e+18,1.7914641424787812e+18
1791487944238669945,12.276,1.4975,462.725,68.642913737039,14.192499999999999,50.406955115379915,12.279643706055586,1.7915430843098883e+18,1.7914644814673774e+18
1791487944505950178,12.272,1.5825,1412.1,68.67349376953278,14.14,50.41975286737355,12.280102406542992,1.7915423208260844e+18,1.7914648004357153e+18
1791487944973518580,12.284,1.5675,1032.575,68.70380317585314,14.157499999999999,50.432452261586924,12.280557047637798,1.7915416032001825e+18,1.791465100222796e+18
1791487945240484619,12.28,1.615,1512.75,68.72986124272376,14.157499999999999,50.44334670510554,12.280947918640857,1.7915409263768637e+18,1.791465382942528e+18
1791487945707894887,12.28,1.5475,1339.725,68.74690975669758,14.069999999999999,50.450490543800065,12.281203646350464,1.791540269750351e+18,1.7914656572632238e+18
1791487945975090647,12.276,1.5325,811.7,68.76215405522876,14.069999999999999,50.45688494420527,12.281432310828432,1.791539633925305e+18,1.7914659229213071e+18
1791487946376014878,12.284,1.5475,838.7,68.77562495167331,13.3525,50.46253834565691,12.2816343742751,1.791539020765189e+18,1.7914661791206484e+18
1791487946643297148,12.28,1.5175,921.1,68.78974512723863,13.3525,50.46846352826688,12.28184617690858,1.7915384295989888e+18,1.791466426141206e+18
1791487946910493415,12.284,1.5325,1172.55,68.80171775951183,11.8825,50.47348950134363,12.282025766392678,1.7915378571242898e+18,1.7914666653683215e+18
1791487947177588618,12.284,1.5175,301.525,68.81271500686803,11.8825,50.478109879389855,12.282190725103021,1.7915373020675948e+18,1.7914668973328965e+18
1791487947377712644,12.288,1.5325,920.175,68.81979023057545,10.045,50.48108881961634,12.282296853458632,1.791536775813252e+18,1.7914671172147282e+18
1791487947778502751,12.288,1.4825,1169.75,68.82508792432603,10.045,50.483342945955734,12.282376318864891,1.7915362750911826e+18,1.791467326385829e+18
1791487947978772585,12.288,1.5475,292.975,68.8295779651331,10.045,50.48523252987575,12.282443669476997,1.7915357968660288e+18,1.791467526122735e+18
1791487948246047344,12.288,1.5325,894.075,68.83252682969956,7.734999999999999,50.486490637807904,12.282487902445494,1.791535337415983e+18,1.791467717991314e+18
1791487948513295436,12.256,2.0325,1090.1,68.83255023249097,7.734999999999999,50.486380197260246,12.282488253487365,1.7915348951716475e+18,1.791467902646022e+18
1791487948914126431,10.764,32.3675,49.9,68.82423817827674,7.734999999999999,50.48255148136124,12.282363572674152,1.7915344631913946e+18,1.7914680830028849e+18
1791487949314603780,10.892,29.735,152.275,68.82929471360586,7.734999999999999,50.475919373302965,12.282439420704089,1.7915340460041866e+18,1.7914682571694154e+18
1791487949581484351,10.856,29.0175,464.7,68.83401085555938,7.07,50.48004312985884,12.282510162833391,1.7915336436634511e+18,1.7914684251197627e+18
1791487949982321764,10.784,30.4325,1418.15,68.83448919128716,7.07,50.474783348703575,12.282517337869308,1.791533253010666e+18,1.791468588178816e+18
1791487950249605266,10.684,31.7975,1051.05,68.83633120598911,8.1025,50.47898673547446,12.282544968089837,1.7915328763116344e+18,1.7914687453887145e+18
1791487950650528508,10.628,32.865,1569.15,68.83563006358655,8.1025,50.47514085035536,12.282534450953799,1.7915325104086628e+18,1.791468898078246e+18
1791487950917690234,10.592,33.38,1511.85,68.8355981025741,8.1025,50.475762974343056,12.282533971538612,1.7915321555736794e+18,1.7914690461319316e+18
1791487951118055781,10.564,34.1975,1337.0,68.83438784729985,9.520000000000001,50.466523905465316,12.282515817709498,1.7915318018107256e+18,1.7914691937756677e+18
1791487951518414439,10.432,36.1,803.4,68.83447788840544,9.520000000000001,50.46643958120674,12.282517168326082,1.791531454403283e+18,1.791469338774943e+18
1791487951785604248,10.496,35.0325,813.375,68.83391439800135,10.64,50.45544912803127,12.282508715970021,1.7915311074515704e+18,1.7914694836251645e+18
1791487951985766379,10.34,38.0325,843.8,68.83522879591939,11.7425,50.45233457541954,12.282528431938792,1.7915307631359089e+18,1.7914696274060398e+18
1791487952386653092,10.316,39.3325,936.65,68.83604518239686,11.7425,50.44123169209635,12.282540677735954,1.791530427096548e+18,1.7914697677275807e+18
1791487952787495815,10.344,38.135,1220.025,68.84287694391247,12.512500000000001,50.43775318230229,12.282643154158688,1.791530097148583e+18,1.791469905523469e+18
1791487953054604816,10.268,39.3175,446.4,68.84602687492729,12.512500000000001,50.43999123709565,12.28269040312391,1.7915297771988805e+18,1.7914700391318659e+18
1791487953521610029,10.284,40.4,1362.3,68.84802822106037,13.335,50.42967308467205,12.282720423315906,1.7915294656049917e+18,1.7914701692441915e+18
1791487953788607420,10.2,42.0475,880.6,68.84841974132499,14.087500000000002,50.42031450719861,12.282726296119876,1.7915291613196493e+18,1.7914702963004838e+18
1791487954189464894,10.132,42.5475,1048.975,68.85366990310445,14.087500000000002,50.415710840145195,12.282805048546567,1.791528865578103e+18,1.7914704197832735e+18
1791487954456767305,10.1,43.815,1562.8,68.85500280862125,14.822500000000002,50.40680491188701,12.28282504212932,1.791528577911245e+18,1.7914705398838843e+18
1791487954724024032,10.056,43.8325,1492.475,68.85950343695788,15.592500000000001,50.405702288186326,12.282892551554369,1.791528297997999e+18,1.7914706567416302e+18
1791487955124777871,10.016,45.4825,1277.85,68.86206090682066,15.592500000000001,50.393425052079635,12.28293091360231,1.791528024355546e+18,1.7914707709804465e+18
1791487955391624651,10.012,45.4175,622.875,68.86337715350363,16.205,50.38554376109601,12.282950657302555,1.7915277572069837e+18,1.7914708825029158e+18
1791487955658824229,9.956,46.15,262.45,68.86613964888097,16.834999999999997,50.38209585752607,12.282992094733215,1.7915274965056358e+18,1.791470991329559e+18
1791487956126431579,9.92,47.85,800.925,68.86424610610524,17.4475,50.36809187591039,12.28296369159158,1.7915272402002442e+18,1.7914710983218726e+18
1791487956594088433,9.908,47.45,805.825,68.86604312318296,17.9025,50.360198944163564,12.282990646847745,1.7915269896846054e+18,1.7914712028934925e+18
1791487956861288805,9.844,48.2175,820.775,68.86903735704955,17.9025,50.35975698977607,12.283035560355744,1.7915267453140964e+18,1.7914713048944763e+18
1791487957261898492,9.936,47.0,866.4,68.87132025104867,18.375,50.34984002006003,12.28306980376573,1.7915265084787515e+18,1.7914714037330422e+18
1791487957528878760,10.112,43.3975,1005.625,68.87405895433878,18.83,50.34253738407299,12.283110884315082,1.7915262772916488e+18,1.7914715002091533e+18
1791487957996516079,10.04,45.4825,1430.5,68.89752151350268,19.1975,50.34484100299809,12.28346282270254,1.791526049048041e+18,1.791471595499329e+18
1791487958464287329,10.196,40.8,1088.725,68.91930162328073,19.53,50.35835611834943,12.283789524349212,1.7915258263672456e+18,1.7914716884884175e+18
1791487958731482105,10.292,38.7175,45.725,68.93618485084257,19.845,50.37073720702658,12.28404277276264,1.7915256082920814e+18,1.791471779574114e+18
1791487958998593098,10.284,40.015,139.525,68.94521634814939,20.0725,50.37231748146394,12.284178245222241,1.791525392432955e+18,1.7914718697582118e+18
1791487959398999057,10.176,41.5475,425.775,68.95463368485764,20.3175,50.3782756813994,12.284319505272865,1.7915251786514e+18,1.7914719590990733e+18
1791487959666289545,10.336,38.0325,1299.35,68.96194905937428,20.6325,50.38533132563896,12.284429235890615,1.7915249672402056e+18,1.7914720474689884e+18
1791487959933382656,10.312,38.615,688.5,68.96398007611917,20.9475,50.38957557308447,12.284459701141788,1.7915247592220483e+18,1.7914721344257242e+18
1791487960200577818,10.356,37.8975,462.725,68.96600772567368,21.1925,50.39274454537761,12.284490115885106,1.7915245528477711e+18,1.7914722207114033e+18
1791487960601509987,10.384,37.25,1412.1,68.96368788352738,21.4725,50.39464867953339,12.284455318252911,1.7915243464528046e+18,1.7914723070263043e+18
1791487960868729773,10.4,36.5675,1032.575,68.96190179098834,21.735,50.39887408276024,12.284428526864826,1.7915241419691725e+18,1.7914723925506214e+18
1791487961135920285,10.5,34.365,1512.75,68.95812599707436,21.962500000000002,50.40316201913932,12.284371889956116,1.7915239394983094e+18,1.7914724772383352e+18
1791487961402728421,10.504,34.0475,1339.725,68.9534520241372,22.224999999999998,50.40829657421701,12.284301780362059,1.791523738526795e+18,1.7914725613056568e+18
1791487961803480619,12.032,1.5325,811.7,68.90117032700942,22.47,50.3870068738455,12.283517554905142,1.7915235264387743e+18,1.7914726500485396e+18
1791487962070679308,12.076,1.615,838.7,68.85904098087414,22.365,50.36989294832033,12.282885614713113,1.7915233064256212e+18,1.7914727421276168e+18
1791487962337851307,12.1,1.4975,921.1,68.82267932483148,22.0325,50.35507758869356,12.282340189872473,1.7915230802940785e+18,1.791472836785203e+18
1791487962805474557,12.124,1.4475,1172.55,68.79059937623515,21.787499999999998,50.341987204225774,12.281858990643528,1.791522849238183e+18,1.7914729335212933e+18
1791487963072557395,12.136,1.5825,301.525,68.76176434055046,21.49,50.33026248177434,12.281426465108257,1.7915226157659955e+18,1.7914730312756283e+18
1791487963473113228,12.148,1.5325,920.175,68.73512374777486,21.105,50.31941033056616,12.281026856216624,1.7915223798217152e+18,1.7914731300758656e+18
1791487963673397168,12.164,1.5175,1169.75,68.70952642945443,20.755,50.30899420240438,12.280642896441817,1.7915221431226762e+18,1.7914732291945055e+18
1791487963940596347,12.112,2.8625,292.975,68.68983662358157,20.3875,50.30108540109478,12.280347549353724,1.7915219051208799e+18,1.7914733288728845e+18
1791487964341526052,11.376,17.7475,894.075,68.67246977140147,20.0725,50.29465802372627,12.280087046571023,1.7915216652576415e+18,1.7914734293522092e+18
1791487964541991368,10.932,26.7325,1090.1,68.65424346049198,20.0725,50.287545401080855,12.27981365190738,1.7915214240759375e+18,1.79147353040136e+18
1791487964809228452,10.536,35.5325,49.9,68.63537761935284,20.002499999999998,50.27496735738895,12.279530664290293,1.7915211790302984e+18,1.791473633103149e+18
1791487965209821478,10.512,35.65,152.275,68.61619346093278,20.09,50.26434041419924,12.279242901913992,1.791520931113219e+18,1.791473737035927e+18
1791487965476782464,10.48,36.165,464.7,68.59703876409517,20.23,50.25440266514469,12.278955581461428,1.7915206816679183e+18,1.791473841629339e+18
1791487965877371686,10.424,36.8,1418.15,68.57691802318509,20.265,50.24685564229926,12.278653770347777,1.7915204306800568e+18,1.7914739468888824e+18
1791487966144649514,10.268,40.0,1051.05,68.55660373851384,20.4225,50.23868010415429,12.278349056077708,1.791520178791171e+18,1.7914740525420787e+18
1791487966411946790,10.332,38.7325,1569.15,68.53401553369707,20.4925,50.22954029585699,12.278010233005457,1.7915199261173786e+18,1.7914741585374326e+18
1791487966812875174,10.292,38.65,1511.85,68.51265430555915,20.650000000000002,50.226256752149915,12.277689814583388,1.7915196719207836e+18,1.7914742651913774e+18
1791487967079911296,10.26,39.6975,1337.0,68.48993994623427,20.755,50.21999797427857,12.277349099193515,1.7915194173017329e+18,1.7914743720346058e+18
1791487967814044759,10.228,39.2675,843.8,68.48191558691042,21.209999999999997,50.2323142870035,12.277228733803657,1.791519165011253e+18,1.7914744779126966e+18
1791487968081244096,10.22,39.85,936.65,68.47850893228518,21.28,50.250835926764005,12.277177633984278,1.7915189155866755e+18,1.791474582602444e+18
1791487968482044977,10.296,38.9325,1220.025,68.48500523254937,21.42,50.27091144094736,12.277275078488241,1.7915186713636244e+18,1.791474685119324e+18
1791487968749317663,10.66,31.05,446.4,68.48588593005942,21.6825,50.282827812618294,12.277288288950892,1.791518431770206e+18,1.79147478569945e+18
1791487969150059701,12.052,1.4825,1362.3,68.44620221540765,21.77,50.26783933805846,12.276693033231115,1.791518187618404e+18,1.79147488821163e+18
1791487969550486110,12.084,1.5475,880.6,68.41746587071351,21.5425,50.26210580953165,12.276261988060703,1.7915179409076928e+18,1.7914749918179123e+18
1791487969817785684,12.104,1.615,1048.975,68.3941913251595,21.3325,50.25440201911978,12.275912869877393,1.7915176938040054e+18,1.7914750956022582e+18
1791487970084965142,12.132,1.4625,1562.8,68.37563865341549,21.14,50.24648803068047,12.275634579801233,1.791517447325314e+18,1.7914751991365586e+18
1791487970485644300,12.152,1.5675,1277.85,68.36383884278503,20.5975,50.241220932995304,12.275457582641776,1.791517202568683e+18,1.7914753019605737e+18
1791487970752938849,12.156,1.5325,622.875,68.35155714859715,20.265,50.23169847324236,12.275273357228958,1.791516962911603e+18,1.791475402632918e+18
1791487970953316441,12.16,1.5675,262.45,68.3420103089267,19.845,50.22750976969735,12.275130154633901,1.7915167274322465e+18,1.7914755015491459e+18
1791487971554192426,12.172,1.5175,800.925,68.33566122774282,19.845,50.22688138097725,12.275034918416143,1.791516491647563e+18,1.7914756006247652e+18
1791487972422311951,12.188,1.5825,820.775,68.33334083286984,19.022499999999997,50.22345479394487,12.275000112493048,1.7915162570981622e+18,1.791475699206432e+18
1791487972889878969,12.2,1.5475,1005.625,68.3343633955626,17.9375,50.22563734359507,12.27501545093344,1.791516038949035e+18,1.7914757907983078e+18
1791487973156929524,12.208,1.5175,1088.725,68.33662945153753,17.395,50.22598824701462,12.275049441773064,1.7915158276541693e+18,1.791475879499553e+18
1791487973357080294,12.208,1.5675,45.725,68.33970312140312,16.939999999999998,50.22418208163942,12.275095546821047,1.7915156224014305e+18,1.7914759656567693e+18
1791487973757726347,12.22,1.5675,139.525,68.34569901210403,16.939999999999998,50.223701179620384,12.275185485181561,1.7915154247206113e+18,1.7914760486171062e+18
1791487974024890407,12.22,1.5325,1299.35,68.35120609304985,16.0125,50.226356498740195,12.275268091395748,1.7915152336458022e+18,1.7914761287913193e+18
1791487974425816405,12.224,1.5675,688.5,68.3587419266056,16.0125,50.22453435625561,12.275381128899085,1.791515049319e+18,1.791476206119187e+18
1791487975294019092,12.236,1.5325,1032.575,68.36845676878076,14.875,50.226641195309966,12.275526851531712,1.7915148707705764e+18,1.791476281015924e+18
1791487975828195767,12.244,1.4975,1339.725,68.37968797132983,14.385000000000002,50.23347258807319,12.275695319569948,1.7915146977752993e+18,1.7914763535782735e+18
1791487976028546062,10.232,44.5325,811.7,68.36600239995512,14.0,50.19936709706317,12.275490035999328,1.7915145264834993e+18,1.791476425425284e+18
1791487976496195252,10.22,41.8,921.1,68.36378404652741,14.157499999999999,50.19187343963579,12.275456760697912,1.7915143583878044e+18,1.7914764959302697e+18
1791487976897027812,10.096,44.2,301.525,68.36188219158876,15.662499999999998,50.18297007210214,12.275428232873832,1.7915141940413522e+18,1.7914765648560952e+18
1791487977164204020,10.028,46.2975,920.175,68.35516352547486,16.415000000000003,50.17016671561773,12.275327452882124,1.7915140330276616e+18,1.7914766323751421e+18
1791487977564587529,9.96,46.615,1169.75,68.35328660179789,17.01,50.164982712778134,12.275299299026969,1.791513875520994e+18,1.7914766984172375e+18
1791487977831867120,9.964,46.3175,292.975,68.35214724124188,17.01,50.16342555291893,12.275282208618629,1.7915137218716938e+18,1.791476762832176e+18
1791487978099062656,9.92,47.5975,894.075,68.34907732560522,17.6925,50.15796332573504,12.275236159884079,1.7915135715686282e+18,1.791476825836025e+18
1791487978566769684,9.88,48.2325,1090.1,68.34844400763056,18.287499999999998,50.14874690087095,12.275226660114459,1.7915134234529518e+18,1.7914768879271939e+18
1791487979034410861,9.904,47.5975,49.9,68.34697880980865,18.83,50.14601621635315,12.27520468214713,1.791513277250392e+18,1.791476949221858e+18
1791487979301273231,10.032,44.7325,152.275,68.3468630229904,19.32,50.14643566833792,12.275202945344857,1.7915131333597266e+18,1.7914770095501373e+18
1791487979701844368,10.14,41.835,464.7,68.3497791033642,19.775000000000002,50.149181674787236,12.275246686550464,1.7915129921932705e+18,1.7914770687379054e+18
1791487979968981545,10.092,44.0025,1418.15,68.3504099135453,20.195,50.141182863475336,12.27525614870318,1.7915128532066606e+18,1.7914771270155674e+18
1791487980236171168,10.072,43.0325,1051.05,68.35352078083683,20.7025,50.14709968690298,12.275302811712553,1.7915127199667548e+18,1.7914771828548168e+18
1791487980503471560,10.128,41.5,1569.15,68.35816633968963,21.175,50.15390256331272,12.275372495095345,1.7915125926276664e+18,1.7914772361898532e+18
1791487980904331211,10.472,33.1975,1511.85,68.35650971972156,21.5075,50.16605774045992,12.275347645795824,1.791512469141522e+18,1.7914772878913628e+18
1791487981171378574,11.896,3.9175,1337.0,68.31690244418994,21.63,50.14689843909057,12.27475353666285,1.7915123433724155e+18,1.791477340553505e+18
1791487981638378138,11.972,3.08,803.4,68.29167128032275,21.3675,50.13161423165707,12.274375069204842,1.7915122138524833e+18,1.7914773948221596e+18
1791487982105901379,12.032,2.4975,813.375,68.29171935170027,21.2975,50.13198684927241,12.274375790275505,1.791512086101584e+18,1.791477448354096e+18
1791487982373182626,11.488,13.565,843.8,68.294170739889,21.2975,50.137229574166916,12.274412561098336,1.7915119597352799e+18,1.791477501316283e+18
1791487982840770627,11.28,18.15,936.65,68.29702898906152,21.385,50.14304766409096,12.274455434835923,1.7915118341750612e+18,1.7914775539571766e+18
1791487983107861319,10.68,31.3325,1220.025,68.30583026276993,21.49,50.14887085861699,12.27458745394155,1.7915117105326572e+18,1.7914776058048212e+18
1791487983374728562,10.788,28.6175,446.4,68.30952948753004,21.5775,50.15497131201303,12.274642942312951,1.7915115880297e+18,1.791477657188163e+18
1791487983775395479,10.784,28.815,1362.3,68.30962551379372,22.05,50.15911333654522,12.274644382706906,1.7915114662257912e+18,1.7914777082923182e+18
1791487983975756812,10.672,30.8825,880.6,68.30870820671294,22.295,50.16394286999333,12.274630623100695,1.7915113455531576e+18,1.7914777589303654e+18
1791487984242932322,11.564,10.8175,1048.975,68.27921569142552,22.47,50.15728148005125,12.274188235371383,1.7915112222510618e+18,1.7914778106911352e+18
1791487984643857524,10.74,29.1175,1562.8,68.27308220320816,22.5575,50.16152391680934,12.274096233048123,1.7915110994990175e+18,1.7914778622310572e+18
1791487984910976582,10.764,29.15,1492.475,68.26717386676822,22.662499999999998,50.163501250227384,12.274007608001524,1.791510977920548e+18,1.7914779132819986e+18
1791487985311377925,10.748,28.9675,1277.85,68.2580513936951,22.75,50.16639501394486,12.273870770905427,1.791510856951063e+18,1.7914779640836296e+18
1791487985511608037,10.996,24.1,622.875,68.24604011038693,22.837500000000002,50.16672272690775,12.273690601655804,1.7915107364664614e+18,1.7914780146864614e+18
1791487985778903833,12.068,1.4825,262.45,68.2186880900148,22.785,50.15559479775673,12.273280321350223,1.791510614586638e+18,1.791478065885137e+18
1791487986179605756,12.096,1.4825,800.925,68.18393041510116,22.522499999999997,50.14622480900182,12.272758956226518,1.7915104905695124e+18,1.7914781179926395e+18
1791487986446869383,12.12,1.5475,805.825,68.1639218361444,22.26,50.13847818842468,12.272458827542167,1.7915103663501112e+18,1.7914781701910246e+18
1791487986647298078,12.132,1.5175,820.775,68.1448663173385,21.7175,50.133120427833475,12.272172994760078,1.7915102420692173e+18,1.7914782224209198e+18
1791487987048095675,12.144,1.5325,866.4,68.13272116441709,20.790000000000003,50.12716671209747,12.271990817466257,1.7915101176699338e+18,1.7914782747132818e+18
1791487987314960802,12.152,1.4975,1005.625,68.13317790498601,19.599999999999998,50.1273550373774,12.271997668574791,1.7915099939496284e+18,1.7914783267365258e+18
1791487987515181396,12.164,1.4475,1430.5,68.13005137344379,19.599999999999998,50.12609417358505,12.271950770601658,1.7915098713046769e+18,1.7914783783165356e+18
1791487987916020237,12.172,1.5325,1088.725,68.12637543447511,18.1125,50.1246219874506,12.271895631517127,1.7915097495114977e+18,1.7914784295486692e+18
1791487988316785637,12.176,1.5325,45.725,68.12131177292602,16.4325,50.122595983589655,12.271819676593891,1.7915096287212388e+18,1.7914784803664648e+18
1791487988517219783,12.184,1.4825,139.525,68.11624071973206,16.4325,50.120563732114334,12.271743610795982,1.791509509183123e+18,1.7914785306622584e+18
1791487988784500929,12.188,1.5325,425.775,68.1107367935414,14.385000000000002,50.11836329127558,12.271661051903122,1.7915093904855803e+18,1.7914785806128758e+18
1791487989185108103,12.192,1.4825,1299.35,68.10117264978734,14.385000000000002,50.11453416640337,12.27151758974681,1.7915092708639293e+18,1.7914786309751076e+18
1791487989452009209,12.196,1.4975,688.5,68.09306263063284,12.67,50.11128563697875,12.271395939459493,1.7915091507082486e+18,1.7914786815827103e+18
1791487989719116867,12.2,1.5325,462.725,68.0835153554691,12.67,50.1074707270348,12.271252730332037,1.7915090302448064e+18,1.7914787323369948e+18
1791487990119630324,12.208,1.5325,1412.1,68.07498195657551,12.407499999999999,50.104061961082536,12.271124729348633,1.7915089098272978e+18,1.791478783086406e+18
1791487990386888245,12.208,1.5175,1032.575,68.06506394028283,12.407499999999999,50.1001030132038,12.270975959104243,1.791508791857082e+18,1.791478832793372e+18
1791487990787667955,12.212,1.5175,1512.75,68.05413691558076,12.215,50.09574194185524,12.270812053733712,1.7915086763985428e+18,1.7914788814288568e+18
1791487991054904147,12.216,1.5175,1339.725,68.04440660046416,12.215,50.091856849905064,12.270666099006963,1.791508563408859e+18,1.7914789290118523e+18
1791487991321722192,12.22,1.5475,811.7,68.03447415620343,11.935,50.08789964935981,12.270517112343052,1.7915084526932142e+18,1.7914789756258762e+18
1791487991588584601,12.22,1.5325,838.7,68.02351746441313,11.935,50.08351256925625,12.270352761966198,1.7915083439932518e+18,1.7914790213808663e+18
1791487991989366129,12.224,1.5975,921.1,68.01276211365297,11.6725,50.07921102966361,12.270191431704795,1.7915082370078136e+18,1.791479066407016e+18
1791487992256503183,12.132,3.165,1172.55,68.019681352199,11.6725,50.08911340367789,12.270295220282986,1.791508133622161e+18,1.7914791099036895e+18
1791487992724238666,12.132,2.9175,301.525,68.02216328164057,11.41,50.091660180120606,12.27033244922461,1.7915080330930537e+18,1.7914791521878612e+18
1791487992991343972,11.644,13.0975,920.175,68.02982955168709,11.41,50.098562010241196,12.270447443275307,1.7915079358644122e+18,1.7914791930708634e+18
1791487993258211765,10.92,28.0175,1169.75,68.03317281512776,11.2875,50.095880550038395,12.270497592226917,1.7915078413512724e+18,1.7914792328013404e+18
1791487993658610143,10.58,34.35,292.975,68.03473788277681,11.2875,50.09573233271034,12.270521068241653,1.7915077490092165e+18,1.7914792716126162e+18
1791487993925681995,10.536,34.0325,894.075,68.03587377985146,11.76,50.10244759876811,12.270538106697773,1.7915076580183345e+18,1.7914793098579418e+18
1791487994192881401,10.444,36.7,1090.1,68.03631279668265,12.512500000000001,50.10243669549142,12.27054469195024,1.7915075685833457e+18,1.7914793474480248e+18
1791487994593743416,12.008,3.08,49.9,68.00989932119381,12.512500000000001,50.09089996258504,12.270148489817908,1.7915074783203986e+18,1.7914793853920852e+18
1791487994861000999,12.064,2.615,152.275,68.01251191342585,12.7225,50.08350441354602,12.270187678701388,1.7915073896792223e+18,1.7914794226539835e+18
1791487995128029285,12.076,2.615,464.7,68.0258495268739,12.7225,50.08874679666225,12.27038774290311,1.7915073032988815e+18,1.7914794589653302e+18
1791487995394812050,12.148,1.4975,1418.15,68.03626955876439,12.285,50.092713530235514,12.270544043381467,1.7915072190545016e+18,1.7914794943772052e+18
1791487995795308405,12.164,1.5175,1051.05,68.04673246340236,12.285,50.09685742637792,12.270700986951036,1.7915071365394573e+18,1.7914795290643085e+18
1791487996062508547,11.284,20.2825,1569.15,68.06371209524029,11.8125,50.101641860302,12.270955681428605,1.7915070560963464e+18,1.7914795628836524e+18
1791487996329801287,10.42,37.3175,1511.85,68.06933323201257,11.8125,50.0993671418714,12.27103999848019,1.7915069769264778e+18,1.7914795961714045e+18
1791487996597068054,10.412,37.3175,1337.0,68.09496010403365,11.8475,50.107669478658025,12.271424401560505,1.7915069004903017e+18,1.7914796283101645e+18
1791487996997893037,10.348,38.9,803.4,68.09490775381515,11.8475,50.10408779947331,12.271423616307228,1.7915068245044283e+18,1.7914796602683103e+18
1791487997264855820,12.056,1.4825,813.375,68.06462007480927,12.565,50.089485112954854,12.27096930112214,1.7915067464724767e+18,1.7914796931038182e+18
1791487997732209359,12.096,1.4825,843.8,68.04125742047016,12.565,50.07853259925816,12.270618861307053,1.7915066669631278e+18,1.7914797265763566e+18
1791487998199754946,12.116,1.5825,936.65,68.02675482011138,12.8275,50.06954156818873,12.270401322301671,1.791506584793946e+18,1.7914797612062587e+18
1791487998466923828,12.136,1.5175,1220.025,68.01236437129563,12.565,50.06339892811252,12.270185465569435,1.7915065006113132e+18,1.7914797967139738e+18
1791487998734207679,12.148,1.4975,446.4,68.03514179500303,12.565,50.0707536022876,12.270527126925046,1.7915064176303296e+18,1.791479831734257e+18
1791487999001403762,12.16,1.4825,1362.3,68.02597847176848,12.215,50.07119063709432,12.270389677076528,1.7915063335450924e+18,1.7914798672423206e+18
1791487999401799938,12.168,1.5475,880.6,68.02053463904758,12.215,50.07352342397076,12.270308019585714,1.7915062494999972e+18,1.7914799027447636e+18
1791487999668969443,12.176,1.4975,1048.975,68.01610759468437,11.935,50.07513664713657,12.270241613920266,1.791506165724024e+18,1.7914799381429e+18
1791487999936049064,12.188,1.4825,1562.8,68.01409112388532,11.935,50.07393033979114,12.27021136685828,1.791506082219581e+18,1.7914799734375255e+18
1791488000136505849,12.192,1.4975,1492.475,68.01323473887406,11.585,50.07280423339931,12.270198521083111,1.7915059992556925e+18,1.7914800085125686e+18
1791488000537434544,12.196,1.4825,1277.85,68.01322715998981,11.585,50.07240084092302,12.270198407399848,1.791505916933637e+18,1.791480043324575e+18
1791488000804724269,12.2,1.5175,622.875,68.01459183220373,11.585,50.070836496542896,12.270218877483057,1.7915058353069463e+18,1.7914800778511e+18
1791488001205325273,12.204,1.4825,262.45,68.01656011099857,11.200000000000001,50.07271103885232,12.270248401664979,1.7915057543709786e+18,1.7914801120944218e+18
1791488001472167594,12.212,1.5325,800.925,68.02100186802475,11.200000000000001,50.073390555302716,12.270315028020372,1.7915056741742267e+18,1.7914801460350587e+18
1791488001872985003,12.212,1.4825,805.825,68.02486781623922,10.9375,50.073760419273874,12.270373017243589,1.7915055946833357e+18,1.7914801796868588e+18
1791488002140177178,12.212,1.4625,820.775,68.02994293141509,10.9375,50.07187824662055,12.270449143971227,1.7915055160328215e+18,1.7914802129919078e+18
1791488002540906592,12.224,1.4975,866.4,68.0751844729832,10.745,50.090134340730174,12.271127767094749,1.791505440960268e+18,1.791480244789325e+18
1791488002741367630,12.224,1.4975,1005.625,68.1055864648886,10.745,50.10233329589737,12.27158379697333,1.7915053684007841e+18,1.7914802755298102e+18
1791488003008564648,12.228,1.4825,1430.5,68.12987994524036,10.64,50.11207957632938,12.271948199178606,1.791505297795184e+18,1.7914803054512443e+18
1791488003475736345,12.228,1.4825,1088.725,68.14837124413116,10.64,50.119485402573716,12.272225568661968,1.7915052286716385e+18,1.7914803347541005e+18
1791488003943365668,12.236,1.4975,45.725,68.16787306613115,10.604999999999999,50.1273073150124,12.272518095991968,1.7915051600103025e+18,1.791480363882255e+18
1791488004143765980,12.236,1.5475,139.525,68.18431708686339,10.604999999999999,50.13389845079491,12.272764756302951,1.7915050912754066e+18,1.7914803930660508e+18
1791488004411022708,12.24,1.4825,425.775,68.19886139944067,10.604999999999999,50.13973639786375,12.27298292099161,1.791505022706416e+18,1.7914804221997932e+18
1791488004678192672,12.244,1.5325,1299.35,68.21363911804066,10.57,50.14566331838428,12.27320458677061,1.79150495433594e+18,1.791480451269206e+18
1791488005145749104,12.24,1.5475,688.5,68.22451753025838,10.57,50.150022414413655,12.273367762953876,1.791504886063119e+18,1.7914804803154117e+18
1791488005412564391,12.248,1.5175,462.725,68.2356467870415,10.657499999999999,50.15448762585026,12.273534701805623,1.791504818122959e+18,1.7914805092358897e+18
1791488005813246477,12.248,1.5475,1412.1,68.24381749553245,10.657499999999999,50.15776931660208,12.273657262432987,1.7915047503123584e+18,1.791480538116945e+18
1791488006280627859,12.252,1.4825,1032.575,68.25182645262049,10.7275,50.16099545930299,12.273777396789308,1.7915046827734523e+18,1.791480566896563e+18
1791488006681573761,12.248,1.4825,1512.75,68.25696760339375,10.7275,50.16307333829124,12.273854514050907,1.7915046154804042e+18,1.7914805955837425e+18
1791488006948795224,12.252,1.4825,1339.725,68.26386353842788,10.6925,50.1658487158756,12.273957953076419,1.7915045484636173e+18,1.7914806241661187e+18
1791488007349168981,12.256,1.4975,811.7,68.27033245868009,10.6925,50.16844778397247,12.274054986880202,1.791504481799223e+18,1.791480652610315e+18
1791488007749906406,12.256,1.5475,838.7,68.27488043103578,10.6925,50.17027305495897,12.274123206465537,1.7915044154228265e+18,1.7914806809428326e+18
1791488007950270859,12.256,1.4975,921.1,68.27925868969962,10.535,50.172035499466766,12.274188880345495,1.7915043494342925e+18,1.791480709119721e+18
1791488008217577434,12.26,1.5325,1172.55,68.28212544637853,10.535,50.173199757584264,12.274231881695679,1.7915042837300116e+18,1.7914807371850534e+18
1791488008618486065,12.26,1.5175,301.525,68.28636386616043,9.799999999999999,50.17489448010252,12.274295457992407,1.791504218401928e+18,1.791480765099654e+18
1791488008818949671,12.26,1.4475,920.175,68.28844858250594,9.799999999999999,50.17575943744459,12.27432672873759,1.7915041535411057e+18,1.791480792821924e+18
1791488009086137694,12.26,1.4825,1169.75,68.28862500784523,9.799999999999999,50.17586204587717,12.274329375117679,1.7915040890827497e+18,1.7914808203787886e+18
1791488009553107893,12.26,1.5475,292.975,68.2895536863456,8.417499999999999,50.176252171114754,12.274343305295185,1.7915040251462234e+18,1.791480847718937e+18
1791488009953873961,12.26,1.4975,894.075,68.28799608106635,8.417499999999999,50.17565934147563,12.274319941215996,1.7915039616770637e+18,1.791480874864272e+18
1791488010354749028,12.272,1.4825,1090.1,68.29084315124064,8.417499999999999,50.17682103329861,12.27436264726861,1.7915038990405604e+18,1.79148090165828e+18
1791488010621990639,12.268,1.5325,49.9,68.29235239642908,8.2425,50.17743407655464,12.274385285946437,1.7915038370567752e+18,1.7914809281780483e+18
1791488010822462162,12.268,1.5475,152.275,68.29273345800142,8.2425,50.17759916936398,12.274391001870022,1.7915037758285627e+18,1.7914809543777416e+18
1791488011022827560,12.268,1.5825,464.7,68.29216087921692,8.2425,50.177383511392165,12.274382413188254,1.7915037153360136e+18,1.7914809802651697e+18
1791488011289793395,12.268,1.5675,1418.15,68.2908619430114,7.612499999999999,50.1768717771746,12.274362929145171,1.791503655569164e+18,1.791481005844145e+18
1791488012425202286,12.264,1.5175,1051.05,68.28803108583676,7.612499999999999,50.17575844778524,12.274320466287552,1.7915035959658693e+18,1.791481031360444e+18
1791488012892603742,12.276,1.5175,1569.15,68.28595190186344,7.612499999999999,50.174980947086155,12.274289278527952,1.7915035368387213e+18,1.7914810566768748e+18
1791488013026145154,12.276,1.5175,1511.85,68.28503762655885,7.612499999999999,50.17463753016056,12.274275564398383,1.7915034779376435e+18,1.79148108190293e+18
1791488013159551748,12.276,1.5175,1337.0,68.28296970594295,5.6875,50.17383820086582,12.274244545589145,1.791503418932996e+18,1.791481107181814e+18
1791488013292975982,12.276,1.5325,803.4,68.28161393530692,5.6875,50.173305238676605,12.274224209029605,1.791503360096109e+18,1.7914811323953175e+18
1791488013760413746,12.276,1.4825,813.375,68.27934364799329,5.6875,50.17242860477054,12.2741901547199,1.791503301427836e+18,1.7914811575430858e+18
1791488014027481695,12.276,1.4975,843.8,68.27725518550056,5.6875,50.17345365468223,12.274158827782509,1.7915032418341048e+18,1.7914811831030518e+18
1791488014428333883,12.28,1.4975,936.65,68.29106620342856,5.6875,50.189290628542096,12.274365993051429,1.7915031826407608e+18,1.7914812085060372e+18
1791488014695641012,12.276,1.5325,1220.025,68.31922270286242,5.2325,50.22552591978972,12.274788340542937,1.7915031248115942e+18,1.7914812333393224e+18
1791488014962844929,12.28,1.5475,446.4,68.33822638619871,5.2325,50.239438120284866,12.275073395792981,1.7915030678210102e+18,1.791481257826523e+18
1791488015630275790,12.28,1.4625,1362.3,68.35664359444442,5.2325,50.24752135946344,12.275349653916667,1.7915030122073667e+18,1.7914812817322028e+18
1791488015897420844,12.276,1.5175,880.6,68.37790024638397,5.2325,50.26487290376223,12.27566850369576,1.791502957888802e+18,1.7914813050927245e+18
1791488016365083770,12.284,1.4625,1048.975,68.4010650925337,5.2325,50.28311903961009,12.276015976388006,1.7915029048182195e+18,1.7914813279299446e+18
1791488016632269988,12.28,1.5325,1562.8,68.42163399791075,4.515000000000001,50.29562578165065,12.276324509968662,1.7915028529963226e+18,1.7914813502410322e+18
1791488017033003751,12.284,1.5475,1492.475,68.44258733204245,4.515000000000001,50.30776853483953,12.276638809980637,1.7915028022432855e+18,1.7914813721048945e+18
1791488017299969083,12.284,1.5325,1277.85,68.4618792410211,4.515000000000001,50.31398108120601,12.276928188615317,1.79150275260188e+18,1.791481393501049e+18
1791488017767479900,12.284,1.5175,622.875,68.48453028214976,4.515000000000001,50.3314451943034,12.277267954232247,1.791502704295805e+18,1.791481414333664e+18
1791488018034578718,12.288,1.5325,262.45,68.50275039157145,4.515000000000001,50.331386307549,12.277541255873572,1.7915026561128965e+18,1.79148143513e+18
1791488018301809290,12.288,1.4975,800.925,68.52128505991308,4.515000000000001,50.333396852028535,12.277819275898697,1.7915026079982735e+18,1.791481455914161e+18
1791488018569043854,12.288,1.4975,805.825,68.54034438566698,4.515000000000001,50.338622509126765,12.278105165785005,1.791502560171075e+18,1.7914814765901622e+18
1791488018969868263,12.284,1.4975,820.775,68.55746189836611,4.515000000000001,50.339737021416525,12.278361928475492,1.7915025128608428e+18,1.791481497056394e+18
1791488019236837498,12.292,1.5175,866.4,68.57733729511224,4.515000000000001,50.34377016652587,12.278660059426684,1.7915024661550392e+18,1.7914815172760438e+18
1791488019503676617,12.288,1.5175,1005.625,68.59643627720516,4.515000000000001,50.35003734732837,12.278946544158078,1.7915024206066447e+18,1.79148153700583e+18
1791488019904330836,12.292,1.5475,1430.5,68.61671022987461,4.515000000000001,50.35697755053423,12.27925065344812,1.7915023762314355e+18,1.7914815562396849e+18
1791488020171505731,12.292,1.4825,1088.725,68.63648617323383,4.515000000000001,50.36525541795317,12.279547292598508,1.7915023329033508e+18,1.791481575031769e+18
1791488020639157224,12.292,1.5475,45.725,68.65677747431505,4.515000000000001,50.37343861468025,12.279851662114726,1.7915022906386944e+18,1.7914815933753682e+18
1791488021106628066,12.292,1.5175,139.525,68.67641968971887,4.515000000000001,50.375473395526974,12.280146295345784,1.7915022494632133e+18,1.791481611258736e+18
1791488021306748647,12.292,1.4975,425.775,68.6955854589097,4.515000000000001,50.38064999412484,12.280433781883646,1.7915022091099482e+18,1.791481628797434e+18
1791488021573785465,12.292,1.5675,1299.35,68.71557416451253,4.515000000000001,50.385235803600764,12.280733612467689,1.7915021696363264e+18,1.7914816459666929e+18
1791488021841048223,12.292,1.4825,688.5,68.73471145037296,4.515000000000001,50.390396731681975,12.281020671755595,1.7915021309782098e+18,1.7914816627938703e+18
1791488022241796878,12.292,1.5175,462.725,68.7540518698,4.515000000000001,50.39759937120511,12.281310778047,1.7915020932176146e+18,1.7914816792433178e+18
1791488022642697329,12.296,1.5675,1412.1,68.77485311948901,4.515000000000001,50.40236072396352,12.281622796792336,1.7915020564279398e+18,1.7914816952836198e+18
1791488022843159830,12.292,1.5175,1032.575,68.79418371517932,4.515000000000001,50.40533270568585,12.28191275572769,1.7915020206528276e+18,1.791481710894218e+18
1791488023110125562,12.296,1.5325,1512.75,68.81436574750981,4.515000000000001,50.41164158189771,12.282215486212648,1.7915019857595172e+18,1.7914817261333233e+18
1791488023510274864,12.296,1.5325,1339.725,68.83422173917171,4.515000000000001,50.41981554885123,12.282513326087576,1.7915019516515948e+18,1.7914817410430935e+18
1791488023777247363,12.296,1.5325,811.7,68.85489593858003,4.515000000000001,50.42171941325793,12.282823439078701,1.791501918400567e+18,1.7914817555920548e+18
1791488024177998906,12.296,1.5175,838.7,68.87453748648886,4.515000000000001,50.42782835679639,12.283118062297333,1.791501886009892e+18,1.7914817697784061e+18
1791488024378469309,12.296,1.5675,921.1,68.89640941570643,4.515000000000001,50.427633724001495,12.283446141235597,1.791501854640797e+18,1.7914817835325448e+18
1791488024645766161,12.296,1.5175,1172.55,68.9164685237423,4.515000000000001,50.43011393117623,12.283747027856135,1.7915018243451615e+18,1.7914817968306985e+18
1791488025046581831,12.3,1.5675,301.525,68.93787019858777,4.515000000000001,50.4323433255991,12.284068052978817,1.7915017949432128e+18,1.7914818097519327e+18
1791488025313433701,12.296,1.5325,920.175,68.95762623291517,4.515000000000001,50.43673717312072,12.284364393493728,1.7915017666320087e+18,1.7914818222093135e+18
1791488025713875243,12.3,1.4975,1169.75,68.97880645038958,4.515000000000001,50.436580369473795,12.284682096755844,1.791501739224051e+18,1.7914818342853604e+18
1791488026114509698,12.296,1.4975,292.975,68.99941932742138,4.515000000000001,50.43738348455323,12.284991289911321,1.7915017126859912e+18,1.7914818459941335e+18
1791488026314970886,12.296,1.5175,894.075,69.01976740997291,4.515000000000001,50.43792268134171,12.285296511149594,1.7915016870675912e+18,1.7914818573129935e+18
1791488026582246831,12.296,1.5325,1090.1,69.04047735224555,4.515000000000001,50.44027987381967,12.285607160283684,1.7915016622562962e+18,1.7914818682916662e+18
1791488026983076047,12.296,1.4975,49.9,69.05969178795905,4.515000000000001,50.44307057497267,12.285895376819386,1.791501638093046e+18,1.7914818789989821e+18
1791488027183338728,12.3,1.4975,152.275,69.07946072653384,4.515000000000001,50.44640414385154,12.286191910898008,1.791501614640116e+18,1.7914818894073795e+18
1791488027450173553,12.3,1.5475,464.7,69.10000024434129,4.515000000000001,50.44831719866577,12.28650000366512,1.7915015917201505e+18,1.7914818995949937e+18
1791488027717458991,12.304,1.5325,1418.15,69.14869049632493,4.515000000000001,50.46771389459396,12.287230357444875,1.7915015705946324e+18,1.7914819090237652e+18
1791488028118322386,12.304,1.5475,1051.05,69.18924628405748,4.515000000000001,50.48383584113747,12.287838694260863,1.7915015508468628e+18,1.7914819178723494e+18
1791488028385390756,12.3,1.5675,1569.15,69.2211131400899,4.515000000000001,50.49650735182139,12.288316697101349,1.7915015308343148e+18,1.7914819268565284e+18
1791488028786122616,12.304,1.4825,1511.85,69.2508326726772,4.515000000000001,50.50836622302152,12.288762490090159,1.791501510875183e+18,1.791481935835432e+18
1791488029186687647,12.304,1.5325,1337.0,69.27764215907237,4.515000000000001,50.51903334919149,12.289164632386086,1.7915014912126272e+18,1.7914819447006904e+18
1791488029386844410,12.304,1.5325,803.4,69.30382759361993,0.0,50.5294666676597,12.2895574139043,1.79150147174892e+18,1.7914819534941458e+18
1791488029653898490,12.304,1.5975,813.375,69.32828556068299,0.0,50.53917810149345,12.289924283410246,1.7915014526636265e+18,1.7914819621357908e+18
1791488030054671297,12.304,1.4975,843.8,69.34990442029357,0.0,50.54779999318357,12.290248566304404,1.791501433963141e+18,1.791481970621782e+18
1791488030255128423,12.304,1.5675,936.65,69.37238550890999,0.0,50.55673811617255,12.29058578263365,1.7915014156271278e+18,1.7914819789605174e+18
1791488030455517991,12.304,1.4825,1220.025,69.39240228882949,0.0,50.5647321153743,12.290886034332443,1.791501397718572e+18,1.7914819871231345e+18
1791488030655949154,12.308,1.4975,446.4,69.41716334739942,0.0,50.57364526285805,12.291257450210992,1.7915013804737257e+18,1.7914819950081085e+18
1791488030856326571,12.304,1.4325,1362.3,69.43262381687106,0.0,50.591122319700794,12.291489357253067,1.791501363933001e+18,1.7914820025925752e+18
1791488031123412226,12.3,1.5175,880.6,69.44932719273467,0.0,50.60019825990342,12.29173990789102,1.7915013477154708e+18,1.7914820100445473e+18
1791488031523681058,12.308,1.4825,1048.975,69.46685724362266,0.0,50.61114650608756,12.29200285865434,1.7915013319475643e+18,1.791482017309683e+18
1791488031924472362,12.308,1.5175,1562.8,69.48551668038874,0.0,50.62112918744547,12.292282750205832,1.791501316477774e+18,1.7914820244547988e+18
1791488032124837779,12.308,1.5675,1492.475,69.50512514577692,0.0,50.628949056555705,12.292576877186654,1.7915013015135887e+18,1.7914820313884209e+18
1791488032392114351,12.304,1.4975,1277.85,69.52953560277358,0.0,50.63145613610287,12.292943034041604,1.791501287161903e+18,1.7914820380666276e+18
1791488032592598795,12.312,1.5475,622.875,69.57289873711494,0.0,50.64853547820886,12.293593481056725,1.791501274203941e+18,1.7914820441560727e+18
1791488032993416296,12.308,1.5325,262.45,69.61055181699811,0.0,50.66344308308183,12.294158277254972,1.79150126248759e+18,1.7914820497212895e+18
1791488033393752096,12.308,1.4625,800.925,69.6436633984846,0.0,50.67656213793652,12.29465495097727,1.7915012516850665e+18,1.7914820549033656e+18
1791488033794230245,12.308,1.5175,805.825,69.67395308131823,0.0,50.6885618230131,12.295109296219774,1.791501240378882e+18,1.7914820603236163e+18
1791488034061426206,12.308,1.4825,820.775,69.69699752230632,0.0,50.69768900260094,12.295454962834595,1.7915012287781402e+18,1.791482065885763e+18
1791488034462339678,12.308,1.4475,866.4,69.71706476562072,0.0,50.705652964909575,12.295755971484311,1.791501217002683e+18,1.7914820715357624e+18
1791488034863205101,12.308,1.4625,1005.625,69.7362999059676,0.0,50.71328273495103,12.296044498589515,1.7915012050991795e+18,1.791482077252832e+18
1791488035063587884,12.308,1.5325,1430.5,69.7555631251674,0.0,50.720897781500845,12.296333446877512,1.7915011931597501e+18,1.791482082995613e+18
1791488035330382092,12.312,1.4625,1088.725,69.77315439901393,0.0,50.72788179788702,12.29659731598521,1.7915011812761196e+18,1.7914820887228652e+18
1791488086487569877,12.308,1.4625,45.725,69.78961598170552,0.0,50.73441681593913,12.296844239725583,1.7915011923128712e+18,1.7914820846236882e+18
1791488086888492747,12.308,1.5175,139.525,69.80595576637512,0.0,50.74088252693417,12.297089336495628,1.7915012036433518e+18,1.7914820804049434e+18
1791488087088957038,12.308,1.5475,425.775,69.82027214934763,0.0,50.746542184788915,12.297304082240215,1.791501215197073e+18,1.7914820760954483e+18
1791488087289099869,12.308,1.5175,1299.35,69.83398345600693,0.0,50.751970057813566,12.297509751840105,1.7915012270745034e+18,1.7914820716509268e+18
1791488087489236082,12.316,1.4975,688.5,69.84847702028172,0.0,50.75771458952263,12.297727155304226,1.7915012392430277e+18,1.7914820670858166e+18
1791488087689692818,12.312,1.4625,462.725,69.86313975450732,0.0,50.76353492159536,12.29794709631761,1.7915012518802148e+18,1.7914820623223378e+18
1791488088023832525,12.308,1.5325,1412.1,69.87535152909619,0.0,50.76836456348869,12.298130272936444,1.7915012650281316e+18,1.7914820573414264e+18
1791488088424555790,12.308,1.4475,1032.575,69.88455172110129,0.0,50.7720305621382,12.29826827581652,1.7915012784191278e+18,1.791482052258901e+18
1791488088825384592,12.316,1.5175,1512.75,69.89641107981117,0.0,50.77673100358878,12.298446166197168,1.79150129271886e+18,1.7914820467849764e+18
1791488089225949072,12.312,1.5175,1339.725,69.90615507826917,0.0,50.78058909620787,12.298592326174038,1.7915013078844908e+18,1.79148204093767e+18
1791488089626289021,12.312,1.5475,811.7,69.92125601491952,0.0,50.79274586682708,12.298818840223793,1.7915013234726518e+18,1.791482034913549e+18
1791488089826773771,12.312,1.4975,838.7,69.94157210130687,0.0,50.816939355846934,12.299123581519604,1.7915013396116923e+18,1.791482028658595e+18
1791488090027205535,12.308,1.5475,921.1,69.96264190999848,0.0,50.840931885476365,12.299439628649978,1.79150135648408e+18,1.791482022093507e+18
1791488090227585691,12.312,1.4625,1172.55,69.9841244689294,0.0,50.86545611319509,12.299761867033942,1.7915013739681219e+18,1.791482015271673e+18
1791488090427875491,12.312,1.4975,301.525,70.0016334606217,0.0,50.87289418058278,12.300032669212435,1.791501390822866e+18,1.7914820087356974e+18
1791488090761871220,12.312,1.4975,920.175,70.01503734823673,0.0,50.87996080636689,12.300300746964735,1.7915014073323674e+18,1.7914820023594156e+18
1791488091162696485,12.312,1.5175,1169.75,70.02807553636872,0.0,50.884891214264655,12.300561510727375,1.7915014238256013e+18,1.7914819959980152e+18
1791488091563130935,12.316,1.4975,292.975,70.04286409691181,0.0,50.89674166280687,12.300857281938237,1.7915014402858273e+18,1.7914819896603625e+18
1791488091963959296,12.312,1.5675,894.075,70.05714042056893,0.0,50.90701075846703,12.30114280841138,1.7915014571150175e+18,1.7914819831695619e+18
1791488092164320007,12.316,1.5675,1090.1,70.09707472922295,0.0,50.92612225256632,12.30194149458446,1.7915014753666086e+18,1.7914819760785585e+18
1791488092364760246,12.312,1.5325,49.9,70.1303558607833,0.0,50.942203727892995,12.302607117215667,1.7915014946107052e+18,1.7914819685715354e+18
1791488092698851126,12.316,1.5175,152.275,70.16246893095273,0.0,50.95854774042628,12.303249378619055,1.791501514968952e+18,1.7914819605947118e+18
1791488092966139228,12.312,1.5325,464.7,70.18384855844307,0.0,50.96200309455618,12.303676971168862,1.791501535860244e+18,1.7914819523965417e+18
1791488093166500630,12.308,1.4975,1418.15,70.19752115627503,0.0,50.964607719649706,12.303950423125501,1.7915015568499604e+18,1.791481944162432e+18
1791488093500007427,12.312,1.4975,1051.05,70.22642942189721,0.0,50.9791667494216,12.304528588437945,1.7915015788887286e+18,1.7914819354857254e+18
1791488093700393745,12.312,1.4825,1569.15,70.25127062228867,0.0,50.99149614919179,12.305025412445774,1.7915016015247788e+18,1.7914819265611763e+18
1791488093900775657,12.312,1.5825,1511.85,70.26941345699134,0.0,50.99567436469074,12.305388269139828,1.7915016243359685e+18,1.7914819175704133e+18
1791488094101175484,12.312,1.4975,1337.0,70.28444447194751,0.0,50.999701558012504,12.305688889438951,1.7915016472233226e+18,1.791481908554513e+18
1791488094301508370,12.312,1.5175,803.4,70.30329664665487,0.0,51.00348831458144,12.306065932933098,1.7915016703324524e+18,1.7914818994519857e+18
1791488094501961310,12.312,1.4625,813.375,70.32023567573773,0.0,51.00684741073275,12.306404713514755,1.7915016936971543e+18,1.7914818902471086e+18
1791488094702248089,12.312,1.5325,843.8,70.33600936940559,0.0,51.01103684251076,12.306720187388112,1.7915017172031608e+18,1.7914818809890417e+18
1791488094969533879,12.316,1.5175,936.65,70.37051868966493,0.0,51.02888906376112,12.3074103737933,1.7915017417411786e+18,1.791481871298968e+18
1791488095169868171,12.316,1.5475,1220.025,70.38968025211679,0.0,51.03422540527165,12.307793605042336,1.791501766683665e+18,1.7914818614424607e+18
1791488095570357542,12.316,1.5325,446.4,70.41054122490571,0.0,51.039134015362265,12.308210824498115,1.7915017921739218e+18,1.7914818513589307e+18
1791488095971014150,12.316,1.4825,1362.3,70.42256728012413,0.0,51.050371481897095,12.308451345602483,1.7915018179168458e+18,1.791481841172796e+18
1791488096371893519,12.316,1.5175,880.6,70.43528517697543,0.0,51.0559751788594,12.308705703539509,1.7915018437435855e+18,1.7914818309581914e+18
1791488096639095729,12.316,1.4825,1048.975,70.44779030835036,0.0,51.05989548135811,12.308955806167008,1.7915018697672028e+18,1.7914818206649078e+18
1791488096906325716,12.32,1.4825,1562.8,70.4606281207903,0.0,51.07090824351335,12.309212562415807,1.7915018958310648e+18,1.7914818103616233e+18
1791488097306968894,12.32,1.4625,1492.475,70.47275601369883,0.0,51.06970664028299,12.309455120273977,1.791501921947205e+18,1.7914818000438892e+18
1791488097773969568,12.316,1.5175,1277.85,70.48460681876313,0.0,51.07078002673638,12.309692136375263,1.7915019481121825e+18,1.7914817897128105e+18
1791488098241538962,12.316,1.5325,622.875,70.4966559250728,0.0,51.073271594037124,12.309933118501457,1.7915019746484078e+18,1.7914817792282184e+18
1791488098508822393,12.316,1.5175,262.45,70.50834235461413,0.0,51.07114315057229,12.310166847092283,1.7915020010502743e+18,1.7914817688094282e+18
1791488098909775135,12.316,1.5175,800.925,70.55094948926495,0.0,51.09151016970428,12.3110189897853,1.7915020291178048e+18,1.7914817576878208e+18
1791488099310330124,12.32,1.5675,805.825,70.58596951337205,0.0,51.10971593194706,12.311719390267442,1.7915020583872428e+18,1.7914817460624945e+18
1791488099510475066,12.316,1.4825,820.775,70.61466180364356,0.0,51.12417352589361,12.312293236072872,1.791502088409058e+18,1.7914817341251492e+18
1791488099777761863,12.324,1.5675,866.4,70.62882884986104,0.0,51.12914779717645,12.312576576997222,1.7915021185978744e+18,1.7914817221239365e+18
1791488100045006276,12.32,1.5325,1005.625,70.64468882426239,0.0,51.13114793984465,12.312893776485248,1.791502149074215e+18,1.7914817100073219e+18
1791488100245329098,12.316,1.4975,1430.5,70.67490836580006,0.0,51.14682063476268,12.313498167316002,1.79150218029588e+18,1.7914816975830956e+18
1791488100646155588,12.316,1.5675,1088.725,70.70159448652048,0.0,51.16063369633896,12.31403188973041,1.7915022123385567e+18,1.791481684817162e+18
1791488100913428417,12.32,1.5325,45.725,70.72546679714911,0.0,51.172988813748965,12.314509335942983,1.7915022448833935e+18,1.7914816718471373e+18
1791488101380665379,12.32,1.5175,139.525,70.74693701488569,0.0,51.18410825366251,12.314938740297714,1.791502277999419e+18,1.791481658642044e+18
1791488101647671377,12.32,1.4825,425.775,70.76701297511788,0.0,51.194520650262476,12.315340259502358,1.791502309992661e+18,1.7914816459425032e+18
1791488102048519414,12.32,1.4975,1299.35,70.7874601819518,0.0,51.20512967291736,12.315749203639037,1.7915023415720627e+18,1.7914816334391306e+18
1791488102449367942,12.324,1.4825,688.5,70.80616181205953,0.0,51.21482577827883,12.316123236241191,1.7915023726140997e+18,1.7914816211843346e+18
1791488102716652491,12.316,1.5175,462.725,70.8231867489366,0.0,51.223649681855214,12.316463734978733,1.7915024034318725e+18,1.7914816090396447e+18
1791488103184078498,12.32,1.5325,1412.1,70.83985532735431,0.0,51.23228614890282,12.316797106547087,1.7915024340848617e+18,1.7914815969798746e+18
1791488103450944246,12.32,1.4825,1032.575,70.85555446912818,0.0,51.24042762467045,12.317111089382564,1.7915024643819712e+18,1.7914815850864161e+18
1791488103718171863,12.324,1.5325,1512.75,70.8717363688744,0.0,51.248802623915346,12.317434727377488,1.791502494639717e+18,1.7914815732213066e+18
1791488104118870467,12.32,1.5325,1339.725,70.88663918541548,0.0,51.256514298155444,12.31773278370831,1.7915025248310262e+18,1.7914815613958433e+18
1791488104386067904,12.324,1.5175,811.7,70.90003267420995,0.0,51.26345424659782,12.3180006534842,1.7915025549809236e+18,1.7914815495973978e+18
1791488104853634053,12.324,1.4975,838.7,70.91297060351022,0.0,51.270168777752694,12.318259412070205,1.791502585276235e+18,1.791481537746185e+18
1791488105121841462,12.32,1.5175,921.1,70.92539828889926,0.0,51.2766127702447,12.318507965777986,1.7915026156015521e+18,1.7914815258901281e+18
1791488105388698323,12.32,1.5475,1172.55,70.9382587624403,0.0,51.28326999127555,12.318765175248807,1.7915026462017347e+18,1.791481513923348e+18
1791488105655840107,12.32,1.5675,301.525,70.95066815182624,0.0,51.28968287279247,12.319013363036525,1.791502676830778e+18,1.7914815019520778e+18
1791488106056790359,12.324,1.5675,920.175,70.96272485799274,0.0,51.295914212912606,12.319254497159855,1.7915027076537452e+18,1.7914814899049418e+18
1791488106323995770,12.324,1.5325,1169.75,70.9737421017551,0.0,51.30162409970915,12.319474842035103,1.7915027385759414e+18,1.791481477821639e+18
1791488106591184635,12.32,1.5325,292.975,70.98486827511525,0.0,51.30738859129024,12.319697365502305,1.7915027696643873e+18,1.791481465673567e+18
1791488107058770448,12.32,1.5325,894.075,70.9955305502774,0.0,51.312913123971,12.319910611005549,1.791502801120343e+18,1.791481453373318e+18
1791488107325754769,12.324,1.5825,1090.1,71.00619608188435,0.0,51.31842140855437,12.320123921637688,1.791502832700245e+18,1.791481441025982e+18
1791488107725932021,12.324,1.5175,49.9,71.01583230747985,0.0,51.323425831216404,12.320316646149598,1.7915028646604444e+18,1.7914814285202788e+18
1791488107992760594,12.328,1.5325,152.275,71.02521170911754,0.0,51.32829889907103,12.320504234182351,1.791502896857348e+18,1.7914814159176095e+18
1791488108459632731,12.324,1.5175,464.7,71.03312748759556,0.0,51.332416718525465,12.320662549751912,1.79150292981914e+18,1.7914814029886382e+18
1791488108726470339,12.324,1.5475,1418.15,71.04148949728878,0.0,51.33674834929284,12.320829789945776,1.7915029631643976e+18,1.791481389898004e+18
1791488109127056974,12.328,1.4975,1051.05,71.05064895896004,0.0,51.341513184152504,12.321012979179201,1.791502996967093e+18,1.7914813766148943e+18
1791488109393712987,12.32,1.4825,1569.15,71.05704237405853,0.0,51.34485966533858,12.321140847481171,1.7915030311025498e+18,1.7914813631915249e+18
1791488109595267946,12.324,1.5175,1511.85,71.06587609466793,0.0,51.34944506216966,12.32131752189336,1.791503065412089e+18,1.7914813496979366e+18
1791488109995827688,12.324,1.5475,1337.0,71.07366371139275,0.0,51.353479806408785,12.321473274227856,1.791503100162482e+18,1.7914813360184125e+18
1791488110262995375,12.324,1.4975,803.4,71.08020466603566,0.0,51.356884626556514,12.321604093320714,1.791503135278313e+18,1.7914813221842458e+18
1791488110663742204,12.32,1.5975,813.375,71.08696067755264,0.0,51.360371545519115,12.321739213551053,1.7915031707887316e+18,1.791481308183825e+18
1791488111064548849,12.324,1.5825,843.8,71.09431614303733,0.0,51.36415794101991,12.321886322860747,1.7915032068794842e+18,1.7914812939362888e+18
1791488111331430539,12.324,1.5325,936.65,71.10074229895237,0.0,51.36749851861967,12.322014845979048,1.7915032435145385e+18,1.7914812794565632e+18
1791488111532046786,12.324,1.5325,1220.025,71.12060186119223,0.0,51.42407651116861,12.322412037223845,1.791503281268312e+18,1.791481264502299e+18
1791488112132694347,12.324,1.5825,446.4,71.13795666659523,0.0,51.46349724372417,12.322759133331905,1.7915033204113695e+18,1.7914812489572037e+18
1791488112399972526,12.328,1.5175,1362.3,71.15752611639782,0.0,51.50791316836802,12.323150522327957,1.7915033609483727e+18,1.7914812328181821e+18
1791488112867730402,12.324,1.5675,880.6,71.1737071230125,0.0,51.538216572406476,12.32347414246025,1.7915034029021755e+18,1.791481216075003e+18
1791488113335041384,12.328,1.5475,1048.975,71.19009878913313,0.0,51.56837034237013,12.323801975782663,1.7915034461532073e+18,1.7914811987799048e+18
1791488113802413620,12.32,1.5675,1562.8,71.20425987361844,0.0,51.591450783175276,12.32408519747237,1.7915034906544788e+18,1.7914811809521408e+18
1791488114202992374,12.328,1.5325,1492.475,71.21769553533487,0.0,51.606445313700135,12.324353910706698,1.7915035365203018e+18,1.7914811625415365e+18
1791488114470290053,12.324,1.5325,1277.85,71.23343970007497,0.0,51.63524483482624,12.3246687940015,1.791503583560281e+18,1.7914811436317614e+18
1791488114737577150,12.328,1.5825,622.875,71.2439396174087,0.0,51.6345074227599,12.324878792348175,1.7915036317027988e+18,1.7914811242510377e+18
1791488114871230961,12.328,1.5825,262.45,71.25719053159683,0.0,51.6481607989367,12.325143810631937,1.7915036810903373e+18,1.7914811043386565e+18
1791488115405017562,12.324,1.5475,800.925,71.2712519222931,0.0,51.67084233993395,12.325425038445863,1.7915037320808264e+18,1.7914810837415926e+18
1791488115805824889,12.324,1.5975,805.825,71.28131000692352,0.0,51.66332814921901,12.32562620013847,1.791503784309779e+18,1.7914810626153864e+18
1791488116073100395,12.324,1.5675,820.775,71.29057430338398,0.0,51.65378545166632,12.32581148606768,1.7915038377775537e+18,1.7914810409590328e+18
1791488116206762729,12.324,1.5675,866.4,71.30250773904176,0.0,51.66644050660648,12.326050154780836,1.7915038923836173e+18,1.7914810188172078e+18
1791488116340350352,12.324,1.6325,1005.625,71.3159063105678,0.0,51.68592117118835,12.326318126211357,1.79150394829917e+18,1.791480996116605e+18
1791488117008459117,12.328,1.5975,1430.5,71.32791485939619,0.0,51.69522058721071,12.326558297187924,1.791504005955029e+18,1.7914809726729672e+18
1791488117275382702,12.324,1.5475,1088.725,71.33954809683772,0.0,51.70882388818877,12.326790961936755,1.7915040649282355e+18,1.791480948667494e+18
1791488117675940407,12.324,1.5325,45.725,71.34969574408741,0.0,51.71017681151347,12.326993914881749,1.7915041253596155e+18,1.7914809240390267e+18
1791488117943175918,12.324,1.5675,139.525,71.36099038839319,0.0,51.72134870889312,12.327219807767865,1.7915041870011187e+18,1.7914808988956562e+18
1791488118410921973,12.32,1.5825,425.775,71.3707475827271,0.0,51.71990167675293,12.327414951654543,1.7915042503144632e+18,1.7914808730374438e+18
1791488118878544802,12.32,1.5975,1299.35,71.38075438058385,0.0,51.72193493554835,12.327615087611678,1.7915043152428111e+18,1.7914808464897075e+18
1791488119145746326,12.32,1.4975,688.5,71.39041125009021,0.0,51.73127393331145,12.327808225001805,1.7915043815266327e+18,1.7914808193637668e+18
1791488119412583346,12.324,1.5475,462.725,71.40054110516444,0.0,51.73209082488781,12.32801082210329,1.7915044493821957e+18,1.791480791565949e+18
1791488119813420799,12.324,1.615,1412.1,71.41120027478802,0.0,51.732350447681874,12.32822400549576,1.7915045189003948e+18,1.7914807630589704e+18
1791488120080718638,12.324,1.5825,1032.575,71.42157609169651,0.0,51.726424370529884,12.32843152183393,1.7915045898899144e+18,1.7914807339249485e+18
1791488120347959497,12.328,1.5825,1512.75,71.43250281830359,0.0,51.73013095817412,12.328650056366072,1.791504662744976e+18,1.7914807039934536e+18
1791488120748883870,12.324,1.5475,1339.725,71.44260868301647,0.0,51.73349261403422,12.32885217366033,1.7915047375240102e+18,1.7914806732395277e+18
1791488121016088883,12.32,1.6325,811.7,71.45326344174919,0.0,51.71544441868674,12.329065268834984,1.7915048140198351e+18,1.7914806417530266e+18
1791488121483275912,12.328,1.5325,838.7,71.4651898644532,0.0,51.70234131336163,12.329303797289064,1.791504892550829e+18,1.7914806093988316e+18
1791488121750164441,12.324,1.5475,921.1,71.47524975116218,0.0,51.70475848432373,12.329504995023244,1.791504972847839e+18,1.791480576291269e+18
1791488122217923188,12.324,1.5825,1172.55,71.48603990330632,0.0,51.700089687606294,12.329720798066127,1.7915050554981263e+18,1.7914805421777969e+18
1791488122485041329,12.324,1.5475,301.525,71.49580816826546,0.0,51.70145160335883,12.32991616336531,1.7915051399154368e+18,1.79148050731126e+18
1791488122885966913,12.32,1.5675,920.175,71.50532038440545,0.0,51.698109136208075,12.33010640768811,1.7915052263743017e+18,1.7914804715734106e+18
1791488123153154390,12.324,1.5675,1169.75,71.51997842649108,0.0,51.6904116901356,12.330399568529822,1.7915053150407816e+18,1.7914804348955318e+18
1791488123553452381,12.32,1.5825,292.975,71.55324777918554,0.0,51.70779992882211,12.331064955583711,1.7915054075054423e+18,1.791480396602427e+18
1791488123820618616,12.324,1.5825,894.075,71.58388036625281,0.0,51.72388514454964,12.331677607325057,1.7915055036606833e+18,1.7914803567394007e+18
1791488124221435629,12.32,1.65,1090.1,71.61116032862633,0.0,51.73809415296355,12.332223206572527,1.7915056034207327e+18,1.7914803153432266e+18
1791488124421899174,12.32,1.5975,49.9,71.63562956952471,0.0,51.75082270173988,12.332712591390495,1.791505706093365e+18,1.7914802727114127e+18
1791488124689055471,12.328,1.615,152.275,71.66066826045466,0.0,51.763943181868136,12.333213365209094,1.7915058118070147e+18,1.7914802287902019e+18
1791488125089992561,12.328,1.5975,464.7,71.68401114608382,0.0,51.776181449304296,12.333680222921677,1.7915059207171348e+18,1.7914801835130688e+18
1791488125356824463,12.324,1.665,1418.15,71.70595929955333,0.0,51.7876293685215,12.334119185991067,1.7915060326678433e+18,1.791480136946493e+18
1791488125556921320,12.328,1.6325,1051.05,71.72664137455341,0.0,51.79842891690338,12.334532827491069,1.791506147438842e+18,1.7914800891850373e+18
1791488125957684050,12.324,1.6325,1569.15,71.745388520796,0.0,51.808192730355195,12.33490777041592,1.7915062651880256e+18,1.7914800401612634e+18
1791488126224961883,12.328,1.6325,1511.85,71.76308243730956,0.0,51.81740544547162,12.335261648746192,1.7915063856845883e+18,1.7914799899745935e+18
1791488126425427250,12.332,1.5175,1337.0,71.78002858389306,0.0,51.82628780250467,12.335600571677862,1.7915065088040146e+18,1.791479938678439e+18
1791488126826212502,12.328,1.5475,803.4,71.79646862284262,0.0,51.83490763874206,12.335929372456853,1.7915066349362417e+18,1.7914798861061604e+18
1791488127226888516,12.32,1.5675,813.375,71.81068638246434,0.0,51.84234284855024,12.336213727649287,1.791506764007638e+18,1.7914798322887726e+18
1791488127426939851,12.324,1.615,843.8,71.82574091532484,0.0,51.85019245105778,12.336514818306497,1.7915068955953283e+18,1.791479777409093e+18
1791488127694126288,12.324,1.5825,936.65,71.83984733497074,0.0,51.85755459007767,12.336796946699415,1.7915070302641257e+18,1.7914797212231386e+18
1791488128094949224,12.32,1.615,1220.025,71.85321856872065,0.0,51.86452183991747,12.337064371374414,1.7915071677750733e+18,1.791479663835594e+18
1791488128362227962,12.324,1.6325,446.4,71.8659519164694,0.0,51.871140752042706,12.337319038329388,1.7915073080084626e+18,1.79147960529753e+18
1791488128763113262,12.32,1.68,1362.3,71.87928668212321,0.0,51.87807598372578,12.337585733642465,1.7915074511021972e+18,1.7914795455516713e+18
1791488128963572499,12.324,1.5825,880.6,71.89060775923392,0.0,51.88388802509547,12.337812155184679,1.7915075967328082e+18,1.7914794847358546e+18
1791488129230640527,12.328,1.6325,1048.975,71.89895258942725,0.0,51.88954853570438,12.337979051788546,1.7915077446349583e+18,1.7914794229634424e+18
1791488129697912320,12.324,1.5325,1562.8,71.91271403636915,0.0,51.8956897195023,12.338254280727384,1.7915078957621517e+18,1.7914793598291218e+18
1791488130098612207,12.324,1.615,1492.475,71.92130423980164,0.0,51.900794114959204,12.338426084796033,1.791508049617097e+18,1.7914792955440515e+18
1791488130365854582,12.324,1.5975,1277.85,71.93481228685108,0.0,51.907797159488126,12.338696245737022,1.7915082063135017e+18,1.7914792300625702e+18
1791488130633147220,12.328,1.5975,622.875,71.9480214796058,0.0,51.91465231622944,12.338960429592117,1.7915083664661107e+18,1.7914791631197432e+18
1791488131100640103,12.324,1.5825,262.45,71.96119896088841,0.0,51.92151801912261,12.339223979217769,1.7915085297898957e+18,1.7914790948412273e+18
1791488131567747943,12.324,1.5825,800.925,71.97350396542328,0.0,51.92791753755489,12.339470079308466,1.7915086966745413e+18,1.7914790250591204e+18
1791488131834909139,12.328,1.5475,805.825,71.98481391899917,0.0,51.933810140582054,12.339696278379984,1.7915088667963295e+18,1.7914789539114086e+18
1791488132302553374,12.324,1.5975,820.775,71.99550435995164,0.0,51.93935887160168,12.339910087199033,1.791509040728436e+18,1.7914788811527647e+18
1791488132770296169,12.324,1.65,866.4,72.00538522571937,0.0,51.94446014084729,12.340107704514388,1.7915092185607585e+18,1.7914788067444447e+18
1791488133037574979,12.324,1.5825,1005.625,72.01440368026066,0.0,51.94914603569078,12.340288073605214,1.791509399314861e+18,1.791478731108292e+18
1791488133437892506,12.328,1.5825,1430.5,72.0235037455925,0.0,51.95387417366479,12.34047007491185,1.7915095831336778e+18,1.791478654184262e+18
1791488133704918083,12.328,1.5975,1088.725,72.03251764805712,0.0,51.95855010837859,12.340650352961143,1.7915097696825354e+18,1.791478576116563e+18
1791488134172616463,12.324,1.65,45.725,72.04092742263616,0.0,51.96288696569973,12.340818548452724,1.7915099592942067e+18,1.791478496763835e+18
1791488134439899408,12.324,1.5825,139.525,72.0488965785881,0.0,51.96702699879123,12.340977931571762,1.791510151447229e+18,1.791478416349615e+18
1791488134707106802,12.328,1.5325,425.775,72.05591231958584,0.0,51.97069502646596,12.341118246391718,1.7915103459286612e+18,1.7914783349655068e+18
1791488135108019691,12.328,1.615,1299.35,72.06199432665352,0.0,51.97383669301285,12.34123988653307,1.7915105479311127e+18,1.7914782503740603e+18
1791488135374854039,12.324,1.5825,688.5,72.0754730157159,0.0,52.02585302438666,12.341509460314319,1.7915107572271764e+18,1.7914781626790065e+18
1791488135641918061,12.32,1.615,462.725,72.08644265365497,0.0,52.050373844818324,12.3417288530731,1.7915109732664863e+18,1.7914780721172388e+18
1791488135909207523,12.328,1.5975,1412.1,72.09742615461118,0.0,52.06778009425489,12.341948523092224,1.7915111969559933e+18,1.7914779782993766e+18
1791488136376949675,12.324,1.6325,1032.575,72.10920049479003,0.0,52.09274944322171,12.342184009895801,1.7915114307756744e+18,1.7914778801611512e+18
1791488136644236916,12.328,1.5675,1512.75,72.12065131021247,0.0,52.115959113568174,12.34241302620425,1.79151167478124e+18,1.7914777776792765e+18
1791488137111889516,12.32,1.6325,1339.725,72.12849595067777,0.0,52.118398644733595,12.342569919013556,1.7915119289508352e+18,1.7914776708640256e+18
1791488137378769545,12.328,1.5975,811.7,72.13859668320798,0.0,52.13294050031573,12.34277193366416,1.7915121927555622e+18,1.79147755994685e+18
1791488137779556492,12.324,1.5975,838.7,72.14529130414728,0.0,52.11858701443808,12.342905826082946,1.791512466038676e+18,1.7914774449958546e+18
1791488138046836470,12.324,1.5675,921.1,72.15287530671456,0.0,52.11602831621401,12.343057506134292,1.7915127490680922e+18,1.7914773258981478e+18
1791488138247280971,12.328,1.5825,1172.55,72.1602185392884,0.0,52.09895373139966,12.343204370785768,1.7915130419529275e+18,1.7914772026086894e+18
1791488138514435524,12.328,1.5675,301.525,72.17738327735111,0.0,52.07913735547485,12.343547665547023,1.7915133469135396e+18,1.7914770741853711e+18
1791488138781743981,12.32,1.6325,920.175,72.21203733416326,0.0,52.095932794429935,12.344240746683266,1.7915136667178836e+18,1.791476939459336e+18
1791488139249099007,12.328,1.6325,1169.75,72.2427557596931,0.0,52.110810907593134,12.344855115193862,1.7915140021413338e+18,1.791476798099873e+18
1791488139515901113,12.324,1.615,292.975,72.2692105763853,0.0,52.12337608273393,12.345384211527707,1.7915143529284588e+18,1.7914766502156915e+18
1791488139983351743,12.324,1.6325,894.075,72.2949427969226,0.0,52.13619198762585,12.345898855938453,1.791514720237312e+18,1.791476495315564e+18
1791488140250632179,12.324,1.615,1090.1,72.31876914807421,0.0,52.14789332356368,12.346375382961485,1.7915151041384788e+18,1.7914763333699438e+18
1791488140651501102,12.328,1.5825,49.9,72.34185141521205,0.0,52.15959843472753,12.346837028304241,1.791515505939419e+18,1.7914761638229304e+18
1791488140918819976,12.324,1.5325,152.275,72.36245959538009,0.0,52.17023440063932,12.347249191907602,1.7915159253596987e+18,1.7914759867967475e+18
1791488141385937086,12.328,1.5825,464.7,72.3854294541768,0.0,52.18082323697593,12.347708589083537,1.7915163649372288e+18,1.7914758012115366e+18
1791488141653019017,12.324,1.5475,1418.15,72.40529149846581,0.0,52.18826537644025,12.348105829969317,1.7915168248829082e+18,1.791475606977683e+18
1791488141920214197,12.324,1.5975,1051.05,72.42308205814608,0.0,52.19279135834017,12.348461641162922,1.7915173062687762e+18,1.7914754036389952e+18
1791488142320936415,12.324,1.5325,1569.15,72.4439423853079,0.0,52.20136781488177,12.348878847706159,1.7915178117402035e+18,1.7914751900718387e+18
1791488142588205683,12.324,1.6325,1511.85,72.47202889641605,0.0,52.21305056939247,12.349440577928322,1.7915183432874988e+18,1.791474965437508e+18
1791488142788612606,12.32,1.615,1337.0,72.48025637196393,0.0,52.23027120829305,12.349605127439279,1.7915188987643645e+18,1.7914747306400696e+18
1791488143055899197,12.328,1.615,803.4,72.48857259914699,0.0,52.2386184919834,12.34977145198294,1.7915194802913395e+18,1.791474484777712e+18
1791488143322823663,12.324,1.615,813.375,72.49590280156023,0.0,52.24169613899092,12.349918056031205,1.7915200893693322e+18,1.7914742272130775e+18
1791488143523179639,12.324,1.5825,843.8,72.50307634487906,0.0,52.23033218247522,12.350061526897582,1.7915207279175183e+18,1.7914739571302536e+18
1791488143923498146,12.324,1.5825,936.65,72.51493006802353,0.0,52.21739702157503,12.350298601360471,1.7915213996517588e+18,1.791473672953674e+18
1791488144591667560,12.328,1.615,1220.025,72.52420994507513,0.0,52.20707400826483,12.350484198901503,1.791522100518798e+18,1.791473376432648e+18
1791488144858826048,12.324,1.5675,446.4,72.53234792299938,0.0,52.199367280253355,12.350646958459988,1.7915228275916413e+18,1.7914730688250632e+18
1791488145059231941,12.32,1.615,1362.3,72.54066245778715,0.0,52.190061680017834,12.350813249155744,1.7915235882044564e+18,1.7914727469946243e+18
1791488145459476003,12.328,1.5825,880.6,72.57467819864809,0.0,52.20785779599552,12.351493563972962,1.7915243948681324e+18,1.791472405632805e+18
1791488145726468312,12.324,1.5675,1048.975,72.60256828340647,0.0,52.22235227137496,12.35205136566813,1.791525247886461e+18,1.791472044615539e+18
1791488145926817241,12.328,1.5475,1562.8,72.62821916132819,0.0,52.23567123072352,12.352564383226564,1.7915261495230845e+18,1.7914716629857436e+18
1791488146594655519,12.324,1.615,1492.475,72.65129022438897,0.0,52.2476189755445,12.35302580448778,1.7915271046013663e+18,1.7914712586983278e+18
1791488146861779812,12.316,1.5975,1277.85,72.6718976427624,0.0,52.25825073113525,12.353437952855248,1.791528115769834e+18,1.791470830628862e+18
1791488147062090985,12.328,1.5975,622.875,72.69210850176017,0.0,52.2686893869491,12.353842170035204,1.791529185307084e+18,1.7914703778207928e+18
1791488147729625752,12.324,1.5675,262.45,72.71087149568024,0.0,52.27842236720699,12.354217429913605,1.7915303204911158e+18,1.7914698971853435e+18
1791488148197215202,12.328,1.615,800.925,72.7294326521628,0.0,52.28802590261936,12.354588653043256,1.7915315233045937e+18,1.791469387895087e+18
1791488148865363451,12.328,1.615,805.825,72.74738961025119,0.0,52.2973052531538,12.354947792205024,1.7915328025154796e+18,1.7914688462266808e+18
1791488149132475807,12.324,1.615,820.775,72.76469095513959,0.0,52.30628267104319,12.355293819102792,1.7915341624162138e+18,1.7914682703647747e+18
1791488149399320399,12.32,1.65,866.4,72.78036803107354,0.0,52.31436926587318,12.355607360621471,1.7915356102286728e+18,1.79146765724817e+18
1791488149599459249,12.324,1.65,1005.625,72.79675068153057,0.0,52.32283802199233,12.355935013630612,1.7915371547992591e+18,1.7914670031280164e+18
1791488150000265678,12.332,1.5975,1430.5,72.81219568680565,0.0,52.33083144898053,12.356243913736114,1.791538806220674e+18,1.7914663037285128e+18
1791488150467795970,12.324,1.615,1088.725,72.82691155579214,0.0,52.338415183958716,12.356538231115843,1.7915405756492204e+18,1.7914655543228774e+18
1791488150734966944,12.332,1.5975,45.725,72.8417538776834,0.0,52.346088503031005,12.356835077553669,1.7915424742756055e+18,1.7914647501712586e+18
1791488151002044354,12.328,1.615,139.525,72.85520507361464,0.0,52.35303373973186,12.357104101472293,1.7915445180259118e+18,1.7914638845181993e+18
1791488151669556208,12.328,1.6325,425.775,72.86826611778137,0.0,52.35976820484543,12.357365322355628,1.7915467267297958e+18,1.7914629489594621e+18
1791488151936842227,12.328,1.615,1299.35,72.88179265046377,0.0,52.36679072251385,12.357635853009276,1.7915491169485432e+18,1.7914619364816456e+18
1791488152404501096,12.328,1.615,688.5,72.8939439149145,0.0,52.373073367589434,12.35787887829829,1.7915517136201772e+18,1.7914608365129052e+18
1791488152872259160,12.328,1.5325,462.725,72.90580842438263,0.0,52.379258002560746,12.358116168487653,1.7915545687987505e+18,1.79145962692803e+18
1791488153139479276,12.328,1.5825,1412.1,72.91738758571097,0.0,52.38526564909101,12.35834775171422,1.7915577133005545e+18,1.7914582946768563e+18
1791488153539666831,12.328,1.715,1032.575,72.93040670165753,0.0,52.39196073192907,12.358608134033151,1.7915611916517763e+18,1.7914568208933563e+18
1791488153806788054,12.328,1.5825,1512.75,72.94074871613682,0.0,52.39731448451134,12.358814974322737,1.7915650522754819e+18,1.7914551850533427e+18
1791488154074057076,12.328,1.6325,1339.725,72.95140760664748,0.0,52.40280930410077,12.35902815213295,1.791569355101953e+18,1.7914533617649485e+18
1791488154474933483,12.324,1.6325,811.7,72.9612998888128,0.0,52.40791769014212,12.359225997776257,1.791574169804664e+18,1.7914513215170337e+18
1791488154742212383,12.324,1.615,838.7,72.9709477102503,0.0,52.412902413682,12.359418954205006,1.791579590611902e+18,1.791449024370686e+18
1791488155009506766,12.328,1.665,921.1,72.98141197731648,0.0,52.41828412796562,12.35962823954633,1.7915857400474977e+18,1.7914464183973932e+18
1791488155276473655,12.324,1.615,1172.55,72.9896787533196,0.0,52.42253111480596,12.359793575066393,1.7915927711253286e+18,1.7914434387408745e+18
1791488155677092849,12.324,1.6325,301.525,72.99917068824158,0.0,52.42743508804478,12.359983413764832,1.7916008958309512e+18,1.7914399955490191e+18
1791488155944361245,12.324,1.5975,920.175,73.00807200819239,0.0,52.432050551742456,12.360161440163848,1.7916104550918438e+18,1.7914359442199165e+18
1791488156211555690,12.328,1.615,1169.75,73.0167165347236,0.0,52.43651089530056,12.360334330694473,1.7916218356508877e+18,1.7914311208402637e+18
1791488156478814143,12.328,1.615,292.975,73.02485977292042,0.0,52.44071037593349,12.360497195458409,1.791635594313821e+18,1.7914252893986614e+18
1791488156879610125,12.324,1.665,894.075,73.0334552805436,0.0,52.445128760739806,12.360669105610873,1.7916525681701622e+18,1.7914180950646605e+18
1791488157146812499,12.324,1.6325,1090.1,73.04087937911987,0.0,52.44894517429429,12.360817587582398,1.7916739861968448e+18,1.7914090169094487e+18
1791488157413797855,12.324,1.5475,49.9,73.04816330280718,0.0,52.45272119805915,12.360963266056144,1.7917018533523968e+18,1.7913972050609966e+18
1791488157613771850,12.324,1.68,152.275,73.0562903760119,0.0,52.45687836002423,12.361125807520239,1.7917395556701002e+18,1.791381224261655e+18
1791488158014444935,12.324,1.5675,464.7,73.0632015750241,0.0,52.460454607211396,12.361264031500482,1.7917934496560384e+18,1.7913583800881075e+18
1791488158482155747,12.328,1.5975,1418.15,73.07073316052097,0.0,52.46434473199573,12.36141466321042,1.7918768120815022e+18,1.7913230447589338e+18
1791488158882922616,12.332,1.5675,1051.05,73.07774355681049,0.0,52.467973682859906,12.36155487113621,1.79202278060895e+18,1.791261171821474e+18
1791488159150115060,12.332,1.615,1569.15,73.08538502872013,0.0,52.4719100417082,12.361707700574403,1.7923435788280727e+18,1.791125191836604e+18
1791488159550458518,12.324,1.5975,1511.85,73.09231751574288,0.0,52.475490015870605,12.361846350314858,1.793622144662924e+18,1.7905832320119962e+18
1791488159817766618,12.328,1.615,1337.0,73.09959158886663,0.0,52.47923985874458,12.361991831777333,1.7870423977351683e+18,1.7933722601297085e+18
1791488160218564414,12.332,1.5175,803.4,73.10668557059454,0.0,52.482932159753226,12.362133711411891,1.7903932253084214e+18,1.7919519086014195e+18
1791488160485811758,12.328,1.5975,813.375,73.11238498898653,0.0,52.48587026328933,12.362247699779731,1.7908616228504243e+18,1.7917533637659622e+18
1791488160686271948,12.328,1.5975,843.8,73.11827355383116,0.0,52.48890729462607,12.362365471076624,1.7910484377513326e+18,1.7916741764636032e+18
1791488161087182790,12.328,1.68,936.65,73.12512897405136,0.0,52.492406102982414,12.362502579481028,1.791149233408862e+18,1.7916314512261545e+18
1791488161487509079,12.328,1.665,1220.025,73.1324897674753,0.0,52.49617576379665,12.362649795349506,1.7912123673011466e+18,1.7916046901987366e+18
1791488161754786138,12.324,1.5825,446.4,73.13772468407586,0.0,52.498880083755914,12.362754493681518,1.79125556845607e+18,1.7915863783157225e+18
1791488162155725394,12.328,1.5975,1362.3,73.14425457542403,0.0,52.50224993163096,12.362885091508481,1.7912870347974886e+18,1.7915730406415572e+18
1791488163691666446,12.256,2.5175,425.2,73.14712619677168,0.0,52.503536290228176,12.362942523935434,1.7913110375272568e+18,1.791562866713308e+18
1791488164092508033,11.648,14.25,1297.6,73.14948449783704,0.0,52.5012500465283,12.362989689956741,1.7913298903883722e+18,1.791554875742985e+18
1791488164493363924,11.484,17.165,683.15,73.15016940344651,0.0,52.49872820025834,12.36300338806893,1.7913450818919496e+18,1.7915484367726666e+18
1791488164760639381,11.364,18.95,446.4,73.14958633828121,0.0,52.49901997243611,12.362991726765625,1.7913575764305206e+18,1.79154314101335e+18
1791488164961109057,11.268,20.4,1362.3,73.14763188287658,0.0,52.50173139194402,12.362952637657532,1.7913680382937935e+18,1.7915387068923937e+18
1791488165161450032,11.292,19.565,880.6,73.14466160405865,0.0,52.506657258184404,12.362893232081174,1.791376932027315e+18,1.791534937505796e+18
1791488165361616191,11.588,13.7175,1048.975,73.14052252196683,6.3525,52.50993883116805,12.362810450439337,1.7913845777345477e+18,1.7915316971527163e+18
1791488165762294145,10.8,29.25,1562.8,73.14033323377583,6.3525,52.541553438532226,12.362806664675517,1.7913912360241728e+18,1.7915288753687117e+18
1791488166163165784,10.584,34.2175,1492.475,73.13926827401538,8.785,52.557074238734835,12.362785365480308,1.7913970866520532e+18,1.7915263959581443e+18
1791488166430266929,10.196,40.5825,1277.85,73.14019799651231,8.785,52.57246045398694,12.362803959930247,1.791402253491455e+18,1.791524206375845e+18
1791488166831117469,10.248,39.0,622.875,73.14181730921322,11.6025,52.59787964603755,12.362836346184265,1.7914068514695273e+18,1.79152225790753e+18
1791488167098397639,10.184,40.515,262.45,73.14343042156057,11.6025,52.61223625994784,12.362868608431212,1.791410965155265e+18,1.7915205147058714e+18
1791488167365273399,10.152,41.1675,800.925,73.145022744339,13.457500000000001,52.62594175450121,12.36290045488678,1.7914146706271828e+18,1.7915189445274962e+18
1791488167765631875,10.096,41.465,805.825,73.14805979773924,14.157499999999999,52.65098197303914,12.362961195954785,1.791418030595956e+18,1.7915175207991014e+18
1791488168032840719,10.092,42.5825,820.775,73.14924113894676,14.157499999999999,52.66146741716591,12.362984822778936,1.791421108118196e+18,1.7915162168448876e+18
1791488168433696017,10.12,42.2,866.4,73.14962611428805,14.735,52.66013563249636,12.362992522285762,1.7914239314304369e+18,1.791515020672463e+18
1791488168700975022,10.056,43.6,1005.625,73.14990743520359,15.242500000000001,52.65807438670945,12.362998148704072,1.7914265360964943e+18,1.7915139172222902e+18
1791488168968063055,10.048,44.265,1430.5,73.14875473179629,15.242500000000001,52.646316417687835,12.362975094635926,1.7914289428672338e+18,1.7915128976847995e+18
1791488169368594211,9.968,44.685,1088.725,73.15137249324292,15.785,52.66905114858379,12.363027449864859,1.79143116838344e+18,1.791511954976896e+18
1791488169835928366,9.964,45.7325,45.725,73.15066601586055,16.3275,52.662365915589945,12.363013320317211,1.7914332348682125e+18,1.7915110796930947e+18
1791488170103010785,9.932,45.55,139.525,73.15166372942254,16.765,52.666721182914834,12.363033274588451,1.7914351504551887e+18,1.791510268354223e+18
1791488170370140688,9.916,45.9175,425.775,73.15452393183496,16.765,52.69268516121901,12.3630904786367,1.7914369329135964e+18,1.7915095134331256e+18
1791488170837661745,9.888,47.0825,1299.35,73.15604140514083,17.22,52.70781850171365,12.363120828102817,1.7914385953974177e+18,1.7915088093557683e+18
1791488171305023165,9.84,47.015,688.5,73.15891491209001,17.605,52.7286519431479,12.3631782982418,1.7914401519932667e+18,1.7915081501578934e+18
1791488171571842303,9.856,48.1675,462.725,73.15895112987451,17.9725,52.732279207397156,12.36317902259749,1.7914416093147123e+18,1.7915075330308595e+18
1791488171771898557,9.876,47.1975,1412.1,73.15903436812938,18.34,52.733105549522875,12.363180687362588,1.791442977346433e+18,1.7915069537467896e+18
1791488172039114826,9.928,46.1975,1032.575,73.16142929431884,18.6725,52.75120956032844,12.363228585886377,1.791444264510298e+18,1.7915064087333466e+18
1791488172440006872,9.96,45.55,1512.75,73.16356313469541,18.6725,52.76738762410714,12.363271262693909,1.7914454777441193e+18,1.7915058950501542e+18
1791488172707263226,10.028,43.8475,1339.725,73.16586517813776,18.9875,52.78507970054526,12.363317303562756,1.791446623270233e+18,1.7915054100606141e+18
1791488173174944462,10.052,43.7,811.7,73.17080147025096,19.372500000000002,52.818396101925124,12.36341602940502,1.7914477089094354e+18,1.7915049504543462e+18
1791488173708882299,10.108,42.315,838.7,73.17440124514388,19.74,52.844614037262396,12.363488024902878,1.7914487389037138e+18,1.7915045144342948e+18
1791488173976056028,10.136,42.0975,921.1,73.17621501033891,20.037499999999998,52.85674755896471,12.363524300206779,1.7914497159813315e+18,1.7915041008413786e+18
1791488174376938925,10.184,40.6825,1172.55,73.1802545113883,20.265,52.887729470463334,12.363605090227766,1.791450645135512e+18,1.7915037075603433e+18
1791488174644204319,10.272,38.8175,301.525,73.18295463690347,20.545,52.91454973171809,12.36365909273807,1.7914515285316467e+18,1.7915033336701988e+18
1791488174911431884,10.216,39.7175,920.175,73.18837384715468,20.7375,52.95960845593722,12.363767476943094,1.791452375652714e+18,1.7915029751788864e+18
1791488175178650544,10.288,38.965,1169.75,73.18844710840321,20.895,52.961063205220896,12.363768942168065,1.7914531802749258e+18,1.7915026346866227e+18
1791488175578970667,10.344,37.8825,292.975,73.18822143814545,21.1575,52.95859423072293,12.36376442876291,1.7914539466758228e+18,1.7915023103872067e+18
1791488175846208580,11.98,1.9825,894.075,73.15465989141163,21.349999999999998,52.954255596401026,12.363093197828233,1.7914546698555177e+18,1.79150200440639e+18
1791488176313762088,12.06,1.4825,1090.1,73.12678486592539,21.3325,52.94393503785269,12.362535697318508,1.7914553555360494e+18,1.7915017143225226e+18
1791488176781334079,12.088,1.5825,49.9,73.10257514223935,21.087500000000002,52.92765713333526,12.362051502844787,1.791456006834872e+18,1.791501438811771e+18
1791488177048606573,12.108,1.5325,152.275,73.08074488450184,20.825,52.91446535552912,12.361614897690037,1.791456626132848e+18,1.7915011768620163e+18
1791488177515685559,12.124,1.5975,464.7,73.06163428300323,20.4225,52.90458170744489,12.361232685660065,1.7914572170825608e+18,1.7915009269299254e+18
1791488177782894710,12.14,1.4825,1418.15,73.0436655206204,20.002499999999998,52.89327488655722,12.360873310412408,1.7914577813849887e+18,1.7915006882922273e+18
1791488178050174014,12.144,1.4825,1051.05,73.02596509339247,20.002499999999998,52.876129579464745,12.36051930186785,1.791458320716631e+18,1.7915004602381158e+18
1791488178451049424,11.804,8.365,1569.15,73.0145702784867,19.599999999999998,52.86470727292793,12.360291405569734,1.7914588382330191e+18,1.7915002414312148e+18
1791488178918776501,11.748,9.235,1511.85,73.0026328864974,19.145,52.850945655607,12.360052657729948,1.7914593345130417e+18,1.7915000316229092e+18
1791488179185963489,10.88,27.6325,1337.0,73.03298849424314,18.795,52.87108686122449,12.360659769884863,1.7914598172290573e+18,1.7914998275532613e+18
1791488179386065101,10.568,33.565,803.4,73.05785522404403,18.6725,52.88877465191028,12.361157104480881,1.791460286254752e+18,1.7914996292784737e+18
1791488179786679410,10.128,43.215,813.375,73.07833847037104,18.62,52.88110658465663,12.361566769407421,1.7914607419914458e+18,1.7914994366321454e+18
1791488180053946166,10.128,42.4,843.8,73.09822050212799,18.76,52.88860464483448,12.36196441004256,1.7914611842284603e+18,1.7914992497003448e+18
1791488180454841999,10.104,42.865,936.65,73.11567893831148,19.005,52.89450083782365,12.36231357876623,1.7914616129209216e+18,1.7914990685016653e+18
1791488180655289010,10.124,42.215,1220.025,73.1326492845417,19.2325,52.90501647709758,12.362652985690834,1.7914620292570867e+18,1.791498892536179e+18
1791488181123090093,10.116,42.365,446.4,73.14778810788187,19.2325,52.91456102666982,12.362955762157638,1.791462433492601e+18,1.7914987216950577e+18
1791488181523048586,10.204,40.4,1362.3,73.16046074416799,19.4425,52.92650649914926,12.36320921488336,1.7914628264606546e+18,1.7914985556310528e+18
1791488181723424081,10.236,39.2175,880.6,73.1646636844335,19.7225,52.93771487578541,12.36329327368867,1.7914632075530563e+18,1.7914983946030812e+18
1791488181990590724,10.168,41.1175,1048.975,73.16566671229303,19.9675,52.94077521929738,12.363313334245861,1.7914635771169723e+18,1.7914982384657037e+18
1791488182391365108,10.148,41.315,1562.8,73.1670282364604,20.1775,52.964080011180044,12.363340564729208,1.7914639373395264e+18,1.7914980863033833e+18
1791488182591852734,12.036,1.5825,1492.475,73.13668929387899,20.3175,52.95841063376933,12.36273378587758,1.7914642848010752e+18,1.791497939567116e+18
1791488182792294232,12.076,1.5825,1277.85,73.11155822521637,20.265,52.954469684062126,12.362231164504328,1.7914646197327657e+18,1.791497798151414e+18
1791488185463930136,12.144,1.5325,805.825,73.09449294232459,19.897499999999997,52.94868976064185,12.361889858846492,1.791464945698646e+18,1.791497660554476e+18
1791488185931346713,12.152,1.4975,820.775,73.07876802483467,19.810000000000002,52.948034294485986,12.361575360496694,1.7914652617257027e+18,1.7914975271802104e+18
1791488186198625158,12.164,1.5825,866.4,73.06504654861001,19.6175,52.947473938200496,12.3613009309722,1.791465568021068e+18,1.7914973979370988e+18
1791488186465870186,12.172,1.4975,1005.625,73.05080338861245,19.5125,52.93322309517722,12.36101606777225,1.791465865511759e+18,1.7914972724363617e+18
1791488186866611923,12.176,1.5675,1430.5,73.03813350234128,19.162499999999998,52.92688456274578,12.360762670046826,1.791466154374e+18,1.791497150599956e+18
1791488187133807701,12.18,1.4825,1088.725,73.024033105884,18.8825,52.90239796951873,12.36048066211768,1.7914664349555287e+18,1.791497032281106e+18
1791488187600838805,12.192,1.5475,45.725,73.01240727641901,18.8825,52.88594567451319,12.36024814552838,1.7914667076203704e+18,1.7914969173229028e+18
1791488188268599218,12.2,1.5325,425.775,73.00249586750905,18.3925,52.8791930786719,12.360049917350182,1.7914669725997222e+18,1.7914968056249864e+18
1791488189537120232,12.22,1.5475,1032.575,72.99570097045897,16.275000000000002,52.860843964133856,12.35991401940918,1.791467230144893e+18,1.7914966970766536e+18
1791488190004684718,12.16,2.9975,1512.75,73.01916461076505,16.275000000000002,52.873422561264384,12.360383292215301,1.79146748276944e+18,1.791496590607298e+18
1791488190739580298,10.104,43.1325,921.1,73.04219717911157,15.33,52.87651793319953,12.360843943582232,1.7914677307835116e+18,1.7914964860877942e+18
1791488191140200040,10.096,42.865,1172.55,73.06329927563837,15.504999999999999,52.886525115381744,12.361265985512768,1.791467973998587e+18,1.7914963835969142e+18
1791488191407009065,10.044,44.3825,301.525,73.08085771793696,15.504999999999999,52.88487740410009,12.36161715435874,1.7914682121861573e+18,1.791496283231609e+18
1791488192409089424,9.884,46.2975,152.275,73.09809211270125,17.2375,52.904199490755786,12.361961842254026,1.7914684458198449e+18,1.7914961847939901e+18
1791488192676274664,9.86,47.1975,464.7,73.11392606643689,17.2375,52.91402045141513,12.362278521328738,1.7914686745680023e+18,1.791496088422686e+18
1791488193077181391,9.852,47.935,1418.15,73.12735576790219,17.675,52.911196169733245,12.362547115358044,1.7914688985234097e+18,1.7914959940797857e+18
1791488193344099412,12.036,1.5475,1569.15,73.11058896132083,18.287499999999998,52.9028056615272,12.362211779226417,1.791469117698764e+18,1.791495901782232e+18
1791488193544288097,12.072,1.5175,1511.85,73.0956418682779,18.147499999999997,52.89522824722784,12.361912837365558,1.7914693320593234e+18,1.7914958115403822e+18
1791488193945209854,12.1,1.5675,1337.0,73.08330424042681,18.0075,52.88906330767422,12.361666084808537,1.79146954153901e+18,1.7914957233784056e+18
1791488194145664624,12.128,1.5325,813.375,73.07341601400034,17.849999999999998,52.88409901537367,12.361468320280007,1.791469745866443e+18,1.791495637404212e+18
1791488194412926684,12.14,1.665,843.8,73.06562624443477,17.745,52.88030090515407,12.361312524888696,1.7914699449602875e+18,1.7914955536473518e+18
1791488194813822095,12.152,1.5475,936.65,73.05700068933793,17.587500000000002,52.875961827545936,12.361140013786759,1.7914701390028913e+18,1.7914954720311488e+18
1791488195081087528,12.068,3.665,1220.025,73.05292360482615,17.587500000000002,52.87557630701302,12.361058472096524,1.791470328264188e+18,1.7914953924390976e+18
1791488195548127594,11.184,20.935,446.4,73.05624120706868,17.5175,52.88789958618206,12.361124824141374,1.79147051354467e+18,1.791495314532795e+18
1791488195748576545,10.336,38.3175,1362.3,73.06174552674003,17.709999999999997,52.890277088832676,12.361234910534801,1.791470694901197e+18,1.7914952382862776e+18
1791488196149502245,10.24,38.2475,880.6,73.06830213898694,18.060000000000002,52.92128541127671,12.36136604277974,1.7914708725786058e+18,1.7914951635963825e+18
1791488196416647201,10.044,43.6,1048.975,73.07839006643748,18.445,53.004642064561125,12.36156780132875,1.791471046860387e+18,1.7914950903424236e+18
1791488196616987678,10.116,42.35,1562.8,73.08078084774152,18.7075,53.028977078848875,12.36161561695483,1.791471217557192e+18,1.7914950186064863e+18
1791488197017928227,10.164,41.6325,1492.475,73.08371044208916,19.022499999999997,53.05300512463126,12.361674208841784,1.7914713847840904e+18,1.7914949483396744e+18
1791488197284962680,10.148,41.3,1277.85,73.09053637884632,19.4425,53.10568677364568,12.361810727576927,1.7914715487306135e+18,1.7914948794603026e+18
1791488197685475371,10.2,39.7825,622.875,73.09558169550616,19.4425,53.14854240271944,12.361911633910124,1.7914717095548685e+18,1.791494811903009e+18
1791488197952760040,10.224,39.8175,262.45,73.09939634288654,19.915000000000003,53.17916021677296,12.361987926857731,1.79147186728614e+18,1.791494745655384e+18
1791488198153202249,10.236,38.95,800.925,73.10570347082468,20.3175,53.230527330331405,12.362114069416494,1.791472022022275e+18,1.7914946806749028e+18
1791488198554045164,10.316,36.8,805.825,73.11212842312926,20.6675,53.28947606405013,12.362242568462586,1.7914721738906537e+18,1.7914946169080799e+18
1791488198954890789,10.376,36.365,820.775,73.11736813100369,21.035,53.334152443439876,12.362347362620074,1.7914723229315528e+18,1.7914945543378993e+18
1791488199221938168,10.408,34.95,866.4,73.1207747443455,21.314999999999998,53.379147480477926,12.36241549488691,1.7914724691930698e+18,1.7914944929447939e+18
1791488199622235794,10.488,34.0475,1005.625,73.12145847012248,21.5425,53.39783362929194,12.36242916940245,1.791472612568805e+18,1.7914944327737725e+18
1791488199889227276,10.692,30.215,1430.5,73.12455031220368,21.77,53.43988605661357,12.362491006244074,1.7914727532930125e+18,1.791494373725347e+18
1791488200290017605,10.572,33.1975,1088.725,73.12498694038493,22.05,53.447439506967804,12.3624997388077,1.7914728912816356e+18,1.7914943158351237e+18
1791488200757740870,10.708,29.0175,45.725,73.12294556797195,22.12,53.46432700188049,12.36245891135944,1.7914730265291505e+18,1.7914942591062894e+18
1791488201225000611,10.664,31.135,139.525,73.12238935137287,22.1725,53.44222892436172,12.362447787027458,1.791473159197737e+18,1.7914942034699213e+18
1791488201491846784,10.628,30.7975,425.775,73.15176227310722,22.2425,53.47370977658142,12.363035245462145,1.7914732906096036e+18,1.7914941483627164e+18
1791488201758992838,10.58,31.965,1299.35,73.17883175558383,22.365,53.50319243475509,12.363576635111677,1.7914734218363914e+18,1.7914940933454397e+18
1791488202226640340,12.036,1.5175,688.5,73.17190611165739,22.33,53.49799309651125,12.363438122233148,1.7914735509394158e+18,1.791494039235828e+18
1791488202493890384,12.076,1.5325,462.725,73.15751075554812,22.224999999999998,53.475894463125634,12.363150215110963,1.7914736765853878e+18,1.7914939865860237e+18
1791488202894718134,12.1,1.5475,1412.1,73.14135671200422,22.05,53.45232844884862,12.362827134240085,1.7914737990179935e+18,1.7914939352952108e+18
1791488203161906462,12.116,1.4825,1032.575,73.120276939657,21.875,53.439343367919584,12.36240553879314,1.7914739182825608e+18,1.7914938853459955e+18
1791488203429105581,12.128,1.5175,1512.75,73.1017408712625,21.6825,53.419658127567864,12.36203481742525,1.7914740345399012e+18,1.791493836669899e+18
1791488203695913750,12.14,1.4825,1339.725,73.08441025970413,21.595,53.40187498880225,12.361688205194083,1.791474147971481e+18,1.791493789190394e+18
1791488204096812566,12.144,1.5675,811.7,73.0679646330282,21.595,53.38349944865359,12.361359292660564,1.7914742587864125e+18,1.7914937428197143e+18
1791488204564482464,12.156,1.4825,838.7,73.07143052145778,21.4375,53.36818679864708,12.361428610429156,1.791474367794092e+18,1.791493697213285e+18
1791488204831776733,12.16,1.5325,921.1,73.0574832245633,21.175,53.3453652650481,12.361149664491267,1.791474474302842e+18,1.7914936526643497e+18
1791488205099040537,12.168,1.5675,1172.55,73.04448063920111,21.0525,53.32887683154963,12.360889612784023,1.7914745784224315e+18,1.7914936091263245e+18
1791488205499300223,12.18,1.5475,301.525,73.03329669507671,20.9475,53.30724724965363,12.360665933901535,1.7914746803161283e+18,1.7914935665304023e+18
1791488205766386010,12.184,1.5325,920.175,73.02428009341044,20.8075,53.287196742525104,12.36048560186821,1.7914747802241912e+18,1.7914935247754307e+18
1791488206234121364,12.184,1.5175,1169.75,73.03889259697937,20.615,53.294736146015396,12.360777851939588,1.7914748789707139e+18,1.7914934835104271e+18
1791488206501274291,12.192,1.5325,292.975,73.05113096202449,20.334999999999997,53.30106396545777,12.36102261924049,1.7914749761043848e+18,1.7914934429216225e+18
1791488206968998904,12.192,1.615,894.075,73.06049767285829,20.16,53.305884469687626,12.361209953457166,1.79147507215925e+18,1.7914934027910828e+18
1791488207236078294,12.2,1.615,1090.1,73.06958334896807,20.16,53.31059551227736,12.361391666979362,1.7914751669709258e+18,1.7914933631857454e+18
1791488207703271407,12.196,1.5675,49.9,73.07625629545846,19.95,53.31402712634222,12.36152512590917,1.791475260677278e+18,1.7914933240502572e+18
1791488207970459288,12.204,1.615,152.275,73.08350335743769,19.810000000000002,53.31781679364592,12.361670067148754,1.7914753532262733e+18,1.7914932854059405e+18
1791488208437927942,12.208,1.5325,464.7,73.08954611798706,19.564999999999998,53.320990002652266,12.361790922359742,1.7914754440650655e+18,1.7914932474791475e+18
1791488208704999470,12.216,1.5825,1418.15,73.09532968813589,19.32,53.323969524005285,12.361906593762718,1.79147553342454e+18,1.7914932101746074e+18
1791488209105655925,12.216,1.5675,1051.05,73.10051615420016,18.9875,53.32663656635401,12.362010323084004,1.791475621293972e+18,1.7914931734971405e+18
1791488209372483216,12.216,1.5175,1569.15,73.10472035916166,18.9875,53.32881738376874,12.362094407183234,1.7914757076841485e+18,1.7914931374422287e+18
1791488209773095698,12.22,1.5175,1511.85,73.10857538908787,18.6375,53.330778040241306,12.362171507781758,1.7914757927662328e+18,1.791493101939457e+18
1791488210040394219,12.212,1.8,1337.0,73.11321883018466,18.27,53.33331243147811,12.362264376603694,1.7914758771518794e+18,1.7914930667378596e+18
1791488210508043755,11.236,21.835,803.4,73.1255854214444,18.060000000000002,53.33304705826176,12.362511708428888,1.7914759610101773e+18,1.791493031764982e+18
1791488210775193570,10.676,32.7325,813.375,73.13560164352717,18.025000000000002,53.32256776128965,12.362712032870544,1.7914760443004964e+18,1.7914929970374643e+18
1791488211176007696,10.332,38.8675,843.8,73.14366701455793,18.1825,53.313671489793045,12.36287334029116,1.7914761268766625e+18,1.79149296261619e+18
1791488211442868524,10.22,40.9,936.65,73.15169184254708,18.1825,53.305579184556464,12.363033836850942,1.791476208599214e+18,1.7914929285579786e+18
1791488211910513626,10.116,42.73,1220.025,73.15927498487547,18.462500000000002,53.29919311414377,12.36318549969751,1.791476289523975e+18,1.7914928948401344e+18
1791488212177495477,12.064,1.5175,446.4,73.14024950740396,18.7075,53.2894308748209,12.36280499014808,1.791476368906461e+18,1.791492861778994e+18
1791488212645039505,12.104,1.5475,1362.3,73.12574392263622,18.445,53.28201611049905,12.362514878452725,1.7914764469129126e+18,1.7914928293038756e+18
1791488213112843976,12.12,1.4825,880.6,73.11286736511748,18.13,53.275355187965985,12.36225734730235,1.7914765236209093e+18,1.7914927973816282e+18
1791488213379637826,12.124,1.8,1048.975,73.10184394040479,17.78,53.26999066143926,12.362036878808096,1.7914765990351744e+18,1.791492766009044e+18
1791488213646523956,11.208,21.5475,1562.8,73.10886197217003,17.78,53.273786450514095,12.362177239443401,1.791476673600906e+18,1.791492734995709e+18
1791488214047441676,10.272,40.8,1492.475,73.11524650204335,17.535,53.250063840574384,12.362304930040867,1.7914767462974784e+18,1.7914927047625175e+18
1791488214314766011,10.336,38.7675,1277.85,73.11605612956775,17.64,53.23735795939456,12.362321122591355,1.7914768178656553e+18,1.7914926750044713e+18
1791488214915968703,10.352,37.9175,622.875,73.11488509525734,17.9725,53.24464852886755,12.362297701905147,1.7914768879952778e+18,1.791492645850357e+18
1791488215183179857,10.424,36.165,262.45,73.11524026882807,18.252499999999998,53.260327901476714,12.362304805376562,1.791476956926926e+18,1.7914926172000563e+18
1791488215583528701,10.264,39.165,800.925,73.11548758521428,18.41,53.26060531479916,12.362309751704286,1.7914770249673746e+18,1.7914925889278874e+18
1791488215850845852,10.204,39.85,805.825,73.11690200598466,18.795,53.28208729624483,12.362338040119694,1.7914770921157517e+18,1.7914925610329475e+18
1791488216251638710,10.876,24.465,820.775,73.13330501849914,18.795,53.32082755758489,12.362666100369983,1.7914771587472348e+18,1.7914925333556884e+18
1791488216518823311,12.004,2.285,866.4,73.12355169347464,19.0575,53.315894745764375,12.362471033869493,1.7914772242626708e+18,1.7914925061515425e+18
1791488216719257133,12.064,1.73,1005.625,73.11562595655036,18.865,53.31092733999543,12.362312519131008,1.7914772883844035e+18,1.7914924795322194e+18
1791488217120120191,12.024,2.75,1430.5,73.10936014979212,18.62,53.309583996140944,12.362187202995843,1.791477350916299e+18,1.7914924535763087e+18
1791488217854104976,11.276,19.365,1088.725,73.1211999398945,18.2,53.323119726883,12.36242399879789,1.7914774124191114e+18,1.7914924280480776e+18
1791488218522247869,11.148,21.0325,45.725,73.11652642400448,18.165000000000003,53.33525356200508,12.36233052848009,1.7914774726176937e+18,1.791492403066344e+18
1791488218989842148,10.572,31.715,139.525,73.11674021146857,18.165000000000003,53.371984295202,12.362334804229372,1.7914775317244452e+18,1.7914923785415442e+18
1791488219123465547,10.184,40.935,425.775,73.11721707825302,18.3925,53.381764484546046,12.362344341565061,1.7914775900582848e+18,1.7914923543430774e+18
1791488219523714960,10.072,43.5825,1299.35,73.11712572979454,18.7075,53.38794799934749,12.362342514595891,1.7914776471554716e+18,1.7914923306601748e+18
1791488219924587775,10.02,43.35,688.5,73.14701997918814,18.97,53.41223907575606,12.362940399583763,1.7914777041494062e+18,1.7914923070193928e+18
1791488220191829664,10.052,42.6025,462.725,73.17214730588216,19.145,53.436105827911994,12.363442946117644,1.7914777609470725e+18,1.7914922834600868e+18
1791488220592603458,10.172,39.55,1412.1,73.1946723175243,19.5825,53.46966251480051,12.363893446350486,1.7914778181995937e+18,1.7914922597190725e+18
1791488220859849196,10.236,38.4025,1032.575,73.21479592454345,19.8625,53.50022368646435,12.36429591849087,1.7914778756189322e+18,1.791492235914481e+18
1791488221260383457,10.164,40.1175,1512.75,73.23358802060955,20.1075,53.52504635217582,12.364671760412191,1.791477933084747e+18,1.791492212096343e+18
1791488221527349442,10.292,38.4325,1339.725,73.24995182322533,20.4225,53.53758750163034,12.364999036464507,1.791477989894388e+18,1.7914921885505884e+18
1791488221794573018,10.38,35.8825,811.7,73.26513443475963,20.650000000000002,53.56104824363603,12.365302688695193,1.791478046427506e+18,1.7914921651233592e+18
1791488222195393279,10.344,37.05,838.7,73.27966500493605,20.86,53.577783017991585,12.365593300098721,1.7914781025572444e+18,1.7914921418669622e+18
1791488222462516471,10.376,36.75,921.1,73.29258828490204,21.105,53.589522718350565,12.365851765698041,1.791478158299182e+18,1.791492118775323e+18
1791488222930273841,10.452,33.95,1172.55,73.30473934077783,21.349999999999998,53.61712390671037,12.366094786815557,1.7914782136175148e+18,1.791492095863315e+18
1791488223197332069,10.46,35.4325,301.525,73.31654562318181,21.6125,53.62467948257271,12.366330912463637,1.7914782685144686e+18,1.7914920731297687e+18
1791488223597650448,10.624,31.0,920.175,73.32666788820087,21.8225,53.64607458636487,12.366533357764018,1.7914783229614758e+18,1.7914920505870592e+18
1791488223864871293,10.548,33.2175,1169.75,73.33740242086851,22.05,53.659516541331115,12.36674804841737,1.791478376996301e+18,1.7914920282193293e+18
1791488224131988408,10.512,33.38,292.975,73.34674356927574,22.189999999999998,53.67803903506294,12.366934871385515,1.7914784305750298e+18,1.791492006044827e+18
1791488224399176017,10.492,34.25,894.075,73.35667882198997,22.3475,53.691198393622805,12.3671335764398,1.7914784837230843e+18,1.7914919840529196e+18
1791488224799838666,10.58,32.115,1090.1,73.36630295345107,22.4875,53.70903052215879,12.367326059069022,1.791478536437898e+18,1.7914919622448983e+18
1791488225067003436,10.532,33.3175,49.9,73.37448015317527,22.645,53.72293529016537,12.367489603063506,1.7914785886879066e+18,1.7914919406337656e+18
1791488225333837098,10.592,32.48,152.275,73.38262954173115,22.75,53.7333930819688,12.367652590834624,1.7914786398301466e+18,1.7914919194797256e+18
1791488225600802284,10.576,32.3675,464.7,73.39024767379189,22.837500000000002,53.74793672218194,12.367804953475838,1.791478690083855e+18,1.7914918986939356e+18
1791488226001615930,10.532,32.95,1418.15,73.39797800645424,23.099999999999998,53.76519759277463,12.367959560129085,1.7914787395060705e+18,1.7914918782535892e+18
1791488226268910920,10.612,31.4325,1051.05,73.4041547975801,23.1525,53.78116136705318,12.368083095951603,1.7914787884965834e+18,1.791491857997048e+18
1791488226736529611,10.684,30.6,1569.15,73.41014294078992,23.415000000000003,53.79143455881589,12.368202858815799,1.7914788371301317e+18,1.7914918378943788e+18
1791488227003815634,10.656,30.765,1511.85,73.41588914081711,23.5725,53.805140600376525,12.368317782816343,1.7914788853719037e+18,1.791491817959292e+18
1791488227470826269,10.756,28.785,1337.0,73.42015891418878,23.712500000000002,53.81837091197634,12.368403178283776,1.7914789332123648e+18,1.7914917981962982e+18
1791488227938186527,10.728,29.4825,803.4,73.42524037895916,23.87,53.830509110443074,12.368504807579184,1.7914789806500897e+18,1.7914917786053517e+18
1791488228138517778,10.708,29.8675,813.375,73.42959650102578,24.0275,53.84218482430125,12.368591930020516,1.791479027710505e+18,1.7914917591758364e+18
1791488228405827372,12.016,1.5175,843.8,73.3981239853409,24.115,53.82570522039203,12.367962479706819,1.7914790738632225e+18,1.7914917401345472e+18
1791488228806635860,12.064,1.5175,936.65,73.37305938574872,23.974999999999998,53.8125943711403,12.367461187714975,1.7914791192221696e+18,1.791491721433096e+18
1791488229073917417,12.088,1.5175,1220.025,73.35176673075745,23.73,53.80145844090342,12.36703533461515,1.7914791637969446e+18,1.791491703065735e+18
1791488229474184052,12.108,1.5475,446.4,73.33286780033994,23.4675,53.79160742617317,12.3666573560068,1.7914792076356424e+18,1.7914916850121976e+18
1791488229741445830,12.12,1.5475,1362.3,73.31493339704468,23.1875,53.78225484058316,12.366298667940894,1.7914792507549228e+18,1.7914916672648202e+18
1791488230142378607,12.128,1.5475,880.6,73.29770738704137,23.0125,53.77326257723674,12.365954147740828,1.7914792931763525e+18,1.7914916498145805e+18
1791488230409676934,12.14,1.5475,1048.975,73.2824641690195,22.715,53.76531453030853,12.36564928338039,1.7914793350021148e+18,1.791491632618682e+18
1791488230810428048,12.152,1.5975,1562.8,73.26842787515133,22.4175,53.7580295443979,12.365368557503027,1.7914793761970962e+18,1.791491615691071e+18
1791488231077697379,12.156,1.5175,1492.475,73.25441849618173,22.084999999999997,53.7506965903661,12.365088369923635,1.7914794168546798e+18,1.7914915989933343e+18
1791488231277923979,12.168,1.5475,1277.85,73.2427716641867,22.084999999999997,53.74463361498807,12.364855433283735,1.7914794569876705e+18,1.7914915825191252e+18
1791488231678100298,12.136,2.265,622.875,73.2320693094838,21.787499999999998,53.73953943792412,12.364641386189676,1.7914794965863416e+18,1.7914915662725404e+18
1791488231945391414,12.108,2.5325,262.45,73.2192283853145,21.4725,53.73358032477601,12.36438456770629,1.7914795356913603e+18,1.791491550237085e+18
1791488232346246292,12.036,4.1,800.925,73.20905137003687,21.1575,53.73000549067182,12.364181027400738,1.791479574324652e+18,1.7914915344031025e+18
1791488232613415318,10.916,26.6825,805.825,73.21031375855983,20.895,53.73295951387412,12.364206275171197,1.7914796126581696e+18,1.7914915186971226e+18
1791488232813885291,11.28,19.035,820.775,73.2083965043345,20.877499999999998,53.73866782108879,12.36416793008669,1.791479650623365e+18,1.791491503147748e+18
1791488233014337080,11.384,16.265,866.4,73.20236497345513,20.755,53.74524600790499,12.364047299469103,1.791479688133483e+18,1.7914914877912036e+18
1791488233214577806,11.224,19.6325,1005.625,73.19882463184628,20.58,53.752941792847864,12.363976492636926,1.791479725223799e+18,1.7914914726123052e+18
1791488233614837122,11.148,21.4825,1430.5,73.19726832360729,20.51,53.759701480105484,12.363945366472146,1.7914797619754744e+18,1.7914914575777313e+18
1791488234015755007,11.032,23.065,1088.725,73.19566219490657,20.334999999999997,53.77111242834417,12.363913243898132,1.7914797985242035e+18,1.7914914426327939e+18
1791488234283012773,10.864,26.6975,45.725,73.19464541130162,20.3,53.78055772747535,12.363892908226033,1.791479834794069e+18,1.7914914278074668e+18
1791488234483364503,11.892,3.3675,139.525,73.1580034437523,20.16,53.76440298596187,12.363160068875047,1.791479870491049e+18,1.791491413230948e+18
1791488234683793162,12.08,1.5175,425.775,73.13117547357012,19.985,53.75014823009561,12.362623509471403,1.791479905753554e+18,1.7914913988443717e+18
1791488235084682164,12.108,1.5475,1299.35,73.10831209718084,19.985,53.738031275856095,12.362166241943617,1.7914799405597975e+18,1.7914913846555395e+18
1791488235351561361,12.12,1.5325,688.5,73.08733801207312,19.53,53.72690292990674,12.361746760241463,1.7914799749333914e+18,1.7914913706538324e+18
1791488235819062727,12.14,1.5325,462.725,73.06898918681534,19.3025,53.71716679670957,12.361379783736307,1.7914800093058918e+18,1.7914913566649715e+18
1791488236219987851,12.144,1.4825,1412.1,73.0502427875268,19.25,53.707176320063,12.361004855750537,1.7914800435689754e+18,1.7914913427323192e+18
1791488236487125423,12.156,1.5325,1032.575,73.03382498112992,19.075,53.69846381926179,12.360676499622599,1.7914800776288026e+18,1.7914913288924012e+18
1791488236754416441,12.172,1.5325,1512.75,73.01893894387996,18.8825,53.69056443865273,12.3603787788776,1.7914801112981563e+18,1.791491315219772e+18
1791488237155131516,12.156,1.85,1339.725,73.00496272619162,18.8825,53.68335341709384,12.360099254523833,1.7914801445530775e+18,1.7914913017241275e+18
1791488237422034002,12.168,1.73,811.7,72.99183024810486,18.76,53.67650449836964,12.359836604962098,1.7914801773974272e+18,1.7914912884032765e+18
1791488237689119128,11.968,6.1325,838.7,72.98411911206591,18.584999999999997,53.67418360572177,12.359682382241319,1.7914802098644588e+18,1.7914912752420695e+18
1791488238089951248,12.156,2.165,921.1,72.97202519129877,18.3925,53.66809912124898,12.359440503825976,1.7914802419090668e+18,1.7914912622597688e+18
1791488238357243729,12.188,1.5825,1172.55,72.95915578236335,18.13,53.66128892484329,12.359183115647268,1.791480273613291e+18,1.7914912494232092e+18
1791488238824829958,12.196,1.5175,301.525,72.94699016225694,18.13,53.65481775504849,12.35893980324514,1.7914803049592558e+18,1.7914912367396882e+18
1791488239092084431,12.2,1.65,920.175,72.93649606018134,17.9725,53.64929244814677,12.358729921203627,1.7914803359795346e+18,1.79149122419501e+18
1791488239559132357,11.652,12.1475,1169.75,72.92988465533269,17.8675,53.64937082205641,12.358597693106654,1.7914803669581926e+18,1.791491211674733e+18
1791488239826420027,12.16,1.5325,894.075,72.91258835572049,17.43,53.64016351507814,12.35825176711441,1.7914803978457544e+18,1.791491199201363e+18
1791488240294072473,12.18,1.5475,1090.1,72.89815087102153,17.43,53.63248632972854,12.357963017420431,1.7914804285950528e+18,1.791491186793367e+18
1791488240761775761,12.184,1.4625,49.9,72.88415099693539,17.0625,53.62499292989648,12.357683019938708,1.7914804591364378e+18,1.7914911744784166e+18
1791488241762922346,10.44,35.0975,1569.15,72.88224125304001,15.924999999999999,53.631276017409284,12.3576448250608,1.7914804895758182e+18,1.7914911622118374e+18
1791488242230673991,12.064,1.5175,1511.85,72.85142877639083,16.1525,53.61484840693901,12.357028575527817,1.7914805194842716e+18,1.7914911501720056e+18
1791488242497875459,12.1,1.5325,1337.0,72.82492112647185,15.75,53.60073527078756,12.356498422529437,1.7914805489552476e+18,1.7914911383194975e+18
1791488242965465293,12.076,2.315,803.4,72.80187907326416,15.75,53.58920735814982,12.356037581465284,1.7914805779628646e+18,1.7914911266642184e+18
1791488243699872556,10.072,44.185,843.8,72.79544801466987,15.067499999999999,53.56418594185081,12.355908960293398,1.7914806066946235e+18,1.7914911151266742e+18
1791488243900294924,10.06,43.4975,936.65,72.7916072688048,15.295,53.55361582139027,12.355832145376096,1.7914806351841523e+18,1.7914911036913935e+18
1791488244167510076,10.176,40.7175,1220.025,72.7893151897864,15.295,53.552225396437606,12.355786303795728,1.7914806634741888e+18,1.7914910923408317e+18
1791488244568234280,10.024,43.8975,446.4,72.78569347192557,15.575000000000001,53.545590866594154,12.355713869438512,1.791480691565356e+18,1.791491081075286e+18
1791488245035986954,10.008,45.215,1362.3,72.77994822336832,15.959999999999999,53.52399625138575,12.355598964467367,1.7914807194415593e+18,1.7914910699019016e+18
1791488245302942894,9.96,45.135,880.6,72.77652263904217,16.2575,53.51714287795158,12.355530452780844,1.791480747144778e+18,1.7914910588026324e+18
1791488246237787523,9.872,46.465,1467.475,72.7729514436607,17.1675,53.5144680769441,12.355459028873215,1.7914807746135022e+18,1.7914910478038354e+18
1791488246972653654,10.028,43.7,800.925,72.77000804770307,18.5325,53.51029258493156,12.355400160954062,1.7914808018312003e+18,1.7914910369115756e+18
1791488247840501133,10.168,41.0325,866.4,72.76658898229823,19.74,53.5066852161128,12.355331779645965,1.7914808287696486e+18,1.7914910261376627e+18
1791488248107658082,10.212,40.05,1005.625,72.7634012952996,20.0725,53.50509315316443,12.355268025905993,1.7914808554904632e+18,1.7914910154557148e+18
1791488248508336303,10.232,39.7475,1430.5,72.76010773250778,20.3875,53.50264938601435,12.355202154650156,1.7914808820309473e+18,1.7914910048508155e+18
1791488248775625612,10.248,39.1975,1088.725,72.75719424110311,20.6325,53.50316311837713,12.355143884822063,1.7914809083718628e+18,1.7914909943303432e+18
1791488248976087372,10.252,38.8825,45.725,72.75411695551827,20.93,53.50612701247446,12.355082339110366,1.791480934575878e+18,1.7914909838688502e+18
1791488249376554382,10.512,34.1175,139.525,72.75093508849214,21.1925,53.50751310808354,12.355018701769843,1.7914809605777577e+18,1.791490973493018e+18
1791488249576713538,10.596,30.58,425.775,72.74474386315441,21.455,53.5232082964037,12.354894877263089,1.7914809863652035e+18,1.7914909632080742e+18
1791488249843895022,10.436,34.385,1299.35,72.74139788636961,21.647499999999997,53.535067812395,12.354827957727393,1.7914810119424924e+18,1.7914909530117624e+18
1791488250244719783,10.584,31.55,688.5,72.73671019400662,21.7,53.54549692871531,12.354734203880133,1.791481037314493e+18,1.7914909429026885e+18
1791488250445175030,10.548,32.3675,462.725,72.7329399722298,21.84,53.55536930139498,12.354658799444596,1.7914810625271222e+18,1.791490932861445e+18
1791488250645410820,10.52,33.5,1412.1,72.72949821915267,22.12,53.56029108133587,12.354589964383054,1.7914810875824965e+18,1.7914909228870477e+18
1791488250912693234,10.536,32.93,1032.575,72.72572259321456,22.4875,53.567202201869385,12.354514451864292,1.791481112482657e+18,1.791490912978898e+18
1791488251179904574,10.56,32.135,1512.75,72.7218139755033,22.645,53.57664635011482,12.354436279510066,1.7914811372142636e+18,1.7914909031424108e+18
1791488251580231148,10.572,31.7475,1339.725,72.71707344543995,22.872500000000002,53.58674221641313,12.3543414689088,1.7914811617503468e+18,1.7914908933889815e+18
1791488251847520815,10.68,30.2,811.7,72.71184258345079,23.1175,53.59215950225634,12.354236851669016,1.7914811861374866e+18,1.7914908836995052e+18
1791488252114821237,10.696,29.3,838.7,72.70515986086109,23.4325,53.60101685466278,12.354103197217222,1.7914812103569567e+18,1.7914908740817746e+18
1791488252582339576,10.76,28.4975,921.1,72.69857706420292,23.5725,53.60660549297029,12.353971541284059,1.791481234115582e+18,1.791490864653152e+18
1791488252983047553,10.74,28.5325,1172.55,72.69193676985955,23.695,53.614563527615736,12.353838735397192,1.791481257745144e+18,1.791490855281086e+18
1791488253250059623,10.724,29.335,301.525,72.6862580509306,23.73,53.61949040925838,12.353725161018613,1.7914812811991145e+18,1.7914908459839867e+18
1791488253516893726,10.836,26.465,920.175,72.67794178217608,23.8,53.62735894181987,12.353558835643522,1.7914813044615457e+18,1.7914908367685983e+18
1791488253917521491,10.756,28.1475,1169.75,72.67063203816794,23.834999999999997,53.63513464571615,12.35341264076336,1.7914813275496148e+18,1.7914908276281313e+18
1791488254184833873,11.96,2.8825,292.975,72.63123862019904,23.8875,53.615727333690664,12.352624772403981,1.7914813501795249e+18,1.7914908186833024e+18
1791488254585630181,11.98,3.3125,894.075,72.59912150271876,23.6775,53.60030411457703,12.351982430054376,1.791481372419373e+18,1.7914908099052152e+18
1791488254852693761,12.016,2.8475,1090.1,72.56761221974574,23.4675,53.58468541824101,12.351352244394915,1.7914813943311793e+18,1.791490801268244e+18
1791488255253295316,11.588,11.6825,49.9,72.54872383044608,23.2925,53.581516778594334,12.350974476608922,1.7914814159964147e+18,1.7914907927370176e+18
1791488255720319877,11.236,19.015,152.275,72.5364873827269,23.099999999999998,53.583307384893466,12.350729747654539,1.791481437464989e+18,1.7914907842900964e+18
1791488255987587281,11.3,18.065,464.7,72.52587729821077,23.0825,53.584388901293345,12.350517545964216,1.791481458688408e+18,1.7914907759457277e+18
1791488256254726671,12.064,1.4825,1418.15,72.49026818913177,23.1525,53.565234323528664,12.349805363782636,1.7914814795780995e+18,1.7914907677455816e+18
1791488256722289843,12.096,1.4975,1051.05,72.45866028028169,22.9075,53.54824015548749,12.349173205605634,1.7914815001164805e+18,1.7914907596959854e+18
1791488257189949675,12.116,1.5325,1569.15,72.43007570215995,22.7325,53.53290417326195,12.3486015140432,1.7914815203528934e+18,1.7914907517763098e+18
1791488257456876050,12.128,1.5475,1511.85,72.40302410985916,22.61,53.51841130626481,12.348060482197184,1.7914815403288627e+18,1.791490743968816e+18
1791488257857588957,12.136,1.4825,1337.0,72.37775393223744,22.61,53.50481707067093,12.34755507864475,1.791481560044401e+18,1.7914907362733473e+18
1791488258124760993,12.152,1.4975,803.4,72.35342086138166,22.540000000000003,53.491748281861454,12.347068417227634,1.791481579470864e+18,1.7914907287005558e+18
1791488258391918828,12.156,1.5325,813.375,72.33069884939594,22.33,53.479560194821524,12.34661397698792,1.7914815984456755e+18,1.791490721314608e+18
1791488258658982613,12.16,1.5675,843.8,72.30941761024931,22.05,53.46814882127461,12.346188352204987,1.7914816170011584e+18,1.7914907141023854e+18
1791488259059865503,12.164,1.5175,936.65,72.28788122586147,21.7175,53.456585772125536,12.34575762451723,1.7914816354269914e+18,1.7914907069491364e+18
1791488259527058195,12.172,1.4825,1220.025,72.26751951725996,21.560000000000002,53.44562980834391,12.3453503903452,1.791481653676459e+18,1.7914906998732795e+18
1791488259794034550,12.176,1.4825,446.4,72.24803021954197,21.3675,53.43513625720782,12.34496060439084,1.7914816717613983e+18,1.791490692869418e+18
1791488260194920603,12.176,1.5325,1362.3,72.2288432198951,21.245,53.42482966109764,12.344576864397903,1.7914816897362504e+18,1.791490685915648e+18
1791488260395394243,12.188,1.4975,880.6,72.21061246344361,20.877499999999998,53.41503708156372,12.344212249268873,1.7914817076281884e+18,1.7914906790002504e+18
1791488260662673004,12.188,1.5825,1048.975,72.19303509224781,20.650000000000002,53.40560992472834,12.343860701844957,1.791481725409751e+18,1.791490672134131e+18
1791488261063506357,12.192,1.5475,1562.8,72.17636335234897,20.352500000000003,53.39665707875252,12.34352726704698,1.7914817430763538e+18,1.7914906653192433e+18
1791488261330368423,12.192,1.5175,1492.475,72.15901379579161,20.02,53.387341515122614,12.343180275915833,1.791481760584804e+18,1.791490658572754e+18
1791488261730905094,12.2,1.5675,1277.85,72.14304053860533,20.02,53.378786713899444,12.342860810772107,1.7914817779260654e+18,1.7914906518982815e+18
1791488261997969830,12.2,1.5825,622.875,72.12742359013733,19.6525,53.37042014255698,12.342548471802747,1.7914817951304883e+18,1.7914906452832003e+18
1791488262198304777,12.208,1.5675,262.45,72.11183567585938,19.425,53.36205755998835,12.342236713517188,1.7914818122189809e+18,1.7914906387188234e+18
1791488262599232240,12.204,1.5675,800.925,72.09652044625416,19.145,53.35383441411916,12.341930408925084,1.7914818291867036e+18,1.7914906322073766e+18
1791488263066877928,12.212,1.5675,805.825,72.08245467429472,18.7425,53.34629667018745,12.341649093485895,1.7914818459869804e+18,1.7914906257675843e+18
1791488263467112901,11.668,12.8325,820.775,72.07698180943324,18.7425,53.3427265837821,12.341539636188665,1.791481862706771e+18,1.7914906193626637e+18
1791488263734373799,10.276,40.985,866.4,72.06489388135866,18.34,53.31280866180267,12.341297877627174,1.79148187930133e+18,1.791490613011455e+18
1791488264001668067,10.056,45.4175,1005.625,72.05016350594845,18.3225,53.27583169232426,12.34100327011897,1.7914818957069071e+18,1.7914906067400348e+18
1791488264202139923,10.504,35.1825,1430.5,72.04194618212226,18.445,53.26533982225299,12.340838923642446,1.7914819120792154e+18,1.7914906004843044e+18
1791488264602967210,11.028,22.415,1088.725,72.02771166015135,18.55,53.269686360790814,12.340554233203028,1.7914819282555354e+18,1.7914905943115725e+18
1791488265003923787,11.68,9.3975,45.725,72.00174310381485,18.6375,53.26181005557423,12.340034862076298,1.7914819441799468e+18,1.7914905882461169e+18
1791488265271162357,10.316,39.535,139.525,71.99215691027882,18.55,53.24175949443207,12.339843138205577,1.7914819599618117e+18,1.7914905822404132e+18
1791488265671333691,10.224,40.8,425.775,71.98254293717756,18.7425,53.22604591700792,12.339650858743552,1.7914819757688817e+18,1.791490576228295e+18
1791488265938614485,10.256,39.48,1299.35,71.97415516434516,18.7425,53.218359714708406,12.339483103286904,1.791481991614339e+18,1.7914905702036936e+18
1791488266339544591,10.24,40.6475,688.5,71.96413261042166,19.005,53.20129290529828,12.339282652208434,1.7914820073688143e+18,1.7914905642191437e+18
1791488266740427546,10.156,41.5175,462.725,71.95461452845791,19.145,53.19143743639627,12.339092290569159,1.7914820229699116e+18,1.7914905583001032e+18
1791488267141229058,10.284,39.15,1412.1,71.9453499364924,19.337500000000002,53.18172733568625,12.338906998729849,1.7914820384756396e+18,1.7914905524219735e+18
1791488267408090251,10.276,38.565,1032.575,71.93623537669208,19.6175,53.17888783019007,12.338724707533842,1.7914820539492204e+18,1.7914905465591747e+18
1791488267808691794,10.24,39.1,1512.75,71.92815237595082,19.7225,53.177889068723516,12.338563047519017,1.7914820690945006e+18,1.7914905408293338e+18
1791488268075969098,11.984,1.73,1339.725,71.8786433741731,19.88,53.15161085313351,12.337572867483463,1.7914820836944172e+18,1.7914905353272174e+18
1791488268543472725,12.024,1.8975,811.7,71.83733895640775,19.495,53.12984625413979,12.336746779128156,1.7914820977728328e+18,1.7914905300423698e+18
1791488268944359179,11.8,7.3,838.7,71.81035874320418,19.1975,53.11929475565088,12.336207174864084,1.7914821114772838e+18,1.7914905249133148e+18
1791488269211422383,10.292,38.8175,921.1,71.80137648084272,19.11,53.11147494922041,12.336027529616855,1.7914821251218353e+18,1.791490519810236e+18
1791488269678552381,10.208,38.98,1172.55,71.7940089047027,19.5475,53.117247618296716,12.335880178094055,1.791482138544892e+18,1.791490514797481e+18
1791488270146258418,10.192,40.1975,301.525,71.78482350312078,19.6875,53.11384666400612,12.335696470062416,1.79148215178565e+18,1.79149050985988e+18
1791488270413564234,10.16,41.315,920.175,71.77545379569094,19.6875,53.10552412831709,12.33550907591382,1.7914821649375885e+18,1.7914905049597253e+18
1791488270814445804,10.304,37.7325,1169.75,71.7668497175702,19.845,53.105340090179794,12.335336994351405,1.7914821779510984e+18,1.7914905001175388e+18
1791488271081755065,10.124,41.265,292.975,71.75885962816561,20.1775,53.10452134690071,12.335177192563313,1.7914821908376712e+18,1.7914904953278528e+18
1791488271348606378,10.156,40.1475,894.075,71.75083092227553,20.3875,53.1081509491737,12.335016618445511,1.7914822036609196e+18,1.791490490565139e+18
1791488271749215109,10.276,38.065,1090.1,71.74161206501857,20.895,53.109135744649926,12.334832241300372,1.7914822164118213e+18,1.7914904858336568e+18
1791488272016470459,10.288,37.9175,49.9,71.73199477625694,20.93,53.10917123592716,12.33463989552514,1.7914822288946808e+18,1.7914904812105618e+18
1791488272484197138,10.436,34.7325,152.275,71.72192008538899,21.175,53.11145566026973,12.33443840170778,1.7914822412614026e+18,1.79149047663641e+18
1791488272751427258,10.452,34.7325,464.7,71.71220231316173,21.385,53.11157855542111,12.334244046263235,1.7914822534848614e+18,1.791490472121365e+18
1791488273018750429,10.424,35.2,1418.15,71.70222212614482,21.5775,53.11203982849312,12.334044442522897,1.7914822656776911e+18,1.7914904676206377e+18
1791488273419103879,10.5,33.6825,1051.05,71.69214383943671,21.805,53.11274383731376,12.333842876788735,1.7914822778059535e+18,1.7914904631482237e+18
1791488273685981042,10.484,33.5825,1569.15,71.68119727064946,22.084999999999997,53.11576791670537,12.33362394541299,1.7914822898553833e+18,1.7914904587095767e+18
1791488274153723061,10.612,30.75,1511.85,71.66899266027994,22.522499999999997,53.11999334022134,12.3333798532056,1.7914823018107261e+18,1.7914904543117614e+18
1791488274420976777,10.556,32.3675,1337.0,71.65797285070371,22.627499999999998,53.121526407273954,12.333159457014075,1.7914823136864712e+18,1.7914904499480796e+18
1791488274688128108,10.612,31.715,803.4,71.64690640906073,22.785,53.120144140183,12.332938128181215,1.7914823254873946e+18,1.7914904456166264e+18
1791488275155822950,10.6,31.2975,813.375,71.63522749761071,22.9075,53.12252353630802,12.332704549952215,1.7914823372203528e+18,1.7914904413151695e+18
1791488275422588483,10.6,31.7825,843.8,71.62403818753552,23.03,53.12202391458267,12.332480763750711,1.791482348919449e+18,1.7914904370293967e+18
1791488275889955656,10.644,31.3475,936.65,71.61196681234276,23.099999999999998,53.11838197117505,12.332239336246856,1.791482360230617e+18,1.7914904329005524e+18
1791488276157249810,10.68,29.9675,1220.025,71.60014493701759,23.205,53.11902143834125,12.332002898740352,1.791482371251005e+18,1.7914904288894979e+18
1791488276558115506,10.644,30.685,446.4,71.58646520685784,23.3625,53.11854883261477,12.331729304137157,1.7914823820465234e+18,1.7914904249706516e+18
1791488276825325324,10.612,31.53,1362.3,71.57412276499791,23.4675,53.11735563675718,12.331482455299959,1.791482392795777e+18,1.791490421072538e+18
1791488277092533975,10.724,28.85,880.6,71.56116819598512,23.4675,53.118640345924646,12.331223363919703,1.7914824034740695e+18,1.7914904172050335e+18
1791488277493128302,10.676,30.0825,1048.975,71.54842019753927,23.765,53.1183515062125,12.330968403950786,1.7914824139170708e+18,1.7914904134335895e+18
1791488277759968851,10.724,29.315,1562.8,71.53520516484988,23.834999999999997,53.116763192461974,12.330704103296998,1.791482424183987e+18,1.791490409734379e+18
1791488278027243453,12.008,1.4975,1492.475,71.48252313860172,23.9225,53.08825864844402,12.329650462772035,1.7914824340696397e+18,1.79149040619673e+18
1791488278495007376,12.056,1.5325,1277.85,71.4385664812365,23.8175,53.064493101351076,12.32877132962473,1.791482443812686e+18,1.79149040272516e+18
1791488278962595886,12.076,1.5475,622.875,71.39798967899641,23.66,53.042567878560725,12.327959793579929,1.79148245337749e+18,1.7914903993331075e+18
1791488279229724711,12.092,1.5475,262.45,71.35955588674861,23.5725,53.0217943690331,12.327191117734973,1.791482457620663e+18,1.7914903980933033e+18
1791488279696921777,12.104,1.5975,800.925,71.32466517057273,23.4675,53.00297282732695,12.326493303411455,1.7914824617013916e+18,1.7914903969254024e+18
1791488279964206860,12.116,1.5325,805.825,71.29036605308457,23.2575,52.98443900881045,12.325807321061692,1.7914824656568404e+18,1.7914903958137485e+18
1791488280365077050,12.128,1.4975,820.775,71.25817868607925,22.977500000000003,52.96701502308971,12.325163573721586,1.791482469478008e+18,1.7914903947619085e+18
1791488280632328117,12.14,1.5475,866.4,71.22738346804346,22.6975,52.950380706671794,12.32454766936087,1.791482473180119e+18,1.7914903937630313e+18
1791488280899602469,12.144,1.5175,1005.625,71.19765084397524,22.4175,52.93430836633398,12.323953016879505,1.791482476737186e+18,1.7914903928273667e+18
1791488281300242266,12.148,1.4475,1430.5,71.16738794362767,21.997500000000002,52.91791696278253,12.323347758872554,1.791482480123989e+18,1.7914903919654523e+18
1791488281567178949,12.1,2.75,1088.725,71.14132952383379,21.665000000000003,52.90420273758686,12.322826590476677,1.7914824834219955e+18,1.791490391143576e+18
1791488281767594631,10.556,34.2325,45.725,71.12837481582507,21.2625,52.89141832176491,12.322567496316502,1.7914824866765453e+18,1.7914903903410522e+18
1791488282168522511,10.44,36.1,139.525,71.11478071663501,21.2625,52.880388457578675,12.3222956143327,1.7914824898566643e+18,1.7914903895709952e+18
1791488282435780575,10.364,37.3475,425.775,71.10089231340353,21.245,52.87053199453751,12.322017846268071,1.7914824930016934e+18,1.7914903888171566e+18
1791488282836547005,10.336,38.215,1299.35,71.0858527435472,21.245,52.85744748652155,12.321717054870945,1.7914824960896768e+18,1.7914903880889467e+18
1791488283103757481,10.344,36.8475,688.5,71.07192757852862,21.2975,52.85407151231663,12.321438551570573,1.7914824991179264e+18,1.7914903873868324e+18
1791488283503959998,10.34,38.55,462.725,71.05721997033488,21.385,52.83804547241032,12.321144399406698,1.7914825020604465e+18,1.79149038672182e+18
1791488283771106899,10.32,38.53,1412.1,71.04283338595508,21.4025,52.8253039027491,12.320856667719102,1.7914825049624594e+18,1.7914903860752212e+18
1791488283971394972,10.312,37.715,1032.575,71.02812420593042,21.42,52.819677922816005,12.320562484118609,1.7914825078409487e+18,1.7914903854400566e+18
1791488284372254186,10.436,35.5325,1512.75,71.01366583980385,21.4725,52.81286883514866,12.320273316796078,1.791482510641647e+18,1.791490384838697e+18
1791488284839981684,12.056,1.5175,811.7,70.96640848958761,21.0,52.78732031586663,12.319328169791753,1.7914825131641708e+18,1.791490384357404e+18
1791488285240626324,12.08,1.5325,838.7,70.92428220062023,20.7375,52.7645502919011,12.318485644012405,1.7914825154682875e+18,1.791490383970976e+18
1791488285440716107,12.1,1.5175,921.1,70.88521115351945,20.51,52.74343334102079,12.31770422307039,1.7914825176095652e+18,1.7914903836560591e+18
1791488285707921131,12.108,1.4825,1172.55,70.84692373657136,20.51,52.722705691296994,12.316938474731428,1.7914825195595546e+18,1.7914903834241165e+18
1791488286175590610,12.124,1.4975,301.525,70.81307512492579,20.23,52.70438305071904,12.316261502498516,1.7914825213371067e+18,1.791490383267387e+18
1791488286442885827,12.132,1.5175,920.175,70.7798091082309,20.1425,52.686395052258625,12.315596182164619,1.7914825229768335e+18,1.791490383171289e+18
1791488287110982402,12.048,2.7825,1169.75,70.74406265448195,19.915000000000003,52.66765907704638,12.31488125308964,1.7914825243872133e+18,1.7914903831740042e+18
1791488287311124665,12.008,3.1,292.975,70.70508483949263,19.74,52.64743817932091,12.314101696789853,1.7914825256063844e+18,1.7914903832594734e+18
1791488287577940492,11.536,14.1175,894.075,70.68572227016075,19.635,52.638660719220375,12.313714445403216,1.791482526763437e+18,1.7914903833727616e+18
1791488288045337288,10.96,25.2825,1090.1,70.66830546142951,19.564999999999998,52.631318008238935,12.31336610922859,1.7914825277966781e+18,1.791490383538836e+18
1791488288312604454,11.876,4.115,49.9,70.61691563595288,19.8275,52.60564560787479,12.312338312719058,1.7914825285822536e+18,1.7914903838126062e+18
1791488288913959275,12.096,1.4625,152.275,70.5765000626183,19.8275,52.5837058893313,12.311530001252367,1.7914825291101514e+18,1.7914903841972431e+18
1791488289181132028,12.116,1.4825,464.7,70.53934042880792,19.6875,52.563564024682044,12.31078680857616,1.7914825293502444e+18,1.7914903847022034e+18
1791488289915510614,12.132,1.5175,1418.15,70.50517789847504,19.495,52.5450393132997,12.310103557969502,1.7914825292716431e+18,1.791490385340992e+18
1791488290783929798,12.148,1.5175,1569.15,70.4740688916714,19.2675,52.52818886912488,12.309481377833428,1.791482528842044e+18,1.791490386126359e+18
1791488291051230813,12.164,1.5475,1337.0,70.44550992939598,19.005,52.512721591504985,12.30891019858792,1.7914825281894346e+18,1.7914903870050186e+18
1791488291318139644,12.172,1.4975,803.4,70.41909197896733,18.5675,52.49841000731457,12.308381839579347,1.791482527338264e+18,1.7914903879667075e+18
1791488291985598040,12.172,1.5475,813.375,70.39205570605168,18.1825,52.48376177817866,12.307841114121034,1.791482526189855e+18,1.7914903890524196e+18
1791488292252855465,12.176,1.5675,843.8,70.36660057410015,17.6575,52.469973796943044,12.307332011482004,1.7914825248720097e+18,1.7914903902095173e+18
1791488292653498845,12.16,1.765,936.65,70.33909295017587,17.6575,52.45513493423562,12.306781859003518,1.7914825233293783e+18,1.7914903914608187e+18
1791488292920795856,12.096,3.015,1220.025,70.31219264048232,17.115,52.440871980373615,12.306243852809647,1.7914825215631626e+18,1.7914903928057093e+18
1791488293788786009,10.464,36.285,1362.3,70.29444889735109,16.2925,52.42325835190646,12.305888977947022,1.7914825195663764e+18,1.7914903942470574e+18
1791488294056022666,10.548,33.95,880.6,70.27671772229398,16.2925,52.41098369756989,12.30553435444588,1.7914825174296274e+18,1.7914903957465748e+18
1791488294323317544,11.884,3.2325,1048.975,70.21709056108321,16.2925,52.38027855742823,12.304341811221665,1.7914825149113595e+18,1.7914903974086077e+18
1791488294724064228,12.072,1.4975,1562.8,70.17221312343194,16.2575,52.35593121038972,12.30344426246864,1.791482512104519e+18,1.791490399193816e+18
1791488294991351535,12.1,1.5175,1492.475,70.13189291592157,16.2575,52.33409592737289,12.302637858318432,1.7914825090086702e+18,1.7914904011010028e+18
1791488295258483985,11.504,15.0975,622.875,70.11187923100043,15.102500000000001,52.32369319371585,12.30223758462001,1.7914825057556877e+18,1.791490403073602e+18
1791488295458610102,10.404,37.7825,262.45,70.09253065014887,15.102500000000001,52.30246338582678,12.301850613002978,1.7914825023637855e+18,1.7914904051041065e+18
1791488295859388821,10.132,43.18,800.925,70.07052134683371,14.805000000000001,52.276741178968834,12.301410426936675,1.7914824987590525e+18,1.7914904072233042e+18
1791488296126657017,10.276,38.8325,805.825,70.05187651124344,15.032499999999999,52.266003934594096,12.30103753022487,1.7914824949991916e+18,1.7914904094071588e+18
1791488298263822486,9.88,46.965,139.525,70.03164321302141,17.2025,52.24943512212118,12.300632864260429,1.7914824907592064e+18,1.7914904117923433e+18
1791488298530889477,9.884,46.8175,425.775,70.01144862353755,17.6925,52.233648935801895,12.300228972470752,1.7914824863417933e+18,1.7914904142513725e+18
1791488298797963043,9.852,47.35,1299.35,69.98964428962769,17.6925,52.21910619686547,12.299844664344416,1.7914824817517647e+18,1.791490416782556e+18
1791488299265255332,9.904,45.9325,688.5,69.96428007649693,18.165000000000003,52.2084303804907,12.299464201147455,1.7914824769414175e+18,1.791490419406311e+18
1791488299665760249,9.98,44.3825,462.725,69.9383096321317,18.6375,52.19833775016098,12.299074644481976,1.791482471886272e+18,1.791490422132415e+18
1791488300534055202,10.204,40.515,1339.725,69.91165558565409,20.055,52.18486608403391,12.298674833784812,1.7914824665221158e+18,1.791490424988345e+18
1791488300734367792,10.26,38.8825,811.7,69.88483522371314,20.3175,52.17533848873942,12.298272528355698,1.7914824609633684e+18,1.7914904279259215e+18
1791488301001519885,10.264,38.3675,838.7,69.85967522668962,20.5275,52.169407971856636,12.297895128400345,1.791482455171243e+18,1.7914904309606764e+18
1791488301401880013,10.388,36.6,921.1,69.83359276576398,20.790000000000003,52.15898848022845,12.29750389148646,1.79148244914319e+18,1.7914904340943063e+18
1791488301668720631,10.336,36.0175,1172.55,69.8069586948753,21.0,52.158225635925454,12.29710438042313,1.791482442862418e+18,1.7914904373332288e+18
1791488302069452987,10.636,29.3975,301.525,69.77502251002998,21.227500000000003,52.15773964144418,12.29662533765045,1.791482436268575e+18,1.7914904407029932e+18
1791488302269831923,10.476,34.25,920.175,69.74769952291769,21.2975,52.15061067302687,12.296215492843766,1.7914824294495393e+18,1.7914904441668792e+18
1791488302537077638,10.488,34.0,1169.75,69.72053299943227,21.42,52.143581026803226,12.295807994991485,1.7914824223204782e+18,1.7914904477592573e+18
1791488302937888944,10.444,33.55,292.975,69.69291840524714,21.647499999999997,52.14372169358757,12.295393776078708,1.7914824149404262e+18,1.791490451456882e+18
1791488303204930034,10.596,31.2,894.075,69.66325281790182,21.91,52.13912331880281,12.294948792268528,1.791482407268672e+18,1.7914904552761761e+18
1791488303672098191,10.576,32.565,1090.1,69.63597550388113,22.155,52.13034107979226,12.294539632558218,1.791482399274901e+18,1.7914904592291837e+18
1791488304072958522,10.504,33.7675,49.9,69.60758055653696,22.3475,52.12219056757381,12.294113708348055,1.7914823907681336e+18,1.7914904633915274e+18
1791488304340167448,10.604,31.7825,152.275,69.57862565227782,22.575,52.1139584660119,12.293679384784168,1.7914823817944635e+18,1.7914904677446822e+18
1791488304741042069,10.68,28.915,464.7,69.54589012556679,22.75,52.11062488930328,12.293188351883503,1.791482372373142e+18,1.7914904722823918e+18
1791488304941392660,10.672,29.765,1418.15,69.51289160452141,22.872500000000002,52.103965000192076,12.292693374067822,1.791482362523274e+18,1.791490476996686e+18
1791488305208464919,10.708,29.8325,1051.05,69.48154720140383,23.099999999999998,52.09416250006025,12.292223208021058,1.7914823523183224e+18,1.791490481858162e+18
1791488305608678397,10.8,27.9,1569.15,69.44924961483159,23.135,52.08453831143025,12.291738744222474,1.7914823417205176e+18,1.791490486882757e+18
1791488305875675675,10.66,30.65,1511.85,69.41703182614887,23.1525,52.07493728107631,12.291255477392234,1.7914823307716306e+18,1.7914904920534098e+18
1791488306076135081,10.656,30.4825,1337.0,69.38510592668486,23.2225,52.06662736678435,12.290776588900274,1.791482319478899e+18,1.7914904973671117e+18
1791488306477009249,11.704,6.2325,803.4,69.29566690833246,23.2925,52.03440934094844,12.289435003624988,1.791482307473736e+18,1.7914905029832822e+18
1791488306877869586,12.036,1.5325,813.375,69.2196816513701,23.275000000000002,52.00350003083687,12.288295224770552,1.7914822948462456e+18,1.791490508863533e+18
1791488307144995617,12.06,1.4825,843.8,69.14980208565515,23.064999999999998,51.97506098801631,12.287247031284828,1.7914822816640404e+18,1.7914905149793219e+18
1791488307345136791,12.08,1.4825,936.65,69.08688680094382,22.959999999999997,51.9494653918104,12.286303302014158,1.7914822679672453e+18,1.7914905213132178e+18
1791488307745813021,12.092,1.5325,1220.025,69.02616098425507,22.82,51.92480236030965,12.285392414763827,1.7914822537232883e+18,1.7914905278788652e+18
1791488308146766604,12.108,1.5325,446.4,68.96995727061295,22.6975,51.90196522178884,12.284549359059195,1.791482238979129e+18,1.791490534656675e+18
1791488308413863038,12.116,1.5675,1362.3,68.91692797459122,22.522499999999997,51.8804420791087,12.283753919618869,1.7914822238069094e+18,1.7914905416168993e+18
1791488308614198010,12.128,1.5325,880.6,68.86525470417324,22.4875,51.8594693305869,12.2829788205626,1.7914822082000072e+18,1.7914905487618831e+18
1791488308814606976,12.136,1.4825,1048.975,68.8153884515531,22.3825,51.83923965236822,12.282230826773297,1.791482192200061e+18,1.7914905560747054e+18
1791488309215369130,12.144,1.5675,1562.8,68.76893630126844,22.1375,51.82037630900449,12.281534044519027,1.791482175759702e+18,1.7914905635746703e+18
1791488309615825246,12.144,1.5825,1492.475,68.72104761977111,22.084999999999997,51.80095459219597,12.280815714296567,1.7914821589042094e+18,1.791490571252154e+18
1791488309816069224,12.156,1.5675,1277.85,68.67829899248927,22.015,51.783575158588945,12.28017448488734,1.791482141727075e+18,1.7914905790680873e+18
1791488310016561874,12.156,1.5175,622.875,68.6338491003212,21.8575,51.76553181100357,12.279507736504819,1.7914821241532687e+18,1.7914905870528535e+18
1791488310217022800,12.16,1.5675,262.45,68.59132647219452,21.7,51.74827153481929,12.278869897082918,1.7914821062487672e+18,1.791490595179911e+18
1791488310484293558,12.164,1.5175,800.925,68.54812686361025,21.3325,51.730730818388935,12.278221902954154,1.7914820878308204e+18,1.791490603523121e+18
1791488310885120880,12.172,1.5675,805.825,68.5088745705061,21.3325,51.714792803257886,12.277633118557592,1.7914820690256735e+18,1.7914906120316777e+18
1791488311285632121,12.172,1.5675,820.775,68.46962252935305,21.122500000000002,51.698854946982024,12.277044337940296,1.791482049795401e+18,1.791490620720929e+18
1791488311685958442,12.176,1.5475,866.4,68.43053197996325,20.912499999999998,51.68296609978054,12.27645797969945,1.7914820301655063e+18,1.7914906295807754e+18
1791488311886233094,12.18,1.5825,1005.625,68.39335315146869,20.755,51.66787776880418,12.275900297272031,1.791482010189522e+18,1.791490638588775e+18
1791488312153507330,12.18,1.4975,1430.5,68.3543922927139,20.545,51.65208451477804,12.275315884390709,1.7914819898444995e+18,1.7914906477548529e+18
1791488312554322298,12.188,1.4975,1088.725,68.31832042243049,20.2825,51.637436668992216,12.274774806336458,1.791481969085755e+18,1.7914906570972844e+18
1791488312955162804,12.188,1.5175,45.725,68.28148940814359,19.9675,51.62248173331435,12.274222341122154,1.7914819479374843e+18,1.7914906666066493e+18
1791488313222246349,12.196,1.5675,139.525,68.24719821176433,19.6175,51.60856679186565,12.273707973176466,1.7914819264756209e+18,1.791490676251528e+18
1791488313422385552,12.196,1.4975,425.775,68.21236535048665,19.6175,51.59445567799279,12.2731854802573,1.7914819046888113e+18,1.791490686036473e+18
1791488313622720438,12.196,1.5475,1299.35,68.17902179357567,19.2325,51.580919111448765,12.272685326903636,1.7914818826086088e+18,1.791490695948629e+18
1791488314023416509,12.2,1.4975,688.5,68.14562958147319,18.9525,51.567341366786735,12.272184443722098,1.7914818601602714e+18,1.7914907060191096e+18
1791488314424180225,12.128,2.765,462.725,68.10952796507546,18.7425,51.552704350247936,12.271642919476133,1.7914818371052265e+18,1.7914907163434255e+18
1791488314825025291,11.392,17.8825,1412.1,68.08062980801846,18.5675,51.53865795507872,12.271209447120278,1.7914818132371658e+18,1.7914907270037944e+18
1791488315092334609,11.192,21.1475,1032.575,68.0477025965944,18.5675,51.524576443574496,12.270715538948917,1.7914817886187471e+18,1.7914907379741407e+18
1791488315292428144,10.252,41.5475,1512.75,68.0055593411425,18.62,51.491270439825186,12.270083390117138,1.7914817630158546e+18,1.7914907493504899e+18
1791488315692738462,12.06,1.5475,1339.725,67.9359784073516,18.7775,51.46298560040376,12.269039676110275,1.7914817362842294e+18,1.7914907611977487e+18
1791488316093641154,12.104,1.5325,811.7,67.87737178664506,18.602500000000003,51.43913417873098,12.268160576799676,1.7914817083994478e+18,1.7914907735238344e+18
1791488316360831581,12.116,1.5175,838.7,67.82295076689009,18.2,51.41701276583565,12.267344261503352,1.7914816794753661e+18,1.791490786281818e+18
1791488316561262193,12.088,2.65,921.1,67.77510708786976,17.849999999999998,51.39771658500079,12.266626606318047,1.7914816495538125e+18,1.7914907994537994e+18
1791488316761619231,10.78,29.365,1172.55,67.73983824679273,17.849999999999998,51.38128762786726,12.266097573701892,1.791481618695707e+18,1.7914908130127752e+18
1791488316962079205,10.596,33.2475,301.525,67.70422800815246,17.6575,51.36279560201335,12.265563420122287,1.7914815869198605e+18,1.791490826951691e+18
1791488317162436552,10.232,41.0825,920.175,67.66304645004939,17.7625,51.33612333159039,12.264945696750742,1.7914815541235348e+18,1.7914908413134467e+18
1791488317562819238,10.16,41.2825,1169.75,67.62457695617452,18.0425,51.31861638698709,12.264368654342618,1.7914815202528123e+18,1.7914908561204216e+18
1791488317963607461,10.168,41.7325,292.975,67.58551847404652,18.252499999999998,51.29686743230919,12.263782777110698,1.791481485065194e+18,1.7914908714700797e+18
1791488318230853661,10.088,43.55,894.075,67.54259545828911,18.602500000000003,51.271586814101894,12.263138931874337,1.7914814483031255e+18,1.7914908874659018e+18
1791488318431267263,10.24,39.8325,1090.1,67.50372368872013,19.005,51.25347586243038,12.262555855330803,1.791481410087431e+18,1.7914909040589184e+18
1791488318832135760,10.128,40.515,49.9,67.46735913873236,19.2675,51.24596025493498,12.262010387080986,1.7914813703825183e+18,1.791490921264712e+18
1791488319232901791,10.088,42.5475,152.275,67.42822331695903,19.459999999999997,51.22928047025534,12.261423349754386,1.7914813291746527e+18,1.7914909390901458e+18
1791488319633041200,10.104,42.715,464.7,67.38671273522854,19.459999999999997,51.20845961555742,12.260800691028429,1.791481286380704e+18,1.7914909575698555e+18
1791488319833320204,10.124,41.6475,1418.15,67.34858074276455,19.4425,51.19351515865048,12.260228711141469,1.791481242093846e+18,1.7914909766652966e+18
1791488320100600261,10.232,38.98,1051.05,67.3091305386158,19.67,51.181372218100805,12.259636958079238,1.791481196276181e+18,1.791490996393103e+18
1791488320434736537,10.076,42.6825,1569.15,67.26995418708705,19.9675,51.165394323083454,12.259049312806306,1.7914811488131876e+18,1.791491016800204e+18
1791488320768626815,10.124,42.1175,1511.85,67.22884355800687,20.265,51.14628688755026,12.258432653370104,1.7914810996517455e+18,1.7914910379092416e+18
1791488320969012846,10.236,39.1325,1337.0,67.1898861500049,20.3175,51.13294397128468,12.257848292250074,1.791481048831174e+18,1.791491059703958e+18
1791488321369522420,10.388,35.4825,803.4,67.14867028669356,20.4225,51.12208338188483,12.257230054300404,1.7914809961597284e+18,1.791491082263863e+18
1791488321770053446,10.544,31.6,813.375,67.10533180498226,20.8425,51.11355127145716,12.256579977074734,1.7914809414078815e+18,1.7914911056824236e+18
1791488322170796404,10.424,35.25,843.8,67.0625367924446,21.035,51.09942121625199,12.25593805188667,1.7914808847579648e+18,1.7914911298876344e+18
1791488322371214219,10.432,35.0825,936.65,67.02046731227216,21.245,51.08559610016914,12.255307009684083,1.7914808262295122e+18,1.7914911548712486e+18
1791488322571629689,10.516,33.5,1220.025,66.97813563429777,21.5425,51.07116494286637,12.254672034514467,1.7914807657463148e+18,1.7914911806649564e+18
1791488322771977197,10.492,33.365,446.4,66.93485881592247,21.6825,51.05927392257272,12.254022882238838,1.7914807031969216e+18,1.7914912073147994e+18
1791488323105925218,10.5,34.33,1362.3,66.89076106154259,21.8925,51.041546373541095,12.25336141592314,1.791480639019354e+18,1.7914912346475218e+18
1791488323506209211,10.472,34.1825,880.6,66.84763661515112,22.12,51.027652012158605,12.252714549227267,1.7914805733957688e+18,1.7914912625912847e+18
1791488323906951394,10.556,32.9,1048.975,66.80470229821469,22.3475,51.01194497989109,12.252070534473221,1.791480506181624e+18,1.7914912912049116e+18
1791488324307810381,10.556,32.6475,1562.8,66.75921064948662,22.505,50.99634157988618,12.2513881597423,1.7914804372492314e+18,1.791491320541423e+18
1791488324508246130,10.632,30.9175,1492.475,66.71377333777839,22.959999999999997,50.98162879129697,12.250706600066676,1.791480366170727e+18,1.7914913507723643e+18
1791488324708605187,10.576,32.585,1277.85,66.66842613894768,23.0825,50.96445003004561,12.250026392084216,1.7914802930182835e+18,1.7914913818699817e+18
1791488324909070440,10.628,30.665,622.875,66.6208247404771,23.205,50.950227520892874,12.249312371107157,1.7914802177248238e+18,1.7914914138631826e+18
1791488325109523167,10.616,30.9325,262.45,66.57559979177772,23.3625,50.93681991064744,12.248633996876666,1.791480140269328e+18,1.7914914467611543e+18
1791488325443057480,10.62,31.8475,800.925,66.52858096782177,23.415000000000003,50.91829146922059,12.247928714517327,1.791480060578909e+18,1.7914914805960428e+18
1791488325843794170,10.652,30.9475,805.825,66.48215286759162,23.502499999999998,50.9011409443328,12.247232293013875,1.7914799785910643e+18,1.791491515394846e+18
1791488326244588507,10.636,31.3825,820.775,66.43382174342891,23.59,50.882701159812655,12.246507326151434,1.791479894186687e+18,1.7914915512075546e+18
1791488326445048678,10.652,30.9175,866.4,66.38472884570261,23.66,50.864562037821706,12.24577093268554,1.791479807428189e+18,1.791491588009491e+18
1791488326645408921,10.66,30.6,1005.625,66.33600610677664,23.73,50.84721112489508,12.24504009160165,1.7914797182088817e+18,1.7914916258451133e+18
1791488326979515837,10.632,31.08,1430.5,66.28757289366555,24.0275,50.83030894680852,12.244313593404984,1.791479626339106e+18,1.7914916647933565e+18
1791488327379983964,10.712,29.335,1088.725,66.23657858266165,24.115,50.81286244667702,12.243548678739925,1.7914795317055447e+18,1.7914917049030674e+18
1791488327780403371,10.72,29.3825,45.725,66.18407701221871,24.2025,50.79390628819518,12.242761155183281,1.7914794341557962e+18,1.7914917462382802e+18
1791488327980811255,10.744,29.0825,139.525,66.13372990011455,24.3075,50.77508028902904,12.242005948501719,1.7914793337813998e+18,1.791491788761794e+18
1791488328314735954,12.008,1.4975,425.775,66.03453841950844,24.325,50.734567772960446,12.240518076292627,1.791479229613177e+18,1.7914918328843569e+18
1791488328515091537,12.052,1.4825,1299.35,65.94935341346515,24.115,50.69978643825065,12.239240301201978,1.7914791218062057e+18,1.7914918785406886e+18
1791488328715569519,12.068,1.5325,688.5,65.86957220878924,23.9575,50.667238758296115,12.238043583131839,1.791479010297114e+18,1.7914919257573417e+18
1791488328915840673,12.088,1.5475,462.725,65.7963039933579,23.73,50.637346878655336,12.236944559900369,1.791478895024589e+18,1.791491974559878e+18
1791488329316291454,12.1,1.5175,1412.1,65.72618184484595,23.502499999999998,50.60873525969557,12.23589272767269,1.7914787757244132e+18,1.7914920250586924e+18
1791488329716606945,12.108,1.5825,1032.575,65.66062566172918,23.3275,50.58195750382261,12.234909384925938,1.7914786523243786e+18,1.7914920772846075e+18
1791488330117371442,12.12,1.5475,1512.75,65.59745221874869,23.099999999999998,50.55617296506248,12.23396178328123,1.7914785246282532e+18,1.7914921313190943e+18
1791488330317849654,12.128,1.5325,1339.725,65.53465674588419,22.715,50.530611695041614,12.233019851188264,1.7914783926130598e+18,1.791492187173197e+18
1791488330651867129,12.132,1.4625,811.7,65.47379089769498,22.3475,50.50576395964886,12.232106863465425,1.7914782559557443e+18,1.7914922449813678e+18
1791488331052539684,12.14,1.5475,838.7,65.4159717297601,21.98,50.48219336887723,12.231239575946402,1.7914781144873508e+18,1.7914923048151078e+18
1791488331386163963,11.588,13.6175,921.1,65.37178307784896,21.595,50.462640667851794,12.230576746167735,1.7914779683291791e+18,1.7914923666235057e+18
1791488331586454191,12.076,2.68,1172.55,65.3133768123968,21.227500000000003,50.43886219318676,12.229700652185953,1.7914778170675643e+18,1.7914924305822157e+18
1791488331786873240,11.976,4.55,301.525,65.25177096664581,20.877499999999998,50.4139426971289,12.228776564499688,1.7914776603737393e+18,1.791492496829875e+18
1791488331987234215,11.012,25.7975,920.175,65.20548578898462,20.58,50.3892069216072,12.22808228683477,1.791477498296515e+18,1.7914925653449172e+18
1791488332388148897,10.76,29.65,1169.75,65.15264727297394,20.5625,50.36552847635845,12.22728970909461,1.7914773302879214e+18,1.791492636358765e+18
1791488332789018555,10.78,28.8,292.975,65.09867644475078,20.615,50.34319142662092,12.226480146671262,1.7914771559365253e+18,1.7914927100437414e+18
1791488333122940885,10.652,31.8825,894.075,65.04355073045735,20.5975,50.317990937218475,12.225653260956861,1.7914769749570184e+18,1.7914927865209006e+18
1791488333323108397,10.596,32.8325,1090.1,64.9874830040565,20.7375,50.29304844992343,12.224812245060848,1.7914767871205435e+18,1.7914928658877356e+18
1791488333523287509,11.136,20.885,49.9,64.92587509290024,20.755,50.26993952268888,12.223888126393504,1.7914765919191053e+18,1.7914929483586903e+18
1791488333924089775,10.96,24.9175,152.275,64.86824066045604,20.755,50.24706395825793,12.223023609906841,1.7914763887623777e+18,1.7914930341810056e+18
1791488334258121345,10.612,32.05,464.7,64.81235567947658,20.72,50.22415908162827,12.22218533519215,1.7914761773425275e+18,1.7914931234846574e+18
1791488334458530912,10.4,36.4675,1418.15,64.75403164871756,20.877499999999998,50.19934943199642,12.221310474730764,1.7914759572415188e+18,1.7914932164470666e+18
1791488334658980102,10.348,38.7675,1051.05,64.6945722848901,20.9825,50.167345706881356,12.220418584273352,1.7914757278649567e+18,1.791493313318329e+18
1791488335059883827,10.42,36.0175,1569.15,64.63514978856723,21.175,50.142342337216206,12.219527246828509,1.7914754884094487e+18,1.7914934144365612e+18
1791488335460259373,11.988,1.665,1511.85,64.52791184926913,21.385,50.09835772768686,12.217918677739037,1.791475236712518e+18,1.7914935207172436e+18
1791488335794146074,12.04,1.4975,1337.0,64.43361398735883,21.175,50.05965133342828,12.216504209810383,1.7914749724579507e+18,1.791493632293621e+18
1791488335994633917,12.064,1.5325,803.4,64.35029152686786,21.035,50.025453443149615,12.215254372903019,1.7914746952643203e+18,1.7914937493261025e+18
1791488336195069278,12.084,1.5325,813.375,64.27180049554939,21.035,49.99325129825297,12.214077007433241,1.791474405359288e+18,1.7914938717307484e+18
1791488336596018293,12.092,1.5175,843.8,64.19570211856558,20.912499999999998,49.96197750229656,12.212935531778484,1.7914741012727089e+18,1.7914940001224317e+18
1791488336996847555,12.108,1.5675,936.65,64.12562893490856,20.755,49.93322716165407,12.211884434023629,1.7914737819488824e+18,1.7914941349433687e+18
1791488337330606807,12.116,1.5475,1220.025,64.05777038499869,20.6325,49.90538515991265,12.210866555774981,1.7914734464235835e+18,1.7914942766002204e+18
1791488337530898691,12.128,1.5475,446.4,63.99256928802209,20.352500000000003,49.878681939942666,12.209888539320332,1.7914730936174564e+18,1.7914944255472364e+18
1791488337731336645,12.136,1.5175,1362.3,63.92964147709863,20.195,49.85290450398126,12.20894462215648,1.7914727218162941e+18,1.7914945825019167e+18
1791488337931783481,12.14,1.5475,880.6,63.87086794449882,20.09,49.82878604312136,12.208063019167483,1.7914723295619694e+18,1.7914947480777777e+18
1791488338132144064,12.144,1.4825,1048.975,63.81086959507351,19.88,49.80417553330638,12.207163043926103,1.7914719149703242e+18,1.7914949230678257e+18
1791488338533075479,12.152,1.4825,1562.8,63.76320483027813,19.88,49.785077918821145,12.206448072454172,1.7914714762992108e+18,1.7914951082037053e+18
1791488338933954393,12.16,1.5325,1492.475,63.74283024985414,19.5825,49.782079458428846,12.206142453747812,1.7914710127750876e+18,1.7914953038069181e+18
1791488339134401733,12.16,1.5475,1277.85,63.730081521458565,19.18,49.78263477248734,12.205951222821879,1.7914705231362706e+18,1.7914955104090606e+18
1791488339467972424,12.164,1.4975,622.875,63.72482392993068,18.62,49.785427218213954,12.20587235894896,1.7914700049231872e+18,1.7914957290414705e+18
1791488339668318076,12.168,1.5475,262.45,63.726259250448166,17.99,49.79012251952834,12.205893888756723,1.7914694562645806e+18,1.7914959604908273e+18
1791488340002189563,11.716,10.715,800.925,63.727368341709905,17.99,49.79249961731151,12.205910525125649,1.791468873877355e+18,1.7914962061377743e+18
1791488340202658867,11.296,18.8325,820.775,63.718581094365916,17.115,49.789777936630955,12.20577871641549,1.7914682541228861e+18,1.791496467515568e+18
1791488340403119025,12.14,1.5175,866.4,63.71872331742638,16.747500000000002,49.79377317132577,12.205780849761396,1.7914675937202504e+18,1.7914967460019151e+18
1791488341004358832,12.172,1.5475,1088.725,63.73115434797964,14.647499999999999,49.806410062564446,12.205967315219695,1.7914668872914696e+18,1.7914970438481705e+18
1791488341805335361,10.332,40.05,425.775,63.726680205667414,12.565,49.792715641494475,12.205900203085012,1.791466128910101e+18,1.7914973635583073e+18
1791488342005718181,10.388,38.15,1299.35,63.72420436733046,12.2675,49.78158517223222,12.205863065509957,1.7914653153462656e+18,1.7914977064973294e+18
1791488342540129634,10.12,41.865,1339.725,63.72407990361125,13.4925,49.781188950341814,12.20586119855417,1.791464438587354e+18,1.7914980760303718e+18
1791488343474779578,9.972,44.7,301.525,63.724570978153345,15.855,49.78193841992873,12.2058685646723,1.7914634892350548e+18,1.7914984761091302e+18
1791488343674942445,9.92,45.965,920.175,63.721891183238306,16.397499999999997,49.775422046312684,12.205828367748575,1.7914624611149522e+18,1.7914989093383905e+18
1791488343875308055,9.98,45.185,1169.75,63.72022079173497,16.397499999999997,49.77254628699164,12.205803311876025,1.791461344170584e+18,1.7914993799509952e+18
1791488344276147518,9.86,47.865,292.975,63.71702143169443,16.9575,49.768153354425756,12.205755321475417,1.791460124634032e+18,1.7914998937380332e+18
1791488344676932791,9.916,46.45,894.075,63.716319315066954,17.5175,49.76747437196936,12.205744789726005,1.7914587884426153e+18,1.791500456618153e+18
1791488345211110686,9.908,46.2825,49.9,63.71932222329943,18.497500000000002,49.77340918338907,12.205789833349492,1.791457317476626e+18,1.791501076213411e+18
1791488345411231259,10.06,43.0475,464.7,63.7184107151166,18.97,49.77175291995049,12.20577616072675,1.79145569260556e+18,1.7915017605820554e+18
1791488345811834715,10.048,42.5475,1418.15,63.724111388802115,19.355,49.782963315514756,12.205861670832032,1.7914538880102364e+18,1.7915025205849636e+18
1791488346546506786,10.284,38.08,1569.15,63.72414176815851,20.212500000000002,49.78488663980056,12.205862126522378,1.7914518690290555e+18,1.7915033708125402e+18
1791488347014187848,10.496,32.15,1337.0,63.72042999767666,20.93,49.79231698891894,12.20580644996515,1.791449595756285e+18,1.7915043280601108e+18
1791488347214429543,10.272,38.185,803.4,63.724051643777074,21.07,49.80057948320304,12.205860774656657,1.791447022650973e+18,1.791505411494984e+18
1791488347414736107,10.328,36.25,813.375,63.72200707465566,21.209999999999997,49.80372410254894,12.205830106119835,1.791444083035611e+18,1.7915066491783314e+18
1791488347614797417,10.48,33.2675,843.8,63.72645947204178,21.5075,49.81828033404748,12.205896892080627,1.791440698000238e+18,1.7915080743255524e+18
1791488347948513186,10.744,27.315,936.65,63.721405650252045,21.8575,49.82642681922883,12.205821084753781,1.7914367479221202e+18,1.7915097372757484e+18
1791488348148913195,10.54,32.6475,1220.025,63.72291011378393,22.12,49.83360280259347,12.20584365170676,1.791432087624366e+18,1.7915116991342973e+18
1791488348549821161,10.832,26.6325,446.4,63.721552999585256,22.2775,49.83945101082916,12.20582329499378,1.7914264977781775e+18,1.791514052201482e+18
1791488348950614311,10.676,29.765,1362.3,63.71987472603632,22.6975,49.84344324989362,12.205798120890545,1.7914196672173353e+18,1.7915169274311322e+18
1791488349150938254,10.728,27.965,880.6,63.71632611982709,22.855,49.85135446218317,12.205744891797407,1.791411139698877e+18,1.791520516847694e+18
1791488349484506903,10.676,29.25,1048.975,63.713305407980855,22.977500000000003,49.8572370594349,12.205699581119713,1.7914001802878935e+18,1.7915251297394447e+18
1791488349885243845,10.752,28.85,1562.8,63.71437349024787,23.099999999999998,49.86233495214724,12.205715602353719,1.791385587361648e+18,1.7915312718224655e+18
1791488350286113507,10.744,29.0475,1492.475,63.71401160550076,23.1875,49.864029950638,12.205710174082512,1.7913651907916178e+18,1.791539856415787e+18
1791488350486541718,10.648,30.735,1277.85,63.71311013951327,23.2225,49.86600172671025,12.2056966520927,1.791334700960096e+18,1.7915526888518126e+18
1791488350686930209,10.696,29.665,622.875,63.71122638993786,23.2575,49.86669808534512,12.205668395849068,1.791284150405702e+18,1.791573964031531e+18
1791488350887293868,10.628,31.0325,262.45,63.71114029146409,23.2925,49.87205131854806,12.205667104371962,1.791184509078222e+18,1.7916158997409646e+18
1791488351087731221,10.688,29.5675,800.925,63.709834115143565,23.397499999999997,49.87799106095133,12.205647511727154,1.790896575718875e+18,1.7917370807272128e+18
1791488351421256478,10.632,30.6,805.825,63.74694042277259,23.415000000000003,49.89734091132938,12.20620410634159,1.7813029927655032e+18,1.7957746662193403e+18
1791488351821923919,10.664,30.15,820.775,63.76793352602255,23.66,49.90927434840835,12.206519002890339,1.7921599271814157e+18,1.7912053837609946e+18
1791488352222818578,11.016,23.215,866.4,63.77685784973753,23.73,49.91501191757373,12.206652867746064,1.7918136774894748e+18,1.7913511079559153e+18
1791488352423154340,12.012,1.5675,1005.625,63.747281048158264,23.625,49.90266239806876,12.206209215722374,1.791702807742973e+18,1.7913977693575473e+18
1791488352757269324,12.048,1.4625,1430.5,63.72122720480779,23.555,49.891755696277976,12.205818408072117,1.7916481518998285e+18,1.7914207724310646e+18
1791488352957650488,12.068,1.5475,1088.725,63.69962813096158,23.397499999999997,49.88273006006563,12.205494421964424,1.7916156322544479e+18,1.7914344592041162e+18
1791488353224715309,12.08,1.4825,45.725,63.67948873789138,23.17,49.874303696897265,12.205192331068371,1.7915940551687352e+18,1.791443540680577e+18
1791488353558298304,12.096,1.4625,139.525,63.66410434435605,23.1175,49.868188791944995,12.204961565165341,1.7915786958393178e+18,1.7914500053518456e+18
1791488353959071276,12.096,1.4825,425.775,63.652259708060626,23.0125,49.86331925114031,12.20478389562091,1.7915672037782185e+18,1.791454842454598e+18
1791488354359954141,12.112,1.4825,1299.35,63.64280193567102,22.89,49.863415710845494,12.204642029035066,1.7915582829861458e+18,1.7914585974233024e+18
1791488354760808617,12.12,1.5475,688.5,63.64005215518616,22.68,49.86574366611683,12.204600782327793,1.791551121716103e+18,1.7914616119933783e+18
1791488354961140376,12.128,1.5175,462.725,63.64591903709232,22.435000000000002,49.87781131852782,12.204688785556385,1.7915452626406042e+18,1.7914640785833475e+18
1791488355161470880,12.136,1.4625,1412.1,63.64994277623343,22.26,49.88410645271222,12.204749141643502,1.7915403826037752e+18,1.7914661331697792e+18
1791488355495181552,12.14,1.4975,1032.575,63.65583131076215,22.084999999999997,49.891186547996995,12.204837469661433,1.79153625712921e+18,1.7914678702123802e+18
1791488355895678301,12.14,1.5175,1512.75,63.6609144560194,21.997500000000002,49.89639532491082,12.204913716840291,1.79153272314151e+18,1.791469358335954e+18
1791488356296517298,12.152,1.5475,1339.725,63.670072035628394,21.735,49.903292399560776,12.205051080534426,1.7915296646835423e+18,1.7914706463363487e+18
1791488356697402044,12.156,1.4975,811.7,63.678651681389404,21.560000000000002,49.90865650281026,12.205179775220842,1.7915269912638607e+18,1.7914717722960978e+18
1791488357098257371,12.156,1.5325,838.7,63.686375651320255,21.2975,49.9105349097992,12.205295634769804,1.7915246361988872e+18,1.7914727642702943e+18
1791488357298431739,12.16,1.5175,921.1,63.69640734648358,21.2975,49.91654308908487,12.205446110197254,1.7915225488269755e+18,1.79147364357472e+18
1791488357498467640,12.16,1.4325,1172.55,63.704518216826585,21.035,49.92054765341316,12.2055677732524,1.7915206847543854e+18,1.791474428896211e+18
1791488357698683221,12.16,1.4975,301.525,63.7402728376648,20.7025,49.935544454057165,12.206104092564972,1.791519015049414e+18,1.7914751324187244e+18
1791488357899099706,12.172,1.5175,920.175,63.767972237859134,20.405,49.947164935019785,12.206519583567887,1.791517509679096e+18,1.7914757667793324e+18
1791488358233097740,12.176,1.5675,1169.75,63.778041823468676,20.037499999999998,49.95138637784692,12.20667062735203,1.7915161418863875e+18,1.791476343237677e+18
1791488358634033275,12.176,1.5475,292.975,63.78594729500971,19.6875,49.95470030289279,12.206789209425146,1.7915148931574016e+18,1.7914768695860577e+18
1791488358834356352,12.18,1.5325,894.075,63.78999852329009,19.372500000000002,49.9564063070081,12.206849977849352,1.7915137485769615e+18,1.791477352099797e+18
1791488359034849922,12.18,1.5325,1090.1,63.792898946073926,19.372500000000002,49.95761943659115,12.20689348419111,1.7915126951625157e+18,1.7914777962447862e+18
1791488359235043631,12.184,1.4975,49.9,63.79427603704792,18.602500000000003,49.958208105479315,12.20691414055572,1.791511722639752e+18,1.7914782063430638e+18
1791488359435222358,12.184,1.5825,152.275,63.79691743255309,17.2375,49.959300971626675,12.206953761488297,1.7915108217682388e+18,1.7914785862859146e+18
1791488359769112623,12.184,1.5325,464.7,63.79431135397052,17.2375,49.95820996783503,12.206914670309558,1.7915099863643676e+18,1.7914789386623396e+18
1791488360169947936,12.104,2.7,1418.15,63.78271162677077,16.1175,49.95322613068152,12.206740674401562,1.7915092083814725e+18,1.7914792668586207e+18
1791488360570809437,9.896,49.9175,1051.05,63.730114134036924,15.785,49.90428604017097,12.205951712010554,1.7915084799084283e+18,1.791479574191195e+18
1791488360771263760,10.452,36.4825,1569.15,63.6991431106216,16.0125,49.88471153796529,12.205487146659324,1.791507797791435e+18,1.791479861996336e+18
1791488361105321830,12.028,2.63,1511.85,63.68962864072249,16.0125,49.887236850561266,12.205344429610838,1.7915071558425244e+18,1.7914801329100252e+18
1791488361305477835,12.06,2.3825,1337.0,63.68411873047863,15.995000000000001,49.888675138867505,12.20526178095718,1.791506551993973e+18,1.791480387793836e+18
1791488361505647270,12.064,2.5175,803.4,63.684344768812636,15.802499999999998,49.89580641773416,12.20526517153219,1.7915059835426614e+18,1.7914806277831631e+18
1791488361705628239,12.044,3.265,813.375,63.68360101209409,15.802499999999998,49.89392755640857,12.205254015181412,1.791505447715947e+18,1.791480854041747e+18
1791488361905958800,12.068,2.8475,843.8,63.686086033132455,15.785,49.8963264375932,12.205291290496987,1.7915049425261484e+18,1.791481067402055e+18
1791488362306926169,12.124,1.9675,936.65,63.69574196786027,15.819999999999999,49.9059977247529,12.205436129517905,1.7915044653288778e+18,1.7914812689806838e+18
1791488362707861492,11.636,11.585,1220.025,63.724747394617715,15.819999999999999,49.91797913126133,12.205871210919266,1.791504014893714e+18,1.7914814592970327e+18
1791488363108627903,11.984,3.015,446.4,63.721797458391634,15.7675,49.917067205868925,12.205826961875875,1.7915035880984028e+18,1.7914816396571955e+18
1791488363442129681,12.128,1.4975,1362.3,63.72902817702905,15.8725,49.92012090963311,12.205935422655436,1.7915031841233615e+18,1.7914818104040602e+18
1791488363642489385,12.14,1.4825,880.6,63.73183981311425,15.8725,49.9213109036371,12.205977597196714,1.7915028009662374e+18,1.791481972379977e+18
1791488363842925607,12.152,1.6325,1048.975,63.73490152873484,15.819999999999999,49.92260384462079,12.206023522931023,1.791502436950679e+18,1.7914821262916012e+18
1791488364043263447,12.156,1.5325,1562.8,63.735865233894955,15.6275,49.92301238068637,12.206037978508425,1.791502090569735e+18,1.7914822727734915e+18
1791488364444202179,12.164,1.4625,1492.475,63.73262933531689,15.6275,49.92195255939541,12.205989440029754,1.7915017605111342e+18,1.7914824123768067e+18
1791488364844962132,12.172,1.5475,1277.85,63.742585279761805,15.33,49.92756726211323,12.206138779196428,1.7915014459833661e+18,1.7914825454376817e+18
1791488365045352534,12.172,1.5475,622.875,63.75679141377235,14.42,49.93856233117919,12.206351871206586,1.7915011463971415e+18,1.791482672202482e+18
1791488365245590556,12.176,1.5825,262.45,63.76894129354958,14.42,49.937122475450366,12.206534119403244,1.7915008610652623e+18,1.791482792957556e+18
1791488365445738357,12.18,1.5325,800.925,63.78471304837273,13.58,49.945773114223904,12.206770695725591,1.7915005889376975e+18,1.7914829081467791e+18
1791488365779612963,12.184,1.5975,805.825,63.802977338565576,13.58,49.95669790157994,12.207044660078484,1.7915003280346524e+18,1.7914830186165978e+18
1791488366180348475,12.176,1.4325,820.775,63.81716038535948,12.7575,49.967483340495804,12.207257405780393,1.791500078060467e+18,1.7914831244852352e+18
1791488366581255381,12.18,1.4975,866.4,63.83112148935407,12.7575,49.973977540117694,12.207466822340312,1.7914998383063624e+18,1.7914832260512476e+18
1791488366981997168,12.184,1.5325,1005.625,63.84533373731177,11.7425,49.977590318650265,12.207680006059677,1.791499607937796e+18,1.7914833236684403e+18
1791488367382492786,12.188,1.5175,1430.5,63.861667501226044,11.7425,49.98531895581057,12.207925012518391,1.7914993866853727e+18,1.7914834174479245e+18
1791488367582807914,12.188,1.4975,1088.725,63.876181037033284,10.185,49.98840875334022,12.2081427155555,1.7914991740231516e+18,1.791483507610426e+18
1791488367783256219,12.196,1.5475,45.725,63.89329509637334,10.185,49.98954224896263,12.2083994264456,1.7914989694627438e+18,1.7914835943625687e+18
1791488367983684326,12.2,1.5325,139.525,63.91218987631086,10.185,49.995888798170505,12.208682848144663,1.791498772759677e+18,1.7914836778057134e+18
1791488368317771669,12.204,1.5475,425.775,63.93208375868768,8.9775,49.99839371455651,12.208981256380316,1.7914985834099484e+18,1.791483758152994e+18
1791488368718685658,12.2,1.4825,1299.35,63.950281685692154,8.9775,50.00410393110879,12.209254225285383,1.7914984008720492e+18,1.7914838356329037e+18
1791488369052725318,12.204,1.5825,688.5,63.97100373797366,8.9775,50.01227565495944,12.209565056069605,1.7914982250020577e+18,1.7914839103044262e+18
1791488369252960057,12.204,1.5475,462.725,63.99075709484968,8.9775,50.023081060575315,12.209861356422746,1.791498055355403e+18,1.7914839823555497e+18
1791488369453140894,12.208,1.4825,1412.1,64.01284605280486,6.895,50.02779238919999,12.210192690792073,1.7914978917016061e+18,1.791484051882764e+18
1791488369653449017,12.208,1.5675,1032.575,64.03350929373994,6.895,50.03769198457791,12.2105026394061,1.79149773373246e+18,1.791484119015287e+18
1791488369853829745,12.212,1.5175,1512.75,64.05582316200157,6.895,50.0430291515422,12.210837347430024,1.7914975811169705e+18,1.791484183894113e+18
1791488370254790618,12.208,1.4475,1339.725,64.07537683873458,6.895,50.048095116930234,12.21113065258102,1.7914974326559724e+18,1.791484247036801e+18
1791488370655637384,12.212,1.5975,811.7,64.12444932835699,6.895,50.068875655939074,12.211866739925355,1.791497289038611e+18,1.7914843081499164e+18
1791488370989626968,12.212,1.5325,838.7,64.16154948070884,6.895,50.0845960248854,12.212423242210633,1.791497150334931e+18,1.791484367194773e+18
1791488371190041775,12.212,1.5825,921.1,64.1925434075009,6.895,50.09771383867908,12.212888151112514,1.791497016196077e+18,1.7914844243174528e+18
1791488371390045989,12.216,1.5475,1172.55,64.22071125214683,6.895,50.10964920940774,12.213310668782203,1.7914968864504407e+18,1.791484479589066e+18
1791488372926098265,12.296,1.5325,1155.4,64.2667483194517,0.0,50.12915713173467,12.214001224791776,1.791496760850403e+18,1.7914845331184392e+18
1791488373126570102,12.296,1.615,249.2,64.31100558214757,0.0,50.14786479812992,12.214665083732214,1.7914966394069107e+18,1.7914845848982605e+18
1791488373326690766,12.296,1.665,760.475,64.35362620314461,0.0,50.16585152242514,12.21530439304717,1.7914965218909885e+18,1.791484635025269e+18
1791488373526900349,12.3,1.6325,682.375,64.39481968207063,0.0,50.18324795771312,12.21592229523106,1.791496408000271e+18,1.7914846836277548e+18
1791488373727264935,12.296,1.5675,444.025,64.43235689764508,0.0,50.19913554584452,12.216485353464677,1.7914962971020355e+18,1.7914847309792381e+18
1791488374061319655,12.296,1.5825,1355.05,64.4674265984092,0.0,50.21397298856614,12.217011398976139,1.7914961894246973e+18,1.791484776976637e+18
1791488374261667435,12.296,1.5675,858.475,64.49930773202199,0.0,50.22746605124872,12.21748961598033,1.7914960847643277e+18,1.7914848217056517e+18
1791488374462137204,12.296,1.5675,981.45,64.53029841806332,0.0,50.24057980759338,12.21795447627095,1.7914959829863404e+18,1.7914848652231322e+18
1791488374662595693,12.296,1.5175,1356.725,64.56086996248513,0.0,50.25354044944089,12.218413049437277,1.7914958838508393e+18,1.7914849076315433e+18
1791488374862899136,12.3,1.5825,863.575,64.59095408875083,0.0,50.26626141362459,12.218864311331263,1.7914957870603308e+18,1.7914849490596073e+18
1791488375263733591,12.3,1.5475,997.0,64.61951197492282,0.0,50.278370151906934,12.219292679623843,1.7914956924338552e+18,1.7914849895849554e+18
1791488375663981392,12.3,1.4975,1404.2,64.6452717038054,0.0,50.28932189325453,12.219679075557082,1.7914956000126257e+18,1.7914850291866412e+18
1791488376064773758,12.296,1.5475,1008.475,64.67227647718265,0.0,50.300763853382996,12.22008414715774,1.7914955097200215e+18,1.7914850678969004e+18
1791488376398868952,12.292,1.5475,1439.2,64.69538463823723,0.0,50.31056652250474,12.220430769573559,1.7914954216042568e+18,1.7914851056923963e+18
1791488376599298725,12.296,1.4975,1115.275,64.71895663869651,0.0,50.32057304500036,12.220784349580448,1.7914953357125599e+18,1.791485142550483e+18
1791488376799786959,12.296,1.4975,126.725,64.73969058272095,0.0,50.329389593485665,12.221095358740815,1.7914952518651407e+18,1.7914851785478362e+18
1791488377000151823,12.296,1.5175,386.725,64.76086960891575,0.0,50.338380500369,12.221413044133737,1.7914951700524984e+18,1.7914852136878351e+18
1791488377400647358,12.296,1.5475,1180.175,64.7830782154829,0.0,50.347779731876166,12.221746173232244,1.7914950901766372e+18,1.7914852480125747e+18
1791488377600861327,12.296,1.5175,324.8,64.80382141505834,0.0,50.35657333264145,12.222057321225876,1.7914950121062275e+18,1.7914852815776425e+18
1791488377801312351,12.304,1.5475,991.2,64.82561119634799,0.0,50.36587159746484,12.22238416794522,1.7914949358040525e+18,1.7914853143986143e+18
1791488378135121105,12.304,1.5475,1386.5,64.85744997142879,0.0,50.387202669060045,12.222861749571432,1.7914948612882314e+18,1.7914853464691569e+18
1791488378535978224,12.3,1.5325,954.45,64.89820716846017,0.0,50.41540652720163,12.223473107526903,1.7914947885433326e+18,1.7914853777966374e+18
1791488378936757588,12.3,1.5475,1274.35,64.94268241794983,0.0,50.44298094587077,12.224140236269248,1.7914947175238085e+18,1.7914854084007214e+18
1791488379137200858,12.296,1.5325,612.2,64.98621027047623,0.0,50.46946700687793,12.224793154057144,1.7914946482232202e+18,1.7914854382828718e+18
1791488379337372420,12.296,1.5675,229.875,65.02994429991296,0.0,50.494857503004305,12.225449164498695,1.7914945805261965e+18,1.7914854674924554e+18
1791488379671062596,12.296,1.5675,701.5,65.09272517757441,0.0,50.52147282762468,12.226390877663617,1.791494514554791e+18,1.7914854959791462e+18
1791488380071944821,12.296,1.5475,502.4,65.14412548385519,0.0,50.54326475570992,12.227161882257828,1.7914944501236795e+18,1.7914855238205793e+18
1791488380472883430,12.292,1.4625,1533.2,65.19001588746518,0.0,50.56276906364178,12.227850238311978,1.7914943871344166e+18,1.7914855510578368e+18
1791488380873755784,12.296,1.5475,1402.15,65.23261456042025,0.0,50.58081752837726,12.228489218406304,1.7914943255040207e+18,1.7914855777258033e+18
1791488381074115974,12.3,1.4825,1002.2,65.26472231221587,0.0,50.599296871430894,12.228970834683238,1.7914942651553897e+18,1.791485603855357e+18
1791488381274221807,12.3,1.4475,1420.05,65.30935945358331,0.0,50.633082864434044,12.22964039180375,1.7914942062577257e+18,1.791485629373013e+18
1791488381607784744,12.3,1.5175,1056.825,65.35120105220886,0.0,50.65994214601216,12.230268015783134,1.7914941487552704e+18,1.7914856543024453e+18
1791488382008608409,12.304,1.4625,1586.75,65.39174841257736,0.0,50.682685125197885,12.230876226188661,1.7914940925788823e+18,1.7914856786726052e+18
1791488382409413494,12.304,1.4475,1565.575,65.43088076838659,0.0,50.702551994251664,12.2314632115258,1.7914940376384233e+18,1.791485702522235e+18
1791488382743518262,12.3,1.4975,1500.95,65.46957860127434,0.0,50.72146791121246,12.232043679019116,1.7914939839137784e+18,1.791485725859538e+18
1791488382943880367,12.296,1.4975,1303.725,65.5058013265281,0.0,50.7359392071494,12.232587019897922,1.7914939313104284e+18,1.7914857487245824e+18
1791488383144196625,12.296,1.5825,701.85,65.55175749911284,0.0,50.74588244949612,12.233276362486693,1.7914938798514033e+18,1.7914857711083937e+18
1791488383544542739,12.296,1.5675,503.475,65.61751009619441,0.0,50.77346721015957,12.234262651442917,1.7914938294533855e+18,1.7914857930519194e+18
1791488383878501927,12.3,1.5325,1536.475,65.67615390292114,0.0,50.79830069776871,12.235142308543818,1.791493780226756e+18,1.7914858145032468e+18
1791488384145813650,12.3,1.4975,1412.125,65.73071459977895,0.0,50.821160387166344,12.235960718996685,1.7914937321880092e+18,1.7914858354531837e+18
1791488384346167755,11.344,20.45,1032.65,65.74371191613233,0.0,50.81818050471714,12.236155678741985,1.7914936850169564e+18,1.7914858560347146e+18
1791488384546616293,11.52,15.9475,1512.975,65.75922417164075,0.0,50.81850031064903,12.236388362574612,1.791493638739117e+18,1.791485876236815e+18
1791488384747094388,11.364,18.6325,1340.425,65.76913246341181,0.0,50.8123495961189,12.236536986951178,1.791493593309118e+18,1.7914858960777196e+18
1791488384947487993,11.244,20.7325,813.85,65.77711003674607,0.0,50.815425307040755,12.236656650551192,1.7914935486107192e+18,1.79148591560836e+18
1791488385281243075,11.236,20.5325,845.25,65.78567917044462,0.0,50.823795350051505,12.23678518755667,1.7914935047714744e+18,1.7914859347718423e+18
1791488385681592618,11.168,21.5675,941.075,65.78723640566304,0.0,50.820365402763926,12.236808546084946,1.791493461583109e+18,1.7914859536596114e+18
1791488386082272420,11.048,23.5175,1233.525,65.7862707184706,0.0,50.81644774228823,12.23679406077706,1.791493418778076e+18,1.7914859723898353e+18
1791488386282647177,10.972,24.7975,487.6,65.78316559155945,0.0,50.80778099892268,12.236747483873392,1.7914933764322289e+18,1.7914859909282125e+18
1791488386483096099,10.856,27.2175,1488.025,65.78120825323519,0.0,50.7999543686424,12.236718123798529,1.7914933346040591e+18,1.7914860092486454e+18
1791488386683609001,10.676,30.3325,1264.275,65.7787871483775,0.0,50.79605031524443,12.236681807225663,1.7914932932347397e+18,1.79148602737658e+18
1791488386883987450,10.604,31.65,581.45,65.77878376139294,6.4575,50.79988876479446,12.236681756420895,1.791493252568353e+18,1.7914860452032663e+18
1791488387217870478,10.5,33.5,136.025,65.77812613089355,6.4575,50.79942782783106,12.236671891963404,1.7914932123835594e+18,1.7914860628273498e+18
1791488387618122564,10.444,34.835,415.1,65.77810090272331,9.467500000000001,50.80088510091711,12.23667151354085,1.791493172730501e+18,1.791486080226743e+18
1791488387818580463,10.3,37.715,1266.775,65.77904403784163,9.467500000000001,50.80490856645572,12.236685660567625,1.7914931335745853e+18,1.791486097416158e+18
1791488388018952872,10.184,39.48,589.075,65.78109023918464,11.445,50.80519142082935,12.23671635358777,1.791493094925687e+18,1.791486114391127e+18
1791488388219335307,10.052,42.0825,159.3,65.78485920408505,11.445,50.816803269851434,12.236772888061276,1.7914930567732849e+18,1.7914861311562593e+18
1791488388419559899,10.068,42.9,486.125,65.78469432144666,13.9825,50.81091709042463,12.2367704148217,1.7914930191376932e+18,1.791486147701964e+18
1791488388619923486,9.992,44.13,1483.525,65.78491260980022,14.927499999999998,50.81128929873048,12.236773689147004,1.791492981988024e+18,1.7914861640415775e+18
1791488388820382597,9.932,45.0,1250.55,65.78664079068288,14.927499999999998,50.811587099570986,12.236799611860244,1.791492945354045e+18,1.791486180162104e+18
1791488389154262935,9.94,45.085,539.575,65.78717211685859,15.504999999999999,50.812225726699715,12.23680758175288,1.7914929092074368e+18,1.7914861960757092e+18
1791488389554899062,9.932,44.8825,8.25,65.78967876449755,15.977500000000001,50.814341544512764,12.236845181467464,1.7914928735748206e+18,1.791486211771007e+18
1791488389955184535,9.908,45.5,25.175,65.79131373956572,15.977500000000001,50.816356262012405,12.236869706093486,1.7914928384193298e+18,1.7914862272638157e+18
1791488390355935391,9.916,45.7675,76.825,65.79078633890047,16.485,50.81598496287868,12.236861795083508,1.7914928039685422e+18,1.791486242451821e+18
1791488390556312313,9.872,47.1,234.45,65.78792331864891,16.834999999999997,50.80827286727782,12.236818849779734,1.7914927700659674e+18,1.7914862574036485e+18
1791488390756822412,9.852,47.015,715.475,65.78773491226626,17.290000000000003,50.80407707039263,12.236816023683994,1.7914927366913293e+18,1.7914862721287455e+18
1791488390957114176,9.856,47.0,545.05,65.7875687800165,17.290000000000003,50.79987642200033,12.236813531700248,1.7914927038429814e+18,1.7914862866280453e+18
1791488391157468560,9.828,47.7825,24.95,65.78550097150386,17.7625,50.79612044735139,12.236782514572559,1.7914926715061094e+18,1.7914863009076355e+18
1791488391491051636,9.876,47.1975,76.125,65.7821842322422,18.1825,50.7869059377624,12.236732763483634,1.7914926395986647e+18,1.7914863150036001e+18
1791488391891658031,9.816,47.5825,232.3,65.78342974742925,18.5675,50.786290662761566,12.23675144621144,1.7914926081362504e+18,1.791486328909769e+18
1791488392292614407,9.772,49.1175,708.9,65.78040213913101,18.9175,50.77892524116167,12.236706032086966,1.7914925770934167e+18,1.7914863426366792e+18
1791488392693399980,9.936,45.6825,524.975,65.77914657595012,19.145,50.77426688738992,12.236687198639252,1.7914925464890358e+18,1.7914863561763763e+18
1791488392893638100,9.94,45.165,1602.075,65.81658328154379,19.145,50.79036445799275,12.237248749223157,1.7914925164212068e+18,1.791486369489869e+18
1791488393094106975,10.004,43.8,1612.325,65.84217256798708,19.4425,50.802256645303885,12.237632588519807,1.7914924868416824e+18,1.7914863825968812e+18
1791488393294270617,10.036,42.8,5.225,65.86284064168686,19.6875,50.814704436070215,12.237942609625303,1.791492457731811e+18,1.791486395504853e+18
1791488393494448952,10.156,40.435,15.925,65.87750096452866,19.8275,50.8244024502534,12.23816251446793,1.7914924290318996e+18,1.791486408239279e+18
1791488393694899909,10.16,40.3325,48.575,65.88914052191792,20.02,50.83295391309095,12.23833710782877,1.791492400704442e+18,1.791486420816057e+18
1791488394028770210,10.132,40.85,148.225,65.8989432648231,20.212500000000002,50.840973774119405,12.238484148972347,1.791492372762869e+18,1.79148643322921e+18
1791488394229131158,10.14,40.7675,452.325,65.90542674135895,20.352500000000003,50.847062589320885,12.238581401120385,1.791492345173449e+18,1.7914864454929298e+18
1791488394496408467,10.18,39.95,1380.375,65.90798480336188,20.4225,50.851619885429905,12.238619772050429,1.791492317879837e+18,1.7914864576315569e+18
1791488394830525853,10.216,39.3825,935.75,65.91018038679381,20.5625,50.85504180693381,12.238652705801908,1.7914922908835364e+18,1.791486469644502e+18
1791488395231057609,10.24,39.2475,1217.275,65.90813005032183,20.685000000000002,50.854534272796634,12.238621950754828,1.791492264197503e+18,1.7914864815255652e+18
1791488395631412985,10.24,39.48,438.025,65.90449059762611,20.755,50.851920994995005,12.238567358964392,1.7914922377653135e+18,1.7914864932994158e+18
1791488396032114192,10.152,40.365,1336.725,65.90647717064384,20.9825,50.857054951512126,12.238597157559658,1.7914922116061947e+18,1.7914865049582423e+18
1791488396432950033,10.244,39.115,802.55,65.90518673490253,21.1575,50.85722476004661,12.238577801023538,1.7914921857436224e+18,1.7914865164912466e+18
1791488396633345174,10.264,38.6825,810.775,65.90312307173436,21.28,50.86007328607394,12.238546846076016,1.7914921601397878e+18,1.7914865279146706e+18
1791488396833848209,10.26,39.165,835.875,65.90143368416798,21.349999999999998,50.85828749161518,12.23852150526252,1.7914921348099215e+18,1.7914865392215754e+18
1791488397034188244,10.232,39.565,912.475,65.90536036111294,21.3675,50.85790407706184,12.238580405416695,1.7914921097386793e+18,1.791486550419301e+18
1791488397234437082,10.22,39.3325,1146.25,65.90799810103016,21.455,50.86026375387627,12.238619971515453,1.7914920849009795e+18,1.7914865615187338e+18
1791488397434598924,10.24,39.95,221.275,65.90647774169662,21.455,50.85567216905518,12.23859716612545,1.7914920602757169e+18,1.791486572528707e+18
1791488397634932956,10.2,40.2175,675.275,65.90948044724927,21.455,50.853762028728596,12.23864220670874,1.7914920358824038e+18,1.7914865834410683e+18
1791488397835347923,10.22,39.2975,422.375,65.91131077756987,21.49,50.85558252659983,12.238669661663549,1.7914920118569935e+18,1.7914865941957768e+18
1791488398035698034,10.236,39.065,1288.975,65.95694309461857,21.5425,50.87512063595257,12.239354146419279,1.7914919882163018e+18,1.7914866047897743e+18
1791488398236146995,10.24,39.15,656.825,65.97963670893061,21.5775,50.88530096117458,12.23969455063396,1.7914919648295936e+18,1.7914866152781087e+18
1791488398436625313,10.368,36.4825,366.05,65.99430549025955,21.595,50.892972052233596,12.239914582353894,1.791491941663031e+18,1.7914866256748244e+18
1791488398637101400,10.412,35.75,1117.075,66.00588268101193,21.6125,50.89861425564767,12.24008824021518,1.7914919187057935e+18,1.7914866359842609e+18
1791488398837549426,10.384,35.85,132.225,66.01213815171987,21.735,50.90453129811734,12.240182072275799,1.7914918959909466e+18,1.7914866461912556e+18
1791488399171464069,10.404,36.1,403.5,66.01788659217145,21.805,50.90672635786689,12.240268298882572,1.7914918734863537e+18,1.7914866563100943e+18
1791488399571765720,10.344,37.4175,1231.375,66.01947939918686,21.91,50.90642937472937,12.240292190987804,1.7914918512593334e+18,1.7914866663100234e+18
1791488399972384698,10.344,37.0175,481.05,66.01692797957628,21.98,50.90668443413261,12.240253919693645,1.7914918293225395e+18,1.7914866761843674e+18
1791488400373302996,10.34,37.185,1468.025,66.01428003398419,22.0325,50.906409813375944,12.240214200509763,1.7914918076378685e+18,1.791486685950289e+18
1791488400774090154,10.384,35.915,1203.25,66.0099727842824,22.05,50.907594435805294,12.240149591764236,1.7914917862589268e+18,1.7914866955839247e+18
1791488401174846854,11.904,2.3325,395.225,65.94041191797848,22.102500000000003,50.88026735657142,12.239106178769678,1.7914917649470303e+18,1.7914867051842304e+18
1791488401575228725,12.012,1.5325,1206.125,65.89091570290266,22.189999999999998,50.86009682172365,12.23836373554354,1.7914917437966723e+18,1.7914867147114232e+18
1791488401975880795,12.04,1.5475,404.0,65.84874335759407,22.05,50.84287645280313,12.237731150363912,1.791491722786056e+18,1.7914867241760133e+18
1791488402309729836,12.06,1.5825,1232.9,65.81139262754898,21.945,50.82762911251952,12.237170889413235,1.7914917019464422e+18,1.791486733564546e+18
1791488402510018501,12.076,1.4975,485.7,65.77429400493276,21.805,50.81247944933552,12.236614410073992,1.7914916812446804e+18,1.7914867428915638e+18
1791488402977576589,12.1,1.5825,1246.575,65.75222048046614,21.525000000000002,50.804536728576586,12.236283307206993,1.7914916607724682e+18,1.791486752118312e+18
1791488403311310888,12.104,1.5475,527.425,65.73669697569105,21.385,50.79820178941076,12.236050454635366,1.7914916404924042e+18,1.7914867612618742e+18
1791488403711697131,12.116,1.5675,1609.55,65.71900344544039,21.105,50.79098383362937,12.235785051681606,1.791491620400056e+18,1.7914867703241042e+18
1791488404112469560,12.12,1.5175,1635.15,65.7017769661159,20.895,50.78394454527599,12.23552665449174,1.7914916004956751e+18,1.791486779304899e+18
1791488405314537555,12.144,1.5475,697.325,65.69818352606372,20.3175,50.781123937820546,12.235472752890956,1.791491580859828e+18,1.7914867881713828e+18
1791488405715137420,12.144,1.5675,489.65,65.72131200469633,19.7225,50.79057020586807,12.235819680070446,1.7914915615086213e+18,1.7914867969172255e+18
1791488405915497548,12.152,1.5675,1494.275,65.73637264276289,19.075,50.79671817101272,12.236045589641444,1.7914915424049388e+18,1.7914868055576842e+18
1791488406249562690,12.156,1.5175,639.65,65.74715360838997,17.6925,50.80101624785318,12.23620730412585,1.7914915235626552e+18,1.7914868140863414e+18
1791488406450014530,12.164,1.5475,313.65,65.75483332048289,15.819999999999999,50.81475299934642,12.236322499807244,1.791491504942187e+18,1.791486822520146e+18
1791488406850952555,11.08,25.585,957.175,65.76864413134263,14.209999999999999,50.814104780028124,12.23652966197014,1.791491486593752e+18,1.7914868308376724e+18
1791488407251658014,10.272,41.765,1282.65,65.76053511637225,14.209999999999999,50.79214540372376,12.236408026745584,1.7914914684585006e+18,1.7914868390629932e+18
1791488408052813945,10.356,38.565,307.15,65.7596065965967,13.5625,50.785020312769085,12.236394098948951,1.7914914505287124e+18,1.7914868472009172e+18
1791488408453765945,10.3,38.8675,937.325,65.76410007343449,13.0025,50.79172560326161,12.236461501101518,1.7914914328073503e+18,1.7914868552497715e+18
1791488408854472812,10.28,38.565,452.675,65.76536063072255,12.46,50.794151075834755,12.236480409460839,1.791491415280889e+18,1.79148686321525e+18
1791488409255141702,10.216,40.5325,1381.45,65.7632318004727,12.985,50.78800602385081,12.236448477007091,1.791491397957696e+18,1.7914868710932846e+18
1791488409455187263,10.196,39.515,939.05,65.76524662389274,12.985,50.794261675920964,12.236478699358392,1.79149138083861e+18,1.7914868788833802e+18
1791488409655545842,10.188,40.8325,1227.35,65.76480425342335,13.5625,50.79288184359737,12.23647206380135,1.7914913638825055e+18,1.7914868866035932e+18
1791488410056341630,10.132,42.5675,45.725,65.76163608088765,15.1725,50.78537252418818,12.236424541213315,1.791491347101528e+18,1.7914868942486124e+18
1791488410256767887,10.064,43.615,139.525,65.759180840624,15.1725,50.78046560367231,12.23638771260936,1.7914913305024064e+18,1.7914869018150917e+18
1791488410590879378,10.052,44.0025,425.775,65.75557718917813,15.680000000000001,50.77260751035006,12.236333657837672,1.7914913140699914e+18,1.7914869093098609e+18
1791488411392181061,9.92,46.3825,1412.1,65.75168912362778,17.0975,50.764449207883146,12.236275336854417,1.7914912978385667e+18,1.791486916718539e+18
1791488411792881192,9.9,47.6475,1032.575,65.74317215519321,17.587500000000002,50.749952114215475,12.236147582327899,1.791491281755371e+18,1.791486924063321e+18
1791488412594479234,10.016,43.3325,838.7,65.74801303449915,19.0925,50.746729038958016,12.236220195517488,1.79149126586992e+18,1.7914869313241165e+18
1791488412995410869,10.04,42.9,921.1,65.74964885977943,19.4075,50.744243172474285,12.236244732896692,1.791491250174684e+18,1.7914869385031258e+18
1791488413395899214,9.82,48.1675,1172.55,65.7483570205625,19.4075,50.734985977699274,12.236225355308438,1.791491234638343e+18,1.7914869456140572e+18
1791488413662736010,10.076,42.6325,301.525,65.74937186340657,19.5475,50.730703625128854,12.236240577951099,1.7914912192780754e+18,1.7914869526491036e+18
1791488413929977410,10.112,42.5475,920.175,65.74767519367113,19.8275,50.72408500207599,12.236215127905067,1.791491204083988e+18,1.7914869596124214e+18
1791488414330895597,10.188,40.6175,1169.75,65.74781340809604,20.212500000000002,50.71983899888262,12.236217201121441,1.7914911890368707e+18,1.7914869665129582e+18
1791488414598146291,10.32,37.8975,292.975,65.74900128327181,20.7375,50.715340415099284,12.236235019249078,1.7914911741395965e+18,1.7914869733492065e+18
1791488415065863195,10.32,38.135,894.075,65.75033199569384,21.07,50.70891653526263,12.236254979935408,1.7914911594132419e+18,1.791486980112181e+18
1791488415332811917,10.372,36.8,1090.1,65.75141325426357,21.385,50.70699273600024,12.236271198813954,1.7914911448205476e+18,1.7914869868180232e+18
1791488415733445436,10.4,36.165,49.9,65.75424708388064,21.7,50.703798955994536,12.23631370625821,1.7914911303797386e+18,1.7914869934589507e+18
1791488416000779460,10.436,35.5675,152.275,65.75608357786165,21.945,50.701657295355474,12.236341253667925,1.7914911161494244e+18,1.7914870000075282e+18
1791488416268039663,10.48,34.1675,464.7,65.7586859131329,22.2075,50.70101768613877,12.236380288696994,1.7914911021242035e+18,1.7914870064664338e+18
1791488416468399933,10.532,33.935,1418.15,65.76021512631729,22.4175,50.69794269418316,12.23640322689476,1.791491088257286e+18,1.791487012856572e+18
1791488416869306975,10.496,34.45,1051.05,65.764702725817,22.662499999999998,50.694724594957556,12.236470540887256,1.791491074572931e+18,1.791487019167758e+18
1791488417337934218,10.528,33.2325,1569.15,65.76752835900577,22.7675,50.69383804336127,12.236512925385087,1.7914910610614525e+18,1.7914870254043715e+18
1791488417604869129,10.5,33.865,1511.85,65.80229993285913,22.872500000000002,50.7092860173965,12.237034498992887,1.7914910477438881e+18,1.7914870315591007e+18
1791488418005521161,10.608,31.115,1337.0,65.82408857081658,22.977500000000003,50.72216696900814,12.23736132856225,1.7914910346031544e+18,1.79148703763879e+18
1791488418272838226,10.532,33.415,803.4,65.84475510495902,23.0825,50.73122194640312,12.237671326574386,1.7914910216370445e+18,1.7914870436440812e+18
1791488418540081895,10.616,30.735,813.375,65.85350645813668,23.135,50.73847625611863,12.23780259687205,1.7914910087984448e+18,1.7914870495950285e+18
1791488419007692440,10.636,31.215,843.8,65.85795198797437,23.205,50.73993717425518,12.237869279819616,1.7914909960818737e+18,1.7914870554941896e+18
1791488419274756658,11.992,1.4825,936.65,65.812850337245,23.275000000000002,50.720652655253566,12.237192755058675,1.7914909833969334e+18,1.791487061377617e+18
1791488419675224172,12.032,1.4975,1220.025,65.80404231282411,23.1175,50.717097223399236,12.237060634692362,1.7914909707942935e+18,1.7914870672260099e+18
1791488419942397097,12.052,1.4825,446.4,65.79139094380908,22.977500000000003,50.71197920287439,12.236870864157137,1.791490958270182e+18,1.7914870730404408e+18
1791488420343126752,12.064,1.5175,1362.3,65.77649785613124,22.9425,50.70596131508686,12.23664746784197,1.7914909458441344e+18,1.7914870788122276e+18
1791488420543574193,12.08,1.5475,880.6,65.76296530747874,22.627499999999998,50.700499228953205,12.236444479612182,1.7914909335099953e+18,1.7914870845437844e+18
1791488420810877514,12.092,1.4825,1048.975,65.7505369134149,22.522499999999997,50.69547427616736,12.236258053701224,1.7914909212504456e+18,1.7914870902430636e+18
1791488421211335048,12.096,1.5175,1562.8,65.73502250399316,22.4875,50.689207823159514,12.236025337559898,1.7914909090843128e+18,1.7914870959015168e+18
1791488421478169086,12.104,1.4825,1492.475,65.71961765145728,22.3125,50.6829791223562,12.23579426477186,1.7914908970376259e+18,1.791487101506673e+18
1791488421745551675,12.112,1.5825,1277.85,65.70631265144402,22.05,50.67761365835483,12.235594689771661,1.791490885123056e+18,1.7914871070531515e+18
1791488422146406077,12.12,1.5175,622.875,65.69389698574244,21.787499999999998,50.67259844523203,12.235408454786137,1.791490873337047e+18,1.7914871125429978e+18
1791488422413738900,12.124,1.5975,262.45,65.68201332759485,21.5775,50.6678041148382,12.235230199913923,1.79149086166614e+18,1.7914871179820772e+18
1791488422881445354,12.128,1.5675,800.925,65.66969052335898,21.4025,50.66282879396265,12.235045357850385,1.7914908500874214e+18,1.7914871233812483e+18
1791488423148638650,12.132,1.5475,805.825,65.65749707223551,21.245,50.65790626544819,12.234862456083533,1.791490838598974e+18,1.7914871287410342e+18
1791488423415378336,12.136,1.5475,820.775,65.64353815197146,21.0525,50.65226760967474,12.234653072279572,1.7914908271950769e+18,1.7914871340638876e+18
1791488423816199145,12.144,1.5825,866.4,65.6311452813503,20.825,50.64726998821505,12.234467179220255,1.7914908158614382e+18,1.7914871393566182e+18
1791488424083387653,12.144,1.5475,1005.625,65.61761194683895,20.5275,50.641807439713396,12.234264179202585,1.791490804592788e+18,1.7914871446212744e+18
1791488424350541722,12.152,1.5475,1430.5,65.60675389076454,20.5275,50.63742162220179,12.234101308361469,1.7914907984169682e+18,1.791487147586736e+18
1791488424751445877,12.156,1.5175,1088.725,65.59364169566395,20.1775,50.632131660682376,12.23390462543496,1.7914907922979003e+18,1.791487150526937e+18
1791488425018670371,12.164,1.5325,45.725,65.58279237491666,19.7225,50.627757680868974,12.23374188562375,1.7914907862119619e+18,1.7914871534525315e+18
1791488425285577011,12.164,1.5675,139.525,65.57039426886257,19.39,50.622756014483464,12.233555914032939,1.791490780155455e+18,1.7914871563650798e+18
1791488425686147041,12.16,1.5825,425.775,65.55820927401798,19.075,50.61784002049564,12.23337313911027,1.7914907741362455e+18,1.7914871592613105e+18
1791488425953443507,12.168,1.5475,1299.35,65.5455280605443,19.075,50.61272491870789,12.233182920908165,1.7914907681470546e+18,1.7914871621441795e+18
1791488426354328046,12.172,1.615,688.5,65.53539695228183,18.865,50.61147423080111,12.233030954284228,1.7914907622055455e+18,1.7914871650062218e+18
1791488426621606052,12.168,1.5475,462.725,65.5441276069705,18.62,50.62886783006682,12.233161914104558,1.7914907563349763e+18,1.791487167838085e+18
1791488426822083164,12.168,1.5325,1412.1,65.5572840375749,18.27,50.65036629071173,12.233359260563624,1.7914907505421578e+18,1.7914871706367606e+18
1791488427422921916,12.176,1.5175,1032.575,65.56248231475854,17.955,50.65782894442457,12.233437234721379,1.791490744830315e+18,1.7914871734010957e+18
1791488427623203511,12.176,1.5475,1512.75,65.57584357761128,17.955,50.65879440767927,12.23363765366417,1.7914907391996134e+18,1.7914871761305636e+18
1791488427823639291,12.176,1.5325,1339.725,65.59791658237523,17.622500000000002,50.66584839634914,12.233968748735629,1.7914907336537687e+18,1.7914871788239793e+18
1791488428090877045,12.184,1.5475,811.7,65.60835501828441,17.290000000000003,50.67990795227718,12.234125325274267,1.7914907281784952e+18,1.7914871814870497e+18
1791488428358142941,12.188,1.5825,838.7,65.62005380962914,16.9925,50.691548450649336,12.234300807144438,1.7914907227754714e+18,1.7914871841190646e+18
1791488428759063836,11.808,10.2825,921.1,65.64010473136135,16.9925,50.69977970685962,12.23460157097042,1.7914907174570806e+18,1.7914871867153948e+18
1791488429026193055,10.232,43.665,1172.55,65.62922193872309,16.73,50.676010270072005,12.234438329080847,1.7914907121742753e+18,1.791487189295785e+18
1791488429493323822,10.024,46.535,301.525,65.61759384477499,16.939999999999998,50.65404919448893,12.234263907671625,1.7914907069404132e+18,1.791487191854546e+18
1791488429760574082,10.048,45.7,920.175,65.60824222891748,17.377499999999998,50.63666639779152,12.234123633433763,1.7914907017511818e+18,1.7914871943933071e+18
1791488429894216271,10.052,45.465,1169.75,65.59883053201534,17.377499999999998,50.61614922789908,12.23398245798023,1.7914906965988352e+18,1.7914871969152927e+18
1791488430428605296,10.024,45.2975,292.975,65.59217005501567,17.745,50.6007021081167,12.233882550825236,1.7914906915282836e+18,1.791487199400497e+18
1791488431029863079,9.984,46.035,894.075,65.63004668503558,18.1125,50.60509788561249,12.234450700275534,1.7914906865977277e+18,1.791487201826031e+18
1791488431296645741,10.008,44.9325,1090.1,65.65784027118164,18.4275,50.609935494638755,12.234867604067725,1.7914906817832128e+18,1.7914872042012465e+18
1791488431630418581,9.992,45.2325,49.9,65.66945669719333,18.62,50.60739114906782,12.2350418504579,1.791490677042649e+18,1.791487206544524e+18
1791488431764045114,10.068,44.235,152.275,65.6652191196632,18.76,50.59893330733879,12.234978286794949,1.7914906723260913e+18,1.7914872088771878e+18
1791488432031280286,10.0,45.2675,464.7,65.65983257463535,18.97,50.58340606441381,12.23489748861953,1.7914906676704236e+18,1.7914872111822129e+18
1791488432298417308,10.212,39.8025,1418.15,65.65980171047967,19.2325,50.58338017059599,12.234897025657196,1.7914906630667502e+18,1.7914872134641664e+18
1791488432766175870,10.06,44.5325,1051.05,65.65515958568453,19.4075,50.573319577206604,12.234827393785269,1.7914906585085115e+18,1.7914872157263112e+18
1791488433500468996,10.312,38.65,1569.15,65.65419772830536,19.4075,50.56696683272836,12.234812965924581,1.7914906540095485e+18,1.7914872179632765e+18
1791488433767777949,10.116,42.4675,1511.85,65.65172560332111,19.5475,50.55961151383047,12.234775884049817,1.791490649549333e+18,1.7914872201831452e+18
1791488434235360343,10.124,42.715,1337.0,65.6475389354169,19.95,50.54629444275717,12.234713084031254,1.7914906451324452e+18,1.7914872223841923e+18
1791488434636198029,10.12,41.95,803.4,65.64672640213169,20.3,50.54150735669084,12.234700896031976,1.7914906407583357e+18,1.7914872245667812e+18
1791488434903497951,10.244,39.6325,813.375,65.64593790895339,20.545,50.53650212571828,12.234689068634301,1.7914906364512863e+18,1.791487226719014e+18
1791488435103862352,10.216,40.1825,843.8,65.64603215395901,20.912499999999998,50.53086918412645,12.234690482309386,1.7914906321821658e+18,1.7914872288544937e+18
1791488435370620406,10.32,38.6,936.65,65.64563938197045,21.105,50.524038930736374,12.234684590729557,1.7914906279706186e+18,1.7914872309642703e+18
1791488435770863555,10.316,38.9325,1220.025,65.64481324398257,21.2625,50.515112512935104,12.234672198659739,1.7914906238100221e+18,1.7914872330518484e+18
1791488436037991150,10.316,38.4825,446.4,65.6450065897465,21.560000000000002,50.50924972760046,12.234675098846198,1.7914906196957076e+18,1.7914872351191007e+18
1791488436305267677,10.388,36.8325,1362.3,65.64606467648626,21.6825,50.503060313322734,12.234690970147295,1.7914906156183096e+18,1.791487237170384e+18
1791488436773020174,10.416,36.25,880.6,65.6490886185525,21.945,50.49699069321042,12.234736329278288,1.7914906115907226e+18,1.7914872392003748e+18
1791488437040199374,10.472,35.6175,1048.975,65.65061418858357,22.295,50.48993870659238,12.234759212828754,1.7914906076092987e+18,1.791487241210151e+18
1791488437507306127,10.456,35.0675,1562.8,65.65130955769081,22.522499999999997,50.489112115963835,12.234769643365363,1.791490603687056e+18,1.791487243194134e+18
1791488437974767676,10.54,32.915,1492.475,65.65258427593928,22.575,50.487869626172724,12.23478876413909,1.7914905998247122e+18,1.791487245152002e+18
1791488438241912516,10.504,34.6325,1277.85,65.65388004015213,22.7325,50.48395291818925,12.234808200602282,1.7914905959967324e+18,1.7914872470950239e+18
1791488438508934178,10.548,33.2175,622.875,65.65396466953084,22.89,50.48418165848485,12.234809470042963,1.7914905922525133e+18,1.7914872489996582e+18
1791488438909687578,10.528,34.2325,262.45,65.65640658533982,22.925,50.479567211253844,12.234846098780098,1.7914905885910897e+18,1.7914872508669955e+18
1791488439176717577,10.58,32.45,800.925,65.65775571234029,23.03,50.4780316204665,12.234866335685105,1.7914905849808407e+18,1.7914872527113075e+18
1791488439577135398,10.54,33.6475,805.825,65.65900972725436,23.099999999999998,50.47541967904456,12.234885145908816,1.7914905814133727e+18,1.79148725453709e+18
1791488439844401869,10.512,33.75,820.775,65.66185194504217,23.099999999999998,50.47398406222123,12.234927779175633,1.791490577886048e+18,1.7914872563452948e+18
1791488440245208929,10.556,33.485,866.4,65.66410292245352,23.1525,50.470414388564286,12.234961543836803,1.7914905744188296e+18,1.7914872581266668e+18
1791488440445671467,10.64,31.665,1005.625,65.6659644777511,23.45,50.46830068653285,12.234989467166267,1.7914905710101476e+18,1.7914872598814687e+18
1791488440712800062,10.656,30.735,1430.5,65.70680747174622,23.555,50.48695701829241,12.235602112076194,1.7914905677014774e+18,1.7914872615936292e+18
1791488440979974469,10.684,30.8825,1088.725,65.73562548461291,23.712500000000002,50.49778045129135,12.236034382269194,1.7914905644868403e+18,1.7914872632650176e+18
1791488441180167631,10.64,31.3975,45.725,65.75811475759912,23.87,50.50765461041799,12.236371721363987,1.7914905613379054e+18,1.7914872649080827e+18
1791488441580381241,10.696,30.165,139.525,65.77587691491198,24.01,50.51613455687865,12.23663815372368,1.791490558267905e+18,1.791487266516806e+18
1791488442047917914,10.68,30.3325,425.775,65.78932686004153,24.0975,50.52352863825939,12.236839902900623,1.7914905552718295e+18,1.7914872680933542e+18
1791488442315211984,11.248,16.615,1299.35,65.7777355743249,24.2025,50.52544696352681,12.236666033614874,1.7914905522947945e+18,1.7914872696607875e+18
1791488442515795262,10.856,26.35,688.5,65.78313889811034,24.2375,50.531158283750855,12.236747083471656,1.791490549368732e+18,1.7914872712054085e+18
1791488442916501370,10.864,26.035,462.725,65.78365773800607,24.0625,50.53541909401451,12.236754866070092,1.791490546482252e+18,1.7914872727326377e+18
1791488443183643276,10.728,28.65,1412.1,65.78448128058265,24.0275,50.54051948238456,12.23676721920874,1.7914905436293133e+18,1.791487274244938e+18
1791488443584015810,10.744,28.9975,1032.575,65.78736240668195,23.852500000000003,50.54383074708923,12.23681043610023,1.7914905408266388e+18,1.791487275735055e+18
1791488443851296276,10.62,31.715,1512.75,65.78624718151629,23.7825,50.54458953029979,12.236793707722745,1.7914905380509542e+18,1.7914872772131648e+18
1791488444252172013,10.624,31.5,1339.725,65.78467516866775,23.555,50.550388319996706,12.236770127530017,1.7914905353213376e+18,1.7914872786707146e+18
1791488444719808158,10.652,30.3675,811.7,65.78230025294671,23.485,50.55635408850274,12.236734503794201,1.791490532625886e+18,1.791487280113336e+18
1791488444987078195,10.672,30.65,838.7,65.78177560693226,23.397499999999997,50.55900868157191,12.236726634103984,1.7914905299569454e+18,1.7914872815441958e+18
1791488445454197965,10.58,31.8475,921.1,65.78070447643785,23.1875,50.56597163392779,12.236710567146568,1.7914905273234097e+18,1.7914872829596244e+18
1791488445921674757,10.612,32.2475,1172.55,65.78069422285238,23.17,50.56243644819453,12.236710413342786,1.791490524734985e+18,1.7914872843551836e+18
1791488446389374626,10.576,31.95,301.525,65.78026407235096,23.064999999999998,50.57185885849543,12.236703961085265,1.7914905221807055e+18,1.7914872857359468e+18
1791488446656628720,10.612,31.9175,920.175,65.78057666198573,22.959999999999997,50.57632448531041,12.236708649929787,1.7914905196511273e+18,1.7914872871058332e+18
1791488446923914011,10.56,32.6,1169.75,65.77953781456567,23.03,50.57661467360488,12.236693067218486,1.7914905171571044e+18,1.7914872884596936e+18
1791488447324398186,10.624,31.565,292.975,65.77895274283856,23.1175,50.57744114206775,12.236684291142579,1.7914905146926415e+18,1.7914872898006817e+18
1791488447591258394,10.568,32.7675,894.075,65.80871251135139,23.1525,50.590450077652115,12.237130687670271,1.7914905122965407e+18,1.7914872911126318e+18
1791488447858461792,10.576,32.7475,1090.1,65.83170445856707,23.1175,50.600103968734416,12.237475566878507,1.7914905099506836e+18,1.7914872924034575e+18
1791488448125604287,10.764,28.5175,49.9,65.84748555128306,23.2225,50.608830877074695,12.237712283269246,1.7914905076569285e+18,1.7914872936717565e+18
1791488448526430819,10.824,26.4,152.275,65.85721999482526,23.4325,50.61830729996575,12.23785829992238,1.7914905054017953e+18,1.791487294923688e+18
1791488448793774557,11.996,1.5825,464.7,65.82110238043586,23.502499999999998,50.60377278600429,12.237316535706539,1.7914905031303841e+18,1.7914872961810885e+18
1791488449261142684,12.028,1.5175,1418.15,65.79065542944831,23.345,50.59149298894514,12.236859831441725,1.791490500848226e+18,1.7914872974423857e+18
1791488449528149319,12.048,1.5675,1051.05,65.77219423484435,23.099999999999998,50.58388927010475,12.236582913522666,1.7914904985588396e+18,1.7914872987062705e+18
1791488449794925749,12.064,1.5325,1569.15,65.76442678002752,23.0475,50.58043545495945,12.236466401700413,1.791490496287282e+18,1.791487299961858e+18
1791488450262615315,12.072,1.5675,1511.85,65.73708545903658,22.785,50.56992482049931,12.23605628188555,1.7914904940093335e+18,1.791487301219559e+18
1791488450663353139,12.096,1.5825,803.4,65.71944083444849,22.522499999999997,50.56300266352306,12.235791612516728,1.7914904917426207e+18,1.7914873024716782e+18
1791488450930628559,12.104,1.5825,813.375,65.74519063634172,22.295,50.57224156699721,12.236177859545126,1.7914904895347942e+18,1.7914873036987845e+18
1791488451197801773,12.112,1.5175,843.8,65.75067908264502,21.945,50.57446087859624,12.236260186239676,1.791490487350623e+18,1.7914873049158515e+18
1791488451464632418,12.112,1.5325,936.65,65.75027081200781,21.5075,50.574303145660814,12.236254062180118,1.7914904851949164e+18,1.7914873061199296e+18
1791488451865334028,12.12,1.5175,1220.025,65.74678366896238,20.790000000000003,50.57289973177974,12.236201755034436,1.7914904830932518e+18,1.7914873072992115e+18
1791488452132522098,12.128,1.5475,446.4,65.74142018574487,19.495,50.57074375503645,12.236121302786174,1.7914904810176197e+18,1.7914873084662643e+18
1791488452600122354,10.252,40.5825,1562.8,65.73699308293679,14.647499999999999,50.56133732694815,12.236054896244053,1.791490478988053e+18,1.7914873096123505e+18
1791488453134644989,10.32,39.415,1277.85,65.73136401457869,14.052499999999998,50.55077084174551,12.235970460218681,1.7914904770066017e+18,1.791487310736572e+18
1791488454002675286,10.172,41.385,805.825,65.72589754543054,13.387500000000001,50.54539784934935,12.235888463181459,1.7914904750879084e+18,1.7914873118329833e+18
1791488454670837881,10.116,43.0325,1005.625,65.71691504864279,14.5775,50.53531977237238,12.235753725729642,1.7914904732120627e+18,1.7914873129101245e+18
1791488455071595068,10.068,44.215,1430.5,65.70833651873811,15.137500000000001,50.523890144145575,12.235625047781072,1.791490471359961e+18,1.7914873139762227e+18
1791488455338512972,10.056,44.1,1088.725,65.70141546832468,15.7325,50.51539953092903,12.23552123202487,1.7914904695202752e+18,1.7914873150364544e+18
1791488455739126973,10.028,44.65,45.725,65.69797945602025,16.2225,50.51420639436995,12.235469691840304,1.7914904676991526e+18,1.791487316088491e+18
1791488456006143688,9.96,45.7325,139.525,65.69462194606213,16.2225,50.51107845945439,12.235419329190933,1.791490465915616e+18,1.7914873171230292e+18
1791488456273383947,9.896,46.6475,425.775,65.74655606811884,16.6775,50.52884158062808,12.236198341021783,1.791490464223772e+18,1.7914873181187804e+18
1791488456741127633,9.912,47.365,1299.35,65.76658156852106,17.1325,50.528128650685936,12.236498723527816,1.7914904625855693e+18,1.7914873190917775e+18
1791488457008396746,9.912,47.515,688.5,65.7772897578676,17.587500000000002,50.52280005762156,12.236659346368015,1.7914904609738378e+18,1.7914873200535035e+18
1791488457408849478,9.916,46.7175,462.725,65.76824785017534,17.9375,50.51544363131298,12.23652371775263,1.7914904593732431e+18,1.7914873210100285e+18
1791488457675943936,9.956,45.98,1412.1,65.76563541873806,17.9375,50.51680327656216,12.236484531281071,1.791490457815861e+18,1.7914873219464026e+18
1791488457943207983,9.868,48.015,1032.575,65.76438624264726,18.375,50.51778954359097,12.23646579363971,1.7914904562780872e+18,1.791487322873827e+18
1791488458410935061,9.968,45.8525,1512.75,65.76060354767507,18.6375,50.51066927259414,12.236409053215127,1.7914904547737761e+18,1.7914873237861455e+18
1791488458678208386,9.952,45.7975,811.7,65.75973194045086,19.3025,50.50881167104099,12.236395979106764,1.7914904532890094e+18,1.791487324689562e+18
1791488459079081504,10.064,42.835,838.7,65.7612919471032,19.564999999999998,50.51193179547715,12.236419379206549,1.791490451844101e+18,1.7914873255750602e+18
1791488459746545437,10.252,39.415,921.1,65.76181209797669,19.74,50.51237978885685,12.23642718146965,1.7914904504520504e+18,1.7914873264371346e+18
1791488460013663320,10.412,35.0825,1172.55,65.76017982115441,19.775000000000002,50.515026507501545,12.236402697317317,1.7914904490763958e+18,1.7914873272917225e+18
1791488460280817234,10.172,40.7825,301.525,65.75935456931221,19.8625,50.51347172590675,12.236390318539684,1.7914904477186033e+18,1.7914873281381804e+18
1791488460414338514,10.248,38.665,920.175,65.76052053159407,20.1425,50.51901162576562,12.236407807973912,1.7914904463826826e+18,1.7914873289743852e+18
1791488460681514377,10.292,38.15,1169.75,65.7605170546985,20.58,50.51948564940771,12.236407755820478,1.79149044506583e+18,1.7914873298019313e+18
1791488460948608028,10.332,36.8475,292.975,65.76009956773783,20.912499999999998,50.52002442854994,12.236401493516068,1.79149044376814e+18,1.791487330620728e+18
1791488461148847812,10.296,38.165,894.075,65.76028142866355,21.209999999999997,50.52138583247038,12.236404221429954,1.7914904424938184e+18,1.7914873314286564e+18
1791488462016932041,10.328,37.115,1090.1,65.76077928281588,21.455,50.51722465996638,12.236411689242239,1.7914904412711145e+18,1.791487332214194e+18
1791488462417840976,10.36,36.765,49.9,65.76787479940889,21.752499999999998,50.51313718071131,12.236518121991134,1.7914904400965512e+18,1.791487332978151e+18
1791488462684868120,10.372,36.815,152.275,65.76847704736966,22.0325,50.51113533789633,12.236527155710546,1.791490438940994e+18,1.7914873337334746e+18
1791488463085580229,10.448,35.335,464.7,65.76911035473059,22.2775,50.50897844544245,12.23653665532096,1.7914904378243556e+18,1.7914873344710935e+18
1791488463352350400,10.396,36.365,1418.15,65.7716016545072,22.435000000000002,50.50180123344845,12.236574024817608,1.791490436728514e+18,1.7914873351993554e+18
1791488463752676458,10.456,34.33,1051.05,65.77369316812431,22.540000000000003,50.501574638997035,12.236605397521865,1.791490435667684e+18,1.791487335911859e+18
1791488464019799874,10.492,34.0,1569.15,65.7736410589592,22.715,50.502633147596235,12.236604615884389,1.7914904346302533e+18,1.7914873366134884e+18
1791488464420489348,10.48,33.95,1511.85,65.77335663749422,22.82,50.50383518633749,12.236600349562414,1.7914904336526318e+18,1.7914873372870295e+18
1791488465355388382,10.564,32.7325,803.4,65.77384199131737,23.1175,50.50342297152907,12.236607629869761,1.7914904327533345e+18,1.7914873379252613e+18
1791488465555637840,10.6,32.03,813.375,65.77942432335624,23.310000000000002,50.50005567803676,12.236691364850344,1.7914904319029038e+18,1.791487338540517e+18
1791488466090055921,10.624,31.3825,843.8,65.78177709215404,23.397499999999997,50.49853253043368,12.236726656382311,1.7914904311004237e+18,1.7914873391339574e+18
1791488466557825913,10.632,31.3325,936.65,65.78205309757688,23.695,50.498753044026664,12.236730796463654,1.7914904303443748e+18,1.7914873397059246e+18
1791488467025539753,10.624,31.9,1220.025,65.78405209470648,23.9225,50.497708670885565,12.236760781420598,1.7914904296425303e+18,1.791487340252875e+18
1791488467292479572,11.232,16.8975,446.4,65.75991831326198,24.045,50.49214532979539,12.23639877469893,1.7914904289436534e+18,1.791487340796642e+18
1791488467960253269,11.988,1.4625,1362.3,65.70958509033433,23.9575,50.46886946030656,12.235643776355015,1.7914904282329925e+18,1.7914873413434289e+18
1791488468227367063,12.016,1.4325,880.6,65.72163200277603,23.8875,50.47083393623302,12.235824480041641,1.791490427572443e+18,1.791487341867375e+18
1791488468695053717,12.036,1.4625,1048.975,65.72049768698132,23.73,50.47035961449617,12.23580746530472,1.7914904269482143e+18,1.791487342374617e+18
1791488469162587652,12.056,1.5325,1562.8,65.72009838390467,23.52,50.470214842552686,12.23580147575857,1.7914904263564902e+18,1.7914873428670246e+18
1791488469429427954,12.068,1.4475,1492.475,65.71593826242443,23.3625,50.468552428650604,12.235739073936367,1.791490425792794e+18,1.791487343345874e+18
1791488469696510040,12.072,1.4825,1277.85,65.7091499506048,23.0825,50.46584546997648,12.235637249259073,1.7914904252514348e+18,1.7914873438137068e+18
1791488470164112284,12.084,1.4825,622.875,65.70116815282114,22.9075,50.46266637833362,12.235517522292318,1.7914904247314342e+18,1.791487344271445e+18
1791488470431405746,12.092,1.4625,262.45,65.6923338417442,22.715,50.45914221018692,12.235385007626164,1.791490424223711e+18,1.7914873447227948e+18
1791488470898967609,12.1,1.4475,800.925,65.68261204521586,22.61,50.455268471761734,12.235239180678239,1.791490423744704e+18,1.7914873451604242e+18
1791488471366237784,12.104,1.415,805.825,65.67195203469072,22.4175,50.451020924345706,12.235079280520361,1.7914904232850534e+18,1.7914873455887263e+18
1791488471633231071,12.112,1.5675,820.775,65.66237193711102,22.224999999999998,50.447220938949336,12.234935579056666,1.791490422843463e+18,1.7914873460078195e+18
1791488472034177167,12.116,1.4825,866.4,65.65244578120348,21.997500000000002,50.443273046710516,12.234786686718053,1.7914904224132157e+18,1.79148734642129e+18
1791488472301314610,12.112,1.4325,1005.625,65.63717693805992,21.665000000000003,50.43719814886568,12.2345576540709,1.791490421981109e+18,1.7914873468346972e+18
1791488472568390417,12.128,1.4975,1430.5,65.62847517498176,21.349999999999998,50.43374100178756,12.234427127624727,1.7914904215724052e+18,1.7914873472363922e+18
1791488472835683973,12.124,1.5325,1088.725,65.61715998007189,21.0525,50.42924975104784,12.234257399701079,1.7914904211743616e+18,1.791487347632336e+18
1791488473236292528,12.128,1.5175,45.725,65.6063677275014,20.790000000000003,50.42496417693864,12.234095515912522,1.7914904207930683e+18,1.7914873480199588e+18
1791488473503102305,12.132,1.5475,139.525,65.59408748701551,20.790000000000003,50.420092006697665,12.233911312305233,1.7914904204193e+18,1.7914873484031854e+18
1791488474103917140,12.14,1.5175,1299.35,65.58374611414719,20.1775,50.41598783375954,12.233756191712208,1.791490420084298e+18,1.7914873487681564e+18
1791488474371051082,12.144,1.5825,688.5,65.57469281193795,19.88,50.41239622280821,12.23362039217907,1.7914904197706624e+18,1.7914873491223506e+18
1791488474771981246,12.152,1.4975,462.725,65.5650280216947,19.5125,50.408562699648485,12.233475420325421,1.7914904194727314e+18,1.7914873494688164e+18
1791488475039125936,12.148,1.4975,1412.1,65.55542971183459,18.83,50.404749540369416,12.23333144567752,1.7914904191937277e+18,1.7914873498056356e+18
1791488475439441323,12.148,1.5175,1032.575,65.54373565597844,18.83,50.400104267443496,12.233156034839677,1.7914904189373896e+18,1.7914873501312448e+18
1791488475639745569,12.152,1.615,1512.75,65.53441635441249,17.849999999999998,50.39640353541133,12.233016245316188,1.7914904186839347e+18,1.7914873504547443e+18
1791488475906924400,12.156,1.6325,1339.725,65.52341960822814,16.8175,50.39204079793403,12.232851294123423,1.7914904184423473e+18,1.7914873507718876e+18
1791488476307791986,12.156,1.5675,811.7,65.5124778184498,15.819999999999999,50.38769339401928,12.232687167276747,1.791490418212531e+18,1.7914873510831025e+18
1791488476574997258,12.16,1.4825,838.7,65.50071471860414,15.819999999999999,50.3830258306324,12.232510720779063,1.791490417996605e+18,1.7914873513869315e+18
1791488476975917139,12.164,1.5175,921.1,65.49021697852106,14.98,50.37885483388014,12.232353254677816,1.7914904177918717e+18,1.7914873516851556e+18
1791488477243097050,12.164,1.5325,1172.55,65.48276881415691,14.98,50.37601578026495,12.232241532212354,1.7914904175937306e+18,1.7914873519798374e+18
1791488477643114520,12.164,1.4825,301.525,65.47503626897131,14.682500000000001,50.375650192113504,12.23212554403457,1.7914904174150758e+18,1.791487352265155e+18
1791488477910282767,12.168,1.5175,920.175,65.47539854260296,14.489999999999998,50.37714221578833,12.232130978139045,1.7914904172596739e+18,1.791487352539417e+18
1791488478177401792,12.168,1.5475,1169.75,65.48422736195323,14.489999999999998,50.39302194939574,12.232263410429299,1.7914904171346012e+18,1.7914873527998935e+18
1791488478578268235,12.168,1.5325,292.975,65.51600130007289,14.349999999999998,50.405612298129334,12.232740019501094,1.7914904170739525e+18,1.7914873530322924e+18
1791488479046017780,12.168,1.5175,894.075,65.53474747745294,14.349999999999998,50.41304318530611,12.233021212161795,1.7914904170776302e+18,1.7914873532358228e+18
1791488479312944102,12.176,1.4975,1090.1,65.55224239453645,14.2975,50.41998105193948,12.233283635918047,1.7914904171222528e+18,1.7914873534210486e+18
1791488479579909806,12.176,1.4975,49.9,65.5609944208477,14.105,50.42341570085102,12.233414916312716,1.7914904172040504e+18,1.7914873535891402e+18
1791488479980736862,12.176,1.4975,152.275,65.56467745816366,14.105,50.426960537335,12.233470161872456,1.7914904173162401e+18,1.791487353743335e+18
1791488480247955111,12.176,1.5475,464.7,65.56961560207877,14.0175,50.43233029166497,12.233544234031182,1.791490417456259e+18,1.7914873538846036e+18
1791488480648850097,12.176,1.5675,1418.15,65.57854057801384,14.0175,50.44356001339604,12.233678108670208,1.7914904176300065e+18,1.791487354010773e+18
1791488480916015352,12.18,1.4825,1051.05,65.58504343486997,13.5975,50.4471069267105,12.23377565152305,1.7914904178235668e+18,1.791487354127973e+18
1791488481316552946,12.18,1.5475,1569.15,65.59379092558422,13.5975,50.455008039803474,12.233906863883764,1.791490418061728e+18,1.7914873542246615e+18
1791488481583506171,12.184,1.5675,1511.85,65.60521101514291,13.3525,50.46559744404503,12.234078165227144,1.7914904183606203e+18,1.7914873542926203e+18
1791488481850678423,10.036,47.915,1337.0,65.58500866740025,13.3525,50.43073815406697,12.233775130011004,1.7914904186891676e+18,1.7914873543444595e+18
1791488482318242229,10.304,40.5325,803.4,65.57919954992424,13.299999999999999,50.40911568945633,12.233687993248864,1.7914904190599424e+18,1.7914873543758528e+18
1791488482785964532,10.104,43.3975,813.375,65.57588131252277,13.842500000000001,50.400903449010094,12.233638219687842,1.7914904194855956e+18,1.7914873543808573e+18
1791488483053112925,10.228,41.315,843.8,65.574045730728,13.842500000000001,50.39431137364081,12.23361068596092,1.7914904199444372e+18,1.7914873543694966e+18
1791488483453407036,10.172,41.85,936.65,65.57151558615794,14.280000000000001,50.386740986236134,12.23357273379237,1.7914904204490834e+18,1.7914873543359972e+18
1791488483720478451,10.172,42.4,1220.025,65.56716277653622,14.665000000000001,50.37252631742213,12.233507441648044,1.7914904209804751e+18,1.7914873542890752e+18
1791488483987757225,10.104,44.185,446.4,65.56074229081246,14.665000000000001,50.35764025076331,12.233411134362187,1.791490421549268e+18,1.791487354223358e+18
1791488484254843176,10.028,44.5,1362.3,65.55895042760542,15.1725,50.35397287868042,12.233384256414082,1.7914904221472212e+18,1.791487354143229e+18
1791488484655619700,9.976,45.135,880.6,65.55731353694378,15.7675,50.3486315608742,12.233359703054157,1.7914904227795717e+18,1.7914873540465756e+18
1791488485123355414,9.98,45.53,1048.975,65.55503084232248,16.2925,50.33737761174694,12.233325462634838,1.7914904234596792e+18,1.7914873539270141e+18
1791488485390232169,10.0,44.685,1562.8,65.5581152071994,16.2925,50.32843157234226,12.233371728107992,1.7914904241846262e+18,1.7914873537856745e+18
1791488485657186881,9.948,46.35,1492.475,65.55482329950802,16.73,50.31795236060105,12.23332234949262,1.791490424920606e+18,1.7914873536386982e+18
1791488486124775406,9.98,46.2475,1277.85,65.54962622398799,17.150000000000002,50.30344283370712,12.23324439335982,1.791490425679947e+18,1.7914873534805455e+18
1791488486392036570,9.94,46.6325,622.875,65.54630910439623,17.605,50.29277867476907,12.233194636565944,1.7914904264527547e+18,1.7914873533155679e+18
1791488486792990946,9.876,47.865,262.45,65.5436697165664,18.0775,50.27983879451296,12.233155045748497,1.7914904272437437e+18,1.791487353141929e+18
1791488487060270434,9.92,47.2175,800.925,65.53874143271759,18.5325,50.269644493343726,12.233081121490764,1.791490428058404e+18,1.7914873529563126e+18
1791488487527165519,9.88,48.25,805.825,65.53313487930347,18.5325,50.2543931122965,12.232997023189553,1.7914904289174e+18,1.7914873527492234e+18
1791488487794220146,9.952,46.6475,820.775,65.52903844796616,19.022499999999997,50.24300057253054,12.232935576719493,1.7914904297902328e+18,1.7914873525350277e+18
1791488488261871914,10.06,44.8475,866.4,65.52535735787208,19.39,50.22901103446653,12.232880360368082,1.7914904306854528e+18,1.7914873523102026e+18
1791488488529140535,10.112,43.165,1005.625,65.52549970810715,19.775000000000002,50.219915079406846,12.232882495621608,1.7914904316366518e+18,1.7914873520577677e+18
1791488488929984640,10.156,42.265,1430.5,65.52440421409378,20.1075,50.21273634331476,12.232866063211407,1.791490432636217e+18,1.7914873517817946e+18
1791488489330555177,10.14,41.865,1088.725,65.52752128927297,20.37,50.2078166718521,12.232912819339095,1.7914904336834885e+18,1.7914873514829512e+18
1791488489597439445,10.16,42.215,45.725,65.52894860958303,20.615,50.19820427217436,12.232934229143746,1.7914904347890862e+18,1.7914873511555026e+18
1791488489998060127,10.228,40.465,139.525,65.52891092973101,20.895,50.19427011033165,12.232933663945966,1.7914904359364096e+18,1.791487350807866e+18
1791488490265260277,10.236,40.1,425.775,65.52998125672653,21.087500000000002,50.190867474575924,12.232949718850898,1.7914904371158392e+18,1.7914873504444099e+18
1791488490666182996,10.272,39.565,1299.35,65.53059825067022,21.28,50.186825141014566,12.232958973760054,1.7914904383553846e+18,1.7914873500518106e+18
1791488490866630803,10.352,38.215,688.5,65.53188567991705,21.5075,50.181390778474146,12.232978285198756,1.7914904396348918e+18,1.791487349639334e+18
1791488491133752444,10.304,38.3325,462.725,65.53397879865872,21.6825,50.179823636711006,12.233009681979881,1.7914904409680724e+18,1.7914873492005286e+18
1791488491534400632,10.344,37.9175,1412.1,65.5360461318545,21.8225,50.17602569480209,12.233040691977818,1.7914904423426273e+18,1.7914873487418314e+18
1791488491801162850,10.364,37.235,1032.575,65.53925437742203,22.05,50.17369412090168,12.23308881566133,1.791490443750695e+18,1.7914873482667658e+18
1791488492268785894,10.42,36.4175,1512.75,65.54190492994947,22.26,50.17052477294906,12.233128573949243,1.7914904452007626e+18,1.7914873477717489e+18
1791488492536059080,10.404,36.25,1339.725,65.5438313406423,22.400000000000002,50.17003196860642,12.233157470109635,1.791490446689281e+18,1.7914873472578104e+18
1791488492936917410,10.492,34.265,811.7,65.5868021916692,22.8025,50.188572806006604,12.233802032875039,1.7914904482757998e+18,1.791487346699499e+18
1791488493204012953,10.504,33.88,838.7,65.61725684312765,22.995,50.20288018477153,12.234258852646915,1.7914904499286405e+18,1.7914873461108925e+18
1791488493604403568,10.516,33.6975,921.1,65.64255564167149,23.099999999999998,50.214919365261196,12.234638334625073,1.7914904516478062e+18,1.7914873454919836e+18
1791488493871668389,10.584,32.1825,1172.55,65.6612885930485,23.1875,50.22495686349208,12.234919328895728,1.7914904534362194e+18,1.7914873448403377e+18
1791488494272397215,10.72,29.23,301.525,65.67543660615505,23.275000000000002,50.233844809697416,12.235131549092326,1.7914904552781496e+18,1.7914873441637212e+18
1791488494740146573,10.664,31.165,920.175,65.68922671072974,23.24,50.23961718153692,12.235338400660947,1.7914904571849746e+18,1.791487343456718e+18
1791488495207721506,10.616,30.9675,1169.75,65.69699332444716,23.17,50.24751338363986,12.235454899866708,1.7914904591492803e+18,1.7914873427224558e+18
1791488495474468600,10.572,31.8475,292.975,65.703151617127,23.135,50.25489473835868,12.235547274256906,1.7914904611480876e+18,1.7914873419714547e+18
1791488495875193524,10.552,32.7325,894.075,65.7106670988336,23.0475,50.26094563551473,12.235660006482505,1.7914904631989468e+18,1.7914873411955878e+18
1791488496142409668,10.52,32.95,1090.1,65.7138209375419,22.959999999999997,50.267019670386766,12.235707314063129,1.7914904652796493e+18,1.7914873404050156e+18
1791488496342879633,10.544,32.6475,49.9,65.70443110954977,22.872500000000002,50.26859686819626,12.235566466643247,1.7914904673714888e+18,1.7914873396076772e+18
1791488496743606108,10.564,32.115,152.275,65.70915633246139,22.855,50.27487027713668,12.235637344986921,1.7914904695089062e+18,1.7914873387884262e+18
1791488496943926295,10.508,33.8325,464.7,65.71694121779674,22.837500000000002,50.27987417811902,12.235754118266952,1.7914904716777825e+18,1.791487337953821e+18
1791488497411249771,10.5,33.2675,1418.15,65.70749474672424,22.7675,50.28592134859034,12.235612421200864,1.7914904738737375e+18,1.7914873371054333e+18
1791488498078946906,10.532,33.565,1051.05,65.70596435383958,22.785,50.28773340916801,12.235589465307594,1.79149047611589e+18,1.7914873362351634e+18
1791488498346049072,10.508,33.2175,1569.15,65.70445148628745,22.6975,50.29128251386259,12.235566772294312,1.791490478388426e+18,1.7914873353494648e+18
1791488498813718917,10.448,35.1825,1511.85,65.70316444683822,22.5925,50.29389796108863,12.235547466702574,1.7914904806969403e+18,1.7914873344462659e+18
1791488499681549031,10.544,32.1825,1337.0,65.69944810670292,22.68,50.29913345713887,12.235491721600544,1.7914904830620792e+18,1.7914873335164652e+18
1791488500149184344,10.532,32.965,803.4,65.70459795956813,22.5925,50.30235587376313,12.235568969393523,1.7914904854708641e+18,1.7914873325658918e+18
1791488500416325190,11.96,1.5675,813.375,65.64735944703459,22.61,50.27885967826306,12.23471039170552,1.7914904878396193e+18,1.7914873316299208e+18
1791488500683511574,12.024,1.4825,936.65,65.60670569884037,22.224999999999998,50.26220915053479,12.234100585482606,1.7914904901817792e+18,1.7914873307033426e+18
1791488501084208907,12.04,1.5475,1220.025,65.57176277412391,22.1375,50.248575295592666,12.23357644161186,1.7914904925122708e+18,1.7914873297797066e+18
1791488501351104255,12.048,1.4825,446.4,65.53912706553453,21.91,50.24194032471528,12.233086905983019,1.7914904948241984e+18,1.791487328862183e+18
1791488501884955602,12.068,1.4825,1362.3,65.51212982249987,21.787499999999998,50.2311617176475,12.232681947337499,1.791490497147924e+18,1.7914873279370957e+18
1791488502285638455,12.072,1.5175,880.6,65.53476823021695,21.6825,50.2398686195476,12.233021523453255,1.7914904995426132e+18,1.7914873269789507e+18
1791488502753313693,12.08,1.5325,1048.975,65.54724738403262,21.49,50.24471128922162,12.23320871076049,1.7914905019960082e+18,1.7914873259931553e+18
1791488503020591837,12.092,1.5475,1562.8,65.55582457791185,21.455,50.24803487842836,12.233337368668678,1.7914905044864015e+18,1.7914873249894584e+18
1791488503554400419,12.096,1.4975,1492.475,65.55885871240099,21.1575,50.24920405602163,12.233382880686015,1.7914905070278403e+18,1.7914873239612849e+18
1791488503955350375,12.1,1.5675,1277.85,65.56201563259327,20.895,50.25043393051038,12.2334302344889,1.7914905096073902e+18,1.7914873229146086e+18
1791488504222488622,12.104,1.5325,262.45,65.5602858528644,20.2825,50.249759913272946,12.233404287792967,1.7914905122166676e+18,1.7914873218527012e+18
1791488504690226617,12.112,1.5475,800.925,65.55909425645767,20.2825,50.24929868009551,12.233386413846866,1.7914905148609764e+18,1.7914873207736543e+18
1791488505691510835,12.128,1.5975,1005.625,65.55985313108741,17.6925,50.2495956833655,12.233397796966312,1.7914905175725594e+18,1.7914873196634127e+18
1791488505958691151,12.132,1.5475,1430.5,65.55911585627909,17.6925,50.24931195136113,12.233386737844187,1.791490520315522e+18,1.791487318537165e+18
1791488506359430155,12.136,1.5475,1088.725,65.55792423751016,16.87,50.24885070596285,12.233368863562653,1.7914905230982072e+18,1.791487317391161e+18
1791488506626720004,12.136,1.4825,45.725,65.55553669103473,16.1525,50.24792519599231,12.233333050365522,1.7914905259026862e+18,1.7914873162337746e+18
1791488508162465362,10.12,43.765,1339.725,65.55313987237889,14.822500000000002,50.23763468800469,12.233297098085684,1.7914905288140283e+18,1.7914873150269473e+18
1791488508362769671,10.092,43.6,811.7,65.5495573027091,15.2775,50.23093844576049,12.233243359540637,1.7914905317937526e+18,1.791487313785066e+18
1791488509097696167,9.892,47.45,920.175,65.5447272209946,17.290000000000003,50.224112713339885,12.23317090831492,1.791490534823548e+18,1.7914873125190484e+18
1791488509497996139,9.904,47.485,1169.75,65.5383006966848,17.745,50.21511650549161,12.233074510450272,1.7914905378787612e+18,1.7914873112398769e+18
1791488509765123445,9.9,48.0325,292.975,65.52760715912109,18.2175,50.20171339580519,12.232914107386817,1.7914905409382828e+18,1.7914873099572485e+18
1791488509965579495,9.82,49.0975,894.075,65.5178916091415,18.2175,50.19225297745635,12.232768374137123,1.7914905439947873e+18,1.7914873086746913e+18
1791488510633629073,9.952,45.2,49.9,65.51728340993957,19.0575,50.19370813886002,12.232759251149094,1.791490547088141e+18,1.791487307374754e+18
1791488511034525440,10.076,42.6025,152.275,65.52310527283262,19.425,50.19782828328897,12.23284657909249,1.7914905502091512e+18,1.791487306061682e+18
1791488511301527061,10.616,30.58,464.7,65.51288163116023,19.74,50.199813021637695,12.232693224467404,1.7914905533416975e+18,1.791487304741553e+18
1791488511701691534,10.3,37.58,1418.15,65.51482974180003,19.74,50.21523968597675,12.232722446127001,1.7914905565095406e+18,1.7914873034040712e+18
1791488511968948001,10.548,31.45,1051.05,65.50932195984873,19.88,50.227466375283996,12.232639829397732,1.7914905596913728e+18,1.7914873020587325e+18
1791488512369807514,10.576,30.615,1569.15,65.50173712242204,20.125,50.23219169074884,12.232526056836331,1.7914905628994511e+18,1.7914873006996613e+18
1791488512637070058,10.224,38.665,1511.85,65.50135116176637,20.247500000000002,50.23656470886344,12.232520267426496,1.7914905661297633e+18,1.7914872993290652e+18
1791488513037983494,10.292,37.8175,1337.0,65.50114289299265,20.37,50.239805902139175,12.23251714339489,1.7914905693910746e+18,1.7914872979430372e+18
1791488513304920540,10.324,37.5,803.4,65.50222031250246,20.6325,50.24435917030288,12.232533304687538,1.7914905726845827e+18,1.7914872965405996e+18
1791488513705524463,10.328,36.3,813.375,65.5041131250989,20.965,50.25592129475503,12.232561696876484,1.7914905760119416e+18,1.7914872951214784e+18
1791488513972837659,10.44,35.15,843.8,65.50491238343427,21.245,50.26045791233543,12.232573685751515,1.791490579368117e+18,1.7914872936876132e+18
1791488514373622151,10.472,35.0675,936.65,65.50507342038445,21.49,50.260537912318576,12.232576101305767,1.7914905827550623e+18,1.791487292238437e+18
1791488514774550958,10.652,30.3475,1220.025,65.50125296461107,21.77,50.262146978396835,12.232518794469167,1.7914905861655542e+18,1.791487290777203e+18
1791488515041782121,10.54,32.615,446.4,65.49703733544396,21.98,50.259922268457984,12.23245556003166,1.7914905896014764e+18,1.791487289302414e+18
1791488515442115085,10.66,29.5825,1362.3,65.49106949641354,22.155,50.26049967209368,12.232366042446204,1.7914905930673377e+18,1.7914872878121236e+18
1791488515708999615,10.536,33.3,880.6,65.4957495104831,22.33,50.25477640062734,12.232436242657247,1.7914905965636861e+18,1.7914872863065797e+18
1791488516109799832,10.592,31.9325,1048.975,65.49380025606406,22.47,50.252913074863564,12.232407003840962,1.7914906000924984e+18,1.7914872847846292e+18
1791488516377019903,10.58,32.15,1562.8,65.49297454793204,22.575,50.24814773092509,12.232394618218981,1.7914906036537083e+18,1.791487283245915e+18
1791488516577478455,10.608,31.7475,1492.475,65.49443855934938,22.645,50.24443379619218,12.232416578390241,1.7914906072483776e+18,1.791487281689866e+18
1791488516978381649,10.6,31.115,1277.85,65.50076470556294,22.7325,50.24448104594972,12.232511470583445,1.7914906108842255e+18,1.7914872801138015e+18
1791488517378834964,10.6,31.8325,622.875,65.5013159729821,22.925,50.2431183706599,12.232519739594732,1.7914906145506143e+18,1.7914872785225219e+18
1791488517846377743,10.884,24.65,800.925,65.49503453123704,23.1875,50.24316370646315,12.232425517968556,1.7914906182483387e+18,1.791487276915184e+18
1791488518046861858,11.972,1.4975,805.825,65.44219442874335,23.135,50.218241474928014,12.23163291643115,1.7914906218990195e+18,1.7914872753257917e+18
1791488518447740217,12.004,1.4475,820.775,65.40278609292491,23.03,50.196211101672304,12.231041791393874,1.791490625529207e+18,1.791487273743004e+18
1791488518848642880,12.024,1.5175,866.4,65.36901844621565,22.925,50.176951764325786,12.230535276693235,1.7914906291588562e+18,1.791487272157272e+18
1791488519115938562,12.036,1.4975,1005.625,65.335076283646,22.9425,50.16162091694165,12.23002614425469,1.7914906327800696e+18,1.7914872705720704e+18
1791488519516293059,12.052,1.4975,1430.5,65.30606253169819,22.82,50.14832842637785,12.229590937975473,1.791490636394914e+18,1.7914872689873418e+18
1791488519783246261,12.064,1.5175,1088.725,65.28145644950287,22.68,50.13577127819316,12.229221846742544,1.7914906400099612e+18,1.7914872673996964e+18
1791488520184066234,12.068,1.5175,45.725,65.25898611910424,22.627499999999998,50.1237399692806,12.228884791786564,1.7914906436294925e+18,1.791487265807674e+18
1791488520584942021,12.076,1.5475,139.525,65.23901099862614,22.505,50.112553916748006,12.228585164979393,1.7914906472610678e+18,1.7914872642076895e+18
1791488520852220022,12.084,1.4975,425.775,65.2222425260665,22.295,50.10178843987584,12.228333637890998,1.7914906508935424e+18,1.7914872626052168e+18
1791488521052681955,12.084,1.4825,1299.35,65.20513757077421,22.0675,50.090398585257425,12.228077063561614,1.7914906545273116e+18,1.7914872609997704e+18
1791488521453055221,12.096,1.4625,688.5,65.19107255275284,21.8225,50.08094609643978,12.227866088291293,1.7914906581265882e+18,1.7914872594105564e+18
1791488521853808991,12.104,1.4625,1412.1,65.18196728415933,21.4375,50.07464180563997,12.22772950926239,1.7914906617146422e+18,1.791487257826271e+18
1791488522054248225,12.112,1.4975,1032.575,65.21021428911284,21.349999999999998,50.08551195632334,12.228153214336693,1.7914906653392773e+18,1.7914872562257244e+18
1791488522254646954,12.112,1.4975,1512.75,65.22954592704298,21.349999999999998,50.09297817127427,12.228443188905645,1.7914906689825096e+18,1.791487254617139e+18
1791488522455020379,12.116,1.4625,1339.725,65.24234100127939,21.105,50.09789897042487,12.228635115019191,1.7914906726468001e+18,1.7914872529985917e+18
1791488522722297474,12.124,1.4975,811.7,65.25548627473994,20.877499999999998,50.102972144422914,12.2288322941211,1.7914906763303823e+18,1.7914872513712686e+18
1791488577484897506,12.12,1.5975,838.7,65.26455721301103,20.58,50.10648388413781,12.228968358195166,1.7914906842538373e+18,1.791487247817333e+18
1791488577752083439,12.12,1.5975,921.1,65.27332467762123,20.195,50.10987550193819,12.229099870164319,1.7914906922082752e+18,1.7914872442469322e+18
1791488578019229303,12.124,1.5825,1172.55,65.27834146291727,19.8625,50.111817984503915,12.22917512194376,1.7914907001885548e+18,1.7914872406622292e+18
1791488578420066735,12.128,1.4625,301.525,65.27941873365945,19.477500000000003,50.112226842496796,12.229191281004892,1.791490708253308e+18,1.791487237033567e+18
1791488578687312050,12.132,1.5975,920.175,65.28177968601314,19.162499999999998,50.113140672899476,12.229226695290198,1.7914907163832799e+18,1.7914872333702664e+18
1791488578954612247,12.128,1.665,1169.75,65.28244012554813,19.162499999999998,50.11340501133878,12.229236601883223,1.7914907245778104e+18,1.7914872296724334e+18
1791488579355143756,12.132,1.6325,292.975,65.28209455752997,18.9175,50.11327714258438,12.22923141836295,1.791490732841767e+18,1.7914872259380877e+18
1791488579622100025,12.14,1.615,894.075,65.2835348285812,18.6725,50.113834566459694,12.229253022428718,1.791490741169187e+18,1.791487222169836e+18
1791488580022888239,12.136,1.5975,1090.1,65.27958383324146,18.375,50.11231398342954,12.229193757498622,1.7914907495536607e+18,1.7914872183709158e+18
1791488580290098279,12.14,1.715,49.9,65.27809201018704,17.9025,50.11174035697517,12.229171380152806,1.7914907579965363e+18,1.7914872145402806e+18
1791488580690916069,12.14,1.65,152.275,65.27513207372814,17.9025,50.1106014598863,12.229126981105923,1.7914907665014333e+18,1.7914872106765143e+18
1791488580891278820,12.144,1.665,464.7,65.27260776994561,17.587500000000002,50.10962878589894,12.229089116549185,1.7914907750308972e+18,1.7914872067978455e+18
1791488581158514523,12.148,1.5975,1418.15,65.27151136538036,17.272499999999997,50.10920564533307,12.229072670480706,1.7914907835922473e+18,1.791487202901024e+18
1791488581425423509,12.148,1.665,1051.05,65.2704490515379,17.272499999999997,50.108794804436116,12.229056735773069,1.7914907921917348e+18,1.7914871989828393e+18
1791488581825934443,12.148,1.65,1569.15,65.26535206716721,16.974999999999998,50.10682885088599,12.228980281007509,1.7914908007766147e+18,1.791487195070324e+18
1791488582093213625,12.152,1.5975,1511.85,65.25875772741705,16.73,50.104288766009056,12.228881365911256,1.7914908093392115e+18,1.7914871911665997e+18
1791488582493927227,10.896,29.0825,1337.0,65.260157855952,16.537499999999998,50.095914065924084,12.22890236783928,1.7914908180150351e+18,1.7914871872037266e+18
1791488582761210795,10.068,46.8025,803.4,65.23817562728391,16.537499999999998,50.0659046015718,12.22857263440926,1.7914908266607153e+18,1.7914871832516557e+18
1791488583028497895,10.048,45.465,813.375,65.22371851599908,16.8175,50.04950807682757,12.228355777739987,1.7914908352874417e+18,1.791487179305662e+18
1791488583228668807,10.016,45.8825,843.8,65.20895437944847,17.22,50.03427143446848,12.228134315691728,1.7914908438873884e+18,1.7914871753693937e+18
1791488583629140543,9.988,46.485,936.65,65.19231875600792,17.535,50.018058053783115,12.22788478134012,1.7914908524821496e+18,1.791487171432484e+18
1791488583896401555,9.94,46.2175,1220.025,65.18081165744076,17.7625,50.01093781361451,12.227712174861612,1.7914908610630362e+18,1.7914871674994314e+18
1791488584163599567,9.896,46.3175,446.4,65.17858125705986,17.7625,50.01184719339638,12.227678718855898,1.791490869661296e+18,1.7914871635554104e+18
1791488584631240350,9.976,45.635,1362.3,65.19313219366222,18.025000000000002,50.034160490350956,12.227896982904934,1.7914908783419123e+18,1.791487159570231e+18
1791488584898516776,10.02,43.9475,880.6,65.19301376007762,18.27,50.03943988183094,12.227895206401165,1.7914908870820408e+18,1.7914871555526083e+18
1791488585299082812,10.088,42.6175,1048.975,65.21337503408171,18.602500000000003,50.04781832407015,12.228200625511226,1.791490895958398e+18,1.7914871514667105e+18
1791488585566012522,10.124,41.865,1562.8,65.22822246472595,18.935000000000002,50.054309282691676,12.22842333697089,1.791490904956912e+18,1.791487147318319e+18
1791488586033652157,10.076,43.0825,1492.475,65.2394692081408,19.11,50.0581072169606,12.228592038122112,1.7914909140746222e+18,1.791487143109473e+18
1791488586300928106,10.128,40.015,1277.85,65.24732694174853,19.4075,50.07033097464903,12.228709904126228,1.7914909232765074e+18,1.7914871388567588e+18
1791488586568051063,10.152,40.75,622.875,65.25355914122702,19.7925,50.076179070164315,12.228803387118406,1.7914909325847334e+18,1.791487134548368e+18
1791488586968967657,10.208,39.6,262.45,65.25599015608381,20.0725,50.08064255258142,12.228839852341258,1.791490941976999e+18,1.791487130196057e+18
1791488587436221094,10.2,40.2175,800.925,65.25910683031226,20.334999999999997,50.08291965102453,12.228886602454685,1.7914909514626688e+18,1.7914871257953618e+18
1791488587703233256,10.212,40.365,805.825,65.28706629899281,20.4925,50.092830416828775,12.229305994484893,1.7914909610256008e+18,1.7914871213569818e+18
1791488588104151600,10.2,40.6175,820.775,65.29518274458252,20.72,50.09542990945413,12.229427741168738,1.791490970635026e+18,1.7914871168947036e+18
1791488588371223252,10.216,40.1475,866.4,65.29999310477601,20.9475,50.09747974054291,12.22949989657164,1.7914909802823212e+18,1.7914871124118223e+18
1791488588838856849,10.38,36.8475,1005.625,65.29860664417244,21.1925,50.09725177797829,12.229479099662587,1.7914909899700178e+18,1.7914871079072038e+18
1791488589106051129,10.356,36.9825,1430.5,65.29736300968638,21.4725,50.0985481925258,12.229460445145296,1.7914909996857068e+18,1.791487103386281e+18
1791488589372968808,10.44,35.5175,1088.725,65.29464519348684,21.6825,50.098329654457125,12.229419677902303,1.7914910094292733e+18,1.7914870988488594e+18
1791488589639790794,10.452,35.28,45.725,65.28796917717096,21.9275,50.09657823327261,12.229319537657565,1.7914910191952497e+18,1.791487094297256e+18
1791488589840128424,10.42,35.5175,139.525,65.2808005291433,22.05,50.09626884574888,12.22921200793715,1.791491028995882e+18,1.7914870897247252e+18
1791488590241027334,10.516,33.565,425.775,65.27113108260751,22.2075,50.094987552951494,12.229066966239113,1.7914910388398833e+18,1.7914870851274726e+18
1791488590508215320,10.548,32.865,1299.35,65.26054286154314,22.3125,50.0935111847212,12.228908142923148,1.7914910487213696e+18,1.7914870805076861e+18
1791488590708417121,10.58,32.2675,688.5,65.24744144776764,22.4525,50.09086030422554,12.228711621716515,1.7914910586306245e+18,1.7914870758697395e+18
1791488591109344935,10.564,32.9,462.725,65.24041879340183,22.522499999999997,50.08940124534168,12.228606281901028,1.7914910685858798e+18,1.7914870712060541e+18
1791488591776821505,10.584,32.6,1412.1,65.23115405889017,22.5925,50.08669900304439,12.228467310883353,1.7914910786146765e+18,1.7914870665032855e+18
1791488592177811690,10.56,32.6,1032.575,65.21873506569564,22.715,50.0845345546316,12.228281025985435,1.7914910886876646e+18,1.791487061774884e+18
1791488592444930614,10.8,27.1675,1512.75,65.20021099938917,22.785,50.081484990172925,12.228003164990838,1.791491098778905e+18,1.791487057032646e+18
1791488593112934332,10.632,30.65,1339.725,65.18444128521124,22.82,50.0795817017032,12.227766619278169,1.791491108926796e+18,1.7914870522590902e+18
1791488593380143916,10.628,31.3675,811.7,65.16737583296619,23.205,50.07503326241144,12.227510637494493,1.7914911190933343e+18,1.791487047471747e+18
1791488593513588797,10.64,31.015,838.7,65.14860132065505,23.3625,50.07017467726022,12.227229019809826,1.791491129268431e+18,1.7914870426748493e+18
1791488593780147312,10.7,29.735,921.1,65.12734245508531,23.502499999999998,50.06450934585852,12.22691013682628,1.7914911394565947e+18,1.7914870378663153e+18
1791488593980412442,10.948,23.765,1172.55,65.09949320051804,23.695,50.05837746303567,12.226492398007771,1.7914911496281592e+18,1.7914870330602304e+18
1791488594381148841,11.976,1.4825,301.525,65.02034210846874,23.8,50.027847471975896,12.225305131627032,1.7914911596726715e+18,1.7914870283069763e+18
1791488594648336030,12.004,1.5325,920.175,64.95220422297167,23.66,50.00157943860152,12.224283063344576,1.791491169604161e+18,1.7914870236003226e+18
1791488595049269261,12.02,1.5325,1169.75,64.88920752084768,23.555,49.97728475132793,12.223338112812716,1.7914911794453463e+18,1.7914870189298e+18
1791488596117587669,12.036,1.4975,292.975,64.82961785570866,23.4325,49.95430646311276,12.22244426783563,1.791491189261435e+18,1.7914870142651845e+18
1791488596785600152,11.628,10.3325,894.075,64.78718942143293,23.2225,49.939539498900345,12.221807841321494,1.7914911990606935e+18,1.7914870096028352e+18
1791488597052877701,10.664,31.4175,1090.1,64.76783453545585,22.9075,49.93128282958116,12.221517518031838,1.7914912089168182e+18,1.7914870049064046e+18
1791488597720306702,10.548,32.85,49.9,64.74217313022305,22.9075,49.923797877813165,12.221132596953346,1.7914912188466668e+18,1.7914870001680182e+18
1791488597987597560,10.46,35.4325,152.275,64.71910078641653,22.8025,49.91427639063551,12.220786511796248,1.7914912287608512e+18,1.7914869954322317e+18
1791488598455241960,10.468,34.6675,464.7,64.69410262924133,22.785,49.906334448550794,12.22041153943862,1.7914912386523694e+18,1.7914869907033656e+18
1791488598722435560,10.456,35.5675,1418.15,64.66896608851746,22.5925,49.895791594250184,12.220034491327763,1.7914912485022195e+18,1.791486985990229e+18
1791488599123275562,10.732,28.5175,1051.05,64.60972669631752,22.4525,49.87691323204849,12.219145900444763,1.7914912582189724e+18,1.7914869813356457e+18
1791488599390108563,10.464,34.965,1569.15,64.554142382849,22.3825,49.856298306056686,12.218312135742735,1.7914912678034245e+18,1.7914869767391442e+18
1791488599657015015,10.46,35.5675,1511.85,64.49783973961287,22.3475,49.83340255008553,12.217467596094194,1.7914912772545326e+18,1.7914869722011622e+18
1791488599924214837,10.432,36.285,1337.0,64.44008383111834,22.3825,49.80929272831336,12.216601257466776,1.79149128657228e+18,1.791486967721408e+18
1791488600325021937,10.508,34.435,803.4,64.38408998426566,22.400000000000002,49.7871386866894,12.215761349763985,1.79149129581325e+18,1.7914869632714255e+18
1791488600792564502,10.488,33.8,813.375,64.32526397446851,22.4175,49.767658681276004,12.214878959617028,1.791491304934352e+18,1.7914869588734623e+18
1791488601059863970,10.472,34.1975,843.8,64.26639925670914,22.5575,49.74788741587802,12.213995988850638,1.7914913139185257e+18,1.791486954535466e+18
1791488601326849000,10.52,33.2175,936.65,64.20650091040345,22.645,49.72764820212162,12.213097513656052,1.7914913227687962e+18,1.7914869502556442e+18
1791488601794281077,10.528,32.7975,1220.025,64.1459953572622,22.75,49.7079890391103,12.212189930358933,1.7914913315002604e+18,1.7914869460270218e+18
1791488602061561751,10.42,34.95,446.4,64.08346755721885,22.855,49.687869832414265,12.211252013358283,1.791491340142753e+18,1.791486941832876e+18
1791488602462441571,10.56,33.065,1362.3,64.02205427097091,22.995,49.664637138021796,12.210330814064564,1.7914913487000223e+18,1.791486937672114e+18
1791488602729696973,11.212,16.365,880.6,63.9208040113704,23.135,49.63146449868485,12.208812060170557,1.7914913570500695e+18,1.7914869336011336e+18
1791488603197242294,11.968,1.4625,1048.975,63.79786730879214,22.995,49.583716322981545,12.206968009631883,1.7914913651424783e+18,1.7914869296437076e+18
1791488603464046535,12.0,1.5475,1562.8,63.68994166054446,22.9075,49.54182644072877,12.205349124908167,1.791491373000141e+18,1.7914869257893294e+18
1791488603864731663,12.016,1.4975,1492.475,63.586308470757274,22.68,49.501571331392775,12.20379462706136,1.7914913806404378e+18,1.7914869220303677e+18
1791488604131953370,12.036,1.5675,622.875,63.49142264573612,22.627499999999998,49.46472791207644,12.202371339686042,1.7914913880779267e+18,1.7914869183599652e+18
1791488604399173658,12.056,1.4475,262.45,63.40130893162383,22.0675,49.42972347267982,12.201019633974358,1.7914913953197222e+18,1.791486914775368e+18
1791488604799981209,12.064,1.5325,800.925,63.31527674217338,21.595,49.39632922891464,12.199729151132601,1.7914914023881083e+18,1.7914869112660987e+18
1791488605000345708,12.072,1.4975,805.825,63.232040330658364,21.3675,49.364004748057326,12.198480604959876,1.7914914092700104e+18,1.7914869078387535e+18
1791488605267391757,12.076,1.5475,820.775,63.147770478402016,21.0525,49.33129663897656,12.19721655717603,1.7914914159690798e+18,1.791486904491484e+18
1791488605667930081,12.076,1.5175,866.4,63.06294018416804,20.545,49.29836797663118,12.195944102762521,1.7914914224914714e+18,1.791486901221667e+18
1791488605868400592,12.088,1.5175,1005.625,62.98427409148409,19.8625,49.26782675671417,12.194764111372262,1.791491428860316e+18,1.7914868980173804e+18
1791488606135595067,12.092,1.4825,1430.5,62.90619548938669,18.3925,49.23751764968428,12.1935929323408,1.7914914350725443e+18,1.7914868948807826e+18
1791488606536522328,12.104,1.4975,1088.725,62.83456216594437,18.3925,49.209706824525924,12.192518432489166,1.7914914411538532e+18,1.7914868917999442e+18
1791488606803844173,12.1,1.615,45.725,62.76303146628341,16.38,49.18195349672461,12.191445471994252,1.7914914470922304e+18,1.7914868887808036e+18
1791488607204717294,11.096,24.05,139.525,62.70790551900551,14.682500000000001,49.15616091280295,12.190618582785083,1.7914914529459794e+18,1.79148688579594e+18
1791488607671670216,10.308,40.1325,425.775,62.63797560367132,14.682500000000001,49.12126591071097,12.18956963405507,1.7914914586157834e+18,1.7914868828952036e+18
1791488608072488995,10.256,40.1825,688.5,62.571417753814956,13.895000000000001,49.09194078777606,12.188571266307225,1.791491464119656e+18,1.7914868800694075e+18
1791488608740520187,10.348,38.635,1412.1,62.501719296486606,12.775,49.06027853087683,12.1875257894473,1.7914914694687818e+18,1.7914868773132306e+18
1791488609608456922,10.128,42.215,1339.725,62.43079858170579,13.825000000000001,49.03168671005154,12.186461978725587,1.791491474671551e+18,1.7914868746230336e+18
1791488610744200673,10.016,43.8975,301.525,62.36138419194927,15.504999999999999,49.00639290409049,12.18542076287924,1.7914914797873303e+18,1.7914868719690427e+18
1791488611211857676,10.028,44.115,920.175,62.28857181878498,16.0125,48.9777251574529,12.184328577281775,1.7914914847640676e+18,1.7914868693754506e+18
1791488611478725892,9.976,45.1,1169.75,62.21460254273703,16.52,48.948967239514126,12.183219038141056,1.7914914895710339e+18,1.7914868668576174e+18
1791488611946430278,9.98,45.065,292.975,62.13991245175198,16.52,48.91974342974221,12.18209868677628,1.791491494220183e+18,1.791486864409652e+18
1791488612213737069,9.86,46.8825,894.075,62.0680538599579,17.0275,48.894706413454365,12.181020807899369,1.7914914987046098e+18,1.7914868620353293e+18
1791488612681409330,9.892,47.1325,1090.1,61.99269728060329,17.4825,48.864027377312155,12.17989045920905,1.7914915030283215e+18,1.7914868597326364e+18
1791488613149041730,9.868,46.485,49.9,61.92027440091102,17.885,48.839935995945844,12.178804116013666,1.7914915071998382e+18,1.7914868574977984e+18
1791488613415886064,9.848,48.1325,152.275,61.84141477268961,18.305,48.80751936318104,12.177621221590345,1.791491511224085e+18,1.7914868553264973e+18
1791488613816644228,9.84,48.415,464.7,61.760041286738094,18.305,48.77360863208164,12.176400619301072,1.7914915150420017e+18,1.7914868532499323e+18
1791488614083813600,9.964,44.9175,1418.15,61.68282047127969,18.655,48.74579314656394,12.175242307069196,1.791491518661163e+18,1.7914868512645737e+18
1791488614551312063,10.012,43.9175,1051.05,61.65209729127144,19.0575,48.74253386094921,12.174781459369072,1.7914915222348255e+18,1.7914868492981276e+18
1791488615019045323,10.1,42.35,1569.15,61.62267784241087,19.4425,48.73581052708999,12.174340167636164,1.7914915258120617e+18,1.7914868473247462e+18
1791488615286093699,10.348,35.5825,1511.85,61.59897195557974,19.775000000000002,48.7367409072842,12.173984579333696,1.791491529361105e+18,1.791486845361444e+18
1791488615552997059,9.876,46.7325,1337.0,61.58536585429717,19.985,48.73664900042529,12.173780487814458,1.7914915329189908e+18,1.791486843390618e+18
1791488615953788151,9.992,44.565,803.4,61.57375282663779,20.1425,48.735552042330305,12.173606292399567,1.7914915364943713e+18,1.7914868414087964e+18
1791488616421504955,10.196,39.6,813.375,61.56600158830855,20.5275,48.73822497528117,12.173490023824629,1.791491540105056e+18,1.7914868394071752e+18
1791488616688774222,10.064,43.0825,843.8,61.56311410215295,20.965,48.73889373714904,12.173446711532295,1.7914915438206692e+18,1.7914868373492293e+18
1791488616955952164,10.116,41.6475,936.65,61.56300559252488,21.3675,48.74147513210445,12.173445083887874,1.7914915476373524e+18,1.7914868352375045e+18
1791488617423243623,10.08,43.4175,1220.025,61.56064534763942,21.7,48.73909612279838,12.173409680214592,1.7914915515558525e+18,1.79148683307167e+18
1791488617690139343,10.132,40.9,446.4,61.56359789926104,22.05,48.74297477141999,12.173453968488916,1.7914915555742287e+18,1.7914868308530417e+18
1791488618157810092,10.384,36.2,1362.3,61.564974925172294,22.295,48.743623382797374,12.173474623877585,1.79149155969789e+18,1.7914868285789379e+18
1791488618424910238,10.552,31.8475,880.6,61.56215184870885,22.522499999999997,48.744183171667714,12.173432277730633,1.7914915638971758e+18,1.7914868262637527e+18
1791488618825692300,10.348,37.2825,1048.975,61.563314592362154,22.715,48.74307675616863,12.173449718885433,1.7914915681888018e+18,1.7914868238996946e+18
1791488619092963813,10.32,37.765,1562.8,61.56352446870862,22.89,48.741493637848805,12.17345286703063,1.7914915725633073e+18,1.7914868214909496e+18
1791488619559957326,10.616,30.63,1492.475,61.55726948782894,23.0125,48.73788304552533,12.173359042317434,1.7914915770079007e+18,1.7914868190439642e+18
1791488619827152083,10.66,30.1,1277.85,61.55024279510473,23.0125,48.732053845772526,12.173253641926571,1.7914915815103496e+18,1.7914868165641475e+18
1791488620094429922,10.628,30.565,622.875,61.54470701013783,23.03,48.73202276980534,12.173170605152068,1.791491586072616e+18,1.7914868140509033e+18
1791488620561916772,10.568,32.2475,262.45,61.54050812971545,23.1525,48.72985780917894,12.173107621945732,1.7914915907073116e+18,1.7914868114982157e+18
1791488620962633756,10.56,32.7325,800.925,61.535882214912945,23.1525,48.72491153498653,12.173038233223695,1.791491595410111e+18,1.7914868089082074e+18
1791488621229553813,10.48,33.2675,805.825,61.529170367824996,23.2225,48.72380299604665,12.172937555517375,1.7914916001650506e+18,1.791486806288507e+18
1791488621496359767,10.528,32.85,820.775,61.522594584738826,23.2925,48.71929449497777,12.172838918771083,1.7914916049743532e+18,1.7914868036379346e+18
1791488621763279451,10.524,33.1,866.4,61.5167010371151,23.397499999999997,48.715008460387295,12.172750515556727,1.7914916098408955e+18,1.791486800954867e+18
1791488622164086567,10.572,31.9175,1005.625,61.51124641921309,23.502499999999998,48.71330953347661,12.172668696288197,1.7914916147692099e+18,1.7914867982375355e+18
1791488622431336425,10.668,30.265,1430.5,61.50797431423655,23.73,48.71327489170376,12.172619614713549,1.7914916197590433e+18,1.791486795485966e+18
1791488622698342443,11.86,2.3825,1088.725,61.42771659788027,23.905,48.67978131390407,12.171415748968204,1.7914916245819807e+18,1.7914867928086003e+18
1791488622965615101,11.968,1.5475,45.725,61.373780521791325,23.7825,48.65633950228338,12.17060670782687,1.79149162931727e+18,1.791486790167659e+18
1791488623633140399,11.992,1.4975,139.525,61.32975666469417,23.625,48.63759642550494,12.169946349970413,1.7914916340104228e+18,1.7914867875420739e+18
1791488624033979654,12.012,1.4475,425.775,61.29516351442831,23.38,48.624367924287,12.169427452716425,1.7914916386766116e+18,1.7914867849242706e+18
1791488624301201767,12.024,1.4625,1299.35,61.261709556162074,23.1525,48.607499908094,12.168925643342432,1.7914916433109463e+18,1.7914867823169044e+18
1791488624501541830,12.032,1.5325,688.5,61.23610351842143,22.872500000000002,48.59661768071511,12.168541552776322,1.7914916479314588e+18,1.7914867797112348e+18
1791488624902370113,12.044,1.5475,462.725,61.215835539478974,22.6975,48.58757136622743,12.168237533092185,1.7914916525660457e+18,1.791486777093927e+18
1791488625302939776,12.056,1.5825,1412.1,61.19952494242798,22.400000000000002,48.578055589877565,12.16799287413642,1.7914916572237896e+18,1.7914867744611443e+18
1791488625503080353,12.06,1.5325,1032.575,61.18429994490974,21.98,48.5688121737692,12.167764499173646,1.7914916618163343e+18,1.7914867718594693e+18
1791488625770381194,12.064,1.4625,1512.75,61.16894183836808,21.98,48.55806641770033,12.167534127575522,1.7914916663617454e+18,1.7914867692793157e+18
1791488626171312857,12.076,1.4825,1339.725,61.16015614957175,21.245,48.550552598303476,12.167402342243577,1.7914916708940964e+18,1.7914867667042307e+18
1791488626438584720,12.076,1.5175,811.7,61.15213065642644,20.72,48.54323363691745,12.167281959846397,1.7914916754152356e+18,1.7914867641327775e+18
1791488627039766812,12.08,1.5475,838.7,61.145882914111,20.474999999999998,48.53626905645808,12.167188243711665,1.7914916799482614e+18,1.7914867615541212e+18
1791488627506867895,12.088,1.4475,921.1,61.14102500402448,20.125,48.530165919031646,12.167115375060368,1.7914916844930427e+18,1.7914867589679693e+18
1791488627974489825,12.096,1.4325,1172.55,61.139342942252355,19.8275,48.52538393317292,12.167090144133786,1.791491689063106e+18,1.7914867563678034e+18
1791488628241629282,12.096,1.5175,301.525,61.139623717781646,19.53,48.5221125949234,12.167094355766725,1.7914916936580554e+18,1.791486753753357e+18
1791488628642380724,12.1,1.615,920.175,61.143428789451896,19.145,48.52167053386922,12.167151431841779,1.791491698294551e+18,1.7914867511168845e+18
1791488628909671274,12.1,1.5475,1169.75,61.14613937151174,19.145,48.521741893482314,12.167192090572676,1.7914917029681006e+18,1.791486748460262e+18
1791488629310152904,12.104,1.5175,292.975,61.148448694606685,18.795,48.51768543631014,12.1672267304191,1.7914917076872463e+18,1.7914867457789573e+18
1791488629777347613,12.108,1.5475,894.075,61.15385198102018,18.5325,48.51762102920343,12.167307779715303,1.7914917124591698e+18,1.791486743070007e+18
1791488630245070938,12.112,1.5475,1090.1,61.1607411706309,18.147499999999997,48.518061792228046,12.167411117559464,1.7914917172953667e+18,1.791486740327281e+18
1791488630912940859,12.12,1.4825,49.9,61.169467256899395,17.7625,48.5208382897431,12.167542008853491,1.7914917222378852e+18,1.7914867375292828e+18
1791488631380227764,12.116,1.5675,152.275,61.177938025057536,17.7625,48.522754248660874,12.167669070375863,1.7914917272687757e+18,1.7914867346850084e+18
1791488631647070669,12.116,1.5175,464.7,61.18512449685693,17.4475,48.52215669276014,12.167776867452854,1.791491732364869e+18,1.791486731806022e+18
1791488632047825347,12.124,1.5475,1418.15,61.19644910352375,17.0975,48.52750075791265,12.167946736552857,1.7914917375517435e+18,1.791486728879656e+18
1791488632515473728,12.124,1.4975,1051.05,61.206174149810835,17.0975,48.52982870150013,12.168092612247163,1.7914917428336888e+18,1.7914867259032e+18
1791488633050050371,12.12,1.5175,1569.15,61.214479940608726,16.8,48.52947328490758,12.168217199109131,1.7914917482100319e+18,1.7914867228769152e+18
1791488633517108789,12.132,1.5475,1511.85,61.22753673195011,16.5725,48.53137192878664,12.168413050979252,1.791491753693461e+18,1.7914867197947215e+18
1791488633784329291,12.132,1.5475,1337.0,61.24054526095622,16.5725,48.533935952775494,12.168608178914344,1.7914917591888105e+18,1.791486716707265e+18
1791488634185050444,12.128,1.4825,803.4,61.251714307536744,16.2925,48.53583147383215,12.168775714613052,1.7914917647205176e+18,1.7914867136014825e+18
1791488634452357472,12.124,1.68,813.375,61.264685360134024,16.1175,48.53912445598892,12.16897028040201,1.7914917702974326e+18,1.7914867104722022e+18
1791488634719492885,12.096,2.265,843.8,61.27783073040592,16.1175,48.54054874957006,12.16916746095609,1.791491775924294e+18,1.7914867073170593e+18
1791488634986809058,10.716,33.5825,936.65,61.284786428585484,15.942499999999999,48.52886178904612,12.169271796428783,1.7914917815890184e+18,1.791486704141197e+18
1791488635387198541,10.104,45.2475,1220.025,61.27541469226197,15.959999999999999,48.511018678792816,12.16913122038393,1.7914917872467676e+18,1.791486700966457e+18
1791488635654054807,10.004,45.8175,446.4,61.27117365960825,16.397499999999997,48.50095309318467,12.169067604894124,1.7914917929117932e+18,1.7914866977858148e+18
1791488635921261989,9.988,45.635,1362.3,61.26888672451433,16.397499999999997,48.49459927457646,12.169033300867715,1.7914917985939894e+18,1.791486694594274e+18
1791488636321984886,9.944,46.8175,880.6,61.26576200404133,16.712500000000002,48.48510526520072,12.16898643006062,1.791491804300282e+18,1.7914866913881554e+18
1791488636589084095,9.916,46.3325,1048.975,61.317288314270584,17.0975,48.505440368527054,12.16975932471406,1.7914918101961308e+18,1.7914866880873408e+18
1791488637056789967,9.9,46.6825,1562.8,61.34651820385763,17.5175,48.51730458955585,12.170197773057865,1.7914918162363894e+18,1.7914866847128612e+18
1791488637523891196,10.112,41.6675,1492.475,61.366947859558934,17.5175,48.528585028840546,12.170504217893384,1.7914918223837734e+18,1.791486681283089e+18
1791488637791122978,9.896,47.38,1277.85,61.3764205697407,17.9025,48.52963257056039,12.170646308546111,1.7914918285915658e+18,1.791486677820884e+18
1791488638191973066,9.892,47.1175,622.875,61.38341566613166,18.235,48.53150584206156,12.170751234991975,1.7914918348615455e+18,1.7914866743249533e+18
1791488638459275108,10.024,43.35,262.45,61.383522895185386,18.602500000000003,48.53562715268943,12.170752843427781,1.791491841168921e+18,1.7914866708073475e+18
1791488638860085758,9.884,46.2475,800.925,61.38393686008769,19.0575,48.54004661037901,12.170759052901316,1.79149184753202e+18,1.7914866672582986e+18
1791488639127366270,9.98,44.8975,805.825,61.37713431537421,19.4075,48.53854538853562,12.170657014730613,1.791491853894295e+18,1.7914866637070354e+18
1791488639327523784,10.092,42.365,820.775,61.36986328507594,19.74,48.537790627522796,12.17054794927614,1.7914918602581588e+18,1.7914866601516672e+18
1791488639728256374,10.112,41.5975,866.4,61.35381755081087,20.002499999999998,48.53515407976565,12.170307263262163,1.7914918666074542e+18,1.7914866566000338e+18
1791488639995461162,10.108,42.9475,1005.625,61.33482463923056,20.3,48.52580696789248,12.170022369588459,1.7914918729562616e+18,1.7914866530427497e+18
1791488640195956406,10.156,42.0975,1430.5,61.31266741644514,20.6325,48.51469771246249,12.169690011246677,1.7914918792182364e+18,1.7914866495267638e+18
1791488640596807649,10.232,39.45,1088.725,61.29113820637947,20.912499999999998,48.508408912932396,12.169367073095692,1.7914918854159767e+18,1.7914866460408788e+18
1791488640864068415,10.28,39.1,45.725,61.26554686227263,21.2975,48.49796262289948,12.16898320293409,1.7914918915379648e+18,1.7914866425899548e+18
1791488641264609593,10.292,38.165,139.525,61.24645763675263,21.5075,48.50076002102846,12.16869686455129,1.7914918976534026e+18,1.7914866391375406e+18
1791488641531456033,10.312,38.05,425.775,61.251135438026786,21.84,48.51488267520378,12.168767031570402,1.791491903838161e+18,1.791486635646985e+18
1791488641932387936,10.336,36.9825,1299.35,61.250945828664264,22.084999999999997,48.52256712082203,12.168764187429964,1.791491910087911e+18,1.7914866321200522e+18
1791488642333290333,10.34,37.3825,688.5,61.25096292569987,22.26,48.5251611486895,12.168764443885498,1.7914919164003638e+18,1.791486628557782e+18
1791488642733963977,10.424,35.6325,462.725,61.25049428369076,22.400000000000002,48.52474074159867,12.168757414255362,1.7914919227688648e+18,1.7914866249635784e+18
1791488643001242082,10.468,34.365,1412.1,61.24959497436035,22.627499999999998,48.528009952264554,12.168743924615406,1.7914919291915612e+18,1.7914866213382272e+18
1791488643401757802,10.456,34.25,1032.575,61.246856084923564,22.75,48.5259892688271,12.168702841273854,1.7914919356684595e+18,1.7914866176807421e+18
1791488643802467512,10.5,34.1825,1512.75,61.246488589242624,22.855,48.52663044329707,12.16869732883864,1.7914919422091246e+18,1.7914866139865966e+18
1791488644203374274,10.492,34.3,1339.725,61.2473464432567,22.959999999999997,48.53047829491295,12.168710196648851,1.791491948816081e+18,1.7914866102543724e+18
1791488644671036176,10.5,33.85,811.7,61.24693574953364,23.064999999999998,48.53329361699853,12.168704036243005,1.79149195549105e+18,1.79148660648402e+18
1791488645071928489,10.56,32.7825,838.7,61.24715940563682,23.38,48.53638673346478,12.168707391084553,1.79149196223246e+18,1.7914866026760532e+18
1791488645338868916,10.568,32.3175,921.1,61.24556043610984,23.59,48.53822360637055,12.168683406541648,1.791491969029271e+18,1.7914865988359322e+18
1791488645739322910,10.632,30.665,1172.55,61.24639744936831,23.712500000000002,48.546221341340534,12.168695961740525,1.7914919758967803e+18,1.791486594956233e+18
1791488646006591722,10.64,31.1,301.525,61.24238760485511,23.905,48.54132978680015,12.168635814072827,1.7914919828116078e+18,1.7914865910480847e+18
1791488646474261490,10.68,30.2,920.175,61.2382628801119,24.0975,48.53690238978951,12.168573943201679,1.7914919897771942e+18,1.7914865871105088e+18
1791488646875101697,10.668,29.9325,1169.75,61.23336422896057,24.255,48.53692930039917,12.168500463434409,1.791491996795043e+18,1.7914865831421908e+18
1791488647142381070,10.716,29.365,292.975,61.22990450036227,24.57,48.5351374907185,12.168448567505434,1.7914920038593526e+18,1.7914865791459067e+18
1791488647542643737,10.712,28.715,894.075,61.224637395728934,24.57,48.53773706499744,12.168369560935934,1.7914920109747825e+18,1.791486575119491e+18
1791488647743059190,10.684,29.9975,1090.1,61.2221716517016,24.622500000000002,48.537816909783565,12.168332574775524,1.791492018141759e+18,1.7914865710625812e+18
1791488648010341204,10.764,27.415,49.9,61.214525556383585,24.4475,48.538426009589514,12.168217883345754,1.7914920253457385e+18,1.7914865669822682e+18
1791488648277623288,10.82,25.7825,152.275,61.202952245813904,24.4475,48.53947093368832,12.168044283687209,1.7914920325736443e+18,1.7914865628849772e+18
1791488648478087814,10.792,27.6825,464.7,61.19978397159232,24.395,48.53937239602174,12.167996759573885,1.7914920398477084e+18,1.7914865587596204e+18
1791488648878952706,10.74,28.0975,1418.15,61.19380699368238,24.377499999999998,48.53992660713996,12.167907104905236,1.7914920471686927e+18,1.7914865546060792e+18
1791488649146227257,10.792,27.0325,1051.05,61.187123880328514,24.1325,48.540596066466634,12.167806858204928,1.7914920545239263e+18,1.791486550430748e+18
1791488649413104673,10.78,27.365,1569.15,61.18198994268219,24.0275,48.53991456741263,12.167729849140233,1.7914920619179333e+18,1.7914865462310682e+18
1791488649880245358,10.752,28.265,1511.85,61.17747203314427,23.9925,48.54166582356074,12.167662080497164,1.7914920693636224e+18,1.79148654200076e+18
1791488650347931371,10.728,28.815,1337.0,61.173848424468574,23.9225,48.54284458861509,12.167607726367029,1.7914920768679977e+18,1.791486537736337e+18
1791488650615122001,10.672,30.235,803.4,61.1729339268328,23.939999999999998,48.542405042651886,12.167594008902492,1.7914920844234273e+18,1.7914865334418693e+18
1791488650815580849,10.664,30.3675,813.375,61.17167524613132,23.9225,48.54210409488962,12.16757512869197,1.791492092027488e+18,1.791486529118162e+18
1791488651216456329,10.68,29.68,843.8,61.171143984976666,23.834999999999997,48.541584258782116,12.16756715977465,1.7914920996068692e+18,1.7914865248066278e+18
1791488651483216951,10.704,29.5825,1220.025,61.169493397098734,23.8875,48.54172038854827,12.167542400956481,1.7914921071692073e+18,1.7914865205022144e+18
1791488651950801776,11.952,1.4975,446.4,61.12165071503784,23.712500000000002,48.519014834597066,12.166824760725568,1.7914921145675305e+18,1.791486516278076e+18
1791488652217940573,11.984,1.5325,1362.3,61.08350434541139,23.59,48.502997321957615,12.166252565181171,1.791492121857726e+18,1.7914865121044344e+18
1791488652885979613,12.02,1.5175,1048.975,61.09427025795116,23.3275,48.50721343349989,12.166414053869268,1.7914921292467154e+18,1.7914865078775196e+18
1791488653153160743,12.036,1.4975,1562.8,61.095716286935655,23.2225,48.50777880164095,12.166435744304035,1.791492136688574e+18,1.791486503620003e+18
1791488653620199849,12.04,1.5975,1492.475,61.09345032214787,23.135,48.506905541668544,12.166401754832219,1.7914921441112794e+18,1.7914864993715889e+18
1791488653887264716,12.048,1.4825,1277.85,61.08703952571976,22.977500000000003,48.50439611111829,12.166305592885797,1.7914921514993917e+18,1.791486495139063e+18
1791488654355047909,12.06,1.4825,622.875,61.078658760596575,22.925,48.501116922820025,12.166179881408949,1.7914921588640602e+18,1.7914864909165156e+18
1791488654622213321,12.064,1.5675,262.45,61.070045391305044,22.61,48.497753520486654,12.166050680869576,1.7914921661998438e+18,1.791486486706668e+18
1791488655023081000,12.072,1.4825,800.925,61.06075278939788,22.365,48.4941196810175,12.165911291840969,1.7914921735146755e+18,1.7914864825051843e+18
1791488655290207495,12.08,1.5175,805.825,61.0526909407145,22.102500000000003,48.49096785627572,12.165790364110718,1.7914921808095834e+18,1.7914864783115779e+18
1791488655556978735,12.08,1.5325,820.775,61.04026966494324,21.752499999999998,48.4861167653576,12.165604044974149,1.791492188073439e+18,1.7914864741311803e+18
1791488656024672561,12.088,1.5175,866.4,61.028707696076005,21.209999999999997,48.48159771850324,12.16543061544114,1.7914921953230502e+18,1.791486469955464e+18
1791488656291942199,12.088,1.5475,1005.625,61.014854497631035,20.6675,48.476189938850844,12.165222817464466,1.791492202538375e+18,1.7914864657942705e+18
1791488656692763021,12.092,1.5975,1430.5,61.0023888821344,20.6675,48.471321381252075,12.165035833232016,1.7914922097334892e+18,1.7914864616403581e+18
1791488656959907466,12.1,1.5825,1088.725,60.991444858687274,19.7925,48.46704500519782,12.16487167288031,1.791492216911072e+18,1.7914864574925076e+18
1791488657227087439,12.1,1.4325,45.725,60.97644201851127,17.8675,48.461185195183624,12.16464663027767,1.7914922240562726e+18,1.7914864533579377e+18
1791488657627489486,12.104,1.5675,139.525,60.961756293507435,15.8725,48.45545187591171,12.164426344402612,1.7914922311807962e+18,1.7914864492309832e+18
1791488657894659707,11.376,18.515,425.775,60.96277325121813,15.8725,48.451613291426376,12.164441598768272,1.791492238335966e+18,1.7914864450856996e+18
1791488658161943665,10.332,39.515,1299.35,60.938297931997546,14.385000000000002,48.43491006223117,12.164074468979964,1.791492245431459e+18,1.7914864409670364e+18
1791488658429069394,10.3,39.915,688.5,60.91261177502832,14.385000000000002,48.418810665828104,12.163689176625425,1.7914922524616899e+18,1.7914864368781343e+18
1791488659297418782,10.26,39.48,1032.575,60.88501255726048,13.335,48.40734161109167,12.163275188358908,1.7914922594508127e+18,1.7914864328067348e+18
1791488659497523284,10.2,40.6675,1512.75,60.85650871381399,13.125,48.39573487010632,12.16284763070721,1.791492266365371e+18,1.7914864287695624e+18
1791488659764634508,10.228,40.3325,1339.725,60.82860866349842,13.8775,48.383346301699326,12.162429129952477,1.791492273211114e+18,1.791486424763889e+18
1791488660165557198,10.164,41.2025,811.7,60.79870899638431,13.8775,48.37210591820528,12.161980634945765,1.791492279985792e+18,1.7914864207906437e+18
1791488660432848729,10.104,42.9175,838.7,60.76462541069458,14.367500000000001,48.35714202531418,12.161469381160419,1.7914922866706222e+18,1.7914864168589868e+18
1791488661234197850,10.096,42.665,1172.55,60.73399342752639,14.8925,48.34539924706214,12.161009901412896,1.7914922933280218e+18,1.7914864129364905e+18
1791488661501085139,10.052,44.3325,301.525,60.70074722552367,15.400000000000002,48.32917283779063,12.160511208382855,1.791492299905392e+18,1.7914864090506844e+18
1791488661768278567,9.98,44.8825,920.175,60.6676551303471,15.907499999999999,48.31735749844454,12.160014826955207,1.7914923063952532e+18,1.791486405205823e+18
1791488662569796947,9.968,45.95,1169.75,60.63032709811234,16.397499999999997,48.300063566720304,12.159454906471685,1.7914923128250967e+18,1.7914864013873777e+18
1791488662836956876,9.952,45.8175,292.975,60.59486890862198,16.397499999999997,48.28572145151776,12.15892303362933,1.7914923191581023e+18,1.791486397614449e+18
1791488663037326953,9.928,46.1325,894.075,60.556437066046556,16.852500000000003,48.27110176496225,12.158346555990699,1.7914923253448596e+18,1.7914863939139287e+18
1791488663905005229,9.912,46.2325,49.9,60.51643054175502,17.8325,48.25698250898186,12.157746458126326,1.7914923314575547e+18,1.7914863902473132e+18
1791488664038634438,9.88,46.95,152.275,60.474092889145794,17.8325,48.24450194758217,12.157111393337187,1.791492337454623e+18,1.7914863866351212e+18
1791488664773574806,9.884,46.7475,464.7,60.48715497432023,18.235,48.267829517000855,12.157307324614804,1.7914923435732977e+18,1.7914863829577784e+18
1791488665174387780,9.904,46.565,1418.15,60.498241761883854,18.602500000000003,48.28365860234228,12.157473626428258,1.7914923497864863e+18,1.7914863792288161e+18
1791488666109003601,9.976,44.185,1051.05,60.509735590281934,18.9175,48.30181674264755,12.15764603385423,1.7914923561204605e+18,1.7914863754350403e+18
1791488666777043117,10.004,44.4475,1569.15,60.51763914478281,19.3025,48.3140948881046,12.157764587171743,1.7914923625516744e+18,1.7914863715880957e+18
1791488667444595906,10.212,38.45,1337.0,60.52265007453596,19.985,48.328263612256805,12.15783975111804,1.7914923690715346e+18,1.791486367692403e+18
1791488667711475288,10.116,41.2175,803.4,60.52901642395824,20.1775,48.33993590525786,12.157935246359374,1.791492375669926e+18,1.791486363752478e+18
1791488668179000556,10.232,38.9175,813.375,60.53127172714795,20.3875,48.34651327398718,12.15796907590722,1.79149238221485e+18,1.7914863598423741e+18
1791488668446071474,10.148,40.38,843.8,60.53458993091209,20.685000000000002,48.354650732316095,12.158018848963682,1.7914923887239032e+18,1.7914863559515218e+18
1791488668846752928,10.224,39.1975,936.65,60.53863371166294,21.105,48.36392628148827,12.158079505674944,1.7914923952499717e+18,1.79148635205089e+18
1791488669113902944,10.288,38.3325,1220.025,60.541293681397306,21.5075,48.369227414758164,12.15811940522096,1.7914924018386214e+18,1.7914863481144292e+18
1791488669580934168,10.34,36.285,446.4,60.53984620762636,21.77,48.37169023341785,12.158097693114396,1.7914924084861903e+18,1.7914863441435103e+18
1791488669848221775,10.36,36.9975,1362.3,60.543942634410044,22.102500000000003,48.37918987542988,12.158159139516151,1.7914924151998456e+18,1.7914863401346514e+18
1791488670115509775,10.412,34.965,880.6,60.54258955878043,22.33,48.38455828365481,12.158138843381707,1.7914924219605076e+18,1.791486336097787e+18
1791488670516162889,10.428,35.35,1048.975,60.542756597377426,22.5575,48.3872097183602,12.158141348960662,1.791492428781203e+18,1.7914863320260104e+18
1791488670783271242,10.472,33.935,1562.8,60.54279738515556,22.7675,48.39329621701724,12.158141960777334,1.7914924356592988e+18,1.7914863279206103e+18
1791488671050554618,11.928,1.4475,1492.475,60.479859523395966,22.9075,48.367969713214734,12.15719789285094,1.791492442350655e+18,1.7914863239059796e+18
1791488671450951628,11.964,1.4625,1277.85,60.43237470116656,22.715,48.34971573843401,12.156485620517499,1.791492448915142e+18,1.7914863199518185e+18
1791488671918379160,11.172,20.1825,622.875,60.430821701007034,22.4875,48.349663800145976,12.156462325515106,1.7914924555344207e+18,1.7914863159657969e+18
1791488672185628224,10.572,32.48,262.45,60.430395144367424,22.400000000000002,48.35290170790501,12.156455927165512,1.7914924622008205e+18,1.7914863119515085e+18
1791488672452924438,11.936,1.5325,800.925,60.37468061185576,22.435000000000002,48.33459274093322,12.155620209177837,1.791492468701854e+18,1.7914863080176348e+18
1791488672853780618,11.984,1.4825,805.825,60.336563882924544,22.2775,48.321348523534795,12.155048458243868,1.7914924751106775e+18,1.7914863041270234e+18
1791488673121041738,12.0,1.4825,820.775,60.30466774146755,21.997500000000002,48.30986717738122,12.154570016122014,1.7914924814439752e+18,1.7914863002709903e+18
1791488673587949015,12.012,1.4975,866.4,60.277879774526944,21.8225,48.300368941244855,12.154168196617904,1.7914924877285996e+18,1.7914862964362742e+18
1791488673855120080,12.028,1.5475,1005.625,60.257758585525515,21.6125,48.295420767238376,12.153866378782883,1.7914924939760468e+18,1.791486292616884e+18
1791488674255935519,12.036,1.615,1430.5,60.242966467988026,21.5425,48.28932447594684,12.15364449701982,1.791492500218984e+18,1.79148628879623e+18
1791488674456398725,12.04,1.5175,1088.725,60.229075784769606,21.4725,48.28218417525705,12.153436136771544,1.7914925064530138e+18,1.791486284976458e+18
1791488674723522405,12.056,1.5825,45.725,60.22061240896131,21.525000000000002,48.28057772023107,12.15330918613442,1.791492512697689e+18,1.7914862811474442e+18
1791488675124443449,12.056,1.5475,139.525,60.21235287302458,21.385,48.27724214501826,12.153185293095369,1.7914925189634365e+18,1.7914862773040704e+18
1791488675391346252,12.064,1.5175,425.775,60.20558095412634,21.28,48.276637085011444,12.153083714311895,1.791492525245457e+18,1.7914862734486083e+18
1791488675791950613,12.068,1.5175,1299.35,60.20160110630153,21.28,48.27462600173467,12.153024016594523,1.7914925315637632e+18,1.7914862695710456e+18
1791488676259674721,12.064,1.5175,688.5,60.19542852113794,21.227500000000003,48.27304533442931,12.15293142781707,1.7914925379044582e+18,1.7914862656786964e+18
1791488677061481471,12.084,1.5975,1412.1,60.198828210972835,20.877499999999998,48.27350658045414,12.152982423164593,1.791492544325226e+18,1.7914862617420157e+18
1791488677328419819,12.084,1.5325,1032.575,60.19982971324607,20.650000000000002,48.27532201440488,12.152997445698691,1.791492550793829e+18,1.7914862577773033e+18
1791488677728758921,12.084,1.5675,1512.75,60.2012948396415,20.37,48.27697501460511,12.153019422594623,1.7914925573163712e+18,1.7914862537812713e+18
1791488677995950224,12.088,1.5675,1339.725,60.20597811440789,20.212500000000002,48.277908621115486,12.153089671716119,1.7914925639012362e+18,1.7914862497497172e+18
1791488678396908373,12.096,1.5475,811.7,60.21077044210879,20.002499999999998,48.28125277971151,12.153161556631632,1.7914925704243113e+18,1.7914862457535767e+18
1791488678597247441,12.096,1.4825,838.7,60.215689069825,19.88,48.283357615136396,12.153235336047375,1.791492576903244e+18,1.7914862417819533e+18
1791488678864436731,12.096,1.5675,921.1,60.22220710702273,19.6525,48.28583931608842,12.153333106605341,1.7914925833577551e+18,1.7914862378241938e+18
1791488679265041892,12.096,1.5975,1172.55,60.22972062264799,19.6525,48.2881740863076,12.15344580933972,1.791492589806454e+18,1.7914862338706929e+18
1791488679531934793,12.104,1.5475,301.525,60.25941355079434,19.39,48.296089282028035,12.153891203261916,1.7914925963428864e+18,1.7914862298722424e+18
1791488679932619488,12.112,1.5975,920.175,60.274349094351344,19.0925,48.300419068164224,12.15411523641527,1.7914926029169014e+18,1.7914862258549294e+18
1791488680199821005,12.112,1.5975,1169.75,60.29003884479586,18.7075,48.30463545828346,12.154350582671938,1.7914926095312755e+18,1.7914862218166976e+18
1791488680400240161,12.108,1.5475,292.975,60.30343429424858,18.34,48.30714011642419,12.154551514413729,1.7914926161800028e+18,1.7914862177605343e+18
1791488680600753666,12.108,1.5325,894.075,60.31362648544295,18.34,48.31045982161344,12.154704397281645,1.79149262285334e+18,1.7914862136912822e+18
1791488681001610472,12.12,1.5325,1090.1,60.327140930498025,18.025000000000002,48.31551100346106,12.15490711395747,1.7914926295697272e+18,1.7914862095994445e+18
1791488681201876950,12.112,1.5325,49.9,60.33820121852889,17.745,48.319158435067564,12.155073018277934,1.7914926363263107e+18,1.791486205485792e+18
1791488681468755204,12.12,1.5175,152.275,60.35355335559567,17.4475,48.32266990433987,12.155303300333935,1.7914926431887142e+18,1.7914862013140687e+18
1791488681735519955,12.12,1.4975,464.7,60.36613471043504,17.4475,48.327382514486125,12.155492020656526,1.7914926501415035e+18,1.7914861970920558e+18
1791488682002604112,12.12,1.5475,1418.15,60.38123770184318,17.185000000000002,48.330606834186945,12.155718565527648,1.7914926571960952e+18,1.791486192813992e+18
1791488682202962523,12.124,1.5475,1051.05,60.394779430863444,16.8875,48.33691154106835,12.155921691462952,1.7914926643381097e+18,1.79148618848727e+18
1791488682670688333,12.124,1.5325,1569.15,60.4106212409436,16.8875,48.34045544846839,12.156159318614154,1.7914926715945085e+18,1.7914861840979313e+18
1791488682937955709,12.128,1.5175,1511.85,60.42556673769063,16.5725,48.34613010190115,12.15638350106536,1.7914926789491072e+18,1.7914861796541732e+18
1791488683338571367,11.9,6.965,1337.0,60.448937244346936,16.2225,48.35259633545281,12.156734058665204,1.7914926864461184e+18,1.7914861751331254e+18
1791488683605492833,10.576,34.6175,803.4,60.45202807849284,16.1175,48.34597735295852,12.156780421177393,1.7914926939953894e+18,1.7914861705816225e+18
1791488683872683482,10.088,44.95,813.375,60.445602433735814,16.1175,48.33237806241672,12.156684036506038,1.7914927015557873e+18,1.7914861660207196e+18
1791488684273499684,10.068,44.615,843.8,60.44143500020345,16.415000000000003,48.324007310258914,12.156621525003052,1.7914927090276582e+18,1.791486161508306e+18
1791488684540781336,9.968,45.8175,936.65,60.44088192048761,16.7825,48.32019644120603,12.156613228807315,1.7914927164379292e+18,1.7914861570295498e+18
1791488684808049568,10.012,45.465,1220.025,60.44336058869211,17.1675,48.31238665226131,12.156650408830382,1.79149272381152e+18,1.7914861525712479e+18
1791488685075328421,9.964,46.2325,446.4,60.46806709728268,17.1675,48.31754985223025,12.15702100645924,1.7914927312435284e+18,1.7914861480836902e+18
1791488685342335499,9.928,46.6675,1362.3,60.484520585877135,17.4825,48.32112946904051,12.157267808788157,1.791492738712312e+18,1.7914861435770698e+18
1791488685742851729,9.904,47.1325,880.6,60.49368845451715,17.78,48.32206696276491,12.157405326817758,1.7914927461970225e+18,1.7914861390624748e+18
1791488686010132039,9.944,45.635,1048.975,60.50071289998238,18.0775,48.3255935124326,12.157510693499736,1.7914927536692641e+18,1.7914861345546258e+18
1791488686277417877,9.916,45.6825,1562.8,60.50629524915955,18.375,48.33117175314013,12.157594428737394,1.7914927611156808e+18,1.7914861300617554e+18
1791488686544598085,9.984,44.8325,1492.475,60.50168905480881,18.5675,48.33008772776722,12.157525335822132,1.791492768561388e+18,1.7914861255670264e+18
1791488686945528476,10.084,43.15,1277.85,60.49338396861636,18.5675,48.32578601680314,12.157400759529246,1.7914927760015555e+18,1.7914861210724012e+18
1791488687212750286,10.072,42.5175,622.875,60.485064398850575,18.6375,48.32547199667585,12.157275965982759,1.7914927833099873e+18,1.7914861166504986e+18
1791488687679791512,9.984,44.4675,262.45,60.47660406774158,18.83,48.32461293832055,12.157149061016124,1.791492790530183e+18,1.79148611227628e+18
1791488688147389737,10.096,41.1475,800.925,60.466057151172684,19.127499999999998,48.32708807240834,12.15699085726759,1.791492797666857e+18,1.791486107947214e+18
1791488688414525261,9.98,45.15,805.825,60.44992129527586,19.477500000000003,48.32044938313949,12.156748819429138,1.791492804692747e+18,1.791486103676381e+18
1791488688882154713,10.012,43.4825,820.775,60.45316326233085,19.635,48.330726475051875,12.156797448934963,1.7914928117098363e+18,1.7914860994098063e+18
1791488689282898386,10.088,42.9175,866.4,60.45358105504801,19.8275,48.336174798944356,12.15680371582572,1.7914928187167163e+18,1.7914860951485435e+18
1791488689549728988,10.124,41.5825,1005.625,60.45469863211783,20.23,48.34004952596419,12.156820479481768,1.7914928257177336e+18,1.7914860908898842e+18
1791488689816910054,10.128,40.7175,1430.5,60.45773051437763,20.4575,48.350198083411556,12.156865957715665,1.7914928327154967e+18,1.7914860866320527e+18
1791488690084164455,10.28,37.0175,1088.725,60.45931299995452,20.685000000000002,48.36244103640153,12.156889694999318,1.791492839712362e+18,1.7914860823740833e+18
1791488690485025980,10.184,39.565,45.725,60.4617122212931,20.8425,48.37149549698525,12.156925683319397,1.791492846709202e+18,1.791486078115811e+18
1791488690752289073,10.2,39.3825,139.525,60.46405767050063,21.105,48.37981393332487,12.15696086505751,1.7914928537026068e+18,1.7914860738590508e+18
1791488691019574085,10.332,37.55,425.775,60.46508727696531,21.227500000000003,48.382433343946275,12.15697630915448,1.79149286071553e+18,1.791486069589179e+18
1791488691419921205,10.348,36.8975,1299.35,60.46446126365076,21.5075,48.383680930359105,12.156966918954762,1.7914928677513746e+18,1.7914860653052844e+18
1791488691686753453,10.56,31.9325,688.5,60.46541902082069,21.6825,48.39247749586145,12.15698128531231,1.7914928746566664e+18,1.7914860610961306e+18
1791488691954012586,10.416,35.4675,462.725,60.46959318572254,21.875,48.401653032478755,12.157043897785838,1.7914928814976494e+18,1.7914860569239795e+18
1791488692354869094,10.472,34.1475,1412.1,60.47002030590377,22.05,48.406283476766916,12.157050304588557,1.7914928882806794e+18,1.7914860527849341e+18
1791488692622090627,10.52,33.035,1032.575,60.47005480443237,22.295,48.4115245515758,12.157050822066486,1.7914928950723868e+18,1.791486048639969e+18
1791488692822553698,10.492,33.75,1512.75,60.47214811695362,22.47,48.418391853325815,12.157082221754305,1.7914929018815826e+18,1.7914860444843791e+18
1791488693223363033,10.544,32.2975,1339.725,60.47180799654202,22.522499999999997,48.424888478643005,12.15707711994813,1.791492908695592e+18,1.7914860403251758e+18
1791488693623811089,10.488,34.0325,811.7,60.471972189215464,22.68,48.42781133059791,12.157079582838232,1.7914929155297843e+18,1.791486036153792e+18
1791488693824236063,10.584,31.53,838.7,60.46829664442166,22.8025,48.42780378190146,12.157024449666325,1.7914929223406502e+18,1.791486031990771e+18
1791488694091518128,10.52,33.3175,921.1,60.46732792879164,22.855,48.42948073802376,12.157009918931875,1.7914929291543672e+18,1.79148602782498e+18
1791488694492434950,10.544,32.135,1172.55,60.465449876478274,23.0475,48.42920098335849,12.156981748147174,1.7914929359668767e+18,1.7914860236589501e+18
1791488694692847593,10.576,32.465,301.525,60.46472512713933,23.099999999999998,48.42864554825949,12.15697087690709,1.79149294275928e+18,1.7914860195030106e+18
1791488694960104585,10.572,31.9175,920.175,60.46222320080306,23.2225,48.42730416843271,12.156933348012046,1.7914929495245097e+18,1.7914860153611766e+18
1791488695227341662,10.612,30.735,1169.75,60.45835238229017,23.4325,48.42814827470709,12.156875285734353,1.7914929562506842e+18,1.7914860112392415e+18
1791488695427428629,10.624,30.735,292.975,60.455726019896474,23.59,48.426831528626856,12.156835890298447,1.7914929629432566e+18,1.7914860071353124e+18
1791488695827828921,10.656,29.1175,894.075,60.448181354949874,23.712500000000002,48.42864308327432,12.156722720324248,1.791492969594686e+18,1.7914860030530954e+18
1791488696295572104,10.7,29.0475,1090.1,60.44421886189051,23.905,48.42771632112762,12.156663282928358,1.7914929762195884e+18,1.7914859989849196e+18
1791488696696485494,10.696,29.285,49.9,60.44094401535375,24.045,48.427857516179515,12.156614160230307,1.7914929828161856e+18,1.7914859949320387e+18
1791488697364343692,10.78,27.1325,152.275,60.43462932596926,24.115,48.42899800303195,12.15651943988954,1.79149298936167e+18,1.791485990907565e+18
1791488697965411499,10.784,26.43,464.7,60.42461282450953,24.395,48.43069506846623,12.156369192367643,1.7914929958538747e+18,1.7914859869120507e+18
1791488698232690174,10.752,27.5325,1418.15,60.41772888724978,24.395,48.432393239425856,12.156265933308747,1.7914930022913518e+18,1.7914859829460434e+18
1791488698633442702,10.728,28.73,1051.05,60.415786443531964,24.36,48.43109825276712,12.15623679665298,1.7914930087001318e+18,1.7914859789957448e+18
1791488698900573224,10.704,28.665,1569.15,60.410909158806184,24.290000000000003,48.43192558064713,12.156163637382093,1.791493015052758e+18,1.791485975076318e+18
1791488699167891561,10.684,28.7,1511.85,60.40501655767713,24.2025,48.43243849218344,12.156075248365157,1.7914930213525166e+18,1.7914859711853094e+18
1791488699969000946,10.596,30.9475,1337.0,60.4014202630915,24.150000000000002,48.4347596749285,12.156021303946373,1.7914930276300355e+18,1.7914859673070674e+18
1791488700436740567,10.616,30.05,803.4,60.395542706662866,24.0275,48.43778578959419,12.155933140599943,1.7914930338571026e+18,1.7914859634567836e+18
1791488701839053094,10.632,30.185,843.8,60.391849743149564,23.9225,48.4396705477471,12.155877746147244,1.7914930400717755e+18,1.7914859596152632e+18
1791488702306682215,10.64,30.4175,936.65,60.38929311496408,23.852500000000003,48.44111948850067,12.155839396724462,1.7914930462345277e+18,1.791485955803509e+18
1791488702707496276,10.572,31.3175,1220.025,60.38453017899288,23.834999999999997,48.444879416565605,12.155767952684894,1.7914930523374966e+18,1.791485952025308e+18
1791488702974819365,10.532,32.5,446.4,60.40296252835942,23.8175,48.45183167453682,12.156044437925392,1.7914930584784207e+18,1.7914859482285996e+18
1791488703442004115,11.9,1.5175,1362.3,60.37354438716074,23.695,48.44041353177627,12.155603165807412,1.7914930644425372e+18,1.7914859445281083e+18
1791488703909526476,11.956,1.5175,880.6,60.35430276763589,23.485,48.43295094821969,12.155314541514539,1.79149307027768e+18,1.7914859408985162e+18
1791488704109985002,11.972,1.4825,1048.975,60.33252338966546,23.310000000000002,48.42448545190438,12.154987850844982,1.7914930757323543e+18,1.7914859374853504e+18
1791488704377267645,11.992,1.5325,1562.8,60.31043048360301,23.03,48.4159032609788,12.154656457254045,1.7914930808589658e+18,1.7914859342582659e+18
1791488704644593887,12.004,1.4975,1492.475,60.289160271542954,22.662499999999998,48.40763751756707,12.154337404073145,1.7914930856832402e+18,1.79148593120278e+18
1791488704911813878,12.016,1.4975,1277.85,60.2700623221069,22.662499999999998,48.40021455325168,12.154050934831604,1.7914930902408271e+18,1.7914859282987996e+18
1791488705312530269,12.032,1.4975,622.875,60.25234467110581,22.4175,48.39332766939393,12.153785170066588,1.791493094552432e+18,1.7914859255347686e+18
1791488705579433424,12.032,1.5175,262.45,60.23253769761631,22.2425,48.38563021465578,12.153488065464245,1.7914930986190188e+18,1.7914859229093775e+18
1791488705846621354,12.04,1.5325,800.925,60.21323073449141,22.084999999999997,48.37812681838021,12.153198461017372,1.7914931024535936e+18,1.7914859204154404e+18
1791488706113850822,12.048,1.5175,805.825,60.19558348060412,21.98,48.37126498869066,12.152933752209062,1.7914931060677796e+18,1.791485918046764e+18
1791488706514775307,12.056,1.4975,820.775,60.17508540561396,21.9275,48.36330299933412,12.15262628108421,1.7914931094600077e+18,1.79148591580406e+18
1791488706915542418,12.06,1.5675,866.4,60.15716041369925,21.735,48.356336946338,12.152357406205489,1.7914931126571282e+18,1.7914859136720684e+18
1791488708050600446,12.072,1.6325,1088.725,60.14666306744525,21.2975,48.35225254125455,12.15219994601168,1.7914931157194893e+18,1.7914859116193185e+18
1791488708317911022,12.068,1.5325,45.725,60.12651589788213,21.087500000000002,48.34442185815389,12.151897738468232,1.7914931185813235e+18,1.7914859096799852e+18
1791488708518328185,12.08,1.4975,139.525,60.110740784941044,20.7375,48.33829362644502,12.151661111774116,1.7914931212530962e+18,1.7914859078489206e+18
1791488708919075056,12.088,1.5675,425.775,60.097753790715416,20.16,48.33324572093224,12.151466306860732,1.7914931237635794e+18,1.7914859061105615e+18
1791488709319585963,12.084,1.5475,1299.35,60.08118834599765,20.16,48.32681207704102,12.151217825189965,1.7914931260933274e+18,1.791485904475463e+18
1791488709586444351,12.088,1.5825,688.5,60.064303982749315,19.635,48.32024909459786,12.15096455974124,1.791493128252569e+18,1.7914859029371256e+18
1791488709987153417,12.092,1.5175,462.725,60.04530152020976,18.1125,48.31287566145406,12.150679522803147,1.791493130236603e+18,1.7914859014982564e+18
1791488710454658596,12.1,1.4825,1032.575,60.02708339627103,15.155000000000001,48.305794735672535,12.150406250944066,1.7914931320523223e+18,1.7914859001552796e+18
1791488710855579666,11.368,18.5,1512.75,60.02325394773379,12.075000000000001,48.29989280294722,12.150348809216007,1.7914931337693243e+18,1.791485898870897e+18
1791488711056038597,10.504,35.715,1339.725,59.99997945890673,12.075000000000001,48.28458022962885,12.149999794589068,1.7914931352806103e+18,1.7914858977027763e+18
1791488711322988280,10.6,32.6,811.7,59.95985067844426,10.5,48.27245020154777,12.149598506784443,1.791493136522998e+18,1.7914858966841644e+18
1791488711990791791,10.652,30.5175,1172.55,59.91250423082896,9.415,48.26182585419818,12.14912504230829,1.7914931374753426e+18,1.7914858958269842e+18
1791488712859063549,10.76,27.78,292.975,59.861842768213904,8.12,48.25161777270089,12.14861842768214,1.7914931381371113e+18,1.7914858951315704e+18
1791488713927060475,10.52,33.065,464.7,59.81541464484298,8.435,48.24196259764828,12.14815414644843,1.7914931385320934e+18,1.7914858945856988e+18
1791488714394697236,10.4,35.25,1511.85,59.76608467378938,10.29,48.23283851141816,12.147660846737894,1.7914931386294236e+18,1.7914858942054364e+18
1791488714996086370,10.28,37.58,843.8,59.717526428277736,11.7775,48.22477624357346,12.147175264282778,1.79149313844216e+18,1.791485893983617e+18
1791488715864089739,10.148,40.815,1362.3,59.67118842521252,13.7725,48.21550115554678,12.146711884252126,1.7914931379800381e+18,1.7914858939159145e+18
1791488716131163527,10.088,42.85,880.6,59.619243063450114,14.367500000000001,48.201318800756695,12.146192430634501,1.7914931372244324e+18,1.791485894010586e+18
1791488716532098581,10.152,40.55,1048.975,59.56834096238634,14.367500000000001,48.191613992143,12.145683409623864,1.7914931361670395e+18,1.791485894273477e+18
1791488716799358250,10.124,41.9825,1562.8,59.51541503045469,14.944999999999999,48.1777369980383,12.145154150304547,1.7914931347564672e+18,1.7914858947344184e+18
1791488717066647348,10.036,43.4675,1492.475,59.463738485377995,15.400000000000002,48.16574135874161,12.14463738485378,1.7914931328953434e+18,1.7914858954513897e+18
1791488717467047653,9.98,44.7325,1277.85,59.40733114894549,15.400000000000002,48.15208164933421,12.144073311489455,1.791493130611427e+18,1.7914858964074657e+18
1791488717934722055,9.972,44.3975,262.45,59.35275302849256,16.310000000000002,48.14120558217076,12.143527530284926,1.7914931279305487e+18,1.7914858975883965e+18
1791488718201948376,9.968,45.0,800.925,59.295084976679426,16.73,48.12714812352305,12.142950849766795,1.791493124858563e+18,1.791485898989834e+18
1791488718469100495,9.824,47.5325,805.825,59.23924376122119,16.73,48.115891456538,12.142392437612212,1.7914931214564408e+18,1.7914859005764206e+18
1791488718869982468,9.86,46.585,820.775,59.18311628527209,17.185000000000002,48.10544564896216,12.141831162852721,1.7914931177273513e+18,1.7914859023467973e+18
1791488719137277715,9.852,47.015,866.4,59.12471166939606,17.465,48.09315117074069,12.141247116693961,1.791493113637335e+18,1.7914859043205e+18
1791488719537541841,9.856,47.5675,1005.625,59.05958812591801,17.709999999999997,48.07610279349849,12.14059588125918,1.791493109178147e+18,1.791485906501248e+18
1791488719804731166,9.824,48.0675,1430.5,58.992234021159746,18.165000000000003,48.059319084470275,12.139922340211598,1.7914931043372616e+18,1.7914859088959636e+18
1791488720205620849,9.864,47.485,1088.725,59.022562461689745,18.7075,48.086538602226376,12.140225624616898,1.7914930995536684e+18,1.7914859112686938e+18
1791488720472790000,9.784,48.385,45.725,59.031926929825076,18.7075,48.101488479068934,12.140319269298251,1.791493094739793e+18,1.7914859136659666e+18
1791488720740046768,9.76,48.5475,139.525,59.043754419940015,19.2675,48.11376230101225,12.1404375441994,1.7914930899230976e+18,1.7914859160719416e+18
1791488721140892887,9.832,48.25,425.775,59.045539466189325,19.7225,48.11938665826389,12.140455394661894,1.791493085049624e+18,1.791485918516525e+18
1791488721407743202,9.9,45.8825,1299.35,59.05225764825154,20.16,48.12818861132136,12.140522576482516,1.7914930801294615e+18,1.7914859209946342e+18
1791488721875321544,9.988,44.265,688.5,59.05932973198901,20.58,48.13841346478861,12.14059329731989,1.7914930751751631e+18,1.7914859234994724e+18
1791488722142557104,10.22,39.05,462.725,59.068703672660874,20.912499999999998,48.15246717645163,12.140687036726609,1.7914930701890458e+18,1.791485926029719e+18
1791488722409854843,10.288,38.165,1412.1,59.07180530552182,21.2625,48.15724889389109,12.140718053055219,1.791493065145901e+18,1.791485928598824e+18
1791488722810750325,10.364,36.165,1032.575,59.07178938350505,21.455,48.16071724534732,12.14071789383505,1.791493060027733e+18,1.7914859312170824e+18
1791488723078002315,10.344,36.35,1512.75,59.07444223149308,21.7175,48.1679434959497,12.140744422314931,1.7914930548462966e+18,1.7914859338779208e+18
1791488723344917494,10.32,36.615,1339.725,59.07449246526116,21.8225,48.17340080952357,12.140744924652612,1.7914930495890962e+18,1.7914859365880973e+18
1791488723812053766,10.34,36.75,811.7,59.07929647124085,22.0325,48.180883061252295,12.140792964712409,1.7914930442749804e+18,1.7914859393380347e+18
1791488724079215138,10.248,38.7825,838.7,59.08858748267039,22.155,48.19182769239044,12.140885874826704,1.7914930389207734e+18,1.7914859421183252e+18
1791488724346450322,10.236,39.1325,921.1,59.09544038762216,22.33,48.19973256994228,12.140954403876222,1.791493033509864e+18,1.791485944938368e+18
1791488724546935785,10.164,40.515,1172.55,59.103191698073445,22.645,48.20806420124258,12.141031916980735,1.7914930280430508e+18,1.79148594779775e+18
1791488725014635399,10.268,38.065,301.525,59.111643629121815,22.7675,48.21881999326476,12.141116436291219,1.791493022527043e+18,1.7914859506932764e+18
1791488725281636883,10.276,38.135,920.175,59.1227496760839,22.9425,48.23052034176319,12.14122749676084,1.7914930169703636e+18,1.791485953619982e+18
1791488725682073550,10.312,37.5,1169.75,59.13131230523682,23.099999999999998,48.240379667999115,12.141313123052369,1.791493011372233e+18,1.7914859565780234e+18
1791488725949219595,11.904,1.4975,292.975,59.04593255683878,23.24,48.22604412276849,12.140459325568388,1.7914930053202081e+18,1.7914859597913116e+18
1791488726216499466,11.948,1.4825,894.075,58.98149608904241,23.135,48.21419659341801,12.139814960890424,1.7914929989009093e+18,1.7914859632134428e+18
1791488726617424888,11.964,1.3975,1090.1,58.92369864771328,22.855,48.20402942674388,12.139236986477133,1.7914929921414456e+18,1.7914859668304666e+18
1791488726884682850,11.984,1.4975,49.9,58.87805957234903,22.7325,48.19385129266959,12.13878059572349,1.7914929850946929e+18,1.7914859706136077e+18
1791488727352050049,11.996,1.4825,152.275,58.8419876205711,22.61,48.18954221933805,12.138419876205711,1.7914929778012595e+18,1.791485974541521e+18
1791488727618800268,12.008,1.5475,464.7,58.812601635461306,22.435000000000002,48.185364730726974,12.138126016354613,1.7914929702961357e+18,1.791485978594577e+18
1791488728019579785,12.012,1.4825,1418.15,58.78337558053438,22.2075,48.18037538129107,12.137833755805344,1.7914929625855432e+18,1.7914859827695596e+18
1791488728286884567,12.024,1.5475,1051.05,58.762942557373094,21.84,48.178541965865655,12.137629425573731,1.7914929547116442e+18,1.7914859870431311e+18
1791488728687674774,12.036,1.4325,1569.15,58.745541737658364,21.4025,48.17863389105547,12.137455417376584,1.7914929466854113e+18,1.7914859914098627e+18
1791488728954935221,12.036,1.4475,1511.85,58.72833302044998,21.0175,48.175270042029325,12.1372833302045,1.791492938492975e+18,1.791485995877946e+18
1791488729355563538,12.048,1.5475,1337.0,58.72052014455174,21.0175,48.17601689673704,12.137205201445518,1.7914929301796416e+18,1.7914860004228006e+18
1791488729756064732,12.048,1.4975,803.4,58.71119359506454,20.790000000000003,48.1752783961002,12.137111935950646,1.7914929217485786e+18,1.7914860050422607e+18
1791488729956516930,12.048,1.5175,813.375,58.701957993059246,20.6325,48.175869689414185,12.137019579930593,1.7914929131913009e+18,1.7914860097410852e+18
1791488730223713815,12.052,1.5325,843.8,58.69571527254929,20.3175,48.17531584314557,12.136957152725493,1.7914929045178327e+18,1.7914860145141837e+18
1791488730624633254,12.064,1.4975,936.65,58.695001781165274,20.055,48.17556714291909,12.136950017811653,1.7914928957516068e+18,1.7914860193490995e+18
1791488731025397870,12.068,1.4825,1220.025,58.696353147706255,19.705,48.17586151148602,12.136963531477063,1.7914928867356675e+18,1.7914860243408184e+18
1791488731225792290,12.072,1.4325,446.4,58.69835493577134,19.25,48.176565187458436,12.136983549357714,1.7914928775121047e+18,1.791486029463809e+18
1791488731492644777,12.072,1.4825,1362.3,58.701935071705186,18.97,48.17731417618422,12.137019350717052,1.7914928681097556e+18,1.7914860347013353e+18
1791488731893100281,12.076,1.4825,880.6,58.70843617216493,18.97,48.17843386022819,12.13708436172165,1.7914928585680704e+18,1.7914860400307039e+18
1791488732293838002,12.076,1.4625,1048.975,58.71068758782381,18.6375,48.18098810943024,12.137106875878239,1.7914928488952484e+18,1.7914860454461425e+18
1791488732494166113,12.084,1.4825,1562.8,58.72293587849529,18.3225,48.18216011303017,12.137229358784953,1.7914928391435656e+18,1.7914860509180168e+18
1791488732694476757,12.084,1.4975,1492.475,58.735209064035516,18.025000000000002,48.183151696464726,12.137352090640356,1.7914928293221852e+18,1.791486056440819e+18
1791488732961623166,12.088,1.4975,1277.85,58.74746344923863,17.57,48.18572535263007,12.137474634492387,1.7914928194212708e+18,1.7914860620205412e+18
1791488733362160442,12.084,1.4975,622.875,58.758958685945146,17.57,48.18649576112331,12.137589586859452,1.7914928094575596e+18,1.7914860676473078e+18
1791488733829460585,12.088,1.335,262.45,58.76790566140822,17.2025,48.187314114150844,12.137679056614083,1.791492799438718e+18,1.7914860733161083e+18
1791488734096644413,12.096,1.4975,800.925,58.78532646650501,16.87,48.18992605770172,12.13785326466505,1.791492789434446e+18,1.791486078986232e+18
1791488734497465562,12.096,1.5175,805.825,58.80101315199035,16.485,48.19402433353926,12.138010131519904,1.7914927793837957e+18,1.7914860846942996e+18
1791488734965168738,12.1,1.5325,820.775,58.82104604890766,16.485,48.196575099275535,12.138210460489077,1.791492769294635e+18,1.7914860904366648e+18
1791488735432471659,12.096,1.415,866.4,58.83336692798447,16.0825,48.20064703910845,12.138333669279845,1.7914927591890693e+18,1.7914860961981998e+18
1791488735899983685,12.104,1.4625,1005.625,58.853095739388934,15.61,48.20352851318199,12.13853095739389,1.7914927490878164e+18,1.7914861019681293e+18
1791488736768490425,12.104,1.5175,1430.5,58.87195344442539,15.61,48.20883463929569,12.138719534444254,1.7914927389961674e+18,1.791486107744017e+18
1791488737236127445,12.104,1.4825,1088.725,58.893242349997294,15.155000000000001,48.211139787287564,12.138932423499973,1.791492728902464e+18,1.7914861135323525e+18
1791488737836975142,12.108,1.5175,45.725,58.91500251794997,15.155000000000001,48.21541406409936,12.1391500251795,1.7914927187995087e+18,1.7914861193377797e+18
1791488738104136096,12.104,1.4825,139.525,58.9832976210069,14.944999999999999,48.233026025141704,12.13983297621007,1.7914927088309212e+18,1.7914861250826286e+18
1791488738371432803,12.108,1.4475,425.775,59.02356689294524,14.91,48.24342637180118,12.140235668929453,1.7914926989181092e+18,1.791486130808276e+18
1791488738772249168,12.104,1.4825,1299.35,59.05330715096525,14.91,48.25110096606843,12.140533071509653,1.7914926890261996e+18,1.7914861365337213e+18
1791488738972735831,12.112,1.5325,688.5,59.085752784467644,14.944999999999999,48.25947262941346,12.140857527844677,1.7914926791389706e+18,1.7914861422686403e+18
1791488739239959340,12.112,1.5175,462.725,59.10807435381254,14.875,48.26523210856753,12.141080743538126,1.791492669217319e+18,1.7914861480346314e+18
1791488739707042983,12.112,1.5175,1412.1,59.12761595828883,14.875,48.27027419561259,12.141276159582889,1.7914926592743864e+18,1.7914861538238036e+18
1791488739974244096,12.112,1.5175,1032.575,59.1428980251614,14.77,48.274217699552885,12.141428980251614,1.7914926491358548e+18,1.7914861597405092e+18
1791488740241543331,12.108,1.4975,1512.75,59.14955609105628,14.77,48.27593929815848,12.141495560910563,1.7914926388090557e+18,1.7914861657784276e+18
1791488740709252228,12.112,1.4625,1339.725,59.15657037521761,14.5775,48.277753258785566,12.141565703752176,1.7914926283286392e+18,1.7914861719170655e+18
1791488740976498517,12.116,1.5175,811.7,59.163230504634285,14.4375,48.27947578710849,12.141632305046343,1.7914926177028206e+18,1.7914861781508424e+18
1791488741443696164,12.124,1.5325,838.7,59.17299688219802,14.4375,48.28199493067482,12.14172996882198,1.7914926069764465e+18,1.791486184454008e+18
1791488741910865245,12.12,1.5325,921.1,59.17655887383194,14.367500000000001,48.28291534098931,12.14176558873832,1.7914925961483658e+18,1.791486190825957e+18
1791488742177895911,12.12,1.5825,1172.55,59.172317413243505,14.367500000000001,48.28182464929036,12.141723174132435,1.791492585186755e+18,1.7914861972837837e+18
1791488742578763013,12.12,1.5325,301.525,59.16611716462657,14.385000000000002,48.28022771578799,12.141661171646266,1.7914925740885978e+18,1.7914862038291814e+18
1791488742845913043,12.12,1.5475,920.175,59.158307392220024,14.14,48.27821384763056,12.1415830739222,1.791492562852314e+18,1.7914862104624617e+18
1791488743113104360,12.12,1.4975,1169.75,59.150827395010836,14.14,48.276280776862045,12.141508273950109,1.7914925514937672e+18,1.7914862171741125e+18
1791488743513444421,12.12,1.4975,292.975,59.18301156387024,13.9825,48.293946458351414,12.141830115638703,1.7914925401502208e+18,1.791486223889281e+18
1791488743780614510,12.124,1.4825,894.075,59.21350957982308,13.9825,48.30754688523742,12.142135095798231,1.7914925288652972e+18,1.7914862305808312e+18
1791488744248277693,12.124,1.4975,1090.1,59.24517973283801,13.9825,48.32046836787038,12.14245179732838,1.7914925177310863e+18,1.791486237193308e+18
1791488744715964065,12.12,1.665,49.9,59.28031028795452,13.9825,48.3358821360575,12.142803102879546,1.7914925067611581e+18,1.7914862437186941e+18
1791488745116812001,12.116,1.5325,152.275,59.313915143402376,13.229999999999999,48.35367176281723,12.143139151434024,1.7914924959791421e+18,1.791486250142067e+18
1791488745383651162,12.116,1.6325,464.7,59.34633835620055,13.229999999999999,48.36809893375494,12.143463383562006,1.7914924853800837e+18,1.791486256465418e+18
1791488745783977080,12.124,1.5825,1418.15,59.37279789373754,9.5725,48.37438687496307,12.143727978937376,1.791492474958098e+18,1.7914862626915098e+18
1791488746051175663,12.12,1.5825,1051.05,59.39720094979734,9.5725,48.38000732611383,12.143972009497974,1.7914924646574031e+18,1.7914862688532234e+18
1791488746251534645,12.124,1.5325,1569.15,59.426965493835695,9.5725,48.384178723404915,12.144269654938357,1.7914924545159803e+18,1.7914862749281198e+18
1791488746652454154,12.128,1.5325,1511.85,59.453955164515584,9.5725,48.3888114644843,12.144539551645156,1.7914924446019976e+18,1.7914862808749878e+18
1791488747053186570,12.128,1.4325,1337.0,59.484358964687836,9.5725,48.39104244901488,12.144843589646879,1.791492434892492e+18,1.7914862867086595e+18
1791488747253422498,12.124,1.5175,803.4,59.51641579620638,9.5725,48.392897482930664,12.145164157962064,1.791492425333457e+18,1.7914862924608366e+18
1791488747520265697,12.132,1.5175,813.375,59.54342665078393,9.5725,48.39516022478089,12.14543426650784,1.7914924159454828e+18,1.7914862981184207e+18
1791488747921070626,12.136,1.4975,843.8,59.572283914307036,9.5725,48.40048478311075,12.14572283914307,1.7914924067746985e+18,1.7914863036543793e+18
1791488748321889586,12.128,1.4975,936.65,59.5973371715424,9.5725,48.40636180493249,12.145973371715424,1.7914923977334561e+18,1.7914863091203814e+18
1791488748522169045,12.136,1.5175,1220.025,59.627100432243054,9.5725,48.40862671847994,12.146271004322431,1.7914923888278582e+18,1.7914863145128758e+18
1791488748789324700,12.132,1.5475,446.4,59.654710284115744,9.5725,48.41536553814812,12.146547102841158,1.791492380065326e+18,1.7914863198272392e+18
1791488749190157451,12.132,1.415,1362.3,59.67845845289709,9.5725,48.42355169767794,12.146784584528971,1.791492371445059e+18,1.7914863250634796e+18
1791488749457054445,12.132,1.4975,880.6,59.70666718276089,9.5725,48.42896512566178,12.14706667182761,1.7914923629939656e+18,1.7914863302056297e+18
1791488749857798992,12.136,1.5325,1048.975,59.73658534297911,9.5725,48.4344710535753,12.147365853429791,1.791492354681847e+18,1.7914863352723528e+18
1791488750124945416,12.136,1.4825,1562.8,59.7688879277522,9.5725,48.4388324873506,12.147688879277522,1.7914923465425006e+18,1.7914863402431222e+18
1791488750525899989,12.14,1.4825,1492.475,59.79732079583599,9.5725,48.44629545894007,12.14797320795836,1.7914923385816847e+18,1.791486345114382e+18
1791488750793049852,12.136,1.4975,1277.85,59.82473300524308,9.5725,48.45266305567523,12.148247330052431,1.7914923307547886e+18,1.791486349912357e+18
1791488751193730188,12.14,1.4625,622.875,59.85303461246691,9.5725,48.45913189384145,12.14853034612467,1.7914923230660375e+18,1.7914863546345608e+18
1791488751460568903,12.144,1.4475,262.45,59.882012801666065,9.5725,48.46645430580842,12.148820128016661,1.791492315493784e+18,1.791486359293863e+18
1791488751727660440,12.14,1.5675,800.925,59.91446767094061,9.5725,48.47162246285697,12.149144676709406,1.7914923080636262e+18,1.791486363875105e+18
1791488752128489459,12.144,1.5475,805.825,59.945260447837114,9.5725,48.4790557582436,12.149452604478371,1.791492300761652e+18,1.7914863683870246e+18
1791488752395638075,12.14,1.4825,820.775,59.98327064307677,9.5725,48.48452303060898,12.149832706430768,1.7914922936062902e+18,1.7914863728189524e+18
1791488752662840961,12.144,1.5675,866.4,60.03952205907692,9.5725,48.50408903317582,12.150592830886154,1.7914922866575675e+18,1.7914863771377098e+18
1791488753063587984,12.14,1.5175,1005.625,60.07984875095097,9.5725,48.519676748152726,12.151197731264265,1.791492279872833e+18,1.7914863813666803e+18
1791488753530667282,12.14,1.5175,1430.5,60.11337155382757,9.5725,48.53262272064198,12.151700573307414,1.791492273212385e+18,1.7914863855287596e+18
1791488753998178569,12.14,1.5825,1088.725,60.14459220028004,9.5725,48.54467079220415,12.152168883004201,1.7914922666806057e+18,1.7914863896208904e+18
1791488754265463469,12.144,1.4975,45.725,60.17119452511535,9.5725,48.554949155529826,12.15256791787673,1.7914922602681434e+18,1.7914863936472118e+18
1791488754733071656,12.144,1.5675,139.525,60.19498893119945,9.5725,48.56412933700756,12.152924833967992,1.79149225397274e+18,1.7914863976091794e+18
1791488755200720600,12.14,1.4975,425.775,60.21552562827054,9.5725,48.572063546322845,12.153232884424058,1.791492247765895e+18,1.79148640152334e+18
1791488755467477088,12.14,1.5475,1299.35,60.23400604774686,9.5725,48.57919537598744,12.153510090716203,1.7914922416272136e+18,1.7914864054010706e+18
1791488755867848987,12.144,1.5475,688.5,60.25203172524009,9.5725,48.58615131954659,12.153780475878602,1.7914922355663903e+18,1.791486409236729e+18
1791488756135110113,12.148,1.5175,462.725,60.27101872735239,9.5725,48.593483733616026,12.154065280910286,1.7914922295746964e+18,1.7914864130353357e+18
1791488756602881438,12.14,1.4625,1412.1,60.283754265656576,9.5725,48.59840851497859,12.154256313984849,1.7914922237531796e+18,1.7914864167342572e+18
1791488756870019480,12.144,1.5325,1032.575,60.296280818186766,9.5725,48.60324060441248,12.154444212272802,1.7914922180533765e+18,1.791486420362613e+18
1791488757137316381,12.152,1.5675,1512.75,60.30879013334394,9.5725,48.60806027064649,12.15463185200016,1.791492212443691e+18,1.7914864239398108e+18
1791488757538031838,12.148,1.5325,1339.725,60.319673337162506,9.5725,48.61225904479306,12.154795100057438,1.7914922068133056e+18,1.791486427534038e+18
1791488757804612913,12.152,1.5675,811.7,60.33150964657184,9.5725,48.61681580212232,12.154972644698578,1.7914922011769418e+18,1.7914864311360778e+18
1791488758272164687,12.152,1.5175,838.7,60.33987659155071,9.5725,48.62004492283231,12.155098148873261,1.7914921955363523e+18,1.7914864347447086e+18
1791488758739915452,12.152,1.4975,921.1,60.347758416101364,9.5725,48.623101616333045,12.15521637624152,1.791492189899159e+18,1.7914864383552118e+18
1791488759007095274,12.152,1.5175,1172.55,60.355909802468325,9.5725,48.62625866566697,12.155338647037025,1.7914921842718884e+18,1.7914864419629512e+18
1791488759274208279,12.152,1.4475,301.525,60.36216612643957,9.5725,48.62869512519236,12.155432491896594,1.7914921786634312e+18,1.7914864455621578e+18
1791488759741352117,12.152,1.5975,920.175,60.37093276737252,0.0,48.632058629892946,12.155563991510588,1.7914921730974774e+18,1.7914864491393853e+18
1791488760208812623,12.156,1.4825,1169.75,60.37630764399642,0.0,48.63415259141606,12.155644614659947,1.7914921675810017e+18,1.791486452689649e+18
1791488760476080957,12.152,1.5475,292.975,60.381637937106184,0.0,48.63622625726842,12.155724569056593,1.7914921621068186e+18,1.7914864562163305e+18
1791488760943730623,12.152,1.5325,894.075,60.38605502285366,0.0,48.637946235303495,12.155790825342805,1.7914921566788626e+18,1.791486459717534e+18
1791488761344283554,12.152,1.5325,1090.1,60.38840381404034,0.0,48.63886671471791,12.155826057210605,1.7914921513028012e+18,1.7914864631892833e+18
1791488761611077516,12.156,1.4975,49.9,60.39282665452163,0.0,48.640590874136215,12.155892399817825,1.7914921459795804e+18,1.7914864666309578e+18
1791488761811342287,12.152,1.5825,152.275,60.394500780061925,0.0,48.64126015913881,12.15591751170093,1.7914921407075722e+18,1.7914864700427768e+18
1791488762078538868,12.156,1.5475,464.7,60.39773372817914,0.0,48.64252524356672,12.155966005922688,1.7914921354928177e+18,1.7914864734215132e+18
1791488762345637997,12.16,1.5325,1418.15,60.40056683857941,0.0,48.643643174773025,12.156008502578691,1.791492130331701e+18,1.7914864767693007e+18
1791488762812962767,12.148,1.5475,1051.05,60.399892597227115,0.0,48.643392251017175,12.155998388958407,1.7914921252153964e+18,1.7914864800913725e+18
1791488763080052336,12.156,1.5175,1569.15,60.40021735008532,0.0,48.64354622718164,12.15600326025128,1.791492120130243e+18,1.7914864833956147e+18
1791488763480369085,12.156,1.5175,1511.85,60.4007433440858,0.0,48.64377474728498,12.156011150161287,1.7914921151499674e+18,1.7914864866369009e+18
1791488763880962131,12.156,1.5325,1337.0,60.401023825498946,0.0,48.64389573335926,12.156015357382485,1.7914921102541202e+18,1.7914864898278062e+18
1791488764081447845,12.152,1.5675,803.4,60.411311120183676,0.0,48.65919399476548,12.156169666802755,1.7914921054252175e+18,1.791486492980421e+18
1791488764348738659,12.16,1.5475,813.375,60.44797003455533,0.0,48.69626177580236,12.15671955051833,1.7914921007340874e+18,1.7914864960560305e+18
1791488764749582078,12.156,1.5175,843.8,60.47554349512898,0.0,48.719358028142835,12.157133152426935,1.7914920961389e+18,1.7914864990790065e+18
1791488764949952489,12.152,1.5325,936.65,60.501617252752,0.0,48.74074539330124,12.15752425879128,1.7914920916206364e+18,1.7914865020600417e+18
1791488765217046277,12.156,1.5675,1220.025,60.52971609830277,0.0,48.76337698615293,12.157945741474542,1.7914920871837012e+18,1.79148650499696e+18
1791488765617297342,12.156,1.5325,446.4,60.55275206885679,0.0,48.77667538049031,12.158291281032852,1.7914920828250058e+18,1.791486507891193e+18
1791488765884274222,12.156,1.4625,1362.3,60.57197578985868,0.0,48.78376468931276,12.15857963684788,1.7914920785245302e+18,1.7914865107540705e+18
1791488766084561319,12.152,1.5175,880.6,60.59373528281235,0.0,48.79754094009009,12.158906029242186,1.7914920742682788e+18,1.7914865135945344e+18
1791488766485478699,12.156,1.5175,1048.975,60.61387833309136,0.0,48.80603044702187,12.15920817499637,1.791492069967758e+18,1.7914865164678912e+18
1791488767086683535,12.16,1.5175,1562.8,60.63504995439416,0.0,48.815268372894884,12.159525749315913,1.7914920656718953e+18,1.791486519344445e+18
1791488767353665905,12.164,1.4625,1492.475,60.65637689068178,0.0,48.82449320613002,12.159845653360227,1.7914920614213837e+18,1.7914865221978632e+18
1791488767620612695,12.16,1.5475,1277.85,60.67813687969469,0.0,48.83525479519567,12.16017205319542,1.7914920572154235e+18,1.791486525028485e+18
1791488768021457699,12.16,1.5175,622.875,60.69669555170435,0.0,48.833966487975765,12.160450433275566,1.7914920530666516e+18,1.7914865278283597e+18
1791488768288571021,12.16,1.4975,262.45,60.716068031366504,0.0,48.83944899732002,12.160741020470498,1.7914920489662623e+18,1.7914865306025454e+18
1791488768422213036,12.156,1.4825,800.925,60.73416088992933,0.0,48.8444633730689,12.16101241334894,1.791492044909987e+18,1.7914865333529098e+18
1791488768555875540,12.16,1.4975,805.825,60.75383018313021,0.0,48.852502022840916,12.161307452746954,1.791492040933326e+18,1.7914865360579356e+18
1791488768956631867,12.16,1.5475,820.775,60.77446989228385,0.0,48.86306751710472,12.161617048384258,1.7914920370982863e+18,1.7914865386802565e+18
1791488769223971515,12.164,1.5175,866.4,60.79570991775881,0.0,48.8739549057594,12.161935648766383,1.7914920333241556e+18,1.791486541269543e+18
1791488769624070446,12.164,1.5175,1005.625,60.816545949618444,0.0,48.883896908006705,12.162248189244277,1.7914920296353882e+18,1.791486543810907e+18
1791488770091534999,12.16,1.4825,1430.5,60.83530854355658,0.0,48.89317337222352,12.162529628153349,1.7914920260099848e+18,1.791486546317682e+18
1791488770559267437,12.16,1.5325,1088.725,60.85457361046686,0.0,48.90084581164635,12.162818604157003,1.7914920224492355e+18,1.7914865487891174e+18
1791488771227113706,12.164,1.4975,45.725,60.87416335254649,0.0,48.90987962745462,12.163112450288198,1.791492018960864e+18,1.7914865512212142e+18
1791488771694325345,12.164,1.5325,139.525,60.89400744010959,0.0,48.91903831353637,12.163410111601644,1.7914920155386993e+18,1.7914865536173059e+18
1791488772095163525,12.16,1.5675,425.775,60.913329560222444,0.0,48.925948107263025,12.163699943403337,1.7914920122067722e+18,1.7914865559620554e+18
1791488772362444116,12.16,1.5325,1299.35,60.9321516381951,0.0,48.932740807379645,12.163982274572927,1.7914920089491996e+18,1.7914865582644111e+18
1791488772629745358,12.164,1.5675,688.5,60.95240436119113,0.0,48.93987163772229,12.164286065417867,1.791492005764182e+18,1.7914865605257047e+18
1791488773030415030,12.156,1.5675,462.725,60.97036866175687,0.0,48.94636926943431,12.164555529926353,1.791492002662131e+18,1.7914865627395438e+18
1791488773297497701,12.152,1.4975,1412.1,60.98583521864779,0.0,48.95329898779086,12.164787528279717,1.791491999644082e+18,1.7914865649044513e+18
1791488773764696838,12.156,1.4825,1032.575,61.001845835954164,0.0,48.96093021091733,12.165027687539313,1.791491996719198e+18,1.7914865670156667e+18
1791488774031791127,12.156,1.5325,1512.75,61.01911844339686,0.0,48.966790721185944,12.165286776650953,1.7914919938769516e+18,1.7914865690791316e+18
1791488774432579247,12.156,1.5325,1339.725,61.03848272267074,0.0,48.97157650602213,12.165577240840062,1.7914919911306967e+18,1.7914865710873976e+18
1791488774699880094,12.16,1.6325,811.7,61.05894368304622,0.0,48.97659242818373,12.165884155245694,1.7914919884788088e+18,1.79148657304109e+18
1791488774967024200,12.156,1.615,838.7,61.0765951730594,0.0,48.983255933298565,12.166148927595891,1.7914919858949783e+18,1.7914865749557993e+18
1791488775234214365,12.16,1.5975,921.1,61.095160730923794,0.0,48.98979352197602,12.166427410963857,1.7914919833867474e+18,1.7914865768269501e+18
1791488775634532634,12.16,1.4975,1172.55,61.112615168967324,0.0,48.99570324973319,12.16668922753451,1.7914919809634867e+18,1.7914865786490204e+18
1791488775901626112,12.16,1.5825,301.525,61.13559908848835,0.0,49.000859620790365,12.167033986327326,1.7914919786414605e+18,1.7914865804124452e+18
1791488776168937166,12.164,1.4975,920.175,61.18324170227986,0.0,49.01926627252527,12.167748625534198,1.7914919764789494e+18,1.7914865820852774e+18
1791488776569696921,12.168,1.5675,1169.75,61.22500263394738,0.0,49.03536982536297,12.168375039509211,1.791491974470542e+18,1.7914865836702436e+18
1791488776836828772,12.16,1.5175,292.975,61.260120720062,0.0,49.0489217773576,12.16890181080093,1.7914919725793539e+18,1.7914865851883866e+18
1791488777104079876,12.164,1.5325,894.075,61.29283958859514,0.0,49.06155147855006,12.169392593828928,1.791491970804386e+18,1.7914865866398702e+18
1791488777571176019,12.16,1.5175,1090.1,61.315757858194644,0.0,49.06946006113118,12.16973636787292,1.791491969132274e+18,1.791486588032086e+18
1791488778038741072,12.16,1.5325,49.9,61.33071965475982,0.0,49.078522782895895,12.169960794821398,1.7914919675479542e+18,1.7914865893730043e+18
1791488778439413227,12.164,1.5825,152.275,61.34891576179186,0.0,49.08457775261884,12.170233736426878,1.791491966062773e+18,1.7914865906560586e+18
1791488778706692198,12.164,1.5175,464.7,61.365563865719935,0.0,49.09402707300578,12.1704834579858,1.7914919647294853e+18,1.7914865918475046e+18
1791488779107555833,12.164,1.5325,1418.15,61.38263686392766,0.0,49.100542093333004,12.170739552958915,1.7914919635262638e+18,1.791486592961464e+18
1791488779307782017,12.168,1.5475,1051.05,61.40038249061121,0.0,49.110721614121566,12.171005737359168,1.7914919624180723e+18,1.7914865940188826e+18
1791488779574586106,12.172,1.5325,1569.15,61.42149533088111,0.0,49.1155870842176,12.171322429963217,1.7914919614106483e+18,1.791486595017018e+18
1791488779975221691,12.164,1.5475,1511.85,61.43820250996237,0.0,49.12304985653496,12.171573037649436,1.7914919606361114e+18,1.7914865958747105e+18
1791488780242490855,12.168,1.5475,1337.0,61.45551953857641,0.0,49.13351187658897,12.171832793078647,1.7914919599887235e+18,1.7914865966559242e+18
1791488780643345171,12.164,1.5325,803.4,61.47169577879064,0.0,49.14444279909284,12.17207543668186,1.791491959471203e+18,1.7914865973592975e+18
1791488781044177267,12.168,1.4825,813.375,61.487898421255096,0.0,49.153615022279745,12.172318476318827,1.7914919590805448e+18,1.7914865979866842e+18
1791488781244587288,12.168,1.5675,843.8,61.506033713855594,0.0,49.15820458840909,12.172590505707834,1.7914919587997007e+18,1.7914865985482028e+18
1791488781511369971,12.172,1.4975,936.65,61.52408053122777,0.0,49.16309274516424,12.172861207968417,1.7914919586366354e+18,1.7914865990392558e+18
1791488781911943955,12.168,1.5175,1220.025,61.54140409374778,0.0,49.16772054367257,12.173121061406217,1.7914919585826688e+18,1.7914865994655378e+18
1791488782312596520,12.172,1.5475,446.4,61.56034641020165,0.0,49.17169375909995,12.173405196153025,1.7914919586396746e+18,1.791486599826138e+18
1791488782512900153,12.164,1.4825,1362.3,61.57607930191711,0.0,49.17396169102549,12.173641189528757,1.7914919587858143e+18,1.7914866001332777e+18
1791488782713239660,12.168,1.4625,880.6,61.59154633836304,0.0,49.18114622723425,12.173873195075446,1.7914919590195064e+18,1.7914866003878787e+18
1791488782980406718,12.172,1.5325,1048.975,61.630853472051065,0.0,49.18860536555859,12.174462802080766,1.7914919594099292e+18,1.7914866005513185e+18
1791488783380768362,12.172,1.5325,1562.8,61.680204315517024,0.0,49.207482924411124,12.175203064732756,1.7914919599829312e+18,1.7914866006097073e+18
1791488783781076139,12.172,1.5475,1492.475,61.721054232342446,0.0,49.223075090196645,12.175815813485137,1.7914919607218609e+18,1.7914866005719483e+18
1791488784048263995,12.172,1.5675,1277.85,61.758941829095185,0.0,49.23754588788507,12.176384127436428,1.7914919615976637e+18,1.791486600455008e+18
1791488784449017511,12.168,1.5325,622.875,61.789880967923686,0.0,49.24935438352526,12.176848214518856,1.791491962596214e+18,1.791486600266934e+18
1791488784849844298,12.172,1.5475,262.45,61.818634211934736,0.0,49.26034558118645,12.177279513179021,1.7914919637064154e+18,1.7914866000142659e+18
1791488785250524258,12.164,1.5175,800.925,61.84222521047416,0.0,49.269358076180104,12.177633378157113,1.7914919649176376e+18,1.7914865997027354e+18
1791488785450673909,12.172,1.5325,805.825,61.866402945442516,0.0,49.27859531293466,12.177996044181638,1.7914919662324014e+18,1.791486599330175e+18
1791488785651042015,12.164,1.5325,820.775,61.88713401719979,0.0,49.286511367093496,12.178307010257997,1.79149196762677e+18,1.7914865989107507e+18
1791488785851393066,12.168,1.4625,866.4,61.9083808502381,0.0,49.29464095004018,12.178625712753572,1.791491969104499e+18,1.7914865984421942e+18
1791488786118664916,12.164,1.5325,1005.625,61.92661598398906,0.0,49.301605779407794,12.178899239759836,1.7914919706948797e+18,1.7914865979060849e+18
1791488786519628117,12.168,1.5175,1430.5,61.94509492276869,0.0,49.30866832719435,12.17917642384153,1.791491972432848e+18,1.7914865972812508e+18
1791488786720058780,12.172,1.5175,1088.725,61.96149349866547,0.0,49.3149344836078,12.179422402479982,1.7914919743079588e+18,1.7914865965729815e+18
1791488786920426732,12.172,1.5675,45.725,61.97802828248659,0.0,49.321241308692734,12.1796704242373,1.7914919763063793e+18,1.7914865957897682e+18
1791488787120904627,12.168,1.5175,139.525,61.98398463455345,0.0,49.331014107627766,12.179759769518302,1.7914919784050312e+18,1.791486594944214e+18
1791488787387766488,12.168,1.4975,425.775,62.00066196461629,0.0,49.35099581917277,12.180009929469245,1.791491980685482e+18,1.791486593987568e+18
1791488787788336840,12.176,1.4825,1299.35,62.01807248211593,0.0,49.36513740587881,12.18027108723174,1.7914919831385288e+18,1.791486592926329e+18
1791488788189132253,12.176,1.5675,688.5,62.035858381336546,0.0,49.38108276706156,12.180537875720049,1.7914919857534454e+18,1.791486591767256e+18
1791488788389599962,12.172,1.4325,462.725,62.05147552345745,0.0,49.39139175186292,12.180772132851862,1.7914919885038367e+18,1.7914865905255836e+18
1791488788590019600,12.172,1.5175,1412.1,62.06704643126229,0.0,49.39782048211841,12.181005696468935,1.7914919913544865e+18,1.7914865892231862e+18
1791488788857191951,12.176,1.5975,1032.575,62.085358695502386,0.0,49.40854553074888,12.181280380432536,1.791491994346017e+18,1.7914865878354258e+18
1791488789057656238,12.168,1.4975,1512.75,62.10061743315676,0.0,49.41778241818772,12.181509261497352,1.7914919974689508e+18,1.7914865863674977e+18
1791488789458022014,12.172,1.4825,1339.725,62.11666735975863,0.0,49.42771483258836,12.18175001039638,1.7914920007419087e+18,1.7914865848088008e+18
1791488789858599674,12.172,1.5175,811.7,62.13139687229381,0.0,49.43267160814825,12.181970953084408,1.7914920041595666e+18,1.7914865831624364e+18
1791488790259438898,12.176,1.5675,838.7,62.15040632650461,0.0,49.446241929256004,12.18225609489757,1.7914920077280146e+18,1.7914865814252905e+18
1791488790459841544,12.172,1.5475,921.1,62.16456829926213,0.0,49.449218291088954,12.182468524488932,1.7914920114085686e+18,1.7914865796197627e+18
1791488790660267763,12.176,1.4975,1172.55,62.18331728881579,0.0,49.463895950174035,12.182749759332237,1.7914920152355261e+18,1.7914865777251927e+18
1791488790860653941,12.168,1.5325,301.525,62.20110658167946,0.0,49.47937186937303,12.183016598725192,1.7914920192653443e+18,1.7914865757062272e+18
1791488791127837751,12.172,1.4975,920.175,62.215589962580346,0.0,49.48550272283241,12.183233849438706,1.7914920234768054e+18,1.791486573575813e+18
1791488791327987809,12.176,1.4975,1169.75,62.230796555013605,0.0,49.49169202559591,12.183461948325204,1.7914920278549356e+18,1.791486571343121e+18
1791488791728596970,12.176,1.5325,292.975,62.24664575521415,0.0,49.49965378919259,12.183699686328213,1.7914920323169544e+18,1.7914865690608845e+18
1791488792129111333,12.172,1.5475,894.075,62.26168331933713,0.0,49.496290430045946,12.183925249790057,1.7914920368675965e+18,1.7914865667260186e+18
1791488792530049917,12.172,1.5175,1090.1,62.276155145072416,0.0,49.502739161906234,12.184142327176087,1.7914920414930885e+18,1.7914865643470397e+18
1791488792730522650,12.176,1.5675,49.9,62.292341777309296,0.0,49.51119783055355,12.18438512665964,1.7914920461779717e+18,1.791486561933031e+18
1791488792997656960,12.172,1.5325,152.275,62.30589683879489,0.0,49.51254334882475,12.184588452581924,1.791492050930429e+18,1.7914865594787753e+18
1791488793397932562,12.176,1.5325,464.7,62.32133373556457,0.0,49.52045763964286,12.184820006033469,1.7914920557527337e+18,1.7914865569837988e+18
1791488793664804572,12.176,1.4975,1418.15,62.33556240001983,0.0,49.52501564473837,12.185033436000298,1.7914920606259986e+18,1.7914865544591158e+18
1791488794065489261,12.18,1.5175,1051.05,62.35303137314512,0.0,49.53892618636514,12.185295470597177,1.7914920655526904e+18,1.7914865519042665e+18
1791488794466415371,12.18,1.5325,1569.15,62.36774232777155,0.0,49.54058065328835,12.185516134916574,1.7914920705293514e+18,1.791486549320938e+18
1791488794733521511,12.176,1.5175,1511.85,62.38211787604711,0.0,49.54508239209288,12.185731768140707,1.7914920755437755e+18,1.7914865467161206e+18
1791488795134212392,12.172,1.5175,1337.0,62.39708864574422,0.0,49.54441561223597,12.185956329686164,1.7914920806141624e+18,1.791486544079129e+18
1791488795534475213,12.176,1.5675,803.4,62.41184995650129,0.0,49.55138494573384,12.18617774934752,1.7914920857461604e+18,1.7914865414064594e+18
1791488795801782770,12.176,1.5975,813.375,62.42681969923061,0.0,49.55788276673284,12.18640229548846,1.7914920909352568e+18,1.7914865387004024e+18
1791488796202584299,12.176,1.615,843.8,62.44367838655416,0.0,49.55847040510814,12.186655175798313,1.7914920961885443e+18,1.7914865359573796e+18
1791488796603317857,12.172,1.4975,936.65,62.45786809566936,0.0,49.56008226576883,12.18686802143504,1.7914921015027607e+18,1.7914865331789727e+18
1791488796870398705,12.172,1.5325,1220.025,62.47255732065999,0.0,49.56076412995985,12.1870883598099,1.791492106873048e+18,1.7914865303677112e+18
1791488797070751922,12.176,1.5325,446.4,62.486973855697975,0.0,49.563815734082965,12.18730460783547,1.7914921122839754e+18,1.7914865275329116e+18
1791488797270914569,12.172,1.4825,1362.3,62.499521781482386,0.0,49.56805733123568,12.187492826722236,1.7914921177322506e+18,1.7914865246763133e+18
1791488797671664394,12.172,1.5175,880.6,62.51334560599663,0.0,49.56605844363411,12.18770018408995,1.7914921232415928e+18,1.7914865217842076e+18
1791488798072217008,12.172,1.4625,1048.975,62.52609549168738,0.0,49.56707755818314,12.187891432375311,1.791492128814274e+18,1.791486518855043e+18
1791488798339228835,12.172,1.4825,1562.8,62.53875968709138,0.0,49.569043012183855,12.188081395306371,1.7914921344482796e+18,1.7914865158895017e+18
1791488798539611324,12.18,1.5325,1492.475,62.55399817142318,0.0,49.570776546129196,12.188309972571348,1.7914921401427318e+18,1.791486512888289e+18
1791488798940379027,12.18,1.5675,1277.85,62.56932162773845,0.0,49.574340788611686,12.188539824416077,1.7914921459095357e+18,1.791486509844884e+18
1791488799340906513,12.176,1.4825,622.875,62.62533339979391,0.0,49.59514219487758,12.189380000996909,1.7914921518335045e+18,1.7914865067133788e+18
1791488799607862969,12.18,1.5325,262.45,62.66974734955288,0.0,49.612186834646046,12.190046210243294,1.7914921578824684e+18,1.7914865035112643e+18
1791488799941980519,12.18,1.5325,800.925,62.709675160628315,0.0,49.62753511307351,12.190645127409425,1.7914921640519626e+18,1.7914865002408678e+18
1791488800276038283,12.172,1.5325,805.825,62.74426562032239,0.0,49.64085324230074,12.191163984304836,1.7914921703246323e+18,1.791486496912125e+18
1791488800476416682,12.176,1.4475,820.775,62.77614406971574,0.0,49.65313947440429,12.191642161045737,1.791492176687144e+18,1.7914864935323397e+18
1791488800676905507,12.172,1.4825,866.4,62.80508042489001,0.0,49.664260896225166,12.19207620637335,1.7914921831484933e+18,1.7914864900954179e+18
1791488800877312446,12.18,1.4825,1005.625,62.833014330607725,0.0,49.67499454166398,12.192495214959116,1.7914921896957391e+18,1.7914864866092892e+18
1791488801278045079,12.176,1.5475,1430.5,62.85786153150292,0.0,49.68451965852374,12.192867922972544,1.791492196344048e+18,1.791486483064862e+18
1791488801611561744,12.18,1.5175,1088.725,62.882946135980184,0.0,49.694154908613214,12.193244192039703,1.7914922031804803e+18,1.7914864794073887e+18
1791488801812045177,12.18,1.4975,45.725,62.90774332207158,0.0,49.70370055744368,12.193616149831074,1.7914922101632678e+18,1.791486475662347e+18
1791488802012497163,12.18,1.5475,139.525,62.93030155562187,0.0,49.71236715199032,12.193954523334328,1.7914922172752914e+18,1.7914864718400758e+18
1791488802413457405,12.18,1.5675,425.775,62.95268610357801,0.0,49.72095569891202,12.19429029155367,1.7914922245196152e+18,1.7914864679395814e+18
1791488802814275978,12.184,1.5475,1299.35,62.974548167926365,0.0,49.7293437936362,12.194618222518896,1.7914922318883197e+18,1.7914864639657536e+18
1791488803215095011,12.18,1.4625,688.5,62.994095207633755,0.0,49.73687738556138,12.194911428114507,1.7914922393792852e+18,1.7914864599195712e+18
1791488803548621948,12.176,1.4825,462.725,63.011475803550205,0.0,49.74357314633514,12.195172137053254,1.7914922469655923e+18,1.7914864558171407e+18
1791488803748899137,12.176,1.5475,1412.1,63.02861103504644,0.0,49.75015058282467,12.195429165525697,1.7914922546283564e+18,1.7914864516696456e+18
1791488803949282836,12.18,1.5325,1032.575,63.04456461107017,0.0,49.7562712802056,12.195668469166053,1.7914922623680525e+18,1.7914864474766118e+18
1791488804149569297,12.18,1.4825,1512.75,63.06072435145357,0.0,49.76248659460611,12.195910865271804,1.7914922701779405e+18,1.7914864432423255e+18
1791488804550486994,12.18,1.5325,1339.725,63.07686570884193,0.0,49.76868532441663,12.19615298563263,1.7914922780729329e+18,1.7914864389584207e+18
1791488804951390407,12.18,1.4825,811.7,63.09134329287914,0.0,49.77425506621116,12.196370149393188,1.791492286065256e+18,1.791486434616976e+18
1791488805352090166,12.18,1.5325,838.7,63.10548591249203,0.0,49.77968485366399,12.196582288687381,1.7914922941458017e+18,1.7914864302236465e+18
1791488805685779432,12.18,1.5475,921.1,63.11877979565563,0.0,49.78478617191713,12.196781696934835,1.7914923022934628e+18,1.7914864257911227e+18
1791488805886219619,12.176,1.4975,1172.55,63.13067558525995,0.0,49.789360862980885,12.1969601337789,1.7914923104935846e+18,1.7914864213276966e+18
1791488806086677765,12.18,1.4975,301.525,63.14393786280113,0.0,49.79446146554038,12.197159067942017,1.7914923187665876e+18,1.7914864168208714e+18
1791488806287154780,12.18,1.4625,920.175,63.154848127227666,0.0,49.79866638561683,12.197322721908415,1.7914923271032768e+18,1.7914864122759877e+18
1791488806487617625,12.18,1.5325,1169.75,63.16699096497595,0.0,49.803328546299376,12.19750486447464,1.7914923354957358e+18,1.7914864076982333e+18
1791488806821668679,12.176,1.5475,292.975,63.17907694368848,0.0,49.80796584529506,12.197686154155328,1.791492343970589e+18,1.7914864030716152e+18
1791488807021915858,12.176,1.4825,894.075,63.1876658255174,0.0,49.81127473903412,12.197814987382761,1.7914923525028014e+18,1.7914863984105185e+18
1791488807222289725,12.176,1.4975,1090.1,63.19640711799955,0.0,49.814639068965086,12.197946106769994,1.7914923612232192e+18,1.7914863936332667e+18
1791488807622572350,12.176,1.4825,49.9,63.20651564323467,0.0,49.81852989087822,12.19809773464852,1.7914923700901194e+18,1.791486388767147e+18
1791488808023257129,12.176,1.5175,152.275,63.215761563773015,0.0,49.82208869743587,12.198236423456596,1.7914923790793428e+18,1.791486383827129e+18
1791488808357264534,12.18,1.5475,464.7,63.2259487919474,0.0,49.826027233095886,12.198389231879212,1.7914923881794348e+18,1.7914863788202437e+18
1791488808557758893,12.18,1.5325,1418.15,63.23484413058778,0.0,49.854083500809125,12.198522661958817,1.7914923973589998e+18,1.7914863737652547e+18
1791488808758105872,12.184,1.5325,1051.05,63.25638221520113,0.0,49.89097666579677,12.198845733228017,1.7914924066608422e+18,1.7914863686378253e+18
1791488808958568594,12.184,1.5325,1569.15,63.27442616252125,0.0,49.91441991909982,12.19911639243782,1.7914924160675796e+18,1.7914863634481974e+18
1791488809159010728,12.18,1.4825,1511.85,63.28961308487668,0.0,49.93242636042912,12.19934419627315,1.79149242555957e+18,1.7914863582081362e+18
1791488809359176244,12.176,1.5325,1337.0,63.30590057091697,0.0,49.9542396995607,12.199588508563755,1.791492435140636e+18,1.7914863529154831e+18
1791488809559350454,12.18,1.5475,803.4,63.319723651170506,0.0,49.965391405432996,12.199795854767558,1.7914924447995236e+18,1.7914863475768287e+18
1791488809759820686,12.176,1.5175,813.375,63.332544586416944,0.0,49.9766123048504,12.199988168796255,1.7914924543293934e+18,1.7914863423211197e+18
1791488810160743029,12.18,1.4825,843.8,63.343487547122464,0.0,49.9798999138408,12.200152313206837,1.7914924638056532e+18,1.79148633710188e+18
1791488810561574770,12.176,1.5475,936.65,63.35878094370016,0.0,49.99844461606293,12.200381714155503,1.7914924732625912e+18,1.7914863318985306e+18
1791488810962492047,12.18,1.4975,1220.025,63.37314205100026,0.0,50.01342788682923,12.200597130765004,1.7914924827078362e+18,1.791486326706131e+18
1791488811162947611,12.18,1.5325,446.4,63.384176623878915,0.0,50.016153921386525,12.200762649358184,1.7914924921025823e+18,1.7914863215472924e+18
1791488811363171976,12.18,1.5475,1362.3,63.39545200116214,0.0,50.01981710897248,12.200931780017433,1.7914925015106058e+18,1.7914863163823245e+18
1791488811563614354,12.176,1.5175,880.6,63.407168824119694,0.0,50.029189840345346,12.201107532361796,1.791492510946155e+18,1.7914863112024e+18
1791488811763342017,12.184,1.4975,1048.975,63.419287558330446,0.0,50.03582888746779,12.201289313374957,1.7914925204073e+18,1.791486306008828e+18
1791488812097432697,12.18,1.5475,1562.8,63.43030701429528,0.0,50.03868491960295,12.20145460521443,1.7914925299064573e+18,1.7914863007943112e+18
1791488812297843775,12.184,1.4975,1492.475,63.444357409053815,0.0,50.054692860131254,12.201665361135808,1.7914925395323343e+18,1.7914862955036536e+18
1791488812698616593,12.18,1.4975,1277.85,63.457506203431976,0.0,50.071324258837194,12.20186259305148,1.7914925493443863e+18,1.7914862901003825e+18
1791488813099431853,12.184,1.4975,622.875,63.469063834765855,0.0,50.07680736266671,12.202035957521488,1.7914925593016374e+18,1.7914862846097613e+18
1791488813299686909,12.18,1.4825,262.45,63.480289357869275,0.0,50.087512064854614,12.20220434036804,1.79149256937734e+18,1.7914862790475077e+18
1791488813499830329,12.18,1.5675,800.925,63.491487555649655,0.0,50.09211694112747,12.202372313334745,1.7914925795546688e+18,1.791486273424114e+18
1791488813700001018,12.184,1.5675,805.825,63.50364864486346,0.0,50.09955803108272,12.202554729672952,1.7914925898709773e+18,1.791486267716543e+18
1791488814033977138,12.18,1.4625,820.775,63.51354480601481,0.0,50.101121831702265,12.202703172090223,1.7914926002611704e+18,1.7914862619656343e+18
1791488814234432291,12.18,1.4625,866.4,63.52365646126505,0.0,50.1068393476122,12.202854846918976,1.7914926107606203e+18,1.791486256148819e+18
1791488814635398164,12.184,1.5175,1005.625,63.534909560627256,0.0,50.11231671937051,12.20302364340941,1.7914926213908782e+18,1.791486250253802e+18
1791488814969360663,12.18,1.4625,1430.5,63.54483590970708,0.0,50.1141529122536,12.203172538645607,1.791492632130833e+18,1.7914862442932037e+18
1791488815169852237,12.18,1.4825,1088.725,63.555000498457275,0.0,50.11322726277035,12.20332500747686,1.791492642955921e+18,1.7914862382817644e+18
1791488815369976821,12.184,1.5175,45.725,63.565996613989945,0.0,50.119061230863316,12.20348994920985,1.7914926538722596e+18,1.7914862322158246e+18
1791488815570192136,12.184,1.5475,139.525,63.57723104868175,0.0,50.124655810493934,12.203658465730227,1.791492664873258e+18,1.7914862260995676e+18
1791488815770521447,12.18,1.5475,425.775,63.58771988693421,0.0,50.12762241471964,12.203815798304014,1.791492675960075e+18,1.7914862199321915e+18
1791488816171251756,12.18,1.5475,1299.35,63.598104768918844,0.0,50.13157606974915,12.203971571533783,1.791492687146643e+18,1.7914862137059581e+18
1791488816572060373,12.184,1.5675,688.5,63.60964172537947,0.0,50.13360714752693,12.204144625880692,1.7914926984419645e+18,1.791486207415534e+18
1791488816972959772,12.184,1.5675,462.725,63.6217557909083,0.0,50.13320447089569,12.204326336863625,1.7914927098765906e+18,1.7914862010420977e+18
1791488817173320064,12.18,1.4825,1412.1,63.63146931936668,0.0,50.13620705086013,12.2044720397905,1.7914927213797704e+18,1.7914861946282614e+18
1791488817506901951,12.18,1.5175,1032.575,63.64162989040342,0.0,50.138637734741465,12.204624448356052,1.7914927330424113e+18,1.7914861881181908e+18
1791488817707163705,12.184,1.5175,1512.75,63.6532798193054,0.0,50.137962395238674,12.204799197289582,1.7914927448197855e+18,1.7914861815393882e+18
1791488817907620467,12.184,1.4975,1339.725,63.664156066487806,0.0,50.13982283469424,12.204962340997318,1.791492756700024e+18,1.7914861748991273e+18
1791488818174878287,12.184,1.5825,811.7,63.67717161948952,0.0,50.13740404618003,12.205157574292343,1.791492768700055e+18,1.7914861681876388e+18
1791488818508937074,12.184,1.5175,838.7,63.688071477823954,0.0,50.13908591843597,12.20532107216736,1.7914927808121948e+18,1.7914861614096494e+18
1791488818909878780,12.18,1.5325,921.1,63.70073787985264,0.0,50.135015804504086,12.20551106819779,1.7914927930670313e+18,1.7914861545468398e+18
1791488819310539954,12.184,1.4975,1172.55,63.7157788185245,0.0,50.12910436932613,12.205736682277868,1.7914928054705075e+18,1.7914861475960205e+18
1791488819710932754,12.18,1.5475,301.525,63.72661601794703,0.0,50.12970471753423,12.205899240269206,1.791492818023014e+18,1.7914861405561644e+18
1791488820111434853,12.184,1.5175,920.175,63.739083532139624,0.0,50.12650620562404,12.206086252982095,1.7914928307190963e+18,1.7914861334310228e+18
1791488820311851936,12.184,1.4825,1169.75,63.751587749514336,0.0,50.12339284210778,12.206273816242716,1.7914928435514511e+18,1.7914861262242176e+18
1791488820512262979,12.18,1.4325,292.975,63.76252778155325,0.0,50.12015078344901,12.2064379167233,1.791492856504553e+18,1.7914861189451277e+18
1791488820712697045,12.188,1.4825,894.075,63.77442038559365,0.0,50.119348712665946,12.206616305783905,1.7914928695866107e+18,1.79148611158888e+18
1791488820913184186,12.188,1.4975,1090.1,63.78615205265546,0.0,50.11882903106866,12.206792280789832,1.791492882790689e+18,1.791486104159796e+18
1791488821247157091,12.18,1.5175,49.9,63.79582480068082,0.0,50.11952497742603,12.206937372010213,1.791492896152146e+18,1.7914860966361656e+18
1791488821447241921,12.184,1.4975,152.275,63.80603437038425,0.0,50.12016789593148,12.207090515555764,1.7914929096558684e+18,1.7914860890268908e+18
1791488821847987708,12.188,1.5475,464.7,63.81804627969692,0.0,50.11871761971606,12.207270694195454,1.7914929234535002e+18,1.791486081238999e+18
1791488822248799121,12.192,1.5825,1418.15,63.8304480210737,0.0,50.120255066972646,12.207456720316106,1.791492937507088e+18,1.7914860732962816e+18
1791488822649551208,12.184,1.5325,1051.05,63.87336233095218,0.0,50.136501980936764,12.208100434964283,1.7914929519207762e+18,1.7914860651403443e+18
1791488823050357735,12.184,1.5475,1569.15,63.910184450340985,0.0,50.15040885479545,12.208652766755115,1.7914929666293192e+18,1.7914860568106621e+18
1791488823384063802,12.188,1.4825,1511.85,63.940704154410675,0.0,50.1619626163302,12.20911056231616,1.791492981599656e+18,1.791486048326273e+18
1791488823584279533,12.184,1.5175,1337.0,63.968060175654735,0.0,50.17232024235142,12.209520902634821,1.7914929965851418e+18,1.7914860398393505e+18
1791488823784799196,12.184,1.5475,803.4,63.99397998437814,0.0,50.1820768366436,12.209909699765673,1.791493011741679e+18,1.791486031252685e+18
1791488823985121044,12.184,1.5475,813.375,64.01954587634184,0.0,50.1917549727886,12.210293188145128,1.7914930270456824e+18,1.7914860225809441e+18
1791488824385931748,12.184,1.5825,843.8,64.04321993080393,0.0,50.200705249710154,12.21064829896206,1.7914930425175473e+18,1.7914860138121413e+18
1791488824786876998,12.18,1.4825,936.65,64.06371551263096,0.0,50.20844737574907,12.210955732689465,1.7914930581408394e+18,1.7914860049559112e+18
1791488825120848686,12.188,1.615,1220.025,64.08620724389964,0.0,50.21693640822791,12.211293108658495,1.7914930739250703e+18,1.7914859960064845e+18
1791488825321032123,12.184,1.5475,446.4,64.10556249195898,0.0,50.224249371480866,12.211583437379385,1.7914930898361137e+18,1.791485986983794e+18
1791488825521119495,12.184,1.4975,1362.3,64.12432739897626,0.0,50.23134788466217,12.211864910984644,1.791493105865126e+18,1.7914859778932657e+18
1791488825921738838,12.188,1.4975,880.6,64.14250119058129,0.0,50.23822761344077,12.21213751785872,1.7914931220488502e+18,1.7914859687130394e+18
1791488826322631835,12.18,1.5675,1048.975,64.15955004161053,0.0,50.24465618591412,12.212393250624158,1.7914931383973798e+18,1.791485959436684e+18
1791488826656528839,12.188,1.5475,1562.8,64.17668155337219,0.0,50.25111007235336,12.212650223300583,1.791493154897545e+18,1.791485950072109e+18
1791488826923831273,12.188,1.4625,1492.475,64.19172772447672,0.0,50.25680394183532,12.212875915867151,1.7914931715440476e+18,1.7914859406218803e+18
1791488827124217678,12.184,1.5825,1277.85,64.20852844205204,0.0,50.2631597435484,12.213127926630781,1.7914931883238057e+18,1.7914859310942167e+18
1791488827326410205,12.188,1.4625,622.875,64.22298200769806,0.0,50.26863282298442,12.213344730115471,1.7914932052206856e+18,1.791485921498701e+18
1791488827526566277,12.188,1.5175,262.45,64.22371946354059,0.0,50.277507004344635,12.21335579195311,1.79149322219489e+18,1.791485911857089e+18
1791488827726991523,12.184,1.4825,800.925,64.23416937030876,0.0,50.303319172060306,12.213512540554632,1.79149323927326e+18,1.7914859021548588e+18
1791488828060989031,12.188,1.4975,805.825,64.24543047628796,0.0,50.32752215744407,12.21368145714432,1.7914932564930642e+18,1.7914858923698015e+18
1791488828461911927,12.184,1.5325,820.775,64.25474538106472,0.0,50.338042144440095,12.213821180715971,1.7914932738557427e+18,1.7914858825010022e+18
1791488828862676848,12.188,1.5825,866.4,64.26540191605736,0.0,50.349348857371275,12.21398102874086,1.791493291370864e+18,1.7914858725428739e+18
1791488829263457131,12.184,1.5175,1005.625,64.27495579044609,0.0,50.36276864587482,12.214124336856692,1.7914933090279122e+18,1.7914858625017533e+18
1791488829663690410,12.188,1.5325,1430.5,64.28492804311334,0.0,50.37217810670198,12.2142739206467,1.7914933268403666e+18,1.791485852369429e+18
1791488829864060449,12.184,1.4975,1088.725,64.29513617185766,0.0,50.388345291939146,12.214427042577865,1.791493344768691e+18,1.7914858421694781e+18
1791488830064463845,12.184,1.4975,45.725,64.30445532002975,0.0,50.39939482330917,12.214566829800447,1.7914933628322586e+18,1.7914858318897428e+18
1791488830398559362,12.188,1.4825,139.525,64.31657738554728,0.0,50.4220811766934,12.21474866078321,1.7914933811540838e+18,1.7914858214553252e+18
1791488830599027989,12.188,1.4975,425.775,64.32676439751441,0.0,50.433262900109014,12.214901465962717,1.7914933997278595e+18,1.7914858108690988e+18
1791488830933099559,12.188,1.5175,1299.35,64.33972761677227,0.0,50.45707065581561,12.215095914251584,1.791493418577965e+18,1.7914858001173699e+18
1791488831133455853,12.188,1.5475,688.5,64.3516247518107,0.0,50.47475936205726,12.215274371277161,1.7914934376990996e+18,1.7914857892025833e+18
1791488831333641059,12.188,1.5325,462.725,64.36300470451874,0.0,50.490467199893544,12.215445070567782,1.7914934571411569e+18,1.7914857780938045e+18
1791488831600452469,12.192,1.5325,1412.1,64.37445083770503,0.0,50.50347110505819,12.215616762565576,1.791493476864236e+18,1.791485766816243e+18
1791488831934530121,12.192,1.4625,1032.575,64.38569781013905,0.0,50.51803321249511,12.215785467152086,1.7914934968910556e+18,1.7914857553562383e+18
1791488832134920610,12.184,1.5975,1512.75,64.39626556940642,0.0,50.530732274760226,12.215943983541097,1.7914935172574986e+18,1.7914857436908024e+18
1791488832535630611,12.184,1.4625,1339.725,64.40636305810747,0.0,50.54667542816211,12.216095445871613,1.7914935378213617e+18,1.7914857319090877e+18
1791488832936409313,12.188,1.5675,811.7,64.41494300479957,0.0,50.54807853385181,12.216224145071994,1.791493558587412e+18,1.7914857200078523e+18
1791488833336938506,12.188,1.4975,838.7,64.42518105194539,0.0,50.561936448155706,12.216377715779181,1.7914935795658916e+18,1.7914857079812234e+18
1791488833670609460,12.188,1.5325,921.1,64.432279303287,0.0,50.54964807865007,12.216484189549305,1.7914936007239608e+18,1.7914856958485489e+18
1791488833870982392,12.188,1.4625,1172.55,64.43952437018234,0.0,50.54786828203346,12.216592865552736,1.7914936220851057e+18,1.7914856835946317e+18
1791488834071368406,12.188,1.4825,301.525,64.447093772603,0.0,50.546316484877956,12.216706406589045,1.7914936439179423e+18,1.791485671053374e+18
1791488834271821023,12.188,1.4975,920.175,64.45424320974391,0.0,50.541597539715426,12.216813648146159,1.791493666149876e+18,1.791485658269802e+18
1791488834672719314,12.188,1.5325,1169.75,64.46228665141709,0.0,50.54159189625148,12.216934299771257,1.791493688738424e+18,1.7914856452716068e+18
1791488835073578946,12.192,1.4825,292.975,64.47111336542994,0.0,50.54722390776206,12.21706670048145,1.79149371158682e+18,1.791485632118996e+18
1791488835473911775,12.192,1.5675,894.075,64.47978329473598,0.0,50.539832981680796,12.21719674942104,1.791493734700732e+18,1.7914856188085002e+18
1791488835807861875,12.188,1.5175,1090.1,64.48814994078586,0.0,50.54631004020887,12.217322249111788,1.7914937581042547e+18,1.7914856053248852e+18
1791488835941470344,12.192,1.4975,49.9,64.49647299579313,0.0,50.54024656972439,12.217447094936897,1.7914937817511025e+18,1.791485591695738e+18
1791488855708251925,12.188,1.5675,152.275,64.5049146147562,0.0,50.542766888267884,12.217573719221344,1.791493809402321e+18,1.7914855757053176e+18
1791488855975469237,12.188,1.4825,464.7,64.51256378931764,0.0,50.53839645553914,12.217688456839765,1.7914938373788278e+18,1.7914855595203581e+18
1791488856376297548,12.192,1.4825,1418.15,64.5578350250133,0.0,50.55592490779583,12.2183675253752,1.7914938659415196e+18,1.791485542990136e+18
1791488856576767522,12.188,1.5175,1051.05,64.59644146158358,0.0,50.570839839053264,12.218946621923754,1.791493895040795e+18,1.791485526142787e+18
1791488856777129424,12.188,1.5325,1569.15,64.60619937269973,0.0,50.57091872155325,12.219092990590497,1.7914939245039813e+18,1.7914855090778294e+18
1791488856977589885,12.192,1.5325,1511.85,64.61475324497903,0.0,50.57313031815051,12.219221298674686,1.7914939543327532e+18,1.791485491794086e+18
1791488857311416073,12.192,1.4625,1337.0,64.65748266762878,0.0,50.589484126930756,12.219862240014432,1.791493984777825e+18,1.7914854741465843e+18
1791488857511696873,12.192,1.5475,803.4,64.69326806875364,0.0,50.60321465037626,12.220399021031305,1.791494015788336e+18,1.7914854561644526e+18
1791488857711777797,12.192,1.4625,813.375,64.72563562571116,0.0,50.6156627773644,12.220884534385668,1.7914940473544146e+18,1.7914854378532326e+18
1791488857912045499,12.192,1.5175,843.8,64.75628867746907,0.0,50.62741757187544,12.221344330162037,1.7914940794848486e+18,1.7914854192073533e+18
1791488858112391244,12.192,1.4825,936.65,64.78348104330509,0.0,50.637813463851636,12.221752215649577,1.7914941121981588e+18,1.791485400214713e+18
1791488858513179172,12.192,1.5475,1220.025,64.80924602456588,0.0,50.647589583685885,12.222138690368489,1.791494145520113e+18,1.7914853808605873e+18
1791488858913975141,12.192,1.5825,446.4,64.83551406124433,0.0,50.6576211034992,12.222532710918665,1.7914941794766077e+18,1.7914853611293832e+18
1791488859247938900,12.188,1.5675,1362.3,64.85768660204529,0.0,50.66605017086886,12.22286529903068,1.7914942140447823e+18,1.7914853410340283e+18
1791488859448009828,12.192,1.5475,880.6,64.88068476995947,0.0,50.67482365855044,12.223210271549393,1.7914942492018614e+18,1.7914853205883681e+18
1791488859648218833,12.192,1.5175,1048.975,64.90235039431373,0.0,50.68311765045409,12.223535255914706,1.7914942849444006e+18,1.7914852997944655e+18
1791488859848578120,12.192,1.4475,1562.8,64.92275372384346,0.0,50.69095023687585,12.223841305857652,1.7914943213050094e+18,1.7914852786321219e+18
1791488860249349119,12.188,1.5475,1492.475,64.94399282689243,0.0,50.69907126263159,12.224159892403387,1.791494358336303e+18,1.7914852570707208e+18
1791488860650270732,12.196,1.4825,1277.85,64.96194666986854,0.0,50.70592083375748,12.224429200048029,1.7914943960399805e+18,1.7914852351085888e+18
1791488860984269969,12.188,1.5175,622.875,64.9794158606449,0.0,50.71260097145946,12.224691237909674,1.7914944344177723e+18,1.791485212744508e+18
1791488861251235307,12.192,1.4825,262.45,64.99695767181608,0.0,50.71930400309316,12.224954365077242,1.7914944734750784e+18,1.791485189975032e+18
1791488861651585179,12.192,1.4625,800.925,65.01365553286229,0.0,50.725691050977964,12.225204832992935,1.7914945132410831e+18,1.7914851667831928e+18
1791488861852043242,12.192,1.5175,805.825,65.02963825636394,0.0,50.73179743254296,12.22544457384546,1.791494554010106e+18,1.7914851429866988e+18
1791488862186054930,12.192,1.4825,820.775,65.04590433237101,0.0,50.73804891483126,12.225688564985566,1.7914945957497992e+18,1.7914851186068303e+18
1791488862386528877,12.192,1.4975,866.4,65.06154259173297,0.0,50.74402226858117,12.225923138875995,1.7914946383931415e+18,1.7914850936843197e+18
1791488862586980915,12.196,1.5675,1005.625,65.07817628183885,0.0,50.75034110001571,12.226172644227583,1.7914946819467497e+18,1.7914850682156984e+18
1791488862854267851,12.188,1.5825,1430.5,65.09267268534613,0.0,50.75585948384347,12.226390090280193,1.7914947264043423e+18,1.791485042205008e+18
1791488863188179687,12.192,1.5325,1088.725,65.10563681426189,0.0,50.76079676948807,12.226584552213929,1.7914947715599114e+18,1.7914850157794363e+18
1791488863588407756,12.188,1.5675,45.725,65.11821706403902,0.0,50.765576472271405,12.226773255960586,1.791494817598551e+18,1.7914849888258726e+18
1791488863989230947,12.196,1.4975,139.525,65.1326797294442,0.0,50.77110984016214,12.226990195941664,1.7914948645276844e+18,1.7914849613406065e+18
1791488864389911120,12.192,1.4475,425.775,65.14617700610552,0.0,50.776291434073066,12.227192655091583,1.7914949123599196e+18,1.791484933316115e+18
1791488864590362143,12.188,1.5325,1299.35,65.15768036979028,0.0,50.78068662014465,12.227365205546855,1.7914949610740477e+18,1.7914849047638958e+18
1791488864924465679,12.196,1.4825,688.5,65.17147238846006,0.0,50.78597266771568,12.227572085826901,1.7914950107076874e+18,1.7914848756628974e+18
1791488865191464013,12.192,1.5475,462.725,65.18390913337397,0.0,50.79072304173557,12.22775863700061,1.791495061258051e+18,1.791484846014327e+18
1791488865591857690,12.192,1.4325,1412.1,65.19555594307506,0.0,50.795209046113946,12.227933339146126,1.79149511277872e+18,1.7914848157862707e+18
1791488865859114573,12.192,1.5325,1032.575,65.2076045883492,0.0,50.799809137912895,12.228114068825239,1.7914951652697917e+18,1.7914847849785454e+18
1791488866259956480,12.192,1.5325,1512.75,65.21897684221966,0.0,50.80415121513256,12.228284652633295,1.7914952187985966e+18,1.7914847535507743e+18
1791488866527122773,12.192,1.4975,1339.725,65.23018652244774,0.0,50.80844446863443,12.228452797836717,1.7914952733639122e+18,1.7914847215032786e+18
1791488866794410477,12.184,1.5325,811.7,65.23979047500066,0.0,50.812116420649154,12.22859685712501,1.7914953289759112e+18,1.7914846888297684e+18
1791488867196033030,12.192,1.4625,838.7,65.2426266003992,0.0,50.814251251061215,12.228639399005989,1.7914953856392435e+18,1.7914846555267197e+18
1791488867462813932,12.192,1.4825,921.1,65.24974780018952,0.0,50.84365941546896,12.228746217002843,1.7914954433695199e+18,1.7914846215855165e+18
1791488867863284783,12.196,1.5175,1172.55,65.26601001761618,0.0,50.89818456283554,12.228990150264243,1.791495502347946e+18,1.7914845868993078e+18
1791488868130469248,12.196,1.4325,301.525,65.27929982017324,0.0,50.94023768684,12.229189497302599,1.791495562889995e+18,1.791484551273611e+18
1791488868531217551,12.196,1.5175,920.175,65.29157760779145,0.0,50.97051004737885,12.229373664116872,1.7914956250084513e+18,1.791484514701865e+18
1791488868798415978,12.192,1.4475,1169.75,65.30430492083707,0.0,51.01083382402743,12.229564573812556,1.7914956886333868e+18,1.7914844772269414e+18
1791488869199098615,12.192,1.5175,292.975,65.3175840244627,0.0,51.0499514521965,12.229763760366941,1.7914957538020288e+18,1.7914844388276872e+18
1791488869465892892,12.196,1.5475,894.075,65.33115402310345,0.0,51.08553320515675,12.229967310346552,1.7914958199363077e+18,1.7914843998581921e+18
1791488869866656119,12.192,1.5325,1090.1,65.34430005884089,0.08750000000000001,51.12231460808745,12.230164500882614,1.7914958871804508e+18,1.7914843602311828e+18
1791488870133855797,12.192,1.5675,49.9,65.35461357634202,0.08750000000000001,51.14414416760609,12.23031920364513,1.791495955629699e+18,1.79148431988724e+18
1791488870401097574,12.192,1.5675,152.275,65.36314445353813,0.08750000000000001,51.156025170491986,12.230447166803073,1.7914960254406162e+18,1.7914842787304911e+18
1791488870601585468,12.192,1.5975,464.7,65.37355730286107,0.08750000000000001,51.17827620382718,12.230603359542917,1.7914960963907791e+18,1.7914842368976527e+18
1791488871002514451,12.192,1.6325,1418.15,65.38474691982125,0.08750000000000001,51.20597642660327,12.23077120379732,1.7914961687275717e+18,1.7914841942396524e+18
1791488871269575149,12.192,1.65,1051.05,65.39331400371617,0.08750000000000001,51.21624420900998,12.230899710055743,1.791496243025364e+18,1.7914841504041846e+18
1791488871736457051,12.192,1.5325,1569.15,65.40197385533857,0.08750000000000001,51.23198639550804,12.231029607830079,1.7914963191462126e+18,1.7914841054779e+18
1791488872203942202,12.188,1.5675,1511.85,65.40660976946415,0.08750000000000001,51.223596877478556,12.231099146541963,1.791496397016126e+18,1.7914840595053906e+18
1791488872671682415,12.192,1.615,1337.0,65.41845994986426,0.08750000000000001,51.25441126312717,12.231276899247964,1.7914964767509202e+18,1.7914840124192028e+18
1791488872938937616,12.196,1.615,803.4,65.42681797213059,0.08750000000000001,51.26158317872872,12.23140226958196,1.7914965582521556e+18,1.7914839642778327e+18
1791488873339437513,12.196,1.5825,813.375,65.43803108149761,0.08750000000000001,51.28964019334639,12.231570466222465,1.7914966416983665e+18,1.7914839149748124e+18
1791488873606309423,12.192,1.5825,843.8,65.4462883439271,0.08750000000000001,51.30324377751161,12.231694325158907,1.7914967270406508e+18,1.7914838645387694e+18
1791488874007120471,12.196,1.5975,936.65,65.4529121235023,0.08750000000000001,51.299814747432485,12.231793681852535,1.791496814389722e+18,1.7914838129028367e+18
1791488874274313798,12.2,1.65,1220.025,65.45946327791543,0.08750000000000001,51.28253731378639,12.231891949168732,1.7914969036884895e+18,1.791483760102028e+18
1791488874675058830,12.2,1.7,446.4,65.46733092081895,0.08750000000000001,51.277842840651324,12.232009963812285,1.7914969950856328e+18,1.7914837060483067e+18
1791488874942325408,12.196,1.68,1362.3,65.47469216718981,0.08750000000000001,51.27549980409241,12.232120382507848,1.791497088613319e+18,1.7914836507220393e+18
1791488875409981987,12.196,1.6325,880.6,65.48334769043515,0.08750000000000001,51.28898281425911,12.232250215356528,1.7914971845310618e+18,1.7914835939676913e+18
1791488875676930744,12.196,1.6325,1048.975,65.49122714710462,0.08750000000000001,51.29532028035436,12.23236840720657,1.7914972828207386e+18,1.7914835357958454e+18
1791488876077689218,12.196,1.6325,1562.8,65.49837220143344,0.08750000000000001,51.28621835331623,12.232475583021502,1.7914973846939313e+18,1.7914834754695416e+18
1791488876344891003,12.196,1.615,1492.475,65.50580392002567,0.08750000000000001,51.29010820398738,12.232587058800386,1.7914974896397824e+18,1.7914834133006702e+18
1791488876612049889,12.192,1.68,1277.85,65.51277787338252,0.08750000000000001,51.28930444049214,12.232691668100738,1.7914975976008028e+18,1.7914833493257948e+18
1791488877079507732,12.196,1.5975,622.875,65.51958868730685,0.08750000000000001,51.28512913472882,12.232793830309603,1.791497708400635e+18,1.7914832836549542e+18
1791488877346500761,12.192,1.6325,262.45,65.52612166665581,0.08750000000000001,51.28382954066295,12.232891824999838,1.7914978221784218e+18,1.7914832162033024e+18
1791488877813815963,12.2,1.6325,800.925,65.5336230306679,0.08750000000000001,51.2745849722445,12.233004345460019,1.7914979392171197e+18,1.7914831468018248e+18
1791488878214606058,12.196,1.665,805.825,65.54119401510414,0.08750000000000001,51.27748446881252,12.233117910226563,1.7914980595626017e+18,1.791483075423286e+18
1791488878481831916,12.2,1.615,820.775,65.54861014916204,0.08750000000000001,51.268285980004514,12.233229152237431,1.7914981833488888e+18,1.791483001986923e+18
1791488878949416654,12.196,1.6325,866.4,65.55574945270801,0.08750000000000001,51.268983366718984,12.23333624179062,1.791498310894807e+18,1.791482926301459e+18
1791488879216508807,12.196,1.68,1005.625,65.56270097002015,0.08750000000000001,51.255290800479756,12.233440514550303,1.7914984422144015e+18,1.7914828483579523e+18
1791488879683657452,12.196,1.68,1430.5,65.57035864744967,0.08750000000000001,51.26080692159905,12.233555379711746,1.791498577575611e+18,1.7914827679977871e+18
1791488880284956545,12.196,1.5675,1088.725,65.5766388601217,0.08750000000000001,51.253117136037886,12.233649582901826,1.7914987172428137e+18,1.791482685062483e+18
1791488880485417591,12.196,1.7,45.725,65.58390055729784,0.08750000000000001,51.23789065303059,12.233758508359468,1.791498861248124e+18,1.791482599532161e+18
1791488880752600401,12.196,1.5975,139.525,65.59042620028914,0.08750000000000001,51.226696023029945,12.233856393004338,1.7914990097899773e+18,1.7914825112881083e+18
1791488881153410486,12.2,1.6325,425.775,65.59815610378321,0.08750000000000001,51.197377967087704,12.233972341556749,1.7914991631985364e+18,1.791482420133455e+18
1791488881353593316,12.196,1.715,1299.35,65.60583761358573,0.08750000000000001,51.182564483734126,12.234087564203787,1.7914993216003912e+18,1.7914823259921103e+18
1791488881620397652,12.192,1.68,688.5,65.61254044103235,0.08750000000000001,51.16997271718833,12.234188106615486,1.7914994852293386e+18,1.791482228722903e+18
1791488882021001734,12.2,1.4325,462.725,65.6193307862621,0.08750000000000001,51.149056172899655,12.234289961793932,1.791499654690215e+18,1.79148212796312e+18
1791488882288079016,12.196,1.5675,1412.1,65.62726873925249,0.08750000000000001,51.117467892595464,12.234409031088788,1.7914998300334374e+18,1.7914820236846973e+18
1791488882689013947,12.192,1.5975,1032.575,65.63396194233984,0.08750000000000001,51.09215488107358,12.234509429135098,1.7915000116297743e+18,1.7914819156654674e+18
1791488883089869303,12.192,1.5475,1512.75,65.63964016321431,0.08750000000000001,51.07913488096022,12.234594602448215,1.7915001998691466e+18,1.791481803671524e+18
1791488883290124174,12.192,1.5825,1339.725,65.64565179364901,0.08750000000000001,51.05508709339024,12.234684776904736,1.7915003949401923e+18,1.791481687589668e+18
1791488883557057290,12.192,1.5175,811.7,65.65117756513195,0.08750000000000001,51.022938774058574,12.23476766347698,1.7915005972050696e+18,1.7914815672040233e+18
1791488884158047638,12.196,1.5825,838.7,65.65694395234476,0.08750000000000001,50.998783048450655,12.234854159285172,1.7915008073444116e+18,1.791481442107842e+18
1791488884826048252,12.196,1.5325,921.1,65.6624569289364,0.08750000000000001,50.9635391409967,12.234936853934046,1.7915010258185508e+18,1.7914813120246515e+18
1791488885093078623,12.196,1.5675,1172.55,65.66824628115096,0.0,50.937247521786865,12.235023694217265,1.7915012530955046e+18,1.7914811766734254e+18
1791488885360061362,12.188,1.815,301.525,65.67467749034046,0.0,50.91889985813228,12.235120162355107,1.7915014895458762e+18,1.7914810358330816e+18
1791488885560943297,12.2,1.68,920.175,65.68135110609683,0.0,50.88903349200479,12.235220266591453,1.791501735601424e+18,1.791480889246055e+18
1791488885960418844,12.196,1.65,1169.75,65.6870712895609,0.0,50.866530934546475,12.235306069343414,1.7915019921080814e+18,1.7914807364056476e+18
1791488886227622177,12.192,1.75,292.975,65.73255439175662,0.0,50.88293030359025,12.23598831587635,1.791502260040195e+18,1.791480576751784e+18
1791488886494913841,12.192,1.8,894.075,65.77001145505692,0.0,50.89636300256321,12.236550171825854,1.7915025383953367e+18,1.791480410891451e+18
1791488887162911671,12.196,1.7,1090.1,65.80523922744474,0.0,50.9091722860713,12.237078588411672,1.7915028315454927e+18,1.791480236188627e+18
1791488887429742818,12.196,1.765,49.9,65.837514860283,0.0,50.920702260037736,12.237562722904245,1.7915031392474358e+18,1.7914800527922742e+18
1791488887830414555,12.192,2.0175,152.275,65.86952980044454,0.0,50.931966989450025,12.238042947006669,1.7915034627970332e+18,1.7914798599277903e+18
1791488888297922393,12.192,1.615,464.7,65.89680943015965,0.0,50.941903795150566,12.238452141452395,1.7915038031151421e+18,1.7914796570452406e+18
1791488888765569312,12.192,1.5175,1418.15,65.92096356201849,0.0,50.9507526742703,12.238814453430278,1.7915041611929756e+18,1.7914794435524265e+18
1791488889166389463,12.196,1.5975,1051.05,65.94614487283812,0.0,50.959885376940754,12.239192173092572,1.791504538253861e+18,1.7914792187190193e+18
1791488889366548218,12.196,1.665,1569.15,65.97050179929727,0.0,50.968640109113394,12.23955752698946,1.791504935509736e+18,1.7914789818212416e+18
1791488889833846646,12.196,1.65,1511.85,65.99367407223968,0.0,50.977005028212,12.239905111083596,1.7915053548249508e+18,1.7914787317450798e+18
1791488890034202147,12.2,1.665,1337.0,66.01651967698467,0.0,50.98526595043251,12.24024779515477,1.791505797534645e+18,1.7914784676931628e+18
1791488890301472132,12.2,1.615,803.4,66.03782323034717,0.0,50.99289032539749,12.240567348455208,1.791506265859207e+18,1.79147818833808e+18
1791488890769118684,12.196,1.68,813.375,66.05668775416756,0.0,50.999507159162256,12.240850316312514,1.7915067621762493e+18,1.7914778922583798e+18
1791488891169855951,12.196,1.6325,843.8,66.07661202016781,0.0,51.00668172768176,12.241149180302518,1.7915072886066186e+18,1.791477578190351e+18
1791488891436648709,12.2,1.615,936.65,66.09549026465287,0.0,51.01353152590554,12.241432353969794,1.7915078482593815e+18,1.791477244272514e+18
1791488891703528699,12.196,1.6325,1220.025,66.11213679215757,0.0,51.01947604828983,12.241682051882364,1.7915084439164987e+18,1.7914768888431813e+18
1791488891970724956,12.192,1.715,446.4,66.12955798894258,0.0,51.02567494479691,12.24194336983414,1.791509079203089e+18,1.7914765097363013e+18
1791488892371604808,12.196,1.7,1362.3,66.14658408137504,0.0,51.031692113905,12.242198761220626,1.7915097584467648e+18,1.7914761043670523e+18
1791488892638893911,12.196,1.7,880.6,66.16353455948334,0.0,51.03775936027363,12.24245301839225,1.7915104859403825e+18,1.791475670169016e+18
1791488892906169074,12.2,1.615,1048.975,66.17953501166656,0.0,51.04357400383199,12.242693025174999,1.7915112674267725e+18,1.7914752037098972e+18
1791488893373673374,12.192,1.68,1562.8,66.18077383777576,0.0,51.06297111314778,12.242711607566637,1.7915121076716856e+18,1.7914747021346803e+18
1791488893841139737,12.196,1.665,1492.475,66.18964845464612,0.0,51.11384214331694,12.242844726819692,1.7915130147781642e+18,1.791474160604981e+18
1791488894108434720,12.196,1.6325,1277.85,66.19556956028023,0.0,51.12808887162614,12.242933543404204,1.7915139953756055e+18,1.7914735751590487e+18
1791488894509365354,12.196,1.5675,622.875,66.20020167615985,0.0,51.114655851919295,12.243003025142398,1.7915150598483684e+18,1.7914729395889772e+18
1791488894776666461,12.196,1.665,262.45,66.20615240646184,0.0,51.088252384505424,12.243092286096928,1.7915162186829814e+18,1.79147224763008e+18
1791488895043948662,12.196,1.5825,800.925,66.2103211909117,0.0,51.071015757629674,12.243154817863676,1.7915174844547336e+18,1.7914714917663027e+18
1791488895511110331,12.196,1.615,805.825,66.21393847998667,0.0,51.0463925248034,12.2432090771998,1.7915188736416195e+18,1.791470662150834e+18
1791488895777950972,12.2,1.665,820.775,66.2177781837987,0.0,51.01801362451823,12.243266672756981,1.7915204042411272e+18,1.7914697480275446e+18
1791488895978420741,12.196,1.6325,866.4,66.22213546317239,0.0,51.0098602650422,12.243332031947586,1.7915221000770363e+18,1.7914687351569364e+18
1791488896178790322,12.2,1.65,1005.625,66.23068550487257,0.0,51.0372904882945,12.24346028257309,1.7915239901867983e+18,1.791467606189404e+18
1791488896579679306,12.2,1.68,1430.5,66.23521088436321,0.0,51.02154019334918,12.243528163265449,1.791526113789547e+18,1.7914663376753526e+18
1791488896780137734,12.2,1.7,1088.725,66.24340244284221,0.0,51.04319899202611,12.243651036642634,1.791528520455708e+18,1.7914648999828193e+18
1791488897047420989,12.2,1.5825,45.725,66.24988453631977,0.0,51.0554745382205,12.243748268044797,1.7915312816636562e+18,1.7914632503615652e+18
1791488897447865686,12.196,1.5975,139.525,66.25699246459465,0.0,51.07753280025422,12.24385488696892,1.7915344756069422e+18,1.7914613420886203e+18
1791488897714934479,12.204,1.665,425.775,66.26305152541194,0.0,51.07531447457746,12.24394577288118,1.7915382108658394e+18,1.7914591102649782e+18
1791488898115885464,12.196,1.665,1299.35,66.27112840783158,0.0,51.10219334412573,12.244066926117474,1.7915426340808878e+18,1.7914564672576712e+18
1791488898382975231,12.2,1.6325,688.5,66.27809463204892,0.0,51.115326976443086,12.244171419480734,1.7915479449735465e+18,1.791453293702635e+18
1791488898783697378,12.2,1.6325,462.725,66.28330219539278,0.0,51.11336033506194,12.244249532930892,1.7915544450648118e+18,1.7914494093812695e+18
1791488899184583009,12.2,1.6325,1412.1,66.29065415553544,0.0,51.13039943939279,12.244359812333032,1.7915625907359557e+18,1.7914445415165545e+18
1791488899451568054,12.2,1.665,1032.575,66.30412510535442,0.0,51.198560264244634,12.244561876580317,1.7915731010652836e+18,1.7914382603419896e+18
1791488899851854163,12.2,1.68,1512.75,66.31777886939605,0.0,51.26705415955441,12.244766683040941,1.7915871892334707e+18,1.7914298407569733e+18
1791488900119007462,12.196,1.615,1339.725,66.33349627534015,0.0,51.36292597670603,12.245002444130103,1.7916070709852076e+18,1.7914179584471757e+18
1791488900519839176,12.2,1.68,811.7,66.34488106744665,0.0,51.41214482531743,12.2451732160117,1.7916370406886492e+18,1.791400046861235e+18
1791488900786971206,12.204,1.615,838.7,66.3535557470466,0.0,51.43747772153321,12.2453033362057,1.7916874695586442e+18,1.7913699073318833e+18
1791488901187829054,12.196,1.5975,921.1,66.37727810899223,0.0,51.60256106826194,12.245659171634884,1.7917906057003026e+18,1.7913082660349612e+18
1791488901454677557,12.204,1.665,1172.55,66.38980296668188,0.0,51.65991285935192,12.245847044500229,1.792118684588712e+18,1.7911121821101496e+18
1791488901721860019,12.2,1.5825,301.525,66.403569867388,0.0,51.739634807552065,12.24605354801082,1.784523826735915e+18,1.795651438044355e+18
1791488901922121859,12.196,1.7,920.175,66.4073717164162,0.0,51.72680146804018,12.246110575746243,1.7909561768974513e+18,1.7918069849261832e+18
1791488902389832968,12.2,1.5475,1169.75,66.41678517831251,0.0,51.77331927456435,12.246251777674688,1.7912122670390124e+18,1.7916539268689487e+18
1791488902857571119,12.2,1.6325,292.975,66.41929501791739,0.0,51.746634230035255,12.246289425268762,1.7913022131450337e+18,1.791600168972151e+18
1791488903124880981,12.2,1.5975,894.075,66.41747640728606,0.0,51.67959451162808,12.246262146109292,1.7913480506368125e+18,1.7915727737093773e+18
1791488903525104653,12.2,1.65,1090.1,66.4102804639436,0.0,51.55615726009039,12.246154206959154,1.7913758224727332e+18,1.7915561758568986e+18
1791488903792363839,12.204,1.65,49.9,66.4113157187954,0.0,51.50924737631791,12.246169735781931,1.7913944835035067e+18,1.791545023312229e+18
1791488904193156949,12.2,1.6325,152.275,66.4162858909449,0.0,51.50803973863156,12.246244288364174,1.7914078835566308e+18,1.7915370151052892e+18
1791488904460462129,12.2,1.5975,464.7,66.42509572333455,0.0,51.54658961881503,12.246376435850019,1.791417967346562e+18,1.7915309889235113e+18
1791488904861367857,12.2,1.65,1418.15,66.43653186127496,0.0,51.60695329452458,12.246547977919125,1.791425840672555e+18,1.7915262838671032e+18
1791488905128625119,12.196,1.65,1051.05,66.42104666949105,0.0,51.41154686283567,12.246315700042366,1.7914321353500342e+18,1.791522522354223e+18
1791488905328745365,12.2,1.6325,1569.15,66.39769647062006,0.0,51.13594372103886,12.245965447059302,1.7914372771999516e+18,1.7915194498815242e+18
1791488905729239445,12.2,1.6325,1511.85,32.72223669580592,0.0,-206.82274419048176,11.848111313741283,1.7914134779072934e+18,1.79153373195317e+18
1791488906130150127,12.2,1.615,1337.0,33.25291597937397,0.0,-202.35984905005736,11.855540823711236,1.7913509832871142e+18,1.791571234657384e+18
1791488906397388312,12.2,1.615,803.4,33.828684906151516,0.0,-197.42839639709334,11.863601588686121,1.7907555077716152e+18,1.7919285739740383e+18
1791488906597824720,12.204,1.665,813.375,35.022044816841756,0.0,-186.84867082804888,11.880308627435785,1.791724125613318e+18,1.7913473149663928e+18
1791488906998563210,12.204,1.65,843.8,35.36432039203551,0.0,-183.99333873775632,11.885100485488497,1.791590929655973e+18,1.791427245184381e+18
1791488907265616362,12.204,1.68,936.65,35.80339260289802,0.0,-180.23561711100382,11.891247496440572,1.791554446626255e+18,1.791449138673116e+18
1791488907665942627,12.204,1.615,1220.025,35.73483173356534,0.0,-181.0950733230099,11.890287644269915,1.791537111101499e+18,1.791459542095829e+18
1791488908133584173,12.204,1.65,446.4,36.118003717098404,0.0,-177.83211513755919,11.895652052039377,1.791527136411929e+18,1.7914655283006024e+18
1791488908400853753,12.2,1.7,1362.3,36.1089720102374,0.0,-178.10663801317884,11.895525608143323,1.7915205699160586e+18,1.7914694693176707e+18
1791488908801796279,12.204,1.665,880.6,36.66916339669303,0.0,-173.19659732181375,11.903368287553702,1.7915160171834816e+18,1.79147220181286e+18
1791488909068966170,12.204,1.665,1048.975,37.16493613516552,0.0,-168.87607184816693,11.910309105892317,1.7915126719894205e+18,1.791474209617277e+18
1791488909335943851,12.2,1.75,1562.8,37.231068315999764,0.0,-168.42975886715254,11.911234956423996,1.7915100651166894e+18,1.791475774393972e+18
1791488909536078106,12.2,1.7,1492.475,37.49151190410714,0.0,-166.2251541528332,11.9148811666575,1.791507994409744e+18,1.7914770174098588e+18
1791488909803115494,12.2,1.6325,1277.85,37.618060145913105,0.0,-165.25183346349417,11.916652842042783,1.7915062999258609e+18,1.7914780346701292e+18
1791488910270750085,12.204,1.5975,622.875,37.66437303526051,0.0,-165.01538310320956,11.917301222493647,1.7915048810002547e+18,1.7914788866055644e+18
1791488910671643672,12.204,1.715,262.45,37.87859116498036,0.0,-163.212226580699,11.920300276309725,1.7915036850668874e+18,1.7914796047272448e+18
1791488910938737479,12.2,1.665,800.925,38.12898609959558,0.0,-161.07989045106834,11.923805805394338,1.7915026683635955e+18,1.7914802152444833e+18
1791488911139186281,12.204,1.615,805.825,38.5147989150154,0.0,-157.72422968961112,11.929207184810215,1.7915017990639823e+18,1.7914807372567048e+18
1791488911406020283,12.204,1.5975,820.775,38.752576810292496,0.0,-155.72181018777135,11.932536075344094,1.7915010418202066e+18,1.7914811920071242e+18
1791488911873416351,12.2,1.5825,866.4,38.99819799401967,0.0,-153.64174037466896,11.935974771916275,1.791500375763309e+18,1.7914815920349238e+18
1791488912340967177,12.2,1.615,1005.625,39.29728710868076,0.0,-151.06875448434724,11.94016201952153,1.7914997869468966e+18,1.7914819457068687e+18
1791488912741812305,12.2,1.6325,1430.5,39.503643326694196,0.0,-149.3247844817705,11.943051006573718,1.7914992605665882e+18,1.7914822619128502e+18
1791488913009070810,12.204,1.5825,1088.725,39.67745682257191,0.0,-147.89302631438227,11.945484395516006,1.7914987866738232e+18,1.791482546623913e+18
1791488913276135738,12.204,1.8,45.725,39.95647661087908,0.0,-145.46525324144966,11.949390672552306,1.791498360237583e+18,1.7914828028498755e+18
1791488913476182787,12.2,1.6325,139.525,40.16448027169744,0.0,-144.13579434722644,11.951644802716974,1.7914979733057382e+18,1.7914830353658486e+18
1791488913876662083,12.2,1.665,425.775,40.87654632322972,0.0,-139.62850966832468,11.958765463232297,1.7914976300479393e+18,1.7914832416359982e+18
1791488914143929408,12.196,1.7,1299.35,41.13376555564243,0.0,-138.06322045827895,11.961337655556424,1.7914973159537528e+18,1.7914834304114424e+18
1791488914344336824,12.196,1.75,688.5,41.39000453532441,0.0,-136.49978715587525,11.963900045353244,1.7914970279375506e+18,1.7914836035323387e+18
1791488914745261088,12.2,1.68,462.725,41.44175600981347,0.0,-136.26931457200752,11.964417560098134,1.7914967595043476e+18,1.7914837649168346e+18
1791488915012527264,12.204,1.715,1412.1,41.91019253072679,0.0,-133.33939136098041,11.969101925307267,1.7914965148345364e+18,1.7914839120274376e+18
1791488915279665422,12.2,1.815,1032.575,42.41743187668334,0.0,-130.13772453523853,11.974174318766833,1.791496291885623e+18,1.791484046082365e+18
1791488915546461104,12.2,1.7,1512.75,42.538060555922925,0.0,-129.45448805915578,11.975380605559229,1.7914960830501455e+18,1.791484171677339e+18
1791488915746914321,12.188,1.73,1339.725,42.93052930423605,0.0,-126.99669161984744,11.97930529304236,1.7914958905861921e+18,1.791484287433839e+18
1791488916214519853,12.2,1.75,811.7,43.09866363670781,0.0,-125.99580301985694,11.980986636367078,1.7914957098226327e+18,1.7914843961784568e+18
1791488916481833929,12.196,1.73,838.7,43.40590242173521,0.0,-124.09883304038003,11.984059024217352,1.7914955416896282e+18,1.7914844973333527e+18
1791488916882586182,12.192,1.78,921.1,43.918224867613006,0.0,-120.86156847646774,11.98918224867613,1.7914953863306941e+18,1.7914845908306417e+18
1791488917149816110,12.2,1.665,1172.55,44.14225158887985,0.0,-119.517316683934,11.991422515888798,1.7914952398359647e+18,1.7914846790255094e+18
1791488917416656648,12.204,1.5975,301.525,44.19439527580584,0.0,-119.29056719918042,11.991943952758058,1.7914950998324513e+18,1.791484763350017e+18
1791488917817101116,12.2,1.615,920.175,44.29409476537359,0.0,-118.74828732501997,11.992940947653736,1.791494966287922e+18,1.7914848438204086e+18
1791488918017576212,12.2,1.615,1169.75,44.39537559681338,0.0,-118.19598732987323,11.993953755968134,1.791494838994407e+18,1.7914849205531617e+18
1791488918284813503,12.2,1.5825,292.975,44.520997561327825,0.0,-117.49242185393435,11.995209975613278,1.7914947182574894e+18,1.7914849933419725e+18
1791488918552070853,12.204,1.68,894.075,44.66984802683979,0.0,-116.6324911361806,11.996698480268398,1.7914946037073244e+18,1.791485062411648e+18
1791488918752533251,12.204,1.6325,1090.1,44.90883838424178,0.0,-115.19108550806547,11.999088383842418,1.7914944956579046e+18,1.7914851275687388e+18
1791488919153450924,12.208,1.65,49.9,44.95897569586063,0.0,-114.96781013592827,11.999589756958606,1.7914943919544164e+18,1.7914851901242378e+18
1791488919420306617,12.204,1.615,152.275,44.988436044221274,0.0,-114.8692599796516,11.999884360442213,1.791494292249982e+18,1.7914852502853778e+18
1791488919620530616,12.208,1.5825,464.7,45.05040855319489,0.0,-114.57716249935112,12.000504085531949,1.791494196547001e+18,1.791485308049548e+18
1791488920021372727,12.204,1.665,1418.15,44.90786113304466,0.0,-115.58741469504605,11.999078611330447,1.7914941030327373e+18,1.7914853645201539e+18
1791488920422182696,12.204,1.615,1051.05,44.94773068043443,0.0,-115.42717950907245,11.999477306804344,1.7914940129830147e+18,1.7914854189164321e+18
1791488920689475644,12.204,1.7,1569.15,44.93355262315102,0.0,-115.60329542704308,11.99933552623151,1.791493925858006e+18,1.7914854715661903e+18
1791488921090414422,12.204,1.7,1511.85,45.061261138715274,0.0,-114.86207681021868,12.000612611387153,1.7914938424057907e+18,1.7914855220126397e+18
1791488921357356610,12.196,1.5975,1337.0,45.22912188089386,0.0,-113.86854304677051,12.002291218808939,1.7914937627128883e+18,1.7914855701999995e+18
1791488921757943764,12.204,1.6325,803.4,45.37916477269792,0.0,-112.98737617383824,12.00379164772698,1.7914936864541373e+18,1.7914856163223053e+18
1791488922025218578,12.204,1.6325,813.375,45.498407065954424,0.0,-112.30611372034075,12.004984070659544,1.79149361322725e+18,1.7914856606255148e+18
1791488922225633424,12.204,1.5975,843.8,45.06014521069808,0.0,-115.23270809117253,12.00060145210698,1.7914935396009715e+18,1.7914857052019008e+18
1791488922626475137,12.208,1.6325,936.65,45.09325560968385,0.0,-115.12365820878105,12.000932556096839,1.7914934683176566e+18,1.791485748379357e+18
1791488923094149573,12.2,1.5975,1220.025,44.78948090595097,0.0,-117.18348637091619,11.99789480905951,1.7914933973198958e+18,1.791485791416253e+18
1791488923494548795,12.204,1.615,446.4,44.681394325275726,0.0,-117.973881059189,11.996813943252757,1.7914933277606996e+18,1.7914858336065638e+18
1791488923761438919,12.204,1.615,1362.3,44.56998709836676,0.0,-118.79061820113212,11.995699870983668,1.7914932597149558e+18,1.791485874898497e+18
1791488924229041098,12.2,1.665,880.6,44.62764645355176,0.0,-118.49838075416994,11.996276464535518,1.791493193972603e+18,1.7914859148085466e+18
1791488924629981614,12.196,1.78,1048.975,44.84471024188597,0.0,-117.15748794528182,11.99844710241886,1.791493131136892e+18,1.7914859529698675e+18
1791488924763622662,12.2,1.715,1562.8,45.11355009626062,0.0,-115.48583679640362,12.001135500962606,1.7914930714578465e+18,1.791485989221475e+18
1791488924897259256,12.2,1.5675,1492.475,45.247106626922104,0.0,-114.72061374054697,12.002471066269221,1.7914930140554115e+18,1.7914860241030487e+18
1791488925364698118,12.204,1.5475,1277.85,45.38592466942901,0.0,-113.91959721080653,12.00385924669429,1.7914929587444127e+18,1.7914860577295022e+18
1791488925765233217,12.204,1.5825,622.875,45.5095703258787,0.0,-113.20268802873524,12.005095703258787,1.7914929054058593e+18,1.7914860901704087e+18
1791488926032404528,12.2,1.5825,262.45,45.66777797020822,0.0,-112.2698145852919,12.006677779702082,1.7914928541404242e+18,1.7914861213612278e+18
1791488926500068382,12.2,1.5175,800.925,45.835211301346725,0.0,-111.27996171165931,12.008352113013467,1.7914928048399068e+18,1.791486151368625e+18
1791488926767253269,12.2,1.5675,805.825,45.88211997124235,0.0,-111.06389943035674,12.008821199712424,1.791492756955803e+18,1.7914861805260262e+18
1791488927034525541,12.204,1.5675,820.775,46.1605830665914,0.0,-109.35224881063407,12.011605830665914,1.7914927113786186e+18,1.7914862082861883e+18
1791488927434966945,12.204,1.5175,866.4,46.39344642773567,0.0,-107.95134664216125,12.013934464277357,1.7914926677846623e+18,1.7914862348471603e+18
1791488927701903856,12.204,1.5325,1005.625,46.51856474280192,0.0,-107.23766139883637,12.01518564742802,1.7914926256565476e+18,1.791486260525737e+18
1791488927968976498,12.2,1.5325,1430.5,46.7312512441826,0.0,-105.95166449613976,12.017312512441826,1.7914925852645197e+18,1.7914862851552463e+18
1791488928436426889,12.204,1.4475,1088.725,47.1040280631247,0.0,-103.65270662277626,12.021040280631247,1.7914925471104643e+18,1.791486308426882e+18
1791488928703608967,12.152,2.665,45.725,53.32501939099591,0.0,-63.76610280301501,12.08325019390996,1.791492533383004e+18,1.791486316676057e+18
1791488929104524188,12.172,2.0325,139.525,54.159341629659444,0.0,-58.43307868613374,12.091593416296595,1.7914925229729905e+18,1.791486322887166e+18
1791488929371487558,12.152,2.665,425.775,57.25370448736043,0.0,-38.62452590446724,12.122537044873605,1.7914925244336092e+18,1.791486321787632e+18
1791488929838923292,11.58,14.0325,1299.35,66.9592459524988,0.0,45.42919048567136,12.254388689287483,1.7914925634501996e+18,1.7914862975350336e+18
1791488930106041114,11.224,22.3825,688.5,67.0152843665865,0.0,45.91083505011814,12.255229265498798,1.7914926036173322e+18,1.7914862725508943e+18
1791488930373272453,11.204,22.35,462.725,67.07614587338671,0.0,46.428971133773175,12.256142188100801,1.791492644974361e+18,1.7914862468113405e+18
1791488930840925852,10.956,26.2175,1412.1,67.2148997155402,0.0,47.68515723366652,12.258223495733104,1.7914926879197343e+18,1.7914862200698588e+18
1791488931308582817,10.86,28.1825,1032.575,67.28775886776819,4.8475,48.308845595767,12.259316383016523,1.7914927319846385e+18,1.7914861926267948e+18
1791488931709017667,10.74,29.765,1512.75,67.37335322725863,4.8475,49.04671558297783,12.26060029840888,1.7914927773349998e+18,1.791486164375629e+18
1791488932176459643,10.632,31.8475,1339.725,67.43367151041926,4.8475,49.5486805464249,12.26150507265629,1.791492823963622e+18,1.791486135318353e+18
1791488932577339844,10.556,34.1175,811.7,67.45051405069857,7.8925,49.64863374375531,12.26175771076048,1.7914928716948398e+18,1.7914861055636892e+18
1791488932844575485,10.48,33.95,838.7,67.51191476484719,7.8925,50.158633446599694,12.262678721472708,1.791492920775082e+18,1.7914860749577336e+18
1791488933245281193,10.344,36.815,921.1,67.55736299415018,10.045,50.50709295147459,12.263360444912253,1.7914929712453747e+18,1.7914860434728433e+18
1791488933512123171,10.208,40.0,1172.55,67.58129472791879,10.045,50.6628983847118,12.263719420918783,1.7914930230373192e+18,1.791486011150326e+18
1791488933712396531,10.072,42.715,301.525,67.59982371358358,12.18,50.77396347413085,12.263997355703754,1.791493076170993e+18,1.7914859779767004e+18
1791488934113216944,10.108,41.78,920.175,67.61871822316421,14.1225,50.89157383268323,12.264280773347464,1.7914931307829842e+18,1.7914859438648934e+18
1791488934313575002,10.02,44.3975,1169.75,67.62042203370646,14.1225,50.84844053022013,12.264306330505597,1.791493186769369e+18,1.7914859088798308e+18
1791488934580776728,10.032,42.85,292.975,67.64295265474914,14.8575,50.992168875047824,12.264644289821238,1.7914932443569085e+18,1.7914858728782193e+18
1791488934981681326,10.016,44.05,894.075,67.64835557422735,15.4525,51.00008053405929,12.264725333613411,1.791493303603379e+18,1.7914858358209672e+18
1791488935182140777,9.924,45.05,1090.1,67.66551961742447,15.977500000000001,51.09968001216508,12.264982794261368,1.7914933648414198e+18,1.791485797491776e+18
1791488935449000377,9.956,45.015,49.9,67.67239258416942,15.977500000000001,51.11949975221341,12.265085888762542,1.7914934280708347e+18,1.7914857578910536e+18
1791488935849350634,9.904,46.115,152.275,67.67839328625989,16.502499999999998,51.12875391410394,12.265175899293899,1.791493493388293e+18,1.7914857169580303e+18
1791488936316881375,9.876,46.8025,464.7,67.68287154572994,16.974999999999998,51.12413367229814,12.26524307318595,1.791493560924589e+18,1.791485674608913e+18
1791488936784515089,9.84,46.515,1418.15,67.69754098391287,17.412499999999998,51.204264439988386,12.265463114758694,1.791493632408213e+18,1.7914856296475507e+18
1791488937051843055,9.9,46.7825,1051.05,67.69759797328206,17.412499999999998,51.1601538028295,12.265463969599232,1.7914937060129257e+18,1.7914855833335306e+18
1791488937318974913,9.82,47.5975,1569.15,67.70408338271585,17.8325,51.17711084572041,12.265561250740738,1.791493781855601e+18,1.7914855355936138e+18
1791488937719117659,9.912,45.9175,1511.85,67.70958155452192,18.235,51.18387586018317,12.26564372331783,1.7914938600648305e+18,1.791485486346168e+18
1791488937919493173,9.892,46.3825,1337.0,67.71453830658423,18.655,51.185258097926486,12.265718074598764,1.7914939406693832e+18,1.7914854355728812e+18
1791488938186796857,9.94,44.615,803.4,67.72539029983207,19.127499999999998,51.23592681775467,12.265880854497482,1.7914940238464156e+18,1.7914853831618028e+18
1791488938587431307,10.016,43.4825,813.375,67.7332577193843,19.5125,51.261538963803645,12.265998865790765,1.7914941097532472e+18,1.7914853290123459e+18
1791488938854664833,10.084,41.465,843.8,67.74407128850946,19.88,51.31876650650048,12.266161069327643,1.7914941985015299e+18,1.7914852730537004e+18
1791488939255389221,10.048,42.4975,936.65,67.75289587539457,20.265,51.35658476687267,12.26629343813092,1.7914942902396337e+18,1.791485215191871e+18
1791488939522302911,10.184,39.985,1220.025,67.75998155481602,20.615,51.383463631169924,12.266399723322241,1.7914943850609155e+18,1.7914851553670687e+18
1791488939922891487,10.224,38.65,446.4,67.76845860083027,20.877499999999998,51.43108924308923,12.266526879012455,1.791494483192372e+18,1.7914850934349258e+18
1791488940190022162,10.248,38.3325,1362.3,67.7776835662167,21.1925,51.470207687145326,12.266665253493251,1.7914945847541586e+18,1.7914850293193408e+18
1791488940590827249,11.908,1.615,880.6,67.74188464177757,21.385,51.45729769248528,12.266128269626664,1.7914946895854031e+18,1.7914849631169009e+18
1791488940991614979,11.952,1.5325,1048.975,67.71182851884332,21.175,51.446066669868586,12.26567742778265,1.7914947979038244e+18,1.7914848946893816e+18
1791488941192020569,11.98,1.5175,1562.8,67.68566391258051,21.0175,51.436217096246494,12.265284958688708,1.7914949097614454e+18,1.791484824004652e+18
1791488941458845394,12.0,1.5475,1492.475,67.66303978221842,21.0175,51.427789799865955,12.264945596733277,1.791495025403573e+18,1.7914847509072397e+18
1791488941859328598,12.016,1.5475,1277.85,67.6417541821732,20.772499999999997,51.4198737677319,12.264626312732599,1.791495145206447e+18,1.791484675155576e+18
1791488942126456989,12.024,1.5175,622.875,67.62221852915735,20.4575,51.41252686940738,12.26433327793736,1.7914952690718272e+18,1.7914845968175613e+18
1791488942527347617,11.636,10.515,262.45,67.61895937298763,20.09,51.427511110308835,12.264284390594815,1.791495397582971e+18,1.7914845155222392e+18
1791488942794508456,10.76,29.365,800.925,67.62294355392326,19.7925,51.42568532640373,12.26434415330885,1.791495531005974e+18,1.7914844311014815e+18
1791488943061816813,10.628,32.2675,805.825,67.6264948839378,19.635,51.41299464867135,12.264397423259068,1.7914956695855603e+18,1.7914843433996849e+18
1791488943462081209,10.168,42.1675,820.775,67.62479844887959,19.635,51.35662354877804,12.264371976733194,1.7914958137336492e+18,1.7914842521528312e+18
1791488943929517402,10.084,42.4975,866.4,67.62974633283459,19.7575,51.35686573730352,12.26444619499252,1.7914959640694298e+18,1.7914841569653317e+18
1791488944397161542,10.048,43.285,1005.625,67.6337040045087,19.88,51.353466800255276,12.264505560067631,1.7914961212132593e+18,1.7914840574375603e+18
1791488944664441149,10.036,43.0675,1430.5,67.63919666877818,20.055,51.36771100656838,12.264587950031673,1.7914962852909463e+18,1.7914839534934702e+18
1791488944931747672,10.112,42.2325,1088.725,67.64165343408268,20.212500000000002,51.35711389795918,12.264624801511241,1.7914964570407662e+18,1.7914838446569434e+18
1791488945333970121,10.092,41.5825,45.725,67.64826607694381,20.3,51.38398343480119,12.264723991154158,1.7914966371312074e+18,1.791483730503939e+18
1791488945600811384,10.14,41.0825,139.525,67.65328820980498,20.3,51.394571665335754,12.264799323147075,1.7914968259395144e+18,1.791483610794471e+18
1791488945867681921,10.16,40.2475,425.775,67.6598711565598,20.37,51.41899799449093,12.264898067348398,1.791497024114666e+18,1.791483485116357e+18
1791488946335365768,10.18,39.6975,1299.35,67.66748505183027,20.474999999999998,51.44731539522142,12.265012275777455,1.7914972325671114e+18,1.7914833528898877e+18
1791488946803047331,10.36,35.335,688.5,67.67485558131028,20.5275,51.49421926639138,12.265122833719655,1.7914974520082757e+18,1.7914832136626386e+18
1791488947070292703,10.32,36.9825,462.725,67.68051967566709,20.685000000000002,51.51756486769511,12.265207795135007,1.7914976830707674e+18,1.7914830670312067e+18
1791488947470693974,10.356,35.835,1412.1,67.68636798969936,20.790000000000003,51.55100203840646,12.265295519845491,1.7914979274786335e+18,1.7914829118898184e+18
1791488947737717068,10.444,33.6675,1032.575,67.69200261387402,20.93,51.59227355557315,12.265380039208111,1.7914981857409193e+18,1.791482747919625e+18
1791488948004987134,10.376,35.9325,1512.75,67.69773370300427,21.035,51.611539362384285,12.265466005545065,1.7914984590299612e+18,1.7914825743747612e+18
1791488948405669970,11.904,1.5175,1339.725,67.65834863726788,21.349999999999998,51.59654962728795,12.264875229559019,1.7914987474283144e+18,1.7914823911948303e+18
1791488948672948084,11.948,1.5475,811.7,67.6256567887082,21.3675,51.58421738378675,12.264384851830624,1.791499052295231e+18,1.7914821975148106e+18
1791488948940192476,11.976,1.5975,838.7,67.59742510624984,21.1925,51.57370139031085,12.263961376593748,1.7914993751779658e+18,1.7914819923496873e+18
1791488949407529676,11.992,1.5325,921.1,67.57139045261442,21.07,51.56382023374798,12.263570856789217,1.791499717979844e+18,1.7914817744877622e+18
1791488949808064359,12.008,1.5175,1172.55,67.54795649647707,20.877499999999998,51.55489924083444,12.263219347447157,1.7915000825933555e+18,1.7914815427236385e+18
1791488950075339466,12.024,1.5475,301.525,67.52634693916184,20.790000000000003,51.54673151125607,12.262895204087428,1.791500470814485e+18,1.7914812959139436e+18
1791488950476088996,12.032,1.5825,920.175,67.5074931315336,20.5275,51.53967552859248,12.262612396973005,1.7915008854024684e+18,1.7914810323011622e+18
1791488950743377098,12.036,1.5675,1169.75,67.49029849833792,20.265,51.533244403721554,12.26235447747507,1.7915013288768348e+18,1.7914807502813358e+18
1791488951411181433,12.06,1.5825,1090.1,67.47641348379085,19.95,51.52808537550558,12.262146202256863,1.791501805517914e+18,1.7914804471244198e+18
1791488951678039857,12.064,1.5975,49.9,67.46286494130109,19.67,51.52305361238668,12.261942974119517,1.7915023179860426e+18,1.791480121136572e+18
1791488952145671014,12.064,1.5675,152.275,67.4490604252838,19.2325,51.517876835182335,12.261735906379258,1.7915028709726692e+18,1.7914797693293573e+18
1791488952412900215,12.072,1.5475,464.7,67.43489828055729,18.795,51.51250585069777,12.26152347420836,1.7915034686850022e+18,1.7914793890251328e+18
1791488952680118833,12.004,2.9475,1418.15,67.42293227958322,18.795,51.51002857193602,12.261343984193749,1.7915041167086697e+18,1.791478976664243e+18
1791488953080963725,10.484,36.0825,1051.05,67.42287389229176,18.165000000000003,51.47145347469953,12.261343108384377,1.7915048232315192e+18,1.791478527034181e+18
1791488953281202565,10.164,41.865,1569.15,67.422762588376,17.814999999999998,51.44030915327018,12.26134143882564,1.7915055959112082e+18,1.791478035257857e+18
1791488953548129375,10.008,45.3325,1511.85,67.41924957450271,17.78,51.39399907045856,12.261288743617541,1.7915064440794547e+18,1.791477495390405e+18
1791488954148998158,9.864,47.1325,803.4,67.42011602282427,17.4825,51.37982359286484,12.261301740342365,1.7915073805809933e+18,1.7914768992534833e+18
1791488955083879832,9.948,45.4025,446.4,67.42053825553198,17.115,51.369388814885475,12.26130807383298,1.7915084155831608e+18,1.7914762404029407e+18
1791488955350841912,9.844,46.915,880.6,67.42479235705044,17.2025,51.374992336056074,12.261371885355757,1.7915095640909394e+18,1.7914755092828864e+18
1791488955751016964,9.888,45.115,1048.975,67.4318255543962,17.745,51.40619559718963,12.261477383315944,1.7915108472653527e+18,1.7914746924169928e+18
1791488957020067742,10.056,42.5325,622.875,67.43662019080546,18.9875,51.417011204500135,12.261549302862083,1.7915122940936643e+18,1.791473771340222e+18
1791488957286993896,10.056,41.9975,262.45,67.44274392117175,19.4075,51.44046710055293,12.261641158817577,1.7915139350735347e+18,1.7914727266245432e+18
1791488957687339346,10.068,41.3,800.925,67.44881165427657,19.775000000000002,51.47331968345172,12.26173217481415,1.7915158189572918e+18,1.791471527200424e+18
1791488958088258759,10.2,39.15,866.4,67.45371610817581,20.790000000000003,51.49432320210696,12.261805741622638,1.791518000719957e+18,1.7914701380601277e+18
1791488958355390556,10.272,37.635,1005.625,67.45828307458524,21.087500000000002,51.516208425709905,12.26187424611878,1.7915205579555218e+18,1.7914685097821778e+18
1791488958756220769,10.36,35.6825,1430.5,67.46180555401007,21.3675,51.54066712152366,12.261927083310152,1.7915235963685837e+18,1.7914665750447176e+18
1791488959223819100,10.336,35.2,1088.725,67.46549103657205,21.6125,51.5815915892582,12.261982365548581,1.7915272682008596e+18,1.7914642368849132e+18
1791488959490661755,10.468,33.2475,45.725,67.46893450013316,21.875,51.60894635939596,12.262034017501998,1.791531772064744e+18,1.7914613688610816e+18
1791488960559077860,11.912,1.615,139.525,67.429042184073,22.12,51.59421812806153,12.261435632761096,1.791537421914413e+18,1.7914577709817912e+18
1791488960959924199,11.948,1.6325,425.775,67.3957580220534,22.12,51.58197843824334,12.260936370330802,1.7915447011222088e+18,1.791453135416085e+18
1791488961160349637,11.94,2.0675,1299.35,67.36501702842743,21.875,51.57165206176497,12.260475255426412,1.791554424295789e+18,1.791446943377682e+18
1791488961427254957,11.8,5.1,688.5,67.33924379296126,21.560000000000002,51.56929616478746,12.26008865689442,1.7915680802511608e+18,1.7914382466977062e+18
1791488961694262404,10.436,34.0,462.725,67.3417593993542,21.5775,51.593856112431254,12.260126390990314,1.7915887230413486e+18,1.791425100428202e+18
1791488962295403904,10.456,34.25,1412.1,67.34441708980081,21.875,51.6071756794821,12.260166256347013,1.7916236305959798e+18,1.791402869581064e+18
1791488962562686382,10.444,34.45,1032.575,67.34624352987532,22.224999999999998,51.620531368303496,12.26019365294813,1.791695226692387e+18,1.7913572735056328e+18
1791488962829965347,10.476,33.465,1512.75,67.34983678027677,22.715,51.63990354196206,12.260247551704152,1.7919252619525489e+18,1.7912107749321503e+18
1791488963297488130,10.552,31.2675,1339.725,67.35216896003749,22.925,51.668213095695336,12.260282534400563,1.787402944072641e+18,1.794090828023986e+18
1791488963697910785,10.592,30.65,811.7,67.3530325348636,23.099999999999998,51.69260857881039,12.260295488022955,1.7911267407037727e+18,1.7917193160758013e+18
1791488963965086055,10.6,29.85,838.7,67.35316942904967,23.275000000000002,51.72482032775412,12.260297541435746,1.7912982777173158e+18,1.7916100720171625e+18
1791488964365970544,10.708,27.1975,921.1,67.35082275236653,23.45,51.759845228680874,12.260262341285499,1.7913589079025585e+18,1.791571459220664e+18
1791488964633172936,10.676,28.4975,1172.55,67.34997007304027,23.537499999999998,51.78764183791455,12.260249551095605,1.7913899466456998e+18,1.7915516918415713e+18
1791488964900452813,10.584,30.9475,301.525,67.35166611425518,23.555,51.80877419860493,12.260274991713828,1.7914088121900396e+18,1.7915396770093668e+18
1791488965367694769,10.632,29.4175,920.175,67.35157530885596,23.6075,51.83602913404569,12.26027362963284,1.7914215082556045e+18,1.7915315912580861e+18
1791488965634528789,10.608,30.215,1169.75,67.35365021584647,23.695,51.859829206114235,12.260304753237698,1.7914306344932096e+18,1.7915257789801654e+18
1791488966035356162,10.676,28.865,292.975,67.35365334089987,23.6775,51.8819188870194,12.260304800113499,1.7914375128334892e+18,1.791521398301387e+18
1791488966302590765,10.624,29.6,894.075,67.35514342674622,23.7825,51.908414870071766,12.260327151401194,1.791442883408382e+18,1.7915179778608763e+18
1791488966503066483,10.64,29.9825,1090.1,67.35717286947234,23.8175,51.92579355228233,12.260357593042086,1.7914471905816492e+18,1.7915152346543526e+18
1791488966770251285,11.928,1.5175,49.9,67.31830235276202,23.834999999999997,51.91064076135263,12.259774535291431,1.791450704803656e+18,1.7915129964639386e+18
1791488967237810057,11.96,1.5175,152.275,67.28415748080947,23.625,51.89733216891722,12.259262362212143,1.791453632170642e+18,1.7915111320387594e+18
1791488967504747103,11.984,1.5175,464.7,67.25329576962156,23.537499999999998,51.88530324883136,12.258799436544324,1.7914561066623465e+18,1.7915095560418399e+18
1791488967771610841,11.996,1.5175,1418.15,67.22397681658813,23.3625,51.87387334978529,12.258359652248823,1.791458226746197e+18,1.7915082057653432e+18
1791488968172485919,12.008,1.4975,1051.05,67.19752283569167,23.1175,51.86353122786764,12.257962842535376,1.791460064884832e+18,1.791507035058113e+18
1791488968439736621,12.016,1.5675,1569.15,67.17321148430347,23.03,51.85413079899548,12.257598172264553,1.7914616759961876e+18,1.7915060089563676e+18
1791488968840663033,12.032,1.615,1511.85,67.15077575524413,22.925,51.84551308020924,12.257261636328662,1.7914630975793692e+18,1.7915051035591194e+18
1791488969308219213,12.036,1.5175,1337.0,67.12736781516091,22.785,51.836389154639924,12.256910517227414,1.7914643617085755e+18,1.7915042984427118e+18
1791488969708462876,12.044,1.4975,803.4,67.10689854696213,22.540000000000003,51.82839409832211,12.256603478204433,1.7914654920495665e+18,1.7915035785274547e+18
1791488969975590350,12.048,1.5325,813.375,67.08668056769638,22.2775,51.82053097644663,12.256300208515446,1.7914665075081761e+18,1.7915029317685658e+18
1791488970376452939,12.052,1.4975,843.8,67.06546149729897,22.12,51.812239019705245,12.255981922459485,1.791467424557255e+18,1.7915023476762222e+18
1791488970777390659,12.06,1.5825,936.65,67.04849616268602,21.875,51.805695480056485,12.25572744244029,1.7914682575844557e+18,1.7915018170863928e+18
1791488971044615146,12.064,1.4825,1220.025,67.0307463126325,21.805,51.79874239564747,12.255461194689488,1.7914690170663078e+18,1.7915013333258092e+18
1791488971445074544,12.064,1.5675,446.4,67.01347169010552,21.560000000000002,51.79205903476918,12.255202075351583,1.7914697121874747e+18,1.7915008905445181e+18
1791488971645233684,12.072,1.5175,1362.3,66.99597431904971,21.3675,51.78523967569519,12.254939614785746,1.7914703505547843e+18,1.7915004838993661e+18
1791488971912275873,12.076,1.5175,880.6,66.97995939766363,21.105,51.778996553017826,12.254699390964955,1.7914709384210156e+18,1.7915001094047053e+18
1791488972313038935,12.08,1.4825,1048.975,66.9640541123558,20.8075,51.77276596866714,12.254460811685338,1.7914714818699983e+18,1.791499763189164e+18
1791488972513456827,12.08,1.4825,1562.8,66.94916410668716,20.4925,51.7669301093144,12.254237461600308,1.791471984940423e+18,1.7914994426750193e+18
1791488972780610765,12.08,1.5325,1492.475,66.93436700801274,20.4925,51.761176315469044,12.254015505120192,1.7914724516161807e+18,1.7914991453234565e+18
1791488973181493168,12.088,1.4625,1277.85,66.91959682860207,20.195,51.755374137674536,12.253793952429032,1.7914728861173972e+18,1.7914988684513943e+18
1791488973448334293,12.092,1.5475,622.875,66.90594822153666,19.88,51.7500767413175,12.25358922332305,1.791473294276429e+18,1.791498608372794e+18
1791488973848881924,12.096,1.4625,262.45,66.8927255853546,19.5475,51.74488158695832,12.25339088378032,1.7914736786713974e+18,1.7914983634456484e+18
1791488974116109968,11.64,11.8325,800.925,66.89307550388313,19.25,51.74512332483684,12.253396132558247,1.7914740423511398e+18,1.7914981317278433e+18
1791488974583797134,11.956,3.965,805.825,66.87852584169056,18.900000000000002,51.74148796921048,12.253177887625359,1.7914743869281871e+18,1.791497912200878e+18
1791488974851018756,11.32,17.965,820.775,66.87856200387705,18.515,51.74204509048164,12.253178430058156,1.7914747144201969e+18,1.7914977035749576e+18
1791488975251734179,10.58,33.535,866.4,66.87763461694192,18.515,51.723856661309156,12.25316451925413,1.7914750263294339e+18,1.7914975048948608e+18
1791488975718812501,10.048,44.58,1005.625,66.8707016828161,18.41,51.682863022447734,12.253060525242242,1.7914753238595884e+18,1.7914973153973235e+18
1791488976119679115,10.088,42.6325,1430.5,66.86762923622327,18.55,51.66796773776813,12.25301443854335,1.791475608224014e+18,1.7914971343085786e+18
1791488976319895921,9.984,44.9175,1088.725,66.86307089583438,18.7075,51.64697766022889,12.252946063437516,1.7914758798099753e+18,1.7914969613772739e+18
1791488976588604782,10.044,43.165,45.725,66.86165138855655,18.8825,51.63927286435973,12.252924770828349,1.7914761399887424e+18,1.791496795732586e+18
1791488976989502620,10.032,43.765,139.525,66.85972425961184,19.0925,51.624839900403884,12.252895863894178,1.7914763894025398e+18,1.79149663696338e+18
1791488977256729270,10.044,43.235,425.775,66.85774333716661,19.337500000000002,51.61619949452251,12.2528661500575,1.7914766285111252e+18,1.791496484773397e+18
1791488977456857773,10.092,41.5675,1299.35,66.85752826519133,19.477500000000003,51.621060933231306,12.25286292397787,1.7914768580504827e+18,1.791496338693895e+18
1791488977790648881,10.352,35.5825,688.5,66.85738398783054,19.7575,51.63842470648856,12.252860759817459,1.7914770787149548e+18,1.7914961982825372e+18
1791488978057949443,10.22,37.3825,462.725,66.8604565559288,19.985,51.66864282671265,12.252906848338933,1.7914772907563264e+18,1.7914960633732257e+18
1791488978458560277,10.024,42.6025,1412.1,66.86217529178431,20.1425,51.67817100328456,12.252932629376765,1.7914774947725816e+18,1.7914959335858173e+18
1791488978659037087,10.06,42.6175,1032.575,66.86130973900985,20.16,51.67484791166194,12.252919646085148,1.791477691040271e+18,1.7914958087434314e+18
1791488978926314817,10.168,39.8025,1512.75,66.86304057406178,20.125,51.68369907780053,12.252945608610927,1.791477880082866e+18,1.7914956885120686e+18
1791488979327078620,10.244,38.3675,1339.725,66.86418249856176,20.37,51.691332699397066,12.252962737478427,1.7914780623666237e+18,1.7914955725950715e+18
1791488979593882560,10.252,37.4675,811.7,66.86653888320993,20.37,51.70942139698724,12.25299808324815,1.7914782381911027e+18,1.7914954607998413e+18
1791488980061501054,10.204,37.5325,838.7,66.86971968368651,20.6325,51.73935839407607,12.253045795255298,1.7914784080350956e+18,1.791495352822078e+18
1791488980328714766,10.348,35.1825,921.1,66.8694773442092,20.912499999999998,51.76009010523506,12.253042160163139,1.791478572012539e+18,1.791495248588339e+18
1791488980729632347,10.236,37.7325,1172.55,66.86957704469445,21.07,51.77688805403192,12.253043655670417,1.7914787304646508e+18,1.7914951478812163e+18
1791488980996929077,10.216,38.3825,301.525,66.87094287574769,21.3675,51.790533440750686,12.253064143136216,1.791478883737064e+18,1.7914950504809303e+18
1791488981263975354,10.268,35.4,920.175,66.87141270553805,21.5775,51.82717934213848,12.253071190583071,1.791479030043662e+18,1.7914949574904545e+18
1791488981530789164,10.352,34.35,1169.75,66.87085846755241,21.787499999999998,51.854882663885654,12.253062877013287,1.7914791704335022e+18,1.7914948682541668e+18
1791488981931523121,10.276,37.2825,292.975,66.87201897521157,21.962500000000002,51.86625303261822,12.253080284628174,1.7914793054482217e+18,1.791494782430749e+18
1791488982398918944,10.328,35.4475,894.075,66.87324449985701,22.1375,51.88703851402663,12.253098667497856,1.7914794357036636e+18,1.7914946996336026e+18
1791488982866527971,10.364,34.7,1090.1,66.87450321666921,22.295,51.907703679699516,12.253117548250039,1.7914795614989036e+18,1.7914946196732925e+18
1791488983133694987,10.424,33.85,49.9,66.87392406685204,22.4875,51.92333808549082,12.253108861002781,1.7914796831254034e+18,1.7914945423669494e+18
1791488983400626028,10.48,32.93,152.275,66.87311739106359,22.7325,51.936463444823765,12.253096760865954,1.791479800836966e+18,1.7914944675543273e+18
1791488983867865655,10.48,32.95,464.7,66.87188358197291,22.977500000000003,51.94902289935296,12.253078253729594,1.7914799149617725e+18,1.791494395028856e+18
1791488984335460821,10.612,30.15,1418.15,66.8696288883051,23.17,51.96244096151909,12.253044433324577,1.7914800257106483e+18,1.7914943246573391e+18
1791488984602652129,10.512,31.7325,1051.05,66.86737498235529,23.38,51.980028436439575,12.25301062473533,1.7914801331395164e+18,1.791494256402749e+18
1791488985003561584,10.448,33.1325,1569.15,66.86565504917228,23.502499999999998,51.996597926203435,12.252984825737585,1.7914802375432737e+18,1.791494190079775e+18
1791488985270959815,10.512,31.7975,1511.85,66.86273605509636,23.6075,52.01282244505803,12.252941040826446,1.7914803390291249e+18,1.791494125620194e+18
1791488985537777294,10.564,30.9675,1337.0,66.86103138393231,23.834999999999997,52.02714391495577,12.252915470758985,1.7914804376895188e+18,1.791494062964242e+18
1791488986205744429,10.576,31.165,813.375,66.86024015836796,23.974999999999998,52.03747381603301,12.25290360237552,1.791480533828822e+18,1.7914940019205414e+18
1791488986472825068,10.62,29.6325,843.8,66.85758512733062,24.115,52.052870544072555,12.25286377690996,1.791480627450735e+18,1.7914939424860933e+18
1791488986739998887,10.596,30.0325,936.65,66.85448996954118,24.150000000000002,52.0687238967664,12.252817349543118,1.791480718727322e+18,1.7914938845525975e+18
1791488987140950741,10.636,29.3,1220.025,66.85152074628684,24.22,52.08367741476012,12.252772811194303,1.7914808078132925e+18,1.7914938280226202e+18
1791488987341003452,11.824,2.4325,446.4,66.79747097731901,24.465,52.064048328014266,12.251962064659786,1.7914808938921262e+18,1.791493773417612e+18
1791488987607897721,11.936,1.5325,1362.3,66.75406959107599,24.412499999999998,52.04689424270033,12.25131104386614,1.7914809772525652e+18,1.7914937205523633e+18
1791488988008471812,11.96,1.5175,880.6,66.7143583790847,24.377499999999998,52.031179965561584,12.250715375686271,1.7914810581348342e+18,1.7914936692747305e+18
1791488988275575804,11.98,1.415,1048.975,66.67703323028671,24.3075,52.016282861816,12.250155498454301,1.7914811366715287e+18,1.791493619499819e+18
1791488988542652493,11.992,1.5175,1562.8,66.64412433569859,24.1325,52.00325955142163,12.24966186503548,1.7914812130079657e+18,1.791493571134401e+18
1791488988943631590,12.004,1.5475,1492.475,66.61296202523106,24.0625,51.990958237982504,12.249194430378466,1.7914812873214566e+18,1.7914935240663222e+18
1791488989210809310,12.016,1.5175,1277.85,66.58397553279758,23.9225,51.97948491702043,12.248759632991964,1.7914813597194908e+18,1.7914934782265715e+18
1791488989677768560,12.024,1.5825,622.875,66.55643596434979,23.712500000000002,51.96864646268855,12.248346539465247,1.791481430361169e+18,1.79149343351511e+18
1791488989944933146,12.032,1.4975,262.45,66.5300530758679,23.537499999999998,51.958189777590775,12.247950796138019,1.7914814992517903e+18,1.7914933899266826e+18
1791488990212197727,12.032,1.5475,800.925,66.50478081618145,23.3625,51.94821330079143,12.247571712242722,1.791481566433914e+18,1.7914933474331164e+18
1791488990613030323,12.044,1.5175,805.825,66.48122382070385,23.099999999999998,51.938890033711935,12.247218357310558,1.7914816320922301e+18,1.791493305918829e+18
1791488990880324469,11.868,5.6825,820.775,66.46701877348464,22.75,51.93549103443188,12.24700528160227,1.7914816964256637e+18,1.7914932652568722e+18
1791488991147579777,10.548,33.7825,866.4,66.4655357444522,22.4525,51.92358374280614,12.246983036166784,1.7914817595907873e+18,1.7914932253456827e+18
1791488991547891784,10.592,31.3675,1005.625,66.46279686264083,22.400000000000002,51.92742640514633,12.246941952939613,1.791481821674104e+18,1.7914931861316099e+18
1791488991815147624,10.5,33.7325,1430.5,66.4605010143617,22.295,51.92557073502996,12.246907515215426,1.7914818826948908e+18,1.791493147601808e+18
1791488992215949520,10.528,32.5,1088.725,66.45728353569847,22.26,51.93031226695789,12.246859253035478,1.7914819426073004e+18,1.7914931097836813e+18
1791488992483032449,10.48,33.6975,45.725,66.45424830881714,22.224999999999998,51.932463718079696,12.246813724632258,1.7914820011932042e+18,1.7914930728096486e+18
1791488992683474679,10.512,32.1975,139.525,66.4518961893956,22.224999999999998,51.943306642215006,12.246778442840935,1.7914820585864074e+18,1.7914930365964867e+18
1791488993084283381,10.46,33.8325,425.775,66.45032224992227,22.26,51.94845993444386,12.246754833748835,1.7914821148789637e+18,1.791493001086738e+18
1791488993484653643,10.452,33.6975,1299.35,66.44784639324266,22.2425,51.956073521357865,12.24671769589864,1.7914821700540293e+18,1.79149296629026e+18
1791488993751727221,10.42,34.1325,688.5,66.44651183878483,22.1725,51.96598007671768,12.246697677581773,1.7914822248184558e+18,1.7914929317745175e+18
1791488994152631537,10.44,33.0825,462.725,66.44433468418234,22.189999999999998,51.98158860581545,12.246665020262736,1.7914822788754806e+18,1.791492897720572e+18
1791488994419883426,11.228,15.765,1412.1,66.42205291939449,22.0675,51.98957505054244,12.246330793790918,1.7914823318991572e+18,1.7914928643331502e+18
1791488994820814136,10.968,22.165,1032.575,66.41162005968164,22.084999999999997,52.00084239291725,12.246174300895225,1.7914823839784794e+18,1.7914928315528023e+18
1791488995021257330,11.508,9.25,1512.75,66.37290414320402,21.962500000000002,51.99710486014856,12.245593562148061,1.7914824347613158e+18,1.7914927996025577e+18
1791488995288335640,10.868,24.065,1339.725,66.36322599908691,21.84,52.01006787724799,12.245448389986304,1.791482484557175e+18,1.7914927682829824e+18
1791488995688633852,11.96,1.5175,838.7,66.32301859652267,21.84,51.99389357293372,12.24484527894784,1.7914825330619666e+18,1.7914927377883948e+18
1791488996089582805,11.98,1.5325,921.1,66.28539767830448,21.6825,51.97877405173586,12.244280965174568,1.7914825802936568e+18,1.7914927081055337e+18
1791488996824507975,12.02,1.4975,920.175,66.25511646404365,21.14,51.96657834465662,12.243826746960655,1.7914826263981832e+18,1.791492679142187e+18
1791488997225349662,12.024,1.5325,1169.75,66.22568183430668,21.0,51.954747889458716,12.243385227514601,1.791482671266378e+18,1.7914926509634506e+18
1791488998159961381,12.032,1.4825,292.975,66.19795814069897,20.825,51.943565875537615,12.242969372110485,1.7914827149793672e+18,1.7914926235185782e+18
1791488998761239982,12.056,1.4975,152.275,66.17411659300691,20.23,51.93395993034545,12.242611748895104,1.7914827575694863e+18,1.7914925967853903e+18
1791488999495638383,12.064,1.5325,1418.15,66.15301263109652,19.8275,51.925476115286344,12.242295189466448,1.7914827990714744e+18,1.7914925707413678e+18
1791488999963283689,12.064,1.4975,1051.05,66.13073706804693,19.495,51.91650906316786,12.241961056020704,1.791482839476352e+18,1.7914925453910113e+18
1791489000364168236,12.072,1.4975,1569.15,66.10920866950904,18.7075,51.90784496509488,12.241638130042636,1.7914828788594301e+18,1.7914925206875968e+18
1791489000631416120,11.924,4.585,1511.85,66.09313881893537,18.0075,51.90281795345075,12.241397082284031,1.7914829175464827e+18,1.7914924964307692e+18
1791489001032346904,11.96,3.3975,1337.0,66.07201311041229,18.0075,51.89547556586862,12.241080196656185,1.7914829554445197e+18,1.7914924726781033e+18
1791489001566226323,9.892,46.8825,813.375,66.06145049077905,17.115,51.868984988263534,12.240921757361686,1.7914829926766426e+18,1.7914924493512612e+18
1791489002301004439,9.792,48.8,936.65,66.05142769942853,17.2025,51.84253021395138,12.240771415491428,1.79148302926466e+18,1.7914924264365588e+18
1791489003436483756,9.868,46.7325,880.6,66.04466213861863,17.5175,51.826954348927885,12.24066993207928,1.7914830652812426e+18,1.7914924038888335e+18
1791489004171009142,10.128,40.45,1277.85,66.04114877441509,18.55,51.8291287017687,12.240617231616227,1.7914831007149804e+18,1.7914923817133056e+18
1791489004438194305,10.236,38.0325,622.875,66.03750348938198,18.9875,51.83451630857575,12.24056255234073,1.7914831355865498e+18,1.791492359896519e+18
1791489004905939325,10.228,38.7325,262.45,66.03392589399522,19.425,51.83410180838506,12.240508888409929,1.7914831699244431e+18,1.791492338421034e+18
1791489005173194188,10.192,38.2675,805.825,66.0318095818432,20.195,51.84642380429473,12.240477143727649,1.7914832037262484e+18,1.7914923172872998e+18
1791489005573506722,10.228,37.8175,820.775,66.02824676075723,20.58,51.855296206973804,12.240423701411359,1.7914832370106499e+18,1.791492296484121e+18
1791489005840379528,10.364,35.0675,1005.625,66.02385859186835,21.175,51.864132001557735,12.240357878878026,1.7914832697865784e+18,1.7914922760056049e+18
1791489006241297965,10.364,34.835,1430.5,66.02100908196198,21.4375,51.87553584330522,12.24031513622943,1.791483302078616e+18,1.7914922558364114e+18
1791489006441666958,10.436,33.7175,1088.725,66.01736448381159,21.665000000000003,51.88362961383518,12.240260467257174,1.791483333869602e+18,1.7914922359863122e+18
1791489006708934184,10.536,31.25,45.725,66.011664958413,21.787499999999998,51.89452658214764,12.240174974376195,1.7914833651219346e+18,1.7914922164785196e+18
1791489007376648648,10.576,30.75,425.775,66.00616997612916,22.189999999999998,51.90296527622615,12.240092549641938,1.791483395858031e+18,1.7914921972995318e+18
1791489007777241699,10.492,31.585,1299.35,65.99955145979257,22.3825,51.91762949750874,12.23999327189689,1.7914834261099802e+18,1.7914921784293855e+18
1791489007977729287,10.444,32.6975,688.5,65.99433851407457,22.5575,51.931696111106206,12.23991507771112,1.7914834558625715e+18,1.7914921598763313e+18
1791489008244987172,10.568,30.3675,462.725,65.98843303815629,22.540000000000003,51.94367304711892,12.239826495572345,1.7914834851757363e+18,1.7914921416039258e+18
1791489008645789174,10.588,30.065,1412.1,65.98200751122276,22.5925,51.954514566721556,12.239730112668342,1.7914835140053391e+18,1.791492123638823e+18
1791489008912946290,10.68,27.95,1032.575,65.97404971610916,23.17,51.96609810070832,12.239610745741638,1.7914835423200814e+18,1.7914921059997074e+18
1791489009313679660,10.716,27.38,1512.75,65.96547544519171,23.3275,51.97614013145155,12.239482131677876,1.7914835702014433e+18,1.7914920886374413e+18
1791489009580554901,10.688,27.78,1339.725,65.95720193310284,23.537499999999998,51.987374518975706,12.239358028996543,1.791483597609145e+18,1.7914920715758515e+18
1791489009981419600,10.756,25.98,811.7,65.9477973842366,23.73,52.00026349247908,12.23921696076355,1.791483624560346e+18,1.7914920548046098e+18
1791489010382262597,10.832,24.715,838.7,65.93584014492981,23.834999999999997,52.009933651517755,12.239037602173948,1.7914836510579113e+18,1.7914920383223183e+18
1791489010582738853,10.82,24.65,921.1,65.92278396928259,23.9575,52.02083974078039,12.23884175953924,1.7914836770791409e+18,1.7914920221424358e+18
1791489010850013979,10.808,25.7175,1172.55,65.91414797115276,24.045,52.02880322582741,12.238712219567292,1.791483702671968e+18,1.7914920062347182e+18
1791489011117282178,10.768,26.1825,301.525,65.90441711619361,24.1675,52.03843504351293,12.238566256742905,1.7914837278869302e+18,1.7914919905685253e+18
1791489011517657516,10.716,27.35,920.175,65.89447737077292,24.22,52.047379496192015,12.238417160561594,1.7914837527369308e+18,1.791491975136014e+18
1791489011784664578,10.684,27.815,1169.75,65.8833429627679,24.272499999999997,52.05700647842442,12.238250144441519,1.7914837771981783e+18,1.7914919599514798e+18
1791489012185582213,10.788,25.7475,292.975,65.87273940028473,24.325,52.066069493947396,12.238091091004272,1.7914838012927194e+18,1.7914919450013187e+18
1791489012653209536,10.684,28.1175,894.075,65.86424814883993,24.412499999999998,52.0746106291488,12.2379637222326,1.7914838246944865e+18,1.7914919304805855e+18
1791489013054053794,10.632,29.0325,1090.1,65.85597547871365,24.4475,52.08413899497346,12.237839632180705,1.7914838475156193e+18,1.7914919163211725e+18
1791489013454595150,10.724,27.2825,49.9,65.8471243697685,24.5525,52.09240702826829,12.237706865546528,1.791483870038416e+18,1.7914919023540964e+18
1791489013855157100,11.92,1.5325,152.275,65.79357267874484,24.5525,52.07050727020725,12.236903590181173,1.7914838919691082e+18,1.7914918887660882e+18
1791489014055537534,11.948,1.5175,464.7,65.74550684457287,24.465,52.05083564245536,12.236182602668594,1.7914839133084595e+18,1.791491875554531e+18
1791489014255995049,11.972,1.4975,1418.15,65.70170262312855,24.4475,52.0328958847625,12.235525539346929,1.7914839340985539e+18,1.7914918626923615e+18
1791489014523180392,11.984,1.4325,1051.05,65.66141691384036,24.255,52.01632677827886,12.234921253707606,1.791483954332605e+18,1.7914918501825917e+18
1791489014924112826,11.992,1.4825,1569.15,65.62034953216549,24.1325,51.999505752995454,12.234305242982483,1.7914839740405012e+18,1.7914918380071132e+18
1791489015325036293,12.004,1.4625,1511.85,65.58298652123655,24.0975,51.9841744692747,12.233744797818549,1.791483993233911e+18,1.7914918261577085e+18
1791489015525117771,12.016,1.4825,1337.0,65.5488013793192,24.01,51.970154408397576,12.233232020689789,1.7914840119750006e+18,1.7914918145953994e+18
1791489015792015184,12.024,1.4625,803.4,65.51519985665684,23.7825,51.95636092709678,12.232727997849853,1.791484030247571e+18,1.791491803329478e+18
1791489016192949960,12.028,1.4825,813.375,65.48353239014217,23.52,51.943383869369306,12.232252985852133,1.7914840480472333e+18,1.7914917923622126e+18
1791489016593806788,12.032,1.5325,843.8,65.45182883733243,23.2575,51.93042153765927,12.231777432559987,1.7914840653950254e+18,1.791491781680469e+18
1791489016861003961,12.04,1.4975,936.65,65.42222554616741,23.1175,51.91828428733651,12.231333383192512,1.791484082307933e+18,1.7914917712730588e+18
1791489017261853355,12.036,1.4975,1220.025,65.39138693221717,22.977500000000003,51.90566127734821,12.230870803983258,1.7914840988087836e+18,1.7914917611264934e+18
1791489017662202468,12.052,1.5175,446.4,65.36443570256358,22.82,51.89462071342641,12.230466535538454,1.7914841149033682e+18,1.7914917512360492e+18
1791489018063046200,12.052,1.4975,1362.3,65.3366956992575,22.5925,51.883256349363506,12.230050435488863,1.791484130578852e+18,1.7914917416094118e+18
1791489018463808187,12.056,1.5325,880.6,65.3113238151648,22.3825,51.87287289171497,12.229669857227472,1.7914841459682537e+18,1.7914917321662326e+18
1791489018664232255,12.06,1.4825,1048.975,65.28524261988761,22.05,51.86217773196256,12.229278639298315,1.7914841609278756e+18,1.791491722991634e+18
1791489018931429069,12.064,1.4825,1562.8,65.2604217882474,21.787499999999998,51.85200543826967,12.228906326823711,1.7914841754625807e+18,1.7914917140822776e+18
1791489019332118208,12.064,1.5675,1492.475,65.23521829456422,21.595,51.84172344918933,12.228528274418464,1.7914841894849178e+18,1.7914917054909809e+18
