timestamp_ns,busv,current,power,soc,hall_speed,int_r,v_unloaded,drain_time,max_time
1789672423390928700,13.208,1.75,464.25,0.0,0.0,-3773.7142857142844,6.603999999999999,,
1789672423657972344,13.208,1.8,1416.775,100.0,0.0,-4.767809469686747e-12,13.207999999999984,1.7896724233909276e+18,1.7896724236579715e+18
1789672423992097329,13.212,1.8825,1046.85,100.0,0.0,-32.0148906467857,13.151359702187113,1.7896724232623434e+18,1.7896724238893276e+18
1789672424392906945,13.212,1.8325,1556.325,100.0,0.0,-35.46004029552078,13.145595701813255,1.7896724229565253e+18,1.7896724241591268e+18
1789672424793842975,13.204,1.7,1472.725,100.0,0.0,-44.14067354292343,13.12965577233754,1.7896724225030364e+18,1.789672424431178e+18
1789672425194713526,13.204,1.68,1217.6,100.0,0.0,-43.56542942291897,13.13070766729884,1.789672421910176e+18,1.7896724247024573e+18
1789672425395168430,13.208,1.78,439.0,100.0,0.0,-43.52415753145815,13.130744620381659,1.789672421426499e+18,1.789672424898522e+18
1789672425595407122,13.196,1.78,1339.7,100.0,0.0,-41.78922811644244,13.132298001825738,1.7896724209652618e+18,1.7896724250639683e+18
1789672425929305209,13.2,1.8,811.625,100.0,0.0,-36.59087887248511,13.14070699818287,1.7896724203444316e+18,1.7896724252497382e+18
1789672426330061693,13.196,1.7,838.475,100.0,0.0,-49.81009224090707,13.116611231687479,1.7896724194890568e+18,1.7896724254648166e+18
1789672426730890129,13.2,1.75,920.4,100.0,0.0,-51.7010954138935,13.112923198974789,1.7896724184192645e+18,1.7896724256984033e+18
1789672427064977733,13.2,1.75,1170.425,100.0,0.0,-53.247545620948756,13.109907149592315,1.7896724172497167e+18,1.7896724259289595e+18
1789672427265446217,13.192,1.8325,295.05,100.0,0.0,-30.72432883184635,13.148629867272025,1.7896724161637903e+18,1.7896724261308278e+18
1789672427465926142,13.192,1.765,900.4,100.0,0.0,-32.45066549216008,13.144795883509337,1.789672415119649e+18,1.7896724263138458e+18
1789672427666070418,13.188,1.8325,1109.4,100.0,0.0,-11.921069194027135,13.180165488134481,1.7896724140916058e+18,1.7896724264838653e+18
1789672427866172723,13.192,1.815,108.8,100.0,0.0,-4.142568930726614,13.193383994620053,1.7896724130622781e+18,1.789672426644641e+18
1789672428133298630,13.188,1.715,332.025,100.0,0.0,-18.917098597318677,13.166433277694814,1.7896724119373816e+18,1.789672426807988e+18
1789672428467398753,13.184,1.815,1013.25,100.0,0.0,-6.502494769029822,13.187558345404796,1.789672410631589e+18,1.7896724269824118e+18
1789672428868225882,13.18,1.8825,1453.775,100.0,0.0,25.317683782046746,13.243227371951027,1.789672409059835e+18,1.7896724271744978e+18
1789672429068466879,13.188,1.715,1159.75,100.0,0.0,14.007001626221859,13.222516705017846,1.789672407517195e+18,1.789672427355371e+18
1789672429402569181,13.18,1.78,262.475,100.0,0.0,14.28953992823141,13.2221819756128,1.7896724058043576e+18,1.7896724275433743e+18
1789672429602836425,13.18,1.8325,801.0,100.0,0.0,26.072580249138547,13.242444746361985,1.7896724041155323e+18,1.7896724277218634e+18
1789672429802985853,13.18,1.78,806.05,100.0,0.0,25.771299289954968,13.241210875300412,1.7896724024370447e+18,1.7896724278927544e+18
1789672430003140910,13.172,1.8,821.45,100.0,0.0,31.633018755231237,13.250706008840053,1.789672400758103e+18,1.789672428057509e+18
1789672430203559037,13.176,1.8,868.45,100.0,0.0,35.994376770630204,13.257770774906675,1.7896723990698035e+18,1.7896724282172728e+18
1789672430604177115,13.176,1.73,1011.875,100.0,0.0,22.385238642822802,13.232786021121639,1.7896723970967547e+18,1.789672428391672e+18
1789672430938104818,13.18,1.715,1449.575,100.0,0.0,10.531448074114188,13.211172869602901,1.789672394941304e+18,1.7896724285725135e+18
1789672431138477836,13.172,1.73,1146.95,100.0,0.0,-1.8045451982134517,13.18850831782553,1.789672392799655e+18,1.7896724287468698e+18
1789672431338738354,13.184,1.665,223.4,100.0,0.0,-10.682296221016886,13.1725111431475,1.7896723906624325e+18,1.7896724289157655e+18
1789672431672344633,13.184,1.665,681.75,100.0,0.0,-17.087062652562903,13.160970138323838,1.789672388336216e+18,1.789672429091035e+18
1789672431872454111,13.184,1.65,442.125,100.0,0.0,-22.21365963724815,13.151753466979086,1.7896723860162245e+18,1.789672429261082e+18
1789672432072545228,13.184,1.75,1349.25,100.0,0.0,-23.05890250042221,13.150054640040276,1.7896723836948004e+18,1.789672429426658e+18
1789672432339466956,13.188,1.615,840.775,100.0,0.0,-22.317205907752683,13.15138162147935,1.7896723812731748e+18,1.7896724295933586e+18
1789672432673439889,13.184,1.5975,927.425,100.0,0.0,-25.241914769283802,13.14615803565318,1.7896723786572703e+18,1.7896724297659645e+18
1789672433074338103,13.184,1.5675,1191.875,100.0,0.0,-26.831078792422375,13.143327493387712,1.7896723757529907e+18,1.7896724299486904e+18
1789672433274739634,13.18,1.665,360.5,100.0,0.0,-30.0576470269808,13.137465912473962,1.789672372866687e+18,1.789672430126186e+18
1789672433608601212,13.18,1.65,1100.15,100.0,0.0,-33.188273451520885,13.13181170765501,1.7896723697944404e+18,1.7896724303082596e+18
1789672433808657186,13.18,1.65,80.575,100.0,0.0,-35.91362635032213,13.126889464817932,1.7896723667401446e+18,1.7896724304854141e+18
1789672434008772504,13.18,1.73,245.875,100.0,0.0,-36.410247586934915,13.125792914781226,1.7896723636961021e+18,1.78967243065824e+18
1789672434208892548,13.172,1.65,750.35,100.0,0.0,-41.794263532459226,13.116077981453515,1.7896723606557476e+18,1.78967243082724e+18
1789672434409152312,13.176,1.65,651.475,100.0,0.0,-45.10445225512268,13.110105067727375,1.7896723576129472e+18,1.7896724309928579e+18
1789672434809730825,13.176,1.6325,349.725,100.0,0.0,-48.278946077545534,13.104412136011986,1.7896723542739564e+18,1.7896724311673923e+18
1789672435210563727,13.176,1.65,1067.275,100.0,0.0,-50.88889966867212,13.099700536870811,1.7896723506428042e+18,1.7896724313501133e+18
1789672435544405537,13.172,1.765,1618.65,100.0,0.0,-48.7915725564411,13.102939204383523,1.7896723468282488e+18,1.7896724315363666e+18
1789672435744512450,13.172,1.665,24.525,100.0,0.0,-51.913035222636395,13.097260666476785,1.789672343039903e+18,1.7896724317181036e+18
1789672435944828358,13.168,1.5675,74.825,100.0,0.0,-57.83293316314324,13.086794496207292,1.7896723392699776e+18,1.789672431895808e+18
1789672436345567015,13.172,1.7,228.325,100.0,0.0,-59.10882368275092,13.084310430898938,1.7896723352085302e+18,1.7896724320808343e+18
1789672436746400580,13.164,1.7,696.775,100.0,0.0,-61.085109575630774,13.080462747143601,1.7896723308605015e+18,1.7896724322726129e+18
1789672437146607937,13.164,1.68,487.975,100.0,0.0,-64.12117496788707,13.074830762978916,1.7896723262320266e+18,1.7896724324705795e+18
1789672437480728274,13.164,1.7,1489.175,100.0,0.0,-65.88599632246012,13.071387593148165,1.789672321436419e+18,1.7896724326706977e+18
1789672437681122612,13.16,1.7,1267.8,100.0,0.0,-67.9218146806305,13.067415707646232,1.7896723166932677e+18,1.7896724328657697e+18
1789672437881172803,13.156,1.73,592.2,100.0,0.0,-67.5073048219934,13.067574893562968,1.7896723119942252e+18,1.7896724330562483e+18
1789672438281733021,13.156,1.68,168.85,100.0,0.0,-71.28228932345284,13.060591945472645,1.7896723070129966e+18,1.789672433252531e+18
1789672438682643483,13.164,1.6325,515.275,100.0,0.0,-75.12835457333205,13.053724421964167,1.7896723017539487e+18,1.7896724334542141e+18
1789672439016747697,13.16,1.68,1572.475,100.0,0.0,-77.87885373653997,13.048624390698242,1.7896722963332206e+18,1.7896724336576064e+18
1789672439216936334,13.156,1.7,1522.0,100.0,0.0,-79.66694295778352,13.045098527200414,1.789672290973425e+18,1.789672433856137e+18
1789672439617182173,13.156,1.715,1367.975,100.0,0.0,-80.24214650831424,13.043656735536407,1.7896722853394038e+18,1.7896724340596198e+18
1789672439817299118,13.152,1.68,897.925,100.0,0.0,-83.7593770973525,13.03714673763472,1.7896722797673498e+18,1.7896724342583877e+18
1789672440017452877,13.156,1.715,1101.825,100.0,0.0,-84.24439410354672,13.03589175613119,1.7896722742485724e+18,1.7896724344528338e+18
1789672440351074456,13.156,1.715,85.7,100.0,0.0,-84.71313271044666,13.034678894985847,1.7896722685607744e+18,1.7896724346492063e+18
1789672440551309414,13.152,1.7,261.525,100.0,0.0,-86.48681497902416,13.031189510112112,1.7896722629222536e+18,1.7896724348415503e+18
1789672440952063352,13.156,1.6325,798.1,100.0,0.0,-90.95411345034402,13.023245178182707,1.7896722570030031e+18,1.789672435038759e+18
1789672441352741011,13.152,1.68,797.2,100.0,0.0,-93.85847199856643,13.01787211486849,1.7896722508074775e+18,1.7896724352405263e+18
1789672441553148573,13.16,1.665,794.45,100.0,0.0,-96.17384578266297,13.013673879123163,1.7896722446720842e+18,1.7896724354381133e+18
1789672441753418251,13.148,1.75,786.05,100.0,0.0,-92.83415994744848,13.018889489942598,1.7896722385890785e+18,1.7896724356318377e+18
1789672442087405600,13.156,1.73,760.425,100.0,0.0,-91.99205777442077,13.01998061768961,1.7896722323360865e+18,1.7896724358273528e+18
1789672442487666409,13.156,1.5975,682.225,100.0,0.0,-95.84911955288952,13.01319631548393,1.789672225805915e+18,1.7896724360272084e+18
1789672442821431743,13.152,1.7,443.575,100.0,0.0,-97.01745976027753,13.010836025407773,1.7896722191135726e+18,1.789672436228501e+18
1789672443021809947,13.148,1.665,1353.675,100.0,0.0,-100.63873533594091,13.004270117503898,1.7896722124816243e+18,1.789672436425931e+18
1789672443289010597,13.144,1.68,854.275,99.99341480326379,0.0,-103.65193973143482,12.998682960652758,1.7896722057791196e+18,1.7896724366227543e+18
1789672443623015795,13.152,1.715,968.625,99.99162847774913,0.0,-103.65949303793657,12.998325695549827,1.789672198905142e+18,1.7896724368212498e+18
1789672444023936641,13.152,1.7,1317.6,99.98164493517599,0.0,-104.6412191659311,12.996328987035199,1.7896721917305787e+18,1.7896724370243945e+18
1789672444424777705,13.148,1.7,744.175,99.97020171830964,0.0,-105.76648155688557,12.994040343661927,1.7896721842532416e+18,1.789672437232113e+18
1789672444625096094,13.148,1.7,632.625,99.95908181222153,0.0,-106.85995136157612,12.991816362444306,1.7896721768156964e+18,1.7896724374367972e+18
1789672444825558002,13.148,1.715,292.2,99.95761527326695,0.0,-106.82042112177228,12.99152305465339,1.7896721694345219e+18,1.7896724376380344e+18
1789672445159594695,13.148,1.715,891.7,99.95618732952744,0.0,-106.78193120763144,12.991237465905488,1.7896721618815852e+18,1.789672437840791e+18
1789672445360053356,13.144,1.615,1082.85,99.90788875301004,0.0,-112.27102699524521,12.981577750602009,1.789672154250506e+18,1.7896724380437734e+18
1789672445760973620,13.14,1.715,27.775,99.9071639484116,0.0,-112.10029300341665,12.981432789682318,1.7896721463301038e+18,1.7896724382506752e+18
1789672446161738306,13.136,1.68,84.75,99.87817870649744,0.0,-115.23529930597884,12.975635741299488,1.7896721380382845e+18,1.789672438463507e+18
1789672446562571204,13.136,1.8,258.625,99.97143735192347,0.0,-104.00949854480578,12.994287470384695,1.78967212975365e+18,1.7896724386725476e+18
1789672446963494287,13.136,1.7,789.25,99.9578298014734,0.0,-105.34467152547765,12.991565960294679,1.7896721211556127e+18,1.7896724388859139e+18
1789672447364327597,13.136,1.7,770.175,99.94456800778545,0.0,-106.64591884934741,12.98891360155709,1.7896721122454648e+18,1.7896724391034624e+18
1789672447698160061,13.136,1.715,711.975,99.94361296225664,0.0,-106.50559720546138,12.988722592451326,1.7896721031838195e+18,1.7896724393218002e+18
1789672447898652369,13.136,1.665,534.375,99.90783944123724,0.0,-110.47342555876133,12.981567888247449,1.7896720940807027e+18,1.789672439539412e+18
1789672448099012342,13.132,1.65,1630.775,99.8597738013882,0.0,-115.86887250391376,12.97195476027764,1.789672084879875e+18,1.7896724397576356e+18
1789672448299395034,13.132,1.715,61.525,99.85996070805385,0.0,-115.58444100621894,12.97199214161077,1.7896720757446515e+18,1.7896724399726034e+18
1789672448700220257,13.132,1.7,187.75,99.8475385773796,0.0,-116.7905526985569,12.969507715475919,1.789672066274314e+18,1.789672440192021e+18
1789672449100968841,13.132,1.615,572.95,99.78911622734189,0.0,-123.44587755919824,12.95782324546838,1.7896720562863503e+18,1.789672440419953e+18
1789672449501680791,13.132,1.865,110.1,99.96841880215976,0.0,-102.14117472115682,12.993683760431953,1.7896720467395187e+18,1.7896724406346243e+18
1789672449835725536,13.128,1.68,335.975,99.94057755038405,0.0,-105.15096658774915,12.98811551007681,1.7896720369297508e+18,1.7896724408525565e+18
1789672450036164496,13.128,1.715,1025.3,99.94055876608813,0.0,-104.89359060013416,12.988111753217627,1.789672027205564e+18,1.7896724410670395e+18
1789672450236500956,13.124,1.73,1490.55,99.95494665784184,0.0,-102.92411897317565,12.990989331568368,1.7896720176223084e+18,1.7896724412768973e+18
1789672450436857296,13.128,1.75,1271.975,99.98647409316064,0.0,-98.9726598177284,12.997294818632128,1.7896720082516298e+18,1.7896724414806292e+18
1789672450637339228,13.128,1.73,604.95,99.99875385025301,0.0,-97.28753350974718,12.999750770050602,1.7896719990049352e+18,1.7896724416802245e+18
1789672450837801504,13.124,1.68,207.75,99.96942227810011,0.0,-100.4715187887242,12.993884455620021,1.7896719896894966e+18,1.7896724418798625e+18
1789672451038275944,13.124,1.65,634.0,99.9210683269567,0.0,-105.90267911257706,12.984213665391339,1.7896719802081743e+18,1.7896724420815962e+18
1789672451238568823,13.12,1.7,296.4,99.90758350966043,0.0,-107.21148843178298,12.981516701932085,1.7896719707130153e+18,1.7896724422821809e+18
1789672451439028596,13.124,1.68,904.525,99.88069392542823,0.0,-110.1289045564552,12.976138785085647,1.7896719611332055e+18,1.7896724424831063e+18
1789672451706017056,13.12,1.78,1121.975,99.95089095150948,0.0,-101.62275174442904,12.990178190301895,1.789671951819702e+18,1.789672442676602e+18
1789672452040034094,13.12,1.78,147.175,100.0,0.0,-93.46839032216351,13.003636963829347,1.7896719425713382e+18,1.7896724428665016e+18
1789672452440895972,13.12,1.68,449.125,99.98897091419269,0.0,-96.64458015987297,12.99779418283854,1.7896719329858478e+18,1.7896724430606164e+18
1789672452841742341,13.12,1.75,1370.6,100.0,0.0,-92.54135533889266,13.004363649163656,1.789671923179305e+18,1.78967244325654e+18
1789672453175762896,13.116,1.765,905.925,100.0,0.0,-86.28084381798108,13.01459013553202,1.789671913209447e+18,1.789672443453532e+18
1789672453443044248,13.112,1.73,1126.25,100.0,0.0,-84.30313023882798,13.017480969462087,1.7896719031884017e+18,1.7896724436498002e+18
1789672453643324665,13.116,1.68,160.225,100.0,0.0,-87.69867393962659,13.011252131728261,1.789671893226654e+18,1.7896724438436355e+18
1789672453843786573,13.116,1.665,488.95,100.0,0.0,-92.33501701722389,13.002920535589338,1.7896718833181036e+18,1.789672444035174e+18
1789672454044243662,13.116,1.65,1492.15,99.96410739318863,0.0,-98.0181015145389,12.992821478637726,1.7896718732566753e+18,1.789672444228394e+18
1789672454244637351,13.108,1.715,1276.875,99.96430640422241,0.0,-97.70871014096178,12.992861280844483,1.7896718632401334e+18,1.7896724444195028e+18
1789672454578736682,13.112,1.78,619.9,100.0,0.0,-89.30450262826679,13.006755903536517,1.7896718532523382e+18,1.7896724446080092e+18
1789672454979678403,13.108,1.73,253.375,100.0,0.0,-87.26051979932772,13.009773641726529,1.7896718429826458e+18,1.7896724447993736e+18
1789672455179993591,13.108,1.615,773.225,99.96712810870557,0.0,-96.58291434445597,12.993425621741112,1.789671832563935e+18,1.789672444992295e+18
1789672455380458099,13.112,1.75,721.275,100.0,0.0,-92.37698937738504,13.000178704956753,1.7896718223890834e+18,1.789672445179517e+18
1789672455714197365,13.104,1.6325,562.75,99.92835581896263,0.0,-100.60819566020726,12.985671163792526,1.7896718115935058e+18,1.789672445376092e+18
1789672455914678915,13.108,1.68,78.975,99.89844163848005,0.0,-103.86414862866552,12.97968832769601,1.7896718006476918e+18,1.7896724455741699e+18
1789672456315409597,13.108,1.68,241.0,99.86917742272847,0.0,-107.04935740286228,12.973835484545695,1.7896717892135519e+18,1.7896724457785564e+18
1789672456716328667,13.108,1.7,735.45,99.85694143342381,0.0,-108.23846432041657,12.971388286684764,1.7896717773950167e+18,1.789672445987282e+18
1789672457117148297,13.104,1.65,606.0,99.80293403484423,0.0,-114.32240194162011,12.960586806968845,1.7896717649051715e+18,1.7896724462052754e+18
1789672457517928202,13.104,1.7,210.95,99.79061624732476,0.0,-115.51015066076975,12.958123249464952,1.7896717520163384e+18,1.7896724464276426e+18
1789672457851816571,13.1,1.68,643.75,99.7589138349694,0.0,-118.96067566252526,12.951782766993881,1.7896717387053793e+18,1.7896724466551286e+18
1789672458052258931,13.104,1.7,326.15,99.74719880508145,0.0,-120.08686534651235,12.949439761016292,1.789671725346232e+18,1.7896724468821524e+18
1789672458252561137,13.1,1.7,995.325,99.73475384826776,0.0,-121.28322439256887,12.946950769653553,1.7896717119276882e+18,1.78967244710891e+18
1789672458452936722,13.1,1.715,1399.075,99.73726536542729,0.0,-120.72618174817609,12.947453073085459,1.7896716985553083e+18,1.7896724473336225e+18
1789672458653310541,13.104,1.7,992.825,99.72603482889436,0.0,-121.80805860999384,12.94520696577887,1.7896716851220813e+18,1.7896724475580984e+18
1789672458853766199,13.1,1.73,1391.45,99.74409667267642,0.0,-119.43232833997305,12.948819334535283,1.7896716718497306e+18,1.789672447778656e+18
1789672459254517151,13.104,1.78,969.55,99.81453138402988,0.0,-110.93054378478676,12.962906276805976,1.7896716588074903e+18,1.7896724479930148e+18
1789672459655153801,13.096,1.715,1320.425,99.81646670491249,0.0,-110.43921903752867,12.963293340982498,1.7896716454666578e+18,1.7896724482099254e+18
1789672460055889701,13.092,1.7,752.8,99.80233114891328,0.0,-111.81990849622817,12.960466229782655,1.7896716316957663e+18,1.7896724484314716e+18
1789672460389635876,13.096,1.75,658.95,99.84265121226552,0.0,-106.8328302143665,12.968530242453104,1.7896716180736988e+18,1.7896724486487222e+18
1789672460656785557,13.096,1.7,372.55,99.82954072856863,0.0,-108.11991393720746,12.965908145713726,1.7896716042700746e+18,1.7896724488673646e+18
1789672460857187956,13.092,1.73,1136.925,99.84805594861588,0.0,-105.68199643084253,12.969611189723176,1.789671590674502e+18,1.7896724490816033e+18
1789672461191196884,13.088,1.75,192.8,99.8921109519934,0.0,-100.23724129862956,12.978422190398682,1.7896715772848256e+18,1.789672449290809e+18
1789672461391668367,13.092,1.73,588.375,99.9097714723537,0.0,-97.90892973892652,12.98195429447074,1.7896715641067308e+18,1.7896724494956695e+18
1789672461591833765,13.092,1.665,157.175,99.86329563008299,0.0,-103.10766767625472,12.972659126016598,1.7896715505525545e+18,1.789672449705309e+18
1789672461992710522,13.084,1.765,479.65,99.92841176077961,0.0,-95.19156320918117,12.985682352155923,1.7896715373029292e+18,1.7896724499081948e+18
1789672462393429169,13.084,1.615,1463.775,99.83237731704942,0.0,-106.17694462819077,12.966475463409884,1.7896715228457439e+18,1.7896724501273969e+18
1789672462794374626,13.08,1.8,1190.275,99.94864245175934,0.0,-92.25879682179468,12.989728490351869,1.7896715092159388e+18,1.7896724503320566e+18
1789672463128360663,13.088,1.715,355.625,99.94987766645012,0.0,-91.85881725023523,12.989975533290025,1.7896714954325747e+18,1.789672450537379e+18
1789672463328822234,13.084,1.7,1085.275,99.9350679434293,0.0,-93.32624102517046,12.987013588685862,1.7896714815652808e+18,1.7896724507429714e+18
1789672463529261550,13.084,1.765,35.175,99.99465801359872,0.0,-86.08020852189317,12.998931602719745,1.7896714683599872e+18,1.7896724509378176e+18
1789672463929976716,13.084,1.75,107.325,100.0,0.0,-81.10165963618361,13.006987929657244,1.7896714549340902e+18,1.789672451134058e+18
1789672464330815104,13.084,1.665,327.525,99.98614777914446,0.0,-86.56143765406298,12.997229555828893,1.7896714410903598e+18,1.789672451334532e+18
1789672464731643465,13.092,1.7,999.525,99.97364299249904,0.0,-87.80689476120546,12.994728598499808,1.78967142683952e+18,1.789672451539015e+18
1789672465132447927,13.084,1.68,1411.9,99.94006657741897,0.0,-91.49223085742011,12.988013315483796,1.7896714119503729e+18,1.7896724517507366e+18
1789672465533285925,13.088,1.6325,1031.975,99.87278189370895,0.0,-99.15636912380094,12.97455637874179,1.7896713960360384e+18,1.789672451975034e+18
1789672465733673681,13.088,1.75,1510.925,99.90982504994679,0.0,-94.58517031823058,12.981965009989358,1.78967138060559e+18,1.7896724521915502e+18
1789672466067576379,13.08,1.6325,1334.175,99.83441209313979,0.0,-103.17546192776767,12.966882418627957,1.7896713641465428e+18,1.789672452420812e+18
1789672466267784020,13.08,1.68,794.775,99.80174591033459,0.0,-106.75523039911819,12.960349182066919,1.7896713473702564e+18,1.7896724526534812e+18
1789672466468167057,13.084,1.665,787.05,99.75938141089622,0.0,-111.4955466171726,12.951876282179246,1.7896713301483825e+18,1.789672452891294e+18
1789672466668536385,13.088,1.68,763.475,99.73222600316706,0.0,-114.47053670697578,12.946445200633411,1.789671312643006e+18,1.7896724531319677e+18
1789672466868818631,13.084,1.5975,691.525,99.64906694394283,0.0,-124.0237192761951,12.929813388788567,1.7896712941668216e+18,1.7896724533848914e+18
1789672467135827639,13.084,1.665,471.95,99.61034796328937,0.0,-128.3520455255333,12.922069592657875,1.7896712751000236e+18,1.789672453644404e+18
1789672467469750378,13.08,1.6325,1440.275,99.54636609989889,0.0,-135.6429363229652,12.909273219979777,1.789671254973218e+18,1.789672453916402e+18
1789672467670076620,13.076,1.7,1118.55,99.53566845620134,0.0,-136.6508999244048,12.907133691240267,1.7896712346934876e+18,1.789672454189314e+18
1789672468071001351,13.08,1.7,136.725,99.52577813850235,0.0,-137.58279488455702,12.90515562770047,1.7896712138672192e+18,1.7896724544672468e+18
1789672468471843316,13.076,1.665,417.25,99.48417127035134,0.0,-142.23439887866044,12.896834254070267,1.7896711920573317e+18,1.7896724547559245e+18
1789672468672232817,13.072,1.6325,1273.325,99.41529613863028,0.0,-150.08684569012252,12.883059227726056,1.7896711692674924e+18,1.7896724550563576e+18
1789672468939522077,13.08,1.6325,609.075,99.35819378122335,0.0,-156.59707969103255,12.871638756244671,1.7896711454730785e+18,1.7896724553683558e+18
1789672469206738962,13.076,1.6325,220.325,99.29826955513145,0.0,-163.42903465571177,12.85965391102629,1.7896711205861043e+18,1.7896724556929528e+18
1789672469607471858,13.076,1.68,672.375,99.27279266737209,0.0,-166.20025678825402,12.854558533474417,1.7896710947688077e+18,1.78967245602706e+18
1789672469874468331,13.068,1.765,413.525,99.34086012831915,0.0,-157.9322277630113,12.86817202566383,1.7896710697130621e+18,1.789672456349652e+18
1789672470141547613,13.068,1.715,1261.975,99.3473239540842,0.0,-156.9164412611365,12.869464790816842,1.7896710445171325e+18,1.7896724566724022e+18
1789672470341912544,13.072,1.68,574.425,99.32057687118647,0.0,-159.8296918601376,12.864115374237295,1.7896710188060047e+18,1.7896724570005212e+18
1789672470742576917,13.072,1.75,114.6,99.36503963430017,0.0,-154.3623432738779,12.873007926860035,1.7896709932703014e+18,1.7896724573239752e+18
1789672471009765329,13.064,1.68,349.725,99.3351651004253,0.0,-157.61865701928195,12.867033020085062,1.7896709670055035e+18,1.7896724576550454e+18
1789672471276789984,13.064,1.5975,1067.275,99.24527801185587,0.0,-167.96016626560936,12.849055602371175,1.7896709389545216e+18,1.789672458006925e+18
1789672471678307864,13.068,1.715,1618.65,99.25209721147009,0.0,-166.9168831901467,12.850419442294017,1.7896709104078333e+18,1.7896724583624696e+18
1789672472145542556,13.064,1.665,24.525,99.21121713641595,0.0,-171.48344264401908,12.84224342728319,1.789670880344243e+18,1.7896724587338693e+18
1789672472412507722,13.064,1.665,74.825,99.17105843576543,0.0,-175.9694200760088,12.834211687153086,1.789670849195713e+18,1.7896724591169206e+18
1789672472812820572,13.064,1.73,228.325,99.19522722422768,0.0,-172.87705666257776,12.839045444845535,1.7896708178217257e+18,1.7896724595001556e+18
1789672473079708330,13.06,1.73,696.775,99.22035046205124,0.0,-169.66257275934788,12.84407009241025,1.78967078659479e+18,1.789672459879917e+18
1789672473480199893,13.06,1.6325,487.975,99.15362959099355,0.0,-177.27675516819477,12.83072591819871,1.7896707533433562e+18,1.7896724602816696e+18
1789672473747006267,13.056,1.6325,1489.175,99.08456980881485,0.0,-185.15785399511998,12.81691396176297,1.789670718249839e+18,1.7896724607038743e+18
1789672474147309992,13.064,1.73,1267.8,99.10840880364158,0.0,-182.11387111141892,12.821681760728316,1.7896706828646863e+18,1.7896724611269105e+18
1789672474549100064,13.06,1.78,592.2,99.19678606301977,0.0,-171.46270343624366,12.839357212603955,1.7896706486649295e+18,1.7896724615332618e+18
1789672474816198864,13.056,1.73,168.85,99.22192194436926,0.0,-168.24791300019166,12.844384388873852,1.7896706146741693e+18,1.789672461935496e+18
1789672475083475341,13.06,1.68,515.275,99.19540349496523,0.0,-171.13382511899175,12.839080698993047,1.7896705797119363e+18,1.7896724623475717e+18
1789672475484192686,13.06,1.715,1572.475,99.20280655947411,0.0,-170.02549487345067,12.840561311894824,1.789670544205907e+18,1.789672462763588e+18
1789672475951612862,13.052,1.715,1522.0,99.21093574352145,0.0,-168.80845555947542,12.84218714870429,1.7896705080095365e+18,1.789672463184859e+18
1789672476218789498,13.056,1.665,1367.975,99.17024821442604,0.0,-173.35903549955924,12.834049642885208,1.789670470402009e+18,1.7896724636208896e+18
1789672476485887946,13.052,1.8,897.925,99.2910944272809,0.0,-158.88706386170924,12.858218885456179,1.7896704355540544e+18,1.7896724640234173e+18
1789672476886513002,13.056,1.68,1101.825,99.26401937183478,0.0,-161.83713706368388,12.852803874366955,1.7896703993364498e+18,1.7896724644394696e+18
1789672477153720180,13.048,1.715,85.7,99.27199668807435,0.0,-160.63676066501424,12.85439933761487,1.7896703630127885e+18,1.7896724648552195e+18
1789672477420899958,13.052,1.7,261.525,99.26353935286161,0.0,-161.38643760695234,12.852707870572322,1.7896703261344732e+18,1.7896724652758047e+18
1789672477821303361,13.048,1.68,798.1,99.23405073322408,0.0,-164.6020358002912,12.846810146644817,1.7896702877194373e+18,1.789672465711598e+18
1789672478088574001,13.052,1.73,797.2,99.25845986838233,0.0,-161.4884508898448,12.851691973676468,1.7896702496668718e+18,1.789672466141775e+18
1789672478355754184,13.052,1.615,794.45,99.18150175158014,0.0,-170.32211086802528,12.836300350316028,1.7896702089497303e+18,1.7896724666004913e+18
1789672478756492196,13.044,1.665,786.05,99.13748919048146,0.0,-175.24585850107277,12.827497838096294,1.7896701660590318e+18,1.7896724670812337e+18
1789672479023669960,13.044,1.5975,760.425,99.04420256351086,0.0,-185.9920392888879,12.808840512702174,1.7896701196992177e+18,1.7896724675991296e+18
1789672479491192047,13.044,1.665,682.225,99.00266137583002,0.0,-190.6348504050695,12.800532275166004,1.789670070733133e+18,1.789672468143008e+18
1789672479758339865,13.044,1.665,443.575,97.6233462098899,0.0,-195.20619637377584,12.792351923388278,1.7896699729420198e+18,1.7896724692257098e+18
1789672480159054161,13.044,1.68,1353.675,96.66143838628565,0.0,-198.10748972704886,12.78700799103492,1.7896698320328238e+18,1.789672470778577e+18
1789672480426243063,13.044,1.715,854.275,97.0107924298612,0.0,-196.71575581798277,12.788948846832563,1.7896696944975782e+18,1.7896724722898045e+18
1789672480693518836,13.044,1.5975,968.625,93.98197255214542,0.0,-206.41214202697662,12.772122069734142,1.7896693958594355e+18,1.7896724755620275e+18
1789672481094363254,13.048,1.6325,1317.6,91.89468138847468,0.0,-213.0350186593582,12.760526007713748,1.7896688944870561e+18,1.7896724810347471e+18
1789672481361558492,13.044,1.765,744.175,94.45601868896976,0.0,-204.40418226096986,12.774755659383166,1.78966846073933e+18,1.789672485758977e+18
1789672481628725632,13.04,1.73,632.625,95.45328987814332,0.0,-200.88778398939726,12.780296054878574,1.789668034812905e+18,1.7896724903889623e+18
1789672482096470390,13.04,1.8825,292.2,99.15868483493617,0.0,-170.3594601539921,12.831736966987233,1.7896679646013348e+18,1.7896724911498348e+18
1789672482363672659,13.04,1.7,891.7,99.15191005153306,0.0,-170.91328758714454,12.830382010306613,1.789667893155953e+18,1.7896724919227297e+18
1789672482764473787,13.04,1.715,1082.85,99.16038583347947,0.0,-169.67278464683986,12.832077166695893,1.7896678215236324e+18,1.789672492695652e+18
1789672482964818874,13.032,1.665,27.775,99.11807105639294,0.0,-174.3954643286543,12.823614211278588,1.789667744846416e+18,1.7896724935219676e+18
1789672483231989582,13.036,1.7,84.75,99.11128811501837,0.0,-174.94590868994405,12.822257623003674,1.7896676667367468e+18,1.7896724943623078e+18
1789672483499201039,13.036,1.615,258.625,99.03494342172144,0.0,-183.7062553924142,12.806988684344288,1.7896675787402862e+18,1.7896724953074496e+18
1789672483899950389,13.032,1.68,789.25,99.0084998243711,0.0,-186.5682980313432,12.80169996487422,1.789667485727116e+18,1.7896724963040404e+18
1789672484300849584,13.028,1.7,770.175,99.00190968973902,0.0,-187.08040637691406,12.800381937947806,1.7896673899663212e+18,1.789672497327617e+18
1789672484568045847,13.032,1.665,711.975,97.6457135259692,0.0,-191.49191690568063,12.792476186255385,1.7896671074051151e+18,1.7896725003431514e+18
1789672484835077851,13.028,1.715,534.375,98.01872743845456,0.0,-190.0110031241972,12.794548485769193,1.7896668590571574e+18,1.7896725029896146e+18
1789672485035328204,13.024,1.665,1630.775,96.47944578644575,0.0,-194.78416941893363,12.78599692103581,1.7896663282657705e+18,1.7896725086397893e+18
1789672485435897236,13.028,1.5825,61.525,93.01252927478546,0.0,-205.90672809595344,12.766736273748808,1.7896648489291876e+18,1.789672524356137e+18
1789672485836467115,13.032,1.68,187.75,92.15392361499913,0.0,-208.48117264254589,12.76196624230555,1.7896620869889905e+18,1.7896725536524454e+18
1789672486237020912,13.024,1.68,572.95,91.22004785437005,0.0,-211.2813071766578,12.75677804363539,1.7896551879664335e+18,1.78967262674708e+18
1789672486437441322,13.024,1.665,110.1,89.95416022063694,0.0,-215.69989446605516,12.748854005515923,1.7896044057007703e+18,1.7896731645945882e+18
1789672486637779021,13.02,1.73,335.975,90.88771805772828,0.0,-211.8479598287361,12.75493176698738,1.7897162482150454e+18,1.7896719801480443e+18
1789672486904814171,13.024,1.665,1025.3,89.88512319630445,0.0,-216.20068517293637,12.747128079907611,1.7896881211307164e+18,1.7896722780774497e+18
1789672487304857488,13.024,1.5325,1490.55,89.0396756967877,0.0,-228.47106559079697,12.725991892419692,1.7896817476308972e+18,1.7896723456393006e+18
1789672487572608356,13.02,1.68,1271.975,88.84651023909719,0.0,-231.06339077215085,12.72116275597743,1.789679079086609e+18,1.789672373951622e+18
1789672487973026634,13.02,1.6325,604.95,88.34642835236949,0.0,-238.1983194367422,12.708660708809237,1.7896775720306143e+18,1.7896723899700283e+18
1789672488239781590,13.02,1.7,207.75,88.31763295138522,0.0,-238.36792296463506,12.70794082378463,1.7896766444433377e+18,1.7896723998447073e+18
1789672488439906033,13.02,1.7,634.0,88.28910187015197,0.0,-238.53596966189477,12.7072275467538,1.789676017088379e+18,1.7896724065328538e+18
1789672488840155913,13.02,1.715,296.4,88.38907726723477,0.0,-236.80848592542952,12.70972693168087,1.7896755678936315e+18,1.789672411337832e+18
1789672489106988273,13.02,1.65,904.525,88.00535394854109,0.0,-242.23253273577575,12.700133848713527,1.7896752158662264e+18,1.7896724151130844e+18
1789672489507261802,13.02,1.68,1121.975,87.82506882474166,0.0,-244.65043123164386,12.695626720618542,1.7896749372511826e+18,1.7896724181139492e+18
1789672489774114958,13.02,1.7,147.175,87.79962301457566,0.0,-244.78201544874736,12.694990575364391,1.7896747153062083e+18,1.7896724205120607e+18
1789672489974340989,13.016,1.7,449.125,87.77329849465332,0.0,-244.91814360981596,12.694332462366333,1.7896745346259067e+18,1.7896724224694456e+18
1789672490374879086,13.016,1.615,1370.6,87.19872649392983,0.0,-253.1703185630771,12.679968162348246,1.789674375620915e+18,1.7896724242018335e+18
1789672490641865041,13.016,1.715,905.925,87.30512280820655,0.0,-251.3498728124925,12.682628070205164,1.7896742443438694e+18,1.789672425637977e+18
1789672490842213005,13.016,1.6325,1126.25,86.83071873349228,0.0,-258.12424807319246,12.670767968337307,1.7896741277638822e+18,1.7896724269175386e+18
1789672491242786783,13.016,1.73,160.225,87.07507220085454,0.0,-254.26960058064435,12.676876805021363,1.7896740304290834e+18,1.789672427993377e+18
1789672491509810340,13.012,1.6325,488.95,86.58680890456957,0.0,-261.2424029457053,12.66467022261424,1.7896739418792614e+18,1.789672428976945e+18
1789672491910270688,13.016,1.73,1492.15,86.82924262338695,0.0,-257.4196957636088,12.670731065584674,1.789673866669486e+18,1.7896724298188485e+18
1789672492311006707,13.016,1.5975,1276.875,86.23521331414906,0.0,-265.9868372834544,12.655880332853727,1.7896737962132813e+18,1.7896724306139315e+18
1789672492511157914,13.008,1.715,619.9,86.35128597423616,0.0,-264.01498179008644,12.658782149355904,1.7896737350717627e+18,1.7896724313068221e+18
1789672492777950114,13.012,1.615,253.375,85.8097836542202,0.0,-271.7942174742237,12.645244591355505,1.7896736776942164e+18,1.7896724319609024e+18
1789672493245420244,13.012,1.665,773.225,85.54261404015136,0.0,-275.507647203505,12.638565351003784,1.7896736251184425e+18,1.78967243256669e+18
1789672493445479176,13.016,1.5675,721.275,84.93669229418757,0.0,-284.28680147903304,12.62341730735469,1.7896735753916618e+18,1.7896724331423662e+18
1789672493845961869,12.844,3.2,562.75,100.0,6.37,52.485616945420794,13.194800019714917,1.789673601219426e+18,1.7896724328404073e+18
1789672494246007101,12.98,1.715,78.975,100.0,6.37,52.877616061531775,13.194939772586128,1.7896736277687588e+18,1.78967243252705e+18
1789672494646269062,11.848,16.7975,241.0,100.0,6.37,82.86840962077959,13.246060076378502,1.7896736550627484e+18,1.7896724322019453e+18
1789672494846412513,11.436,26.065,735.45,100.0,8.645000000000001,72.51529387241202,13.228157976456599,1.7896736828841533e+18,1.7896724318690826e+18
1789672495113263393,10.516,39.915,606.0,100.0,8.645000000000001,69.45813640753397,13.222713643061743,1.7896737113285903e+18,1.7896724315267873e+18
1789672495513564198,10.8,37.0325,210.95,100.0,10.36,67.96034122628764,13.2200770704855,1.789673740579932e+18,1.7896724311718067e+18
1789672495913730710,10.648,38.2975,643.75,100.0,10.36,67.7297272204257,13.219667761349482,1.7896737706652408e+18,1.7896724308037204e+18
1789672496180569551,10.552,38.55,326.15,100.0,11.62,68.06578337505721,13.220265507411149,1.7896738014393298e+18,1.7896724304252196e+18
1789672496580887839,10.424,39.535,995.325,100.0,12.4775,68.58715819264295,13.22120254068767,1.7896738330986458e+18,1.789672430032839e+18
1789672496981178297,10.292,40.5325,1399.075,100.0,12.4775,69.22111804125032,13.222355780003367,1.789673865673734e+18,1.7896724296261064e+18
1789672497248012323,10.276,41.2175,992.825,100.0,13.265,69.56576307650494,13.222988649823511,1.7896738990121907e+18,1.7896724292078446e+18
1789672497648315661,10.12,42.9475,1391.45,100.0,13.265,69.95028314488341,13.223713101695873,1.7896739333244242e+18,1.789672428774355e+18
1789672498115655055,10.0,43.5675,969.55,100.0,13.965,70.47306075410205,13.224707801272512,1.7896739687408975e+18,1.7896724283233818e+18
1789672498315808981,10.772,29.735,1320.425,100.0,14.647499999999999,71.13257062203043,13.225492468546294,1.7896740049117368e+18,1.7896724278613012e+18
1789672498583084203,9.86,45.2475,752.8,100.0,14.647499999999999,71.51497007611235,13.226256811434737,1.789674041959633e+18,1.7896724273859876e+18
1789672498983553576,9.86,45.135,658.95,100.0,15.224999999999998,71.83810777652633,13.226901352875837,1.7896740801135767e+18,1.7896724268934403e+18
1789672499651088031,10.68,28.835,1136.925,100.0,16.3275,72.48564656775454,13.227473151614749,1.7896741198292516e+18,1.7896724263756152e+18
1789672499851210935,10.3,35.6825,192.8,100.0,16.3275,73.04405096245698,13.228317160288046,1.7896741604305582e+18,1.7896724258447263e+18
1789672500117976555,10.572,29.9175,588.375,100.0,16.712500000000002,73.65173062956617,13.228908908825357,1.7896742020532319e+18,1.7896724252984376e+18
1789672500585059566,10.476,31.465,157.175,100.0,17.01,74.22342149506738,13.229564433482977,1.7896742450617715e+18,1.789672424730367e+18
1789672500985508031,11.892,3.3325,479.65,100.0,17.3425,74.18099815089975,13.225113351869926,1.7896742893995313e+18,1.7896724241416458e+18
1789672501252608722,10.956,22.2,1463.775,100.0,17.3425,74.71061545757154,13.224913689682348,1.7896743348868124e+18,1.7896724235356017e+18
1789672501653085656,11.268,16.25,1190.275,100.0,17.36,75.129205784762,13.223806207971801,1.7896743817997233e+18,1.7896724229074465e+18
1789672501919895411,11.492,11.6975,355.625,100.0,17.3425,75.42543258788069,13.221770437266,1.7896744299528724e+18,1.7896724222606072e+18
1789672502320675972,11.076,19.8,1085.275,100.0,17.3425,75.89265593421945,13.221283382861609,1.7896744796365962e+18,1.789672421590074e+18
1789672502587906040,11.188,17.635,35.175,100.0,17.3425,76.3155384706149,13.220471087014781,1.7896745306629215e+18,1.7896724208993119e+18
1789672503055670303,10.808,24.58,327.525,100.0,17.43,76.80246587204394,13.220594885937528,1.7896745834662523e+18,1.7896724201807928e+18
1789672503456308843,10.824,23.8975,999.525,100.0,17.64,77.28435216060653,13.220645894867092,1.789674637990493e+18,1.7896724194356808e+18
1789672503723811699,10.8,24.3825,1411.9,100.0,17.885,77.74652867712015,13.220745059841619,1.7896746940397222e+18,1.789672418667592e+18
1789672504125774341,11.496,11.8475,1031.975,100.0,17.885,77.998162729606,13.21887198024512,1.7896747519492836e+18,1.7896724178707901e+18
1789672504526537625,11.036,19.7175,1510.925,100.0,18.025000000000002,78.41532856561933,13.218403299837192,1.789674811796463e+18,1.7896724170441042e+18
1789672504927300120,11.936,3.1,1334.175,100.0,18.0425,78.3434626216387,13.2141580068851,1.789674873666475e+18,1.7896724161862305e+18
1789672505394699049,10.332,32.7825,787.05,100.0,18.060000000000002,78.7094500461871,13.214742750808282,1.7896749377976056e+18,1.789672415293196e+18
1789672505794958746,10.296,33.1475,763.475,100.0,18.3925,79.06219070764755,13.215320923162391,1.7896750041402665e+18,1.7896724143661002e+18
1789672506195485174,10.28,34.015,691.525,100.0,18.689999999999998,79.34044880807483,13.21580418973582,1.7896750727966403e+18,1.7896724134033772e+18
1789672506395897551,11.916,2.1,471.95,100.0,18.689999999999998,79.21172398160535,13.21096193191753,1.7896751433895058e+18,1.789672412411852e+18
1789672506863196729,11.26,15.2,1440.275,100.0,18.795,79.50620364906304,13.209692893969466,1.7896752166574843e+18,1.789672411378857e+18
1789672507263593154,11.188,16.715,1118.55,100.0,18.6375,79.8172905906356,13.208730455795994,1.7896752925628012e+18,1.7896724103053202e+18
1789672507663915614,11.3,14.4325,136.725,100.0,18.515,80.08847276545978,13.207348873288042,1.7896753712309524e+18,1.789672409189337e+18
1789672507864384792,10.616,27.015,417.25,100.0,18.55,80.44123023829641,13.207624617145443,1.7896754522600934e+18,1.789672408038166e+18
1789672508131390812,10.488,28.5475,1273.325,100.0,18.584999999999997,80.80593460642457,13.208015675945274,1.7896755359363617e+18,1.7896724068471027e+18
1789672508531896122,11.88,2.5175,609.075,100.0,18.62,80.69076305237118,13.203332738491053,1.7896756227587983e+18,1.789672405607804e+18
1789672508798726836,11.96,2.1,220.325,100.0,18.62,80.56467979928743,13.198791371551502,1.789675712502435e+18,1.789672404324472e+18
1789672509132698531,12.008,1.5325,672.375,100.0,18.375,80.417544062722,13.194178552216142,1.7896758055008018e+18,1.789672402991689e+18
1789672509399274964,11.48,11.135,413.525,100.0,17.99,80.59479098499737,13.192179589825301,1.7896759017180687e+18,1.789672401610401e+18
1789672509666179214,10.54,28.6825,1261.975,100.0,17.6925,80.88252356070782,13.192506219453303,1.7896760013087752e+18,1.7896724001783124e+18
1789672509866252874,10.132,35.9325,574.425,100.0,17.709999999999997,81.04715801283398,13.192858134525066,1.7896761042278013e+18,1.789672398696554e+18
1789672510266488327,10.3,32.05,114.6,100.0,17.814999999999998,81.31468576333633,13.193299739390989,1.789676211309671e+18,1.789672397151203e+18
1789672510666944162,10.248,33.6325,349.725,100.0,17.814999999999998,81.51078988375401,13.193666723937866,1.789676322785723e+18,1.789672395538757e+18
1789672510867109386,10.3,32.535,1067.275,100.0,17.92,81.72134466913951,13.194028135044336,1.7896764381897582e+18,1.789672393867636e+18
1789672511134175923,10.22,34.0675,1618.65,100.0,18.060000000000002,81.89128347269342,13.194357016729672,1.7896765579738432e+18,1.789672392130572e+18
1789672511534699978,10.136,35.9,24.525,100.0,18.2,82.00061427373743,13.194594764333308,1.789676682884506e+18,1.789672390315358e+18
1789672511735050471,10.208,33.915,74.825,100.0,18.287499999999998,82.17298480071854,13.194923222354511,1.7896768124401016e+18,1.7896723884307208e+18
1789672512002337807,10.108,35.6825,228.325,100.0,18.462500000000002,82.3070179600842,13.195211856092358,1.7896769471664548e+18,1.7896723864682714e+18
1789672512403043330,10.164,35.1825,696.775,100.0,18.462500000000002,82.41915751110976,13.19544559539894,1.7896770879289661e+18,1.7896723844139428e+18
1789672512670157500,10.252,33.6675,487.975,100.0,18.602500000000003,82.54821189284894,13.195684773116993,1.7896772345263593e+18,1.789672382271793e+18
1789672513070953812,10.264,33.1,1489.175,100.0,18.76,82.69419625995822,13.195941371220053,1.7896773879108436e+18,1.7896723800264346e+18
1789672513338068417,10.312,31.635,1267.8,100.0,18.9175,82.87582290525052,13.196211042312298,1.7896775479082947e+18,1.7896723776815357e+18
1789672513605183007,10.284,33.3175,592.2,100.0,19.075,82.98261617153908,13.19640349612783,1.7896777149347505e+18,1.789672375230854e+18
1789672514005251908,10.208,33.7825,168.85,100.0,19.32,83.11278225858351,13.196648826653423,1.7896778901169495e+18,1.7896723726562985e+18
1789672514272210573,11.748,4.665,515.275,100.0,19.355,83.05630738470947,13.192673338091508,1.7896780733222016e+18,1.7896723699610017e+18
1789672514472273046,11.992,1.665,1572.475,100.0,19.32,82.91748251458452,13.188154618389214,1.7896782647360138e+18,1.7896723671427602e+18
1789672514872817771,12.016,1.4825,1522.0,100.0,19.0925,82.77598115980109,13.183676838687008,1.7896784660389332e+18,1.7896723641745254e+18
1789672515140094919,12.032,1.4625,1367.975,100.0,19.0925,82.63702094111045,13.179292775210698,1.7896786771851924e+18,1.7896723610581627e+18
1789672515607462086,12.04,1.4825,897.925,100.0,19.005,82.50100440708471,13.174988508267663,1.789678900130916e+18,1.789672357762334e+18
1789672515874305772,12.052,1.65,1101.825,100.0,18.7775,82.37378257321438,13.170855862250008,1.7896791345229453e+18,1.7896723542942185e+18
1789672516274855026,12.064,1.5475,85.7,100.0,18.55,82.24543832981027,13.16675372111124,1.7896793821447964e+18,1.7896723506256486e+18
1789672516675715816,12.072,1.4975,261.525,100.0,18.3225,82.11736976212359,13.162692143274747,1.7896796440969216e+18,1.7896723467399793e+18
1789672516942846401,12.08,1.715,798.1,100.0,18.0075,81.99898395801505,13.158805050009201,1.7896799205994624e+18,1.7896723426352215e+18
1789672517343667907,12.08,1.3975,797.2,100.0,18.0075,81.8703883469741,13.15478969973902,1.7896802139084032e+18,1.789672338276002e+18
1789672517610729745,12.096,1.5675,794.45,100.0,17.709999999999997,81.75085089406784,13.150956795493586,1.7896805244317957e+18,1.7896723336575613e+18
1789672518011364907,12.1,1.73,786.05,100.0,17.4825,81.6382545905602,13.147249452019937,1.78968085486911e+18,1.789672328737731e+18
1789672518211729459,12.104,1.715,760.425,100.0,17.185000000000002,81.52651907359734,13.143579643330146,1.789681205261623e+18,1.7896723235181563e+18
1789672518478763592,12.112,1.8,682.225,100.0,17.185000000000002,81.41941033630835,13.14001092299142,1.7896815780992218e+18,1.789672317960612e+18
1789672518946505766,12.116,1.665,443.575,100.0,16.8875,81.30919702599377,13.136421351510679,1.789681977632504e+18,1.7896723119986286e+18
1789672519146877981,12.116,1.6325,1353.675,100.0,16.45,81.1987596555991,13.132843793136411,1.7896824037810598e+18,1.7896723056366397e+18
1789672519347151949,12.124,1.715,854.275,100.0,16.45,81.0928235670948,13.129364351633278,1.7896828592518664e+18,1.789672298833985e+18
1789672519614242925,12.132,1.78,968.625,100.0,16.0475,80.99071794624119,13.125973213941979,1.7896833479923986e+18,1.7896722915303885e+18
1789672520014657270,12.14,1.5675,1317.6,100.0,15.540000000000001,80.88360917287818,13.122541106208997,1.7896838754754693e+18,1.789672283641617e+18
1789672520681655833,12.1,2.365,744.175,100.0,15.540000000000001,80.79730924290317,13.119340881214136,1.7896844501724424e+18,1.789672275036055e+18
1789672521149018898,11.768,8.0175,632.625,100.0,15.067499999999999,80.82631667900374,13.117293394342068,1.789685075320299e+18,1.7896722656673754e+18
1789672521616334713,11.524,12.465,292.2,100.0,15.067499999999999,80.91700847317648,13.116022885237314,1.7896857576830257e+18,1.7896722554333348e+18
1789672521883232436,11.588,11.2675,891.7,100.0,14.56,80.9931983739911,13.114569914675547,1.7896865017030817e+18,1.789672244269856e+18
1789672522350836727,11.268,16.9475,1082.85,100.0,14.209999999999999,81.12006276953454,13.113901574016516,1.7896873199215772e+18,1.7896722319845699e+18
1789672522618114302,11.084,19.9,27.775,100.0,14.209999999999999,81.26159645328268,13.113521748831893,1.7896882194829184e+18,1.7896722184728975e+18
1789672523018884432,12.044,2.615,84.75,100.0,14.052499999999998,81.1766706147673,13.110290732210393,1.7896892161805535e+18,1.7896722034942717e+18
1789672523486495198,12.132,1.5675,258.625,100.0,14.052499999999998,81.07005302921311,13.106947116882557,1.789690328122594e+18,1.789672186774048e+18
1789672523886933904,12.148,1.3825,789.25,100.0,13.755,80.96038941524733,13.103606671771638,1.7896915742277312e+18,1.789672168027741e+18
1789672524153799615,10.36,33.35,770.175,100.0,13.1775,80.98952248006849,13.103662909381018,1.7896929756769797e+18,1.7896721469383834e+18
1789672524554681531,9.968,41.5475,711.975,100.0,13.1775,80.79587804320133,13.10307898449663,1.7896945681622136e+18,1.789672122964579e+18
1789672525022387567,10.032,40.985,534.375,100.0,13.2125,80.60225876563989,13.102506732246347,1.7896963959054866e+18,1.7896720954371566e+18
1789672525289607491,9.972,42.1175,1630.775,100.0,13.2125,80.38924402589085,13.10185108546932,1.7896985051301514e+18,1.7896720636630295e+18
1789672525490021710,9.944,42.4325,61.525,100.0,13.5625,80.18964861854835,13.101230012305237,1.7897009620204378e+18,1.7896720266457472e+18
1789672525890283074,9.94,42.0475,187.75,100.0,13.93,80.03036366592856,13.100741159846796,1.789703873246557e+18,1.7896719827703462e+18
1789672526290947975,9.952,42.0825,572.95,100.0,13.93,79.869174029091,13.100245811945246,1.7897073768965228e+18,1.7896719299525268e+18
1789672526558233006,9.836,43.4675,110.1,100.0,14.367500000000001,79.71524442114246,13.099748480632906,1.7897116603730432e+18,1.7896718653685535e+18
1789672526758616967,9.812,44.0325,335.975,100.0,14.367500000000001,79.55271192783205,13.099213139411805,1.7897170077233567e+18,1.7896717847355666e+18
1789672527159521383,9.932,42.4975,1025.3,100.0,14.98,79.40712916662083,13.09875995702005,1.7897239022352904e+18,1.7896716807533775e+18
1789672527560166375,11.984,2.23,1490.55,100.0,15.575000000000001,79.31055968243989,13.09521829700787,1.7897331264055007e+18,1.78967154161311e+18
1789672527827349523,12.052,1.5175,1271.975,100.0,15.592500000000001,79.20310287296257,13.091649534342693,1.7897460573427443e+18,1.7896713465410865e+18
1789672528227916871,10.144,39.4325,604.95,100.0,15.592500000000001,79.09640324872126,13.091363305641256,1.7897655511169334e+18,1.7896710524308938e+18
1789672528494747335,9.804,45.15,207.75,100.0,15.61,78.89879019574724,13.09068546571462,1.789798181674559e+18,1.7896705600917645e+18
1789672528761986119,11.992,2.165,634.0,100.0,16.099999999999998,78.80355350257929,13.087199914634391,1.7898639644296768e+18,1.7896695674991608e+18
1789672529162777101,12.076,1.5475,296.4,100.0,16.099999999999998,78.70244762451033,13.083793476053945,1.7900665650771814e+18,1.789666510334764e+18
1789672529830348295,12.056,2.68,1121.975,100.0,16.03,78.62700801613023,13.080806289841956,1.7807684152575603e+18,1.7898068206732726e+18
1789672530230973788,12.092,1.665,147.175,100.0,16.03,78.5319616143702,13.077557112016162,1.789304084159887e+18,1.7896780163938598e+18
1789672530498165802,11.924,5.065,1370.6,100.0,15.785,78.49600117805204,13.075066316320463,1.789482503982795e+18,1.789675324057368e+18
1789672530698384649,12.14,1.5475,905.925,100.0,15.785,78.40454551806157,13.071991164957215,1.7895435911312274e+18,1.7896744022785428e+18
1789672531099212015,12.152,1.615,1126.25,100.0,15.61,78.3166714882308,13.069010719322348,1.7895745252434819e+18,1.7896739355260864e+18
1789672531500049883,12.156,1.6325,160.225,100.0,15.4525,78.23026998371327,13.06607354291807,1.7895932088616694e+18,1.7896736536401597e+18
1789672531766974147,12.16,1.665,488.95,100.0,15.4525,78.14566352218102,13.06318510333413,1.7896056912993992e+18,1.7896734653266614e+18
1789672532167861558,12.172,1.5825,1492.15,100.0,15.3475,78.06109206446817,13.0603288789625,1.7896146361076462e+18,1.7896733303995622e+18
1789672532568712809,12.172,1.5825,1276.875,100.0,15.242500000000001,77.9771184357484,13.057492845016657,1.7896213588835116e+18,1.7896732290049024e+18
1789672532835977609,12.184,1.6325,619.9,100.0,15.242500000000001,77.89616175284355,13.05474067591899,1.7896265855721231e+18,1.7896731501832e+18
1789672533236909072,12.184,1.665,253.375,100.0,15.120000000000001,77.8164877870159,13.052020378450269,1.7896307725844618e+18,1.7896730870517588e+18
1789672533504108326,12.188,1.5975,773.225,100.0,15.120000000000001,77.73631728514312,13.049307591997017,1.7896341952188396e+18,1.789673035452433e+18
1789672533904646444,12.196,1.4975,721.275,100.0,14.8925,77.65537737393498,13.04660446222749,1.789637050103391e+18,1.7896729924217503e+18
1789672534104657444,12.196,1.5825,562.75,100.0,14.56,77.57685945449083,13.043952759421142,1.789639460491651e+18,1.78967295609505e+18
1789672534371757413,11.936,6.2175,78.975,100.0,14.56,77.56279333644405,13.042075837271389,1.7896415244260447e+18,1.789672924994958e+18
1789672534839390429,11.588,12.985,241.0,100.0,14.4025,77.60828260764625,13.041152429554321,1.789643316187474e+18,1.789672898004529e+18
1789672535106572295,10.188,39.1825,735.45,100.0,14.4025,77.5009568548489,13.040871637129506,1.7896448817185475e+18,1.7896728744264604e+18
1789672535507412221,12.084,2.0175,606.0,100.0,14.629999999999999,77.42129236222267,13.038023284600653,1.7896462635284196e+18,1.7896728536216466e+18
1789672535774502782,12.156,1.4625,210.95,100.0,15.1725,77.33737036837353,13.035239454111208,1.789647489726092e+18,1.7896728351636452e+18
1789672535974861445,12.172,1.5325,643.75,100.0,15.1725,77.2572931566562,13.032559102457855,1.7896485842136105e+18,1.7896728186910922e+18
1789672536843155892,11.184,19.565,995.325,100.0,15.084999999999999,77.33026765576325,13.032169679256503,1.789649575261099e+18,1.7896728037866058e+18
1789672537110369918,12.076,2.68,1399.075,100.0,15.084999999999999,77.2651639293986,13.029600109490902,1.7896504696719076e+18,1.7896727903386634e+18
1789672537511070654,12.104,2.4825,992.825,100.0,15.2775,77.19898400031191,13.027071063614802,1.7896512821611187e+18,1.7896727781270607e+18
1789672537978133992,10.552,31.4175,1391.45,100.0,15.224999999999998,77.22006066622066,13.02709332810128,1.7896520238603215e+18,1.7896727669844598e+18
1789672538245063574,9.844,45.515,969.55,100.0,15.224999999999998,77.00238475419486,13.026336930286075,1.7896527019467116e+18,1.7896727568003098e+18
1789672538645891541,9.812,46.465,1320.425,100.0,15.522499999999999,76.76457249311868,13.025486123162068,1.789653325029047e+18,1.789672747446133e+18
1789672539113608060,11.208,18.2475,752.8,100.0,16.03,76.83800004118683,13.024917621102343,1.789653899888966e+18,1.7896727388202632e+18
1789672539380803025,11.832,6.6325,658.95,100.0,16.1175,76.82450029825925,13.022945367778213,1.7896544305644797e+18,1.789672730859725e+18
1789672539781217156,11.772,8.8325,372.55,100.0,16.1175,76.83441495976489,13.021463108313547,1.7896549226240397e+18,1.7896727234818516e+18
1789672540048077206,9.692,48.9975,1136.925,100.0,15.819999999999999,76.5410785116741,13.020323166817631,1.7896553793544584e+18,1.7896727166358308e+18
1789672540315170440,9.8,47.3,192.8,100.0,16.0475,76.28966277961176,13.019389827235676,1.789655804389738e+18,1.7896727102669668e+18
1789672540715969469,9.812,46.15,588.375,100.0,16.0475,76.10333165073851,13.018722341008967,1.789656201357017e+18,1.7896727043216276e+18
1789672540983255759,9.78,46.43,157.175,100.0,16.3625,75.93119709239804,13.018099990730606,1.789656572401464e+18,1.789672698766437e+18
1789672541384092652,9.864,44.8825,479.65,100.0,16.765,75.79216864421106,13.017624428489254,1.7896569203567332e+18,1.789672693559661e+18
1789672541584340652,9.764,46.515,1463.775,100.0,17.1325,75.64037694424395,13.017073352349593,1.789657246613134e+18,1.7896726886788767e+18
1789672541784701957,10.064,41.1825,1190.275,100.0,17.1325,75.563999412119,13.016855775526325,1.7896575531388416e+18,1.7896726840945498e+18
1789672542051917929,10.324,35.3,355.625,100.0,17.5525,75.57371028631965,13.016871342891209,1.789657841760601e+18,1.7896726797795825e+18
1789672542318764048,11.932,3.3825,1085.275,100.0,17.814999999999998,75.51218845704642,13.014138234220495,1.7896581139896143e+18,1.7896726757112653e+18
1789672542519132100,11.616,10.05,35.175,100.0,17.8325,75.5256004473953,13.012557722857636,1.789658370996876e+18,1.7896726718715658e+18
1789672542919843656,12.0,3.215,107.325,100.0,17.6925,75.46679055894224,13.010017556943675,1.7896586143706301e+18,1.789672668237728e+18
1789672543120207156,12.084,1.8325,327.525,100.0,17.6925,75.39130829079416,13.007293832033435,1.789658844765137e+18,1.789672664798745e+18
1789672543520874679,11.48,13.2475,1411.9,100.0,17.412499999999998,75.42663429228068,13.006205355375874,1.7896590634905475e+18,1.7896726615359887e+18
1789672543787843876,11.016,22.8975,1031.975,100.0,17.325,75.48013717176953,13.005974810506128,1.789659271148249e+18,1.7896726584396347e+18
1789672544187977656,10.928,23.565,1510.925,100.0,17.325,75.54346600832785,13.005738384372513,1.7896594687169853e+18,1.7896726554956298e+18
1789672544588343098,10.832,25.8175,1334.175,100.0,17.465,75.59750211256042,13.005624303020248,1.7896596568467228e+18,1.7896726526941018e+18
1789672544788484155,11.912,4.3975,794.775,100.0,17.6925,75.55158386332386,13.00324385674768,1.7896598359279247e+18,1.7896726500282022e+18
1789672544988649883,12.104,1.5175,787.05,100.0,17.7625,75.47262533518132,13.00052270126161,1.7896600065841467e+18,1.7896726474885893e+18
1789672545188772757,12.136,1.615,763.475,99.98982170649246,17.535,75.39915281751097,12.997964341298493,1.789660167356489e+18,1.7896726450968978e+18
1789672545388874029,12.14,1.65,691.525,99.9772431443758,17.535,75.32717629480578,12.995448628875161,1.7896603184834488e+18,1.7896726428494758e+18
1789672545655718554,12.148,1.8,471.95,99.96514059838606,17.290000000000003,75.25905303422097,12.993028119677211,1.789660460795174e+18,1.7896726407341535e+18
1789672546055989043,12.16,1.615,1440.275,99.95300438489599,17.045,75.18934065016235,12.9906008769792,1.7896605949570985e+18,1.789672638741413e+18
1789672546256276901,12.172,1.7,1118.55,99.94129469669336,17.045,75.1226985805883,12.988258939338673,1.7896607214609408e+18,1.7896726368631094e+18
1789672546523202051,12.176,1.5825,136.725,99.92953015576754,16.834999999999997,75.05488107193152,12.985906031153508,1.7896608408351316e+18,1.789672635091557e+18
1789672546790076053,12.188,1.5675,417.25,99.91801940671141,16.6425,74.98841889397622,12.983603881342283,1.789660953555825e+18,1.7896726334195794e+18
1789672547190804574,12.196,1.5475,1273.325,99.90668447108082,16.6425,74.92283019899395,12.981336894216165,1.789661060089744e+18,1.7896726318405722e+18
1789672547391149474,12.14,2.5475,609.075,99.8961258500336,16.4325,74.8685901515998,12.97922517000672,1.7896611608704095e+18,1.7896726303474025e+18
1789672547658159406,11.216,19.815,220.325,99.89446896543252,16.099999999999998,74.91278757186048,12.978893793086504,1.7896612576483863e+18,1.7896726289142986e+18
1789672547925350857,12.056,2.0325,672.375,99.88177003329528,16.064999999999998,74.84299724307459,12.976354006659058,1.7896613489278628e+18,1.7896726275633155e+18
1789672548325499407,12.16,1.5475,413.525,99.87006159354445,16.064999999999998,74.77502094331966,12.97401231870889,1.7896614351774881e+18,1.7896726262878036e+18
1789672548525614732,12.18,1.5975,1261.975,99.85884301216213,15.819999999999999,74.71024274584057,12.971768602432427,1.789661516730516e+18,1.7896726250822323e+18
1789672548792923078,12.192,1.615,574.425,99.84792277664152,15.819999999999999,74.64730856928522,12.969584555328305,1.7896615938749097e+18,1.7896726239424425e+18
1789672549193156832,12.196,1.5475,114.6,99.8370281817816,15.400000000000002,74.58405468061709,12.967405636356322,1.7896616668234708e+18,1.7896726228655299e+18
1789672549393430035,11.932,7.25,349.725,99.83051527720217,14.962500000000002,74.5758762795668,12.966103055440433,1.789661736416343e+18,1.7896726218385764e+18
1789672549660243179,10.064,41.865,1067.275,99.82895962446874,14.962500000000002,74.47510220623865,12.965791924893749,1.7896618034785784e+18,1.7896726208495206e+18
1789672550060311647,12.16,1.5975,1618.65,99.81767178186472,14.787499999999998,74.4100168325688,12.963534356372945,1.789661866787144e+18,1.789672619916609e+18
1789672550460636792,12.188,1.5175,24.525,99.80678505276038,14.647499999999999,74.34669669710657,12.961357010552076,1.7896619265494326e+18,1.7896726190366845e+18
1789672550727520052,12.188,1.85,74.825,99.7964933725753,14.647499999999999,74.2890152845027,12.959298674515061,1.7896619830570342e+18,1.7896726182051648e+18
1789672551127877072,11.964,5.365,228.325,99.7880735549285,14.3325,74.26370000537032,12.9576147109857,1.7896620366319022e+18,1.7896726174174692e+18
1789672551394762057,11.292,17.55,696.775,99.78553047902184,14.3325,74.30867912338375,12.957106095804368,1.7896620881847836e+18,1.7896726166599337e+18
1789672551795379201,11.568,12.465,487.975,99.78092712943636,14.227500000000001,74.33385129255844,12.956185425887272,1.789662137488429e+18,1.7896726159360814e+18
1789672552062641655,11.536,12.985,1489.175,99.77655167153628,14.315,74.3617568460062,12.955310334307256,1.7896621847082427e+18,1.789672615243219e+18
1789672552329704272,12.116,1.8975,1267.8,99.76536677719886,14.315,74.29883269901494,12.953073355439773,1.7896622291145743e+18,1.7896726145920205e+18
1789672553197706503,12.192,1.5675,168.85,99.75494927961375,14.280000000000001,74.23801780115639,12.950989855922751,1.7896622705914289e+18,1.789672613984926e+18
1789672553598210169,11.816,8.4325,515.275,99.7487613276181,14.069999999999999,74.2377571789896,12.949752265523621,1.7896623099735782e+18,1.7896726134089969e+18
1789672553865130490,12.064,4.08,1572.475,99.74022962222242,13.842500000000001,74.20287826120818,12.948045924444484,1.7896623471396088e+18,1.7896726128657966e+18
1789672554265883041,11.82,8.25,1522.0,99.7339370230824,13.842500000000001,74.20140621773331,12.946787404616481,1.7896623823426207e+18,1.7896726123517292e+18
1789672554533042164,12.104,3.2,1367.975,99.72481185554301,13.737499999999999,74.15802839248732,12.944962371108602,1.7896624154226394e+18,1.789672611868964e+18
1789672554733502725,11.736,10.515,897.925,99.72016454446586,13.737499999999999,74.17012691736149,12.944032908893172,1.7896624469879347e+18,1.7896726114084938e+18
1789672555067508448,11.94,6.1675,1101.825,99.71289257277328,13.6325,74.15312051430296,12.942578514554658,1.7896624767270612e+18,1.7896726109749934e+18
1789672555334566558,12.132,2.7975,85.7,99.70372203699118,13.5625,74.10672659508366,12.940744407398237,1.789662504530126e+18,1.7896726105699507e+18
1789672555735247656,12.124,2.9975,261.525,99.69477459132965,13.5625,74.06273492304643,12.93895491826593,1.7896625303983288e+18,1.7896726101934356e+18
1789672556002549404,12.208,1.5975,798.1,99.68509239580249,13.37,74.00587698943123,12.937018479160496,1.7896625544095258e+18,1.7896726098441654e+18
1789672556269829039,10.74,28.765,797.2,99.68507628928656,13.37,74.02467500879803,12.937015257857311,1.789662577649443e+18,1.7896726095063176e+18
1789672556670530454,12.076,2.5825,794.45,99.67489709165054,13.405000000000001,73.97151572611598,12.934979418330109,1.7896625989723487e+18,1.7896726091966213e+18
1789672556937813397,12.188,1.5175,786.05,99.6648952194124,13.405000000000001,73.91215999637497,12.932979043882481,1.7896626185505702e+18,1.789672608912436e+18
1789672557338651638,12.2,1.4975,760.425,99.65511163155116,13.475,73.85397358298864,12.931022326310234,1.7896626363590182e+18,1.7896726086541775e+18
1789672557605908530,12.208,1.5675,682.225,99.64561707183678,13.475,73.79793644776781,12.929123414367355,1.7896626525775677e+18,1.7896726084191165e+18
1789672557873089982,12.212,1.6325,443.575,99.63633793832497,13.125,73.74356437759891,12.927267587664995,1.789662667278078e+18,1.7896726082061914e+18
1789672558273534572,11.276,18.7475,1353.675,99.63476764776564,13.020000000000001,73.7811200319026,12.92695352955313,1.7896626811716099e+18,1.7896726080051382e+18
1789672558540668768,10.072,42.1325,854.275,99.6329203415287,13.020000000000001,73.66761504376596,12.926584068305742,1.7896626943605885e+18,1.7896726078144008e+18
1789672559008181927,10.008,42.9,968.625,99.63108810498278,13.5625,73.5589228676247,12.926217620996555,1.789662706697322e+18,1.7896726076361807e+18
1789672559475829892,10.276,36.75,1317.6,99.63087142904163,13.5625,73.53958089634274,12.926174285808328,1.789662718358352e+18,1.7896726074679007e+18
1789672559876509439,10.036,42.1675,744.175,99.62939783588146,14.280000000000001,73.44948071683913,12.925879567176294,1.7896627292933962e+18,1.789672607310249e+18
1789672560143791607,10.004,43.4475,632.625,99.62735989632839,14.8575,73.33205333406477,12.925471979265676,1.789662739570094e+18,1.7896726071621722e+18
1789672560344148552,9.848,44.9175,292.2,99.62557992727332,15.364999999999998,73.23549787625358,12.925115985454664,1.7896627492942372e+18,1.789672607022131e+18
1789672560744992471,9.896,45.3325,891.7,99.62316704734528,15.364999999999998,73.10666809407756,12.924633409469054,1.789662758244813e+18,1.7896726068933501e+18
1789672561145912127,9.84,46.3825,1082.85,99.62050282661134,16.135,72.96975137615344,12.92410056532227,1.7896627664151224e+18,1.7896726067759058e+18
1789672561413109822,9.76,47.6675,27.775,99.61760951214218,16.6775,72.82732033447802,12.923521902428435,1.78966277391354e+18,1.7896726066681856e+18
1789672561613371973,9.872,45.7825,84.75,99.61533324197289,16.6775,72.70759910426247,12.92306664839458,1.7896627808710134e+18,1.789672606568278e+18
1789672561813726090,9.844,46.585,258.625,99.61276869628614,17.22,72.57670899133143,12.922553739257229,1.7896627872777446e+18,1.7896726064763246e+18
1789672562214535718,9.88,45.4025,789.25,99.61085636982108,17.745,72.47451900641491,12.922171273964215,1.7896627930357832e+18,1.7896726063937633e+18
1789672562481765337,9.928,44.8175,770.175,99.6090417693148,18.252499999999998,72.37508205265905,12.92180835386296,1.7896627982802668e+18,1.7896726063186125e+18
1789672562748977629,10.024,42.35,711.975,99.6080763167014,18.655,72.3150109486311,12.92161526334028,1.7896628031020913e+18,1.789672606249563e+18
1789672562949357790,10.044,41.5325,534.375,99.60741275825819,19.162499999999998,72.27154270882824,12.921482551651637,1.7896628075953275e+18,1.7896726061852457e+18
1789672563350208053,10.884,24.8675,1630.775,99.60660399117057,19.53,72.31104375996935,12.921320798234115,1.7896628115809705e+18,1.7896726061282493e+18
1789672563617230121,11.904,4.2825,61.525,99.59667264644143,19.53,72.27026199773836,12.919334529288287,1.7896628143582979e+18,1.7896726060885532e+18
1789672564084957832,11.936,4.2825,572.95,99.58723997184309,19.477500000000003,72.23152795887829,12.917447994368619,1.7896628158226207e+18,1.7896726060676529e+18
1789672564352136247,12.076,2.285,110.1,99.57709970218214,19.5125,72.17822334417548,12.915419940436427,1.7896628161121416e+18,1.7896726060635297e+18
1789672564752958904,11.24,18.9,335.975,99.57511452909323,19.459999999999997,72.20934640841159,12.915022905818645,1.7896628158492186e+18,1.7896726060672714e+18
1789672565020240598,11.624,10.95,1025.3,99.56987545383672,19.4425,72.21651917405309,12.913975090767345,1.7896628148836332e+18,1.7896726060810248e+18
1789672565287512281,11.408,15.0475,1490.55,99.56638374318608,19.4425,72.24097188359804,12.913276748637216,1.78966281338265e+18,1.789672606102394e+18
1789672565688132819,11.852,6.88,1271.975,99.55931174321609,19.459999999999997,72.22429726835695,12.911862348643217,1.789662810911383e+18,1.789672606137532e+18
1789672565955205258,11.84,7.0975,604.95,99.55238141363688,19.425,72.20911497822786,12.910476282727375,1.789662807628025e+18,1.7896726061841915e+18
1789672566422410276,11.54,12.9,207.75,99.54826994947719,19.32,72.22458251349903,12.909653989895437,1.7896628036034222e+18,1.7896726062413235e+18
1789672566689615649,11.64,11.45,634.0,99.54380127967865,19.285,72.23325179395161,12.908760255935729,1.7896627990043215e+18,1.7896726063065664e+18
1789672566956726071,10.852,27.1975,296.4,99.543624076309,19.1975,72.25058868875459,12.9087248152618,1.7896627942154888e+18,1.7896726063744586e+18
1789672567424245043,10.536,32.6675,904.525,99.54363540571376,19.372500000000002,72.25364344043007,12.908727081142752,1.7896627890645148e+18,1.7896726064474028e+18
1789672567891659525,12.096,1.9475,1121.975,99.53357140853589,19.5125,72.19808337362458,12.90671428170718,1.789662782683504e+18,1.7896726065376645e+18
1789672568158922075,12.124,1.815,147.175,99.52379526143254,19.4425,72.14344037284881,12.904759052286508,1.789662775308676e+18,1.7896726066419208e+18
1789672568559751929,12.136,1.9675,449.125,99.5144676700959,19.4425,72.09204517382975,12.90289353401918,1.7896627668581463e+18,1.789672606761266e+18
1789672568827033230,12.14,1.9675,1370.6,99.5052517994611,19.355,72.04126555792317,12.901050359892222,1.789662757490025e+18,1.7896726068934866e+18
1789672569294737087,12.128,2.315,905.925,99.49638778690296,19.2325,71.99406577738645,12.899277557380591,1.7896627470398013e+18,1.7896726070408072e+18
1789672569561828078,12.148,2.3,1126.25,99.4878436788913,19.1975,71.94850018265187,12.89756873577826,1.7896627357583035e+18,1.789672607199756e+18
1789672569962453358,12.164,2.2,488.95,99.47944514394563,19.145,71.90325759769964,12.895889028789124,1.7896627235240205e+18,1.7896726073719588e+18
1789672570162814864,12.12,3.63,1492.15,99.47232208038257,18.9875,71.87066884654502,12.894464416076515,1.7896627106672325e+18,1.7896726075528456e+18
1789672570429992560,10.276,37.4675,1276.875,99.47207225548651,18.935000000000002,71.84888883386465,12.894414451097301,1.7896626977031928e+18,1.7896726077351168e+18
1789672570830913416,10.204,39.965,619.9,99.47124402489781,19.18,71.79177358474423,12.894248804979563,1.789662684453415e+18,1.7896726079212326e+18
1789672571432218367,10.26,38.53,773.225,99.4707419417963,19.7925,71.75255978673148,12.89414838835926,1.7896626707341765e+18,1.789672608113659e+18
1789672571632443111,10.188,38.2975,721.275,99.47058935588552,20.09,71.74036222406768,12.894117871177105,1.7896626569991918e+18,1.7896726083062172e+18
1789672571899448124,10.232,37.65,562.75,99.47046131469654,20.3,71.7293766481761,12.894092262939308,1.789662643182689e+18,1.7896726084997993e+18
1789672572300379263,10.5,32.4,78.975,99.47050633215969,20.4575,71.7453002526983,12.894101266431937,1.7896626291565268e+18,1.7896726086961244e+18
1789672572567557840,11.432,14.5675,241.0,99.46703929527696,20.4925,71.76475734363261,12.893407859055392,1.7896626147720965e+18,1.7896726088973453e+18
1789672572968489332,11.192,19.2825,735.45,99.46515847052231,20.352500000000003,71.79464363602159,12.893031694104463,1.7896626000253737e+18,1.7896726091034378e+18
1789672573235688704,11.776,7.815,606.0,99.45866465630033,20.1075,71.7825204229889,12.891732931260067,1.7896625846645348e+18,1.7896726093179681e+18
1789672573436002478,11.992,3.565,210.95,99.44978755909372,20.1075,71.74092022473982,12.889957511818745,1.7896625685734843e+18,1.7896726095425976e+18
1789672573636240079,12.136,1.5325,643.75,99.44027612908691,19.8625,71.68623351453508,12.888055225817382,1.7896625517003338e+18,1.7896726097780273e+18
1789672574036970294,12.144,1.7,326.15,99.43116482904425,19.53,71.63459704699191,12.886232965808851,1.7896625338793027e+18,1.789672610026449e+18
1789672574304163903,12.156,1.8,995.325,99.42241391733552,19.1975,71.58543802324458,12.884482783467103,1.7896625152868613e+18,1.789672610285462e+18
1789672574704958106,12.152,2.13,1399.075,99.41409095250474,18.8825,71.54007259758714,12.882818190500947,1.7896624958198193e+18,1.7896726105563999e+18
1789672574972196760,12.18,1.68,992.825,99.40562314386737,18.55,71.49199255647763,12.881124628773476,1.789662475614457e+18,1.7896726108374346e+18
1789672575239469977,12.184,1.8,1391.45,99.39741806388469,18.55,71.44589745048638,12.879483612776937,1.78966245469227e+18,1.7896726111282435e+18
1789672575640059750,12.184,1.6325,969.55,99.38903783802603,18.165000000000003,71.39811453650495,12.877807567605206,1.7896624329077857e+18,1.789672611430764e+18
1789672575840189118,12.184,1.8,1320.425,99.38092292233974,17.8325,71.35252785039042,12.876184584467946,1.7896624104989117e+18,1.7896726117418012e+18
1789672576107471655,12.2,1.765,752.8,99.3730359974919,17.395,71.30808212127336,12.87460719949838,1.7896623874193976e+18,1.7896726120619523e+18
1789672576374676096,12.208,1.78,658.95,99.36532552888622,17.395,71.26468948736094,12.873065105777245,1.7896623636822326e+18,1.7896726123910124e+18
1789672576775464262,12.2,1.8,372.55,99.3575684392681,16.939999999999998,71.221113530038,12.871513687853623,1.7896623391366902e+18,1.789672612730955e+18
1789672577042741299,12.204,1.8,1136.925,99.3499099845317,16.52,71.17809166060218,12.869981996906342,1.789662313945004e+18,1.789672613079628e+18
1789672577510372603,11.096,22.9475,192.8,99.34936965090697,16.52,71.19662248652648,12.869873930181393,1.7896622884770755e+18,1.78967261343174e+18
1789672577977880994,11.72,9.3475,588.375,99.34429374732915,16.2225,71.19451708932016,12.868858749465831,1.7896622623513764e+18,1.7896726137925468e+18
1789672578378513979,12.116,2.7,157.175,99.33661368446091,16.310000000000002,71.15487709118472,12.867322736892184,1.7896622354266575e+18,1.7896726141640394e+18
1789672578578957260,12.12,2.7,479.65,99.32902732937563,15.942499999999999,71.11572075788479,12.865805465875127,1.7896622079408113e+18,1.7896726145430935e+18
1789672578846233314,12.16,2.365,1463.775,99.32161268239095,15.942499999999999,71.0761064836447,12.86432253647819,1.7896621798348475e+18,1.78967261493046e+18
1789672579113526000,12.064,3.2825,1190.275,99.31406428054595,15.6275,71.03961504863332,12.86281285610919,1.789662151100612e+18,1.7896726153262461e+18
1789672579514222756,10.888,26.7475,355.625,99.31392201075168,15.6275,71.05225303885587,12.862784402150336,1.7896621222020178e+18,1.789672615723923e+18
1789672579781402312,10.712,30.4175,1085.275,99.31392326860507,15.6275,71.0501165238398,12.862784653721015,1.789662093305791e+18,1.789672616121316e+18
1789672580182360382,11.276,18.0,35.175,99.31203288188583,15.8725,71.07508852823946,12.862406576377165,1.7896620640999734e+18,1.7896726165225948e+18
1789672580449570937,12.0,2.7,107.325,99.30294711810384,16.064999999999998,71.02790029979245,12.86058942362077,1.7896620341297956e+18,1.7896726169341187e+18
1789672580850293610,10.032,44.235,327.525,99.30090091092167,16.064999999999998,70.92246263185632,12.860180182184335,1.789662003837377e+18,1.789672617349688e+18
1789672581251217199,10.04,42.6325,999.525,99.29974452992299,16.17,70.85800945630487,12.859948905984599,1.7896619732974868e+18,1.7896726177682668e+18
1789672581518267195,10.012,42.85,1411.9,99.29866775926402,16.59,70.79868732884083,12.859733551852804,1.7896619426734382e+18,1.7896726181877402e+18
1789672581985767690,9.988,42.9175,1031.975,99.29772053773844,16.9575,70.74668965711098,12.85954410754769,1.7896619117422835e+18,1.7896726186109706e+18
1789672582253055058,10.992,21.9975,1510.925,99.29638044841784,16.9575,70.78181464721868,12.859276089683569,1.7896618807015808e+18,1.7896726190354314e+18
1789672582653618999,12.088,1.765,1334.175,99.28072828818627,17.2025,70.69339506012936,12.856145657637253,1.789661848172865e+18,1.789672619479841e+18
1789672583054473537,12.108,1.6325,794.775,99.26514713064843,17.0275,70.60497316081994,12.853029426129686,1.78966181415318e+18,1.7896726199441948e+18
1789672583254929007,12.128,1.73,787.05,99.24985479066156,16.73,70.51888819364856,12.849970958132312,1.789661778915458e+18,1.7896726204249684e+18
1789672583521947370,12.14,1.73,763.475,99.23476848424684,16.73,70.43380493271765,12.84695369684937,1.7896617423798886e+18,1.7896726209231314e+18
1789672583989485592,12.156,1.8325,691.525,99.22024636613868,16.38,70.35186601377556,12.844049273227736,1.7896617043537605e+18,1.7896726214410872e+18
1789672584256761388,12.16,1.8,471.95,99.20575401251924,15.907499999999999,70.26990263263417,12.841150802503847,1.7896616650735698e+18,1.789672621975793e+18
1789672584657731090,12.188,1.4975,1440.275,99.19114583952847,15.907499999999999,70.18649049358794,12.838229167905697,1.7896616243582062e+18,1.7896726225295434e+18
1789672584924913716,11.676,11.7825,1118.55,99.18130518113023,15.522499999999999,70.15364255182529,12.836261036226045,1.7896615827872118e+18,1.7896726230945928e+18
1789672585192193291,11.192,19.93,136.725,99.17313329684535,15.102500000000001,70.13766723620287,12.834626659369071,1.789661540502047e+18,1.7896726236690086e+18
1789672585659471975,11.872,7.2325,417.25,99.16117066395496,15.102500000000001,70.086431983461,12.832234132790992,1.7896614968980785e+18,1.78967262426072e+18
1789672585926729234,12.116,2.265,1273.325,99.14658003902257,14.84,70.005511494245,12.829316007804513,1.7896614520038866e+18,1.789672624869587e+18
1789672586327564325,12.204,1.4625,220.325,99.13222589463929,14.2975,69.92298608983123,12.826445178927859,1.7896614056449838e+18,1.789672625497759e+18
1789672586594796981,11.884,7.5325,672.375,99.12061301017344,13.825000000000001,69.87347192492625,12.824122602034688,1.7896613582396557e+18,1.789672626139735e+18
1789672586795261641,12.08,3.8325,413.525,99.10748046662827,13.825000000000001,69.80553066197119,12.821496093325655,1.789661309728348e+18,1.7896726267963942e+18
1789672587196084525,12.072,3.8975,1261.975,99.0943151261203,13.282499999999999,69.73782033397825,12.818863025224063,1.7896612598292657e+18,1.7896726274712558e+18
1789672587396567096,12.136,2.9475,574.425,99.08085107201055,13.282499999999999,69.66527381222683,12.81617021440211,1.7896612087762035e+18,1.7896726281614208e+18
1789672587663616620,11.804,9.4825,114.6,99.07027932064751,12.862499999999999,69.62324960162336,12.814055864129504,1.7896611567257802e+18,1.7896726288646546e+18
1789672588064462660,10.24,40.015,349.725,99.06234531113392,12.862499999999999,69.52417520350143,12.812469062226786,1.7896611037248852e+18,1.7896726295801165e+18
1789672588331740343,10.228,39.985,1067.275,99.05446339431897,12.7225,69.43042322522469,12.810892678863796,1.7896610499509727e+18,1.789672630305587e+18
1789672588732572750,10.232,40.0825,1618.65,99.04651534281348,13.1425,69.33401627722984,12.809303068562697,1.7896609952024896e+18,1.78967263104357e+18
1789672589133501896,10.268,38.7325,24.525,99.03895416816023,13.1425,69.25666387187381,12.807790833632048,1.7896609395066652e+18,1.7896726317936858e+18
1789672589534351430,10.132,41.265,74.825,99.03096154070167,13.5625,69.16551442588934,12.806192308140334,1.789660882807051e+18,1.789672632556665e+18
1789672590603053663,10.08,41.6675,696.775,99.02307465130792,14.087500000000002,69.08155647798436,12.804614930261586,1.7896608241152225e+18,1.7896726333446828e+18
1789672591003871768,10.02,42.65,487.975,99.01515099952238,14.56,68.99547822121794,12.803030199904477,1.7896607644025923e+18,1.7896726341457444e+18
1789672591204335138,9.988,43.165,1489.175,99.00709243767223,14.56,68.90830127784605,12.801418487534445,1.78966070394324e+18,1.7896726349564849e+18
1789672591471502130,9.916,45.015,1267.8,98.94850945384388,15.084999999999999,68.80291624508851,12.799713941410245,1.7896606377340206e+18,1.7896726358438428e+18
1789672591872039048,9.912,45.2675,592.2,98.63577928337024,15.680000000000001,68.6943172008681,12.79797655157428,1.7896605405537441e+18,1.7896726371452093e+18
1789672592139318054,10.56,31.8475,168.85,98.3784905469956,16.2925,68.66328541710033,12.796547169705532,1.789660417173076e+18,1.78967263879654e+18
1789672592339777147,10.912,24.7825,515.275,98.09302064562799,16.2925,68.64378212384554,12.794961225809045,1.7896602637438031e+18,1.7896726408492142e+18
1789672592740501977,11.84,5.2975,1572.475,97.5558794277315,16.695,68.57225845868412,12.791977107931842,1.7896600516024824e+18,1.789672643685094e+18
1789672593007666090,10.716,28.835,1522.0,97.2848350189362,16.8,68.54556584975812,12.790471305660757,1.7896598050994465e+18,1.7896726469785948e+18
1789672593208037497,11.956,3.565,1367.975,96.72414266603273,16.8,68.46430103845051,12.787356348144627,1.7896594884759462e+18,1.7896726512073213e+18
1789672593608520368,11.596,11.415,897.925,96.30819449701944,16.974999999999998,68.42241413444209,12.785045524983442,1.7896591092339894e+18,1.7896726562685476e+18
1789672593875750728,10.416,35.5675,1101.825,96.03444437247349,17.01,68.36614800188758,12.783524690958187,1.7896586772513654e+18,1.7896726620307994e+18
1789672594143035631,10.184,40.8,85.7,95.7343090477764,17.36,68.27513601828831,12.781857272487647,1.789658181285963e+18,1.7896726686433708e+18
1789672594543778986,10.108,41.365,261.525,95.43707648246641,17.7975,68.19381714977276,12.780205980458147,1.78965761040695e+18,1.789672676249499e+18
1789672595011384004,11.764,6.75,798.1,94.9184020266491,17.7975,68.12860733502562,12.777324455703607,1.7896569152935135e+18,1.7896726855037143e+18
1789672595479128768,11.444,14.78,797.2,94.54539717030262,18.165000000000003,68.09461413612426,12.775252206501682,1.7896560936257316e+18,1.7896726964347182e+18
1789672595879846670,11.844,5.95,794.45,94.02652929336811,18.0425,68.0260927731267,12.772369607185379,1.7896550876055616e+18,1.7896727098102472e+18
1789672596080300372,11.852,6.85,786.05,93.55229370400116,18.0425,67.96488678044298,12.769734965022229,1.7896538583951048e+18,1.7896727261485857e+18
1789672596347582230,11.472,13.8,760.425,93.16010877725364,18.060000000000002,67.92814653525693,12.767556159873632,1.7896523573975872e+18,1.7896727460924012e+18
1789672597015723214,11.38,15.4825,443.575,92.78432601885189,18.13,67.8954049598996,12.76546847788251,1.7896504892079734e+18,1.7896727708949312e+18
1789672597483243984,11.06,21.9825,1353.675,92.46652020021313,18.235,67.8699332454323,12.763702890001184,1.7896481407952548e+18,1.7896728020568164e+18
1789672597883748522,10.976,23.15,854.275,92.1500047427836,18.235,67.84673845473999,12.761944470793242,1.7896451122689597e+18,1.7896728422272812e+18
1789672598151037569,11.072,22.415,968.625,91.83954114498253,18.34,67.81751198163882,12.760219673027681,1.7896410801410893e+18,1.7896728956968e+18
1789672598418346547,11.064,21.4825,1317.6,91.51661204546551,18.655,67.79293806254847,12.758425622474808,1.7896354487737503e+18,1.789672970358086e+18
1789672598685652338,11.036,22.6,744.175,91.1990144873092,18.97,67.76513082576388,12.756661191596162,1.789627059190125e+18,1.7896730815684718e+18
1789672599086469132,12.032,2.665,632.625,90.63033419400794,18.97,67.6776659564936,12.753501856633378,1.7896126663957102e+18,1.7896732723148324e+18
1789672599353745596,12.128,1.5975,292.2,90.06454408881858,19.162499999999998,67.58730257646765,12.750358578271214,1.7895825979426243e+18,1.789673670765655e+18
1789672599754362261,12.136,1.68,891.7,89.89030174949349,19.0575,67.49845449493702,12.747257543737337,1.7894900440569213e+18,1.7896748971056492e+18
1789672600021437342,12.148,1.765,1082.85,89.7690440324871,19.005,67.41183326703269,12.744226100812178,1.7954969964524754e+18,1.7895953077740713e+18
1789672600489087455,12.164,1.8,27.775,89.65035722791477,18.83,67.3272255340042,12.74125893069787,1.7898435983821115e+18,1.7896702128222218e+18
1789672600889928888,12.164,1.85,84.75,89.53245943398748,18.7075,67.24315482062947,12.738311485849687,1.789759209910147e+18,1.7896713309965297e+18
1789672601357692248,12.172,1.7,258.625,89.41335094293869,18.7075,67.15768262837855,12.735333773573467,1.7897305036185183e+18,1.7896717114140605e+18
1789672601624753761,12.18,1.8825,789.25,89.29719364881151,18.55,67.07491171900625,12.732429841220288,1.78971606759091e+18,1.7896719027426504e+18
1789672602025563583,12.18,1.8325,770.175,89.18090494883948,18.34,66.99198405534702,12.729522623720987,1.789707369715975e+18,1.7896720180461903e+18
1789672602292856491,12.18,1.865,711.975,89.0648388182867,17.99,66.90933477570624,12.726620970457168,1.789701563217733e+18,1.7896720950345132e+18
1789672602693814001,12.188,2.0175,534.375,88.95187989555403,17.605,66.82912880423146,12.72379699738885,1.7896974082633907e+18,1.7896721501435187e+18
1789672602960853729,12.196,2.0325,1630.775,88.8393174646486,17.605,66.74932254954797,12.720982936616215,1.7896942920124068e+18,1.7896721914865472e+18
1789672603361765026,12.204,1.9325,61.525,88.72674545614792,17.185000000000002,66.66927733739095,12.718168636403698,1.7896918653969526e+18,1.7896722236946358e+18
1789672603628828963,12.224,1.5675,187.75,88.61364857000979,16.87,66.58800161146635,12.715341214250245,1.789689924668054e+18,1.7896722494622945e+18
1789672604096389375,12.2,1.9825,572.95,88.50153915427647,16.87,66.50812886679464,12.712538478856912,1.789688334488529e+18,1.7896722705893535e+18
1789672604363692125,12.208,1.85,110.1,88.38932540024864,16.537499999999998,66.4280360729223,12.709733135006216,1.7896870102534423e+18,1.789672288190306e+18
1789672604831410889,12.216,1.9675,335.975,88.27829089759064,16.38,66.3489617763268,12.706957272439766,1.7896858885163917e+18,1.7896723031114266e+18
1789672605232260476,12.22,2.0675,1025.3,88.16961413608638,16.38,66.2720218352481,12.70424035340216,1.789684927013406e+18,1.7896723159104061e+18
1789672605499561905,12.216,2.0175,1490.55,88.0591343861748,16.2225,66.19363311378707,12.70147835965437,1.789684094607292e+18,1.789672326996684e+18
1789672605900202934,12.232,1.8825,1271.975,87.9500539238299,16.0825,66.11553429228627,12.698751348095747,1.7896833661748536e+18,1.789672336706302e+18
1789672606367948935,12.236,1.8825,604.95,87.84134167424497,16.0825,66.03801748472651,12.696033541856124,1.789682723054142e+18,1.7896723452876562e+18
1789672606635129627,12.232,2.0825,207.75,87.73466596186282,15.942499999999999,65.96220166111743,12.69336664904657,1.7896821522695962e+18,1.7896723529085857e+18
1789672607035977818,12.232,2.265,634.0,87.63003112122938,15.802499999999998,65.88818101551361,12.690750778030734,1.7896816417673705e+18,1.789672359731452e+18
1789672607303179673,12.228,2.0175,296.4,87.52148540949797,15.802499999999998,65.81105902140757,12.68803713523745,1.789681182864881e+18,1.7896723658690022e+18
1789672607770723084,12.232,2.23,904.525,87.41541860882585,15.697500000000002,65.73599430950067,12.685385465220646,1.789680767493983e+18,1.7896723714315213e+18
1789672608037890729,12.232,2.165,1121.975,87.30922733126455,15.487499999999999,65.66072378782857,12.682730683281614,1.7896803904240832e+18,1.7896723764850245e+18
1789672608305173387,11.932,8.5175,147.175,87.22175265994288,15.487499999999999,65.6054239534445,12.680543816498572,1.7896800472141745e+18,1.7896723810884716e+18
1789672608505548873,11.252,21.75,449.125,87.15153112315612,15.242500000000001,65.55521179961787,12.678788278078903,1.7896797342012132e+18,1.7896723852895695e+18
1789672608772800650,10.628,32.6,1370.6,87.08058164717201,15.260000000000002,65.48917721627296,12.6770145411793,1.789679447376038e+18,1.789672389142603e+18
1789672609173740504,10.336,37.615,905.925,87.00763642108768,15.260000000000002,65.41182603551906,12.675190910527192,1.7896791832279542e+18,1.7896723926959276e+18
1789672609641248477,11.548,13.435,160.225,86.91894770880886,16.0825,65.3644389017855,12.672973692720221,1.7896789386640223e+18,1.7896723959913193e+18
1789672610042171947,10.94,25.5,488.95,86.8472285843847,16.135,65.3215334938332,12.671180714609617,1.7896787120990748e+18,1.7896723990487142e+18
1789672610509682039,10.92,25.05,1492.15,86.77302218287032,16.135,65.28330293376732,12.669325554571758,1.789678501453452e+18,1.7896724018963753e+18
1789672610977208976,11.232,18.3825,1276.875,86.68923111843824,16.2575,65.24481850820015,12.667230777960956,1.789678304932378e+18,1.7896724045579814e+18
1789672611378132422,12.06,2.65,619.9,86.56630526387922,16.3625,65.15832782075199,12.66415763159698,1.7896781205646272e+18,1.7896724070590628e+18
1789672611578433848,12.148,1.715,253.375,86.44493334025348,16.3275,65.0707458472419,12.661123333506337,1.7896779475773235e+18,1.7896724094077297e+18
1789672611845473407,12.152,1.9125,773.225,86.32621921298167,16.3275,64.98533850307457,12.658155480324542,1.789677784905079e+18,1.7896724116189e+18
1789672612246388731,11.212,20.1325,721.275,86.24805462500532,16.17,64.94274310648535,12.656201365625133,1.789677632091251e+18,1.7896724136997875e+18
1789672612513556126,9.996,44.55,562.75,86.16297751387712,16.099999999999998,64.82652996355102,12.654074437846928,1.7896774883265116e+18,1.789672415659849e+18
1789672612914122894,9.888,45.665,78.975,86.07886779180298,16.099999999999998,64.71957711389581,12.651971694795074,1.7896773526990574e+18,1.789672417512462e+18
1789672613315042652,12.08,1.765,241.0,85.94970971518947,16.555,64.62650030030726,12.648742742879737,1.7896772239805535e+18,1.7896724192741066e+18
1789672613581945534,12.124,1.615,735.45,85.823150262501,16.537499999999998,64.5357536729212,12.645578756562525,1.789677101823235e+18,1.789672420948166e+18
1789672613982773073,12.148,1.5975,606.0,85.7009208925897,16.537499999999998,64.44749376452327,12.642523022314743,1.7896769856706813e+18,1.7896724225431775e+18
1789672614450315054,12.164,1.5975,210.95,85.58049094845309,16.1525,64.36065419942118,12.639512273711327,1.789676875061047e+18,1.7896724240657608e+18
1789672614851118342,12.164,1.765,643.75,85.46206571823141,15.7675,64.27564263477058,12.636551642955785,1.7896767696890363e+18,1.7896724255193265e+18
1789672615118398375,12.18,1.73,326.15,85.34468526313923,15.7675,64.19137877188813,12.63361713157848,1.789676669306733e+18,1.789672426906073e+18
1789672615385702832,12.2,1.4975,995.325,85.22772221975956,15.400000000000002,64.10692571008832,12.630693055493989,1.7896765735742472e+18,1.7896724282305436e+18
1789672615785914986,12.036,4.65,1399.075,85.12009270847045,15.102500000000001,64.03411507736575,12.628002317711761,1.789676482168123e+18,1.78967242949803e+18
1789672615986373206,12.108,3.13,992.825,85.00770049537707,15.102500000000001,63.955484634302614,12.625192512384427,1.7896763948934124e+18,1.7896724307096366e+18
1789672616253662808,11.964,6.0975,1391.45,84.90416311715009,14.77,63.88734175968173,12.622604077928752,1.7896763115046682e+18,1.789672431869135e+18
1789672616454043022,10.256,39.2825,969.55,84.82387297629991,14.612499999999999,63.8004805583768,12.620596824407498,1.7896762319609262e+18,1.7896724329765092e+18
1789672616854935669,10.092,42.415,1320.425,84.73976384848214,14.612499999999999,63.70168188160098,12.618494096212054,1.7896761558632218e+18,1.7896724340385434e+18
1789672617122212805,10.064,41.835,752.8,84.65847671211996,14.9975,63.62012826156255,12.616461917802999,1.7896760830827046e+18,1.789672435055996e+18
1789672617389495396,10.1,41.885,658.95,84.57572222481204,15.364999999999998,63.52949349356957,12.614393055620301,1.789676013396395e+18,1.7896724360318723e+18
1789672617789964642,10.124,41.1675,372.55,84.49350503605473,15.364999999999998,63.44514849820712,12.612337625901368,1.7896759465523587e+18,1.7896724369703982e+18
1789672618057242994,10.064,41.75,1136.925,84.41197544712125,15.819999999999999,63.3663226993616,12.610299386178031,1.7896758824443533e+18,1.789672437872115e+18
1789672618324407788,12.056,1.9675,192.8,84.28125934926065,16.205,63.27357583544525,12.607031483731516,1.789675820622421e+18,1.7896724387432522e+18
1789672618591704494,12.08,1.9975,588.375,84.15358362838525,16.135,63.182861213227845,12.603839590709631,1.7896757609853373e+18,1.7896724395851597e+18
1789672618992602765,11.94,5.535,157.175,84.04095599861655,16.135,63.10840555111381,12.601023899965414,1.7896757034500838e+18,1.78967244039968e+18
1789672619460372117,10.912,25.8175,479.65,83.96093181574564,15.924999999999999,63.05834806579508,12.599023295393641,1.7896756480530824e+18,1.789672441186545e+18
1789672619727221606,12.06,2.4475,1463.775,83.83536536821005,15.977500000000001,62.96994938029776,12.595884134205251,1.7896755945242734e+18,1.789672441948338e+18
1789672620127830244,12.1,2.3475,1190.275,83.7129308851177,15.977500000000001,62.88367643727752,12.592823272127943,1.7896755427415995e+18,1.7896724426874468e+18
1789672620595479441,12.088,2.7,355.625,83.59298659630831,15.75,62.799574815601375,12.589824664907708,1.7896754926136284e+18,1.7896724434054198e+18
1789672621263575080,12.096,3.0325,35.175,83.47756386215018,15.469999999999999,62.71868173201482,12.586939096553754,1.7896754440234255e+18,1.7896724441048512e+18
1789672621731100462,12.172,1.7,107.325,83.3582517974638,15.19,62.63335860431793,12.583956294936595,1.789675396950309e+18,1.7896724447848323e+18
1789672622198841711,11.16,21.5475,327.525,83.27581116373757,15.067499999999999,62.5815638883857,12.58189527909344,1.7896753514813883e+18,1.7896724454439808e+18
1789672622599694568,9.956,44.715,999.525,83.18622551369018,15.067499999999999,62.479691636284215,12.579655637842254,1.7896753075268247e+18,1.7896724460831483e+18
1789672622800136006,9.9,45.515,1411.9,83.09613438651489,15.592500000000001,62.37912782392375,12.577403359662872,1.789675265063871e+18,1.7896724467015846e+18
1789672623067406341,9.924,45.2,1031.975,83.00563477047362,16.275000000000002,62.27865124311963,12.57514086926184,1.7896752239980818e+18,1.7896724473009467e+18
1789672623468249025,9.856,46.065,1510.925,82.91585441258874,16.275000000000002,62.181926547617905,12.572896360314719,1.789675184232378e+18,1.7896724478831997e+18
1789672624336203419,9.948,45.3325,787.05,82.82345858479594,17.7975,62.07506997364236,12.570586464619899,1.78967514559096e+18,1.7896724484529608e+18
1789672624603325463,9.892,46.015,763.475,82.73164039014624,18.305,61.971941938122086,12.568291009753656,1.7896751081659796e+18,1.7896724490059827e+18
1789672625071065665,9.932,44.165,691.525,82.64385331773326,18.305,61.88943759504903,12.566096332943332,1.7896750718721444e+18,1.7896724495443487e+18
1789672625338281274,9.96,43.8975,471.95,82.55576378684594,18.724999999999998,61.80513137610669,12.563894094671149,1.7896750366994808e+18,1.7896724500672376e+18
1789672625738912886,10.136,40.6975,1440.275,82.4693562167537,19.022499999999997,61.72822731495659,12.561733905418842,1.789675002575871e+18,1.789672450576242e+18
1789672626006204654,11.004,22.8,1118.55,82.37863840194727,19.564999999999998,61.67913488439523,12.559465960048682,1.789674969467438e+18,1.7896724510712205e+18
1789672626406919813,11.884,4.7975,136.725,82.24962998392584,19.8275,61.593693441338054,12.556240749598146,1.7896749371926354e+18,1.7896724515553915e+18
1789672626607298154,11.756,8.0975,417.25,82.13267296709667,19.775000000000002,61.52038523444395,12.553316824177417,1.78967490579092e+18,1.7896724520272855e+18
1789672626874462694,10.484,34.45,1273.325,82.04737815422298,19.74,61.45250474640436,12.551184453855575,1.7896748753042885e+18,1.789672452486503e+18
1789672627275382634,10.536,32.8325,609.075,81.96252262044034,20.037499999999998,61.392175640059314,12.549063065511008,1.789674845672867e+18,1.7896724529344282e+18
1789672627742896687,10.616,31.115,220.325,81.87618757135311,20.2825,61.334386363266745,12.546904689283828,1.7896748168476918e+18,1.7896724533719887e+18
1789672628010190963,11.048,22.4825,672.375,81.78453481358133,20.58,61.28101602648949,12.544613370339533,1.7896747888130266e+18,1.7896724537985764e+18
1789672628210576298,12.072,1.715,413.525,81.64960440780682,20.7375,61.18559474605038,12.54124011019517,1.7896747614385027e+18,1.7896724542158802e+18
1789672628611519139,12.092,1.85,1261.975,81.5190242036504,20.5275,61.093520244419736,12.53797560509126,1.7896747346843607e+18,1.7896724546252378e+18
1789672628878798144,12.112,1.9125,574.425,81.39123147990674,20.5275,61.003427918897444,12.534780786997668,1.7896747085557138e+18,1.7896724550260178e+18
1789672629279592112,12.128,1.815,114.6,81.26496926851807,20.405,60.91407287130821,12.531624231712952,1.7896746830175427e+18,1.7896724554192197e+18
1789672629680114175,12.128,2.1,349.725,81.14185290628093,20.195,60.827598208982465,12.528546322657023,1.7896746580585244e+18,1.7896724558049618e+18
1789672629880576628,12.136,1.9475,1067.275,81.01916174690423,20.002499999999998,60.740768817602934,12.525479043672606,1.789674633685335e+18,1.7896724561823677e+18
1789672630147865826,12.144,2.1,1618.65,80.89845056661453,19.845,60.65605734678115,12.522461264165363,1.7896746098738483e+18,1.7896724565520325e+18
1789672630548713546,12.14,2.0825,24.525,80.77642556777825,19.635,60.57013348101477,12.519410639194456,1.789674586587456e+18,1.7896724569149542e+18
1789672630949412614,11.948,6.0975,74.825,80.66506387794838,19.635,60.49532323042973,12.51662659694871,1.7896745638312847e+18,1.7896724572710113e+18
1789672631149880950,12.076,3.63,228.325,80.54849264542042,19.4425,60.41486533794216,12.51371231613551,1.7896745415992906e+18,1.7896724576195533e+18
1789672631417162167,12.092,3.4675,696.775,80.43254009262569,19.285,60.334540982620425,12.510813502315642,1.7896745198675986e+18,1.7896724579611633e+18
1789672631817785237,12.096,3.63,487.975,80.3188024001394,19.1975,60.25551147789616,12.507970060003485,1.7896744986106145e+18,1.7896724582966605e+18
1789672632218733677,12.116,3.13,1489.175,80.20205790781468,19.11,60.17403837405976,12.505051447695367,1.7896744778080225e+18,1.7896724586263235e+18
1789672632485912688,12.096,3.5,1267.8,80.08700507457561,18.9525,60.09398737428176,12.50217512686439,1.7896744574616727e+18,1.789672458949635e+18
1789672632686349103,12.116,3.3675,592.2,79.96622905441335,18.9525,60.014262417488915,12.499324581088267,1.7896744375529316e+18,1.7896724592666435e+18
1789672633087273267,12.104,3.665,168.85,79.82406660005863,18.8825,59.93527179346378,12.496481332001173,1.7896744180137797e+18,1.789672459579068e+18
1789672633488105394,12.104,3.6825,515.275,79.6840400675631,18.8125,59.85707879545266,12.493680801351262,1.7896743988388641e+18,1.7896724598869542e+18
1789672633754930643,12.152,2.8325,1572.475,79.54239755209144,18.655,59.77743007231893,12.490847951041829,1.7896743800276713e+18,1.7896724601898478e+18
1789672633955388903,12.124,3.55,1522.0,79.40307977684508,18.55,59.699453057493194,12.488061595536902,1.7896743615796657e+18,1.7896724604875254e+18
1789672634155762442,12.132,3.3325,1367.975,79.2619482591345,18.462500000000002,59.62033614335864,12.48523896518269,1.7896743434819123e+18,1.7896724607801797e+18
1789672634556530091,11.284,21.1325,897.925,79.14957964391036,18.462500000000002,59.55078204328022,12.482991592878207,1.7896743257529556e+18,1.7896724610681167e+18
1789672634957437110,10.58,33.935,1101.825,79.03158533265852,18.27,59.46605393785507,12.48063170665317,1.7896743083739617e+18,1.7896724613515963e+18
1789672635358369055,10.456,36.4325,85.7,78.91164144531368,18.445,59.375081613237306,12.478232828906274,1.7896742913322885e+18,1.7896724616307927e+18
1789672635758895707,10.432,36.165,261.525,78.7921992128105,18.76,59.291298483125644,12.47584398425621,1.7896742746195625e+18,1.789672461905802e+18
1789672635959310001,10.508,34.0975,798.1,78.67283617582822,19.075,59.21547842189515,12.473456723516565,1.7896742582404306e+18,1.7896724621759176e+18
1789672636159547310,10.504,33.43,797.2,78.55397975571174,19.2675,59.14625136279988,12.471079595114235,1.7896742421855933e+18,1.789672462441277e+18
1789672636359873444,11.852,4.415,794.45,78.38029235721777,19.4425,59.05147295911866,12.467605847144355,1.7896742263729055e+18,1.789672462703222e+18
1789672636626987344,12.02,3.25,786.05,78.21880362683534,19.32,58.96103280781055,12.464376072536707,1.7896742108096384e+18,1.7896724629618168e+18
1789672636827402877,11.872,6.2325,760.425,78.06596771970922,18.9525,58.87826890246453,12.461319354394185,1.7896741955058545e+18,1.7896724632166843e+18
1789672637228321092,10.272,38.9325,682.225,77.9409757569801,18.9525,58.78988945625367,12.458819515139602,1.7896741804781548e+18,1.7896724634681098e+18
1789672637628994259,10.284,38.2475,443.575,77.81733287519651,18.900000000000002,58.70773786747958,12.45634665750393,1.7896741657213402e+18,1.7896724637161464e+18
1789672637829161018,10.32,37.4325,1353.675,77.69386856255008,19.0575,58.62786240871317,12.453877371251002,1.789674151240062e+18,1.7896724639601185e+18
1789672638096433955,10.34,36.4825,854.275,77.57020247501077,19.25,58.55360784892175,12.451404049500216,1.789674137022728e+18,1.789672464200396e+18
1789672638497160414,10.368,36.4325,968.625,77.44481378138968,19.459999999999997,58.47487332338277,12.448896275627794,1.7896741230533286e+18,1.7896724644375967e+18
1789672638764423951,10.332,37.5175,1317.6,77.31942137002177,19.599999999999998,58.39154782043726,12.446388427400436,1.789674109332669e+18,1.7896724646713137e+18
1789672638964797703,10.388,35.335,744.175,77.19565262620779,19.705,58.32013105559883,12.443913052524156,1.7896740958595261e+18,1.7896724649013594e+18
1789672639165250097,10.376,36.75,632.625,77.06808325651738,19.8625,58.236312002111355,12.441361665130348,1.7896740826230482e+18,1.7896724651279137e+18
1789672639365725124,10.452,35.3,292.2,76.94141478781785,19.9325,58.1546618589575,12.438828295756357,1.7896740696180872e+18,1.7896724653510428e+18
1789672639766081262,10.392,34.835,891.7,76.81502649523627,20.1075,58.08563989280616,12.436300529904726,1.7896740568295542e+18,1.7896724655715346e+18
1789672640166596641,10.412,35.815,1082.85,76.68625705202398,20.16,58.0044397098557,12.43372514104048,1.789674044250204e+18,1.7896724657894802e+18
1789672640366937366,10.456,34.8,27.775,76.55781710456431,20.37,57.92581680512708,12.431156342091287,1.7896740318844022e+18,1.789672466004256e+18
1789672640567418175,10.488,33.7825,84.75,76.42947579435618,20.51,57.8507783460582,12.428589515887124,1.7896740197268746e+18,1.7896724662159375e+18
1789672640834440798,10.496,33.7175,258.625,76.30096306092753,20.615,57.77507123350578,12.426019261218551,1.7896740077694623e+18,1.7896724664248276e+18
1789672641235099077,10.524,33.1325,789.25,76.16962047186347,20.877499999999998,57.69883740282132,12.42339240943727,1.7896739959993718e+18,1.7896724666314806e+18
1789672641635908430,10.58,32.03,770.175,76.03783585824911,21.087500000000002,57.62347929394742,12.420756717164982,1.7896739844122412e+18,1.7896724668359465e+18
1789672641902650278,12.068,1.665,711.975,75.86064358502122,21.087500000000002,57.52267417238558,12.417212871700425,1.7896739729685166e+18,1.789672467038558e+18
1789672642236658156,12.092,1.865,534.375,75.68963747344277,20.8425,57.42542128669009,12.413792749468856,1.7896739616692493e+18,1.7896724672394598e+18
1789672642437098376,12.108,1.78,1630.775,75.52028997584345,20.8425,57.329137623817296,12.41040579951687,1.7896739505189343e+18,1.7896724674382188e+18
1789672642837930641,12.12,1.9825,61.525,75.35677427778316,20.72,57.2363088623752,12.407135485555663,1.7896739395128364e+18,1.7896724676354153e+18
1789672643238856139,12.128,1.9475,187.75,75.19385249385246,20.545,57.143626304352004,12.40387704987705,1.7896739286494723e+18,1.7896724678310538e+18
1789672643639539052,12.152,1.665,572.95,75.03198078244955,20.212500000000002,57.05176697075253,12.400639615648991,1.7896739179276503e+18,1.7896724680251382e+18
1789672644040075719,12.16,1.78,110.1,74.87279959270765,20.02,56.961134324529155,12.397455991854153,1.789673907347496e+18,1.7896724682176448e+18
1789672644440746928,12.164,1.78,335.975,74.71555030589121,19.775000000000002,56.871706752448475,12.394311006117825,1.789673896908422e+18,1.7896724684085612e+18
1789672644841556749,12.164,1.9825,1025.3,74.55985232256256,19.775000000000002,56.78320605170025,12.391197046451252,1.7896738866094031e+18,1.7896724685978908e+18
1789672645041835858,12.176,1.85,1490.55,74.40568140116844,19.5125,56.69544155637348,12.388113628023369,1.789673876455594e+18,1.7896724687850358e+18
1789672645308999488,12.184,1.865,1271.975,74.25207888072948,19.145,56.608154412377196,12.38504157761459,1.7896738664425574e+18,1.7896724689702292e+18
1789672645509464574,12.192,1.8825,604.95,74.10073534164664,18.602500000000003,56.521787592980985,12.382014706832933,1.7896738565713495e+18,1.789672469153278e+18
1789672645910041231,12.188,1.9825,207.75,73.95085765420947,18.235,56.43643905038593,12.37901715308419,1.7896738468343173e+18,1.7896724693347932e+18
1789672646310985124,12.22,1.5825,634.0,73.80287168639991,18.235,56.351827854416136,12.376057433727999,1.7896738372305687e+18,1.7896724695147684e+18
1789672647112690934,11.496,15.0325,904.525,73.66281112145083,17.045,56.27369720805823,12.373256222429017,1.7896738277523645e+18,1.7896724696942618e+18
1789672647313119919,12.192,1.9475,1121.975,73.51290583634675,16.6775,56.188211478123975,12.370258116726935,1.7896738184074824e+18,1.789672469871694e+18
1789672647580308734,12.2,1.8,147.175,73.3627930448585,16.6775,56.1026083986144,12.36725586089717,1.789673809191323e+18,1.7896724700473009e+18
1789672647981063119,12.208,1.75,449.125,73.21338898452953,16.1525,56.0175042457086,12.364267779690591,1.7896738000985992e+18,1.7896724702214694e+18
1789672648248352514,12.232,1.4825,1370.6,73.06618576353658,15.487499999999999,55.933225895139365,12.361323715270732,1.7896737911319101e+18,1.7896724703938337e+18
1789672648448810091,12.04,5.2175,905.925,72.92165143839266,15.487499999999999,55.85101340896351,12.358433028767854,1.789673782292213e+18,1.7896724705642068e+18
1789672648849528636,10.012,45.185,1126.25,72.76847843996936,14.787499999999998,55.732484301548695,12.355369568799388,1.7896737735666314e+18,1.789672470733282e+18
1789672649250334354,10.12,42.365,160.225,72.62092442422937,14.91,55.62790022314084,12.352418488484588,1.7896737649568873e+18,1.7896724709010086e+18
1789672649650976157,10.088,42.9,488.95,72.47144367125502,14.91,55.523315448023546,12.3494288734251,1.7896737564598305e+18,1.7896724710674268e+18
1789672649851268991,10.004,43.785,1492.15,72.32364729024584,15.224999999999998,55.42507240867368,12.346472945804917,1.7896737480789573e+18,1.7896724712320123e+18
1789672650118578084,9.996,43.8,1276.875,72.1753449182505,15.6275,55.32823615346003,12.34350689836501,1.7896737398102671e+18,1.7896724713949783e+18
1789672650519725484,9.964,44.3325,619.9,72.02784871001782,15.6275,55.232403571151416,12.340556974200357,1.789673731649361e+18,1.789672471556694e+18
1789672650720206034,9.968,44.8325,253.375,71.87627121092167,15.995000000000001,55.12933542376977,12.337525424218434,1.789673723596125e+18,1.7896724717167089e+18
1789672650987492451,9.868,45.55,773.225,71.72813857083415,16.502499999999998,55.038515344893234,12.334562771416683,1.789673715649152e+18,1.7896724718751908e+18
1789672651388408014,9.88,46.3325,721.275,71.57525490061445,17.08,54.93603341370292,12.33150509801229,1.7896737078012915e+18,1.7896724720325532e+18
1789672651655366531,9.872,46.45,562.75,71.422234034791,17.08,54.83433734314544,12.32844468069582,1.7896737000534372e+18,1.7896724721884787e+18
1789672651855747041,9.784,48.3,78.975,71.26576442457242,17.605,54.72820140862246,12.32531528849145,1.789673692403206e+18,1.7896724723428636e+18
1789672652256686849,9.74,48.335,241.0,71.11252023746938,18.0775,54.63208591835501,12.322250404749388,1.7896736848469724e+18,1.7896724724961987e+18
1789672652523803420,10.108,41.95,735.45,70.96066075921905,18.5325,54.53552506218038,12.319213215184382,1.7896736773863905e+18,1.7896724726481503e+18
1789672652724267088,10.236,39.2475,606.0,70.80931059531517,18.9875,54.44273328699027,12.316186211906304,1.7896736700211415e+18,1.7896724727985818e+18
1789672653058253644,10.288,36.9825,210.95,70.65763161679078,19.285,54.35996146686672,12.313152632335816,1.7896736627471368e+18,1.7896724729478405e+18
1789672653459174382,10.748,27.885,643.75,70.50439018621304,19.6175,54.279090676236045,12.310087803724262,1.7896736555610058e+18,1.7896724730961231e+18
1789672653859712783,12.064,1.615,326.15,70.32243765839297,19.705,54.17732877151937,12.30644875316786,1.7896736484473316e+18,1.7896724732437338e+18
1789672654060054571,12.1,1.4625,995.325,70.14603091856583,19.705,54.07879854892296,12.302920618371317,1.7896736414112845e+18,1.7896724733901414e+18
1789672654260435601,12.112,1.5825,1399.075,69.96376873569979,19.5125,53.98192932855186,12.299456531035498,1.7896736344490394e+18,1.789672473535422e+18
1789672654661024372,12.08,2.3825,1391.45,69.73715111441474,19.25,53.8867403054553,12.296057266716222,1.7896736275358943e+18,1.7896724736804987e+18
1789672654861489789,12.056,3.3125,969.55,69.51723712410256,19.127499999999998,53.794917170479785,12.29275855686154,1.7896736206783442e+18,1.789672473824813e+18
1789672655061953666,12.084,2.9475,1320.425,69.29938423749824,19.005,53.70366493558607,12.289490763562474,1.7896736138772462e+18,1.78967247396835e+18
1789672655395723331,12.12,2.25,752.8,69.08034485548487,18.7425,53.611979969299696,12.286205172832274,1.7896736071300086e+18,1.78967247411143e+18
1789672655595954457,11.668,11.065,658.95,68.86773034778038,18.7425,53.52367524484289,12.283015955216706,1.7896736004414472e+18,1.789672474253673e+18
1789672655996521995,10.944,24.55,372.55,68.65619973343142,18.462500000000002,53.43702718652494,12.279842996001472,1.789673593808832e+18,1.7896724743955407e+18
1789672656397376657,12.096,2.4675,1136.925,68.43330348085408,18.6725,53.34344468064741,12.276499552212812,1.7896735872272315e+18,1.7896724745371274e+18
1789672656731350840,12.128,2.3325,192.8,68.21623130695798,18.7075,53.252300246225325,12.27324346960437,1.789673580700137e+18,1.789672474678218e+18
1789672656931803831,12.132,2.3475,588.375,68.00015334912284,18.689999999999998,53.161609977491544,12.270002300236843,1.7896735742297467e+18,1.789672474818484e+18
1789672657132190658,12.14,2.4475,157.175,67.78832820840033,18.689999999999998,53.072658304357745,12.266824923126006,1.7896735678174953e+18,1.7896724749578947e+18
1789672657332670447,12.18,1.8825,479.65,67.57957558420134,18.602500000000003,52.9847243566258,12.26369363376302,1.789673561464243e+18,1.789672475096427e+18
1789672657532954056,11.984,4.3175,1463.775,67.35411327881033,18.5675,52.89055175880247,12.260311699182155,1.789673555162965e+18,1.789672475234228e+18
1789672657733179681,11.632,12.2175,1190.275,67.14288278506102,18.48,52.80083860375991,12.257143241775916,1.7896735489190446e+18,1.7896724753711795e+18
1789672657933663713,10.872,27.5325,355.625,66.92983488913298,18.445,52.70478721600176,12.253947523336995,1.789673542731377e+18,1.7896724755073004e+18
1789672658334385667,11.032,23.265,1085.275,66.7139404472711,18.6375,52.61331180928638,12.250709106709067,1.7896735365958697e+18,1.7896724756430766e+18
1789672658735232370,11.948,3.8675,35.175,66.4714642730988,18.6375,52.512038992477855,12.247071964096483,1.789673530502454e+18,1.7896724757787256e+18
1789672659136053619,12.148,1.68,107.325,66.24986142807911,18.8125,52.41835682444242,12.243747921421187,1.7896735244590912e+18,1.7896724759140593e+18
1789672659336362556,12.164,1.8,327.525,66.03521451345738,18.602500000000003,52.32796661249473,12.240528217701861,1.7896735184707384e+18,1.789672476048561e+18
1789672659670137732,12.188,1.5975,999.525,65.82366434393694,18.252499999999998,52.23858500194821,12.237354965159055,1.789673512536406e+18,1.7896724761825124e+18
1789672659870480928,12.048,4.615,1411.9,65.61493613953937,17.92,52.14995516651366,12.234224042093091,1.789673506658389e+18,1.7896724763155878e+18
1789672660270961540,11.336,16.9675,1031.975,65.3906329576063,17.92,52.0556519233743,12.230859494364095,1.7896735008283346e+18,1.7896724764483712e+18
1789672660671747217,10.444,35.75,1510.925,65.19807626858875,17.622500000000002,51.969498322262666,12.227971144028832,1.7896734950569815e+18,1.789672476580606e+18
1789672660872206189,11.632,9.9825,1334.175,64.96649689036227,17.78,51.874114717740355,12.224497453355434,1.7896734893329395e+18,1.7896724767121505e+18
1789672661273135637,11.956,4.965,794.775,64.89662960405018,17.814999999999998,51.87199037853313,12.223449444060753,1.7896734837073226e+18,1.789672476842212e+18
1789672661473599666,11.628,11.415,787.05,64.86133024264011,17.605,51.907430522882976,12.222919953639602,1.7896734781911468e+18,1.7896724769701307e+18
1789672661673788077,11.868,7.4325,763.475,64.88609692200879,17.605,51.968428005897565,12.223291453830132,1.789673472800647e+18,1.7896724770955098e+18
1789672661874215157,10.576,33.1825,691.525,64.89996811627465,17.43,52.03042498181842,12.22349952174412,1.7896734675284477e+18,1.789672477218512e+18
1789672662208238258,10.392,35.9975,471.95,64.91476144469976,17.605,52.08756643966357,12.223721421670497,1.789673462370151e+18,1.7896724773394688e+18
1789672662608905798,10.324,37.15,1440.275,64.92702475912024,17.9025,52.133710098544896,12.223905371386804,1.7896734573212452e+18,1.789672477458582e+18
1789672663009806496,10.308,38.015,1118.55,64.93708767039772,18.305,52.16550978155593,12.224056315055966,1.7896734523781148e+18,1.7896724775759135e+18
1789672663210277727,10.276,38.15,136.725,64.94568614602949,18.689999999999998,52.1895702667067,12.224185292190443,1.7896734475388385e+18,1.7896724776911273e+18
1789672663544142234,12.072,1.5975,417.25,64.94048039699989,18.83,52.21704092515364,12.224107205954999,1.7896734427955036e+18,1.7896724778046326e+18
1789672663744712139,12.112,1.6325,1273.325,64.94407254009819,18.83,52.239851390745805,12.224161088101473,1.789673438148905e+18,1.7896724779161646e+18
1789672663944609638,12.132,1.5475,609.075,64.94536814071354,18.689999999999998,52.248534902519594,12.224180522110704,1.789673433595644e+18,1.7896724780257907e+18
1789672664211887762,12.152,1.5475,220.325,64.9445567763584,18.5675,52.25890264921791,12.224168351645377,1.7896734291322289e+18,1.7896724781336945e+18
1789672664546745743,12.056,3.4475,672.375,64.94745384453972,18.3575,52.26012293905986,12.224211807668096,1.7896734247570232e+18,1.7896724782400136e+18
1789672664947284085,10.916,26.1825,413.525,64.95035536185722,18.147499999999997,52.25484767955255,12.224255330427859,1.7896734204675543e+18,1.7896724783448899e+18
1789672665348072680,12.16,1.5325,1261.975,64.9556890950337,18.147499999999997,52.25323866910863,12.224335336425506,1.7896734162623862e+18,1.789672478448338e+18
1789672665615124484,12.172,1.5825,574.425,64.96218976977212,18.095,52.24821169314568,12.224432846546582,1.7896734121401108e+18,1.7896724785501637e+18
1789672665948646852,12.184,1.7,114.6,64.97665383687196,17.885,52.2446540455074,12.22464980755308,1.7896734081005844e+18,1.7896724786504545e+18
1789672666148935573,12.192,1.75,349.725,64.9927645397164,17.745,52.23943126867055,12.224891468095747,1.789673404142367e+18,1.7896724787490286e+18
1789672666416214257,12.196,1.75,1067.275,65.04572004156879,17.535,52.26093241811944,12.225685800623532,1.789673400272857e+18,1.789672478845791e+18
1789672666616555561,12.204,1.73,1618.65,65.07228692318405,17.535,52.26351077786411,12.226084303847761,1.789673396482881e+18,1.789672478940858e+18
1789672666817009139,12.212,1.765,24.525,65.10610773120644,17.22,52.27170101686258,12.226591615968097,1.7896733927721567e+18,1.7896724790342264e+18
1789672667151112139,12.22,1.6325,74.825,65.14637993636893,16.9225,52.284015926964464,12.227195699045534,1.7896733891402296e+18,1.789672479126082e+18
1789672667351571149,12.22,1.68,228.325,65.17848601252096,16.9225,52.28946053756809,12.227677290187815,1.789673385583005e+18,1.789672479216333e+18
1789672667551855720,12.228,1.78,696.775,65.21571898260274,16.6775,52.29789332126424,12.228235784739041,1.7896733820998126e+18,1.7896724793049777e+18
1789672667752161803,12.224,1.765,487.975,65.24644112386453,16.4325,52.298833436547234,12.228696616857968,1.789673378687119e+18,1.7896724793921e+18
1789672668153016304,12.232,1.75,1489.175,65.28092569478221,16.4325,52.29994129749027,12.229213885421734,1.7896733753443323e+18,1.7896724794779748e+18
1789672668553811707,12.24,1.75,1267.8,65.31650100526187,16.064999999999998,52.30124783334621,12.229747515078929,1.7896733720701432e+18,1.7896724795626086e+18
1789672668954407524,12.244,1.665,592.2,65.35998528636884,15.645,52.315047511493574,12.230399779295533,1.7896733688648607e+18,1.789672479645979e+18
1789672669355259588,12.24,1.8,168.85,65.40214588544997,15.645,52.321239913507355,12.23103218828175,1.789673365726633e+18,1.7896724797281096e+18
1789672669755865165,12.244,1.7,515.275,65.45753359131459,15.33,52.34381687676186,12.23186300386972,1.7896733626570266e+18,1.789672479808941e+18
1789672670156717541,12.244,1.815,1572.475,65.4843534510849,14.91,52.33253909486087,12.232265301766274,1.78967335964789e+18,1.7896724798886684e+18
1789672670557271720,12.264,1.5175,1522.0,65.51183107207683,14.91,52.319107150554785,12.232677466081153,1.789673356698066e+18,1.7896724799673009e+18
1789672670958113652,12.212,2.5825,1367.975,65.53786307186071,14.647499999999999,52.307442793380716,12.233067946077911,1.7896733538059502e+18,1.7896724800448689e+18
1789672671158573003,11.272,18.8475,897.925,65.58974318473014,14.647499999999999,52.327264934939826,12.233846147770953,1.7896733509752184e+18,1.7896724801210217e+18
1789672671359035017,11.068,21.9975,1101.825,65.61314711016588,14.4725,52.328757093432536,12.234197206652489,1.7896733481980168e+18,1.7896724801959624e+18
1789672671559398904,12.188,2.0675,85.7,65.64956867597884,14.455,52.33376512872026,12.234743530139683,1.789673345475949e+18,1.789672480269641e+18
1789672671759618703,12.184,2.3325,261.525,65.69207432260131,14.455,52.3423716028737,12.23538111483902,1.7896733428090422e+18,1.7896724803420465e+18
1789672671959847449,12.196,2.4175,798.1,65.72248461698875,14.157499999999999,52.33419506447062,12.235837269254832,1.7896733401933652e+18,1.789672480413281e+18
1789672672160263732,12.192,2.5175,797.2,65.75239737855792,14.157499999999999,52.31924786523354,12.23628596067837,1.789673337627632e+18,1.78967248048337e+18
1789672672494162104,12.208,2.3825,794.45,65.82684690829903,13.8775,52.34947945162552,12.237402703624486,1.7896733351209505e+18,1.7896724805521997e+18
1789672672761615160,11.1,23.665,786.05,65.8738006839255,13.667499999999999,52.36004863604991,12.238107010258883,1.7896733326658143e+18,1.7896724806198884e+18
1789672673162503833,11.96,6.6825,760.425,65.92421838866515,13.667499999999999,52.37990487556443,12.238863275829978,1.7896733302626852e+18,1.7896724806865539e+18
1789672673563169304,10.576,32.95,682.225,65.95408315579319,13.7725,52.3780469723168,12.239311247336898,1.7896733279062666e+18,1.7896724807523226e+18
1789672673963791508,10.456,34.95,443.575,65.9608764459618,13.7725,52.353601635766374,12.239413146689428,1.789673325590901e+18,1.7896724808173412e+18
1789672674364720399,10.408,35.73,1353.675,65.9563067360089,14.227500000000001,52.31570911250562,12.239344601040134,1.789673323313521e+18,1.7896724808816804e+18
1789672674765411540,10.456,34.6175,854.275,65.95918098990916,14.787499999999998,52.28173578430075,12.239387714848638,1.7896733210749458e+18,1.7896724809453076e+18
1789672675166247042,10.452,34.1975,968.625,65.95915450581992,14.787499999999998,52.2521920441546,12.2393873175873,1.7896733188738893e+18,1.7896724810082442e+18
1789672675566962265,10.548,32.7475,1317.6,65.96122834951426,15.2775,52.22140893031642,12.239418425242715,1.7896733167100961e+18,1.789672481070488e+18
1789672675900827647,10.516,32.3825,744.175,65.96011045980161,15.75,52.19405266973311,12.239401656897025,1.7896733145817318e+18,1.7896724811320156e+18
1789672676168101274,11.964,2.615,632.625,65.9239842996085,16.135,52.14813733664542,12.238859764494128,1.7896733124806935e+18,1.7896724811930007e+18
1789672676368489849,10.876,26.2475,292.2,65.92362234829041,16.135,52.11371577298926,12.238854335224357,1.789673310412929e+18,1.7896724812531945e+18
1789672676769366877,11.364,15.4475,891.7,65.90979323761816,16.38,52.07483181227171,12.238646898564273,1.789673308376845e+18,1.789672481312821e+18
1789672677170291452,10.732,28.9325,1082.85,65.90673195499603,16.66,52.04097959720004,12.238600979324941,1.7896733063739835e+18,1.7896724813718223e+18
1789672677571008289,11.88,5.6475,27.775,65.89294354732256,16.852500000000003,52.00601646584718,12.238394153209839,1.789673304401723e+18,1.7896724814302671e+18
1789672677971317549,11.316,16.7825,84.75,65.8874139368419,16.852500000000003,51.97461696500257,12.238311209052629,1.7896733024611126e+18,1.7896724814881126e+18
1789672678371901136,11.236,18.6,258.625,65.88722293346154,16.7825,51.94276934017185,12.238308344001924,1.7896733005526362e+18,1.7896724815453335e+18
1789672678772730211,12.06,2.2,789.25,65.87248075543874,16.7825,51.90791884199168,12.238087211331582,1.7896732986730255e+18,1.7896724816020193e+18
1789672678973165548,10.532,33.515,770.175,65.87167151074627,17.01,51.8671415230555,12.238075072661195,1.7896732968225275e+18,1.789672481657989e+18
1789672679374099656,10.024,43.3825,711.975,65.92228463244498,17.01,51.879388004614455,12.238834269486675,1.7896732950119132e+18,1.7896724817130734e+18
1789672679641152333,9.944,45.565,534.375,65.9542546447158,17.3425,51.880698527521155,12.239313819670738,1.7896732932357745e+18,1.7896724817673162e+18
1789672679841485743,10.068,42.835,1630.775,65.98586671138824,17.7625,51.88573717705595,12.239788000670824,1.7896732914927168e+18,1.7896724818207032e+18
1789672680242402524,10.116,42.0325,61.525,66.01406195022572,18.287499999999998,51.88857357972719,12.240210929253386,1.789673289783443e+18,1.7896724818733612e+18
1789672680643175756,10.104,42.0325,187.75,66.04104321761884,18.7425,51.89288037888417,12.240615648264283,1.7896732881071698e+18,1.7896724819253005e+18
1789672681044086112,10.172,40.7825,572.95,66.06335225789914,19.0575,51.894958319590145,12.240950283868488,1.789673286462505e+18,1.7896724819765548e+18
1789672681444939223,10.152,40.7325,110.1,66.08550403811763,19.0575,51.900511710784805,12.241282560571765,1.7896732848488965e+18,1.789672482027128e+18
1789672681845186065,10.18,40.5975,335.975,66.10549782877224,19.495,51.90207718338164,12.241582467431584,1.7896732832654446e+18,1.789672482077041e+18
1789672682245978575,10.22,39.85,1025.3,66.12102348849542,19.845,51.90172679279188,12.241815352327432,1.7896732817108815e+18,1.789672482126317e+18
1789672682646740278,10.376,35.8825,1490.55,66.14306576193647,20.212500000000002,51.91148081947346,12.242145986429048,1.7896732801858673e+18,1.7896724821749325e+18
1789672682913840333,10.856,26.035,1271.975,66.15692406419404,20.4925,51.920509142361425,12.242353860962911,1.7896732786870436e+18,1.7896724822228938e+18
1789672683113859742,12.024,2.3,604.95,66.1460023804552,20.8425,51.91616525199199,12.242190035706829,1.7896732772089713e+18,1.7896724822703227e+18
1789672683314008863,12.016,3.25,207.75,66.14464017436019,20.790000000000003,51.91593189232538,12.242169602615403,1.7896732757529004e+18,1.789672482317178e+18
1789672683514190819,12.02,3.7325,634.0,66.14709225257118,20.6325,51.91716246238622,12.242206383788568,1.789673274319085e+18,1.7896724823634473e+18
1789672683847893171,11.42,15.9825,296.4,66.15789978084155,20.545,51.92128026439795,12.242368496712624,1.7896732729100106e+18,1.7896724824091297e+18
1789672684114453148,11.98,3.4475,904.525,66.14877527393448,20.4925,51.91802520472431,12.242231629109018,1.7896732715211958e+18,1.7896724824543278e+18
1789672684314578015,11.844,7.0975,1121.975,66.14986630368955,20.474999999999998,51.91909044234583,12.242247994555344,1.789673270153251e+18,1.7896724824989704e+18
1789672684648156767,11.988,4.55,147.175,66.15020377153746,20.3175,51.91942148147709,12.242253056573063,1.7896732688071951e+18,1.7896724825431048e+18
1789672684915058814,11.552,13.3,449.125,66.15541449129714,20.23,51.92160515935717,12.242331217369458,1.7896732674827226e+18,1.7896724825866908e+18
1789672685115267182,11.404,16.215,1370.6,66.16062639690041,20.23,51.923546845258976,12.242409395953507,1.7896732661787005e+18,1.789672482629727e+18
1789672685449274996,11.324,17.8175,905.925,66.17300062506604,20.212500000000002,51.92694070394473,12.242595009375991,1.7896732648974602e+18,1.7896724826722112e+18
1789672685716266684,11.376,16.685,1126.25,66.18470088732779,20.3,51.92895737605957,12.242770513309917,1.7896732636377697e+18,1.7896724827141343e+18
1789672685916570960,11.308,17.8175,160.225,66.19563506506891,20.4575,51.93160913350319,12.242934525976034,1.7896732623983593e+18,1.789672482755498e+18
1789672686116746307,12.024,3.3675,488.95,66.1975997803935,20.545,51.92723318015972,12.242963996705903,1.7896732611774648e+18,1.789672482796357e+18
1789672686317217918,11.976,5.0825,1492.15,66.2103301312831,20.545,51.92393732347022,12.243154951969247,1.7896732599764623e+18,1.7896724828366653e+18
1789672686517597161,11.556,13.0,1276.875,66.22360700179988,20.474999999999998,51.929811756839804,12.243354105026999,1.7896732587950897e+18,1.7896724828764257e+18
1789672686718007068,11.516,14.25,619.9,66.23296443076359,20.545,51.933157871806195,12.243494466461454,1.7896732576324106e+18,1.7896724829156662e+18
1789672686918486447,11.532,13.7325,253.375,66.23916698692898,20.58,51.9357193075799,12.243587504803935,1.7896732564876175e+18,1.789672482954412e+18
1789672687118929159,12.012,4.2675,773.225,66.23727648531892,20.615,51.91678426923335,12.243559147279784,1.7896732553591793e+18,1.7896724829927114e+18
1789672687319394013,12.028,4.2675,721.275,66.2313632872005,20.545,51.89615921242231,12.243470449308008,1.7896732542462144e+18,1.7896724830305933e+18
1789672687720307440,10.728,30.05,562.75,66.22770323158618,20.5275,51.877087135260915,12.243415548473793,1.7896732531512143e+18,1.7896724830680712e+18
1789672688120246199,10.728,30.3675,78.975,66.22338594454713,20.755,51.85518843884908,12.243350789168208,1.7896732520738186e+18,1.789672483105154e+18
1789672688520972324,10.664,30.75,241.0,66.21678982823514,20.9825,51.835116441863036,12.243251847423528,1.7896732510134712e+18,1.789672483141854e+18
1789672870586388425,10.648,31.115,735.45,66.20876543581562,21.087500000000002,51.81037285889489,12.243131481537235,1.789673256625791e+18,1.7896724827323313e+18
1789672870786847427,10.664,30.7,606.0,66.20144094503131,21.14,51.788582041264455,12.24302161417547,1.7896732621068915e+18,1.7896724823322806e+18
1789672870987301707,11.476,13.0975,210.95,66.17501014884577,21.227500000000003,51.75582160128943,12.242625152232687,1.7896732674550597e+18,1.7896724819418322e+18
1789672871187559160,12.016,3.3975,643.75,66.1503312873911,21.227500000000003,51.720342732911455,12.242254969310867,1.7896732726754578e+18,1.7896724815606095e+18
1789672871454834001,12.1,2.13,326.15,66.13435941077539,20.965,51.69541088383973,12.242015391161631,1.7896732777791964e+18,1.7896724811877752e+18
1789672871855525494,12.124,1.9475,995.325,66.16455373682639,20.5975,51.708011572648246,12.242468306052396,1.78967328279312e+18,1.7896724808213071e+18
1789672872122427295,12.132,2.1,1399.075,66.1917274532958,20.2825,51.71969144318342,12.242875911799437,1.7896732877119974e+18,1.789672480461653e+18
1789672872590187046,11.668,11.45,992.825,66.1916938239463,19.95,51.71005715749869,12.242875407359195,1.7896732925413842e+18,1.7896724801083182e+18
1789672872857359724,12.04,3.9475,1391.45,66.18208017639691,19.635,51.687732545785,12.242731202645954,1.7896732972701427e+18,1.7896724797622198e+18
1789672873258194381,11.756,9.8675,969.55,66.21973885746561,19.355,51.702848664425275,12.243296082861985,1.789673301924192e+18,1.7896724794213975e+18
1789672873525477264,11.352,17.95,1320.425,66.24557457523865,19.127499999999998,51.71158908177204,12.24368361862858,1.7896733064952248e+18,1.7896724790865303e+18
1789672873792770037,10.664,31.515,752.8,66.25783555883511,19.0925,51.71069631336117,12.243867533382527,1.7896733109817183e+18,1.789672478757732e+18
1789672873992937165,10.56,32.8325,658.95,66.27410491412991,19.0925,51.715963613632624,12.24411157371195,1.7896733153842678e+18,1.7896724784349932e+18
1789672874393514079,10.5,33.55,372.55,66.28700005570336,19.3025,51.721864231544046,12.244305000835551,1.7896733197148444e+18,1.7896724781173476e+18
1789672874660786649,10.42,35.1175,1136.925,66.29319456194429,19.4425,51.72558815201414,12.244397918429165,1.7896733239668585e+18,1.789672477805344e+18
1789672875061692754,10.4,35.715,192.8,66.2953457898132,19.5475,51.72611590289806,12.244430186847199,1.7896733281482e+18,1.7896724774983447e+18
1789672875328857537,10.444,35.0675,588.375,66.29612450327254,19.7225,51.72469253959588,12.244441867549089,1.7896733322539681e+18,1.7896724771967747e+18
1789672875729747933,10.488,34.25,157.175,66.2955533666707,19.845,51.72252949276033,12.244433300500061,1.7896733362925919e+18,1.7896724768999598e+18
1789672875996823489,10.752,28.25,479.65,66.29197160376643,20.0725,51.724210563026574,12.244379574056497,1.789673340258647e+18,1.7896724766083615e+18
1789672876397451263,11.04,22.265,1463.775,66.28499599951824,20.09,51.72541087570866,12.244274939992774,1.7896733441596198e+18,1.7896724763213742e+18
1789672876597814140,11.956,4.135,1190.275,66.26151358322589,20.037499999999998,51.71600708478793,12.243922703748389,1.7896733479827863e+18,1.789672476040024e+18
1789672876864996276,11.904,5.465,355.625,66.24211626261358,19.845,51.708493338245866,12.243631743939204,1.7896733517347292e+18,1.7896724757638034e+18
1789672877132188959,11.316,17.53,1085.275,66.23259293597619,19.915000000000003,51.70567866442342,12.243488894039643,1.7896733554204751e+18,1.7896724754923433e+18
1789672877533011238,12.02,3.565,35.175,66.21558664238658,19.915000000000003,51.698610800216436,12.2432337996358,1.789673359045711e+18,1.7896724752251704e+18
1789672877800289481,11.448,15.18,107.325,66.20523769648794,19.845,51.69467647446521,12.24307856544732,1.7896733626080512e+18,1.7896724749625257e+18
1789672878067241450,10.788,29.4825,327.525,66.20404687239996,19.6875,51.687018879847656,12.243060703086,1.789673366112011e+18,1.7896724747040722e+18
1789672878467995525,10.416,35.8825,999.525,66.20075798611143,19.7575,51.68267641076651,12.243011369791672,1.7896733695644995e+18,1.789672474449254e+18
1789672878935736286,10.296,38.215,1411.9,66.19802622162238,19.915000000000003,51.67325263933708,12.242970393324336,1.7896733729700188e+18,1.78967247419771e+18
1789672879202770817,12.104,1.5325,1031.975,66.19650823311356,20.002499999999998,51.672493342249645,12.242947623496704,1.7896733763214758e+18,1.7896724739500557e+18
1789672879603697123,12.124,1.5325,1510.925,66.18921954414492,19.775000000000002,51.66933746009654,12.242838293162174,1.7896733796243779e+18,1.7896724737058289e+18
1789672879870846968,12.148,1.7,1334.175,66.18528479280938,19.5475,51.667636579407436,12.242779271892141,1.789673382875301e+18,1.78967247346534e+18
1789672880137731406,12.156,1.6325,794.775,66.18990109711449,19.5475,51.66633122499682,12.242848516456718,1.7896733860781414e+18,1.7896724732283044e+18
1789672880404824969,12.168,1.6325,787.05,66.19933363706276,19.285,51.670286420659075,12.242990004555942,1.7896733892356198e+18,1.7896724729945178e+18
1789672880805685414,12.18,1.73,763.475,66.2087171421923,18.865,51.674289353696444,12.243130757132885,1.7896733923544694e+18,1.789672472763441e+18
1789672881072915821,12.188,1.615,691.525,66.2167903764165,18.48,51.67000994402735,12.243251855646248,1.7896733954298737e+18,1.789672472535478e+18
1789672881340115096,12.196,1.5975,471.95,66.22089897369838,18.060000000000002,51.66369913081458,12.243313484605476,1.7896733984618424e+18,1.78967247231063e+18
1789672881741048596,12.212,1.5475,1440.275,66.22983137219119,18.060000000000002,51.662184712527996,12.243447470582868,1.7896734014582577e+18,1.7896724720882683e+18
1789672882008133278,12.176,2.4825,1118.55,66.25569148952488,17.377499999999998,51.667127821757774,12.243835372342874,1.789673404419568e+18,1.7896724718684104e+18
1789672882208388035,11.124,22.35,136.725,66.273337851227,16.852500000000003,51.67057964517361,12.244100067768406,1.7896734073417677e+18,1.78967247165138e+18
1789672882609010908,12.208,1.5825,417.25,66.28793454579909,16.555,51.67645643208135,12.244319018186987,1.7896734102328591e+18,1.7896724714365112e+18
1789672882876153298,12.216,1.5175,1273.325,66.29792514818762,16.555,51.677012996118094,12.244468877222815,1.78967341308717e+18,1.789672471224273e+18
1789672883076646097,12.22,1.5175,609.075,66.31149531238054,15.995000000000001,51.68290712097138,12.244672429685709,1.7896734159040842e+18,1.7896724710147438e+18
1789672883477406465,12.232,1.4825,220.325,66.32236385988195,15.487499999999999,51.679185408713,12.24483545789823,1.7896734186914296e+18,1.789672470807265e+18
1789672883677826278,11.124,22.9975,672.375,66.32017320415282,15.487499999999999,51.660552505361764,12.244802598062293,1.7896734214387364e+18,1.7896724706026926e+18
1789672883944991872,10.132,42.73,413.525,66.30602777909007,15.015,51.62776895794361,12.244590416686352,1.7896734241461407e+18,1.7896724704009956e+18
1789672884546070022,10.116,43.3,1261.975,66.28755627722862,15.015,51.58727973754495,12.24431334415843,1.7896734268257413e+18,1.789672470201153e+18
1789672884946983966,10.124,42.265,574.425,66.27881391001931,15.1725,51.564651082672626,12.24418220865029,1.7896734294734308e+18,1.7896724700035446e+18
1789672885214174318,10.04,43.8325,114.6,66.27140026374727,15.382499999999999,51.53828757848671,12.24407100395621,1.7896734320854095e+18,1.789672469808507e+18
1789672885347850857,10.004,43.735,349.725,66.30274317825331,15.697500000000002,51.54862425611756,12.2445411476738,1.7896734346682534e+18,1.7896724696155963e+18
1789672885481503510,10.036,44.5175,1067.275,66.31469724550973,15.697500000000002,51.53540280422242,12.244720458682647,1.789673437217455e+18,1.7896724694251512e+18
1789672885681971200,9.952,45.05,1618.65,66.33071601894562,16.0825,51.53689594332816,12.244960740284185,1.7896734397373112e+18,1.7896724692368271e+18
1789672886082617655,9.892,46.2975,24.525,66.34381348649643,16.502499999999998,51.5367301743477,12.245157202297447,1.7896734422348078e+18,1.789672469050035e+18
1789672886282825963,9.88,46.615,74.825,66.3528162031576,17.08,51.530388061601826,12.245292243047365,1.7896734447023544e+18,1.789672468865411e+18
1789672886550076904,11.448,14.1475,228.325,66.34646229118184,17.08,51.526885083419046,12.245196934367728,1.7896734471388838e+18,1.7896724686830157e+18
1789672887218184066,12.068,2.265,487.975,66.33930670063828,17.465,51.515145626139905,12.245089600509575,1.7896734495586685e+18,1.789672468501645e+18
1789672887485476815,10.88,26.7175,1489.175,66.34464450038264,17.412499999999998,51.50851250959871,12.24516966750574,1.7896734519516332e+18,1.7896724683221896e+18
1789672887886353872,10.396,37.115,1267.8,66.36714420175838,17.412499999999998,51.50845389706065,12.245507163026376,1.7896734543274442e+18,1.7896724681438858e+18
1789672888153222312,10.408,36.0825,592.2,66.38274710307448,17.745,51.51240545458151,12.245741206546118,1.7896734566801892e+18,1.7896724679672202e+18
1789672888553772926,10.228,39.7675,168.85,66.38783315633161,18.2,51.51009334693271,12.245817497344975,1.7896734590121226e+18,1.7896724677919788e+18
1789672888821039201,10.312,37.4675,515.275,66.3932881896484,18.584999999999997,51.51296780720392,12.245899322844727,1.789673461319355e+18,1.789672467618507e+18
1789672889088305473,10.324,37.665,1572.475,66.39392654740712,18.9525,51.51073008898092,12.245908898211107,1.789673463601178e+18,1.7896724674468518e+18
1789672889489130896,10.38,36.3,1522.0,66.39452452714478,19.3025,51.51047244968855,12.245917867907172,1.7896734658624973e+18,1.7896724672766062e+18
1789672889756238038,11.864,5.2325,1367.975,66.36538564285337,19.53,51.49946822047136,12.245480784642801,1.7896734680917233e+18,1.7896724671086868e+18
1789672890156741915,11.916,5.05,897.925,66.34633974652297,19.39,51.49216477578,12.245195096197845,1.7896734702963648e+18,1.7896724669424876e+18
1789672890424021870,11.4,15.7,1101.825,66.33500192648052,19.39,51.48922702366858,12.245025028897208,1.7896734724745853e+18,1.7896724667781908e+18
1789672890824857656,12.028,2.8625,85.7,66.30976619345239,19.39,51.47866602226176,12.244646492901786,1.7896734746276247e+18,1.7896724666156626e+18
1789672891092148808,10.952,23.8675,261.525,66.29824883344067,19.39,51.47915080677922,12.24447373250161,1.7896734767551962e+18,1.7896724664549714e+18
1789672891559707505,10.752,27.885,798.1,66.29673272016854,19.425,51.483549994353595,12.244450990802529,1.7896734788666079e+18,1.7896724662953492e+18
1789672891826961123,11.1,20.4825,797.2,66.30890265880238,19.53,51.49504592220251,12.244633539882036,1.7896734809593846e+18,1.7896724661370483e+18
1789672892093874181,10.76,27.915,794.45,66.30819090763462,19.5825,51.49938353677074,12.24462286361452,1.7896734830306816e+18,1.789672465980286e+18
1789672892561251490,11.968,3.7,786.05,66.28257080228599,19.845,51.488981804799714,12.24423856203429,1.7896734850808645e+18,1.7896724658249738e+18
1789672892828442327,12.036,2.565,760.425,66.25517711270226,19.95,51.47741225502246,12.243827656690534,1.7896734871037512e+18,1.789672465671644e+18
1789672893229266494,11.828,7.1975,682.225,66.23707402259191,19.95,51.47052212290229,12.24355611033888,1.7896734891061857e+18,1.7896724655197366e+18
1789672893496533276,11.884,6.6675,443.575,66.22024861785809,19.88,51.46485535939348,12.243303729267872,1.789673491084823e+18,1.789672465369553e+18
1789672893964113458,11.192,20.4,1353.675,66.21825503004841,19.88,51.460346821413964,12.243273825450727,1.789673493049739e+18,1.789672465220265e+18
1789672894231077130,11.02,23.4675,854.275,66.21729691284825,19.95,51.4612138379409,12.243259453692724,1.789673494995484e+18,1.7896724650723512e+18
1789672894498358401,10.888,25.3175,968.625,66.20791981338927,20.1075,51.461787576651446,12.24311879720084,1.789673496920388e+18,1.789672464925936e+18
1789672894899168594,12.044,2.4475,1317.6,66.17867507166255,20.3,51.449354092238664,12.242680126074939,1.7896734988239122e+18,1.789672464781026e+18
1789672895166240466,12.132,1.665,744.175,66.17271504036135,20.352500000000003,51.446734893768216,12.242590725605421,1.789673500708163e+18,1.7896724646375025e+18
1789672895433535431,12.144,1.73,632.625,66.17635756319724,20.1775,51.445466922442165,12.24264536344796,1.7896735025758216e+18,1.7896724644951613e+18
1789672895700843983,12.164,1.7,292.2,66.18437637763543,19.915000000000003,51.44757841480894,12.242765645664532,1.789673504428264e+18,1.789672464353897e+18
1789672896101380932,12.176,1.73,891.7,66.19662041396342,19.635,51.45121453478156,12.242949306209452,1.7896735062706012e+18,1.789672464213283e+18
1789672896368247924,12.184,1.7,1082.85,66.21164964065218,19.635,51.45767841494671,12.243174744609783,1.789673508099909e+18,1.789672464073585e+18
1789672896769068923,12.188,1.68,27.775,66.21208866451727,19.337500000000002,51.45785551771492,12.24318132996776,1.7896735099167688e+18,1.7896724639347144e+18
1789672896969529066,12.196,1.68,84.75,66.22094107861444,19.022499999999997,51.46184694898625,12.243314116179217,1.7896735117177743e+18,1.7896724637969943e+18
1789672897236822469,12.2,1.73,258.625,66.22545565180167,18.724999999999998,51.46406293406574,12.243381834777026,1.7896735135040753e+18,1.789672463660319e+18
1789672897637751179,12.192,1.865,789.25,66.23673749338468,18.5325,51.468925685362024,12.24355106240077,1.7896735152812403e+18,1.789672463524226e+18
1789672897904928258,10.82,28.5825,770.175,66.23225119015652,18.5325,51.46233101377365,12.243483767852348,1.7896735170420682e+18,1.7896724633893028e+18
1789672898305343188,10.8,29.0825,711.975,66.22768700791417,18.5325,51.45602059399378,12.243415305118713,1.7896735187904863e+18,1.7896724632552097e+18
1789672898572553646,10.684,30.7,534.375,66.22495374528721,18.76,51.45287851798964,12.243374306179309,1.7896735205234975e+18,1.789672463122221e+18
1789672898973357729,10.436,35.315,1630.775,66.21651169572482,19.022499999999997,51.44816369597783,12.243247675435873,1.7896735222436751e+18,1.7896724629900982e+18
1789672899173707875,11.02,22.365,61.525,66.20115369711341,19.32,51.447278650245416,12.243017305456702,1.789673523944227e+18,1.7896724628594245e+18
1789672899440971217,10.948,24.7675,187.75,66.18718470579365,19.705,51.44300868574123,12.242807770586905,1.789673525627605e+18,1.789672462729992e+18
1789672899841902342,10.5,33.5825,572.95,66.18808635435072,19.915000000000003,51.442885261709854,12.242821295315261,1.7896735273010452e+18,1.7896724626012093e+18
1789672900108738440,12.068,1.5175,110.1,66.17107821368171,20.125,51.435372834515626,12.242566173205226,1.7896735289570872e+18,1.7896724624736876e+18
1789672900509545913,12.112,1.5475,335.975,66.1512834801127,20.09,51.42679005185633,12.242269252201691,1.7896735305988995e+18,1.789672462347145e+18
1789672900776763392,12.132,1.7,1025.3,66.1359925509464,20.002499999999998,51.4201683417856,12.242039888264197,1.789673532224227e+18,1.7896724622217976e+18
1789672900977216058,12.148,1.665,1490.55,66.12139368621561,20.002499999999998,51.41384718829787,12.241820905293235,1.7896735338317588e+18,1.7896724620977664e+18
1789672901378123819,12.16,1.665,1271.975,66.10805149886032,19.810000000000002,51.40807897347839,12.241620772482905,1.7896735354272404e+18,1.7896724619745505e+18
1789672901779074488,12.18,1.5825,604.95,66.11349748634731,19.6175,51.41031761073644,12.24170246229521,1.7896735370150769e+18,1.7896724618518134e+18
1789672902179550227,12.16,2.0475,207.75,66.1193412528426,19.39,51.41225690262585,12.24179011879264,1.7896735385954824e+18,1.7896724617295363e+18
1789672902580198994,11.596,12.95,634.0,66.12033977192395,19.25,51.40748691803754,12.24180509657886,1.7896735401675128e+18,1.7896724616077937e+18
1789672902847486466,12.164,1.665,296.4,66.11991984749758,19.145,51.39719116582886,12.241798797712464,1.789673541727616e+18,1.7896724614869002e+18
1789672903248232828,12.184,1.665,904.525,66.12417133008803,19.145,51.39312501171391,12.241862569951321,1.7896735432803855e+18,1.7896724613664645e+18
1789672903715859858,12.188,1.665,1121.975,66.1319748172887,18.935000000000002,51.39572172899896,12.241979622259331,1.7896735448284132e+18,1.789672461246263e+18
1789672903982887068,12.208,1.6325,147.175,66.13624545140075,18.62,51.38338634577225,12.242043681771012,1.789673546366001e+18,1.7896724611267978e+18
1789672904183112979,12.212,1.5975,449.125,66.14795411719471,18.34,51.385675054820105,12.242219311757921,1.7896735478933018e+18,1.789672461008076e+18
1789672904583914747,12.22,1.665,1370.6,66.16210094123925,18.13,51.38856415525331,12.24243151411859,1.789673549415984e+18,1.7896724608896018e+18
1789672904851201506,12.228,1.615,905.925,66.17557617103738,18.13,51.38851999111482,12.242633642565561,1.7896735509307128e+18,1.789672460771672e+18
1789672905118481716,12.232,1.7,1126.25,66.19319617698056,17.955,51.39309337842219,12.242897942654709,1.789673552438532e+18,1.7896724606542034e+18
1789672905318968682,12.228,1.68,160.225,66.21085675848315,17.465,51.39999548399419,12.243162851377248,1.7896735539379538e+18,1.7896724605373366e+18
1789672905719887607,12.236,1.615,488.95,66.22695644827401,16.8175,51.40189803448714,12.24340434672411,1.7896735554336535e+18,1.7896724604206456e+18
1789672905986925916,12.236,1.5975,1492.15,66.24471586104923,16.8175,51.407699604351436,12.243670737915739,1.7896735569228357e+18,1.789672460304391e+18
1789672906253874307,12.248,1.715,1276.875,66.26443638874031,16.4675,51.409301842617545,12.243966545831105,1.7896735584060431e+18,1.7896724601885266e+18
1789672906654802079,12.244,1.5825,619.9,66.27989778832897,16.0475,51.40551439835931,12.244198466824935,1.7896735598856837e+18,1.7896724600728276e+18
1789672906922080925,12.252,1.6325,253.375,66.30781959865877,16.0475,51.4100142126946,12.244617293979882,1.7896735613613046e+18,1.7896724599573711e+18
1789672907189371788,12.256,1.5475,773.225,66.35835752221253,15.715,51.43108057134194,12.245375362833189,1.7896735628377981e+18,1.7896724598417705e+18
1789672907590253917,12.26,1.665,721.275,66.40393377879958,15.2775,51.45024339204867,12.246059006681994,1.7896735643173148e+18,1.7896724597258212e+18
1789672907857529965,12.264,1.68,562.75,66.4429939946206,15.2775,51.46735050694781,12.24664490991931,1.7896735657953454e+18,1.7896724596099085e+18
1789672908124459672,12.256,1.75,78.975,66.47146673623676,14.612499999999999,51.47745593828379,12.247072001043552,1.7896735672697126e+18,1.7896724594942116e+18
1789672908525385345,12.26,1.7,241.0,66.50681792625603,14.612499999999999,51.490737812544424,12.247602268893841,1.789673568745075e+18,1.789672459378322e+18
1789672908993114400,12.256,1.85,735.45,66.54152975591083,14.280000000000001,51.50234723103442,12.248122946338663,1.7896735702228846e+18,1.7896724592621087e+18
1789672909260340820,12.268,1.7,606.0,66.57684393890095,13.9475,51.51696697642229,12.248652659083515,1.7896735716986237e+18,1.789672459145978e+18
1789672909527640919,12.276,1.68,210.95,66.61391892906083,13.9475,51.53229472165467,12.249208783935913,1.7896735731727258e+18,1.7896724590299013e+18
1789672909995056160,12.276,1.715,643.75,66.64939982532785,13.667499999999999,51.54578686005296,12.249740997379918,1.789673574649536e+18,1.7896724589134756e+18
1789672910261853171,12.276,1.715,326.15,66.68102400035833,13.667499999999999,51.55884967362657,12.250215360005376,1.7896735761236483e+18,1.7896724587971876e+18
1789672910662774205,12.276,1.75,995.325,66.70939908522273,13.475,51.57168467143471,12.250640986278341,1.789673577597541e+18,1.7896724586807985e+18
1789672910929836756,12.268,1.75,1399.075,66.73567517549843,13.475,51.579291401545596,12.251035127632477,1.7896735790677588e+18,1.789672458564624e+18
1789672911397461060,12.28,1.78,992.825,66.77854741003375,13.37,51.597968229390986,12.251678211150507,1.7896735805423544e+18,1.789672458447967e+18
1789672911664660983,12.276,1.73,1391.45,66.81473351514227,13.229999999999999,51.61378333833533,12.252221002727135,1.789673582015401e+18,1.7896724583313544e+18
1789672911931829645,12.288,1.715,969.55,66.84880695043509,13.229999999999999,51.62867921924216,12.252732104256527,1.7896735834865283e+18,1.789672458214817e+18
1789672913134016821,12.284,1.665,658.95,66.8803348955973,13.09,51.64248882183277,12.25320502343396,1.789673584976358e+18,1.7896724580964406e+18
1789672913534881017,12.292,1.78,372.55,66.9136992523808,13.09,51.65703848954943,12.253705488785712,1.7896735864670612e+18,1.789672457977877e+18
1789672913735346647,12.288,1.8325,1136.925,66.94206109831724,13.0375,51.669416837173586,12.25413091647476,1.7896735879531505e+18,1.7896724578596196e+18
1789672914002401789,12.292,1.78,192.8,66.96816132556509,13.0375,51.680848779123515,12.254522419883477,1.7896735894357484e+18,1.7896724577415619e+18
1789672914469781797,12.292,1.73,588.375,66.98706049423413,12.88,51.689533183337154,12.254805907413513,1.7896735909179374e+18,1.789672457623397e+18
1789672914736942549,12.292,1.75,157.175,67.01644673012927,12.88,51.69603329514735,12.25524670095194,1.7896735923974177e+18,1.7896724575053673e+18
1789672915137787273,12.292,1.8325,479.65,67.04927106791519,12.46,51.71274259894698,12.255739066018728,1.7896735938779028e+18,1.7896724573871393e+18
1789672915404888196,12.292,1.765,1463.775,67.08001356457495,12.46,51.725681368736765,12.256200203468625,1.7896735953560497e+18,1.7896724572690179e+18
1789672915672234301,12.296,1.8,1190.275,67.1077680235401,11.8825,51.72412016414652,12.256616520353102,1.78967359683133e+18,1.7896724571510428e+18
1789672916072819167,12.296,1.73,355.625,67.13539535259001,11.8825,51.724268774258626,12.25703093028885,1.7896735983066995e+18,1.7896724570329446e+18
1789672916340052357,12.296,1.75,1085.275,67.16625043717892,11.41,51.726997297210985,12.257493756557684,1.789673599779923e+18,1.789672456914934e+18
1789672916607272533,12.292,1.765,35.175,67.20631522198946,11.41,51.74051953531121,12.258094728329842,1.7896736012528842e+18,1.789672456796867e+18
1789672916807611390,12.296,1.78,107.325,67.24423541993707,10.4825,51.75186545456015,12.258663531299057,1.7896736027237548e+18,1.7896724566789048e+18
1789672917208537831,12.3,1.73,327.525,67.29040925258789,10.4825,51.769984648359966,12.259356138788819,1.789673604198563e+18,1.7896724565605048e+18
1789672917475779562,12.3,1.765,999.525,67.34044004351611,10.4825,51.79117286007024,12.260106600652742,1.789673605675184e+18,1.789672456441877e+18
1789672917676243090,12.3,1.765,1411.9,67.3824831659563,10.4825,51.80956895909221,12.260737247489345,1.7896736071506386e+18,1.789672456323284e+18
1789672918076882464,12.312,1.73,1031.975,67.42295194412225,6.9825,51.827262276814935,12.261344279161834,1.7896736086289623e+18,1.7896724562043356e+18
1789672918477672514,12.312,1.73,1510.925,67.45930647916589,6.9825,51.84314962960052,12.261889597187489,1.7896736101093642e+18,1.7896724560850982e+18
1789672918878465026,12.308,1.715,1334.175,67.49141391522922,6.9825,51.857193107382756,12.262371208728439,1.7896736115910277e+18,1.789672455965631e+18
1789672919145685070,12.308,1.73,794.775,67.52257350553357,6.9825,51.87081162593921,12.262838602583004,1.7896736130709396e+18,1.7896724558462252e+18
1789672919412898888,12.304,1.8825,787.05,67.55207079348871,6.9825,51.88361718583292,12.263281061902331,1.7896736145488369e+18,1.789672455726898e+18
1789672919613355601,12.3,1.8975,763.475,67.58285135133195,6.9825,51.89697104759742,12.26374277026998,1.789673616023604e+18,1.7896724556077624e+18
1789672919813728683,12.292,2.15,691.525,67.61250688301146,6.9825,51.909683410783536,12.264187603245173,1.7896736174950976e+18,1.789672455488827e+18
1789672920147443620,12.272,2.3,471.95,67.63575835983373,6.9825,51.91953726193126,12.264536375397507,1.7896736189649426e+18,1.7896724553699215e+18
1789672920414587033,12.276,2.3,1440.275,67.6578630274626,6.9825,51.92888499113179,12.26486794541194,1.7896736204315697e+18,1.789672455251193e+18
1789672920681870240,12.292,2.0475,1118.55,67.68257603368026,6.9825,51.93951439861215,12.265238640505205,1.7896736218955453e+18,1.7896724551325962e+18
1789672921082709387,12.292,2.115,136.725,67.70709506035509,6.9825,51.9500161527315,12.265606425905327,1.7896736233596657e+18,1.7896724550138614e+18
1789672921349917120,12.292,2.215,417.25,67.73861116991576,6.9825,51.96556401519345,12.266079167548737,1.789673624822525e+18,1.7896724548951473e+18
1789672921817674678,12.284,2.3,1273.325,67.7814231080476,6.9825,51.98190731386725,12.266721346620715,1.7896736262904753e+18,1.789672454775871e+18
1789672922218263083,12.284,2.18,609.075,67.81439310053179,6.9825,51.995997058138826,12.267215896507977,1.7896736277602399e+18,1.7896724546563203e+18
1789672922418697313,12.296,2.13,220.325,67.84869080692857,6.9825,52.0106929555877,12.26773036210393,1.78967362922796e+18,1.7896724545368724e+18
1789672922685940327,12.288,2.15,672.375,67.87609562614274,6.9825,52.02245292877069,12.268141434392142,1.7896736306937556e+18,1.7896724544174953e+18
1789672922953235989,12.304,1.9675,413.525,67.91620304792008,6.9825,52.03958388850286,12.268743045718802,1.789673632160082e+18,1.7896724542979917e+18
1789672923420878069,12.312,1.815,1261.975,67.94825258561323,6.9825,52.054727630700484,12.269223788784199,1.7896736336295406e+18,1.789672454178083e+18
1789672923688112818,12.316,1.815,574.425,67.98114458043514,6.9825,52.07229751610922,12.269717168706528,1.789673635098204e+18,1.789672454058154e+18
1789672924088639645,12.316,1.815,114.6,68.02039141609646,6.9825,52.08529638207156,12.270305871241447,1.789673636570019e+18,1.7896724539378388e+18
1789672924355722725,12.312,1.8,349.725,68.0817549472512,6.9825,52.111407045463885,12.271226324208769,1.7896736380464445e+18,1.7896724538170593e+18
1789672924623016464,12.32,1.78,1067.275,68.12107976417023,1.1375,52.14092715314057,12.271816196462554,1.789673639523348e+18,1.7896724536961562e+18
1789672925023699924,12.32,1.8,1618.65,68.15351137731128,1.1375,52.153416394614354,12.27230267065967,1.7896736410021635e+18,1.7896724535749645e+18
1789672925290871198,12.312,1.865,24.525,68.18318420562852,1.1375,52.161589345276845,12.272747763084428,1.7896736424796987e+18,1.7896724534537907e+18
1789672925558156689,12.316,1.7,74.825,68.20999346541252,1.1375,52.16474259204625,12.273149901981188,1.7896736439554573e+18,1.7896724533326766e+18
1789672926025613444,12.316,1.75,228.325,68.25128551935171,1.1375,52.17049246272,12.273769282790276,1.789673645436201e+18,1.789672453211e+18
1789672926492952317,12.32,1.78,696.775,68.30519451142314,1.1375,52.19403410520153,12.274577917671348,1.78967364692427e+18,1.789672453088566e+18
1789672926760255841,12.316,1.765,487.975,68.35506475453239,1.1375,52.21587029836601,12.275325971317987,1.7896736387778762e+18,1.789672455877726e+18
1789672927228665050,12.32,1.75,1489.175,68.39981665964241,1.1375,52.235439784799006,12.275997249894637,1.7896736400262897e+18,1.7896724558330086e+18
1789672927696277222,12.328,1.68,1267.8,68.4428669676999,1.1375,52.254308677429215,12.276643004515499,1.789673641284467e+18,1.7896724557865613e+18
1789672927963451850,12.324,2.0175,592.2,68.48371766757822,1.1375,52.27197272671036,12.277255765013674,1.789673642548638e+18,1.7896724557386324e+18
1789672928363917573,12.32,1.815,168.85,68.52090725452953,1.1375,52.28818542277885,12.277813608817944,1.7896736438207844e+18,1.789672455689003e+18
1789672928631198634,12.324,1.8975,515.275,68.55713839337407,2.3275,52.30394169327674,12.278357075900612,1.7896736450980887e+18,1.7896724556379407e+18
1789672928898491686,12.32,1.8825,1572.475,68.58726581056132,2.3275,52.31765081223519,12.27880898715842,1.7896736463776218e+18,1.7896724555860557e+18
1789672929299386543,12.32,1.8325,1522.0,68.62287085791716,2.3275,52.32947816677995,12.279343062868758,1.7896736476630326e+18,1.7896724555329935e+18
1789672929566637384,12.324,1.8825,1367.975,68.66118208751793,2.3275,52.34537286062267,12.27991773131277,1.7896736489534095e+18,1.789672455478624e+18
1789672929833902842,12.328,1.765,897.925,68.7038246399911,2.3275,52.363846083842056,12.280557369599867,1.7896736502501568e+18,1.7896724554226972e+18
1789672930234382142,12.332,1.85,1101.825,68.73789810915976,2.3275,52.378633049562545,12.281068471637397,1.7896736515543585e+18,1.7896724553650726e+18
1789672930501642784,12.328,1.68,85.7,68.76951185848976,2.3275,52.392381854536325,12.281542677877347,1.7896736528623516e+18,1.7896724553062154e+18
1789672930768916112,12.332,1.78,261.525,68.80272090440805,2.3275,52.40681828126385,12.282040813566121,1.7896736541732406e+18,1.7896724552464438e+18
1789672931169690204,12.316,1.8,798.1,68.83342730744621,2.3275,52.420101758407164,12.282501409611694,1.7896736554892152e+18,1.7896724551855222e+18
1789672931436819812,12.316,2.0175,797.2,68.86341047821574,2.3275,52.43302839687631,12.282951157173237,1.789673656807541e+18,1.7896724551237192e+18
1789672931837749173,12.312,2.1,794.45,68.89188877730486,2.3275,52.44583687015216,12.283378331659573,1.7896736581305915e+18,1.7896724550607867e+18
1789672932104731928,12.3,2.15,786.05,68.92447679951472,2.3275,52.469493918048876,12.283867151992721,1.7896736594571052e+18,1.789672454996746e+18
1789672932304843566,12.296,2.315,760.425,68.95697092030792,2.3275,52.49075581705756,12.28435456380462,1.789673660786389e+18,1.7896724549315523e+18
1789672932705784327,12.288,2.4325,682.225,68.98938353778455,2.3275,52.513694217315226,12.284840753066769,1.789673662122957e+18,1.7896724548646182e+18
1789672932973065258,12.288,2.4325,443.575,69.01931331246878,2.3275,52.52931969968737,12.285289699687032,1.789673663461994e+18,1.7896724547967685e+18
1789672933173531580,12.28,2.5475,1353.675,69.04865756002721,2.3275,52.54434499241661,12.285729863400409,1.7896736648033172e+18,1.789672454727788e+18
1789672933373934448,12.28,2.5825,854.275,69.07595433746188,2.3275,52.55268130037883,12.286139315061929,1.7896736661454116e+18,1.7896724546580493e+18
1789672933774851823,12.28,2.4175,968.625,69.1005091797766,2.3275,52.558204819680526,12.28650763769665,1.7896736674917056e+18,1.7896724545871862e+18
1789672934041777577,12.28,2.4475,1317.6,69.12467667454503,2.3275,52.56243382857234,12.286870150118176,1.7896736688395587e+18,1.7896724545154634e+18
1789672934241894627,12.288,2.5175,744.175,69.15330023930704,2.3275,52.573538083131076,12.287299503589606,1.789673670188514e+18,1.7896724544429417e+18
1789672934642701869,12.28,2.4325,632.625,69.1800923232552,2.3275,52.58595120575547,12.287701384848829,1.7896736715439066e+18,1.7896724543687117e+18
1789672935043646507,12.28,2.4825,292.2,69.2065700348693,2.3275,52.58929351814556,12.28809855052304,1.7896736729051077e+18,1.7896724542929423e+18
1789672935243952619,12.284,2.4975,891.7,69.23770244186503,2.3275,52.59421910096829,12.288565536627976,1.7896736742679396e+18,1.789672454216313e+18
1789672935511154734,12.284,2.4175,1082.85,69.29749310335876,2.3275,52.61718875663131,12.289462396550382,1.7896736756387973e+18,1.7896724541382387e+18
1789672935778360219,12.276,2.4325,27.775,69.32331641276105,2.3275,52.62057591637009,12.289849746191416,1.7896736770128415e+18,1.7896724540588823e+18
1789672936111997011,12.268,2.6,84.75,69.37839418198944,2.3275,52.64304104346482,12.290675912729842,1.7896736783953902e+18,1.7896724539780012e+18
1789672936378997680,12.284,2.5325,258.625,69.41958957123269,2.3275,52.656160127483744,12.291293843568491,1.789673679782724e+18,1.7896724538959342e+18
1789672936779851223,12.28,2.5825,789.25,69.44620379874584,2.3275,52.666947526059126,12.291693056981188,1.7896736811754312e+18,1.7896724538124475e+18
1789672937180780434,12.284,2.5175,770.175,69.4758285951504,2.3275,52.68766810513648,12.292137428927257,1.7896736825746435e+18,1.7896724537273116e+18
1789672937447865147,12.264,2.68,711.975,69.4994586048243,2.3275,52.69661960138704,12.292491879072365,1.789673683977336e+18,1.789672453640708e+18
1789672937848794175,12.264,2.5325,534.375,69.55322954857759,2.3275,52.71553369829026,12.293298443228664,1.7896736853896873e+18,1.7896724535524104e+18
1789672938249163983,12.264,2.815,1630.775,69.58686971708666,2.3275,52.72504972773565,12.2938030457563,1.7896736868092887e+18,1.789672453462368e+18
1789672938516374758,12.264,2.665,61.525,69.63577866484918,2.3275,52.74317508282481,12.294536679972738,1.7896736882351657e+18,1.7896724533709642e+18
1789672938716759062,12.264,2.6,187.75,69.67302992998259,2.3275,52.75700886039709,12.29509544894974,1.78967368966402e+18,1.789672453278514e+18
1789672938983938424,12.268,2.565,572.95,69.70821119849708,2.3275,52.76617983085022,12.295623167977457,1.789673691096792e+18,1.7896724531848973e+18
1789672939251233685,12.264,2.7,110.1,69.74302223810389,2.3275,52.774000833536064,12.296145333571559,1.7896736925334515e+18,1.7896724530901112e+18
1789672939451668164,12.264,2.565,335.975,69.7700034443401,2.3275,52.77751444744332,12.296550051665102,1.7896736939730895e+18,1.7896724529938842e+18
1789672939852575327,12.272,2.4325,1025.3,69.79786449255492,2.3275,52.7784874098403,12.296967967388325,1.789673695419697e+18,1.7896724528957699e+18
1789672940119946974,12.276,2.5325,1490.55,69.82426652583302,2.3275,52.78512776147026,12.297363997887496,1.7896736968699384e+18,1.789672452796237e+18
1789672940387130714,12.28,2.5175,1271.975,69.85563540868583,2.3275,52.78824957125741,12.297834531130288,1.7896736983235907e+18,1.7896724526955525e+18
1789672940788009251,12.232,2.65,604.95,69.87543849068115,2.3275,52.78911935010353,12.298131577360218,1.7896736997811878e+18,1.7896724525936056e+18
1789672941055247533,12.268,2.0325,207.75,69.91792138143036,0.0,52.80698428812967,12.298768820721456,1.7896737012458895e+18,1.789672452489782e+18
1789672941522907245,12.26,2.3475,634.0,69.95447181755235,0.0,52.82277037127396,12.299317077263286,1.789673702720464e+18,1.7896724523837366e+18
1789672941790180076,12.276,2.165,296.4,69.9897783949784,0.0,52.83804061156869,12.299846675924677,1.7896737042009167e+18,1.789672452275908e+18
1789672942257404660,12.272,2.215,904.525,70.01589103121714,0.0,52.851557021358765,12.300317820624343,1.7896737056888873e+18,1.7896724521661765e+18
1789672942724879567,12.264,2.285,1121.975,70.03585920712652,0.0,52.86295625748791,12.300717184142531,1.7896737071822162e+18,1.789672452054984e+18
1789672942992065829,12.248,2.4175,147.175,70.05391991141366,0.0,52.87320904565092,12.301078398228274,1.7896737086768128e+18,1.7896724519427822e+18
1789672943459811099,12.268,2.3475,449.125,70.07460562918604,0.0,52.88500217277553,12.301492112583722,1.78967371017861e+18,1.789672451828558e+18
1789672943860481916,12.268,2.365,1370.6,70.09256419214347,0.0,52.895170270954104,12.30185128384287,1.7896737116858885e+18,1.789672451712489e+18
1789672944127404485,12.276,2.2,905.925,70.11092278609138,0.0,52.90565763813904,12.302218455721828,1.7896737131956787e+18,1.789672451595025e+18
1789672944394524153,12.276,2.13,1126.25,70.12844878441918,0.0,52.91569723083136,12.302568975688384,1.7896737147067768e+18,1.7896724514765181e+18
1789672944661584077,12.28,2.15,160.225,70.14418590379037,0.0,52.92467787858677,12.302883718075808,1.789673716220553e+18,1.7896724513564692e+18
1789672945129333582,12.272,2.3325,488.95,70.15869261122887,0.0,52.93286253868129,12.303173852224578,1.789673717738951e+18,1.78967245123497e+18
1789672945396489519,12.268,2.3325,1492.15,70.1721360625738,0.0,52.94044225733261,12.303442721251477,1.7896737192580567e+18,1.78967245111247e+18
1789672945797398300,12.272,2.3,1276.875,70.18584302566724,0.0,52.948179493275646,12.303716860513346,1.789673720781548e+18,1.7896724509883139e+18
1789672946264497693,12.268,2.2,619.9,70.19845798234854,0.0,52.95535379498645,12.303969159646972,1.789673722309414e+18,1.7896724508627103e+18
1789672946531708801,12.264,2.4675,253.375,70.21239760839995,0.0,52.96315242644246,12.304247952168,1.789673723839805e+18,1.7896724507355415e+18
1789672946798953285,12.268,2.4175,773.225,70.2243035397763,0.0,52.969801418488515,12.304486070795527,1.7896737253724006e+18,1.7896724506068283e+18
1789672947266764103,12.272,2.315,721.275,70.23456247635467,0.0,52.97556625795248,12.304691249527094,1.7896737269090796e+18,1.7896724504766764e+18
1789672947667569501,12.272,2.3,562.75,70.2457591963446,0.0,52.981872595948275,12.304915183926893,1.78967372844878e+18,1.7896724503452055e+18
1789672947934763407,12.244,2.63,78.975,70.2537210009911,0.0,52.986180867889175,12.305074420019823,1.7896737299895593e+18,1.7896724502124063e+18
1789672948201769541,12.26,2.265,241.0,70.26066891092552,0.0,52.990057961249995,12.305213378218511,1.7896737315318077e+18,1.7896724500781094e+18
1789672948468837220,12.264,2.4175,735.45,70.26844091727804,0.0,52.99435873005185,12.305368818345562,1.78967373307518e+18,1.7896724499424673e+18
1789672948735998067,12.268,2.265,606.0,70.2741434952533,0.0,52.997591915956534,12.305482869905067,1.789673734618296e+18,1.789672449805856e+18
1789672949136782661,12.28,2.25,210.95,70.28430089006034,0.0,53.00332004411692,12.305686017801207,1.7896737361643338e+18,1.7896724496679386e+18
1789672949403982231,12.284,2.23,643.75,70.29254821254004,0.0,53.00800581937232,12.305850964250801,1.789673737711521e+18,1.789672449528697e+18
1789672949671272702,12.276,2.365,326.15,70.3011239036156,0.0,53.012796329412545,12.306022478072313,1.7896737392596767e+18,1.7896724493882168e+18
1789672949938491490,12.268,2.4175,995.325,70.30567791312227,0.0,53.017862650097904,12.306113558262446,1.7896737408079872e+18,1.78967244924661e+18
1789672950338742327,12.264,2.4675,1399.075,70.31439332864186,0.0,53.03290874598276,12.306287866572838,1.7896737423581112e+18,1.789672449104015e+18
1789672950605802442,12.272,2.265,992.825,70.32822444839233,0.0,53.048893113485505,12.306564488967847,1.7896737439094822e+18,1.7896724489603151e+18
1789672951073554727,12.28,2.3325,1391.45,70.34427566057849,0.0,53.062648909155534,12.30688551321157,1.789673745467273e+18,1.7896724488146504e+18
1789672951340812000,12.276,2.3475,969.55,70.36335285544259,0.0,53.07063209868138,12.307267057108852,1.7896737470226217e+18,1.789672448669364e+18
1789672951608085532,12.276,2.4175,1320.425,70.37887616817072,0.0,53.077567403576566,12.307577523363415,1.7896737485812526e+18,1.7896724485223619e+18
1789672952008825044,12.276,2.3825,752.8,70.39557618972346,0.0,53.07979154134438,12.30791152379447,1.7896737501430285e+18,1.789672448374279e+18
1789672952409155637,12.288,2.165,658.95,70.41737124652661,0.0,53.08338364076723,12.308347424930533,1.789673751721095e+18,1.7896724482208253e+18
1789672952609578702,12.284,2.215,372.55,70.44840714769263,0.0,53.10064965918472,12.308968142953853,1.789673753302757e+18,1.7896724480659295e+18
1789672952876853635,12.272,2.4825,1136.925,70.47411733858117,0.0,53.115215859398575,12.309482346771624,1.7896737548883784e+18,1.7896724479095145e+18
1789672953277730108,12.272,2.4325,192.8,70.49709396414244,0.0,53.1281719908656,12.30994187928285,1.7896737564806787e+18,1.7896724477510643e+18
1789672953478008844,12.276,2.365,588.375,70.51297812082618,0.0,53.13430815332266,12.310259562416524,1.7896737580702397e+18,1.7896724475927132e+18
1789672953678466916,12.272,2.4175,157.175,70.530564719947,0.0,53.15636825089145,12.31061129439894,1.7896737596561426e+18,1.7896724474348618e+18
1789672953945718939,12.248,2.735,479.65,70.5435010524713,0.0,53.16460329549764,12.310870021049427,1.7896737612436908e+18,1.789672447275759e+18
1789672954613215101,12.276,2.3975,1463.775,70.5792515596081,0.0,53.185102724179124,12.311585031192163,1.789673762844498e+18,1.7896724471139735e+18
1789672955080704663,12.272,2.4825,1190.275,70.60947350435514,0.0,53.20242619124196,12.312189470087104,1.789673764449283e+18,1.7896724469516639e+18
1789672955281031817,12.26,2.5825,355.625,70.63500150068938,0.0,53.21698958443798,12.312700030013788,1.7896737660764844e+18,1.789672446781169e+18
1789672955681869883,12.256,2.615,1085.275,70.65764956302914,0.0,53.22986125744628,12.313152991260583,1.7896737677078326e+18,1.7896724466094907e+18
1789672955949075875,12.268,2.315,35.175,70.67836505828964,0.0,53.241697791924615,12.313567301165794,1.7896737693423885e+18,1.7896724464363438e+18
1789672956216005853,12.26,2.65,107.325,70.69823284633195,0.0,53.25286249485021,12.31396465692664,1.7896737709815122e+18,1.7896724462612165e+18
1789672956416387750,12.264,2.4675,327.525,70.71615828634357,0.0,53.26304901786197,12.314323165726872,1.789673772625466e+18,1.7896724460836728e+18
1789672956817324119,12.272,2.315,999.525,70.73299107196006,0.0,53.272133453493325,12.314659821439202,1.7896737742758157e+18,1.7896724459039268e+18
1789672957084521139,12.276,2.3325,1411.9,70.75216232630906,0.0,53.28274140579082,12.315043246526182,1.7896737759262968e+18,1.789672445723726e+18
1789672957485370073,12.284,2.365,1031.975,70.77027345339494,0.0,53.29236029674041,12.3154054690679,1.789673777577217e+18,1.7896724455434583e+18
1789672957752512464,12.284,2.3825,1510.925,70.78638890140664,0.0,53.30843247694419,12.315727778028133,1.7896737792293952e+18,1.7896724453622223e+18
1789672958019484926,12.28,2.4325,1334.175,70.80297665480087,0.0,53.32617388610985,12.316059533096018,1.789673780881556e+18,1.7896724451804861e+18
1789672958419991740,12.276,2.3975,794.775,70.81513852806215,0.0,53.32824400884516,12.316302770561244,1.7896737825459694e+18,1.789672444994304e+18
1789672958687283027,12.284,2.3,787.05,70.82993204634496,0.0,53.34056724070249,12.3165986409269,1.7896737842190728e+18,1.7896724448044923e+18
1789672958954439224,12.272,2.285,763.475,70.84187629102344,0.0,53.348090994369244,12.31683752582047,1.7896737858946755e+18,1.7896724446130998e+18
1789672959355286878,12.284,2.3325,691.525,70.85426205788481,0.0,53.34920822403558,12.317085241157697,1.7896737875776182e+18,1.7896724444189763e+18
1789672959622493299,12.28,2.3,471.95,70.89121895815181,0.0,53.37050363527225,12.317824379163037,1.7896737892681864e+18,1.789672444222547e+18
1789672959889796566,12.276,2.3475,1440.275,70.9239859672089,0.0,53.38932574034491,12.318479719344179,1.7896737909652012e+18,1.7896724440240538e+18
1789672960156643310,12.284,2.3,1118.55,70.94853338887333,0.0,53.40169086128781,12.318970667777467,1.7896737926667604e+18,1.789672443823812e+18
1789672960557309058,12.272,2.5325,136.725,70.96252163070618,0.0,53.40559625654725,12.319250432614124,1.7896737943734874e+18,1.7896724436216847e+18
1789672960824593396,12.272,2.4325,417.25,70.99430813896922,0.0,53.42344374954615,12.319886162779385,1.7896737960823444e+18,1.7896724434189809e+18
1789672961091804549,12.264,2.5175,1273.325,71.0203742211954,0.0,53.43809711403737,12.320407484423908,1.7896737977961608e+18,1.7896724432144568e+18
1789672961559314444,12.256,2.5175,609.075,71.04404207924631,0.0,53.451220302855184,12.320880841584927,1.7896737995229522e+18,1.7896724430059658e+18
1789672961826589824,12.26,2.65,220.325,71.06535995338852,0.0,53.46287060441789,12.321307199067771,1.7896738012554324e+18,1.7896724427951729e+18
1789672962294044123,12.248,2.65,672.375,71.08459888627098,0.0,53.47384577824796,12.32169197772542,1.7896738029919462e+18,1.7896724425833928e+18
1789672962761579778,12.256,2.665,413.525,71.09650685132002,0.0,53.47935071297877,12.321930137026401,1.7896738047382367e+18,1.789672442368266e+18
1789672963028880885,12.264,2.4325,1261.975,71.1092093893642,0.0,53.492918502794154,12.322184187787284,1.7896738064806623e+18,1.7896724421538606e+18
1789672963429701252,12.264,2.615,574.425,71.12234188369965,0.0,53.5035043843669,12.322446837673994,1.78967380822521e+18,1.789672441938617e+18
1789672963696937088,12.26,2.63,114.6,71.13549999830012,0.0,53.516063494702415,12.322709999966003,1.7896738099710193e+18,1.7896724417223014e+18
1789672963964177818,12.252,2.63,349.725,71.14572380028433,0.0,53.52136989380422,12.322914476005687,1.7896738117194296e+18,1.7896724415043098e+18
1789672964364618383,12.256,2.6,1067.275,71.16055543283143,0.0,53.543551629042845,12.32321110865663,1.7896738134692e+18,1.7896724412858186e+18
1789672964631830751,12.256,2.4825,1618.65,71.17307188720517,0.0,53.559698473632686,12.323461437744104,1.7896738152220111e+18,1.7896724410655992e+18
1789672964898851802,12.256,2.5325,24.525,71.18111774066128,0.0,53.5572745432907,12.323622354813226,1.789673816974519e+18,1.789672440844662e+18
1789672965366243101,12.26,2.4325,74.825,71.18998867456295,0.0,53.55895882681227,12.32379977349126,1.7896738187317107e+18,1.7896724406220685e+18
1789672965633530867,12.26,2.4825,228.325,71.1996626731091,0.0,53.56245301051073,12.323993253462183,1.7896738204900577e+18,1.7896724403983247e+18
1789672966034241048,12.26,2.4475,696.775,71.21317243272304,0.0,53.55691746800881,12.324263448654461,1.7896738222543263e+18,1.7896724401724227e+18
1789672966301126430,12.256,2.5475,487.975,71.24768642241034,0.0,53.573769304875746,12.324953728448207,1.7896738240243748e+18,1.7896724399448038e+18
1789672966701965659,12.26,2.7,1489.175,71.27494446655572,0.0,53.58417108086045,12.325498889331115,1.7896738258045993e+18,1.7896724397141076e+18
1789672966969273385,12.252,2.6,1267.8,71.2846187011122,0.0,53.59058427069111,12.325692374022244,1.7896738275967365e+18,1.7896724394783872e+18
1789672967370103203,12.26,2.5475,592.2,71.29438576920151,0.0,53.58997609298028,12.325887715384031,1.7896738293957714e+18,1.7896724392399677e+18
1789672967637415900,12.252,2.665,168.85,71.30398471409148,0.0,53.58716046718227,12.32607969428183,1.7896738311975334e+18,1.7896724389998177e+18
1789672967837826360,12.252,2.7,515.275,71.31692339350958,0.0,53.58449092047006,12.326338467870192,1.7896738330069934e+18,1.789672438756039e+18
1789672968238230110,12.256,2.4175,1572.475,71.34969397687739,0.0,53.603981377183395,12.326993879537548,1.7896738348249976e+18,1.7896724385099953e+18
1789672968638847378,12.244,2.665,1522.0,71.37842618282616,0.0,53.620817988534,12.327568523656524,1.7896738366539123e+18,1.789672438260662e+18
1789672968839275183,12.264,2.5475,1367.975,71.4056845388458,0.0,53.636715604567954,12.328113690776917,1.7896738384937272e+18,1.7896724380071726e+18
1789672969106555972,12.256,2.615,897.925,71.43075375461851,0.0,53.65137070784126,12.32861507509237,1.789673840341466e+18,1.7896724377507825e+18
1789672969908315616,12.256,2.4825,261.525,71.45244399650535,0.0,53.66393052048898,12.329048879930108,1.7896738421990879e+18,1.7896724374927498e+18
1789672970175130068,12.268,2.4475,798.1,71.47571600406948,0.0,53.67750064568515,12.32951432008139,1.7896738440711427e+18,1.789672437229345e+18
1789672970642778276,12.268,2.5475,797.2,71.49728044943328,0.0,53.689919255868205,12.329945608988666,1.7896738459429284e+18,1.7896724369666135e+18
1789672971043668699,12.264,2.5325,794.45,71.51889254122821,0.0,53.702398663978634,12.330377850824565,1.7896738478371732e+18,1.7896724366960474e+18
1789672971310817255,12.264,2.4475,786.05,71.53521796566017,0.0,53.71034918717476,12.330704359313204,1.789673849737179e+18,1.7896724364229448e+18
1789672971511185829,12.272,2.4675,760.425,71.55419170890961,0.0,53.72067371668162,12.331083834178193,1.7896738516395267e+18,1.7896724361484303e+18
1789672971911898957,12.264,2.4675,682.225,71.57103777466584,0.0,53.72989823458636,12.331420755493317,1.7896738535559864e+18,1.7896724358689216e+18
1789672972179040407,12.264,2.6,443.575,71.58704723046742,0.0,53.738619811797165,12.331740944609349,1.7896738554792945e+18,1.7896724355864604e+18
1789672972579581120,12.264,2.615,1353.675,71.60424112113714,0.0,53.748110437969274,12.332084822422743,1.7896738574099576e+18,1.7896724353014436e+18
1789672972846855893,12.256,2.5175,854.275,71.61947673511165,0.0,53.75641644775268,12.332389534702234,1.789673859345396e+18,1.7896724350141952e+18
1789672973247674998,12.252,2.5825,968.625,71.63284643827772,0.0,53.76375471305839,12.332656928765555,1.7896738612853243e+18,1.7896724347252662e+18
1789672973514721172,12.256,2.665,1317.6,71.64678923079339,0.0,53.77133272738668,12.332935784615868,1.7896738632235581e+18,1.7896724344364163e+18
1789672973982029426,12.26,2.5825,744.175,71.66056019610856,0.0,53.77885089812978,12.333211203922172,1.7896738651743657e+18,1.7896724341432512e+18
1789672974382472192,12.252,2.63,632.625,71.67334271053576,0.0,53.78597505241807,12.333466854210716,1.7896738671243436e+18,1.7896724338503414e+18
1789672974649445654,12.26,2.4675,292.2,71.68448511466863,0.0,53.79216785877924,12.333689702293373,1.7896738690747873e+18,1.7896724335566428e+18
1789672974916763506,12.248,2.665,891.7,71.69590426247659,0.0,53.79844433078728,12.333918085249532,1.7896738710246449e+18,1.7896724332625562e+18
1789672975317560054,12.256,2.75,1082.85,71.70195281969986,0.0,53.81274649838251,12.334039056393998,1.7896738729771533e+18,1.7896724329671882e+18
1789672975584750781,12.244,2.6,27.775,71.71072224018101,0.0,53.83316604195465,12.33421444480362,1.7896738749238351e+18,1.7896724326732503e+18
1789672975852006936,12.248,2.735,84.75,71.72239139686053,0.0,53.85910156323955,12.334447827937211,1.789673876870871e+18,1.789672432378597e+18
1789672976252563929,12.248,2.615,258.625,71.73172164854299,0.0,53.87495571775747,12.33463443297086,1.789673878817759e+18,1.7896724320838257e+18
1789672976519543855,12.24,2.8325,789.25,71.74013755998335,0.0,53.88187412002024,12.334802751199668,1.7896738807672604e+18,1.7896724317873836e+18
1789672976786679631,12.244,2.65,770.175,71.74687311057814,0.0,53.879178757843896,12.334937462211563,1.789673882720611e+18,1.7896724314887086e+18
1789672977187549153,12.24,2.815,711.975,71.78721745876854,0.0,53.8985332477182,12.335744349175371,1.7896738846826854e+18,1.7896724311880433e+18
1789672977454772818,12.244,2.7975,534.375,71.81494985001241,0.0,53.913331305391544,12.336298997000249,1.7896738866441152e+18,1.7896724308877903e+18
1789672977922274070,12.248,2.615,1630.775,71.8381117650316,0.0,53.92298281239623,12.336762235300633,1.7896738886095636e+18,1.7896724305867999e+18
1789672978389509829,12.244,2.75,61.525,71.8476448597319,0.0,53.937258060210524,12.336952897194639,1.7896738905761708e+18,1.7896724302855122e+18
1789672978656823826,12.236,2.735,187.75,71.85464150872185,0.0,53.94371318399527,12.337092830174438,1.7896738925448952e+18,1.7896724299826542e+18
1789672978923944155,12.24,2.815,572.95,71.86236604289905,0.0,53.94850578808625,12.337247320857982,1.7896738945262395e+18,1.7896724296744015e+18
1789672979324878066,12.244,2.715,110.1,71.86867477950746,0.0,53.94474561707223,12.33737349559015,1.7896738965150764e+18,1.7896724293631094e+18
1789672979592060646,12.232,2.8475,335.975,71.87519899279894,0.0,53.94730290631874,12.33750397985598,1.7896738985045834e+18,1.7896724290508058e+18
1789672979992780968,12.228,2.9475,1025.3,71.88283644460317,0.0,53.95629801407981,12.337656728892064,1.7896739005074872e+18,1.7896724287333097e+18
1789672980259743231,12.236,2.8475,1490.55,71.88855550243785,0.0,53.948728118381084,12.337771110048758,1.7896739025111107e+18,1.7896724284147338e+18
1789672980526814386,12.248,2.7,1271.975,71.89714135139631,0.0,53.95894546574401,12.337942827027927,1.7896739045086707e+18,1.7896724280977354e+18
1789672980727243665,12.244,2.615,604.95,71.90430264545878,0.0,53.96770189502103,12.338086052909176,1.789673906511447e+18,1.7896724277777812e+18
1789672981128031955,12.252,2.8325,207.75,71.91133372717626,0.0,53.95495096694975,12.338226674543526,1.7896739085177231e+18,1.7896724274562698e+18
1789672981328500172,12.244,2.615,634.0,71.91801261182647,0.0,53.96030310366497,12.33836025223653,1.7896739105224993e+18,1.7896724271343137e+18
1789672981595714443,12.252,2.63,296.4,71.92548632609784,0.0,53.96332596776059,12.338509726521957,1.7896739125360343e+18,1.7896724268083645e+18
1789672981996324495,12.248,2.665,904.525,71.93202221462263,0.0,53.960117881532405,12.338640444292453,1.7896739145598715e+18,1.7896724264783534e+18
1789672982463418103,12.24,2.665,1121.975,71.93754797637463,0.0,53.95736825604654,12.338750959527493,1.7896739165846272e+18,1.7896724261479596e+18
1789672982730523631,12.256,2.4975,147.175,71.94400914256292,0.0,53.954335959958776,12.338880182851259,1.789673918605595e+18,1.7896724258182356e+18
1789672982997808087,12.252,2.5825,449.125,71.95057262256135,0.0,53.950619504914705,12.339011452451228,1.7896739206353175e+18,1.789672425484483e+18
1789672983465367516,12.244,2.665,1370.6,71.98270663724838,0.0,53.9699740351638,12.339654132744968,1.789673922690439e+18,1.7896724251424297e+18
1789672983732325172,12.256,2.63,905.925,72.01117681290155,0.0,53.9867898103475,12.340223536258032,1.7896739247579297e+18,1.7896724247960218e+18
1789672984132526036,12.244,2.65,1126.25,72.03663214552057,0.0,54.00194483970415,12.340732642910412,1.789673926833256e+18,1.7896724244473352e+18
1789672984399278910,12.236,2.9475,160.225,72.05976628751952,0.0,54.015328261904024,12.341195325750391,1.7896739289187804e+18,1.7896724240948273e+18
1789672984666204477,12.236,2.7825,488.95,72.08091985750994,0.0,54.02769422171402,12.3416183971502,1.7896739310147612e+18,1.7896724237382966e+18
1789672985066980723,12.244,2.715,1492.15,72.10161547123163,0.0,54.04001388223124,12.342032309424633,1.7896739331160883e+18,1.7896724233802066e+18
1789672985333852711,12.248,2.65,1276.875,72.12034497417567,0.0,54.05107327648783,12.342406899483514,1.7896739352405688e+18,1.7896724230132636e+18
1789672985600809640,12.24,2.65,619.9,72.13743204293523,0.0,54.06119284454655,12.342748640858705,1.789673937370101e+18,1.7896724226441539e+18
1789672986001135596,12.248,2.665,253.375,72.15410327927206,0.0,54.070881526975114,12.343082065585442,1.7896739395107018e+18,1.7896724222711493e+18
1789672986268130677,12.24,2.75,773.225,72.16966935539836,0.0,54.07997241966586,12.343393387107968,1.7896739416576893e+18,1.7896724218954427e+18
1789672986735400574,12.244,2.715,721.275,72.18429516647075,0.0,54.088489473093574,12.343685903329416,1.7896739438127972e+18,1.7896724215170816e+18
1789672987002525919,12.24,2.7,562.75,72.19701889449021,0.0,54.09589116511881,12.343940377889805,1.7896739459781253e+18,1.789672421134449e+18
1789672987202527456,12.24,2.68,78.975,72.2093806382455,0.0,54.10305204149887,12.34418761276491,1.7896739481393009e+18,1.7896724207526769e+18
1789672987603688866,12.252,2.63,241.0,72.2216582436303,0.0,54.11025729744116,12.344433164872607,1.7896739503051638e+18,1.7896724203691868e+18
1789672988003560866,12.244,2.735,735.45,72.23056393277973,0.0,54.11162947892199,12.344611278655595,1.789673952467723e+18,1.7896724199868687e+18
1789672988203936193,12.244,2.68,606.0,72.24317024415478,0.0,54.11892084418728,12.344863404883096,1.789673954632092e+18,1.7896724196031424e+18
1789672988470770649,12.24,2.8325,210.95,72.25635279412454,0.0,54.126532764837286,12.345127055882491,1.7896739566222372e+18,1.789672419284863e+18
1789672988871180845,12.236,2.735,643.75,72.26757786981688,0.0,54.13308211599137,12.345351557396338,1.789673958494556e+18,1.7896724190112074e+18
1789672989071333552,12.244,2.735,326.15,72.27859901762956,0.0,54.139518333619236,12.345571980352592,1.7896739604165133e+18,1.7896724187181028e+18
1789672989338579748,12.248,2.665,995.325,72.28776047560677,0.0,54.14413599394917,12.345755209512136,1.789673961941502e+18,1.7896724185747581e+18
1789672989738849442,12.256,2.5825,1399.075,72.30464872153489,0.0,54.19361803459127,12.346092974430698,1.7896739631967578e+18,1.7896724185340808e+18
1789672990005719707,12.252,2.65,992.825,72.31661853324142,0.0,54.22379044745189,12.346332370664829,1.78967396479385e+18,1.7896724183636145e+18
1789672990472703281,12.24,2.735,1391.45,72.32765748503427,0.0,54.25341984883841,12.346553149700686,1.7896739665305467e+18,1.7896724181406405e+18
1789672990872995063,12.236,2.8625,969.55,72.33644633414114,0.0,54.27010702107207,12.346728926682824,1.789673968770205e+18,1.7896724177268326e+18
1789672991139987299,12.244,2.7,1320.425,72.34460437314601,0.0,54.284291515872155,12.34689208746292,1.7896739710159846e+18,1.7896724173101025e+18
1789672991406872491,12.24,2.735,752.8,72.35231800748022,0.0,54.29752327197316,12.347046360149605,1.7896739732707894e+18,1.789672416889286e+18
1789672991807171970,12.248,2.665,658.95,72.36369977057161,0.0,54.3253557659874,12.347273995411433,1.789673975529737e+18,1.7896724164669957e+18
1789672992207549015,12.236,2.75,372.55,72.3682890771518,0.0,54.32604312097175,12.347365781543036,1.7896739777967747e+18,1.7896724160413885e+18
1789672992407909909,12.232,2.8625,1136.925,72.37893443177956,0.0,54.35272542213041,12.347578688635592,1.7896739800599908e+18,1.7896724156165128e+18
1789672992674841221,12.236,2.63,192.8,72.38852445481746,0.0,54.37912872760647,12.34777048909635,1.7896739823280602e+18,1.7896724151892378e+18
1789672992941756158,12.24,2.75,588.375,72.40177566163516,0.0,54.41517135035275,12.348035513232704,1.7896739846044654e+18,1.7896724147584138e+18
1789672993408819635,12.232,2.765,157.175,72.40910975226792,0.0,54.42966072662111,12.348182195045359,1.7896739867054815e+18,1.7896724143946214e+18
1789672993809773231,12.236,2.7,479.65,72.41764758902613,0.0,54.45212204841049,12.348352951780523,1.7896739888664758e+18,1.78967241400795e+18
1789672994076757557,12.236,2.815,1463.775,72.4249265418007,0.0,54.46580718345417,12.348498530836014,1.7896739908202934e+18,1.7896724136997637e+18
1789672994543769563,12.228,2.8825,1190.275,72.42668683124992,0.0,54.44993746919136,12.348533736624999,1.7896739923018678e+18,1.7896724135718433e+18
1789672994944504970,12.236,2.815,355.625,72.43093930464183,0.0,54.43021771494828,12.348618786092837,1.789673993669108e+18,1.7896724134875581e+18
1789672995211797828,12.244,2.735,1085.275,72.46378543381535,0.0,54.4516687710858,12.349275708676307,1.789673994913992e+18,1.789672413450871e+18
1789672995612643033,12.24,2.75,35.175,72.49256550839104,0.0,54.47071000251441,12.349851310167821,1.789673995988842e+18,1.7896724134803123e+18
1789672995879808482,12.244,2.815,107.325,72.51965978860076,0.0,54.488303244298486,12.350393195772016,1.789673997196439e+18,1.789672413459481e+18
1789672996146648913,12.244,2.665,327.525,72.5434855258757,0.0,54.50272433167388,12.350869710517514,1.7896739982672497e+18,1.7896724134913856e+18
1789672996547005208,12.24,2.765,999.525,72.56331477438786,0.0,54.51353777737275,12.351266295487758,1.7896739992258552e+18,1.789672413567059e+18
1789672996813857872,12.228,2.9675,1411.9,72.58215910211429,0.0,54.52416012318173,12.351643182042286,1.789674000158628e+18,1.7896724136528115e+18
1789672997214219568,12.252,2.5825,1031.975,72.60218579273693,0.0,54.536443833750795,12.35204371585474,1.7896740010268992e+18,1.7896724137641316e+18
1789672997481061514,12.252,2.565,1510.925,72.6141561501019,0.0,54.536262977047315,12.352283123002039,1.7896740018906112e+18,1.7896724138770665e+18
1789672997747972514,12.26,2.565,1334.175,72.62084324045757,0.0,54.52388393532034,12.352416864809152,1.7896740027478564e+18,1.7896724139920627e+18
1789672997948397558,12.248,2.7,794.775,72.64255403789404,0.0,54.53682548585357,12.352851080757882,1.7896740036211003e+18,1.789672414101079e+18
1789672998348590521,12.26,2.5175,787.05,72.66139920253919,0.0,54.54826854677637,12.353227984050784,1.7896740044436844e+18,1.7896724142302646e+18
1789672998615419322,12.252,2.63,763.475,72.67932442877719,0.0,54.55908888230624,12.353586488575544,1.789674005243197e+18,1.7896724143685688e+18
1789672998882442251,12.244,2.7,691.525,72.69485366035946,0.0,54.568347321814585,12.35389707320719,1.789674006039064e+18,1.7896724145083246e+18
1789672999283381160,12.252,2.6,471.95,72.70975785503308,0.0,54.577696159792794,12.354195157100662,1.7896740068325865e+18,1.7896724146494738e+18
1789672999550516347,12.264,2.5175,1440.275,72.7323473015235,0.0,54.58859077843018,12.35464694603047,1.789674007548094e+18,1.789672414821125e+18
1789673000017964927,12.268,2.5325,1118.55,72.7433973700342,0.0,54.5893804152205,12.354867947400685,1.7896740082811238e+18,1.789672414986654e+18
1789673001553548577,11.136,20.83,464.25,72.74139343323024,0.0,54.609666266333015,12.354827868664605,1.7896740089658563e+18,1.789672415174841e+18
1789673001820805121,10.944,23.315,1416.775,72.74029616082034,0.0,54.62808079897431,12.354805923216407,1.7896740096832753e+18,1.7896724153498012e+18
1789673002221265068,10.816,25.115,1046.85,72.76410886117661,0.0,54.679713065009075,12.355282177223533,1.7896740103351142e+18,1.7896724155509993e+18
1789673002488434566,10.68,26.915,1556.325,72.78141994525286,0.0,54.743731128863224,12.355628398905058,1.7896740110229307e+18,1.789672415738565e+18
1789673002889045457,10.552,28.9475,1472.725,72.79825973672897,0.0,54.81535237820635,12.35596519473458,1.7896740116305682e+18,1.7896724159578107e+18
1789673003289984134,10.492,30.4175,1217.6,72.81467732299375,0.0,54.8831281642386,12.356293546459876,1.7896740122555085e+18,1.789672416170939e+18
1789673003490342785,10.36,32.1825,439.0,72.82977090555187,0.0,54.96139195032425,12.356595418111038,1.7896740128013478e+18,1.7896724164143992e+18
1789673003757684770,10.228,34.0,1339.7,72.84627601731647,7.174999999999999,55.04196171638507,12.35692552034633,1.789674013311418e+18,1.789672416671973e+18
1789673004158588786,10.08,36.9325,811.625,72.86470008373013,7.174999999999999,55.157468138200265,12.357294001674603,1.7896740137362122e+18,1.7896724169631803e+18
1789673004358477780,10.004,38.55,838.475,72.89670065536322,9.8175,55.245868065136584,12.357934013107265,1.789674016309515e+18,1.789672416423903e+18
1789673004558550463,10.0,39.015,920.4,72.92665622820554,9.8175,55.33406287245634,12.358533124564111,1.7896740188969121e+18,1.7896724158793823e+18
1789673004825733725,10.012,38.65,1170.425,72.9493042615907,11.445,55.412573376835425,12.358986085231814,1.7896740214983608e+18,1.7896724153295478e+18
1789673005226656624,9.94,39.7325,295.05,72.97378931773987,12.25,55.50154397751033,12.359475786354798,1.7896740241157266e+18,1.7896724147743752e+18
1789673005627368032,9.9,41.0975,900.4,72.99032260318201,12.25,55.594759782081276,12.35980645206364,1.7896740267479644e+18,1.7896724142138598e+18
1789673005827757330,9.936,40.6975,1109.4,73.00462720915259,13.0025,55.67298477632993,12.360092544183052,1.7896740293917765e+18,1.789672413648349e+18
1789673006094694884,9.808,42.315,108.8,73.02342917476005,13.0025,55.76932606287956,12.360468583495201,1.7896740320494236e+18,1.7896724130774287e+18
1789673006495174501,9.844,42.5475,332.025,73.04012993803573,13.685,55.85673071936335,12.360802598760715,1.7896740347223951e+18,1.7896724125010045e+18
1789673006762409123,9.788,44.05,1013.25,73.05362450112244,14.2975,55.924437149507675,12.36107249002245,1.789674037408438e+18,1.7896724119192276e+18
1789673006962868654,9.772,44.0025,1453.775,73.09332534637906,14.2975,55.99883297444726,12.361866506927582,1.7896740401116534e+18,1.7896724113314967e+18
1789673007296977144,9.828,43.785,1159.75,73.12278108025598,14.944999999999999,56.04819344363835,12.36245562160512,1.789674042831948e+18,1.7896724107379433e+18
1789673007564110631,9.792,44.9675,262.475,73.14765975447112,15.557500000000001,56.082976054332896,12.362953195089423,1.789674045568036e+18,1.7896724101385267e+18
1789673007964949276,9.768,45.0325,801.0,73.1715892889837,15.557500000000001,56.12393891323136,12.363431785779674,1.7896740483227766e+18,1.7896724095325734e+18
1789673008365151982,9.72,46.085,806.05,73.19200457847703,16.0475,56.156302263010474,12.363840091569541,1.7896740510941632e+18,1.7896724089208246e+18
1789673008832484157,9.62,47.7175,821.45,73.19849839363232,16.537499999999998,56.189485673583945,12.363969967872647,1.78967405388119e+18,1.7896724083032315e+18
1789673009099158737,9.72,46.5,868.45,73.21807236005479,16.974999999999998,56.21311847463546,12.364361447201096,1.7896740566835546e+18,1.7896724076797e+18
1789673009299311646,9.732,46.1,1011.875,73.23641163986814,16.974999999999998,56.23907702186988,12.364728232797363,1.7896740595013204e+18,1.7896724070497577e+18
1789673009699427627,9.72,46.7475,1449.575,73.24983406037963,17.377499999999998,56.2528529560062,12.364996681207593,1.7896740623349612e+18,1.78967240641399e+18
1789673010099714423,9.704,47.465,1146.95,73.25940933521639,17.709999999999997,56.25541205468667,12.365188186704328,1.7896740651842163e+18,1.7896724057722854e+18
1789673010500093159,9.672,46.6975,223.4,73.27540905511424,18.0075,56.28783873360028,12.365508181102285,1.7896740680516147e+18,1.78967240512386e+18
1789673010700554347,9.724,46.2175,681.75,73.28795654204691,18.1125,56.308788945654655,12.365759130840939,1.789674070932429e+18,1.789672404469658e+18
1789673010901837164,9.696,46.2825,442.125,73.30115104678585,18.1125,56.337708710087895,12.366023020935717,1.789674073826273e+18,1.789672403809945e+18
1789673011102237179,9.816,45.3825,1349.25,73.30827658807166,18.287499999999998,56.33983595668165,12.366165531761434,1.7896740767327296e+18,1.7896724031445143e+18
1789673011369451806,9.804,45.4175,840.775,73.3158600177675,18.48,56.34540283148285,12.36631720035535,1.7896740796526426e+18,1.7896724024733932e+18
1789673011770223949,9.804,45.98,927.425,73.31891682230811,18.6725,56.33824427244739,12.366378336446163,1.789674082588489e+18,1.7896724017958303e+18
1789673012170873874,9.972,43.285,1191.875,73.322031885154,18.83,56.32716640434594,12.36644063770308,1.789674085539755e+18,1.7896724011121024e+18
1789673012371213889,9.98,43.1175,360.5,73.32435678993292,19.162499999999998,56.31640368467531,12.366487135798659,1.789674088503591e+18,1.7896724004224061e+18
1789673012571397846,9.964,44.0325,1100.15,73.32295333530813,19.39,56.29320650121809,12.366459066706163,1.7896740914790254e+18,1.7896723997269798e+18
1789673012838481656,10.084,41.85,80.575,73.32280486440803,19.5825,56.27320185613707,12.366456097288161,1.7896740944670968e+18,1.7896723990258125e+18
1789673013239304036,10.06,41.0975,245.875,73.32607671856958,19.5825,56.273455214327235,12.366521534371392,1.789674097471938e+18,1.7896723983178867e+18
1789673013639848865,10.012,42.4825,750.35,73.3277728041723,19.845,56.26470820789471,12.366555456083447,1.7896741004933716e+18,1.789672397603192e+18
1789673013840315637,10.056,41.385,651.475,73.32974119637016,20.055,56.26117778121241,12.366594823927404,1.789674103527743e+18,1.7896723968824143e+18
1789673014040559445,10.112,40.4,349.725,73.33135540887676,20.3,56.257537727188804,12.366627108177536,1.789674106575452e+18,1.7896723961553316e+18
1789673014240709906,10.14,39.3175,1067.275,73.33330621922052,20.51,56.2621675852987,12.36666612438441,1.7896741096364065e+18,1.7896723954220454e+18
1789673014507664408,10.18,39.05,1618.65,73.33492778192729,20.755,56.256900206560154,12.366698555638546,1.7896741127119997e+18,1.7896723946822487e+18
1789673014908563149,10.204,37.55,24.525,73.33930542665453,21.0175,56.2629693091983,12.366786108533091,1.7896741158046438e+18,1.7896723939357663e+18
1789673015175556488,10.264,37.65,74.825,73.34778187776578,21.1925,56.26421544498365,12.366955637555316,1.789674118914065e+18,1.789672393182235e+18
1789673015710012056,10.34,36.68,696.775,73.35413851525504,21.560000000000002,56.2596600237089,12.367082770305101,1.7896741220448888e+18,1.7896723924207854e+18
1789673122813269304,12.06,1.4325,487.975,73.32572937246206,21.7,56.24274879215743,12.366514587449242,1.7896741277674862e+18,1.7896723911085435e+18
1789673123013504960,12.1,1.4975,1489.175,73.30358029925819,21.595,56.22958548751707,12.366071605985164,1.789674133496393e+18,1.7896723897894098e+18
1789673123213862764,12.124,1.5325,1267.8,73.28410851224899,21.209999999999997,56.21809958143476,12.36568217024498,1.789674139232957e+18,1.7896723884629875e+18
1789673123414157180,12.14,1.5975,592.2,73.26186213372264,20.1425,56.21409112814193,12.365237242674453,1.7896741449771804e+18,1.7896723871290245e+18
1789673123614501263,12.16,1.665,168.85,73.24916130451821,18.8475,56.20584444168594,12.364983226090365,1.7896741507315812e+18,1.7896723857872182e+18
1789673123814809633,12.168,1.5675,515.275,73.23387075057165,18.8475,56.20934538590623,12.364677415011434,1.7896741564959332e+18,1.7896723844374574e+18
1789673124081699250,12.18,1.5975,1572.475,73.22116750759083,18.41,56.213743426943346,12.364423350151817,1.7896741622729093e+18,1.7896723830792407e+18
1789673124482420588,12.18,1.615,1522.0,73.2088272169066,18.060000000000002,56.21791525339778,12.364176544338132,1.7896741680667497e+18,1.7896723817115924e+18
1789673124749694444,12.2,1.4975,1367.975,73.19791402639746,17.535,56.21957066174922,12.36395828052795,1.789674173874049e+18,1.7896723803353347e+18
1789673124950120396,12.208,1.5825,897.925,73.1884248066807,17.150000000000002,56.21629994917454,12.363768496133615,1.7896741796944586e+18,1.7896723789502326e+18
1789673125350993035,12.208,1.5325,1101.825,73.17862551892053,17.150000000000002,56.21569084369035,12.363572510378411,1.7896741855339338e+18,1.7896723775549156e+18
1789673125618286109,12.212,1.4825,85.7,73.16860550172412,16.4675,56.20437193002209,12.363372110034483,1.78967419138803e+18,1.7896723761506194e+18
1789673125818719122,12.228,1.5675,798.1,73.19673922976068,15.959999999999999,56.218962241252406,12.363934784595214,1.789674197267356e+18,1.7896723747351823e+18
1789673126219090619,12.232,1.4825,797.2,73.19004596925085,15.504999999999999,56.21306264021249,12.363800919385017,1.7896742031677002e+18,1.789672373308983e+18
1789673126620021720,11.664,12.465,794.45,73.20002962447525,15.504999999999999,56.206805900052395,12.364000592489505,1.7896742090938865e+18,1.789672371871333e+18
1789673127087642746,9.96,45.115,682.225,73.19107907800353,14.8925,56.16323753671982,12.363821581560071,1.7896742150424911e+18,1.7896723704226752e+18
1789673127488545020,9.988,42.9675,443.575,73.20951892506295,14.9975,56.159501036234545,12.36419037850126,1.789674221021169e+18,1.789672368961296e+18
1789673127889306701,10.012,42.6825,1353.675,73.21445000040566,14.9975,56.14031263124743,12.364289000008114,1.7896742270255142e+18,1.7896723674882007e+18
1789673128156166002,10.016,42.785,854.275,73.21670207321995,14.9975,56.11856758033772,12.3643340414644,1.789674233051662e+18,1.7896723660039926e+18
1789673128356410856,10.0,43.75,968.625,73.2368265265455,15.155000000000001,56.10537072130011,12.36473653053091,1.7896742391033585e+18,1.789672364508137e+18
1789673128757285909,9.968,43.25,1317.6,73.23560002720733,15.33,56.1064078530422,12.364712000544147,1.7896742451799424e+18,1.789672363000523e+18
1789673129024580147,9.944,44.5175,744.175,73.23609824866999,15.522499999999999,56.11038817917492,12.3647219649734,1.7896742512789422e+18,1.7896723614814912e+18
1789673129425375443,9.936,44.75,632.625,73.23999726905335,15.522499999999999,56.12771624237277,12.364799945381067,1.789674257405279e+18,1.7896723599500846e+18
1789673129893068442,9.896,45.2975,292.2,73.24093505130573,15.8725,56.13577913430663,12.364818701026115,1.7896742635601185e+18,1.7896723584060434e+18
1789673130560491526,9.836,46.45,1082.85,73.2408551965932,16.9225,56.141606517651724,12.364817103931864,1.789674269750041e+18,1.7896723568475013e+18
1789673130827731603,9.784,47.5,27.775,73.23925918155173,16.9225,56.14106311522423,12.364785183631035,1.7896742759628209e+18,1.7896723552773783e+18
1789673131028118216,9.816,47.365,84.75,73.23523989311037,17.4825,56.13105502229939,12.364704797862208,1.7896742821967288e+18,1.7896723536957174e+18
1789673131428943020,9.808,47.4,258.625,73.23069942755298,17.9375,56.116982864303594,12.36461398855106,1.789674288457198e+18,1.7896723521014876e+18
1789673131696224569,9.804,47.6175,789.25,73.2262769967587,18.41,56.1054354136005,12.364525539935174,1.789674294741165e+18,1.789672350495148e+18
1789673131896560051,9.72,47.7675,770.175,73.22700079718034,18.8475,56.11712499146664,12.364540015943607,1.7896743010488108e+18,1.7896723488766607e+18
1789673132296888594,9.88,45.9325,711.975,73.22142855309303,18.8475,56.09422382792967,12.364428571061861,1.7896743073838707e+18,1.789672347245222e+18
1789673132564158795,9.796,48.2025,534.375,73.21281215347798,19.25,56.044509300943766,12.36425624306956,1.7896743137421865e+18,1.7896723456015224e+18
1789673132964982477,9.796,47.35,1630.775,73.23651782997604,19.6175,56.03358372323817,12.364730356599521,1.7896743201388718e+18,1.7896723439424922e+18
1789673133432707790,9.792,46.935,61.525,73.25538348289759,19.985,56.02720340561821,12.365107669657952,1.7896743265751519e+18,1.789672342267536e+18
1789673133833564405,9.924,44.265,187.75,73.27154083881621,20.195,56.02479941979132,12.365430816776325,1.7896743330481382e+18,1.7896723405775084e+18
1789673134100520754,9.98,43.765,572.95,73.27208305701153,20.4575,56.00489377979971,12.365441661140231,1.789674339549125e+18,1.7896723388741274e+18
1789673134500871514,10.308,37.215,110.1,73.29769434456875,20.772499999999997,56.011478166012076,12.365953886891376,1.7896743460918776e+18,1.7896723371540708e+18
1789673134901762674,10.416,34.6675,335.975,73.31260619963221,21.0,56.01730625071297,12.366252123992645,1.789674352672574e+18,1.7896723354184243e+18
1789673135168881127,10.312,35.785,1025.3,73.32946399470534,21.1925,56.03402991270886,12.366589279894107,1.789674359288519e+18,1.7896723336677647e+18
1789673135569714246,10.24,37.765,1490.55,73.33601546524031,21.227500000000003,56.03519567341857,12.366720309304807,1.789674365940748e+18,1.789672331901581e+18
1789673135836923572,10.304,36.3,1271.975,73.34065336900366,21.349999999999998,56.03885305212406,12.366813067380074,1.7896743726254226e+18,1.789672330120501e+18
1789673136037165940,10.308,36.615,604.95,73.34390180943062,21.595,56.03799785139,12.366878036188613,1.7896743793410988e+18,1.7896723283244209e+18
1789673136437813379,10.4,34.8,207.75,73.34827924076198,21.962500000000002,56.03880518768906,12.36696558481524,1.7896743860942277e+18,1.7896723265120225e+18
1789673136838706498,10.484,33.6825,634.0,73.35257594017558,22.224999999999998,56.034977376889444,12.367051518803512,1.7896743928853102e+18,1.7896723246831127e+18
1789673137239601887,10.46,33.565,296.4,73.37389229254407,22.4175,56.04963876339464,12.367477845850882,1.7896743997207916e+18,1.789672322836525e+18
1789673137440023756,10.492,33.75,904.525,73.38775517759063,22.6975,56.05235357730345,12.367755103551813,1.7896744065929016e+18,1.7896723209736832e+18
1789673137707300802,10.628,29.6,1121.975,73.39415822446007,22.837500000000002,56.06288403073192,12.367883164489202,1.78967441350114e+18,1.7896723190948278e+18
1789673137907692838,10.588,29.615,147.175,73.3967502270362,23.0125,56.0786675999528,12.367935004540724,1.789674420442859e+18,1.7896723172002888e+18
1789673138307904415,10.636,30.65,449.125,73.4025650758273,23.135,56.07959263144171,12.368051301516546,1.7896744274259492e+18,1.7896723152880445e+18
1789673138708761587,10.632,29.85,1370.6,73.41727828379882,23.2925,56.09525615914767,12.368345565675977,1.7896744344542902e+18,1.789672313357259e+18
1789673139109471092,10.608,31.0325,905.925,73.4307074447142,23.275000000000002,56.10417625125429,12.368614148894284,1.789674441527885e+18,1.7896723114080038e+18
1789673139309923589,10.6,30.4325,1126.25,73.42913920763951,23.38,56.11949526224409,12.36858278415279,1.7896744486357652e+18,1.789672309442509e+18
1789673139577105213,10.544,31.1,160.225,73.42736741930418,23.397499999999997,56.140597627195476,12.368547348386084,1.7896744557805087e+18,1.789672307459978e+18
1789673139844329658,10.668,29.7,488.95,73.42651979409425,23.4675,56.148433319497705,12.368530395881885,1.78967446296285e+18,1.7896723054604332e+18
1789673140244835622,10.568,31.8175,1492.15,73.42612690086376,23.485,56.15460835281191,12.368522538017276,1.7896744701875889e+18,1.7896723034427067e+18
1789673140712378917,10.572,30.665,1276.875,73.42491814823511,23.555,56.16841250014893,12.368498362964703,1.7896744774572736e+18,1.7896723014058138e+18
1789673140979565750,10.66,29.8,619.9,73.43913764372356,23.66,56.17178198706062,12.368782752874472,1.7896744847724864e+18,1.7896722993496978e+18
1789673141380510273,10.656,29.0325,253.375,73.46007387478153,23.8,56.19344325582101,12.369201477495631,1.789674492140628e+18,1.789672297272696e+18
1789673141647764493,10.672,29.0475,773.225,73.48056703058256,23.9575,56.2134984996761,12.369611340611652,1.7896744995582113e+18,1.7896722951756485e+18
1789673142048295259,10.732,27.885,721.275,73.49878971147827,24.0275,56.232777924959706,12.369975794229566,1.7896745070293435e+18,1.7896722930571558e+18
1789673142248550260,10.672,28.65,562.75,73.51445408898475,24.0975,56.25320757323469,12.370289081779696,1.7896745145476122e+18,1.7896722909186724e+18
1789673142515835421,12.076,1.5675,78.975,73.48969443548111,24.2025,56.23671411565894,12.369793888709623,1.7896745220994522e+18,1.7896722887631572e+18
1789673142916725928,12.108,1.615,241.0,73.47911161497045,24.045,56.22965293389767,12.36958223229941,1.7896745296953408e+18,1.7896722865879206e+18
1789673143117080343,12.132,1.615,735.45,73.46375693029543,23.747500000000002,56.21879346226007,12.369275138605909,1.7896745373277558e+18,1.789672284394856e+18
1789673143384377980,12.12,2.0175,606.0,73.44443628935888,23.555,56.207907088155565,12.368888725787178,1.7896745449977713e+18,1.7896722821835587e+18
1789673143785119604,11.744,8.865,210.95,73.4293205112853,23.2225,56.21490586775484,12.368586410225706,1.7896745527118612e+18,1.7896722799522e+18
1789673144052184234,11.624,11.03,643.75,73.41622652921104,23.099999999999998,56.220043876339076,12.368324530584221,1.7896745604672397e+18,1.7896722777010634e+18
1789673144319122567,12.152,1.5475,326.15,73.39711131281028,22.959999999999997,56.21264183925581,12.367942226256206,1.789674568262079e+18,1.7896722754307822e+18
1789673144720042462,12.172,1.5175,995.325,73.38098408220989,22.75,56.20848933405129,12.367619681644198,1.7896745761025198e+18,1.7896722731399252e+18
1789673144987202362,12.184,1.615,1399.075,73.36778266629604,22.575,56.20860773627993,12.367355653325921,1.7896745839863808e+18,1.789672270829053e+18
1789673145388123078,12.2,1.5825,992.825,73.35666367839701,21.875,56.21116897877595,12.36713327356794,1.789674591919308e+18,1.7896722684964232e+18
1789673145655396872,12.2,1.615,1391.45,73.3457046514565,21.245,56.213383963317646,12.36691409302913,1.789674599897902e+18,1.7896722661427825e+18
1789673146055929381,12.208,1.65,969.55,73.33672377286433,20.8425,56.20464106491117,12.366734475457287,1.7896746079280712e+18,1.7896722637667233e+18
1789673146323008916,12.216,1.5675,1320.425,73.33146046400313,20.3875,56.19329610399967,12.366629209280063,1.7896746160078863e+18,1.7896722613685048e+18
1789673146523488772,12.22,1.5975,752.8,73.34702546848372,19.985,56.19924412109796,12.366940509369675,1.7896746241451684e+18,1.7896722589462853e+18
1789673146924339493,12.228,1.6325,658.95,73.36004989537547,19.985,56.20300366104614,12.36720099790751,1.7896746323462833e+18,1.7896722564984635e+18
1789673147124749807,12.232,1.615,372.55,73.35840354011357,19.6875,56.19638111834053,12.367168070802272,1.789674640599184e+18,1.7896722540276319e+18
1789673147392034332,12.236,1.5825,1136.925,73.37223107445244,19.0925,56.20225474629498,12.36744462148905,1.7896746489139988e+18,1.7896722515314514e+18
1789673147792830622,12.24,1.5975,192.8,73.37229871305561,18.515,56.19736837372848,12.367445974261113,1.7896746572895826e+18,1.7896722490097436e+18
1789673148059851873,12.248,1.5675,588.375,73.3663467060861,18.2175,56.20601513082234,12.367326934121722,1.7896746657202934e+18,1.7896722464639982e+18
1789673148460400928,12.248,1.5175,157.175,73.36212812202163,18.2175,56.21614651258522,12.367242562440433,1.7896746742119936e+18,1.7896722438925253e+18
1789673148660863161,12.252,1.5675,479.65,73.35986277006636,17.7975,56.230647055908236,12.367197255401328,1.7896746827596984e+18,1.7896722412962632e+18
1789673148928045490,12.252,1.65,1463.775,73.38207781993518,17.377499999999998,56.24266009415726,12.367641556398704,1.7896746913782415e+18,1.789672238671815e+18
1789673149329001183,12.256,1.5325,1190.275,73.40103442293565,17.01,56.25289859183939,12.368020688458714,1.7896747000712932e+18,1.7896722360178847e+18
1789673149529458090,12.26,1.5475,355.625,73.41579433302918,17.01,56.26075609425103,12.368315886660584,1.789674708831989e+18,1.7896722333362115e+18
1789673149796677416,12.264,1.5325,1085.275,73.43044162218656,16.6775,56.26859973833712,12.368608832443732,1.7896747176638236e+18,1.789672230625823e+18
1789673150063728148,12.264,1.5825,35.175,73.44377821134573,16.3625,56.27574627987795,12.368875564226915,1.789674726565393e+18,1.789672227886133e+18
1789673150263950193,12.268,1.665,107.325,73.45581302349657,16.3625,56.28215061079336,12.369116260469932,1.7896747355368271e+18,1.7896722251176607e+18
1789673150664794254,12.272,1.7,327.525,73.46853042151612,16.064999999999998,56.28897886782656,12.369370608430323,1.7896747445857853e+18,1.7896722223181015e+18
1789673150931990200,12.272,1.5475,999.525,73.47901641242203,15.802499999999998,56.294612694237216,12.369580328248441,1.789674753707845e+18,1.789672219488359e+18
1789673151332834731,12.28,1.68,1411.9,73.48984472480059,15.802499999999998,56.30045088213488,12.369796894496012,1.7896747629095101e+18,1.7896722166268058e+18
1789673151600078223,11.98,7.4325,1031.975,73.50073682138881,15.575000000000001,56.30511278609419,12.370014736427777,1.789674772187243e+18,1.7896722137340529e+18
1789673152000724782,10.432,35.5175,1510.925,73.49956780280199,15.435,56.294282439359435,12.36999135605604,1.7896747815405164e+18,1.789672210809844e+18
1789673152267579236,10.064,42.9675,1334.175,73.50533114267748,15.435,56.271735842411836,12.37010662285355,1.7896747909703898e+18,1.7896722078540618e+18
1789673152668275535,9.956,45.2975,794.775,73.50826734872146,15.6275,56.241308491738465,12.37016534697443,1.7896748004806618e+18,1.789672204865348e+18
1789673152868613095,9.912,45.585,787.05,73.51209864793437,15.995000000000001,56.218412701160375,12.370241972958688,1.7896748100670433e+18,1.7896722018448384e+18
1789673153135853774,9.832,46.7475,763.475,73.5149329710115,15.995000000000001,56.19839812312471,12.37029865942023,1.7896748197326346e+18,1.7896721987915264e+18
1789673153536782578,9.796,47.365,691.525,73.50747017148808,16.5725,56.17852542259065,12.370149403429762,1.7896748294773955e+18,1.7896721957049595e+18
1789673153803968677,9.804,48.5675,471.95,73.5032553953415,17.115,56.17132456963795,12.37006510790683,1.789674839300482e+18,1.789672192585382e+18
1789673154071063903,9.86,47.0825,1440.275,73.50275401707601,17.535,56.17791010132842,12.37005508034152,1.7896748492045043e+18,1.7896721894318346e+18
1789673154471548896,9.844,47.8,1118.55,73.49774207170414,17.535,56.16406349654729,12.369954841434083,1.7896748591941028e+18,1.7896721862430487e+18
1789673154939131978,9.812,46.95,136.725,73.49889212214559,17.814999999999998,56.175059373495344,12.369977842442912,1.789674869276315e+18,1.789672183017039e+18
1789673155340037790,9.952,43.4825,417.25,73.50169523037486,18.3575,56.1911444509081,12.370033904607498,1.7896748794509926e+18,1.7896721797535954e+18
1789673155607336303,9.936,44.5175,1273.325,73.50623570787586,18.8125,56.2159689479914,12.370124714157518,1.7896748897161495e+18,1.7896721764530875e+18
1789673156008338419,10.084,40.815,609.075,73.51148302085252,19.145,56.243056890357096,12.370229660417051,1.7896749000788163e+18,1.7896721731135004e+18
1789673156208543751,9.972,44.2,220.325,73.51433749044521,19.5125,56.25442499214117,12.370286749808905,1.7896749105312748e+18,1.78967216973647e+18
1789673156475459943,10.136,41.865,672.375,73.51751041348749,19.8275,56.261769514592714,12.37035020826975,1.7896749210789537e+18,1.789672166320548e+18
1789673156742656291,10.08,42.315,413.525,73.52558070631989,20.02,56.23860960374618,12.370511614126398,1.7896749317249743e+18,1.7896721628645412e+18
1789673157143475930,9.948,45.4175,1261.975,73.54407852499713,20.439999999999998,56.218016881144244,12.370881570499943,1.7896749424824986e+18,1.7896721593649475e+18
1789673157610889316,10.016,44.2825,574.425,73.53786605399132,20.685000000000002,56.186746340514105,12.370757321079827,1.789674953341077e+18,1.7896721558238797e+18
1789673158011519370,9.984,43.65,114.6,73.53647816361652,20.965,56.191953769752104,12.37072956327233,1.7896749643028365e+18,1.7896721522406124e+18
1789673158278444177,10.076,42.8825,349.725,73.5327039896366,21.209999999999997,56.177185710450686,12.370654079792732,1.789674975365103e+18,1.7896721486158216e+18
1789673158679184764,10.148,42.0975,1067.275,73.53008703164274,21.560000000000002,56.16423573498235,12.370601740632855,1.789674986535171e+18,1.7896721449473032e+18
1789673159079902372,10.18,41.5175,1618.65,73.52638145853749,21.84,56.14198137315906,12.37052762917075,1.7896749978100915e+18,1.7896721412361572e+18
1789673159280383816,10.164,40.45,24.525,73.52564081096195,21.98,56.14134992996305,12.37051281621924,1.7896750091853757e+18,1.7896721374835807e+18
1789673159547687178,10.244,39.7175,74.825,73.52369226011407,22.2075,56.128709736596186,12.370473845202282,1.7896750206642012e+18,1.7896721336883725e+18
1789673159948303345,10.204,39.8325,228.325,73.54974137752723,22.400000000000002,56.12511342015305,12.370994827550545,1.7896750322686615e+18,1.7896721298445082e+18
1789673160215108904,10.22,39.6825,696.775,73.57055057208645,22.540000000000003,56.11853641874881,12.37141101144173,1.7896750439951432e+18,1.7896721259528366e+18
1789673160415488583,10.34,37.4825,487.975,73.57732900566977,22.6975,56.10290241673645,12.371546580113396,1.7896750558344945e+18,1.7896721220153723e+18
1789673160816233449,10.296,38.215,1489.175,73.60212302991006,22.837500000000002,56.10233770656524,12.372042460598202,1.7896750678072156e+18,1.7896721180264425e+18
1789673161083395191,10.328,37.65,1267.8,73.60526575770318,22.959999999999997,56.083029442998026,12.372105315154064,1.789675079896452e+18,1.7896721139900032e+18
1789673161751526015,10.404,36.215,592.2,73.60668606489185,23.099999999999998,56.06584826752373,12.372133721297837,1.7896750921203e+18,1.7896721099008545e+18
1789673162151829915,10.384,35.8,168.85,73.61453182330901,23.3275,56.05534494368891,12.37229063646618,1.789675104478953e+18,1.789672105758213e+18
1789673162351986240,10.42,35.715,515.275,73.61588870457422,23.502499999999998,56.04170268710121,12.372317774091485,1.7896751169583286e+18,1.7896721015662804e+18
1789673162619009747,10.476,34.0475,1572.475,73.64309901522006,23.6425,56.05198628133345,12.372861980304402,1.7896751295787236e+18,1.789672097319334e+18
1789673163019102944,10.564,32.415,1522.0,73.67085090372453,24.01,56.06431782542633,12.373417018074491,1.7896751423506793e+18,1.789672093014283e+18
1789673163285903509,10.54,33.1,1367.975,73.68851676348801,24.1675,56.06632026164249,12.37377033526976,1.789675155265109e+18,1.7896720886531543e+18
1789673163686289647,10.532,32.535,897.925,73.70288860793072,24.290000000000003,56.07359421696779,12.374057772158615,1.7896751683261686e+18,1.7896720842342932e+18
1789673164086528884,10.576,31.515,1101.825,73.70487742098506,24.5,56.075613193362564,12.374097548419702,1.789675181533127e+18,1.789672079757323e+18
1789673164286727383,10.56,31.7,85.7,73.70628799931085,24.4825,56.077602882386984,12.374125759986217,1.789675194882647e+18,1.7896720752225262e+18
1789673164553660064,10.544,31.3975,261.525,73.70801641053814,24.4475,56.08084565970553,12.374160328210763,1.7896752083737024e+18,1.7896720706303585e+18
1789673164820504741,10.492,32.7175,798.1,73.73544345579485,24.2375,56.101273799264014,12.374708869115898,1.7896752220267018e+18,1.789672065975114e+18
1789673165220945806,10.468,33.6975,797.2,73.75754578339614,24.1675,56.11516430915399,12.375150915667923,1.7896752358485435e+18,1.789672061254479e+18
1789673165688292139,10.472,32.4,794.45,73.77644578650377,24.1325,56.137158345250576,12.375528915730076,1.7896752498422582e+18,1.789672056466955e+18
1789673166088607763,10.544,31.965,786.05,73.79326031638786,24.045,56.1511033750982,12.375865206327758,1.7896752640123174e+18,1.789672051610622e+18
1789673166355574970,10.464,32.6975,760.425,73.80779245330079,24.045,56.16954326928974,12.376155849066016,1.7896752783525665e+18,1.78967204668687e+18
1789673166756238408,11.448,13.8,682.225,73.80763917571772,24.0625,56.17805988852829,12.376152783514355,1.7896752928634337e+18,1.7896720416950444e+18
1789673167023379206,12.096,1.5825,443.575,73.79291367738236,23.9925,56.17032591654159,12.375858273547648,1.7896753075288558e+18,1.789672036639587e+18
1789673167424261801,12.12,1.5325,1353.675,73.78014137874445,23.59,56.16357680117433,12.37560282757489,1.7896753223497252e+18,1.7896720315194217e+18
1789673167691561288,11.132,21.385,854.275,73.78930120840934,23.2925,56.17220528004656,12.375786024168187,1.7896753373494444e+18,1.7896720263279306e+18
1789673168092095810,10.384,38.2825,968.625,73.79893064276519,22.959999999999997,56.150431779224554,12.375978612855304,1.7896753525383e+18,1.789672021062001e+18
1789673168359123252,10.408,36.215,1317.6,73.79717103404015,22.837500000000002,56.145175567724685,12.375943420680803,1.7896753679054615e+18,1.7896720157239393e+18
1789673168759969592,10.384,36.9175,744.175,73.79498249023325,22.9425,56.13814029660369,12.375899649804666,1.7896753834603717e+18,1.7896720103108785e+18
1789673169027160422,10.376,36.9475,632.625,73.79377185658429,23.17,56.1297229704988,12.375875437131686,1.7896753992062188e+18,1.789672004821262e+18
1789673169227538036,10.368,37.3325,292.2,73.7929684578642,23.1875,56.12154669316263,12.375859369157284,1.7896754151407918e+18,1.789671999255412e+18
1789673169628461472,10.472,34.435,891.7,73.79893935304257,23.2925,56.11087289254349,12.375978787060852,1.789675431281802e+18,1.7896719936080105e+18
1789673169895640603,10.476,34.2325,1082.85,73.80086042056097,23.485,56.104772822256656,12.37601720841122,1.7896754476226376e+18,1.7896719878803886e+18
1789673170095760522,10.432,35.25,27.775,73.80081157862203,23.625,56.100790138417295,12.376016231572441,1.7896754641653855e+18,1.789671982071617e+18
1789673170496569966,10.516,33.935,84.75,73.83504527477429,23.712500000000002,56.112307982262024,12.376700905495486,1.789675480956912e+18,1.789671976167401e+18
1789673170897331112,11.544,11.3675,258.625,73.84109256334933,23.834999999999997,56.12407612802932,12.376821851266987,1.789675497970685e+18,1.789671970175137e+18
1789673171164611549,12.092,1.5675,789.25,73.83377747660376,23.8175,56.12016886994527,12.376675549532075,1.789675515197796e+18,1.7896719640968207e+18
1789673171565417321,12.124,1.5475,770.175,73.82904285616564,23.66,56.11762337727539,12.376580857123313,1.7896755326481293e+18,1.789671957928995e+18
1789673171966035557,12.144,1.5675,711.975,73.82571815551424,23.3275,56.11583404829409,12.376514363110285,1.789675550330884e+18,1.7896719516685307e+18
1789673172166159020,12.152,1.5325,534.375,73.82099670765791,22.575,56.11334067929289,12.376419934153159,1.789675568241656e+18,1.789671945316206e+18
1789673172433309719,12.164,1.4975,1630.775,73.8166450443412,21.962500000000002,56.11080977746137,12.376332900886824,1.78967558639126e+18,1.789671938867674e+18
1789673172834093698,12.176,1.5475,61.525,73.80479067557575,21.0175,56.101867719253924,12.376095813511515,1.7896756047873802e+18,1.7896719323200317e+18
1789673173034562993,12.184,1.5675,187.75,73.8069480568873,20.1425,56.10294000938923,12.376138961137746,1.7896756234345523e+18,1.789671925671557e+18
1789673173301844676,12.196,1.5675,572.95,73.80789767960572,19.74,56.103391579194124,12.376157953592115,1.7896756423416548e+18,1.7896719189188856e+18
1789673173569119900,12.208,1.5975,110.1,73.81033200940878,19.74,56.10462930635432,12.376206640188176,1.7896756615168975e+18,1.7896719120591247e+18
1789673173769575717,12.212,1.5325,335.975,73.81005240823616,19.337500000000002,56.10444881947853,12.376201048164724,1.7896756809643105e+18,1.7896719050905316e+18
1789673174169967060,12.22,1.5675,1025.3,73.81100284167923,18.8825,56.10493407892125,12.376220056833585,1.789675700702694e+18,1.7896718980068285e+18
1789673174370397093,12.224,1.4825,1490.55,73.81000023688767,17.849999999999998,56.10435754643192,12.376200004737754,1.7896757207224415e+18,1.7896718908102157e+18
1789673174570855602,12.228,1.4975,1271.975,73.80896539450958,17.849999999999998,56.1037856830359,12.376179307890192,1.7896757410301716e+18,1.7896718834980782e+18
1789673174838055149,12.236,1.5675,604.95,73.80841423043414,17.2025,56.10346932479715,12.376168284608683,1.7896757616401495e+18,1.789671876065515e+18
1789673175238997923,12.24,1.5325,207.75,73.80894534830453,16.52,56.103710865482945,12.376178906966091,1.789675782569692e+18,1.789671868506558e+18
1789673175506194585,12.236,1.5675,634.0,73.80852958844785,15.959999999999999,56.10348359965439,12.376170591768958,1.7896758038196562e+18,1.789671860820247e+18
1789673175906820900,12.248,1.5325,296.4,73.80978612056879,15.959999999999999,56.10412490851326,12.376195722411376,1.7896758254005394e+18,1.7896718530025464e+18
1789673176173878381,9.976,47.9,904.525,73.7985828504569,15.4175,56.03893037306717,12.375971657009138,1.789675847306168e+18,1.7896718450543977e+18
1789673176574385808,10.116,43.615,1121.975,73.7984936865776,15.4175,56.00462385173615,12.375969873731552,1.7896758695633413e+18,1.7896718369669821e+18
1789673177041802699,10.048,44.8675,147.175,73.79575663041358,15.3125,55.96809334407145,12.375915132608272,1.7896758921842445e+18,1.7896718287356884e+18
1789673177442222651,10.08,43.4825,449.125,73.7960200093756,15.382499999999999,55.94311467462511,12.375920400187512,1.789675915171494e+18,1.7896718203589138e+18
1789673177709333839,9.956,44.7675,1370.6,73.79607250275315,15.557500000000001,55.92737806683725,12.375921450055063,1.7896759385244977e+18,1.7896718118368225e+18
1789673178109793789,10.032,44.55,905.925,73.7929995422455,15.557500000000001,55.89862033408821,12.37585999084491,1.7896759622492237e+18,1.7896718031665792e+18
1789673178376741844,10.064,43.9175,1126.25,73.79118041585464,15.819999999999999,55.87193739188247,12.375823608317093,1.7896759863568612e+18,1.7896717943440415e+18
1789673178577109031,10.016,44.265,160.225,73.79012399993358,16.1175,55.850995046912196,12.375802479998672,1.7896760108579533e+18,1.7896717853643827e+18
1789673178977929213,9.912,46.2825,488.95,73.78702772043998,16.6425,55.826763877297836,12.3757405544088,1.7896760357728645e+18,1.7896717762205983e+18
1789673179245103485,9.952,45.8675,1492.15,73.78294580400872,16.6425,55.799545043748495,12.375658916080175,1.7896760611069036e+18,1.7896717669099443e+18
1789673179712825463,9.908,47.05,1276.875,73.77607446225846,17.1325,55.76657026940747,12.37552148924517,1.7896760868695227e+18,1.7896717574287053e+18
1789673180113726981,9.936,46.6325,619.9,73.76907995386297,17.587500000000002,55.73345163640024,12.37538159907726,1.7896761130745953e+18,1.7896717477715853e+18
1789673180380125605,9.952,45.3325,253.375,73.76544118833318,18.025000000000002,55.71336029391484,12.375308823766664,1.7896761397258993e+18,1.7896717379362212e+18
1789673180647272443,9.892,47.2175,773.225,73.75846586063463,18.48,55.68287258056145,12.375169317212693,1.7896761668402957e+18,1.789671727916265e+18
1789673181048125801,10.076,42.9675,721.275,73.75721723900187,18.48,55.66686479555201,12.375144344780038,1.789676194449738e+18,1.7896717177003077e+18
1789673181315411343,10.036,44.25,562.75,73.75219730986612,18.935000000000002,55.64340948637488,12.375043946197323,1.7896762225478482e+18,1.7896717072891384e+18
1789673181716251916,10.056,43.4325,78.975,73.74955949295997,19.2675,55.6260458423915,12.3749911898592,1.7896762511475213e+18,1.789671696678529e+18
1789673181983328993,10.124,42.0675,241.0,73.74597943433194,19.6175,55.610192948707315,12.37491958868664,1.7896762802648796e+18,1.7896716858622026e+18
1789673182250173005,10.188,41.6475,735.45,73.74272740600433,19.8625,55.58853552938956,12.374854548120087,1.7896763099094287e+18,1.7896716748359421e+18
1789673182650885591,10.164,40.1175,606.0,73.73984467076768,20.16,55.584231549440645,12.374796893415354,1.7896763401114596e+18,1.789671663588868e+18
1789673182918069158,10.244,39.35,210.95,73.73673014899013,20.37,55.57451148505299,12.374734602979803,1.7896763708699023e+18,1.7896716521200676e+18
1789673183318993275,10.316,38.4825,643.75,73.73345549629775,20.615,55.56164579461037,12.374669109925955,1.7896764022197937e+18,1.7896716404169843e+18
1789673183586227030,10.272,38.6825,326.15,73.73085002082975,20.877499999999998,55.55378979479256,12.374617000416595,1.7896764341655242e+18,1.7896716284769178e+18
1789673183986952797,10.376,36.3325,995.325,73.72851589061548,21.105,55.55002082705925,12.37457031781231,1.789676466746414e+18,1.7896716162856916e+18
1789673184253897991,10.384,35.4975,1399.075,73.72529263357723,21.28,55.550767328442255,12.374505852671545,1.7896764999787515e+18,1.7896716038359304e+18
1789673184654817537,10.344,37.25,992.825,73.72266037116235,21.2625,55.54428191291653,12.374453207423247,1.7896765338831534e+18,1.7896715911195535e+18
1789673184921883077,10.376,36.35,1391.45,73.71917795536955,21.455,55.53986682092496,12.374383559107391,1.7896765684599186e+18,1.789671578134952e+18
1789673185322745925,10.468,35.1675,969.55,73.71661085644776,21.7,55.532758230287,12.374332217128956,1.789676603765791e+18,1.7896715648620147e+18
1789673185590031190,10.44,35.4475,1320.425,73.71371117495062,22.084999999999997,55.52703362519329,12.374274223499013,1.7896766398124902e+18,1.7896715512952763e+18
1789673185990768527,10.516,33.38,752.8,73.71103871534679,22.2775,55.52623439921905,12.374220774306936,1.7896766766243302e+18,1.789671537425116e+18
1789673186257592997,10.54,33.7825,658.95,73.7082021383065,22.522499999999997,55.51991166109183,12.37416404276613,1.7896767142229105e+18,1.789671523243048e+18
1789673186524743672,10.572,32.465,372.55,73.70456845287573,22.7675,55.51803017930954,12.374091369057515,1.7896767526265405e+18,1.7896715087411315e+18
1789673186925575333,10.7,29.315,1136.925,73.69894971210539,23.135,55.51984777398508,12.373978994242108,1.789676791870481e+18,1.7896714939063037e+18
1789673187393239459,10.62,31.8825,192.8,73.69530536202866,23.24,55.51622888951952,12.373906107240574,1.7896768319928274e+18,1.7896714787243812e+18
1789673187860866085,10.644,31.5,588.375,73.69004274947972,23.397499999999997,55.511515133646654,12.373800854989595,1.7896768730207992e+18,1.7896714631844065e+18
1789673188127776293,10.744,28.715,157.175,73.68291327485065,23.3625,55.5113549977145,12.373658265497014,1.7896769149549673e+18,1.7896714472841487e+18
1789673188528727291,10.7,29.75,479.65,73.67718504524099,23.38,55.510660144809975,12.37354370090482,1.7896769578500744e+18,1.789671431003329e+18
1789673188795986887,10.684,29.5325,1463.775,73.67029943018694,23.4675,55.51213527192602,12.37340598860374,1.7896770017193073e+18,1.7896714143353843e+18
1789673189063160735,10.636,30.7975,1190.275,73.66357977792592,23.485,55.511596332432894,12.373271595558519,1.7896770466096896e+18,1.7896713972623839e+18
1789673189463922443,10.748,28.4975,355.625,73.65643306898927,23.5725,55.51208319212662,12.373128661379786,1.7896770925675525e+18,1.789671379766478e+18
1789673189664298455,10.692,30.13,1085.275,73.64970908781254,23.625,55.50955276632277,12.372994181756251,1.789677139607453e+18,1.7896713618405158e+18
1789673189931577809,10.752,29.4475,35.175,73.64568542691207,23.6425,55.50620350007309,12.372913708538242,1.7896771877998326e+18,1.789671343458336e+18
1789673190331801614,10.776,27.45,107.325,73.63720339939474,23.7825,55.508561769502805,12.372744067987895,1.7896772371831496e+18,1.7896713246042317e+18
1789673190598980578,10.816,26.7825,327.525,73.62820581151297,23.905,55.5101562153058,12.37256411623026,1.7896772877938058e+18,1.7896713052632028e+18
1789673190799443256,10.676,30.235,999.525,73.62133806137265,24.115,55.50849361946522,12.372426761227453,1.7896773396656952e+18,1.7896712854212083e+18
1789673191200381037,10.792,28.1475,1411.9,73.61331589082454,24.01,55.506097489355525,12.372266317816491,1.789677392875143e+18,1.789671265049373e+18
1789673191467686533,12.08,1.4975,1031.975,73.57006753886041,24.150000000000002,55.483717652829576,12.371401350777209,1.7896774473796462e+18,1.7896712441569836e+18
1789673191868580304,12.12,1.5675,1510.925,73.53566693343464,23.9925,55.46594990006799,12.370713338668693,1.789677503249603e+18,1.7896712227180012e+18
1789673192269057364,12.144,1.5325,1334.175,73.50350263541401,23.8175,55.44933934234679,12.37007005270828,1.7896775605463926e+18,1.7896712007087217e+18
1789673192736740781,12.156,1.4475,794.775,73.47374511156994,23.537499999999998,55.43392973674701,12.3694749022314,1.7896776193635768e+18,1.789671178093782e+18
1789673193004018771,12.164,1.5325,787.05,73.44521965542876,23.310000000000002,55.419186408855595,12.368904393108576,1.7896776797445765e+18,1.789671154854914e+18
1789673193271210459,12.176,1.65,763.475,73.42002957097095,22.977500000000003,55.40619342629213,12.36840059141942,1.7896777417635945e+18,1.7896711309632108e+18
1789673193672126784,12.184,1.5825,691.525,73.39485724284786,22.837500000000002,55.39318977179701,12.367897144856958,1.7896778055011448e+18,1.7896711063863616e+18
1789673193939363840,12.196,1.5325,471.95,73.37127279127937,22.522499999999997,55.380994509510884,12.367425455825588,1.7896778710452695e+18,1.7896710810899407e+18
1789673194406384927,12.204,1.5175,1440.275,73.34976707149146,22.365,55.36986798612362,12.36699534142983,1.7896779384733018e+18,1.7896710550435635e+18
1789673194807303293,12.212,1.5475,1118.55,73.32876125649629,22.084999999999997,55.35901227228835,12.366575225129926,1.789678007866966e+18,1.789671028215478e+18
1789673195074314885,12.212,1.5825,136.725,73.30792018319609,21.7175,55.348255417000885,12.366158403663922,1.7896780793039199e+18,1.7896710005734154e+18
1789673195475216001,12.22,1.5675,417.25,73.28910234625852,21.28,55.338552091214936,12.36578204692517,1.7896781528979628e+18,1.789670972073074e+18
1789673195675583464,12.228,1.5975,1273.325,73.27282519326097,20.9825,55.33014056665881,12.36545650386522,1.7896782287649966e+18,1.7896709426690166e+18
1789673195942696052,12.228,1.5475,609.075,73.2555865039183,20.9825,55.32123176940959,12.365111730078366,1.789678306982593e+18,1.7896709123291507e+18
1789673196343152164,12.236,1.5475,220.325,73.23877070361888,20.685000000000002,55.312552404731626,12.364775414072378,1.789678387713077e+18,1.7896708809910292e+18
1789673196610417551,12.248,1.5475,672.375,73.22487940780941,20.3175,55.305384017359565,12.364497588156189,1.789678471008468e+18,1.7896708486331986e+18
1789673196810801930,12.24,1.4975,413.525,73.20855044929048,20.002499999999998,55.29694409474957,12.36417100898581,1.7896785569818862e+18,1.7896708152099732e+18
1789673197211701881,12.244,1.5175,1261.975,73.19238217045516,19.599999999999998,55.28858045490718,12.363847643409104,1.7896786458291786e+18,1.7896707806459246e+18
1789673197412144697,12.256,1.5175,574.425,73.17588466522027,19.285,55.280139146996966,12.363517693304406,1.78967873766714e+18,1.789670744893359e+18
1789673197679423264,12.252,1.5325,114.6,73.161392541925,19.285,55.272674801655725,12.3632278508385,1.7896788326241628e+18,1.7896707079004795e+18
1789673198080022049,12.252,1.5175,349.725,73.14530305849746,18.900000000000002,55.264408097422844,12.36290606116995,1.789678930918332e+18,1.7896706695824422e+18
1789673198346919070,12.264,1.4825,1067.275,73.13179569984918,18.445,55.25747113121727,12.362635913996984,1.7896790326965827e+18,1.7896706298799199e+18
1789673198547101666,12.268,1.4825,1618.65,73.11945011732232,18.13,55.251124735836186,12.362389002346447,1.7896791382029432e+18,1.7896705886971172e+18
1789673198947940571,12.264,1.5175,24.525,73.1055964609001,17.7975,55.244016419543186,12.362111929218003,1.7896792476711434e+18,1.7896705459417692e+18
1789673199348745579,12.268,1.5475,74.825,73.09312414671457,17.7975,55.237597495291595,12.361862482934292,1.7896793612662405e+18,1.7896705015470543e+18
1789673199749462770,12.272,1.4975,228.325,73.0793929148871,17.5,55.230553092236335,12.361587858297742,1.7896794792689165e+18,1.789670455403001e+18
1789673200016496201,12.272,1.5175,696.775,73.06811725911126,17.22,55.224733706657865,12.361362345182226,1.7896796019031206e+18,1.7896704074196557e+18
1789673200216613350,12.276,1.5175,487.975,73.05592216544302,17.22,55.21846679915106,12.361118443308861,1.789679729495234e+18,1.789670357468202e+18
1789673200617141980,12.276,1.5325,1489.175,73.04645426289856,16.9575,55.21360602504035,12.360929085257972,1.789679862407709e+18,1.789670305406996e+18
1789673201017929196,12.28,1.4975,1267.8,73.03534458723834,16.747500000000002,55.20795592688345,12.360706891744767,1.789680000906604e+18,1.7896702511282865e+18
1789673201218274094,12.284,1.5675,592.2,73.02553698611155,16.5725,55.2030007700055,12.360510739722232,1.789680145410774e+18,1.7896701944673572e+18
1789673201418609328,12.284,1.4825,168.85,73.01651484400242,16.5725,55.19844776261517,12.360330296880049,1.7896802963219354e+18,1.7896701352644954e+18
1789673201619022109,12.02,6.4,515.275,73.00764619446073,16.3625,55.193799762451306,12.360152923889215,1.789680454045496e+18,1.7896700733576236e+18
1789673201886252989,10.008,46.485,1572.475,72.9864810775739,16.1875,55.14982599186602,12.359729621551478,1.789680619046978e+18,1.789670008560287e+18
1789673202286639990,10.064,44.4825,1522.0,72.96961446842748,16.1875,55.11804796947453,12.35939228936855,1.7896807918341514e+18,1.7896699406712737e+18
1789673202553920108,9.912,46.2475,1367.975,72.9543183185612,16.3625,55.094838797661524,12.359086366371224,1.7896809729726118e+18,1.789669869465972e+18
1789673202954794931,9.904,46.7675,897.925,72.93739321510388,16.712500000000002,55.06769825274981,12.358747864302078,1.789681163091995e+18,1.789669794694519e+18
1789673203222068565,9.072,45.4825,1101.825,72.96213204986994,17.185000000000002,55.19627985725357,12.3592426409974,1.7896813628286026e+18,1.7896697161088102e+18
1789673203489259821,9.868,46.985,85.7,72.9472807011337,17.185000000000002,55.17329030203014,12.358945614022675,1.7896815729866115e+18,1.7896696333854031e+18
1789673203890189081,9.88,46.615,261.525,72.930989936793,17.675,55.15123048453201,12.35861979873586,1.7896817945343862e+18,1.7896695461424996e+18
1789673204357296485,9.904,47.415,798.1,72.91290667001816,17.9375,55.11787021720207,12.358258133400364,1.7896820279273925e+18,1.7896694541987884e+18
1789673204624473505,9.884,47.6825,797.2,72.8944561159757,18.2175,55.08536347029929,12.357889122319515,1.7896822715986432e+18,1.789669358175959e+18
1789673205025291973,9.96,45.7825,794.45,72.87789732582047,18.76,55.0592464657545,12.35755794651641,1.7896825268912975e+18,1.7896692575434145e+18
1789673205292480235,9.92,45.4325,786.05,72.86476210650859,19.162499999999998,55.04363642444572,12.357295242130172,1.7896827943920968e+18,1.789669152070363e+18
1789673205693275090,9.832,47.9,760.425,72.84948586936525,19.477500000000003,55.01944269160402,12.356989717387306,1.7896830719639178e+18,1.789669042604938e+18
1789673205960287606,10.028,44.0025,682.225,72.83683854020077,19.477500000000003,55.000720014007385,12.356736770804016,1.789683363313321e+18,1.7896689276759757e+18
1789673206360651812,10.096,42.665,443.575,72.8227348204606,19.845,54.98254298225937,12.356454696409212,1.7896836658287437e+18,1.7896688083242706e+18
1789673206627905100,10.152,41.4,1353.675,72.80963988504466,20.1775,54.96705482006124,12.356192797700894,1.7896839817206753e+18,1.7896686836686444e+18
1789673206895101184,10.204,39.8825,854.275,72.79733852632306,20.3875,54.956169440467676,12.355946770526462,1.7896843139431224e+18,1.7896685525378296e+18
1789673207095511470,10.016,44.7,968.625,72.78314782448358,20.772499999999997,54.93344395017258,12.355662956489672,1.7896846633056532e+18,1.7896684146102953e+18
1789673207496443724,10.08,43.1,1317.6,72.77197809055166,20.9825,54.91604969250355,12.355439561811034,1.789685031107045e+18,1.7896682693712727e+18
1789673207696796214,10.132,42.5675,744.175,72.7577321199055,21.349999999999998,54.894596954484115,12.35515464239811,1.7896854147649188e+18,1.7896681178455468e+18
1789673207964003150,10.176,41.385,632.625,72.74597412229794,21.560000000000002,54.87747601882442,12.35491948244596,1.789685817801323e+18,1.7896679586355694e+18
1789673208364392413,10.3,38.8675,292.2,72.73608388430509,22.189999999999998,54.863713799141365,12.354721677686102,1.789686238829756e+18,1.7896677922965028e+18
1789673208631447861,10.284,39.415,891.7,72.72539698652007,22.33,54.847879943146054,12.354507939730402,1.7896866798891446e+18,1.7896676180216916e+18
1789673209032342256,10.252,39.015,1082.85,72.71467292264892,22.5575,54.83838635957218,12.354293458452979,1.7896871439597386e+18,1.7896674346279404e+18
1789673209232805860,10.336,37.8975,27.775,72.70537138106805,22.75,54.827239555788985,12.354107427621361,1.789687632522645e+18,1.7896672415217935e+18
1789673209500087598,10.348,37.75,84.75,72.69588467462373,22.872500000000002,54.815633646611374,12.353917693492475,1.7896881491536484e+18,1.789667037287665e+18
1789673209901080980,10.408,37.215,258.625,72.68485847764151,22.995,54.80017013308907,12.35369716955283,1.7896886963173243e+18,1.789666820949382e+18
1789673210167904492,10.388,36.9675,789.25,72.67318180556907,23.1525,54.78806980767229,12.353463636111382,1.7896892769651604e+18,1.7896665913381184e+18
1789673210568559825,10.444,35.65,770.175,72.66924968371748,23.2575,54.781718659263774,12.35338499367435,1.789689893956494e+18,1.789666347326158e+18
1789673210835841002,10.484,34.8,711.975,72.66490136661731,23.397499999999997,54.77590010088265,12.353298027332347,1.7896905507362534e+18,1.7896660875477135e+18
1789673211236686141,10.48,35.0975,534.375,72.6589339660573,23.66,54.768077550797535,12.353178679321147,1.789691241236949e+18,1.7896658144138176e+18
1789673211503871441,10.536,34.5475,1630.775,72.65231782868601,24.01,54.75751633685025,12.35304635657372,1.78969196752798e+18,1.789665527107e+18
1789673211904806704,10.564,33.55,61.525,72.64572519782674,24.22,54.749728640841944,12.352914503956535,1.7896927487309806e+18,1.7896652180340652e+18
1789673212172062984,10.592,32.4,187.75,72.63921192517148,24.412499999999998,54.74531619280162,12.35278423850343,1.7896935940902912e+18,1.789664883530853e+18
1789673212572336570,10.648,31.585,572.95,72.6347644521601,24.5525,54.74098672331755,12.352695289043202,1.7896945116151196e+18,1.789664520420934e+18
1789673212839500277,10.644,31.115,110.1,72.62620958555635,24.675,54.73718801493024,12.352524191711128,1.7896955108924163e+18,1.789664124901576e+18
1789673213039900915,10.616,31.7325,335.975,72.61761839997004,24.92,54.73286941427082,12.352352367999401,1.7896966030207926e+18,1.789663692571341e+18
1789673213440712178,10.584,32.1,1025.3,72.6087713668412,24.885,54.72944002341658,12.352175427336824,1.7896978025302674e+18,1.7896632176750725e+18
1789673213707967159,10.556,31.2975,1490.55,72.59808363577046,24.849999999999998,54.73118168806335,12.35196167271541,1.789699125337035e+18,1.7896626938982147e+18
1789673213908430569,10.66,29.9475,1271.975,72.58698038847564,24.78,54.72989767531417,12.351739607769513,1.7897005919676275e+18,1.789662113105883e+18
1789673214308740560,10.624,31.3475,604.95,72.57725414740558,24.709999999999997,54.72605891675597,12.351545082948112,1.7897022271379704e+18,1.7896614654989704e+18
1789673214575915014,10.608,31.635,207.75,72.56825128028267,24.6925,54.72260275764445,12.351365025605654,1.7897040623744128e+18,1.7896607385833403e+18
1789673214976773274,10.588,32.085,634.0,72.55891156089208,24.57,54.718576276943736,12.351178231217842,1.7897061360202668e+18,1.7896599171557699e+18
1789673215511303862,10.572,32.2975,296.4,72.55122981855243,24.535,54.71574671210001,12.35102459637105,1.7897084988989763e+18,1.7896589810755325e+18
1789673215711768699,10.588,32.6825,904.525,72.54247978379772,24.5525,54.70915650747597,12.350849595675955,1.7897112140772288e+18,1.7896579053329567e+18
1789673216112386648,10.568,32.5,1121.975,72.53259085232278,24.43,54.70462221174724,12.350651817046456,1.7897143685360591e+18,1.7896566554530652e+18
1789673216312644521,10.568,32.085,147.175,72.5222220841247,24.395,54.70176434981207,12.350444441682495,1.7897180758859323e+18,1.789655186389334e+18
1789673216579924499,10.58,31.715,449.125,72.51161513034896,24.325,54.69943172885633,12.35023230260698,1.7897224969984282e+18,1.7896534343700877e+18
1789673216980795808,10.52,33.95,1370.6,72.50468260605379,24.1675,54.69354748403826,12.350093652121076,1.7897278628281897e+18,1.7896513078530383e+18
1789673217181250511,10.58,32.2975,905.925,72.49777831791596,24.115,54.690376485059964,12.34995556635832,1.7897345097578394e+18,1.789648673483743e+18
1789673217381727656,10.528,33.3325,1126.25,72.48850107364912,24.185000000000002,54.685626172161335,12.349770021472983,1.789742955879186e+18,1.7896453258714688e+18
1789673217648992365,10.548,32.6825,160.225,72.479573667872,24.1325,54.68237019552306,12.34959147335744,1.7897540552137923e+18,1.7896409264770634e+18
1789673218049752356,10.584,32.7675,488.95,72.46939899210626,24.255,54.67496718248747,12.349387979842126,1.7897692855123525e+18,1.7896348894793219e+18
1789673218450279235,10.572,32.8175,1492.15,72.45829129027744,24.36,54.667890514717776,12.34916582580555,1.7897914824710351e+18,1.7896260907577329e+18
1789673218851120096,10.62,32.55,1276.875,72.44823869795711,24.5175,54.658541074144765,12.348964773959143,1.789826826044813e+18,1.7896120804336187e+18
1789673219051532139,10.584,32.6475,619.9,72.43829626147428,24.587500000000002,54.65187035316534,12.348765925229486,1.7898919578583037e+18,1.7895862614428278e+18
1789673219318810031,10.62,31.8675,253.375,72.42842796599058,24.7625,54.64583778423114,12.348568559319812,1.790052289255689e+18,1.7895227033845458e+18
1789673219719744506,11.856,4.5,773.225,72.37095566256188,24.849999999999998,54.618271126628706,12.347419113251238,1.7910785498247593e+18,1.7891158709797583e+18
1789673220187056004,12.144,1.5975,78.975,72.33413468359888,24.0625,54.59941814526662,12.346682693671978,1.7888463824070874e+18,1.7900007542232776e+18
1789673220587838866,12.16,1.5175,241.0,72.30038649273469,22.959999999999997,54.58212458127123,12.346007729854694,1.7893531503514145e+18,1.7897998606203576e+18
1789673220988697775,12.172,1.5825,735.45,72.26920154707982,22.33,54.56619335277985,12.345384030941597,1.7894744578243013e+18,1.789751772384238e+18
1789673221255939713,12.176,1.5825,606.0,72.23924979221897,21.63,54.550890106736226,12.34478499584438,1.789528970257195e+18,1.7897301632228152e+18
1789673221456316795,12.192,1.5325,210.95,72.21197411617739,20.7375,54.53692238811251,12.344239482323548,1.7895599415417318e+18,1.789717886303421e+18
1789673221656782594,12.196,1.5175,643.75,72.18565244562578,20.334999999999997,54.523452166383585,12.343713048912516,1.789579904018102e+18,1.7897099735188055e+18
1789673222057523492,12.204,1.615,326.15,72.16174174317044,19.985,54.51129371500406,12.34323483486341,1.78959381597442e+18,1.7897044592780936e+18
1789673222524853050,12.216,1.5175,995.325,72.13976055876596,19.5825,54.50010391792745,12.34279521117532,1.7896040730553395e+18,1.7897003938852308e+18
1789673222925774168,12.216,1.4975,1399.075,72.11746237149387,18.9525,54.488739411672874,12.342349247429878,1.7896119477442798e+18,1.789697272912775e+18
1789673223193010080,12.228,1.5475,1391.45,72.09853802850466,17.5525,54.47912878924711,12.341970760570094,1.7896181970640148e+18,1.7896947962665876e+18
1789673223593915730,12.232,1.615,969.55,72.08272471739132,17.5525,54.47115986205214,12.341654494347827,1.7896232777695196e+18,1.7896927828692493e+18
1789673223861200792,12.24,1.5675,752.8,72.06596546742591,16.2225,54.46267301132147,12.341319309348519,1.789627488130922e+18,1.7896911144900628e+18
1789673224194886240,12.088,4.7975,658.95,72.05398439677379,16.2225,54.45659361512361,12.341079687935476,1.7896310253032538e+18,1.7896897129640663e+18
1789673224395342295,10.136,44.0175,372.55,72.03431685737661,15.6275,54.42439993609567,12.340686337147533,1.7896340391473006e+18,1.789688518892031e+18
1789673224662407248,10.192,42.765,1136.925,72.01685634757337,15.575000000000001,54.39558099940761,12.340337126951468,1.7896366376849395e+18,1.7896874894540933e+18
1789673224862869366,10.148,43.4325,192.8,71.99970394705115,15.575000000000001,54.367615713872944,12.339994078941023,1.7896389010045448e+18,1.7896865929032133e+18
1789673225263756260,10.084,44.13,588.375,71.98081579456453,15.75,54.34170403538863,12.339616315891291,1.7896408903844332e+18,1.789685804948086e+18
1789673225664678219,10.088,43.9825,157.175,71.96330227704361,15.959999999999999,54.31713980081762,12.339266045540873,1.7896426535972196e+18,1.7896851066459272e+18
1789673225865116055,10.052,44.3675,479.65,71.94602304065752,16.38,54.29441671586312,12.338920460813151,1.789644227195302e+18,1.7896844835065405e+18
1789673226132071410,9.98,45.6,1463.775,71.92698090970218,16.38,54.27115331917022,12.338539618194044,1.7896456403170568e+18,1.7896839239844744e+18
1789673226532597265,9.936,46.8825,1190.275,71.90350715904906,16.939999999999998,54.24236383727082,12.338070143180982,1.789646916328815e+18,1.789683418816634e+18
1789673226799877417,9.968,46.2175,355.625,71.88053264599608,17.4825,54.214763414888715,12.337610652919922,1.789648074738335e+18,1.7896829602703936e+18
1789673227000288083,9.916,47.5975,1085.275,71.85529816949997,17.9725,54.182990588741994,12.33710596339,1.7896491328258872e+18,1.78968254149633e+18
1789673227401219496,9.98,46.3325,35.175,71.83267816015267,18.4275,54.15381148712762,12.336653563203054,1.7896501023365873e+18,1.7896821578399836e+18
1789673227802101860,10.028,45.3175,107.325,71.81060302141508,18.4275,54.126285201476335,12.336212060428302,1.7896509945098918e+18,1.7896818048426473e+18
1789673228002474591,9.996,45.185,327.525,71.79305382289101,18.9175,54.105650805629544,12.335861076457821,1.7896518184130263e+18,1.78968147890582e+18
1789673228269363423,10.052,44.05,999.525,71.77319889625878,19.25,54.08489287293415,12.335463977925176,1.7896525811971302e+18,1.789681177198819e+18
1789673228670094115,10.168,41.765,1411.9,71.75602471894632,19.6175,54.06693805301486,12.335120494378927,1.7896532898310272e+18,1.7896808969554243e+18
1789673229070760733,10.164,42.1325,1031.975,71.73846299916117,19.88,54.04716359057996,12.334769259983224,1.7896539476183736e+18,1.7896806368653417e+18
1789673229271141710,10.144,41.9325,1510.925,71.72044985158824,20.1775,54.03044526499127,12.334408997031765,1.7896545599615767e+18,1.7896803947870374e+18
1789673229538192975,10.224,39.8825,1334.175,71.70359677489174,20.3875,54.017770892763984,12.334071935497835,1.7896551317725975e+18,1.7896801687751951e+18
1789673229938928158,10.3,39.2325,794.775,71.68763658575816,20.650000000000002,54.00177633135406,12.333752731715164,1.7896556680561613e+18,1.7896799568473385e+18
1789673230205715886,10.452,34.95,787.05,71.67308109033426,20.877499999999998,53.99405351846793,12.333461621806686,1.7896561707746258e+18,1.7896797582207992e+18
1789673230405845501,10.22,39.85,763.475,71.65964630066311,21.122500000000002,53.98371962157937,12.333192926013263,1.7896566429036995e+18,1.7896795717171917e+18
1789673230806698834,10.236,39.5,691.525,71.64378318092072,21.245,53.97253078831653,12.332875663618415,1.7896570870153987e+18,1.7896793963199258e+18
1789673231207561091,10.116,42.6825,471.95,71.62827862644282,21.28,53.95600552648405,12.332565572528857,1.7896575053747848e+18,1.7896792311333169e+18
1789673231608365463,10.116,42.385,1440.275,71.6113020172428,21.4375,53.9405073841906,12.332226040344857,1.789657900248721e+18,1.7896790752570025e+18
1789673232009199525,10.416,36.235,1118.55,71.59748164430998,21.752499999999998,53.93036182152846,12.3319496328862,1.7896582746324398e+18,1.789678927502632e+18
1789673232209296853,10.284,39.115,136.725,71.58054330025337,22.0325,53.916301945909034,12.331610866005068,1.7896586299360594e+18,1.7896787873113175e+18
1789673232476317171,10.288,39.7475,417.25,71.56356522723274,22.295,53.898632577137235,12.331271304544655,1.7896589677843366e+18,1.789678654037098e+18
1789673232877057974,10.312,38.8325,1273.325,71.54897767766329,22.522499999999997,53.88472595992575,12.330979553553266,1.7896592893729423e+18,1.7896785272060795e+18
1789673233277941358,10.348,37.7,609.075,71.53417627306692,22.8025,53.87313618231538,12.330683525461339,1.7896595957177902e+18,1.7896784064171095e+18
1789673233545222705,10.376,37.635,220.325,71.52077047801012,23.17,53.860134084004635,12.330415409560203,1.7896598873895283e+18,1.7896782914474204e+18
1789673233745700626,10.44,35.5175,672.375,71.50678247218866,23.3275,53.851324380988935,12.330135649443774,1.7896601659973786e+18,1.7896781816532882e+18
1789673234146274092,10.408,36.9175,413.525,71.49310626531643,23.4675,53.838924308682486,12.32986212530633,1.7896604322701494e+18,1.7896780767483392e+18
1789673234547051322,10.428,35.865,1261.975,71.47859961157995,23.485,53.82930472819943,12.3295719922316,1.789660687164323e+18,1.7896779763519875e+18
1789673234814285465,10.48,35.0475,574.425,71.46471586486366,23.537499999999998,53.8194230712044,12.329294317297274,1.7896609313385636e+18,1.7896778802037427e+18
1789673235014721459,10.428,35.4675,114.6,71.44979587197076,23.6425,53.811367190681395,12.328995917439416,1.7896611654795016e+18,1.7896777880304722e+18
1789673235215072560,10.528,33.7325,349.725,71.43221394490772,23.6425,53.801536040855986,12.328644278898155,1.7896613893716127e+18,1.7896776999193912e+18
1789673235615551670,10.496,34.3,1067.275,71.41751506561896,23.747500000000002,53.79321662333532,12.32835030131238,1.7896616040255524e+18,1.7896776154678984e+18
1789673236015833204,10.488,34.8,1618.65,71.40181023548483,23.834999999999997,53.782898446165134,12.328036204709697,1.7896618104535767e+18,1.789677534276153e+18
1789673236283664698,10.5,34.1325,24.525,71.38591606879457,24.045,53.77437946871144,12.327718321375892,1.7896620090456282e+18,1.7896774561903122e+18
1789673236482980506,10.568,32.565,74.825,71.36891240939292,24.150000000000002,53.766510558141356,12.327378248187859,1.789662200165254e+18,1.7896773810669327e+18
1789673236883265872,10.524,33.2675,228.325,71.35417917104724,24.272499999999997,53.760195957690556,12.327083583420945,1.7896623842767534e+18,1.7896773087201577e+18
1789673237283483191,10.588,33.2675,696.775,71.34122975113283,24.43,53.7500981581609,12.326824595022657,1.7896625611899046e+18,1.7896772392238932e+18
1789673237683722228,10.608,31.53,487.975,71.32203207701265,24.4825,53.74213853288695,12.326440641540254,1.789662731173706e+18,1.7896771724753341e+18
1789673238083945154,10.62,31.8475,1489.175,71.30508358990174,24.587500000000002,53.73329167335623,12.326101671798035,1.789662894752506e+18,1.7896771082649085e+18
1789673238417499061,10.58,32.48,1267.8,71.28941984834273,24.675,53.72548054748832,12.325788396966855,1.7896630522318497e+18,1.7896770464718272e+18
1789673238617617973,10.824,27.885,592.2,71.27086248858222,24.709999999999997,53.716362099303694,12.325417249771645,1.7896632039626982e+18,1.789676986957549e+18
1789673238817784983,12.076,1.4975,168.85,71.20814976159923,24.587500000000002,53.684447166757074,12.324162995231985,1.789663349943056e+18,1.789676929735989e+18
1789673239017954376,12.108,1.5475,515.275,71.15553287825537,24.22,53.65770714145915,12.323110657565108,1.7896634905577393e+18,1.7896768746511772e+18
1789673239218319643,12.132,1.4825,1572.475,71.10919494469215,24.08,53.634141577042705,12.322183898893844,1.789663626053143e+18,1.7896768216038228e+18
1789673239619056302,12.152,1.4825,1522.0,71.06573612815977,23.8175,53.61207788768656,12.321314722563196,1.7896637568114043e+18,1.7896767704419174e+18
1789673240019687090,12.168,1.4625,1367.975,71.02807299324681,23.6075,53.592963354873184,12.320561459864937,1.7896638831509256e+18,1.789676721035883e+18
1789673240353602513,12.172,1.5675,897.925,70.99124614430801,23.345,53.574337597233864,12.319824922886161,1.7896640052707476e+18,1.789676673306592e+18
1789673240553967544,12.18,1.5325,1101.825,70.95579107130126,23.064999999999998,53.55641644539003,12.319115821426026,1.7896641233569774e+18,1.7896766271800484e+18
1789673240754045089,12.192,1.5325,85.7,70.92661561885592,22.75,53.54166042536288,12.318532312377119,1.789664237612304e+18,1.78967658257386e+18
1789673240954124879,12.196,1.5325,261.525,70.89863245691397,22.3125,53.527526154541675,12.31797264913828,1.7896643482948685e+18,1.7896765393845202e+18
1789673241154956567,12.204,1.5975,798.1,70.87156285724363,21.84,53.513901468447926,12.317431257144873,1.7896644555388634e+18,1.789676497558141e+18
1789673241354783369,12.212,1.5475,797.2,70.84590525584494,21.4375,53.50098121673202,12.3169181051169,1.7896645592080177e+18,1.7896764571492984e+18
1789673241755641616,12.216,1.4825,794.45,70.82175556342969,20.9475,53.488825998549764,12.316435111268595,1.7896646594676564e+18,1.7896764180927183e+18
1789673242155330902,12.22,1.5325,786.05,70.79940497131332,20.9475,53.477564903005174,12.315988099426267,1.7896647565153505e+18,1.789676380308876e+18
1789673242555512886,12.232,1.5475,760.425,70.78077141251613,20.4575,53.46823633690261,12.315615428250323,1.7896648505582646e+18,1.7896763437143534e+18
1789673242889072596,12.232,1.4825,682.225,70.75823494996072,20.09,53.456964557559985,12.315164698999215,1.7896649416847048e+18,1.7896763082750822e+18
1789673243089303584,12.228,1.5975,443.575,70.74109416349746,19.705,53.448373139744994,12.31482188326995,1.7896650302454879e+18,1.7896762738512914e+18
1789673243289650163,12.232,1.5675,1353.675,70.72188390237606,19.285,53.43877796379821,12.314437678047522,1.78966511627725e+18,1.789676240429031e+18
1789673243490063001,12.236,1.5975,854.275,70.7056119302833,18.8125,53.43064673558898,12.314112238605667,1.7896651998786534e+18,1.789676207968444e+18
1789673243690354823,12.244,1.5325,968.625,70.68972559254377,18.8125,53.4227629556083,12.313794511850876,1.7896652811483292e+18,1.7896761764303862e+18
1789673243890575969,12.248,1.5175,1317.6,70.67597434250173,18.41,53.41592450254135,12.313519486850035,1.7896653602541402e+18,1.7896761457469005e+18
1789673244090725382,12.248,1.4625,744.175,70.66039891907961,18.025000000000002,53.408198995050256,12.313207978381593,1.789665437267547e+18,1.7896761158902303e+18
1789673244490938455,12.256,1.4825,632.625,70.64637187583436,17.709999999999997,53.401272253196915,12.312927437516688,1.789665511810776e+18,1.7896760870103107e+18
1789673244824695893,12.256,1.5475,292.2,70.63453028044087,17.709999999999997,53.39541124562177,12.312690605608818,1.7896655840702615e+18,1.789676059032939e+18
1789673245024901413,12.252,1.5325,891.7,70.62076948683752,17.412499999999998,53.388604742220735,12.312415389736751,1.7896656542203476e+18,1.7896760318888973e+18
1789673245225067396,12.26,1.5825,1082.85,70.61184732782884,17.1675,53.38423904744891,12.312236946556578,1.789665722513171e+18,1.7896760054780915e+18
1789673245425269819,11.916,8.8975,27.775,70.60870970929257,16.8875,53.38153056110703,12.312174194185852,1.789665789052098e+18,1.789675979758243e+18
1789673245625706418,10.012,46.7825,84.75,70.57809010009092,16.8875,53.34565420886732,12.311561802001819,1.7896658538120417e+18,1.789675954745224e+18
1789673245826061518,9.984,46.615,258.625,70.5510079699885,16.8875,53.31568771778559,12.31102015939977,1.7896659168498747e+18,1.789675930415881e+18
1789673246026205887,9.948,47.1475,789.25,70.52340950693318,17.22,53.286256664889386,12.310468190138664,1.7896659781699643e+18,1.7896759067691164e+18
1789673246226269969,9.92,47.83,770.175,70.4937000672431,17.377499999999998,53.2548144099125,12.309874001344863,1.7896660378550057e+18,1.7896758837720914e+18
1789673246426510014,9.964,45.7675,711.975,70.4684228788455,17.377499999999998,53.23307456195981,12.30936845757691,1.7896660960083139e+18,1.7896758613825377e+18
1789673246693560822,9.884,47.6475,534.375,70.44256930029177,17.745,53.20865531352933,12.308851386005836,1.7896661526417728e+18,1.7896758395961126e+18
1789673247027469288,9.972,46.2975,1630.775,70.411905459121,18.095,53.180736511909394,12.30823810918242,1.789666207778894e+18,1.7896758184048381e+18
1789673247427762734,9.892,47.1475,61.525,70.38726245989854,18.445,53.159202779863044,12.307745249197971,1.7896662614370514e+18,1.7896757978014129e+18
1789673247828610918,9.944,46.2475,187.75,70.36056721196474,18.900000000000002,53.136526887896835,12.307211344239295,1.7896663136354028e+18,1.7896757777786954e+18
1789673248028686903,10.02,46.015,572.95,70.33102262058425,19.0925,53.10633807845351,12.306620452411686,1.7896663644764326e+18,1.789675758295282e+18
1789673248228824267,10.112,43.285,110.1,70.30820559212792,19.5475,53.085461340783745,12.306164111842559,1.7896664140299292e+18,1.7896757393220157e+18
1789673248562364332,10.192,40.55,335.975,70.2862168970295,19.5475,53.07123414888132,12.30572433794059,1.7896664623054395e+18,1.7896757208556529e+18
1789673248962662581,10.916,25.615,1025.3,70.26164321051053,19.88,53.060570761758214,12.305232864210211,1.7896665092713953e+18,1.7896757029099917e+18
1789673249363446951,11.924,3.9325,1490.55,70.19745866887054,20.125,53.029165053328974,12.303949173377411,1.7896665547929224e+18,1.7896756855470848e+18
1789673249764119232,12.0,3.4175,1271.975,70.14234394259019,20.1075,53.00197368380548,12.302846878851804,1.789666598698553e+18,1.789675668832346e+18
1789673250164633391,10.984,25.865,604.95,70.12581632914647,19.95,52.99104063584739,12.30251632658293,1.7896666412161147e+18,1.7896756526673416e+18
1789673250364866475,10.696,31.53,207.75,70.1057579602029,19.9675,52.97695933782828,12.302115159204059,1.7896666824264397e+18,1.789675637019745e+18
1789673250565326685,10.604,33.5825,634.0,70.08733592078629,20.195,52.962214443729536,12.301746718415727,1.7896667223613368e+18,1.7896756218773043e+18
1789673250765795309,10.552,33.8325,296.4,70.06602124066761,20.4925,52.948682849807376,12.301320424813353,1.789666761044649e+18,1.789675607231239e+18
1789673250966127178,10.672,31.665,904.525,70.04525120358352,20.7025,52.935277700293305,12.300905024071671,1.789666798515344e+18,1.789675593066034e+18
1789673251166478664,10.664,31.7825,1121.975,70.02628776140057,20.9475,52.92287759947943,12.300525755228012,1.789666834825046e+18,1.7896755793609055e+18
1789673251500401440,10.696,30.8325,147.175,70.00405281124465,21.1925,52.9100856107152,12.300081056224894,1.7896668699858698e+18,1.7896755661122506e+18
1789673251900895540,10.696,31.15,449.125,69.97795843944377,21.349999999999998,52.897050466537145,12.299669376591657,1.7896669040110656e+18,1.7896755533158894e+18
1789673252301174107,10.752,30.3975,1370.6,69.95109514186436,21.4375,52.88330758987191,12.299266427127966,1.7896669369696845e+18,1.789675540944085e+18
1789673252701558593,10.748,29.23,905.925,69.92023545241686,21.665000000000003,52.872067703049375,12.298803531786254,1.7896669688591355e+18,1.7896755289989074e+18
1789673253101998125,10.716,30.3475,1126.25,69.89175635390879,21.735,52.860065773056256,12.298376345308633,1.7896669997349668e+18,1.789675517457715e+18
1789673253302138891,10.776,29.1325,160.225,69.85938564771087,21.8225,52.84688879246694,12.297890784715664,1.789667029593376e+18,1.789675506322644e+18
1789673253502289306,10.756,29.765,488.95,69.82878971039888,21.9275,52.83356593154881,12.297431845655984,1.7896670584710449e+18,1.7896754955788137e+18
1789673253702447198,10.78,28.0675,1492.15,69.79241864126678,22.0325,52.8218209127919,12.296886279619002,1.7896670863378225e+18,1.789675485240334e+18
1789673254035908559,10.788,28.8,1276.875,69.75928381777048,22.0675,52.808688855014466,12.296389257266558,1.7896671132630966e+18,1.7896754752780575e+18
1789673254436395998,11.344,17.25,619.9,69.71877888144824,22.2425,52.79478045156244,12.295781683221724,1.7896671392170437e+18,1.7896754657057044e+18
1789673254836647673,11.348,17.3475,253.375,69.6770777367723,22.365,52.7801151909095,12.295156166051585,1.789667164192378e+18,1.7896754565267448e+18
1789673255236916472,11.92,4.3675,773.225,69.59033706660327,22.3825,52.74798645786986,12.29385505599905,1.7896671880803302e+18,1.7896754477927951e+18
1789673255637481381,11.828,7.83,721.275,69.53632667231886,22.400000000000002,52.72821675645806,12.293044900084784,1.7896672110377042e+18,1.7896754394350866e+18
1789673255971399282,11.632,12.1475,562.75,69.49347816311409,22.3125,52.712486480028275,12.292402172446712,1.7896672330442353e+18,1.7896754314597468e+18
1789673256238264310,11.572,13.0325,78.975,69.44995574774799,22.3125,52.69684072803667,12.29174933621622,1.7896672541470339e+18,1.7896754238479852e+18
1789673256438726482,11.496,14.25,241.0,69.40270735517606,22.3125,52.68018158299082,12.291040610327642,1.7896672743414917e+18,1.7896754166021548e+18
1789673256638904556,11.516,14.75,735.45,69.36710047525992,22.3125,52.66668906247518,12.2905065071289,1.7896672937185807e+18,1.7896754096835528e+18
1789673256839328431,11.424,16.0825,606.0,69.3269192928647,22.3825,52.6520878808884,12.289903789392971,1.7896673122583951e+18,1.7896754031011628e+18
1789673257173019976,11.408,16.4175,210.95,69.28521415388794,22.26,52.63683938103834,12.28927821230832,1.7896673299347052e+18,1.7896753968665055e+18
1789673257573250743,11.984,4.4325,643.75,69.22418125308236,22.155,52.61404870146882,12.288362718796236,1.7896673466926382e+18,1.7896753910049516e+18
1789673257906944158,12.156,1.5675,326.15,69.16871029335528,21.9275,52.59299139422478,12.28753065440033,1.789667362573428e+18,1.7896753854990116e+18
1789673258107066791,12.168,1.4825,995.325,69.11911636484909,21.6825,52.574123586858946,12.286786745472737,1.789667377572964e+18,1.789675380349045e+18
1789673258307184689,12.188,1.5175,1399.075,69.07436794037956,21.227500000000003,52.55717409428508,12.286115519105694,1.7896673917321275e+18,1.7896753755377513e+18
1789673258507664970,12.152,2.265,992.825,69.0338206536689,20.965,52.54184985952167,12.285507309805034,1.7896674050610063e+18,1.7896753710603374e+18
1789673258707872469,11.512,15.365,1391.45,69.00680382736553,20.685000000000002,52.53070077679363,12.285102057410484,1.7896674175966863e+18,1.7896753668999974e+18
1789673258974792428,10.48,37.0825,969.55,68.97070198579847,20.5625,52.506399102481694,12.284560529786978,1.7896674293310172e+18,1.7896753630618002e+18
1789673259308713379,10.364,38.3675,1320.425,68.93409674569375,20.7375,52.4853297089411,12.284011451185407,1.7896674402691663e+18,1.7896753595440548e+18
1789673259709554700,10.424,35.9,752.8,68.89606365598027,20.825,52.469227787998065,12.283440954839705,1.789667450381101e+18,1.789675356359552e+18
1789673260110243861,10.38,37.4825,658.95,68.85595115071943,20.912499999999998,52.44931767720436,12.282839267260792,1.7896674596440184e+18,1.7896753535179686e+18
1789673260510748139,10.344,37.5,372.55,68.81638335600336,21.0,52.43225901609741,12.282245750340051,1.7896674679110856e+18,1.7896753510777994e+18
1789673260710891226,10.436,36.215,1136.925,68.77449566186414,21.035,52.412652079561255,12.281617434927963,1.7896674752494979e+18,1.7896753490118712e+18
1789673260911173469,10.412,36.9475,192.8,68.73487162648735,21.087500000000002,52.392745062071725,12.28102307439731,1.7896674816336996e+18,1.7896753473301348e+18
1789673261111374814,10.444,35.9325,588.375,68.6946408512298,21.28,52.37429388272127,12.280419612768448,1.7896674868023421e+18,1.7896753461372436e+18
1789673261445023360,10.404,35.4325,157.175,68.65290836230933,21.4725,52.359981078860784,12.27979362543464,1.7896674907894597e+18,1.7896753454204214e+18
1789673261845578677,10.5,34.9975,479.65,68.6113079120198,21.595,52.34058059486393,12.279169618680298,1.78966749359091e+18,1.789675345181813e+18
1789673262245912815,10.444,35.0325,1463.775,68.56757374627327,21.665000000000003,52.324077070725735,12.2785136061941,1.7896674951686067e+18,1.7896753454373947e+18
1789673262646174344,10.46,35.35,1190.275,68.52115222979758,21.7175,52.30429474690677,12.277817283446964,1.7896674955515986e+18,1.7896753461762227e+18
1789673263046725163,10.552,33.9,355.625,68.47774653522379,22.015,52.284721065663526,12.277166198028358,1.789667494720663e+18,1.78967534740589e+18
1789673263246815985,10.54,34.5475,1085.275,68.43316611691743,22.102500000000003,52.263133046998085,12.276497491753762,1.7896674926203602e+18,1.7896753491482452e+18
1789673263446934126,10.604,32.565,35.175,68.38807694228713,22.2425,52.24415435674601,12.275821154134308,1.789667489270919e+18,1.7896753513955697e+18
1789673263780859744,10.616,31.95,107.325,68.34310860957393,22.33,52.226500557569366,12.27514662914361,1.7896674846582223e+18,1.7896753541542126e+18
1789673264181241024,10.616,32.1825,327.525,68.29716832747776,22.4525,52.2076880494286,12.274457524912167,1.78966747877348e+18,1.789675357428461e+18
1789673264581551728,10.672,31.215,999.525,68.24802536918493,22.540000000000003,52.187341421855976,12.273720380537775,1.7896674715999954e+18,1.7896753612259205e+18
1789673264982371437,12.068,1.4475,1411.9,68.13737653586875,22.540000000000003,52.14489455027813,12.272060648038032,1.7896674628159163e+18,1.7896753656865774e+18
1789673265382874901,12.112,1.5175,1031.975,68.11248138753163,22.224999999999998,52.13335150623093,12.271687220812975,1.7896674527556288e+18,1.789675370661909e+18
1789673265583335996,12.132,1.5675,1510.925,68.1071826347814,21.962500000000002,52.126372054802054,12.271607739521722,1.789667441470474e+18,1.7896753761274936e+18
1789673265917334448,12.148,1.4975,1334.175,68.11013700726198,21.7175,52.12051297718714,12.27165205510893,1.789667428909398e+18,1.7896753821031677e+18
1789673266117485590,12.164,1.5325,794.775,68.12325326354183,21.227500000000003,52.115840620904414,12.271848798953128,1.7896674149417377e+18,1.7896753886391365e+18
1789673266317591852,12.176,1.4975,787.05,68.13853898534339,20.0725,52.10995620635365,12.272078084780151,1.7896673996570263e+18,1.7896753956995948e+18
1789673266517748650,12.184,1.4325,763.475,68.15056388557828,20.0725,52.10311363732224,12.272258458283675,1.7896673830628495e+18,1.789675403282434e+18
1789673266718142207,12.192,1.5475,691.525,68.16726121194097,19.477500000000003,52.09481587030144,12.272508918179115,1.7896673651447624e+18,1.7896754113929436e+18
1789673267118921596,12.2,1.5475,471.95,68.18411482222267,18.9875,52.08315836014103,12.27276172233334,1.7896673458643628e+18,1.7896754200475756e+18
1789673267453033296,12.204,1.5825,1440.275,68.19406339704706,18.27,52.06745355420676,12.272910950955707,1.7896673250558536e+18,1.7896754293140099e+18
1789673267653478874,12.208,1.5325,1118.55,68.19958705688308,17.605,52.04966897091814,12.272993805853247,1.7896673028618516e+18,1.7896754391358715e+18
1789673267853939882,12.212,1.4825,136.725,68.20438825801374,17.605,52.03279912927666,12.273065823870207,1.7896672790084014e+18,1.7896754496233428e+18
1789673268054181483,12.22,1.5325,417.25,68.21437392182175,16.905,52.01745271231995,12.273215608827327,1.7896672544407094e+18,1.7896754603974807e+18
1789673268254267314,12.232,1.4975,1273.325,68.22511010037877,16.1875,52.0004741187747,12.273376651505682,1.7896672293663135e+18,1.7896754713752832e+18
1789673268454730213,11.224,22.25,609.075,68.23679958860652,16.1875,51.980900013104275,12.273551993829098,1.7896672041531523e+18,1.7896754824093266e+18
1789673268654778367,10.132,44.265,220.325,68.22045128177912,15.504999999999999,51.94240742684633,12.273306769226688,1.7896671786245476e+18,1.789675493575652e+18
1789673268855145478,10.128,43.0825,672.375,68.20375573543944,15.557500000000001,51.905365809047886,12.273056336031592,1.7896671527702492e+18,1.789675504878497e+18
1789673269055524885,10.144,42.4675,413.525,68.18998071168359,15.557500000000001,51.87488514875332,12.272849710675255,1.7896671265739057e+18,1.7896755163239519e+18
1789673269456257473,10.084,43.315,1261.975,68.17411028604646,15.61,51.84610269774072,12.272611654290698,1.7896670999783017e+18,1.7896755279362245e+18
1789673269857171077,10.12,43.0175,574.425,68.15627784470624,15.7675,51.81321119684457,12.272344167670594,1.7896670729685105e+18,1.7896755397218726e+18
1789673270257510372,10.06,44.3975,114.6,68.13973666956375,15.942499999999999,51.78359595008565,12.272096050043457,1.7896670454371077e+18,1.7896755517238254e+18
1789673270657876468,10.044,44.4475,349.725,68.12361081266742,15.942499999999999,51.75717016992146,12.271854162190012,1.7896670174404052e+18,1.7896755639196273e+18
1789673271058650558,9.952,47.1825,1618.65,68.09883553702186,16.852500000000003,51.720434469076665,12.271482533055329,1.78966698891459e+18,1.7896755763367114e+18
1789673271259098895,9.956,46.465,24.525,68.07656538112823,17.412499999999998,51.68816002367515,12.271148480716924,1.7896669598647613e+18,1.789675588971944e+18
1789673271659793327,9.976,46.2975,228.325,68.04877810856722,17.8325,51.65066425614916,12.270731671628509,1.7896669302471076e+18,1.7896756018449162e+18
1789673271860202177,9.968,46.915,696.775,68.02389529568245,18.287499999999998,51.615838642672074,12.270358429435237,1.789666900083404e+18,1.7896756149457303e+18
1789673272193867491,10.056,44.685,487.975,68.00375114629378,18.724999999999998,51.58513416134859,12.270056267194407,1.7896668693774653e+18,1.7896756282726464e+18
1789673272594486282,10.1,43.765,1267.8,67.98553073369702,19.477500000000003,51.557420484853516,12.269782961005456,1.7896668381300198e+18,1.789675641825498e+18
1789673272794401164,11.004,23.4475,592.2,67.96416555663625,19.7575,51.54043430944478,12.269462483349544,1.7896668063994767e+18,1.7896756555808218e+18
1789673273128319733,11.912,3.7825,168.85,67.88488965082016,19.897499999999997,51.492622029607894,12.268273344762303,1.7896667739159316e+18,1.789675669659327e+18
1789673273395606335,12.0,3.53,515.275,67.83758083686158,19.897499999999997,51.45928782565996,12.267563712552924,1.7896667410975956e+18,1.7896756838866785e+18
1789673273596062864,11.94,4.7825,1572.475,67.79102217472679,19.6875,51.42392206978726,12.266865332620903,1.7896667077481644e+18,1.7896756983416054e+18
1789673273796517644,11.564,13.015,1522.0,67.7725027533135,19.459999999999997,51.40668935882225,12.266587541299703,1.7896666740432366e+18,1.7896757129481257e+18
1789673273996879982,11.612,11.965,1367.975,67.75099217784025,19.564999999999998,51.38729791933196,12.266264882667604,1.7896666400072038e+18,1.7896757276971236e+18
1789673274196995524,11.832,7.6175,897.925,67.72822257614979,19.5125,51.36957964938266,12.265923338642247,1.7896666055704097e+18,1.7896757426170696e+18
1789673274397121937,11.948,4.6825,1101.825,67.69632296424824,19.355,51.35143080879618,12.265444844463724,1.7896665707248376e+18,1.7896757577132224e+18
1789673274597374186,11.484,14.965,85.7,67.689076762558,19.145,51.34260665313709,12.26533615143837,1.789666535527128e+18,1.7896757729579302e+18
1789673274797834372,11.316,17.7325,261.525,67.67791243844997,19.145,51.33590304293657,12.26516868657675,1.789666499971369e+18,1.7896757883544212e+18
1789673274998191788,12.008,3.8675,798.1,67.65508731689631,19.075,51.32446454805649,12.264826309753445,1.7896664640035945e+18,1.7896758039269642e+18
1789673275331868713,11.976,4.8475,797.2,67.63757142348707,19.127499999999998,51.30971471031383,12.264563571352307,1.7896664276912678e+18,1.7896758196479903e+18
1789673275732487411,11.544,13.7825,794.45,67.63044641837423,19.1975,51.300786617583896,12.264456696275614,1.7896663910598794e+18,1.7896758355054743e+18
1789673276132982479,11.62,12.05,786.05,67.61988895815654,19.3025,51.28982166990533,12.264298334372349,1.78966635421181e+18,1.7896758514589773e+18
1789673276533669895,11.556,13.38,760.425,67.61184538124729,19.39,51.28040640585857,12.26417768071871,1.7896663168930258e+18,1.7896758676104643e+18
1789673276734106073,11.556,13.2675,682.225,67.6026995417353,19.495,51.268561594145815,12.26404049312603,1.7896662791313674e+18,1.7896758839482875e+18
1789673277068050670,11.584,13.05,443.575,67.59857659146138,19.53,51.26042682109256,12.263978648871921,1.7896662409063872e+18,1.789675900480317e+18
1789673277268386370,11.596,12.515,1353.675,67.59159175103717,19.53,51.247546786061065,12.263873876265558,1.7896662024893967e+18,1.789675917097378e+18
1789673277535691204,11.552,13.1475,854.275,67.5816781748622,19.599999999999998,51.239001634698425,12.263725172622934,1.7896661635684728e+18,1.789675933926314e+18
1789673277869679626,11.556,13.1475,968.625,67.57330116264693,19.6175,51.233138393311165,12.263599517439705,1.7896661242610831e+18,1.7896759509198129e+18
1789673278270004932,11.588,12.565,1317.6,67.61468784033116,19.6175,51.25014380632311,12.264220317604968,1.789666084898558e+18,1.7896759679336924e+18
1789673278670827443,12.048,3.2,744.175,67.62910033492709,19.477500000000003,51.255984539605635,12.264436505023907,1.789666045205163e+18,1.7896759850850662e+18
1789673279071482192,12.072,3.015,632.625,67.63885660105167,19.3025,51.259927990656934,12.264582849015776,1.7896660051449853e+18,1.7896760023895104e+18
1789673279271939732,11.884,6.9825,292.2,67.6478026180678,19.075,51.26369947301178,12.264717039271018,1.7896659652240916e+18,1.789676019641927e+18
1789673279472394018,11.204,20.75,891.7,67.65574889024484,18.9175,51.266678523614374,12.264836233353673,1.7896659251574927e+18,1.7896760369576563e+18
1789673279672852545,11.652,12.6825,1082.85,67.67200986369828,18.9175,51.27212522045014,12.265080147955475,1.7896658850299712e+18,1.7896760543005284e+18
1789673279873231608,10.308,39.985,27.775,67.6707063501453,18.83,51.26367787368571,12.26506059525218,1.7896658445062664e+18,1.789676071809995e+18
1789673280073430730,10.128,43.0825,84.75,67.66725358665921,19.005,51.25575984462538,12.265008803799889,1.7896658032986957e+18,1.789676089602993e+18
1789673280273529995,10.112,42.7,258.625,67.66063659002646,19.25,51.24994056839596,12.264909548850397,1.7896657612328287e+18,1.7896761077510067e+18
1789673280607487476,10.22,40.6825,789.25,67.64973738926545,19.5825,51.24223499402362,12.264746060838982,1.7896657183131256e+18,1.789676126254013e+18
1789673281008318389,10.2,40.9,770.175,67.63996231886185,19.915000000000003,51.235735643598616,12.264599434782928,1.789665674469797e+18,1.7896761451405468e+18
1789673281409147230,10.108,40.75,711.975,67.63307718327307,20.1775,51.23890991021373,12.264496157749097,1.789665629718059e+18,1.789676164404082e+18
1789673281809988265,11.692,8.665,534.375,67.5744784370735,20.405,51.217962939862055,12.263617176556103,1.789665583640007e+18,1.7896761842261087e+18
1789673282143854917,12.096,1.4975,1630.775,67.52044881484838,20.334999999999997,51.19679397269628,12.262806732222726,1.7896655357886016e+18,1.7896762047869878e+18
1789673282343769234,12.116,1.5975,61.525,67.48371227114396,20.16,51.183363835895285,12.26225568406716,1.7896654867177516e+18,1.7896762258584888e+18
1789673282544101518,12.136,1.5825,187.75,67.46640018627701,20.037499999999998,51.177245498520215,12.261996002794156,1.7896654363241843e+18,1.7896762474783168e+18
1789673282944948061,12.16,1.4975,572.95,67.45192429705926,20.037499999999998,51.16474381348105,12.26177886445589,1.7896653846753037e+18,1.7896762696197832e+18
1789673283345748229,12.164,1.5325,110.1,67.44060969105657,19.845,51.15432692814438,12.26160914536585,1.789665331599537e+18,1.789676292352134e+18
1789673283746576755,12.164,1.85,335.975,67.43617388205811,19.635,51.147387884406754,12.261542608230872,1.7896652772094377e+18,1.7896763156285568e+18
1789673284147093632,12.184,1.5825,1025.3,67.4358627639345,19.39,51.14502821972715,12.261537941459018,1.7896652215642186e+18,1.7896763394244506e+18
1789673284547571672,12.196,1.5175,1490.55,67.43540157003176,18.9175,51.13725945465924,12.261531023550477,1.7896651644032525e+18,1.789676363845974e+18
1789673284881590303,12.196,1.615,1271.975,67.4387884606106,18.9175,51.134634245157336,12.26158182690916,1.7896651059395484e+18,1.789676388806019e+18
1789673285148733019,12.212,1.5825,604.95,67.44777288353592,18.655,51.13453248070622,12.26171659325304,1.7896650469566956e+18,1.789676413985087e+18
1789673285348988596,12.216,1.5475,207.75,67.45624870178892,18.375,51.13297165281054,12.261843730526834,1.789664987190171e+18,1.789676439490599e+18
1789673285549167009,12.216,1.5325,634.0,67.46359963089014,18.025000000000002,51.13069011560228,12.261953994463353,1.7896649266146657e+18,1.7896764653333233e+18
1789673285749287353,12.22,1.5175,296.4,67.47165927257674,17.7625,51.1286988558505,12.262074889088652,1.7896648651453076e+18,1.78967649154766e+18
1789673285949600098,12.228,1.5975,904.525,67.48680091911245,17.7625,51.13210111411343,12.262302013786687,1.7896648028024548e+18,1.789676518123751e+18
1789673286283108465,12.228,1.5675,1121.975,67.50053593213401,17.272499999999997,51.134278852708086,12.262508038982011,1.789664739436526e+18,1.7896765451234854e+18
1789673286683826462,12.236,1.5975,147.175,67.51831228800447,16.8,51.138772239450624,12.262774684320068,1.7896646750341635e+18,1.7896765725517555e+18
1789673287084681323,12.236,1.5675,449.125,67.52682814222489,16.8,51.1313663624398,12.262902422133374,1.7896646094434765e+18,1.7896766004729285e+18
1789673287284985427,12.244,1.5475,1370.6,67.54570391795454,16.397499999999997,51.13527177563941,12.263185558769319,1.7896645427048128e+18,1.7896766288673298e+18
1789673287618968225,12.244,1.5475,905.925,67.56726220980276,15.942499999999999,51.143557708675466,12.263508933147042,1.7896644748888835e+18,1.7896766577062692e+18
1789673287819424189,12.244,1.65,1126.25,67.58580124266867,15.942499999999999,51.145926003683726,12.26378701864003,1.7896644058364685e+18,1.7896766870550246e+18
1789673288019759825,12.244,1.5325,160.225,67.59961970676811,15.680000000000001,51.14372462215145,12.263994295601522,1.789664334989533e+18,1.7896767171422848e+18
1789673288219874382,12.256,1.665,488.95,67.62146847666719,15.364999999999998,51.14461718774418,12.264322027150008,1.7896642625409933e+18,1.7896767478877814e+18
1789673288487046526,12.256,1.5475,1492.15,67.64351895163017,15.364999999999998,51.14872662178565,12.264652784274453,1.7896641884847334e+18,1.7896767792945482e+18
1789673288821136659,12.256,1.5175,1276.875,67.66781863212859,15.084999999999999,51.15382880216692,12.26501727948193,1.7896641129204774e+18,1.7896768113218716e+18
1789673289221973497,12.264,1.4975,619.9,67.69619212296448,14.77,51.15906829287119,12.265442881844468,1.7896640354035464e+18,1.7896768441503916e+18
1789673289622814763,12.268,1.5325,253.375,67.72591917426598,14.77,51.1607135857468,12.26588878761399,1.7896639560917384e+18,1.789676877715827e+18
1789673290023658987,12.268,1.5325,773.225,67.75319875570112,14.4375,51.16330552844521,12.266297981335518,1.789663874856529e+18,1.7896769120714527e+18
1789673290223798755,12.268,1.5675,721.275,67.78220527755734,14.4375,51.16593104584811,12.26673307916336,1.7896637918238817e+18,1.7896769471649556e+18
1789673290424066419,12.268,1.5325,562.75,67.80996245754152,14.1225,51.169652137727034,12.267149436863123,1.7896637069145275e+18,1.7896769830293417e+18
1789673290624442797,12.272,1.6325,78.975,67.84203677286409,13.7725,51.17532882275438,12.267630551592962,1.7896636202641208e+18,1.7896770196082378e+18
1789673290824897910,12.276,1.615,241.0,67.87501208820142,13.7725,51.18367605421237,12.268125181323022,1.7896635318107635e+18,1.7896770569269097e+18
1789673291158919246,12.268,1.6325,735.45,67.90624577090685,13.457500000000001,51.18894558405817,12.268593686563603,1.789663441404999e+18,1.789677095047675e+18
1789673291359359230,12.28,1.5325,606.0,67.9382230583506,13.457500000000001,51.197742666678764,12.26907334587526,1.7896633487994222e+18,1.789677134071005e+18
1789673291626653337,12.28,1.5975,210.95,67.97821927337877,13.125,51.20486989552394,12.269673289100682,1.7896632542655588e+18,1.7896771738842524e+18
1789673291960744868,12.28,1.615,643.75,68.02084089521823,13.125,51.210243401085336,12.270312613428274,1.7896631577585098e+18,1.78967721450541e+18
1789673292361003584,12.032,6.6675,326.15,68.05421721103804,12.88,51.217476409788965,12.270813258165571,1.7896630589434831e+18,1.7896772560744174e+18
1789673292561458617,12.084,5.1325,995.325,68.08432710641266,12.88,51.22097386855518,12.27126490659619,1.7896629576648481e+18,1.7896772986553004e+18
1789673292895561295,11.764,11.415,1399.075,68.10695588532556,12.67,51.2226065114445,12.271604338279884,1.7896628534159222e+18,1.7896773424582884e+18
1789673293095886894,12.176,2.115,992.825,68.1179032751907,12.67,51.21877595140771,12.271768549127861,1.7896627458069778e+18,1.7896773876462403e+18
1789673293296350518,12.248,1.615,1391.45,68.1445945443145,12.7225,51.21933967762155,12.272168918164718,1.7896626349595438e+18,1.7896774341650637e+18
1789673293496740381,12.264,1.5475,969.55,68.17350947025858,12.7225,51.224912339589984,12.27260264205388,1.789662520726404e+18,1.789677482074746e+18
1789673293697190026,12.268,1.5825,1320.425,68.20201790099551,12.6,51.23048077973158,12.273030268514933,1.789662402854427e+18,1.7896775314794194e+18
1789673293897663496,12.272,1.615,752.8,68.23605265848853,12.46,51.2343608920916,12.273540789877329,1.7896622865349025e+18,1.7896775799635597e+18
1789673294164630778,12.268,1.5825,658.95,68.26618829845326,12.46,51.240058379476956,12.2739928244768,1.7896621678885617e+18,1.7896776293966234e+18
1789673294498510052,12.276,1.615,372.55,68.30289903149362,12.354999999999999,51.24545454218095,12.274543485472405,1.7896620465565522e+18,1.789677679921514e+18
1789673294698967390,12.272,1.615,1136.925,68.33681548019668,12.354999999999999,51.250860366460174,12.27505223220295,1.7896619224834437e+18,1.7896777315612751e+18
1789673295099797936,12.28,1.5825,192.8,68.37368519063219,12.18,51.25775462903512,12.275605277859484,1.7896617957213972e+18,1.7896777842949437e+18
1789673295500748682,12.276,1.665,588.375,68.41104301666117,12.18,51.263115128363516,12.276165645249918,1.7896616671695877e+18,1.7896778377586888e+18
1789673295834746398,12.284,1.615,157.175,68.4780788156409,11.9,51.289507849066425,12.277171182234614,1.7896615373137677e+18,1.7896778917430973e+18
1789673296035050308,12.284,1.5825,479.65,68.5335968890149,11.9,51.31136111535923,12.278003953335224,1.7896614054413123e+18,1.7896779465393452e+18
1789673296235174407,12.284,1.65,1463.775,68.5825238253528,11.9,51.33060546781659,12.278737857380293,1.78966127113047e+18,1.7896780023213279e+18
1789673296435391589,12.276,1.7,1190.275,68.62672492285493,11.4975,51.34792273832379,12.279400873842825,1.7896611353186153e+18,1.7896780587114747e+18
1789673296635759545,12.28,1.65,355.625,68.67407056258925,11.4975,51.36504909373746,12.28011105843884,1.7896609977714693e+18,1.7896781158032988e+18
1789673296903046757,12.284,1.6325,1085.275,68.7227217814161,11.41,51.38201093468028,12.280840826721242,1.7896608581464973e+18,1.7896781737349366e+18
1789673297237012924,12.284,1.65,35.175,68.76625342082608,11.41,51.39912031534937,12.281493801312392,1.7896607163489083e+18,1.7896782325475569e+18
1789673297637787205,12.288,1.7,107.325,68.80597130133413,10.3775,51.4147178943282,12.282089569520013,1.7896605721791985e+18,1.7896782923232755e+18
1789673298038614570,12.292,1.6325,327.525,68.84049213086725,10.3775,51.428281273510756,12.28260738196301,1.7896604252667438e+18,1.7896783532150264e+18
1789673298439065705,12.296,1.68,999.525,68.87246994186576,10.3775,51.44083301625252,12.283087049127987,1.789660275399516e+18,1.789678415309498e+18
1789673298839872418,12.288,1.5975,1411.9,68.90010625490291,7.21,51.451698776285085,12.283501593823544,1.789660122316774e+18,1.7896784787150413e+18
1789673299173873958,12.292,1.75,1031.975,68.92826198580144,7.21,51.46273173237765,12.283923929787022,1.7896599659533775e+18,1.7896785434571412e+18
1789673299374334450,12.288,1.5975,1510.925,68.95159442225712,7.21,51.471904473347934,12.284273916333857,1.7896598060265902e+18,1.7896786096527017e+18
1789673299574711732,12.292,1.6325,1334.175,68.9749834537347,7.21,51.481092269311645,12.284624751806021,1.7896596423460485e+18,1.789678677378686e+18
1789673299775143251,12.292,1.6325,794.775,68.99527109253891,7.21,51.48906315434573,12.284929066388084,1.7896594741421437e+18,1.7896787469497692e+18
1789673299975284257,12.292,1.7,787.05,69.01561655243196,7.21,51.49703913976871,12.28523424828648,1.7896593013632968e+18,1.789678818387166e+18
1789673300175404120,12.3,1.65,763.475,69.03697679747398,7.21,51.50542297726589,12.28555465196211,1.789659124152281e+18,1.7896788916330237e+18
1789673300375618481,12.3,1.65,691.525,69.05682753115457,7.21,51.513214618530114,12.28585241296732,1.789658942086685e+18,1.789678966859387e+18
1789673300776353434,12.292,1.715,471.95,69.07309043819836,7.21,51.519577359718966,12.286096356572976,1.7896587549237312e+18,1.789679044168992e+18
1789673301177104140,12.292,1.665,1440.275,69.08938109762508,7.21,51.52595874992815,12.286340716464377,1.789658562756661e+18,1.7896791235247124e+18
1789673301577615054,12.296,1.7,1118.55,69.1054096915742,7.21,51.532232153732636,12.286581145373614,1.7896583653463862e+18,1.7896792050237553e+18
1789673301911617317,12.3,1.5825,136.725,69.11957529122854,7.21,51.5378124212283,12.286793629368429,1.7896581624978726e+18,1.7896792887462646e+18
1789673302913243579,12.104,6.935,425.2,69.15135125151255,0.0,51.54792338127146,12.287270268772689,1.789657954143504e+18,1.7896793747153446e+18
1789673303113590756,11.86,11.7175,1297.6,69.17478454296464,0.0,51.55257371285221,12.28762176814447,1.789657740078977e+18,1.7896794630136397e+18
1789673303314094902,11.772,12.815,683.15,69.18867169750551,0.0,51.55388257105895,12.287830075462583,1.7896575198036462e+18,1.7896795538511375e+18
1789673303581265536,11.74,13.1975,446.4,69.19866658544431,0.0,51.55389728538039,12.287979998781665,1.7896572932049772e+18,1.7896796472770765e+18
1789673303915104441,11.716,13.5,1362.3,69.20394244897561,0.0,51.55222581013675,12.288059136734635,1.789657059990469e+18,1.7896797434144125e+18
1789673304315472216,11.728,12.7825,880.6,69.20270952478063,5.0225,51.54893729027059,12.28804064287171,1.7896568196398461e+18,1.7896798424792435e+18
1789673304716408877,12.044,6.015,1048.975,69.20075556941963,5.0225,51.547413918346145,12.288011333541295,1.7896565716658191e+18,1.7896799446719898e+18
1789673305117132396,12.268,2.18,1562.8,69.20475865444469,5.0225,51.54887430078028,12.288071379816671,1.789656315755701e+18,1.7896800501174267e+18
1789673305451243190,12.292,1.9675,1492.475,69.21813706961966,7.07,51.555173230463446,12.288272056044296,1.7896560522570486e+18,1.7896801586685998e+18
1789673305651638352,12.28,2.4175,1277.85,69.25483553739554,7.07,51.56723234991078,12.288822533060934,1.789655782669874e+18,1.7896802697017185e+18
1789673305852088171,12.28,2.4975,622.875,69.29160140737685,7.07,51.580508291840665,12.289374021110653,1.7896555063522066e+18,1.7896803834780805e+18
1789673306052334630,12.3,2.0825,262.45,69.32879902216041,8.417499999999999,51.59541424367538,12.289931985332407,1.7896552230453292e+18,1.7896805001015652e+18
1789673306252473399,12.288,2.5175,800.925,69.36613512591528,8.417499999999999,51.606918700960996,12.29049202688873,1.7896549321663898e+18,1.7896806198098476e+18
1789673306452598234,12.308,1.9975,805.825,69.39952727114658,9.782499999999999,51.61459961202789,12.2909929090672,1.7896546333775951e+18,1.789680742743511e+18
1789673306719875169,12.304,2.2,820.775,69.43371360527635,9.782499999999999,51.62191876444832,12.291505704079146,1.7896543263321403e+18,1.789680869042523e+18
1789673307053841979,12.304,2.215,866.4,69.47474302043571,9.782499999999999,51.64044264607061,12.292121145306536,1.7896540100697213e+18,1.789680999094379e+18
1789673307454700100,12.316,2.0825,1005.625,69.51499755239843,10.71,51.65618708132514,12.292724963285977,1.7896536833812022e+18,1.7896811333915758e+18
1789673307855564622,12.316,2.15,1430.5,69.55803370263254,10.71,51.67564529268506,12.293370505539489,1.7896533458799788e+18,1.789681272087423e+18
1789673308256635347,12.316,1.9825,1088.725,69.59106561474407,10.657499999999999,51.68195644850028,12.293865984221162,1.7896529969229747e+18,1.7896814154522744e+18
1789673308657428434,12.32,2.115,45.725,69.62614924410076,10.657499999999999,51.685063110602165,12.294392238661512,1.7896526360080924e+18,1.7896815636901617e+18
1789673308991524818,12.316,2.13,139.525,69.66171178594709,10.5175,51.69237223657678,12.294925676789207,1.789652265243756e+18,1.7896817159435676e+18
1789673309191885730,12.316,2.165,425.775,69.69760427728502,10.5175,51.69569419404224,12.295464064159276,1.7896518829458258e+18,1.7896818728968753e+18
1789673309392344106,12.316,2.15,1299.35,69.73428306716178,10.325000000000001,51.70566028628634,12.296014246007427,1.7896514890063416e+18,1.7896820345930798e+18
1789673309592810072,12.316,2.315,688.5,69.77588065025245,10.325000000000001,51.722534887228534,12.296638209753787,1.789651083216266e+18,1.7896822011118418e+18
1789673309793178420,12.316,2.23,462.725,69.81422592204392,10.325000000000001,51.73449093252536,12.29721338883066,1.7896506642599805e+18,1.7896823729925975e+18
1789673309993414740,12.316,2.285,1412.1,69.85454745986608,10.237499999999999,51.75043430561591,12.297818211897992,1.7896502303761452e+18,1.78968255095026e+18
1789673310193525873,12.316,2.285,1032.575,69.89520125034528,10.237499999999999,51.76764330538965,12.29842801875518,1.7896497811806659e+18,1.7896827351377759e+18
1789673310593904729,12.136,5.815,1512.75,69.92785717645702,10.115,51.772637042930285,12.298917857646856,1.7896493157016046e+18,1.7896829259618673e+18
1789673310994307407,12.252,3.4475,1339.725,69.9646460580306,10.115,51.78640429238838,12.29946969087046,1.7896488352547105e+18,1.7896831228820918e+18
1789673311327806776,12.272,2.8625,811.7,70.00040396404391,9.957500000000001,51.803686156835894,12.300008079280879,1.789648338234465e+18,1.7896833265536755e+18
1789673311527904105,11.052,25.7675,838.7,70.00721594400446,9.957500000000001,51.804862112477,12.30014431888009,1.7896478203468908e+18,1.789683538750615e+18
1789673311728339725,10.812,30.235,921.1,70.00889771321724,9.957500000000001,51.79488009639654,12.300177954264345,1.7896472795874092e+18,1.7896837602971814e+18
1789673311928682438,12.136,3.8825,1172.55,70.01653147884096,10.255,51.798848547369076,12.30033062957682,1.789646714423409e+18,1.7896839918141716e+18
1789673312128774741,11.508,16.2,301.525,70.02160519555297,10.255,51.795981330414705,12.30043210391106,1.7896461231093138e+18,1.7896842340160998e+18
1789673312328878341,11.396,17.9175,920.175,70.02369979051417,10.5875,51.793247255594636,12.300473995810284,1.7896454994049083e+18,1.789684489452006e+18
1789673312529260538,11.436,16.63,1169.75,70.02309953150954,10.5875,51.79107404318249,12.300461990630192,1.7896448419160225e+18,1.7896847586946132e+18
1789673312796164120,11.416,17.215,292.975,70.02354241464762,10.885,51.78830445276123,12.300470848292953,1.7896441487028577e+18,1.7896850425383347e+18
1789673313129749766,11.384,17.7475,894.075,70.0235607004167,10.885,51.785813084892354,12.300471214008335,1.789643414880807e+18,1.7896853429769024e+18
1789673313329895950,11.416,16.7,1090.1,70.0210879234249,11.270000000000001,51.78321472678375,12.300421758468499,1.789642638476801e+18,1.7896856608218719e+18
1789673313596950385,11.436,16.215,49.9,70.01792442178035,11.270000000000001,51.77629346563267,12.300358488435608,1.789641817662912e+18,1.7896859968218186e+18
1789673313930816882,11.268,19.5825,152.275,70.0159993031156,11.62,51.77310274450374,12.300319986062313,1.7896409504673377e+18,1.7896863517863186e+18
1789673314331112591,11.3,18.585,464.7,70.01243724390996,11.62,51.76719735963416,12.3002487448782,1.7896400301084954e+18,1.7896867284873208e+18
1789673314731911092,11.256,19.2825,1418.15,70.00879403699257,11.969999999999999,51.76233310762557,12.300175880739852,1.7896390472638927e+18,1.7896871307291151e+18
1789673315132501725,11.316,18.15,1051.05,70.0045342407363,11.969999999999999,51.757847311957434,12.300090684814727,1.7896379942854203e+18,1.789687561639991e+18
1789673315332965396,11.352,17.515,1569.15,70.00133496192092,12.407499999999999,51.75035923235918,12.300026699238419,1.7896368665535199e+18,1.78968802310695e+18
1789673315533290547,11.32,17.7475,1511.85,69.99559107256317,12.844999999999999,51.74252365701319,12.299933866088448,1.7896356551283297e+18,1.7896885187889085e+18
1789673315733753451,11.404,16.365,1337.0,69.99076483506038,12.844999999999999,51.73379180818354,12.299861472525906,1.7896343552122516e+18,1.7896890506477957e+18
1789673316067573018,11.416,15.865,803.4,69.98475038699759,13.195,51.72234089201461,12.299771255804965,1.7896329555873464e+18,1.7896896232742902e+18
1789673316467958196,11.42,15.785,813.375,69.97679455402135,13.195,51.71103938978857,12.299651918310321,1.7896314412320504e+18,1.7896902428105702e+18
1789673316868749063,11.444,15.4325,843.8,69.96826798390686,13.545,51.70138004091072,12.299524019758604,1.7896297917174162e+18,1.7896909176026637e+18
1789673317269350981,11.456,15.3825,936.65,69.96390503129942,13.8775,51.6875023364294,12.299458575469492,1.7896279967944033e+18,1.7896916518431416e+18
1789673317670176560,11.508,13.915,1220.025,69.95369532550893,13.8775,51.67657296518498,12.299305429882635,1.78962603816312e+18,1.789692453025153e+18
1789673318070926434,11.484,14.4325,446.4,69.94459831041596,14.157499999999999,51.66188481348884,12.29916897465624,1.7896238945797294e+18,1.789693329835223e+18
1789673318271032622,11.512,14.1325,1362.3,69.95962920760692,14.157499999999999,51.66509534633723,12.299394438114104,1.789621551326069e+18,1.7896942882525396e+18
1789673318605008641,12.124,2.315,880.6,69.97888696539643,14.4025,51.67309087602814,12.299683304480947,1.7896189806772703e+18,1.7896953396050355e+18
1789673318805486183,12.148,2.2,1048.975,69.99707937584326,14.4725,51.68061410877334,12.29995619063765,1.7896161410107359e+18,1.789696500898081e+18
1789673319005882512,12.096,3.515,1562.8,69.99848959674213,14.4725,51.67756771471712,12.299977343951133,1.789612981998189e+18,1.7896977927382118e+18
1789673319206259202,12.128,3.115,1492.475,69.99705708480325,14.385000000000002,51.68397346708252,12.29995585627205,1.7896094426468908e+18,1.7896992400617884e+18
1789673319406738570,12.132,3.13,1277.85,69.99522427541858,14.174999999999999,51.68112217923996,12.29992836413128,1.7896054568022774e+18,1.7897008699144233e+18
1789673319674021508,12.196,2.0325,622.875,69.99542617304395,14.174999999999999,51.68034042587824,12.29993139259566,1.7896009190552046e+18,1.789702725379134e+18
1789673320008032229,12.204,2.1,262.45,69.99872213298804,13.895000000000001,51.680097540865695,12.299980831994821,1.7895957109562296e+18,1.789704854867152e+18
1789673320408258281,12.236,1.5325,800.925,70.00221844185661,13.895000000000001,51.68154138976178,12.300044368837133,1.7895896710869263e+18,1.7897073243664082e+18
1789673320808989420,12.244,1.5675,805.825,70.00770849460015,13.615,51.679619887769306,12.300154169892004,1.7895825806708096e+18,1.7897102232963323e+18
1789673321009299066,12.248,1.5325,820.775,70.01371963196225,13.615,51.677325288025514,12.300274392639245,1.7895741238428882e+18,1.7897136807708987e+18
1789673321209652517,12.252,1.5975,866.4,70.02085313659875,13.195,51.67631953084365,12.300417062731976,1.7895638708409114e+18,1.7897178724584082e+18
1789673321409981615,12.264,1.4825,1005.625,70.02946078961985,13.195,51.67790817614896,12.300589215792398,1.7895512294968412e+18,1.789723040417271e+18
1789673321744074449,12.268,1.4325,1430.5,70.06290788038852,12.7575,51.6909541875487,12.301258157607771,1.789535252550037e+18,1.789729571739969e+18
1789673322144675041,12.264,1.5675,1088.725,70.09851331273403,12.7575,51.71033554896686,12.301970266254681,1.789514424142694e+18,1.7897380859864136e+18
1789673322545263535,12.276,1.5675,45.725,70.1302048438478,12.354999999999999,51.727592585724274,12.302604096876957,1.7894861297688804e+18,1.7897496518124227e+18
1789673322946104962,12.276,1.5475,139.525,70.15732234620477,12.354999999999999,51.74235699008332,12.303146446924096,1.7894454370868744e+18,1.7897662852640983e+18
1789673323346931491,12.276,1.5325,425.775,70.18301803047231,11.8475,51.75635766430063,12.303660360609447,1.7893819700072543e+18,1.789792227413406e+18
1789673323547302909,12.284,1.6325,1299.35,70.2093070766926,11.8475,51.770668409775155,12.304186141533853,1.7892697479946048e+18,1.789838097444329e+18
1789673323881291230,12.284,1.4975,688.5,70.23115910845446,11.3225,51.78257893629151,12.30462318216909,1.7890172706461437e+18,1.7899412949385605e+18
1789673324081525385,12.288,1.5475,462.725,70.25248170516453,11.3225,51.79418966955231,12.305049634103291,1.7879209371879242e+18,1.7903894071338365e+18
1789673324281654144,12.288,1.615,1412.1,70.27201683731475,10.7975,51.804813618086854,12.305440336746296,1.7922773530783398e+18,1.7886087819868877e+18
1789673324548650827,12.24,2.4675,1032.575,70.28762695019272,10.7975,51.813134904678364,12.305752539003855,1.7904201159103954e+18,1.789367903169749e+18
1789673324882477420,12.272,1.8975,1512.75,70.30383955939276,10.2725,51.821896326486744,12.306076791187856,1.7901093280554066e+18,1.7894949341995146e+18
1789673325283239882,12.124,4.7325,1339.725,70.31670410330626,10.2725,51.828277687685436,12.306334082066126,1.7899810732876214e+18,1.7895473572599516e+18
1789673325483396795,12.228,2.665,811.7,70.32983543760503,10.2725,51.835226259311604,12.306596708752101,1.7899111123498442e+18,1.7895759534835116e+18
1789673325683502040,11.06,25.45,838.7,70.33442931654291,9.7475,51.83232429042285,12.306688586330859,1.7898670592854518e+18,1.7895939601608456e+18
1789673325883748447,11.632,13.5325,921.1,70.33581943652825,9.7475,51.83208602841723,12.306716388730566,1.7898367417617733e+18,1.789606352569565e+18
1789673326083989170,10.932,26.6325,1172.55,70.33345924671168,9.695,51.83035153523823,12.306669184934234,1.7898146057436367e+18,1.789615400847574e+18
1789673326284153757,10.82,29.0825,301.525,70.3320261545423,9.695,51.82780291250466,12.306640523090847,1.7897977311511045e+18,1.789622298557142e+18
1789673326484260223,10.784,28.385,920.175,70.32544540077791,10.0975,51.828477345327094,12.306508908015559,1.7897844382371272e+18,1.7896277322717542e+18
1789673326818376061,10.764,28.835,1169.75,70.33582354903947,10.0975,51.860137729212106,12.30671647098079,1.7897737179412808e+18,1.7896321144900398e+18
1789673327219164629,10.704,30.215,292.975,70.33858993661093,10.64,51.87417932213481,12.30677179873222,1.789764882821695e+18,1.7896357261641513e+18
1789673327619988135,11.7,10.015,894.075,70.3291585819607,10.64,51.880632709825264,12.306583171639215,1.7897574616538524e+18,1.7896387598738918e+18
1789673328020825375,11.656,11.2675,1090.1,70.32091069355147,10.955,51.88198338102957,12.30641821387103,1.7897511515474975e+18,1.7896413394237466e+18
1789673328354326648,11.372,17.0,49.9,70.31326475159199,10.955,51.876522355169215,12.30626529503184,1.789745742250388e+18,1.789643550751443e+18
1789673328554787850,11.384,16.165,152.275,70.30572329231103,11.0775,51.88128891460638,12.306114465846221,1.789741052535501e+18,1.7896454679412526e+18
1789673328755239800,12.096,2.7975,464.7,70.29476570667208,11.0775,51.88041666247084,12.305895314133442,1.7897369390504663e+18,1.789647149582031e+18
1789673329022530409,12.132,2.4825,1418.15,70.28603036981477,11.06,51.8766145471096,12.305720607396296,1.7897332960138191e+18,1.7896486389216335e+18
1789673329356556081,12.104,3.2325,1051.05,70.27985612214252,11.06,51.87442362657733,12.305597122442851,1.7897300539561933e+18,1.7896499643618158e+18
1789673329757481138,12.14,2.65,1569.15,70.2760665054189,11.06,51.87614398359419,12.305521330108379,1.7897271515965622e+18,1.7896511509564406e+18
1789673330158003099,11.396,17.8175,1511.85,70.2810582694699,10.6925,51.88460594953094,12.305621165389399,1.7897245398362002e+18,1.7896522187848e+18
1789673330358132432,11.416,16.665,1337.0,70.2821608490291,10.6925,51.89390663333439,12.305643216980583,1.7897221766931876e+18,1.7896531849980833e+18
1789673330558485998,10.944,26.1975,803.4,70.28196971455827,10.745,51.893806632652975,12.305639394291166,1.789720029034101e+18,1.789654063139741e+18
1789673330758948314,10.884,26.1475,813.375,70.28172909892916,10.745,51.904574970988726,12.305634581978584,1.789718065707553e+18,1.7896548659398822e+18
1789673330959405275,10.92,25.8325,843.8,70.27941277692226,11.2875,51.90699664937951,12.305588255538446,1.7897162633156288e+18,1.7896556029613325e+18
1789673331293339471,10.904,25.615,936.65,70.2773478504249,11.2875,51.915583876430425,12.305546957008499,1.7897146013260027e+18,1.7896562825954522e+18
1789673331694124617,11.064,23.1,1220.025,70.27474245345243,11.917499999999999,51.91793905005424,12.30549484906905,1.7897130698952591e+18,1.789656908864042e+18
1789673332094823547,11.308,17.565,446.4,70.26596002143044,12.3725,51.91797142049968,12.30531920042861,1.7897116499964431e+18,1.7896574895357294e+18
1789673332495328956,11.168,20.7175,1362.3,70.26305184136932,12.3725,51.926502383612096,12.305261036827387,1.7897103305479155e+18,1.7896580291482862e+18
1789673332896251468,11.156,20.465,880.6,70.25330385534863,12.6875,51.91889727243067,12.305066077106973,1.7897091042387645e+18,1.789658530692391e+18
1789673333096737267,11.168,20.885,1048.975,70.2483132445434,12.6875,51.91721577295208,12.304966264890869,1.7897079590091866e+18,1.7896589990938778e+18
1789673333430749934,11.156,20.6325,1562.8,70.24209377475381,13.0375,51.91993027136173,12.304841875495077,1.7897068849313938e+18,1.789659438408591e+18
1789673333631127357,11.208,19.985,1492.475,70.2361121063661,13.0375,51.91715289912686,12.304722242127323,1.7897058754665137e+18,1.789659851310678e+18
1789673333898325372,12.104,2.115,1277.85,70.21702494818179,13.3175,51.901300891761366,12.304340498963636,1.7897049225142226e+18,1.7896602411012603e+18
1789673334232153184,12.08,3.015,622.875,70.20280672821632,13.265,51.88428505629563,12.304056134564327,1.789704023196218e+18,1.789660608959331e+18
1789673334632619405,12.1,2.9675,262.45,70.1923993144759,13.265,51.87516098211806,12.303847986289519,1.7897031746690706e+18,1.789660956052208e+18
1789673334833043573,12.1,3.215,800.925,70.18449699556058,12.7575,51.86568894730881,12.303689939911212,1.789702372292475e+18,1.7896612842782454e+18
1789673335033499122,12.108,2.9675,805.825,70.17629181851264,12.7575,51.8598163926701,12.303525836370254,1.7897016119249042e+18,1.7896615953306675e+18
1789673335233848638,12.132,2.8475,820.775,70.17135985728088,12.25,51.854068075158416,12.303427197145618,1.789700891119274e+18,1.7896618902137405e+18
1789673335434303294,12.12,3.08,866.4,70.16684703839954,12.25,51.845197894709415,12.303336940767991,1.7897002069532664e+18,1.7896621701207235e+18
1789673335634763076,12.104,3.715,1005.625,70.16556434616426,11.8125,51.84314584454666,12.303311286923286,1.7896995582199132e+18,1.789662435546247e+18
1789673335835220428,12.056,4.6975,1430.5,70.1651740251738,11.8125,51.83760764232873,12.303303480503477,1.7896989418996925e+18,1.789662687724915e+18
1789673336035579206,12.02,5.3175,1088.725,70.16597582711233,11.3575,51.8297959312254,12.303319516542247,1.789698357240536e+18,1.789662926965058e+18
1789673336235712019,11.96,6.33,45.725,70.1636975922473,11.3575,51.82537204001445,12.303273951844947,1.7896978017394365e+18,1.789663154285762e+18
1789673336569605857,11.92,7.1475,139.525,70.16191484252603,10.955,51.821704102616714,12.303238296850521,1.7896972723371497e+18,1.7896633709387095e+18
1789673336970554101,11.844,8.5975,425.775,70.16186903228075,10.955,51.81499556627408,12.303237380645616,1.7896967676972961e+18,1.7896635774728694e+18
1789673337371259852,11.784,9.68,1299.35,70.16065969009232,10.71,51.80847666326782,12.303213193801847,1.789696285654289e+18,1.7896637747729037e+18
1789673337772081642,11.708,11.6,688.5,70.16354416635807,10.71,51.80078886481013,12.303270883327162,1.7896958246476933e+18,1.7896639634798636e+18
1789673337972426732,11.688,11.565,462.725,70.16249182346915,10.465,51.793064594578354,12.303249836469384,1.7896953826931666e+18,1.789664144400858e+18
1789673338172559516,11.696,11.1975,1412.1,70.16112341346712,10.465,51.785394876252056,12.303222468269343,1.7896949584691533e+18,1.7896643180759368e+18
1789673338373710279,11.664,12.165,1032.575,70.16091293929259,10.465,51.780270502826134,12.303218258785853,1.7896945509955612e+18,1.789664484905857e+18
1789673338573668729,11.612,12.1325,1512.75,70.15332836451512,10.3075,51.77566465279213,12.303066567290303,1.7896941587327437e+18,1.7896646455152228e+18
1789673338907573615,11.616,12.415,1339.725,70.15143722591917,10.3075,51.76621067806516,12.303028744518384,1.7896937809319094e+18,1.789664800215492e+18
1789673339308444327,11.592,12.985,811.7,70.15060190381391,10.2725,51.75796000618286,12.303012038076279,1.7896934166775908e+18,1.7896649493813263e+18
1789673339709381048,11.612,12.5825,838.7,70.1467028341649,10.2725,51.75072705534338,12.302934056683299,1.7896930652723046e+18,1.7896650932955236e+18
1789673340043372837,11.596,13.065,921.1,70.14458293236439,10.185,51.74544995479936,12.302891658647289,1.7896927263430454e+18,1.789665232112106e+18
1789673340243506648,11.572,13.33,1172.55,70.16792454974004,10.185,51.76068487306134,12.303358490994801,1.789692400899988e+18,1.7896653654313341e+18
1789673340443750184,11.548,13.815,301.525,70.18305693145626,10.1325,51.77121472763701,12.303661138629126,1.7896920888105574e+18,1.7896654933014287e+18
1789673340711024373,11.536,13.915,920.175,70.19315402587381,10.1325,51.77920357351251,12.303863080517477,1.7896917883161203e+18,1.7896656164387796e+18
1789673341045026927,11.544,13.9,1169.75,70.20270953772928,10.08,51.7865770733786,12.304054190754586,1.789691498586017e+18,1.7896657351814031e+18
1789673341245392792,11.556,13.465,292.975,70.20843896830138,10.08,51.79213113208837,12.304168779366028,1.7896912185281958e+18,1.7896658499740782e+18
1789673341646313773,11.58,12.7325,894.075,70.20859872709549,10.08,51.7948970364458,12.30417197454191,1.7896909482024955e+18,1.7896659607881605e+18
1789673342047157609,11.592,12.7825,1090.1,70.20976956660502,10.219999999999999,51.79765864441034,12.304195391332101,1.7896906869572751e+18,1.7896660678921725e+18
1789673342447646391,12.068,3.265,49.9,70.20293704405088,10.219999999999999,51.794142098050976,12.304058740881018,1.7896904338012232e+18,1.7896661716862203e+18
1789673342848564395,11.46,15.415,152.275,70.20213427895195,10.5525,51.796029582871526,12.30404268557904,1.7896901891451635e+18,1.7896662720054428e+18
1789673343182477701,11.732,10.715,464.7,70.20209656278034,10.5525,51.79658749570836,12.304041931255608,1.7896899536515044e+18,1.7896663685765676e+18
1789673343382896074,10.868,27.2825,1418.15,70.20327334684511,10.7975,51.799448023706304,12.304065466936903,1.7896897257306706e+18,1.7896664620520233e+18
1789673343583363362,10.784,28.5825,1051.05,70.20274311319044,10.7975,51.803081021186415,12.30405486226381,1.7896895047618767e+18,1.7896665526858422e+18
1789673343783833373,10.676,30.2825,1569.15,70.200382770994,11.3225,51.807983428374584,12.30400765541988,1.7896892900861279e+18,1.7896666407463086e+18
1789673344184455106,12.036,2.8325,1511.85,70.1762068438123,11.3225,51.794542719148254,12.303524136876247,1.789689080505552e+18,1.789666726713338e+18
1789673344585160221,12.06,3.1,1337.0,70.15783978484541,11.969999999999999,51.78436786019494,12.303156795696909,1.7896888769571658e+18,1.7896668102063035e+18
1789673344985951173,11.508,14.835,803.4,70.14968608014333,11.969999999999999,51.78095130077376,12.302993721602867,1.7896886801502108e+18,1.789666890939102e+18
1789673345186222830,11.484,14.9825,813.375,70.14176475025192,12.005,51.77847772760556,12.302835295005039,1.7896884893899095e+18,1.7896669691953815e+18
1789673345386665032,12.076,3.3125,843.8,70.12723807923383,12.005,51.77039411357992,12.302544761584677,1.7896883041573212e+18,1.7896670451854973e+18
1789673345587105196,12.128,2.5825,936.65,70.11279174460226,12.1975,51.76215150092269,12.302255834892046,1.7896881241567107e+18,1.7896671190307372e+18
1789673345787529543,12.032,4.45,1220.025,70.09959752849991,12.075000000000001,51.75490604407213,12.301991950569999,1.78968794894707e+18,1.789667190911775e+18
1789673345987991376,11.952,6.315,446.4,70.08984647603097,12.075000000000001,51.74963758743299,12.30179692952062,1.7896877784216312e+18,1.7896672608746427e+18
1789673346321574864,11.848,8.3,1362.3,70.07808908097991,12.0225,51.743388031520496,12.301561781619599,1.7896876122010158e+18,1.7896673290736417e+18
1789673346521792531,11.812,8.9125,880.6,70.06491107390323,12.0225,51.73647131345624,12.301298221478065,1.7896874498277396e+18,1.7896673956956388e+18
1789673347323275511,11.828,8.28,1562.8,70.04936705994814,12.075000000000001,51.728518719790394,12.300987341198963,1.789687291490379e+18,1.7896674606636616e+18
1789673347657289698,11.808,8.9975,1492.475,70.03551750004026,12.1975,51.72119600846022,12.300710350000806,1.78968713704495e+18,1.7896675240359667e+18
1789673347857746729,11.796,9.15,1277.85,70.02071343584973,12.1975,51.71342565888658,12.300414268716995,1.789686986478029e+18,1.7896675858171407e+18
1789673348057965683,11.768,9.7,622.875,70.00583527634737,12.32,51.70565233106452,12.300116705526948,1.78968683943711e+18,1.7896676461525187e+18
1789673348258103437,11.764,9.665,262.45,69.98560283330396,12.32,51.69700857361184,12.29978404249956,1.789686695467366e+18,1.789667705225942e+18
1789673348458341725,11.752,9.55,800.925,69.9594662151793,12.46,51.68712743376767,12.29939199322769,1.7896865543736246e+18,1.7896677631149414e+18
1789673348725535430,11.74,10.065,805.825,69.93577463928318,12.46,51.677939396853354,12.299036619589248,1.7896864161537464e+18,1.7896678198222723e+18
1789673349059563647,11.732,10.0325,820.775,69.9080072651008,12.5475,51.667256198478256,12.298620108976513,1.789686280504254e+18,1.7896678754705613e+18
1789673349460410970,11.704,10.6825,866.4,69.88266029746089,12.495,51.65752579550684,12.298239904461914,1.7896861474667197e+18,1.7896679300445522e+18
1789673349660872288,11.74,9.8825,1005.625,69.86090163647224,12.495,51.650343982359914,12.297913524547084,1.7896860170849357e+18,1.789667983526913e+18
1789673349861330295,11.704,10.615,1430.5,69.86573187054297,12.6,51.67239643274467,12.297985978058145,1.7896858898827425e+18,1.789668035713427e+18
1789673350061594921,11.748,9.615,1088.725,69.86183553719823,12.6,51.68254895711464,12.297927533057974,1.7896857656722435e+18,1.7896680866779343e+18
1789673350261743898,11.748,9.5825,45.725,69.85129692150186,12.81,51.68023258409561,12.297769453822529,1.789685644034635e+18,1.7896681365891402e+18
1789673350462013395,11.764,9.5175,139.525,69.84580741323714,12.81,51.6830009050445,12.297687111198558,1.7896855249483407e+18,1.7896681854576425e+18
1789673350662417893,11.756,9.4475,425.775,69.73122234511465,13.0725,51.487619182421405,12.29596833517672,1.7896854058077737e+18,1.7896682343101373e+18
1789673350862878183,11.796,9.0475,1299.35,69.72303265022464,13.0725,51.483403390175724,12.29584548975337,1.7896852890827858e+18,1.7896682821760942e+18
1789673351196793846,11.784,8.9475,688.5,69.71040307143315,13.2125,51.47642982025695,12.295656046071498,1.7896851745224824e+18,1.789668329156552e+18
1789673351597690639,11.792,8.9825,462.725,69.70879229744973,13.3525,51.48565136184466,12.295631884461747,1.789685062396731e+18,1.7896683751445955e+18
1789673351998490154,11.804,8.9675,1412.1,69.70887560617818,13.3525,51.49439505167507,12.295633134092673,1.7896849527332242e+18,1.789668420129862e+18
1789673352398763190,11.804,8.615,1032.575,69.7017147640804,13.475,51.4963218618435,12.295525721461207,1.7896848452979727e+18,1.789668464205481e+18
1789673352599050103,11.808,8.5975,1512.75,69.68794949467217,13.475,51.485056018542075,12.295319242420083,1.789684739891584e+18,1.789668507449669e+18
1789673352799499863,12.14,2.615,811.7,69.68298694938404,13.4225,51.48340947375362,12.295244804240761,1.7896846374434015e+18,1.789668549482994e+18
1789673352999954893,12.056,3.7,838.7,69.67060731792199,13.4225,51.47786906119939,12.29505910976883,1.7896845368079022e+18,1.7896685907743142e+18
1789673353200413065,11.984,6.065,921.1,69.67058682391918,13.1425,51.47737677123198,12.295058802358788,1.7896844389761024e+18,1.7896686309199836e+18
1789673353534466071,11.42,16.8975,1172.55,69.66881395144944,13.1425,51.47495007835458,12.295032209271742,1.789684343439891e+18,1.789668670128437e+18
1789673353935386789,11.248,19.43,301.525,69.6608220870133,13.0725,51.468719960875426,12.2949123313052,1.7896842497176899e+18,1.7896687085960942e+18
1789673354335817237,11.352,17.6825,920.175,69.65954276563178,13.0725,51.47421462354624,12.294893141484478,1.7896841579602788e+18,1.7896687462631027e+18
1789673354536035342,11.164,21.0975,1169.75,69.65591539850062,13.2125,51.4768315723555,12.29483873097751,1.789684067840243e+18,1.7896687832625142e+18
1789673354869802155,11.092,21.9325,292.975,69.65293463151141,13.3525,51.48664336052699,12.294794019472672,1.789683980133234e+18,1.7896688192750973e+18
1789673355069978211,11.028,23.4175,894.075,69.64997459624125,13.3525,51.49290848515366,12.29474961894362,1.789683894273883e+18,1.7896688545334564e+18
1789673355270114246,11.02,22.9675,1090.1,69.64391323080488,13.51,51.49948085831033,12.294658698462074,1.789683810453485e+18,1.7896688889569068e+18
1789673355470279411,12.064,2.365,49.9,69.61717788725106,13.51,51.49050106911821,12.294257668308767,1.7896837279578842e+18,1.7896689228322386e+18
1789673355670695310,12.0,4.55,152.275,69.60027536594065,13.685,51.47803651971102,12.29400413048911,1.7896836469069737e+18,1.789668956113724e+18
1789673355870853377,11.124,21.4825,464.7,69.59445298542786,13.685,51.47970073247777,12.293916794781419,1.789683567441381e+18,1.7896689887471703e+18
1789673356070981118,11.088,22.0975,1418.15,69.58900126391359,13.5275,51.48281197561832,12.293835018958704,1.789683489320548e+18,1.7896690208316262e+18
1789673356337856943,11.084,21.765,1051.05,69.58374021235794,13.719999999999999,51.4928219708147,12.29375610318537,1.7896834126274296e+18,1.7896690523334124e+18
1789673356671858635,11.088,22.265,1569.15,69.5791628571927,13.719999999999999,51.495674669072805,12.293687442857891,1.7896833372522964e+18,1.7896690832976722e+18
1789673357072351947,11.104,21.4325,1511.85,69.57140044246071,14.0175,51.49742400337989,12.293571006636911,1.789683263225352e+18,1.789669113710802e+18
1789673357473201095,11.112,21.2325,1337.0,69.56327833510332,14.262500000000001,51.49865444800827,12.29344917502655,1.7896831903191985e+18,1.7896691436667835e+18
1789673357874041142,11.144,20.9,803.4,69.55667446189516,14.262500000000001,51.500876643991155,12.293350116928428,1.7896831189538734e+18,1.7896691729921807e+18
1789673358074250366,11.136,21.015,813.375,69.55115600264885,14.507499999999999,51.507892872937475,12.293267340039733,1.7896830490514854e+18,1.7896692017194194e+18
1789673358274367216,11.176,20.435,843.8,69.54527224456366,14.507499999999999,51.5103471014376,12.293179083668456,1.7896829804627794e+18,1.7896692299093468e+18
1789673358608390075,11.176,20.1175,1220.025,69.53706240918503,14.9975,51.5087127058112,12.293055936137776,1.78968291302488e+18,1.7896692576290806e+18
1789673358808855557,11.976,4.415,446.4,69.5154587032335,14.9975,51.49720054794497,12.292731880548503,1.7896828463853176e+18,1.789669285019474e+18
1789673359009318136,11.652,11.2325,1362.3,69.50413626091552,15.084999999999999,51.488401365907535,12.292562043913733,1.7896827805621724e+18,1.7896693120759514e+18
1789673359410195466,11.544,12.7675,880.6,69.4888749381013,15.015,51.479969693562644,12.29233312407152,1.7896827156276168e+18,1.7896693387682232e+18
1789673359744297586,11.592,12.535,1048.975,69.47888738745927,15.015,51.47027186302085,12.29218331081189,1.7896826515557665e+18,1.789669365108344e+18
1789673360011292735,11.716,10.05,1562.8,69.4664930740927,15.049999999999999,51.449803227626774,12.291997396111391,1.7896825882492362e+18,1.7896693911352845e+18
1789673360211447762,11.608,11.93,1492.475,69.45479485377231,15.084999999999999,51.4358024701955,12.291821922806585,1.789682525683631e+18,1.7896694168591741e+18
1789673360411689535,11.62,11.7325,1277.85,69.44257064822277,15.084999999999999,51.425635010500514,12.291638559723342,1.7896824638052186e+18,1.789669442302016e+18
1789673360812503654,11.604,12.1975,800.925,69.43178225222033,15.120000000000001,51.415628460714906,12.291476733783306,1.7896824026862385e+18,1.789669467435198e+18
1789673361012962628,11.596,12.1975,805.825,69.41952456812295,15.120000000000001,51.40558608532998,12.291292868521845,1.7896823421880865e+18,1.7896694923146824e+18
1789673361213315886,12.052,2.8825,820.775,69.39555452268216,15.19,51.386352795633705,12.290933317840233,1.7896822822023073e+18,1.7896695169820052e+18
1789673361547386341,12.116,2.5475,866.4,69.38390295723423,15.19,51.37761102312122,12.290758544358514,1.7896822228947333e+18,1.7896695413727767e+18
1789673361747841092,12.14,2.365,1005.625,69.37523191212065,15.102500000000001,51.36595868133598,12.29062847868181,1.7896821642358072e+18,1.7896695654993759e+18
1789673362148449150,12.132,2.63,1430.5,69.36781185822537,14.8575,51.3519026407521,12.290517177873381,1.7896821062072927e+18,1.78966958937007e+18
1789673362548808662,12.124,2.9825,1088.725,69.36308079006793,14.8575,51.33814392662212,12.29044621185102,1.789682048873828e+18,1.7896696129592594e+18
1789673430333959518,12.188,2.0475,45.725,69.36269328818419,14.507499999999999,51.33374818412912,12.290440399322764,1.7896819992713807e+18,1.789669633519867e+18
1789673430734429565,12.188,2.0175,139.525,69.36173912701634,14.507499999999999,51.32564300625251,12.290426086905246,1.789681950279622e+18,1.7896696538341548e+18
1789673431068440475,12.156,2.9325,425.775,69.36392165505576,14.209999999999999,51.318768849703176,12.290458824825837,1.7896819019122688e+18,1.7896696738971914e+18
1789673431268901854,12.168,2.615,1299.35,69.36500047371008,13.86,51.30950711978087,12.290475007105652,1.7896818541329516e+18,1.789669693723141e+18
1789673431469246545,12.156,2.8975,688.5,69.36770334433677,13.86,51.306926787858245,12.290515550165052,1.7896818069218248e+18,1.7896697133206316e+18
1789673431669500798,12.164,2.9325,462.725,69.3724338294077,13.37,51.30378020995033,12.290586507441116,1.7896817604167378e+18,1.789669732633343e+18
1789673431936677609,12.16,2.9675,1412.1,69.3775800860154,13.37,51.30599730333058,12.290663701290232,1.7896817145429606e+18,1.7896697516921244e+18
1789673432270147395,12.164,2.8625,1032.575,69.3815236682084,12.915,51.30295362699643,12.290722855023127,1.789681669282585e+18,1.7896697705040225e+18
1789673432670503096,12.196,2.7,1512.75,69.39125517803369,12.915,51.30204337660858,12.290868827670506,1.789681624658439e+18,1.7896697890615153e+18
1789673432870658799,12.196,2.565,1339.725,69.44559336242355,12.4775,51.32493418514571,12.291683900436354,1.7896815814207035e+18,1.7896698070675963e+18
1789673433204606679,12.196,2.4175,811.7,69.46881362085958,12.4775,51.33592035728664,12.292032204312894,1.7896815391139108e+18,1.789669824700576e+18
1789673433404848497,12.188,2.8475,838.7,69.49236331448563,12.1275,51.34694299780133,12.292385449717285,1.7896814977985413e+18,1.7896698419351596e+18
1789673433605273823,12.188,2.815,921.1,69.51168679970088,12.1275,51.355946754364886,12.292675301995514,1.7896814573697257e+18,1.7896698588127626e+18
1789673434006236552,12.18,2.8625,1172.55,69.5286843679755,11.795,51.36386620648256,12.292930265519633,1.78968141774804e+18,1.7896698753659267e+18
1789673434272862674,12.192,2.8325,301.525,69.5448531718992,11.795,51.37133818172438,12.293172797578489,1.789681378942217e+18,1.7896698915903764e+18
1789673434606420943,12.204,2.65,920.175,69.56092884722003,11.532499999999999,51.37879481022207,12.293413932708301,1.7896813410178227e+18,1.7896699074588344e+18
1789673435007116229,12.192,2.65,1169.75,69.57087239286189,11.532499999999999,51.383373129823454,12.293563085892929,1.7896813039525665e+18,1.789669922978196e+18
1789673435340885987,12.2,2.735,292.975,69.58201169789476,11.2875,51.38844216154227,12.293730175468422,1.7896812676775222e+18,1.7896699381771763e+18
1789673435541272838,12.204,2.65,894.075,69.59336185959877,11.2875,51.39363584654812,12.293900427893982,1.789681232159076e+18,1.789669953069453e+18
1789673435741746073,12.208,2.765,1090.1,69.60339704120867,10.99,51.39811499095257,12.29405095561813,1.7896811972012035e+18,1.7896699677354442e+18
1789673435942204496,12.204,2.7975,49.9,69.61100881530587,10.99,51.401445168054366,12.294165132229589,1.789681162783104e+18,1.7896699821828997e+18
1789673436142353321,12.196,2.815,152.275,69.6155212776183,10.9025,51.40332434146001,12.294232819164275,1.7896811288052316e+18,1.7896699964522092e+18
1789673436409298015,12.2,2.7825,464.7,69.61826305640156,10.9025,51.40498769008395,12.294273945846024,1.7896810956824566e+18,1.7896700103713185e+18
1789673436742907339,12.192,3.2,1418.15,69.64655351700151,10.762500000000001,51.44003725061212,12.294698302755023,1.789681063615478e+18,1.7896700238642765e+18
1789673437143444568,12.2,2.9475,1051.05,69.67173044608006,10.762500000000001,51.471766836637286,12.295075956691202,1.7896810324099354e+18,1.7896700370103363e+18
1789673437544295378,12.196,2.9475,1569.15,69.69543414923088,10.71,51.501525991338134,12.295431512238464,1.7896810020460774e+18,1.789670049817372e+18
1789673437744765892,12.192,3.13,1511.85,69.71720695468184,10.71,51.52490525268785,12.295758104320228,1.7896809723869187e+18,1.7896700623406403e+18
1789673437945225148,12.228,2.3975,1337.0,69.73844090634525,10.64,51.54772520384046,12.29607661359518,1.7896809433994552e+18,1.7896700745934991e+18
1789673438278775114,12.216,2.715,803.4,69.75856543657666,10.64,51.56672569269607,12.29637848154865,1.7896809150322847e+18,1.7896700865971003e+18
1789673438478838876,12.124,4.2475,813.375,69.774241979643,10.5175,51.58183983579547,12.296613629694646,1.7896808872361027e+18,1.7896700983703734e+18
1789673438879462753,11.792,10.765,843.8,69.79203325783838,10.5175,51.60197101322863,12.296880498867576,1.7896808600533704e+18,1.78967010989655e+18
1789673439280390408,11.772,10.565,936.65,69.80443076410914,10.5175,51.62051684178006,12.297066461461638,1.7896808334275645e+18,1.7896701211976182e+18
1789673439614380189,11.652,12.6975,1220.025,69.81937599319568,10.57,51.64624100104163,12.297290639897936,1.7896808073081603e+18,1.7896701322947738e+18
1789673439814840556,11.616,13.6175,446.4,69.83503123046103,10.57,51.67112381216805,12.297525468456916,1.7896807816798487e+18,1.7896701431940288e+18
1789673440015149707,11.524,14.85,1362.3,69.84585773536996,10.85,51.694432046811734,12.29768786603055,1.7896807564521772e+18,1.7896701539317071e+18
1789673440215277413,12.168,2.0325,880.6,69.84541719869296,10.85,51.702585652671175,12.297681257980395,1.7896807314793144e+18,1.7896701645649165e+18
1789673440415407780,12.092,4.03,1048.975,69.85084868771874,10.9725,51.712922877686665,12.297762730315782,1.7896807067921206e+18,1.789670175082464e+18
1789673440615700289,12.148,3.08,1562.8,69.85699608786251,10.9725,51.72283547245471,12.297854941317938,1.7896806824353188e+18,1.789670185466103e+18
1789673440816146008,11.82,9.115,1492.475,69.86209001864712,10.9025,51.73628747623605,12.297931350279708,1.7896806586692242e+18,1.7896701956069053e+18
1789673441016600613,11.812,9.715,1277.85,69.86699623887662,10.9025,51.741638012407215,12.29800494358315,1.7896806354297587e+18,1.7896702055314015e+18
1789673441216973611,11.844,8.75,622.875,69.8655399205365,10.9725,51.73860740727702,12.297983098808048,1.7896806125303665e+18,1.789670215315365e+18
1789673441617824253,10.96,25.93,262.45,69.86919751039036,10.9725,51.747030369226145,12.298037962655856,1.7896805899597852e+18,1.7896702249657457e+18
1789673441951946517,10.608,32.565,800.925,69.86670962650923,11.0775,51.7392765573188,12.29800064439764,1.7896805678198966e+18,1.7896702344379154e+18
1789673442218761370,11.004,24.7475,805.825,69.86443991481775,11.0775,51.73629935511246,12.297966598722267,1.7896805460261302e+18,1.7896702437668915e+18
1789673442420545140,10.312,38.08,820.775,69.86392731657598,11.6025,51.73533169896494,12.29795890974864,1.7896805246043894e+18,1.7896702529424256e+18
1789673442620646783,10.316,38.515,866.4,69.86666853407063,11.6025,51.740821404636016,12.29800002801106,1.7896805035083999e+18,1.789670261984341e+18
1789673442820954440,10.192,40.2825,1005.625,69.8710179097472,12.2325,51.75075254824894,12.298065268646209,1.7896804827758595e+18,1.7896702708776215e+18
1789673443154782682,10.104,41.9325,1430.5,69.8738084811053,13.125,51.75652951578352,12.29810712721658,1.7896804623158643e+18,1.789670279660079e+18
1789673443355240353,10.176,40.95,1088.725,69.87533792673939,13.125,51.76024497916781,12.298130068901092,1.7896804420508436e+18,1.7896702883629115e+18
1789673443755947105,10.064,42.5825,45.725,69.88537852087482,13.8075,51.78337388511533,12.298280677813123,1.7896804221422057e+18,1.7896702969220027e+18
1789673444156549991,11.276,17.8325,139.525,69.87937697604146,13.8075,51.79530334873918,12.298190654640623,1.789680402375013e+18,1.7896703054222804e+18
1789673444356709781,10.832,27.4825,425.775,69.8798104581218,14.455,51.80268634199192,12.298197156871828,1.7896803827526746e+18,1.7896703138634153e+18
1789673444557014477,10.688,30.2,1299.35,69.88401550917214,14.787499999999998,51.81865114861547,12.298260232637583,1.7896803634016407e+18,1.7896703221938941e+18
1789673444757388027,10.688,30.315,688.5,69.88382016072634,14.787499999999998,51.82172199582508,12.298257302410896,1.7896803442111296e+18,1.7896703304584735e+18
1789673444957855010,10.904,26.015,462.725,69.88563073604506,15.2075,51.83434382117214,12.298284461040677,1.7896803251480015e+18,1.7896703386714824e+18
1789673445158322647,11.664,10.565,1412.1,69.87102953799578,15.6275,51.82911069453743,12.298065443069937,1.7896803060906716e+18,1.7896703468794785e+18
1789673445358784570,11.576,11.8175,1032.575,69.8550531533913,15.697500000000002,51.82728831623333,12.29782579730087,1.7896802869876675e+18,1.7896703551033178e+18
1789673445559181492,11.016,23.9175,1512.75,69.85122003627112,15.697500000000002,51.824489052285074,12.297768300544067,1.7896802680462236e+18,1.7896703632600435e+18
1789673445759665201,10.992,24.8325,1339.725,69.84940011121235,15.977500000000001,51.82195348781837,12.297741001668186,1.7896802494994158e+18,1.7896703712527903e+18
1789673445960061529,11.0,24.08,811.7,69.84635423753996,16.2925,51.8223831047011,12.2976953135631,1.7896802312770097e+18,1.7896703791106698e+18
1789673446293583713,11.068,23.0825,838.7,69.8447132121066,16.625,51.824696242942586,12.2976706981816,1.7896802131766884e+18,1.789670386918657e+18
1789673446694082855,11.052,23.58,921.1,69.84188827681955,16.625,51.820611336853496,12.297628324152294,1.7896801952266934e+18,1.7896703946650447e+18
1789673447295176835,11.144,21.25,301.525,69.83668940636672,17.22,51.816156119557306,12.297550341095501,1.7896801773988342e+18,1.789670402361418e+18
1789673447495573376,11.08,22.0825,920.175,69.83021974439872,17.395,51.81226696465191,12.297453296165981,1.7896801596413942e+18,1.7896704100276488e+18
1789673447696039165,12.02,2.8625,1169.75,69.80139923891922,17.395,51.80086874674709,12.297020988583789,1.78968014199536e+18,1.7896704176410972e+18
1789673447896503943,11.844,7.415,292.975,69.78575984616711,17.605,51.784505808967005,12.296786397692507,1.7896801245506214e+18,1.7896704251677243e+18
1789673448230206025,11.612,12.365,894.075,69.77817325307292,17.4475,51.77819893482645,12.296672598796095,1.7896801073463357e+18,1.7896704325934492e+18
1789673448630447353,11.464,15.165,1090.1,69.77085898458486,17.4475,51.771509700814136,12.296562884768774,1.7896800903833935e+18,1.7896704399182513e+18
1789673449031142623,11.46,15.315,49.9,69.76570022584923,17.4475,51.767720632451315,12.29648550338774,1.7896800737617265e+18,1.7896704471016297e+18
1789673449431578869,11.448,15.5825,152.275,69.79616897252914,17.5,51.78784907592704,12.296942534587938,1.7896800577364288e+18,1.7896704540454728e+18
1789673449831849380,11.48,15.0325,464.7,69.81846719221241,17.587500000000002,51.803126523422684,12.297277007883187,1.7896800422435072e+18,1.789670460774517e+18
1789673450098744778,11.436,16.18,1418.15,69.83787626525462,17.622500000000002,51.81574338352276,12.29756814397882,1.7896800272143703e+18,1.7896704673160415e+18
1789673450298919951,11.428,16.18,1051.05,69.85169310906059,17.78,51.826113582298014,12.29777539663591,1.7896800124909965e+18,1.789670473734142e+18
1789673450699741907,11.46,15.285,1569.15,69.86008189284934,17.78,51.83465771932876,12.29790122839274,1.7896799980612972e+18,1.7896704800329907e+18
1789673451166955547,11.428,15.65,1511.85,69.86494331942002,17.99,51.84255004612802,12.297974149791301,1.7896799839173007e+18,1.7896704862154248e+18
1789673451433809048,11.468,14.5175,1337.0,69.86548500723735,18.13,51.84923914847957,12.297982275108561,1.7896799699463442e+18,1.7896704923265756e+18
1789673451901476872,11.464,15.23,803.4,69.8672249800207,18.252499999999998,51.85403975836601,12.298008374700311,1.7896799562302339e+18,1.7896704983333435e+18
1789673452301854499,11.476,15.4975,813.375,69.87086994792496,18.445,51.857642029945076,12.298063049218875,1.78967994272585e+18,1.7896705042538173e+18
1789673452501947827,12.072,3.05,843.8,69.85780604247232,18.48,51.8512292032182,12.297867090637085,1.7896799292470024e+18,1.7896705101611054e+18
1789673452768761817,12.096,2.9475,936.65,69.8477046328059,18.48,51.84620712262878,12.29771556949209,1.7896799158109071e+18,1.7896705160488338e+18
1789673453169172471,12.052,3.9475,1220.025,69.83969963382755,18.305,51.84250807920043,12.297595494507414,1.7896799024978693e+18,1.7896705218846326e+18
1789673453436119180,12.052,3.9825,446.4,69.83046059909242,18.235,51.838117318441874,12.297456908986387,1.789679889251038e+18,1.789670527691455e+18
1789673453836399363,12.008,5.2175,1362.3,69.82275539490868,18.060000000000002,51.834391317671866,12.297341330923631,1.789679876059289e+18,1.7896705334746204e+18
1789673454036585967,11.956,6.465,880.6,69.81863317360293,17.745,51.83234943767961,12.297279497604045,1.7896798629300541e+18,1.7896705392312678e+18
1789673454303406242,11.9,7.4,1048.975,69.81265186577133,17.535,51.82962292780873,12.29718977798657,1.7896798498251487e+18,1.789670544977273e+18
1789673454570262336,11.776,9.9975,1562.8,69.80813849097825,17.535,51.82733939363521,12.297122077364675,1.7896798367599375e+18,1.789670550706428e+18
1789673454970666237,11.728,10.265,1492.475,69.79672935395634,17.325,51.823205398903426,12.296950940309346,1.789679823719906e+18,1.7896705564235453e+18
1789673455170757966,12.172,1.8975,1277.85,69.78349293860187,17.115,51.816076257374014,12.296752394079029,1.7896798106613699e+18,1.7896705621459804e+18
1789673455437610795,12.168,2.215,622.875,69.77256593917794,16.7825,51.810197104090186,12.29658848908767,1.7896797975792097e+18,1.7896705678765297e+18
1789673455704429605,12.16,2.68,262.45,69.76625510319496,16.7825,51.806739146459826,12.296493826547925,1.789679784499062e+18,1.789670573605614e+18
1789673456104709508,12.176,2.5475,800.925,69.75987364584213,16.397499999999997,51.803185345451325,12.296398104687633,1.789679771822881e+18,1.789670579165603e+18
1789673456571798261,12.152,2.9675,805.825,69.7520846644586,15.959999999999999,51.79886993019915,12.29628126996688,1.7896797593848033e+18,1.789670584625598e+18
1789673456839086837,12.14,3.3325,820.775,69.74705866643146,15.959999999999999,51.79595045032272,12.296205879996473,1.789679747172565e+18,1.7896705899909604e+18
1789673457105783813,12.148,3.25,866.4,69.74027124131814,15.575000000000001,51.792053954915126,12.296104068619773,1.7896797350253568e+18,1.7896705953285507e+18
1789673457306135579,12.156,3.2975,1005.625,69.73327357435018,15.155000000000001,51.791676396115136,12.295999103615253,1.789679722864981e+18,1.7896706006706414e+18
1789673457706529055,12.2,2.265,1430.5,69.76889915763216,15.155000000000001,51.85146390458032,12.296533487364483,1.7896797111163884e+18,1.7896706058501655e+18
1789673457973500563,12.212,2.0675,1088.725,69.79747503430758,14.77,51.89779839743156,12.296962125514614,1.7896796997038684e+18,1.789670610896733e+18
1789673458373909611,12.196,2.665,45.725,69.82880897270665,14.315,51.94435931828972,12.2974321345906,1.7896796886441416e+18,1.789670615804189e+18
1789673458840845950,12.18,2.8625,139.525,69.86187485925768,14.315,51.99573531925104,12.297928122888866,1.789679677997627e+18,1.7896706205478963e+18
1789673459041307337,11.608,14.1675,425.775,69.87744624970472,14.052499999999998,52.01420936753805,12.298161693745572,1.7896796675169498e+18,1.7896706252262036e+18
1789673459241772829,10.588,34.85,1299.35,69.8821820681498,14.052499999999998,52.013757237787054,12.298232731022248,1.7896796571326894e+18,1.789670629865579e+18
1789673459442039478,10.5,35.6825,688.5,69.89444019360481,14.087500000000002,52.03233433924799,12.298416602904073,1.789679646883225e+18,1.7896706344516324e+18
1789673459842957408,10.52,34.515,462.725,69.9040305757075,14.455,52.04856964655813,12.298560458635613,1.789679636811624e+18,1.7896706389665034e+18
1789673460109933862,10.512,34.6675,1412.1,69.91456313010261,14.455,52.066842157186876,12.29871844695154,1.7896796268616054e+18,1.7896706434333256e+18
1789673460310064300,10.616,32.35,1032.575,69.94236071970555,14.8925,52.119014574410535,12.299135410795584,1.7896796171965724e+18,1.7896706477874913e+18
1789673460710391418,10.612,32.6475,1512.75,69.95552070673384,15.242500000000001,52.14371440551427,12.299332810601008,1.7896796077311183e+18,1.7896706520620767e+18
1789673461111122056,10.588,32.535,1339.725,69.95817102500244,15.592500000000001,52.150467580031034,12.299372565375037,1.7896795983737265e+18,1.7896706562930025e+18
1789673461511897223,11.98,2.8625,811.7,69.91683218662703,15.592500000000001,52.12007220785369,12.298752482799406,1.7896795887058084e+18,1.7896706606452326e+18
1789673461712011431,12.032,3.115,838.7,69.9307225940548,15.924999999999999,52.12636103230311,12.298960838910823,1.789679579187152e+18,1.7896706649383416e+18
1789673461979108137,11.704,10.65,921.1,69.95281894539865,15.802499999999998,52.14008129775889,12.29929228418098,1.7896795702007158e+18,1.789670669014084e+18
1789673462379356836,11.556,13.5825,1172.55,69.94923008507175,15.802499999999998,52.14681469339231,12.299238451276077,1.7896795614623404e+18,1.7896706729857828e+18
1789673462579562067,11.524,14.33,301.525,69.94950096466393,15.785,52.15836133701691,12.29924251446996,1.7896795529700472e+18,1.789670676854618e+18
1789673462779713454,11.464,15.3975,920.175,69.9523390510074,15.855,52.17627950208556,12.299285085765112,1.7896795446960532e+18,1.789670680632682e+18
1789673462979827357,11.4,16.18,1169.75,69.94943567222509,15.995000000000001,52.184670911225325,12.299241535083377,1.7896795365696364e+18,1.7896706843482836e+18
1789673463246868793,11.38,16.9675,292.975,69.94893774783004,15.995000000000001,52.19373613025544,12.299234066217451,1.7896795286426934e+18,1.789670687980545e+18
1789673463647239425,11.372,17.015,894.075,69.94797076326094,16.1175,52.2028675863801,12.299219561448915,1.7896795208852636e+18,1.7896706915422154e+18
1789673463914072237,12.072,2.15,1090.1,69.92018923019081,16.1525,52.1884816686858,12.298802838452863,1.7896795130283448e+18,1.789670695139537e+18
1789673464114282871,11.9,6.4,49.9,69.90929778525282,16.1525,52.189473801224864,12.298639466778793,1.7896795052303444e+18,1.7896706987098765e+18
1789673464514507658,11.584,12.93,152.275,69.90738788969367,16.064999999999998,52.20034001705844,12.298610818345406,1.78967949756236e+18,1.7896707022259935e+18
1789673464781333468,11.532,13.865,464.7,69.90103764072238,15.8725,52.19540670114512,12.298515564610836,1.7896794899944036e+18,1.7896707056991985e+18
1789673464981393940,11.46,14.965,1418.15,69.89546179321056,15.8725,52.198263205039694,12.298431926898159,1.789679482466087e+18,1.7896707091546043e+18
1789673465381747740,12.14,1.5975,1051.05,69.87655982441066,15.75,52.18675446791847,12.29814839736616,1.7896794748769367e+18,1.7896707126319437e+18
1789673465582115469,12.172,1.4325,1569.15,69.86442102724997,15.540000000000001,52.18194903673209,12.29796631540875,1.789679467292935e+18,1.7896707161046226e+18
1789673465849393971,12.184,1.4975,1511.85,69.85275809048393,15.540000000000001,52.16414028500266,12.29779137135726,1.7896794596939553e+18,1.7896707195814252e+18
1789673466249927232,12.2,1.5175,1337.0,69.8476799186977,15.084999999999999,52.15955344945762,12.297715198780466,1.7896794521564777e+18,1.7896707230320092e+18
1789673466650265485,12.208,1.5325,803.4,69.84908473055125,14.665000000000001,52.15380477001072,12.29773627095827,1.789679444754041e+18,1.7896707264270195e+18
1789673467117903704,12.22,1.4825,843.8,69.85211900074245,14.069999999999999,52.15006604538151,12.297781785011138,1.7896794375152453e+18,1.789670729755125e+18
1789673467518760779,12.224,1.5175,936.65,69.88570695227554,14.069999999999999,52.1666130412022,12.298285604284134,1.7896794306498476e+18,1.789670732934717e+18
1789673467786092862,12.232,1.5825,1220.025,69.90059139707519,13.51,52.17236886262984,12.298508870956129,1.7896794239711176e+18,1.7896707360395507e+18
1789673467986112590,12.236,1.5325,446.4,69.90905859376511,13.51,52.17465750943027,12.298635878906477,1.7896794175174292e+18,1.7896707390519396e+18
1789673468186214923,12.236,1.5325,1362.3,69.91879216763107,13.020000000000001,52.17620947742671,12.298781882514467,1.789679411224035e+18,1.789670741999208e+18
1789673468586979497,12.248,1.5325,880.6,69.93208306348376,13.020000000000001,52.17814846689178,12.298981245952257,1.7896794051785032e+18,1.7896707448461527e+18
1789673468987687174,12.252,1.4825,1048.975,69.94081586186165,12.495,52.18191497066987,12.299112237927925,1.789679399306577e+18,1.78967074762285e+18
1789673469254932385,12.252,1.4975,1562.8,69.95136306558312,12.495,52.18402717198792,12.299270445983748,1.789679393571748e+18,1.7896707503444756e+18
1789673469455218237,12.256,1.5175,1492.475,69.9628217651465,11.9525,52.186719598177355,12.299442326477198,1.7896793879664192e+18,1.7896707530141768e+18
1789673469855993741,12.264,1.5175,1277.85,69.9911295054968,11.9525,52.201410170843566,12.299866942582453,1.789679382724743e+18,1.7896707555380524e+18
1789673470256487045,12.264,1.5175,622.875,70.01247469027864,11.3575,52.216353743722024,12.300249493805573,1.7896793777181153e+18,1.789670757968524e+18
1789673470523390336,12.268,1.4975,262.45,70.03081380406344,11.3575,52.230726964157995,12.30061627608127,1.7896793729247972e+18,1.789670760313424e+18
1789673470924218898,12.268,1.5825,800.925,70.04594325517449,10.745,52.24254089153085,12.30091886510349,1.789679368339887e+18,1.789670762574556e+18
1789673471325133862,12.272,1.5175,805.825,70.06046429752465,10.745,52.2537233291387,12.301209285950494,1.789679363995683e+18,1.7896707647381865e+18
1789673471592306909,12.272,1.5325,820.775,70.0687426142858,10.167499999999999,52.26167451130967,12.301374852285717,1.7896793597949778e+18,1.7896707668434693e+18
1789673471792776399,12.284,1.5675,866.4,70.093210154885,10.167499999999999,52.31376021238999,12.3018642030977,1.7896793558630659e+18,1.7896707688410163e+18
1789673472593974068,12.24,2.0475,1005.625,70.10960950330742,10.167499999999999,52.34697507516588,12.30219219006615,1.789679352190189e+18,1.789670770734991e+18
1789673472994274260,12.26,1.765,1430.5,70.11864928961761,9.957500000000001,52.35430808841969,12.302372985792353,1.7896793486308127e+18,1.7896707725837376e+18
1789673473261484826,12.22,2.4825,1088.725,70.13147885894762,9.957500000000001,52.37589239532944,12.302629577178953,1.7896793452086636e+18,1.789670774377612e+18
1789673473662407845,10.66,33.45,45.725,70.12295846158752,9.8525,52.34205417878255,12.302459169231751,1.7896793420360468e+18,1.7896707760650563e+18
1789673474063055169,10.692,32.7475,139.525,70.11795473026659,9.8525,52.31975232595157,12.302359094605333,1.789679339126721e+18,1.7896707776411415e+18
1789673474329851617,10.564,34.1325,425.775,70.11852487603363,10.3075,52.31992818462668,12.302370497520673,1.7896793364655286e+18,1.7896707791129142e+18
1789673474596763374,11.952,5.2675,1299.35,70.1097201211163,10.3075,52.3214312023731,12.302194402422327,1.7896793339412324e+18,1.7896707805250698e+18
1789673474997252286,10.924,27.515,688.5,70.10289502638487,11.042499999999999,52.29004068031528,12.302057900527698,1.7896793315761956e+18,1.7896707818691822e+18
1789673475264537526,10.796,29.4675,462.725,70.1038200569659,11.042499999999999,52.29047666527971,12.302076401139319,1.7896793293808484e+18,1.7896707831420116e+18
1789673475665459729,10.94,26.1325,1412.1,70.10105625574246,11.532499999999999,52.27993988576942,12.30202112511485,1.789679327383292e+18,1.78967078433146e+18
1789673476066261785,11.076,22.735,1032.575,70.10163974055652,11.532499999999999,52.28888607178322,12.302032794811131,1.7896793255048317e+18,1.7896707854712425e+18
1789673476266351712,11.148,21.465,1512.75,70.10338617495931,12.18,52.30190997759053,12.302067723499187,1.7896793236681897e+18,1.7896707865934428e+18
1789673476533213383,11.404,15.665,1339.725,70.1031531062786,12.18,52.324019239886006,12.302063062125573,1.7896793220132022e+18,1.7896707876390019e+18
1789673476934024110,12.056,3.015,811.7,70.08888656825299,12.6875,52.315130092205216,12.30177773136506,1.7896793204505994e+18,1.789670788642978e+18
1789673477334723188,11.784,8.5675,838.7,70.07942570856754,12.8275,52.30788550734319,12.301588514171351,1.789679318988524e+18,1.7896707896029056e+18
1789673477601367913,11.036,24.185,921.1,70.07925246575572,12.8275,52.30725860283463,12.301585049315115,1.7896793176597445e+18,1.7896707905065736e+18
1789673478469130956,10.972,25.2325,1172.55,70.07971828597411,13.055,52.3105047157689,12.301594365719483,1.7896793165860342e+18,1.7896707913049341e+18
1789673478869145097,10.96,25.15,301.525,70.10889226166233,13.055,52.339881485217255,12.302177845233247,1.7896793159938831e+18,1.7896707919072858e+18
1789673479136029456,10.928,25.6,920.175,70.12985038126816,13.5275,52.36423553063608,12.302597007625364,1.7896793157070833e+18,1.7896707923856215e+18
1789673479803180609,10.992,24.3675,1169.75,70.14643682080352,14.052499999999998,52.384635416256415,12.30292873641607,1.7896793158082243e+18,1.789670792706177e+18
1789673480470217140,10.96,24.9325,292.975,70.16114739774889,14.052499999999998,52.40413429767544,12.303222947954978,1.7896793160666737e+18,1.789670792964793e+18
1789673480937587474,10.984,23.9325,894.075,70.17267977257465,14.507499999999999,52.42608390187696,12.303453595451494,1.7896793167113684e+18,1.7896707930638415e+18
1789673481337855445,11.02,22.8,1090.1,70.18183473367355,14.91,52.44961831458105,12.303636694673472,1.789679317620277e+18,1.7896707930538365e+18
1789673481538055610,11.056,21.85,49.9,70.18940625203454,14.91,52.473439973160644,12.303788125040692,1.7896793187664786e+18,1.7896707929451569e+18
1789673481805158191,11.0,23.58,152.275,70.1956215129681,15.120000000000001,52.490952344997176,12.303912430259363,1.7896793201471703e+18,1.7896707927389046e+18
1789673482071982995,11.044,22.65,464.7,70.19984892675629,15.3125,52.50707348085442,12.303996978535126,1.7896793216974743e+18,1.7896707924618194e+18
1789673482472272427,11.092,21.815,1418.15,70.20251809826775,15.3125,52.52061132694431,12.304050361965356,1.7896793234557865e+18,1.7896707920978803e+18
1789673482872658630,11.064,21.78,1051.05,70.20471307632084,15.6275,52.53872953813944,12.304094261526417,1.789679325464608e+18,1.7896707916291576e+18
1789673483073012022,11.116,21.1175,1569.15,70.20633516643196,15.977500000000001,52.55292606206025,12.30412670332864,1.7896793277993953e+18,1.7896707910229793e+18
1789673483340312191,11.12,20.5975,1511.85,70.20518368037328,15.977500000000001,52.56811764983061,12.304103673607466,1.78967933042953e+18,1.7896707902918428e+18
1789673483740933649,11.124,20.85,1337.0,70.20260903773126,16.2925,52.579473890125584,12.304052180754626,1.7896793333012462e+18,1.7896707894585485e+18
1789673483940807041,11.232,19.2475,803.4,70.20052469809188,16.502499999999998,52.602052765264986,12.304010493961838,1.7896793364306752e+18,1.7896707885158013e+18
1789673484207586352,11.232,18.965,813.375,70.22914025643513,16.712500000000002,52.69292486732101,12.304582805128703,1.789679340013415e+18,1.7896707873880812e+18
1789673484607878357,11.164,20.5475,843.8,70.24607242877357,16.712500000000002,52.74952924729894,12.304921448575472,1.7896793439150538e+18,1.7896707861297859e+18
1789673484874807689,11.2,19.8325,936.65,70.2597733086267,16.8875,52.798252498117634,12.305195466172535,1.789679348148763e+18,1.7896707847342418e+18
1789673485141703713,11.224,19.1675,1220.025,70.27115785757728,16.939999999999998,52.8425225140433,12.305423157151546,1.7896793526976274e+18,1.789670783208122e+18
1789673485542053367,11.188,19.915,446.4,70.28769162851007,16.9925,52.89936472771983,12.305753832570202,1.7896793575756887e+18,1.7896707815469932e+18
1789673485942287834,11.22,19.7825,1362.3,70.3095513362255,16.9925,52.96410013962449,12.30619102672451,1.7896793631190597e+18,1.789670779610427e+18
1789673486142408250,11.236,19.38,880.6,70.32933436786111,17.0625,53.02422333907719,12.306586687357223,1.7896793691884948e+18,1.789670777455982e+18
1789673486609591305,12.04,2.815,1048.975,70.34593611400862,17.1325,53.102470218540006,12.306918722280173,1.7896793757479565e+18,1.7896707750990044e+18
1789673486876746464,12.016,4.015,1562.8,70.36257103052453,17.1325,53.168501724552016,12.307251420610491,1.7896793827797878e+18,1.789670772546301e+18
1789673487076919346,11.7,11.215,1492.475,70.3954809753405,16.87,53.25520554699221,12.30790961950681,1.7896793903841905e+18,1.7896707697589576e+18
1789673487477455190,11.5,15.0675,1277.85,70.43868975796286,16.537499999999998,53.36573712232949,12.308773795159258,1.7896793985496968e+18,1.7896707667447293e+18
1789673487744438257,11.228,19.45,622.875,70.47230745717215,16.4325,53.46090339757033,12.309446149143444,1.7896794072892477e+18,1.7896707634955533e+18
1789673487944906299,11.06,22.8825,262.45,70.5061269117907,16.4325,53.553398710338286,12.310122538235815,1.789679416574655e+18,1.7896707600231035e+18
1789673488345172848,10.98,24.58,800.925,70.50496490106732,16.52,53.544373609333164,12.310099298021347,1.7896794261083704e+18,1.78967075644587e+18
1789673488612263191,11.8,7.865,805.825,70.52740942499598,16.6425,53.56639172897552,12.31054818849992,1.7896794360406825e+18,1.789670752705225e+18
1789673489013143676,11.412,15.6,820.775,70.54593775318779,16.66,53.590016866802884,12.310918755063756,1.789679446444762e+18,1.7896707487699587e+18
1789673489413888092,11.212,19.565,866.4,70.56449894931232,16.66,53.61258821340271,12.311289978986247,1.7896794572534351e+18,1.789670744668317e+18
1789673489680927717,11.048,23.18,1005.625,70.56894410885944,16.712500000000002,53.61546042815998,12.31137888217719,1.789679468322917e+18,1.789670740457333e+18
1789673489947932775,11.072,22.415,1430.5,70.57493485334011,16.8875,53.62279870078882,12.311498697066803,1.789679479598786e+18,1.789670736160277e+18
1789673490148074019,11.948,4.2675,1088.725,70.56156865358945,17.08,53.609822684782756,12.31123137307179,1.7896794909055427e+18,1.7896707318466363e+18
1789673490548420478,11.884,6.05,45.725,70.56461959793337,17.08,53.6137497622851,12.311292391958668,1.789679502408113e+18,1.789670727451258e+18
1789673490948948997,11.388,16.3475,139.525,70.56410406006444,17.08,53.61684713333214,12.31128208120129,1.7896795140765015e+18,1.7896707229859955e+18
1789673491149220210,11.304,17.7675,425.775,70.5638651386823,17.1675,53.61827957034005,12.311277302773647,1.7896795258311357e+18,1.7896707184836844e+18
1789673491416315393,11.264,18.6825,1299.35,70.5799261611144,17.1675,53.638643905502484,12.311598523222289,1.789679537798072e+18,1.7896707138950344e+18
1789673491817202548,11.252,18.5,688.5,70.59119135294657,17.22,53.65786908486175,12.311823827058932,1.7896795499894275e+18,1.7896707092143734e+18
1789673492017428959,11.216,19.565,462.725,70.59284134598583,17.36,53.6641675691306,12.311856826919717,1.7896795623403635e+18,1.7896707044662602e+18
1789673492284321807,11.244,19.2175,1412.1,70.5964194721777,17.5525,53.66915647062624,12.311928389443555,1.7896795748664876e+18,1.7896706996447772e+18
1789673492684971998,11.248,19.1325,1032.575,70.59877171399094,17.6925,53.673340920455495,12.31197543427982,1.7896795875555725e+18,1.7896706947552097e+18
1789673492952254017,12.048,3.7975,1339.725,70.59144305710781,17.622500000000002,53.662857245264696,12.311828861142157,1.789679600281592e+18,1.7896706898480548e+18
1789673493152744135,12.02,4.2975,811.7,70.58312505761613,17.377499999999998,53.65373909320336,12.311662501152323,1.7896796130261804e+18,1.7896706849305994e+18
1789673493553593726,12.052,3.8825,838.7,70.57779823612832,17.1675,53.64523257046615,12.311555964722567,1.7896796258703165e+18,1.7896706799700933e+18
1789673493954391697,12.052,3.8975,921.1,70.57310457312836,17.1675,53.63585834692915,12.311462091462568,1.7896796388831916e+18,1.789670674937564e+18
1789673494154483189,11.928,6.88,1172.55,70.57483152228323,16.9925,53.63242249630318,12.311496630445665,1.789679652122456e+18,1.7896706698094282e+18
1789673494621388998,11.972,5.05,301.525,70.56780278465389,16.7825,53.62292769841463,12.311356055693079,1.7896796655792594e+18,1.7896706645884465e+18
1789673494888221190,12.144,2.4175,920.175,70.5772511776752,16.59,53.63042309576307,12.311545023553505,1.7896796916729684e+18,1.7896706540136957e+18
1789673495088438278,12.144,2.615,1169.75,70.58636437140605,16.59,53.63794504032529,12.311727287428122,1.789679717828537e+18,1.7896706434146122e+18
1789673495489171755,12.216,1.4825,292.975,70.59060720948034,16.2925,53.6389537883032,12.311812144189608,1.7896797440605248e+18,1.7896706327845524e+18
1789673495889826380,12.216,1.5175,894.075,70.58779121098702,15.959999999999999,53.637362037850025,12.311755824219741,1.7896797702700173e+18,1.7896706221637494e+18
1789673496290060066,12.228,1.5175,1090.1,70.5856999932588,15.959999999999999,53.63772568351861,12.311713999865177,1.789679796544224e+18,1.7896706115151498e+18
1789673496490405972,12.228,1.5175,49.9,70.61502587704281,15.522499999999999,53.7197709612371,12.312300517540857,1.7896798231516513e+18,1.789670600732203e+18
1789673496757595038,12.24,1.5175,152.275,70.64923840607874,15.084999999999999,53.80746634708831,12.312984768121575,1.7896798501909857e+18,1.7896705897745416e+18
1789673497158446210,12.236,1.4975,464.7,70.67408789274283,15.084999999999999,53.87265874247817,12.313481757854857,1.789679877609156e+18,1.7896705786627807e+18
1789673497558809574,12.244,1.4475,1418.15,70.69856607549488,14.717500000000001,53.93699260153737,12.313971321509898,1.7896799054115005e+18,1.7896705673946742e+18
1789673497959595492,12.248,1.4975,1051.05,70.723488943878,14.717500000000001,54.00026831989953,12.31446977887756,1.7896799336171456e+18,1.7896705559623002e+18
1789673498226498237,12.248,1.5475,1569.15,70.72542262392732,14.385000000000002,53.99954227491008,12.314508452478547,1.7896799619571712e+18,1.7896705444731023e+18
1789673498626968813,12.256,1.4825,1511.85,70.74783889039942,14.0175,54.0089324212613,12.31495677780799,1.7896799906808607e+18,1.789670532827378e+18
1789673499027495294,12.26,1.5175,1337.0,70.7804383109841,14.0175,54.04040216941296,12.315608766219682,1.789680020254764e+18,1.7896705208289672e+18
1789673499294876733,12.268,1.4825,803.4,70.80911038451941,13.685,54.067965339594714,12.316182207690389,1.789680050310371e+18,1.789670508633517e+18
1789673499694987215,12.264,1.4825,813.375,70.83323690095405,13.685,54.09117483737318,12.316664738019082,1.78968008099129e+18,1.7896704961790666e+18
1789673499895429134,12.272,1.5675,843.8,70.85607350778503,13.37,54.11319252531882,12.317121470155701,1.7896801120720947e+18,1.789670483560622e+18
1789673500162404043,12.264,1.4475,936.65,70.87490122109931,13.37,54.13135712911706,12.317498024421987,1.7896801437842865e+18,1.7896704706785244e+18
1789673500562821496,12.272,1.5175,1220.025,70.89245546673249,13.0375,54.148088138300004,12.31784910933465,1.789680176029144e+18,1.7896704575753093e+18
1789673500963094925,12.272,1.5175,446.4,70.90908345938239,13.0375,54.16408753435363,12.318181669187648,1.7896802087717827e+18,1.7896704442657592e+18
1789673501163566553,12.272,1.5825,1362.3,70.92473986167985,12.705,54.17915646177283,12.318494797233598,1.7896802421301885e+18,1.7896704306983183e+18
1789673501430858671,12.252,2.0825,880.6,70.94045398882008,12.705,54.193983292881356,12.318809079776402,1.789680275936848e+18,1.7896704169448604e+18
1789673501831714043,12.168,2.9325,1048.975,70.94606640296409,12.424999999999999,54.199254974099304,12.318921328059282,1.789680310121156e+18,1.7896704030332431e+18
1789673502232393561,12.24,2.13,1562.8,70.95678115257272,12.1975,54.209338086368874,12.319135623051455,1.789680344792747e+18,1.78967038891819e+18
1789673502499502336,12.172,3.4175,1492.475,70.96746240731429,12.1975,54.218841272333165,12.319349248146287,1.7896803798994038e+18,1.7896703746213494e+18
1789673502699862149,12.22,2.6,1277.85,70.97855832678083,11.987499999999999,54.229053523855484,12.319571166535617,1.7896804154366484e+18,1.78967036014436e+18
1789673503100814202,12.184,3.0325,622.875,70.98475146192607,11.987499999999999,54.23454477909134,12.319695029238522,1.789680451365637e+18,1.7896703455036024e+18
1789673503368016138,12.084,4.95,262.45,70.99129573488872,11.83,54.239618917918435,12.319825914697775,1.7896804876336732e+18,1.7896703307211208e+18
1789673503568376950,12.152,3.55,800.925,70.99507343177434,11.83,54.242716385885835,12.319901468635488,1.7896805241984632e+18,1.789670315813671e+18
1789673503969190463,12.0,6.5975,805.825,71.00021385474892,11.7775,54.24555530544031,12.320004277094979,1.7896805611287823e+18,1.7896703007534559e+18
1789673504236002976,11.864,9.0475,820.775,71.00259727153187,11.7775,54.244969892892996,12.320051945430638,1.789680598410347e+18,1.7896702855451072e+18
1789673504636542646,12.224,1.4625,866.4,70.99769301057613,11.8125,54.240214140323474,12.319953860211523,1.7896806359321723e+18,1.7896702702342267e+18
1789673505037482253,12.256,1.5475,1005.625,70.99898783139213,11.8125,54.241480942753824,12.319979756627843,1.7896806737379912e+18,1.7896702548042499e+18
1789673505304793354,12.26,1.5325,1430.5,71.00216833340784,11.8125,54.24455751936957,12.320043366668157,1.789680712180925e+18,1.789670239104259e+18
1789673505705503481,12.264,1.5475,1088.725,71.00252619557138,11.8125,54.24493757036975,12.320050523911428,1.7896807512226163e+18,1.78967022315038e+18
1789673506106152846,12.272,1.5675,45.725,71.00591097079237,11.6725,54.24820065901324,12.320118219415848,1.7896807908826483e+18,1.789670206935337e+18
1789673506373220990,12.276,1.5325,139.525,71.01004512972818,11.6725,54.25219664049255,12.320200902594564,1.7896808309655201e+18,1.789670190542347e+18
1789673506774054087,12.276,1.5475,425.775,71.0129530432664,11.62,54.254993220044405,12.320259060865329,1.789680871789824e+18,1.7896701738355863e+18
1789673507241819867,12.28,1.4975,1299.35,71.01497710450334,11.62,54.2569669899237,12.320299542090067,1.789680913255293e+18,1.7896701568579666e+18
1789673507642644240,12.284,1.5675,688.5,71.01851576616019,11.62,54.26037112044528,12.320370315323204,1.789680955395301e+18,1.7896701395955876e+18
1789673507843094959,12.28,1.5475,462.725,71.02069091425624,11.655000000000001,54.262480592148414,12.320413818285125,1.7896809980329702e+18,1.7896701221224212e+18
1789673508510817278,12.292,1.5475,1032.575,71.02561397287194,11.637500000000001,54.267233527533406,12.32051227945744,1.7896810413219863e+18,1.789670104376349e+18
1789673508711193932,12.288,1.5325,1512.75,71.02776091251746,11.637500000000001,54.269354603263814,12.32055521825035,1.789681085083037e+18,1.789670086430723e+18
1789673508978447982,12.292,1.5675,1339.725,71.03044661741541,11.4625,54.27196989972864,12.320608932348309,1.7896811293725192e+18,1.7896700682618432e+18
1789673509379362693,12.292,1.4975,811.7,71.03382201576174,11.4625,54.275295004879666,12.320676440315236,1.7896811742480376e+18,1.7896700498460961e+18
1789673509646602966,12.296,1.68,838.7,71.0384827182949,11.200000000000001,54.27969470399037,12.320769654365899,1.7896812199117788e+18,1.7896700310969974e+18
1789673510047426595,12.3,1.5175,921.1,71.04163902586762,11.200000000000001,54.28279098253725,12.320832780517353,1.7896812663001324e+18,1.7896700120421532e+18
1789673510314398139,12.296,1.5825,1172.55,71.04447767147465,11.1475,54.28554567464987,12.320889553429494,1.789681313292851e+18,1.7896699927320906e+18
1789673510715174116,12.3,1.5825,301.525,71.04707391029716,11.1475,54.29217183368368,12.320941478205944,1.7896813608881528e+18,1.7896699731683118e+18
1789673510982462682,12.3,1.5475,920.175,71.05298589292069,10.325000000000001,54.299534428222735,12.321059717858414,1.7896814091561398e+18,1.7896699533212347e+18
1789673511383346446,12.3,1.4825,1169.75,71.05931547206444,10.325000000000001,54.31255156755818,12.32118630944129,1.7896814582740623e+18,1.7896699331161326e+18
1789673511583686941,12.304,1.65,292.975,71.0793187514862,10.325000000000001,54.33156111026205,12.321586375029725,1.7896815084017262e+18,1.7896699124888146e+18
1789673511850950458,12.3,1.5475,894.075,71.08886889383903,8.26,54.34077774554886,12.321777377876781,1.7896815592126042e+18,1.789669891575596e+18
1789673512251424034,12.304,1.5325,1090.1,71.09661379796968,8.26,54.348254462085,12.321932275959394,1.7896816107310484e+18,1.7896698703661501e+18
1789673512518731166,12.308,1.5825,49.9,71.10449287881372,8.26,54.355834085738294,12.322089857576275,1.78968166294513e+18,1.789669848865032e+18
1789673512919527197,12.308,1.615,152.275,71.1115709390742,8.26,54.36263012554142,12.322231418781485,1.7896817159057546e+18,1.7896698270508564e+18
1789673513186677549,12.304,1.5175,464.7,71.1180127271099,8.26,54.36887343579412,12.322360254542199,1.789681769564333e+18,1.7896698049434394e+18
1789673513587532339,12.308,1.5325,1418.15,71.12348588145768,5.2675,54.374191715708044,12.322469717629154,1.789681824178636e+18,1.7896697824335037e+18
1789673513988464432,12.308,1.5675,1051.05,71.13009329283314,5.2675,54.38057303028599,12.322601865856663,1.789681879889447e+18,1.7896697594613663e+18
1789673514255354347,12.308,1.615,1569.15,71.13592973434562,5.2675,54.386160996647824,12.322718594686913,1.7896819366617198e+18,1.7896697360412997e+18
1789673514656045197,12.308,1.5975,1511.85,71.14153776869834,5.2675,54.39158379398394,12.322830755373968,1.7896819945298289e+18,1.7896697121592072e+18
1789673514856488134,12.308,1.5475,1337.0,71.14558660026347,5.2675,54.39552318552169,12.32291173200527,1.7896820533911442e+18,1.7896696878576297e+18
1789673515056978945,12.308,1.615,803.4,71.15063517985111,5.2675,54.40035325744573,12.323012703597023,1.7896821126765847e+18,1.7896696633796803e+18
1789673515324172546,12.308,1.5975,813.375,71.15482583399472,5.2675,54.404410459675695,12.323096516679895,1.78968217261176e+18,1.7896696386290342e+18
1789673515725074256,12.308,1.5975,843.8,71.16007748910505,5.2675,54.40950938347104,12.323201549782102,1.7896822331994253e+18,1.7896696136060232e+18
1789673515992352896,12.312,1.5825,936.65,71.16569147359043,5.2675,54.41494438917235,12.32331382947181,1.7896822943477862e+18,1.7896695883492234e+18
1789673516195272786,12.316,1.615,1220.025,71.17180434536924,5.2675,54.42082271478557,12.323436086907385,1.7896823561169923e+18,1.7896695628327314e+18
1789673516595727905,12.316,1.5675,446.4,71.1772731469498,5.2675,54.42613378335256,12.323545462938997,1.7896824186060787e+18,1.789669537015417e+18
1789673516796185742,12.316,1.5825,1362.3,71.18160263669981,5.2675,54.43037253095964,12.323632052733997,1.7896824816361807e+18,1.78966951097212e+18
1789673517063387902,12.316,1.5325,880.6,71.18533126553535,5.2675,54.434032768484705,12.323706625310708,1.789682545273117e+18,1.7896694846747702e+18
1789673517464242372,12.316,1.5825,1048.975,71.18829396844644,5.2675,54.43695141601913,12.32376587936893,1.7896826096074368e+18,1.7896694580854561e+18
1789673517664528614,12.316,1.5475,1562.8,71.19330988973002,5.2675,54.441814015885996,12.323866197794601,1.789682674653683e+18,1.789669431197633e+18
1789673517931729736,12.32,1.5325,1492.475,71.19665485418388,5.2675,54.4451933541553,12.323933097083678,1.7896827404181466e+18,1.789669404008599e+18
1789673518332112294,12.316,1.6325,1277.85,71.20250616527989,5.2675,54.45078443134606,12.324050123305598,1.7896828070463447e+18,1.7896693764579704e+18
1789673518532534723,12.32,1.6325,622.875,71.2080033651019,5.2675,54.45605585912217,12.324160067302039,1.7896828745418365e+18,1.7896693485433472e+18
1789673518732867347,12.32,1.68,262.45,71.21396205447422,5.2675,54.46172363364837,12.324279241089485,1.7896829433096673e+18,1.789669320092561e+18
1789673518999907040,12.324,1.5975,800.925,71.21922806984865,5.2675,54.46685253904447,12.324384561396974,1.7896830133452275e+18,1.7896692911074898e+18
1789673519400866382,12.324,1.615,805.825,71.223595531577,5.2675,54.471070411853944,12.32447191063154,1.789683084446353e+18,1.789669261675109e+18
1789673519601063145,12.32,1.4975,820.775,71.22602038729269,5.2675,54.473524364150926,12.324520407745855,1.7896831568080256e+18,1.7896692317104704e+18
1789673519801296910,12.324,1.615,866.4,71.23130612492642,5.2675,54.4786657244359,12.324626122498529,1.7896832302622648e+18,1.789669201286285e+18
1789673520068385229,12.328,1.615,1005.625,71.23787719324407,5.2675,54.485005256770194,12.324757543864882,1.7896833047778499e+18,1.7896691704171564e+18
1789673520468828557,12.328,1.4975,1430.5,71.24216909638255,5.2675,54.48929611913614,12.324843381927652,1.7896833804077952e+18,1.7896691390801572e+18
1789673520869421723,12.32,1.5975,1088.725,71.24625304663822,5.2675,54.493209709499126,12.324925060932765,1.7896834572185498e+18,1.7896691072474033e+18
1789673521069806371,12.324,1.5175,45.725,71.24091809881115,5.2675,54.497488522845636,12.324818361976224,1.7896835354283215e+18,1.7896690748207357e+18
1789673521337046486,12.324,1.5975,139.525,71.24335647228513,5.2675,54.519427121996586,12.324867129445703,1.789683615218785e+18,1.7896690417264776e+18
1789673521737759354,12.324,1.665,425.775,71.25051722606813,5.2675,54.544479159401504,12.325010344521363,1.789683696729155e+18,1.7896690079087729e+18
1789673522138405618,12.324,1.5825,1299.35,71.25817506831822,5.2675,54.56931542776203,12.325163501366365,1.7896837800185293e+18,1.789668973342815e+18
1789673522405345769,12.328,1.5675,688.5,71.26731873171427,5.2675,54.59509306325131,12.325346374634286,1.7896838650951757e+18,1.7896689380252966e+18
1789673522605790276,12.324,1.5675,462.725,71.27652762247888,5.2675,54.61653346643761,12.325530552449578,1.789683951964422e+18,1.7896689019540383e+18
1789673522806149944,12.324,1.5825,1412.1,71.28613231867148,5.2675,54.62804489282066,12.32572264637343,1.7896840406934495e+18,1.7896688651004961e+18
1789673523206916794,12.332,1.5675,1032.575,71.29244813352419,5.2675,54.63450442468733,12.325848962670484,1.789684131299823e+18,1.7896688274573379e+18
1789673523607688053,12.332,1.4825,1512.75,71.2954613529038,5.2675,54.63779807985602,12.325909227058077,1.7896842237496243e+18,1.7896687890374292e+18
1789673523874954929,12.324,1.615,1339.725,71.2962469331196,5.2675,54.63932387456927,12.325924938662393,1.7896843179915128e+18,1.7896687498613412e+18
1789673524275358469,12.328,1.5975,811.7,71.2969106300595,5.2675,54.64087168051087,12.32593821260119,1.7896844138356874e+18,1.7896687100104305e+18
1789673524475593633,12.328,1.5825,838.7,71.29752161618822,5.2675,54.64194765216342,12.325950432323765,1.7896845114125458e+18,1.7896686694285553e+18
1789673524742581348,12.324,1.615,921.1,71.2959394169954,5.2675,54.641450694852075,12.325918788339909,1.7896846106563318e+18,1.7896686281428815e+18
1789673525143231593,12.328,1.5975,1172.55,71.29597996337428,5.2675,54.64189901720723,12.325919599267486,1.7896847117647685e+18,1.789668586071466e+18
1789673525410258354,12.328,1.6325,301.525,71.29524084043783,5.2675,54.64182330836538,12.325904816808757,1.789684814673887e+18,1.7896685432404475e+18
1789673525610704879,12.328,1.5825,920.175,71.29388871448226,0.0,54.64123645542242,12.325877774289646,1.789684919101119e+18,1.7896684997692006e+18
1789673525877920247,12.324,1.5475,1169.75,71.2903941099081,0.0,54.638517696652215,12.325807882198163,1.78968502514952e+18,1.7896684556136604e+18
1789673526278438666,12.328,1.665,292.975,71.28818209297866,0.0,54.63700670085451,12.325763641859574,1.7896851330625252e+18,1.789668410671828e+18
1789673526545452209,12.328,1.6325,894.075,71.28718943197921,0.0,54.63645075104929,12.325743788639585,1.7896852427228808e+18,1.7896683649932813e+18
1789673526946198851,12.332,1.6325,1090.1,71.2850076860591,0.0,54.63497225061304,12.325700153721183,1.7896853543635725e+18,1.7896683184790664e+18
1789673527213400913,12.328,1.5475,49.9,71.28185846588141,0.0,54.63265819482453,12.325637169317629,1.7896854679969408e+18,1.789668271123025e+18
1789673527680917398,12.328,1.5975,152.275,71.2788733415273,0.0,54.630506556552554,12.325577466830547,1.7896855838549676e+18,1.7896682228282593e+18
1789673528081664985,12.328,1.4975,464.7,71.27506521784372,0.0,54.62764291181436,12.325501304356875,1.7896857019416922e+18,1.789668173592081e+18
1789673528482256541,12.332,1.5975,1418.15,71.27151774901675,0.0,54.62520653316464,12.325430354980336,1.7896858222932152e+18,1.789668123400016e+18
1789673528749476527,12.324,1.5325,1051.05,71.26656193132658,0.0,54.62134546594575,12.325331238626532,1.789685944857028e+18,1.7896680722728878e+18
1789673528949833438,12.328,1.5475,1569.15,71.26203638796802,0.0,54.61797701026733,12.325240727759361,1.7896860698319055e+18,1.7896680201262295e+18
1789673529350735218,12.332,1.5475,1511.85,71.25828392038035,0.0,54.61534811690762,12.325165678407608,1.789686197735103e+18,1.789667966741557e+18
1789673529751407270,12.328,1.665,1337.0,71.25744147228204,0.0,54.620558860081886,12.325148829445641,1.7896863279606088e+18,1.7896679123780938e+18
1789673529951749782,12.324,1.615,803.4,71.25434700378015,0.0,54.61999196871602,12.325086940075604,1.7896864605504627e+18,1.7896678570159816e+18
1789673530151923652,12.332,1.5975,813.375,71.25401870560395,0.0,54.62114716457635,12.32508037411208,1.7896865956275397e+18,1.789667800605192e+18
1789673530418955217,12.328,1.5825,843.8,71.28057240874587,0.0,54.683177691635485,12.325611448174918,1.7896867343760335e+18,1.7896677426582828e+18
1789673530819784467,12.332,1.6325,936.65,71.31550368179401,0.0,54.76220632186332,12.32631007363588,1.7896868773118664e+18,1.789667682962533e+18
1789673531220443026,12.324,1.6325,1220.025,71.3283591751721,0.0,54.775022987777795,12.326567183503442,1.7896870238491284e+18,1.7896676217555735e+18
1789673531487460919,12.328,1.6325,446.4,71.34334708512363,0.0,54.80078691169884,12.326866941702473,1.7896871740717092e+18,1.78966755900269e+18
1789673531888155042,12.332,1.615,1362.3,71.36034033119206,0.0,54.82653628639359,12.327206806623842,1.7896873293019633e+18,1.7896674941444344e+18
1789673532488862112,12.328,1.5825,880.6,71.3762936216704,0.0,54.845307524088106,12.327525872433409,1.789687489678162e+18,1.7896674271240236e+18
1789673532689107102,12.328,1.5975,1048.975,71.39215165558514,0.0,54.8662938325016,12.327843033111703,1.789687654643146e+18,1.7896673581768084e+18
1789673532956264015,12.324,1.715,1562.8,71.4084758090597,0.0,54.88729952119952,12.328169516181195,1.7896878251193933e+18,1.7896672869119186e+18
1789673533357088112,12.332,1.65,1492.475,71.42591971475508,0.0,54.90460326260174,12.328518394295102,1.7896880006543631e+18,1.7896672135245366e+18
1789673533757919433,12.328,1.7,1277.85,71.44315385206922,0.0,54.92047736725102,12.328863077041385,1.7896881812472755e+18,1.789667138014362e+18
1789673533958255119,12.332,1.6325,622.875,71.46037976286726,0.0,54.939873801451675,12.329207595257346,1.7896883673409994e+18,1.7896670601941358e+18
1789673534425603534,12.332,1.615,262.45,71.47732135802397,0.0,54.954303452469894,12.32954642716048,1.7896885591425085e+18,1.7896669799793705e+18
1789673534826391738,12.332,1.5975,800.925,71.49392098613914,0.0,54.96714930183384,12.329878419722784,1.7896887579932431e+18,1.7896668968009715e+18
1789673535026730386,12.332,1.6325,805.825,71.51091631188312,0.0,54.98004144755428,12.330218326237663,1.789688964097205e+18,1.7896668105721725e+18
1789673535227120738,12.34,1.5825,820.775,71.52889574399602,0.0,54.99420803064827,12.330577914879921,1.78968917745657e+18,1.7896667212946877e+18
1789673535494394926,12.332,1.5975,866.4,71.54568172982766,0.0,55.00344117563078,12.330913634596554,1.789689398203506e+18,1.7896666289129498e+18
1789673535894979279,12.328,1.6325,1005.625,71.56221505575998,0.0,55.01431371182426,12.3312443011152,1.7896896261756705e+18,1.789666533498009e+18
1789673536161929394,12.328,1.665,1430.5,71.57960844706713,0.0,55.023417693290014,12.331592168941343,1.789689861735484e+18,1.7896664348982694e+18
1789673536362115387,12.332,1.5975,1088.725,71.59705755260005,0.0,55.03254872523035,12.331941151052002,1.7896901051915476e+18,1.7896663329837343e+18
1789673536762871580,12.328,1.615,45.725,71.61381833066869,0.0,55.04189426650504,12.332276366613375,1.7896903584936192e+18,1.7896662269300068e+18
1789673537030159135,12.332,1.5975,139.525,71.63069828309821,0.0,55.05287099415408,12.332613965661965,1.789690621718071e+18,1.7896661167052562e+18
1789673537431077649,12.328,1.665,425.775,71.64936371260947,0.0,55.06163485096175,12.33298727425219,1.7896908954408056e+18,1.7896660020692278e+18
1789673537831923782,12.332,1.5825,1299.35,71.66737634183232,0.0,55.07012661519511,12.333347526836647,1.7896911801397407e+18,1.7896658828213796e+18
1789673538098966565,12.332,1.7,688.5,71.68590668515787,0.0,55.080850652926586,12.333718133703158,1.7896914763143002e+18,1.78966575875252e+18
1789673538299198589,12.328,1.5475,462.725,71.71410562572821,0.0,55.10666842499467,12.334282112514565,1.7896917842444805e+18,1.7896656297529152e+18
1789673538499604651,12.332,1.7,1412.1,71.74142633239516,0.0,55.13173675848619,12.334828526647904,1.7896921036811612e+18,1.789665495931136e+18
1789673538900349007,12.336,1.665,1032.575,71.76501065007741,0.0,55.152750580889546,12.335300213001549,1.789692435226478e+18,1.7896653570326454e+18
1789673539100691880,12.332,1.6325,1512.75,71.7861426323548,0.0,55.171890466730204,12.335722852647097,1.7896927808340163e+18,1.7896652122299384e+18
1789673539367838705,12.332,1.715,1339.725,71.80719726049016,0.0,55.19093531879667,12.336143945209804,1.7896931413873472e+18,1.7896650611516321e+18
1789673539835321192,12.328,1.65,811.7,71.82670889776429,0.0,55.20903868468853,12.336534177955286,1.7896935171985152e+18,1.7896649036701e+18
1789673540236088045,12.332,1.6325,838.7,71.84472593572781,0.0,55.22580118221699,12.336894518714557,1.7896939088597376e+18,1.789664739535505e+18
1789673540502754398,12.332,1.5975,921.1,71.86240655283996,0.0,55.24239919658789,12.3372481310568,1.7896943173946112e+18,1.7896645683175892e+18
1789673540703008252,12.336,1.6325,1172.55,71.87933815101725,0.0,55.258246526559525,12.337586763020346,1.7896947438555287e+18,1.789664389573955e+18
1789673541103875579,12.332,1.615,301.525,71.89504027381685,0.0,55.272962349412445,12.337900805476337,1.7896951899877573e+18,1.7896642025690604e+18
1789673541371004397,12.332,1.615,920.175,71.9093923138076,0.0,55.28640793283655,12.338187846276153,1.789695656604794e+18,1.7896640069616236e+18
1789673541771808595,12.336,1.7,1169.75,71.9241991385373,0.0,55.30017321425189,12.338483982770747,1.7896961452857385e+18,1.789663802090057e+18
1789673542038999448,12.336,1.68,292.975,71.93860643133439,0.0,55.31358156400917,12.338772128626688,1.7896966606438446e+18,1.7896635860043372e+18
1789673542239107770,12.336,1.615,894.075,71.95183176441756,0.0,55.325966700734796,12.339036635288352,1.7896972015569303e+18,1.7896633591834698e+18
1789673542639831194,12.332,1.5975,1090.1,71.96205763577204,0.0,55.33555197399431,12.339241152715442,1.7896977686133563e+18,1.7896631213839877e+18
1789673542907040991,12.332,1.6325,49.9,71.97279066808785,0.0,55.34557289649455,12.339455813361758,1.7896983636798945e+18,1.789662871820421e+18
1789673543107526926,12.34,1.7,152.275,71.98568382917738,0.0,55.35753504600901,12.339713676583548,1.7896989892381087e+18,1.7896626094512617e+18
1789673543508435969,12.336,1.5975,464.7,71.99458140735987,0.0,55.365897961853904,12.339891628147198,1.789699647667642e+18,1.7896623332762934e+18
1789673543775574893,12.336,1.665,1418.15,72.00537021018476,0.0,55.37591553890751,12.340107404203696,1.789700341577911e+18,1.7896620422000177e+18
1789673544176207191,12.332,1.5825,1051.05,72.01351927736368,0.0,55.38355585170877,12.340270385547274,1.7897010724078446e+18,1.7896617356191583e+18
1789673544443335506,12.336,1.6325,1569.15,72.02218752644568,0.0,55.39166048688212,12.340443750528914,1.7897018455590525e+18,1.7896614112601103e+18
1789673544844177044,12.336,1.665,1511.85,72.0315920314368,0.0,55.4007946949691,12.340631840628737,1.7897026649188849e+18,1.7896610674912161e+18
1789673545111285157,12.34,1.65,1337.0,72.04128680583057,0.0,55.40996433622723,12.340825736116612,1.7897035347388739e+18,1.789660702525657e+18
1789673545311520262,12.336,1.665,803.4,72.05010583601819,0.0,55.41989304784605,12.341002116720365,1.7897044591606484e+18,1.789660314624113e+18
1789673545712265761,12.336,1.615,813.375,72.05928836158515,0.0,55.42893241278876,12.341185767231703,1.7897054438047933e+18,1.7896599014253453e+18
1789673546112843881,12.336,1.65,843.8,72.0825552051405,0.0,55.48859014201106,12.34165110410281,1.789706498206494e+18,1.7896594589382564e+18
1789673546379841135,12.336,1.5825,936.65,72.09469017886735,0.0,55.50602981295423,12.341893803577348,1.7897076268304942e+18,1.789658985277948e+18
1789673546780304643,12.34,1.715,1220.025,72.11605035917019,0.0,55.54715784416877,12.342321007183404,1.7897088405653512e+18,1.7896584758798374e+18
1789673547047239589,12.336,1.65,446.4,72.14023442782977,0.0,55.601902680091655,12.342804688556596,1.7897101494567578e+18,1.789657926526573e+18
1789673547447968144,12.34,1.68,1362.3,72.15781176895487,0.0,55.6249811539108,12.343156235379098,1.7897115638741663e+18,1.789657332859236e+18
1789673547714931542,12.336,1.6325,880.6,72.1748130385806,0.0,55.6496478703831,12.343496260771612,1.7897130962244972e+18,1.7896566896648474e+18
1789673547915299879,12.34,1.665,1048.975,72.19503102947841,0.0,55.68425978469097,12.343900620589569,1.7897147593477194e+18,1.7896559915625777e+18
1789673548315859178,12.332,1.6325,1562.8,72.21640690888015,0.0,55.69511904591256,12.344328138177604,1.7897165753374774e+18,1.7896552292697964e+18
1789673548716691671,12.34,1.715,1492.475,72.23674010528933,0.0,55.70663558481837,12.344734802105787,1.7897185643200975e+18,1.789654394335385e+18
1789673548983815719,12.34,1.6325,1277.85,72.25208345667954,0.0,55.71597462953337,12.345041669133591,1.789720750788534e+18,1.789653476465916e+18
1789673549184161354,12.34,1.65,622.875,72.26864996599306,0.0,55.72012439964046,12.345372999319862,1.7897231667796326e+18,1.7896524622094538e+18
1789673549585151369,12.336,1.665,262.45,72.29790820847421,0.0,55.74624662290445,12.345958164169485,1.7897258563623224e+18,1.7896513330791037e+18
1789673550185971535,12.336,1.5975,800.925,72.32384007278698,0.0,55.76988263822517,12.34647680145574,1.7897288700427005e+18,1.789650067864261e+18
1789673550452907845,12.336,1.7,805.825,72.34793089779154,0.0,55.79120465001421,12.346958617955831,1.7897322668942538e+18,1.789648641755675e+18
1789673550853581619,12.336,1.665,820.775,72.37149299788025,0.0,55.81257654507638,12.347429859957606,1.7897361217294308e+18,1.7896470233399895e+18
1789673551120805757,12.34,1.65,866.4,72.3854689226381,0.0,55.83482828258108,12.347709378452763,1.789740524224264e+18,1.7896451749472714e+18
1789673551321236366,12.344,1.665,1005.625,72.40067779310957,0.0,55.84884976478909,12.348013555862192,1.7897455943920046e+18,1.789643046184277e+18
1789673551721940882,12.332,1.6325,1430.5,72.41769209303291,0.0,55.884110191488475,12.348353841860659,1.7897515030431534e+18,1.7896405653293765e+18
1789673551989232025,12.344,1.68,1088.725,72.43259773457343,0.0,55.897090771903784,12.34865195469147,1.7897584789756293e+18,1.7896376362979295e+18
1789673552189402536,12.336,1.7,45.725,72.44752207192525,0.0,55.9161099934344,12.348950441438506,1.7897668331288673e+18,1.7896341285235564e+18
1789673552590211888,12.34,1.615,139.525,72.46039015400923,0.0,55.92417803354005,12.349207803080185,1.7897770263842706e+18,1.7896298484582449e+18
1789673552857370561,12.336,1.7,425.775,72.47437450156039,0.0,55.9392923065742,12.349487490031208,1.7897897360111268e+18,1.7896245117078316e+18
1789673553124498315,12.336,1.8,1299.35,72.48950613069381,0.0,55.940512863675224,12.349790122613877,1.7898060293514908e+18,1.7896176700667523e+18
1789673553525407366,12.34,1.68,688.5,72.50307595323154,0.0,55.94727255910643,12.350061519064631,1.7898276770896294e+18,1.789608579979828e+18
1789673553792564325,12.34,1.665,462.725,72.51603162558594,0.0,55.946648536344746,12.35032063251172,1.7898578243084362e+18,1.7895959207423252e+18
1789673553992984308,12.34,1.715,1412.1,72.52987502821541,0.0,55.95591190032013,12.350597500564309,1.7899026806569969e+18,1.7895770847629683e+18
1789673554393239588,12.344,1.7,1032.575,72.54369477241242,0.0,55.958202350175405,12.350873895448249,1.789976565420439e+18,1.7895460590133386e+18
1789673554660134985,12.344,1.68,1512.75,72.55770878164877,0.0,55.96503349651769,12.351154175632976,1.7901209813793234e+18,1.7894854154140756e+18
1789673555060817875,12.344,1.6325,1339.725,72.59223573546416,0.0,55.99679167793544,12.351844714709284,1.790532914664814e+18,1.789312434898186e+18
1789673555327825430,12.34,1.665,811.7,72.62123083244036,0.0,56.02214125469531,12.352424616648808,1.8010288516510188e+18,1.784904938456317e+18
1789673555728418188,12.344,1.6325,838.7,72.648000645089,0.0,56.045803039871565,12.35296001290178,1.788665398399319e+18,1.7900966503432064e+18
1789673556129034711,12.34,1.665,921.1,72.67208248355645,0.0,56.06687836730765,12.35344164967113,1.7891917046031916e+18,1.7898756419409318e+18
1789673556529431118,12.344,1.5975,1172.55,72.69729685816041,0.0,56.08922668506879,12.353945937163209,1.7893573728897833e+18,1.789806074067056e+18
1789673556796498527,12.344,1.615,301.525,72.72009173419319,0.0,56.10968736560159,12.354401834683864,1.78943842609313e+18,1.7897720381216957e+18
1789673557196783040,12.34,1.68,920.175,72.74246157114001,0.0,56.12947488791498,12.3548492314228,1.7894865242858696e+18,1.7897518407845417e+18
1789673557463604579,12.344,1.615,1169.75,72.76170099740779,0.0,56.146387511865015,12.355234019948156,1.789518336253137e+18,1.7897384824431885e+18
1789673557730481953,12.344,1.665,292.975,72.77996407688752,0.0,56.16201867193579,12.355599281537751,1.7895409405036068e+18,1.7897289906556434e+18
1789673558130849797,12.34,1.68,894.075,72.79760182831251,0.0,56.17664428427707,12.35595203656625,1.7895578295146647e+18,1.7897218988420204e+18
1789673558397737033,12.348,1.615,1090.1,72.81596933193848,0.0,56.19125783288162,12.35631938663877,1.7895709166600563e+18,1.7897164035243215e+18
1789673558597945167,12.34,1.75,49.9,72.83313732267088,0.0,56.20454296630633,12.356662746453418,1.7895813534090627e+18,1.7897120211787858e+18
1789673558998733742,12.34,1.65,152.275,72.84839618922331,0.0,56.21593743589887,12.356967923784467,1.7895898690700247e+18,1.7897084455504863e+18
1789673559266004135,12.344,1.68,464.7,72.86412196646407,0.0,56.22733353051732,12.357282439329282,1.7895969504826747e+18,1.789705472198433e+18
1789673559666921293,12.344,1.68,1418.15,72.87708101004728,0.0,56.23982210109631,12.357541620200946,1.7896029292844155e+18,1.7897029618664986e+18
1789673559933490179,12.34,1.5825,1051.05,72.89000839585115,0.0,56.249251213071695,12.357800167917024,1.7896080443347745e+18,1.7897008142488105e+18
1789673560133592694,12.336,1.68,1569.15,72.90402653457909,0.0,56.25793169935352,12.358080530691582,1.7896124706341494e+18,1.789698955856312e+18
1789673560534042255,12.344,1.5675,1511.85,72.91663787861945,0.0,56.268293640122806,12.35833275757239,1.7896163370663685e+18,1.7896973325688456e+18
1789673560934861934,12.344,1.65,1337.0,72.93325357154234,0.0,56.27418430786628,12.358665071430847,1.7896197483283976e+18,1.7896959004160197e+18
1789673561335646429,12.344,1.715,803.4,72.94897415604903,0.0,56.28190014236517,12.358979483120981,1.7896227804793132e+18,1.7896946274628216e+18
1789673561535901821,12.344,1.7,813.375,72.963824649453,0.0,56.2897131596182,12.35927649298906,1.7896254888696748e+18,1.789693490463591e+18
1789673561803059111,12.344,1.5975,843.8,72.97804956269633,0.0,56.29679124658885,12.359560991253927,1.7896279236438735e+18,1.789692468361659e+18
1789673562203714251,12.348,1.5975,936.65,72.99207371356262,0.0,56.30518872579777,12.359841474271253,1.7896301259688806e+18,1.7896915438718605e+18
1789673562604114874,12.344,1.68,1220.025,73.00646928905063,0.0,56.31213813833122,12.360129385781013,1.7896321260012426e+18,1.7896907043297004e+18
1789673562804398324,12.348,1.715,446.4,73.02139222964098,0.0,56.31978160559927,12.36042784459282,1.7896339404211594e+18,1.7896899427060524e+18
1789673563071526959,12.344,1.6325,1362.3,73.03519790556203,0.0,56.32524370703465,12.360703958111241,1.7896355953412956e+18,1.789689248045444e+18
1789673563472161073,12.34,1.68,880.6,73.04837492559732,0.0,56.33129050747046,12.360967498511947,1.7896371115994793e+18,1.7896886116012e+18
1789673563872768145,12.348,1.615,1048.975,73.06297203542123,0.0,56.336708224266296,12.361259440708425,1.789638506450647e+18,1.7896880261291046e+18
1789673564139780889,12.344,1.68,1562.8,73.07868692019923,0.0,56.340703921693645,12.361573738403985,1.789639794995946e+18,1.789687485288495e+18
1789673564540515044,12.344,1.6325,1492.475,73.09309385217091,0.0,56.34584071503549,12.361861877043419,1.7896409895828846e+18,1.7896869838981837e+18
1789673564941210554,12.34,1.665,1277.85,73.11991792619148,0.0,56.36774543700655,12.36239835852383,1.789642102042439e+18,1.7896865169817236e+18
1789673565208439658,12.348,1.65,622.875,73.13324721268621,0.0,56.37313809737151,12.362664944253725,1.7896431385807606e+18,1.7896860819443817e+18
1789673565408903010,12.344,1.6325,262.45,73.14665206518515,0.0,56.38182350644359,12.362933041303704,1.7896441062630318e+18,1.7896856758204477e+18
1789673565809748925,12.34,1.6325,800.925,73.16065364978472,0.0,56.411141194452995,12.363213072995695,1.7896450124083446e+18,1.789685295536464e+18
1789673566210324670,12.34,1.5975,805.825,73.17396254856509,0.0,56.43682065698285,12.363479250971302,1.7896458630154834e+18,1.7896849385739556e+18
1789673566477574546,12.348,1.6325,820.775,73.1880763419328,0.0,56.45923052936928,12.363761526838656,1.7896466628576632e+18,1.7896846029289027e+18
1789673566677891415,12.344,1.5975,866.4,73.22312867146596,0.0,56.48847218235283,12.36446257342932,1.789647419954286e+18,1.7896842852226632e+18
1789673567078847222,12.344,1.615,1005.625,73.25236079218573,0.0,56.51250163284587,12.365047215843715,1.7896481368326812e+18,1.789683984397968e+18
1789673567479775656,12.344,1.65,1430.5,73.26414026528124,0.0,56.51953921932486,12.365282805305625,1.7896488142122975e+18,1.7896837001630664e+18
1789673567880483902,12.34,1.5975,1088.725,73.27532615970789,0.0,56.522786155183844,12.365506523194158,1.7896494558169444e+18,1.7896834309555868e+18
1789673568080848457,12.348,1.615,45.725,73.30085572764462,0.0,56.54359052300223,12.366017114552893,1.7896500656683581e+18,1.7896831750777185e+18
1789673568347878339,12.344,1.68,139.525,73.3253901531321,0.0,56.564697016218034,12.366507803062643,1.7896506456167224e+18,1.7896829317534216e+18
1789673568748720363,12.348,1.5975,425.775,73.34706776927459,0.0,56.58102383120702,12.366941355385492,1.7896511980125706e+18,1.7896826999974172e+18
1789673569015901675,12.348,1.5825,1299.35,73.36435049595228,0.0,56.59275839931219,12.367287009919046,1.789651724294097e+18,1.7896824792086528e+18
1789673569416747142,12.348,1.665,688.5,73.38044304413182,0.0,56.60235775241607,12.367608860882637,1.7896522258903683e+18,1.789682268786936e+18
1789673569617177026,12.352,1.5975,462.725,73.39640375864604,0.0,56.61124541851607,12.367928075172921,1.7896527047734856e+18,1.7896820679049638e+18
1789673569884350960,12.344,1.6325,1412.1,73.41351649708842,0.0,56.61956595735466,12.368270329941769,1.7896531627985126e+18,1.7896818757836672e+18
1789673570284868354,12.348,1.6325,1032.575,73.42893618073337,0.0,56.6278362862264,12.368578723614668,1.7896536008221312e+18,1.789681692063379e+18
1789673570685582062,12.348,1.65,1512.75,73.44466567181556,0.0,56.635805360179724,12.368893313436311,1.7896540202421292e+18,1.7896815161573693e+18
1789673570952876113,12.352,1.665,1339.725,73.46054965402624,0.0,56.64376614734827,12.369210993080525,1.7896544220587525e+18,1.7896813476448133e+18
1789673571153338320,12.344,1.5825,811.7,73.47501175260804,0.0,56.64975303434619,12.369500235052161,1.7896548075719672e+18,1.789681185981182e+18
1789673571554247651,12.344,1.75,838.7,73.49233287654089,0.0,56.655922163324895,12.369846657530818,1.7896551780924436e+18,1.7896810306147894e+18
1789673571955092493,12.348,1.73,921.1,73.50836849005313,0.0,56.662507968437005,12.370167369801063,1.7896555342893138e+18,1.7896808812658307e+18
1789673572155283990,12.344,1.615,1172.55,73.52362126366455,0.0,56.66720259177014,12.370472425273292,1.789655876729574e+18,1.7896807376955681e+18
1789673572422365633,12.352,1.68,301.525,73.53950862159725,0.0,56.67286023185608,12.370790172431946,1.78965620658861e+18,1.7896805994107715e+18
1789673572823091839,12.352,1.5675,920.175,73.55561601742835,0.0,56.67833868895889,12.371112320348567,1.7896565246652664e+18,1.7896804660762235e+18
1789673573090411641,12.344,1.615,1169.75,73.56999894685163,0.0,56.68210673623092,12.371399978937033,1.7896568314348943e+18,1.7896803374926912e+18
1789673573491314050,12.344,1.615,292.975,73.58592526935696,0.0,56.68663788916845,12.37171850538714,1.7896571269392942e+18,1.7896802136382147e+18
1789673573958890332,12.348,1.665,894.075,73.6029643297539,0.0,56.69185420792395,12.372059286595078,1.7896574119281024e+18,1.7896800941989658e+18
1789673574359153364,12.348,1.665,1090.1,73.61899361882642,0.0,56.69769638852721,12.372379872376529,1.7896576870881856e+18,1.789679978887406e+18
1789673574626357230,12.348,1.7,49.9,73.6362691846324,0.0,56.70315691115604,12.372725383692648,1.789657952716364e+18,1.7896798675776694e+18
1789673575027180107,12.348,1.715,152.275,73.65240935563752,0.0,56.7100375853252,12.373048187112751,1.7896582112374748e+18,1.7896797592644915e+18
1789673575294499398,12.348,1.68,464.7,73.66980582082876,0.0,56.71609054119281,12.373396116416576,1.7896584612643994e+18,1.7896796545177892e+18
1789673575695311658,12.352,1.68,1418.15,73.68686300951371,0.0,56.72287896437172,12.373737260190275,1.7896587030519785e+18,1.789679553230289e+18
1789673575962544360,12.348,1.65,1051.05,73.70210242930035,0.0,56.72932988379055,12.374042048586007,1.7896589367495724e+18,1.7896794553390656e+18
1789673576362879834,12.348,1.715,1569.15,73.7197562606366,0.0,56.735932670145004,12.374395125212732,1.7896591630550828e+18,1.7896793605506826e+18
1789673576630141217,12.348,1.615,1511.85,73.73633155869247,0.0,56.74197991446603,12.37472663117385,1.7896593821857595e+18,1.789679268774454e+18
1789673577030859954,12.352,1.65,1337.0,73.75873363383175,0.0,56.7604140958262,12.375174672676636,1.7896595949670126e+18,1.7896791796634168e+18
1789673577298151340,12.352,1.5975,803.4,73.78282752510196,0.0,56.77816869438234,12.37565655050204,1.7896598015097802e+18,1.7896790931696522e+18
1789673577698876427,12.352,1.6325,813.375,73.79815334661508,0.0,56.78838119231409,12.375963066932302,1.789660002003716e+18,1.7896790092170903e+18
1789673577966177421,12.348,1.6325,843.8,73.80756407529238,0.0,56.79754120352764,12.376151281505848,1.7896601963226094e+18,1.7896789278595364e+18
1789673578366450419,12.348,1.615,936.65,73.81680760563576,0.0,56.79873676763901,12.376336152112716,1.7896603849057536e+18,1.78967884891308e+18
1789673578566732577,12.352,1.6325,1220.025,73.82701707619698,0.0,56.80258181564977,12.37654034152394,1.7896605680138995e+18,1.789678772267784e+18
1789673578833618863,12.348,1.65,446.4,73.83624899636594,0.0,56.80624299505711,12.37672497992732,1.7896607458588442e+18,1.789678697834566e+18
1789673579100931429,12.348,1.665,1362.3,73.84487463486948,0.0,56.801019644163944,12.37689749269739,1.7896609185940925e+18,1.7896786255495073e+18
1789673579501882729,12.348,1.615,880.6,73.85329254665248,0.0,56.801756636177664,12.37706585093305,1.7896610865072801e+18,1.7896785552914634e+18
1789673579769045159,12.344,1.6325,1048.975,73.8601999003099,0.0,56.78939673015245,12.377203998006198,1.7896612497529608e+18,1.7896784869961377e+18
1789673580036280461,12.348,1.7,1562.8,73.89455113337675,0.0,56.81732380981332,12.377891022667535,1.7896614092571256e+18,1.7896784202682394e+18
1789673580236388209,12.344,1.7,1492.475,73.91785237893309,0.0,56.83196054181373,12.378357047578662,1.789661564892967e+18,1.789678355163711e+18
1789673580637093833,12.348,1.665,1277.85,73.92639439069501,0.0,56.82840262381439,12.3785278878139,1.7896617163553288e+18,1.789678291814262e+18
1789673580837398110,12.348,1.73,622.875,73.93516923661609,0.0,56.82410085565886,12.378703384732322,1.7896618639412644e+18,1.7896782300953318e+18
1789673581104637194,12.356,1.65,262.45,73.94399322917192,0.0,56.81218799738053,12.378879864583439,1.7896620077669064e+18,1.7896781699579904e+18
1789673581505107297,12.356,1.5975,800.925,73.95297934041594,0.0,56.811019278649354,12.379059586808319,1.7896621478832207e+18,1.7896781113803354e+18
1789673581772292026,12.348,1.665,805.825,73.9608187045464,0.0,56.79841613334376,12.379216374090928,1.7896622844464417e+18,1.7896780542967898e+18
1789673582172794271,12.348,1.665,820.775,73.96862254320986,0.0,56.78455984878617,12.379372450864198,1.7896624177087954e+18,1.7896779986030935e+18
1789673582439832051,12.348,1.6325,866.4,73.97649729618925,0.0,56.77523406146176,12.379529945923785,1.7896625478370813e+18,1.78967794422898e+18
1789673582840567287,12.348,1.715,1005.625,73.98485565346222,0.0,56.765402956045364,12.379697113069245,1.7896626748612362e+18,1.789677891161273e+18
1789673583241498366,12.352,1.665,1430.5,73.9936714275232,0.0,56.75863419954664,12.379873428550464,1.7896627989582723e+18,1.789677839325516e+18
1789673583441947400,12.352,1.7,1088.725,74.00261418937335,0.0,56.74608370865623,12.380052283787467,1.7896629201378706e+18,1.7896777887170248e+18
1789673583709138686,12.348,1.615,45.725,74.02900315093017,0.0,56.76155768018514,12.380580063018604,1.7896630389434063e+18,1.789677739104358e+18
1789673584176645284,12.348,1.6325,139.525,74.04304546797559,0.0,56.75829789086472,12.380860909359512,1.789663155186257e+18,1.7896776905697516e+18
1789673584577328780,12.348,1.715,425.775,74.057555227456,0.0,56.74861304380952,12.38115110454912,1.7896632689360635e+18,1.789677643083065e+18
1789673584844526846,12.356,1.65,1299.35,74.07107731408678,0.0,56.74520675777474,12.381421546281736,1.7896633802714048e+18,1.7896775966113772e+18
1789673585111733216,12.344,1.715,688.5,74.08614882554215,0.0,56.743876093699534,12.381722976510844,1.7896634891974564e+18,1.7896775511518054e+18
1789673585312181248,12.348,1.615,462.725,74.09962892332551,0.0,56.737722056547305,12.38199257846651,1.7896635957851848e+18,1.789677506674575e+18
1789673585712966970,12.348,1.6325,1412.1,74.1133072454529,0.0,56.732082723566485,12.382266144909059,1.7896637001551296e+18,1.7896774631293373e+18
1789673585980260688,12.348,1.73,1032.575,74.1267416111203,0.0,56.727157695619844,12.382534832222406,1.7896638022928755e+18,1.7896774205219264e+18
1789673586180653668,12.356,1.73,1512.75,74.14166396349593,0.0,56.72185044509749,12.382833279269919,1.7896639023614748e+18,1.7896773787838528e+18
1789673586581132268,12.352,1.68,1339.725,74.17192266140748,0.0,56.74397991767339,12.38343845322815,1.7896640006366241e+18,1.7896773377965972e+18
1789673586981976334,12.352,1.615,811.7,74.1962637249892,0.0,56.7628419311174,12.383925274499784,1.78966409703388e+18,1.7896772975968517e+18
1789673587182445046,12.348,1.6325,838.7,74.21855081892588,0.0,56.78049646845262,12.384371016378518,1.789664191680578e+18,1.7896772581316068e+18
1789673587449772442,12.348,1.7,921.1,74.24017837780914,0.0,56.797102415849835,12.384803567556183,1.7896642845164928e+18,1.789677219425831e+18
1789673587850544031,12.348,1.7,1172.55,74.25997909048654,0.0,56.81176462088073,12.385199581809731,1.7896643756485107e+18,1.78967718143543e+18
1789673588050945455,12.348,1.665,301.525,74.27873201711961,0.0,56.82718302752716,12.385574640342393,1.789664465061808e+18,1.7896771441663685e+18
1789673588251000734,12.344,1.665,920.175,74.2971805926186,0.0,56.842370728009556,12.385943611852372,1.7896645528014776e+18,1.7896771076002435e+18
1789673588451158029,12.348,1.615,1169.75,74.31265151468871,0.0,56.85414545980513,12.386253030293775,1.789664638949217e+18,1.7896770717035866e+18
1789673588718231274,12.352,1.6325,292.975,74.32973821559683,0.0,56.86752996147463,12.386594764311937,1.789664723542461e+18,1.789677036460052e+18
1789673589119179711,12.352,1.68,894.075,74.34648982521912,0.0,56.88030098807358,12.386929796504383,1.7896648066062461e+18,1.789677001859326e+18
1789673589386497807,12.348,1.615,1090.1,74.36091374405223,0.0,56.89132998937818,12.387218274881045,1.7896648880738063e+18,1.789676967929141e+18
1789673589787127866,12.348,1.68,49.9,74.37604759979655,0.0,56.90280478265042,12.387520951995931,1.789664967995129e+18,1.7896769346484055e+18
1789673590187803115,12.348,1.7,152.275,74.39162002803971,0.0,56.914687763479286,12.387832400560795,1.789665046432713e+18,1.789676901990994e+18
1789673590454952946,12.352,1.715,464.7,74.40498550401723,0.0,56.92526941279541,12.388099710080345,1.7896651234640824e+18,1.7896768699248635e+18
1789673590655329266,12.352,1.6325,1418.15,74.41877933600401,0.0,56.93626398039203,12.38837558672008,1.789665199106946e+18,1.7896768384422932e+18
1789673591056030895,12.352,1.7,1051.05,74.43421788199646,0.0,56.948584928371695,12.38868435763993,1.7896652727844165e+18,1.7896768077768287e+18
1789673591456850618,12.356,1.68,1569.15,74.44775875505414,0.0,56.95923263543551,12.388955175101083,1.7896653447723464e+18,1.7896767778166147e+18
1789673591657323592,12.352,1.65,1511.85,74.46077078897551,0.0,56.96943853304195,12.38921541577951,1.7896654151679703e+18,1.7896767485213335e+18
1789673591924499216,12.352,1.615,1337.0,74.47417664019325,0.0,56.979852783446624,12.389483532803865,1.789665484058915e+18,1.7896767198547338e+18
1789673592324845199,12.352,1.68,803.4,74.48675002059701,0.0,56.98972839422118,12.38973500041194,1.7896655515433733e+18,1.7896766917764093e+18
1789673592792240542,12.352,1.68,813.375,74.49916232952293,0.0,56.99960703145209,12.38998324659046,1.7896656177145923e+18,1.789676664247945e+18
1789673593193174621,12.348,1.68,843.8,74.51257079887101,0.0,57.010108959142926,12.39025141597742,1.7896656826287593e+18,1.789676637245712e+18
1789673593594056368,12.348,1.73,936.65,74.52465957590677,0.0,57.01960965592241,12.390493191518136,1.7896657462714007e+18,1.789676610776028e+18
1789673593861218889,12.352,1.6325,1220.025,74.53670383305422,0.0,57.029200645657134,12.390734076661085,1.7896658086739965e+18,1.7896765848257006e+18
1789673594261819006,12.352,1.615,446.4,74.54722788001264,0.0,57.037649830736264,12.390944557600253,1.789665869874981e+18,1.789676559379065e+18
1789673594462150876,12.352,1.68,1362.3,74.55849298343571,0.0,57.04659560751137,12.391169859668715,1.7896659299836045e+18,1.7896765343906737e+18
1789673594729200981,12.348,1.68,880.6,74.57009558018316,0.0,57.055665387232686,12.391401911603664,1.7896659890285445e+18,1.7896765098487946e+18
1789673595130148043,12.348,1.715,1048.975,74.5816840344653,0.0,57.06474377320498,12.391633680689306,1.789666047068845e+18,1.7896764857289193e+18
1789673595530799308,12.352,1.615,1562.8,74.59099590076023,0.0,57.07217829502707,12.391819918015205,1.7896661041363318e+18,1.7896764620186225e+18
1789673595797922340,12.352,1.615,1492.475,74.60114569406215,0.0,57.08024094606384,12.392022913881243,1.7896661602197174e+18,1.7896764387213107e+18
1789673596198410241,12.352,1.68,1277.85,74.61227400929484,0.0,57.08896536041636,12.392245480185897,1.7896662153605706e+18,1.7896764158198282e+18
1789673596399005448,12.352,1.715,622.875,74.62280966928797,0.0,57.09722148469208,12.39245619338576,1.789666269592683e+18,1.7896763932999334e+18
1789673596665887804,12.352,1.5975,262.45,74.63335887258609,0.0,57.10580586151005,12.392667177451722,1.7896663228705078e+18,1.7896763711801748e+18
1789673597066534964,12.348,1.665,800.925,74.64300248537094,0.0,57.11351679015262,12.39286004970742,1.7896663752252562e+18,1.7896763494479588e+18
1789673597467471636,12.356,1.65,805.825,74.65387720188126,0.0,57.12145620430723,12.393077544037626,1.78966642674484e+18,1.789676328066637e+18
1789673597734635882,12.348,1.65,820.775,74.65966504905896,0.0,57.12860678562015,12.39319330098118,1.7896664773671386e+18,1.7896763070622953e+18
1789673598135320299,12.352,1.615,866.4,74.66779679117748,0.0,57.13262115957944,12.39335593582355,1.7896665270643569e+18,1.789676286445528e+18
1789673598736341223,12.348,1.665,1005.625,74.67534097982468,0.0,57.13573630695935,12.393506819596494,1.7896665758948654e+18,1.7896762661925225e+18
1789673598936784005,12.352,1.65,1430.5,74.68245656601296,0.0,57.141802287790604,12.39364913132026,1.7896666238669038e+18,1.7896762462990577e+18
1789673599203958279,12.352,1.665,1088.725,74.69038415439924,0.0,57.143311894163546,12.393807683087985,1.7896666709844938e+18,1.7896762267634573e+18
1789673599604868331,12.356,1.5825,45.725,74.71199372992183,0.0,57.160632700385925,12.394239874598437,1.7896667173911805e+18,1.7896762075241582e+18
1789673599872030990,12.348,1.6325,139.525,74.72673705346348,0.0,57.169805779635254,12.39453474106927,1.7896667631284465e+18,1.7896761885654607e+18
1789673600272369319,12.352,1.7,425.775,74.74281572682253,0.0,57.181305024878185,12.394856314536451,1.7896668081883356e+18,1.7896761698902646e+18
1789673600472724154,12.348,1.7,1299.35,74.75374413737939,0.0,57.18301185718484,12.395074882747588,1.789666852533007e+18,1.7896761515148946e+18
1789673600739788750,12.352,1.615,688.5,74.76239336976124,0.0,57.186145481333575,12.395247867395225,1.789666896158033e+18,1.7896761334414874e+18
1789673601207325510,12.348,1.665,462.725,74.77291369653302,0.0,57.18821251964779,12.395458273930661,1.7896669391374354e+18,1.7896761156393667e+18
1789673601541222283,12.352,1.615,1412.1,74.78187196235906,0.0,57.21704574412528,12.395637439247182,1.789666981466405e+18,1.7896760981105592e+18
1789673601808390633,12.352,1.68,1032.575,74.79665257060893,0.0,57.2735576801771,12.395933051412179,1.7896670231816046e+18,1.7896760808388073e+18
1789673602208925490,12.356,1.7,1512.75,74.80539469606295,0.0,57.292022874520875,12.39610789392126,1.7896670642903258e+18,1.7896760638223575e+18
1789673602475834853,12.352,1.5975,1339.725,74.82632473955863,0.0,57.379512369635826,12.396526494791173,1.789667104919264e+18,1.7896760470068342e+18
1789673603076781546,12.352,1.615,811.7,74.85312408367655,0.0,57.49878045080624,12.397062481673531,1.7896671450607048e+18,1.7896760303945912e+18
1789673603343798671,12.352,1.68,838.7,74.87965510272092,0.0,57.611202150537906,12.397593102054419,1.7896671847219057e+18,1.7896760139822195e+18
1789673603544208605,12.352,1.68,921.1,74.91061340376382,0.0,57.744746698962054,12.398212268075277,1.7896672239317962e+18,1.789675997756841e+18
1789673603944941652,12.356,1.6325,1172.55,74.94558223480566,0.0,57.90132631017151,12.398911644696113,1.7896672627496645e+18,1.7896759816939594e+18
1789673604412334647,12.352,1.7,301.525,74.98112529215257,0.0,58.05823648064556,12.399622505843052,1.789667301202813e+18,1.7896759657821555e+18
1789673604813273441,12.352,1.665,920.175,74.98710971543608,0.0,58.03009027915416,12.399742194308722,1.78966733907552e+18,1.789675950114738e+18
1789673605013744792,12.352,1.765,1169.75,74.99678108762274,0.0,58.05542359365067,12.399935621752455,1.7896673763953915e+18,1.789675934679513e+18
1789673605280783108,12.352,1.5825,292.975,75.00745984371662,0.0,58.09402459772942,12.400149196874333,1.7896674131796175e+18,1.7896759194692122e+18
1789673605681616149,12.356,1.5675,894.075,75.01959438224696,0.0,58.14023667973851,12.40039188764494,1.7896674494846257e+18,1.7896759044606556e+18
1789673605882068887,12.352,1.65,1090.1,75.02722816372271,0.0,58.15721498531872,12.400544563274455,1.789667485298515e+18,1.7896758896590254e+18
1789673606082452983,12.352,1.73,49.9,75.04057100745483,0.0,58.14176184111987,12.400811420149097,1.789667520632816e+18,1.7896758750585526e+18
1789673606349305329,12.352,1.73,152.275,75.05316788843813,0.0,58.11758058012381,12.401063357768763,1.78966755548651e+18,1.7896758606596925e+18
1789673606616440699,12.352,1.715,464.7,75.06011417968894,0.0,58.12672437766289,12.40120228359378,1.7896675898619766e+18,1.7896758464623332e+18
1789673607017385461,12.356,1.68,1418.15,75.06952396974205,0.0,58.156114344918514,12.401390479394841,1.789667623789885e+18,1.789675832453538e+18
1789673607284577998,12.356,1.715,1051.05,75.07653582076523,0.0,58.16188922344922,12.401530716415305,1.7896676572471613e+18,1.7896758186426286e+18
1789673607685411346,12.352,1.65,1569.15,75.0831421199762,0.0,58.17316521722824,12.401662842399524,1.7896676902224993e+18,1.7896758050345372e+18
1789673607952590407,12.352,1.68,1511.85,75.09084305607408,0.0,58.19343591321977,12.401816861121482,1.7896677227263846e+18,1.7896757916244147e+18
1789673608219595933,12.352,1.615,1337.0,75.09562919732495,0.0,58.18642160926138,12.4019125839465,1.7896677547731937e+18,1.7896757784067213e+18
1789673608620392371,12.356,1.715,803.4,75.10059479186246,0.0,58.169769083187816,12.40201189583725,1.7896677863778867e+18,1.7896757653753147e+18
1789673608887675644,12.352,1.68,813.375,75.13234705880852,0.0,58.191713253996376,12.40264694117617,1.7896678176860764e+18,1.7896757524664159e+18
1789673609288538302,12.352,1.665,843.8,75.14822402175633,0.0,58.185788808273045,12.402964480435127,1.7896678486190205e+18,1.7896757397149125e+18
1789673609555761056,12.356,1.65,936.65,75.1569575972713,0.0,58.17228254896096,12.403139151945426,1.7896678791056686e+18,1.7896757271501934e+18
1789673609956674513,12.352,1.615,1220.025,75.16297338448999,0.0,58.15608195453321,12.4032594676898,1.7896679091517627e+18,1.7896757147705608e+18
1789673610223785141,12.356,1.5825,446.4,75.16913174923374,0.0,58.14136104880079,12.403382634984675,1.7896679387862753e+18,1.7896757025639555e+18
1789673610624003580,12.356,1.68,1362.3,75.17580094096301,0.0,58.1277097667461,12.40351601881926,1.789667968024563e+18,1.7896756905239468e+18
1789673610891300047,12.352,1.615,880.6,75.18170814927797,0.0,58.11398163631129,12.40363416298556,1.7896679966195768e+18,1.789675678748121e+18
1789673611091775787,12.356,1.615,1048.975,75.18760256582127,0.0,58.10786008285665,12.403752051316426,1.7896680246431826e+18,1.7896756672076221e+18
1789673611492599176,12.356,1.665,1562.8,75.19380704074345,0.0,58.09837691218907,12.40387614081487,1.789668052142699e+18,1.7896756558837018e+18
1789673611759865632,12.352,1.7,1492.475,75.20013701667932,0.0,58.081675552009145,12.404002740333587,1.789668079115485e+18,1.7896756447772342e+18
1789673611960245032,12.352,1.615,1277.85,75.20570020038645,0.0,58.0590125395807,12.40411400400773,1.789668105601182e+18,1.7896756338723374e+18
1789673612360679272,12.352,1.5675,622.875,75.21192266137726,0.0,58.029060800566725,12.404238453227546,1.7896681316259633e+18,1.7896756231584988e+18
1789673612761497813,12.352,1.73,262.45,75.21838086349231,0.0,58.011813026832165,12.404367617269846,1.7896681572276493e+18,1.7896756126203008e+18
1789673613028795961,12.352,1.5975,800.925,75.2236188404396,0.0,58.00433228649596,12.404472376808792,1.78966818244318e+18,1.789675602242985e+18
1789673613429713335,12.352,1.6325,805.825,75.24661102839279,0.0,58.01827532259394,12.404932220567856,1.789668207374651e+18,1.7896755919826634e+18
1789673613696958688,12.356,1.665,820.775,75.26838908748293,0.0,58.032246088568506,12.405367781749659,1.789668232026429e+18,1.7896755818375596e+18
1789673614097755791,12.352,1.6325,866.4,75.28673401964801,0.0,58.03997684179896,12.40573468039296,1.789668256391527e+18,1.78967557181125e+18
1789673614565075501,12.356,1.65,1005.625,75.30543280993491,0.0,58.04796427704556,12.406108656198699,1.7896682804542267e+18,1.789675561910169e+18
1789673614832342026,12.352,1.4975,1430.5,75.31860242287563,0.0,58.049547506490974,12.406372048457513,1.7896683042040236e+18,1.7896755521391127e+18
1789673615233052549,12.352,1.665,1088.725,75.33018214553486,0.0,58.048864380778674,12.406603642910698,1.7896683276555666e+18,1.7896755424927112e+18
1789673615500248076,12.356,1.5975,45.725,75.34129821754591,0.0,58.04535867279358,12.406825964350919,1.7896683508028654e+18,1.7896755329729582e+18
1789673615700715687,12.356,1.5975,139.525,75.3492387206011,0.0,58.039642417014996,12.406984774412022,1.7896683736822193e+18,1.7896755235657613e+18
1789673615901154667,12.352,1.65,425.775,75.35855598005857,0.0,58.02605542029609,12.407171119601172,1.7896683962944038e+18,1.7896755142704133e+18
1789673616301617348,12.352,1.5675,1299.35,75.37838397000556,0.0,58.04256037749951,12.407567679400112,1.7896684187045238e+18,1.7896755050594778e+18
1789673616568910789,12.352,1.7,688.5,75.39705178829826,0.0,58.056926175590064,12.407941035765965,1.789668440913444e+18,1.7896754959325535e+18
1789673616769358913,12.356,1.5825,462.725,75.41275639976455,0.0,58.06785402129272,12.408255127995291,1.7896684629215104e+18,1.7896754868898998e+18
1789673617170302604,12.352,1.6325,1412.1,75.4274329136786,0.0,58.07840381107376,12.408548658273572,1.7896684847153341e+18,1.7896754779372342e+18
1789673617571118973,12.356,1.5825,1032.575,75.44190610144206,0.0,58.087755550147435,12.408838122028842,1.7896685062777915e+18,1.7896754690815012e+18
1789673617771588740,12.356,1.5175,1512.75,75.45463789206579,0.0,58.095159305059866,12.409092757841316,1.7896685276262556e+18,1.789675460315689e+18
1789673618038775913,12.352,1.665,1339.725,75.46758171405257,0.0,58.10290972417648,12.409351634281052,1.7896685487723054e+18,1.7896754516350584e+18
1789673618439365756,12.356,1.5675,811.7,75.4791226666108,0.0,58.10996146675158,12.409582453332217,1.7896685697332273e+18,1.7896754430332447e+18
1789673618840157746,12.348,1.6325,838.7,75.49256328427374,0.0,58.1202184829691,12.409851265685475,1.7896685905463636e+18,1.7896754344951775e+18
1789673619040650032,12.356,1.6325,921.1,75.50706572505881,0.0,58.13187097843415,12.410141314501177,1.7896686110951877e+18,1.7896754260658952e+18
1789673619307919442,12.356,1.7,1172.55,75.51946050761079,0.0,58.140753699303836,12.410389210152216,1.7896686313899786e+18,1.7896754177417661e+18
1789673619708743354,12.352,1.65,301.525,75.53142380781814,0.0,58.148791504121256,12.410628476156363,1.7896686514285537e+18,1.7896754095238484e+18
1789673620109447904,12.356,1.665,920.175,75.53627836282875,0.0,58.16107494944147,12.410725567256575,1.7896686711755546e+18,1.789675401427167e+18
1789673620376332989,12.356,1.68,1169.75,75.57507152397109,0.0,58.40957991436147,12.411501430479422,1.789668690798787e+18,1.789675393379508e+18
1789673620576710928,12.352,1.68,292.975,75.61062137282022,0.0,58.6345920846628,12.412212427456405,1.789668710275713e+18,1.7896753853902653e+18
1789673620977575357,12.348,1.7,894.075,75.63795581337267,0.0,58.80699047508539,12.412759116267454,1.7896687295417034e+18,1.7896753774866063e+18
1789673621378500893,12.352,1.6325,1090.1,75.66760091260471,0.0,58.99616528084235,12.413352018252095,1.7896687486269624e+18,1.7896753696563395e+18
1789673621645710694,12.356,1.65,49.9,75.69119723385276,0.0,59.14388819667615,12.413823944677056,1.789668767502163e+18,1.7896753619117302e+18
1789673621912933710,12.352,1.715,152.275,75.71896114767647,0.0,59.323116476128014,12.41437922295353,1.7896687861982702e+18,1.7896753542396547e+18
1789673622113225407,12.356,1.615,464.7,75.74262874931162,0.0,59.473287320660006,12.414852574986233,1.78966880473068e+18,1.7896753466346831e+18
1789673622313290804,12.356,1.615,1418.15,75.77677871394108,0.0,59.492975119990064,12.415535574278822,1.7896688231303685e+18,1.789675339082993e+18
1789673622513757631,12.352,1.73,1051.05,75.80323768835645,0.0,59.50637032213776,12.41606475376713,1.789668841349854e+18,1.789675331604509e+18
1789673622714124553,12.356,1.5975,1569.15,75.81025729182348,0.0,59.484869921153035,12.41620514583647,1.789668859151567e+18,1.789675324295106e+18
1789673623115005143,12.356,1.7,1511.85,75.81554341914743,0.0,59.464652163964644,12.416310868382949,1.7896688765709038e+18,1.78967531714143e+18
1789673623515934039,12.36,1.5325,1337.0,75.81976579810102,0.0,59.44810617004762,12.41639531596202,1.7896688937683656e+18,1.78967531008102e+18
1789673623783231201,12.36,1.7,803.4,75.8247322410452,0.0,59.43181715433053,12.416494644820904,1.7896689107597184e+18,1.7896753031070482e+18
1789673624183737202,12.36,1.68,813.375,75.82886172069756,0.0,59.40265682447003,12.416577234413952,1.7896689275495242e+18,1.789675296218006e+18
1789673624450694306,12.364,1.665,843.8,75.83366733838668,0.0,59.388754935266924,12.416673346767734,1.7896689441336786e+18,1.7896752894150275e+18
1789673624651129030,12.36,1.7,936.65,75.8380058703878,0.0,59.37050683870164,12.416760117407756,1.7896689605167974e+18,1.7896752826961646e+18
1789673624985191938,12.36,1.6325,1220.025,75.8682399681578,0.0,59.39395815136846,12.417364799363156,1.789668976801756e+18,1.789675276017192e+18
1789673625252478484,12.356,1.5975,446.4,75.88258515732491,0.0,59.379711517610126,12.417651703146499,1.7896689929053071e+18,1.7896752694131218e+18
1789673625519797904,12.36,1.6325,1362.3,75.88803706958407,0.0,59.353137254777096,12.417760741391682,1.7896690087756124e+18,1.7896752629055424e+18
1789673625720212127,12.356,1.73,880.6,75.89302182616846,0.0,59.32466905653665,12.41786043652337,1.789669024412625e+18,1.789675256494301e+18
1789673626120870807,12.36,1.68,1048.975,75.8973604235921,0.0,59.28824295975597,12.417947208471842,1.789669039798837e+18,1.789675250186509e+18
1789673626521577981,12.36,1.615,1562.8,75.92414755962204,0.0,59.31315260968499,12.418482951192441,1.789669055026321e+18,1.7896752439426222e+18
1789673626788786487,12.36,1.5675,1492.475,75.94817965308174,0.0,59.33672016349469,12.418963593061635,1.7896690700948319e+18,1.789675237762728e+18
1789673627189571794,12.356,1.5825,1277.85,75.96978975350677,0.0,59.35749130692203,12.419395795070136,1.7896690850022533e+18,1.789675231648238e+18
1789673627456803673,12.356,1.6325,622.875,75.98961910020847,0.0,59.37635208096152,12.41979238200417,1.789669099724563e+18,1.7896752256084457e+18
1789673627657243928,12.36,1.615,262.45,76.00871115569632,0.0,59.39444345553636,12.420174223113927,1.7896691142614776e+18,1.789675219643505e+18
1789673628058069767,12.36,1.7,800.925,76.0273365214153,0.0,59.41216765583353,12.420546730428306,1.789669128576421e+18,1.789675213767964e+18
1789673628458311406,12.356,1.5975,805.825,76.04400042086255,0.0,59.428057185799055,12.420880008417251,1.789669142661203e+18,1.789675207985205e+18
1789673628725567013,12.36,1.5675,820.775,76.05943486032656,0.0,59.44253779387604,12.421188697206532,1.7896691563508605e+18,1.7896752023587528e+18
1789673629126453946,12.356,1.68,866.4,76.07507963358319,0.0,59.457253387613115,12.421501592671664,1.7896691697695135e+18,1.789675196840734e+18
1789673629393751259,12.356,1.615,1005.625,76.09027947685796,0.0,59.471656414250724,12.42180558953716,1.7896691829682647e+18,1.7896751914110922e+18
1789673629594194579,12.36,1.715,1430.5,76.10518276542342,0.0,59.4855722516994,12.422103655308469,1.7896691959536865e+18,1.7896751860670705e+18
1789673629928255978,12.356,1.5675,1088.725,76.11850746474813,0.0,59.49843045665683,12.422370149294963,1.789669208713583e+18,1.7896751808137155e+18
1789673630195235213,12.356,1.615,45.725,76.13204145141444,0.0,59.51137187913442,12.422640829028289,1.7896692212942456e+18,1.7896751756329408e+18
1789673630595862597,12.356,1.6325,139.525,76.14504774553713,0.0,59.523712127389764,12.422900954910743,1.7896692336774216e+18,1.7896751705320136e+18
1789673630996756733,12.36,1.715,425.775,76.15812459078546,0.0,59.53594128302223,12.42316249181571,1.7896692458484296e+18,1.7896751655165645e+18
1789673631197118750,12.36,1.7,1299.35,76.17110122934854,0.0,59.54811003621896,12.423422024586971,1.7896692577386621e+18,1.7896751606125645e+18
1789673631464411672,12.356,1.665,688.5,76.1830284134562,0.0,59.5594257206941,12.423660568269124,1.7896692693724106e+18,1.7896751558107814e+18
1789673631865230256,12.36,1.5975,462.725,76.19430439255207,0.0,59.56998093952978,12.423886087851042,1.7896692807801994e+18,1.7896751510996257e+18
1789673632265835718,12.36,1.5975,1412.1,76.20560442139325,0.0,59.580731377805755,12.424112088427865,1.7896692919814175e+18,1.789675146471537e+18
1789673632466240998,12.356,1.665,1032.575,76.21676910506149,0.0,59.591224837333826,12.42433538210123,1.789669302995821e+18,1.7896751419184911e+18
1789673632733431815,12.36,1.615,1512.75,76.2263394544208,0.0,59.60018834690428,12.424526789088416,1.7896693138661348e+18,1.7896751374243725e+18
1789673633134316389,12.36,1.665,1339.725,76.23782937454396,0.0,59.6095911676895,12.42475658749088,1.7896693245607647e+18,1.7896751330012032e+18
1789673633535128900,12.36,1.6325,811.7,76.24889029734909,0.0,59.61942572127934,12.424977805946982,1.7896693350730376e+18,1.7896751286515553e+18
1789673633735600667,12.36,1.5975,838.7,76.25897270171933,0.0,59.626649131946806,12.425179454034387,1.7896693453951299e+18,1.7896751243781466e+18
1789673633936013501,12.36,1.68,921.1,76.30927050907195,0.0,60.00373403563629,12.42618541018144,1.7896693556452076e+18,1.7896751201294428e+18
1789673634203019030,12.356,1.68,1172.55,76.3599217179789,0.0,60.392411118252284,12.427198434359578,1.7896693658250412e+18,1.789675115904855e+18
1789673634603739265,12.36,1.6325,301.525,76.40939339724017,0.0,60.76284514705563,12.428187867944803,1.78966937593647e+18,1.789675111704043e+18
1789673635004577174,12.356,1.615,920.175,76.4252753918437,0.0,60.74980158272775,12.428505507836874,1.7896693858855828e+18,1.7896751075680614e+18
1789673635204900129,12.356,1.615,1169.75,76.45583306882884,0.0,61.004339527871316,12.429116661376577,1.7896693957190188e+18,1.7896751034764247e+18
1789673635472153921,12.36,1.68,292.975,76.49182785321891,0.0,61.288491315823336,12.429836557064379,1.789669405437697e+18,1.789675099428099e+18
1789673635873025645,12.356,1.7,894.075,76.51361402993793,0.0,61.46414398780315,12.430272280598759,1.7896694149935122e+18,1.7896750954438362e+18
1789673636273636195,12.36,1.5975,1090.1,76.52244007632244,0.0,61.52562587975682,12.430448801526449,1.7896694243424438e+18,1.7896750915423153e+18
1789673636540863380,12.36,1.6325,49.9,76.53041477224339,0.0,61.57851713999272,12.430608295444868,1.7896694334772175e+18,1.7896750877260828e+18
1789673636741326306,12.356,1.65,152.275,76.53075373216147,0.0,61.526611491636,12.43061507464323,1.789669442388472e+18,1.7896750839996145e+18
1789673636941681809,12.36,1.665,464.7,76.55408927061825,0.0,61.53414769533474,12.431081785412365,1.7896694511558618e+18,1.7896750803289226e+18
1789673637142099990,12.36,1.665,1418.15,76.5623275899424,0.0,61.492166012865496,12.431246551798848,1.7896694597347684e+18,1.7896750767331976e+18
1789673637542827886,12.36,1.665,1051.05,76.5800029829177,0.0,61.63897568905847,12.431600059658354,1.7896694681422026e+18,1.789675073204849e+18
1789673637943489669,12.36,1.615,1569.15,76.59970331733383,0.0,61.805021071196066,12.431994066346677,1.7896694763776973e+18,1.7896750697436867e+18
1789673638210444691,12.36,1.6325,1511.85,76.61771364139352,0.0,61.95371820384042,12.43235427282787,1.7896694844294792e+18,1.7896750663541156e+18
1789673638610982982,12.36,1.665,1337.0,76.6369169848498,0.0,62.11072264274753,12.432738339696996,1.789669492102655e+18,1.7896750631101655e+18
1789673639011816542,12.36,1.665,803.4,76.65376625804124,0.0,62.24885367000372,12.433075325160825,1.789669499668156e+18,1.789675059909083e+18
1789673639279060508,12.36,1.65,813.375,76.67288391995264,0.0,62.40906228994362,12.433457678399053,1.7896695072104876e+18,1.7896750567181307e+18
1789673639479531278,12.36,1.615,843.8,76.68460799030746,0.0,62.49971591270464,12.43369215980615,1.7896695147275812e+18,1.7896750535390822e+18
1789673639813560213,12.36,1.665,936.65,76.6902591746594,0.0,62.52540382237659,12.433805183493188,1.789669522241204e+18,1.789675050364775e+18
1789673640013878836,12.356,1.715,1220.025,76.69164831216816,0.0,62.50651004297883,12.433832966243363,1.789669529748518e+18,1.7896750471966536e+18
1789673640214009601,12.36,1.68,446.4,76.70376453373225,0.0,62.598383244669705,12.434075290674645,1.789669537269549e+18,1.789675044025554e+18
1789673640414384765,12.36,1.75,1362.3,76.7136063825551,0.0,62.66343332607993,12.434272127651102,1.789669544812646e+18,1.7896750408486497e+18
1789673640681559880,12.356,1.68,880.6,76.7217518540483,0.0,62.72103956588361,12.434435037080966,1.7896695523595359e+18,1.789675037673268e+18
1789673641082211770,12.356,1.665,1048.975,76.72387374833987,0.0,62.71428596571395,12.434477474966798,1.7896695598740324e+18,1.7896750345141947e+18
1789673641482846893,12.352,1.65,1562.8,76.72755959316007,0.0,62.730577544930085,12.434551191863202,1.7896695673555336e+18,1.7896750313713782e+18
1789673641683266384,12.356,1.765,1492.475,76.72657314680534,0.0,62.6815775434631,12.434531462936107,1.7896695747926236e+18,1.789675028249419e+18
1789673641883689168,12.36,1.715,1277.85,76.72957541192399,0.0,62.67651560267254,12.43459150823848,1.7896695822129446e+18,1.7896750251372605e+18
1789673827445692113,12.364,1.715,622.875,76.73459485793614,0.0,62.68985740558017,12.434691897158723,1.7896695767206502e+18,1.7896750274804913e+18
1789673827712717778,12.368,1.5675,262.45,76.73547928719762,0.0,62.660929716516,12.434709585743953,1.7896695713137275e+18,1.7896750297884544e+18
1789673828113113424,12.364,1.5825,800.925,76.74297991992898,0.0,62.71190739297973,12.43485959839858,1.7896695659247101e+18,1.7896750320858414e+18
1789673828313231095,12.364,1.5975,805.825,76.74858819499156,0.0,62.74099965295639,12.434971763899831,1.789669560564853e+18,1.7896750343679734e+18
1789673828513480761,12.368,1.5475,820.775,76.75009189470448,0.0,62.72156168087511,12.43500183789409,1.7896695552190546e+18,1.789675036641459e+18
1789673828847142559,12.356,1.615,866.4,76.75325866995131,0.0,62.73121076871267,12.435065173399027,1.7896695498605578e+18,1.7896750389166577e+18
1789673829247611603,12.36,1.5675,1005.625,76.76342893218423,0.0,62.820343818307606,12.435268578643685,1.789669544513029e+18,1.7896750411834696e+18
1789673829514721906,12.364,1.5825,1430.5,76.77208206201946,0.0,62.886762019957146,12.43544164124039,1.7896695391867674e+18,1.789675043437789e+18
1789673829714949710,12.36,1.65,1088.725,76.79460144661432,0.0,62.868057820321816,12.435892028932287,1.7896695339644918e+18,1.78967504564534e+18
1789673830115379056,12.36,1.615,45.725,76.80768417876163,0.0,62.81386384161967,12.436153683575233,1.789669528743828e+18,1.7896750478475197e+18
1789673830516093606,12.364,1.6325,139.525,76.80776351260779,0.0,62.76008854757305,12.436155270252156,1.7896695234734607e+18,1.7896750500663462e+18
1789673830783388681,12.356,1.65,425.775,76.812379570121,0.0,62.788714885737186,12.43624759140242,1.7896695181639547e+18,1.7896750522963139e+18
1789673831384603640,12.36,1.665,1299.35,76.81988846577745,0.0,62.842644757003406,12.43639776931555,1.7896695128127839e+18,1.7896750545391542e+18
1789673831651898286,12.36,1.615,688.5,76.85117265008152,0.0,63.163935806511944,12.43702345300163,1.789669507589505e+18,1.7896750567248932e+18
1789673831919139880,12.356,1.5675,462.725,76.9087459170434,0.0,63.777752465031256,12.438174918340868,1.7896695026321277e+18,1.7896750587964227e+18
1789673832320011209,12.36,1.5975,1412.1,76.90126741418678,0.0,63.55558992468838,12.438025348283736,1.7896694975816325e+18,1.78967506090261e+18
1789673832586891355,12.36,1.5825,1032.575,76.89255116467511,0.0,63.41740198103003,12.437851023293502,1.7896694922653752e+18,1.7896750631075707e+18
1789673832853908583,12.356,1.6325,1512.75,76.90249910652814,0.0,63.50775616807484,12.438049982130563,1.789669486880681e+18,1.789675065333492e+18
1789673833254082845,12.356,1.7,1339.725,76.96581814978938,0.0,64.1939265269711,12.439316362995788,1.7896694816952714e+18,1.789675067469661e+18
1789673833521076586,12.364,1.665,811.7,77.02998877868384,0.0,64.88683690022428,12.440599775573677,1.7896694768072381e+18,1.7896750694789652e+18
1789673833788075693,12.36,1.5975,838.7,77.0312544073935,0.0,64.6564078230506,12.44062508814787,1.7896694718787615e+18,1.7896750715009172e+18
1789673834188564315,12.36,1.6325,921.1,77.01920692860993,0.0,64.3381622591643,12.440384138572199,1.789669466823317e+18,1.7896750735711101e+18
1789673834388825779,12.36,1.665,1172.55,77.02184328529303,0.0,64.33713183513862,12.44043686570586,1.7896694617100905e+18,1.789675075659759e+18
1789673834655908182,12.36,1.665,301.525,77.0302827590177,0.0,64.40519093986087,12.440605655180354,1.7896694566342863e+18,1.789675077730497e+18
1789673835056809685,12.36,1.65,920.175,77.06109806267013,0.0,64.73796571079755,12.441221961253403,1.7896694516830597e+18,1.789675079746768e+18
1789673835324090108,12.36,1.5675,1169.75,77.07452687032142,0.0,64.87224201377398,12.441490537406429,1.7896694467453243e+18,1.7896750817530895e+18
1789673835724878841,12.364,1.65,292.975,77.16382175429432,0.0,65.88680679774049,12.443276435085886,1.7896694421981325e+18,1.7896750835939835e+18
1789673835925258138,12.364,1.6325,894.075,77.38039879271011,0.0,68.4017192011635,12.447607975854202,1.78966943872202e+18,1.789675084989607e+18
1789673836192259992,12.36,1.68,1090.1,78.37210185701525,0.0,80.04076311166683,12.467442037140305,1.7896694401514388e+18,1.7896750843561856e+18
1789673836459269188,12.364,1.7,49.9,78.25744738754122,0.0,78.53003594074318,12.465148947750825,1.7896694409200545e+18,1.7896750839939244e+18
1789673836860163284,12.36,1.5975,152.275,78.11515694969106,0.0,76.71461497804711,12.462303138993821,1.7896694408994232e+18,1.7896750839559227e+18
1789673837126998256,12.36,1.65,464.7,77.98813719049892,0.0,75.06337330187566,12.459762743809979,1.7896694401979702e+18,1.7896750841975122e+18
1789673837393914625,12.368,1.5975,1418.15,77.85345571334476,0.0,73.30970718680251,12.457069114266895,1.7896694387878019e+18,1.7896750847299028e+18
1789673837794368670,12.364,1.615,1051.05,77.76638189823545,0.0,72.21937640009489,12.455327637964709,1.7896694368875735e+18,1.7896750854621527e+18
1789673838061253297,12.364,1.5675,1569.15,77.46112306733784,0.0,68.42259420911513,12.449222461346757,1.7896694334640645e+18,1.7896750868201715e+18
1789673838461584144,12.36,1.615,1511.85,77.39512031709195,0.0,67.44529921139738,12.44790240634184,1.7896694298155858e+18,1.7896750882743867e+18
1789673838862267232,12.364,1.5975,1337.0,77.31465202189992,0.0,66.30602014353066,12.446293040437999,1.7896694257985462e+18,1.789675089880511e+18
1789673839263033685,12.36,1.6325,803.4,77.35194479490009,0.0,66.56692167121439,12.447038895898002,1.7896694219665546e+18,1.7896750914097692e+18
1789673839530272541,12.36,1.6325,813.375,77.3850128041107,0.0,66.78018809043841,12.447700256082214,1.7896694183161626e+18,1.7896750928639834e+18
1789673839931205842,12.36,1.7,843.8,77.41459050690233,0.0,66.96073255205795,12.448291810138047,1.7896694148136072e+18,1.7896750942569782e+18
1789673840131447212,12.36,1.75,936.65,77.44338237929861,0.0,67.12784465577518,12.448867647585972,1.789669411495086e+18,1.7896750955749827e+18
1789673840398422130,12.348,1.7,1220.025,77.46937677115531,0.0,67.29413803099318,12.449387535423106,1.78966940828925e+18,1.7896750968451776e+18
1789673840799247384,12.36,1.615,446.4,77.50038915652661,0.0,67.50626110612362,12.450007783130532,1.789669405200026e+18,1.789675098065701e+18
1789673841066444611,12.364,1.68,1362.3,77.53459986941859,0.0,67.75187555085299,12.450691997388372,1.7896694022432876e+18,1.7896750992296579e+18
1789673841266905514,12.364,1.65,880.6,77.56305027833471,0.0,67.94005393343959,12.451261005566694,1.7896693993778327e+18,1.7896751003531965e+18
1789673841667795775,12.36,1.615,1048.975,77.5864270691363,0.0,68.0794550283252,12.451728541382726,1.7896693965615273e+18,1.7896751014536407e+18
1789673841934652335,12.36,1.6325,1562.8,77.61404813179597,0.0,68.27213630282003,12.45228096263592,1.7896693938324966e+18,1.7896751025157094e+18
1789673842134781597,12.36,1.5975,1492.475,77.63765359401883,0.0,68.42744867059973,12.452753071880377,1.7896693910307067e+18,1.789675103598542e+18
1789673842535044524,12.364,1.665,1277.85,77.66245402890314,0.0,68.59333762061388,12.453249080578063,1.7896693881598367e+18,1.7896751047012751e+18
1789673842935598588,12.364,1.615,622.875,77.6888695770464,0.0,68.77768754922562,12.453777391540928,1.7896693852806285e+18,1.789675105801415e+18
1789673843336044360,12.36,1.5975,262.45,77.70594967889936,0.0,68.8736684427349,12.454118993577987,1.7896693824040686e+18,1.7896751068969252e+18
1789673843536268989,12.36,1.665,800.925,77.73477925899206,0.0,69.0844067968929,12.454695585179842,1.789669379599008e+18,1.7896751079594924e+18
1789673843803329897,12.36,1.7,805.825,77.75509906956214,0.0,69.20630797319583,12.455101981391243,1.7896693768289623e+18,1.789675109004499e+18
1789673844203813249,12.356,1.665,820.775,77.77539048729008,0.0,69.33545380854945,12.455507809745802,1.7896693741013197e+18,1.7896751100298048e+18
1789673844604175981,12.356,1.715,866.4,77.79033793963688,0.0,69.40231438102177,12.455806758792738,1.7896693714028324e+18,1.78967511104138e+18
1789673844870991677,12.36,1.68,1005.625,77.77894626305182,0.0,69.17178439980056,12.455578925261037,1.7896693686255283e+18,1.7896751120834634e+18
1789673845071331116,12.364,1.5475,1430.5,77.70235254470688,0.0,68.140767306671,12.454047050894138,1.7896693654985157e+18,1.7896751132676398e+18
1789673845338481818,12.364,1.65,1088.725,77.68613465094872,0.0,67.83887101795875,12.453722693018975,1.7896693623059878e+18,1.7896751144782515e+18
1789673845538661042,12.36,1.5675,45.725,77.61905193617454,0.0,66.9635174819991,12.452381038723491,1.7896693588304074e+18,1.789675115804421e+18
1789673845939247470,12.364,1.68,139.525,77.58051874351555,0.0,66.4045904743303,12.451610374870311,1.78966935518116e+18,1.7896751172011146e+18
1789673846139487484,12.36,1.615,425.775,77.51016632475657,0.0,65.46445846658881,12.450203326495132,1.7896693512382564e+18,1.7896751187174697e+18
1789673846406636275,12.364,1.68,1299.35,77.37956477703625,0.0,63.81576149489425,12.447591295540725,1.7896693467546775e+18,1.7896751204553516e+18
1789673846807556031,12.36,1.5975,688.5,77.2545776767788,0.0,62.20977401826838,12.445091553535576,1.789669341739434e+18,1.7896751224103956e+18
1789673847074767774,12.368,1.5325,462.725,77.01154876073231,0.0,59.20028554223726,12.440230975214646,1.7896693357012582e+18,1.7896751247836575e+18
1789673847475189358,12.36,1.5675,1412.1,55.01377430023544,0.0,-148.83659851196265,12.100137743002355,1.789669231527066e+18,1.789675167260153e+18
1789673847875498258,12.36,1.5325,1032.575,57.27793040824614,0.0,-135.14572414969828,12.122779304082462,1.7896691338496166e+18,1.7896752070591808e+18
1789673848275911922,12.368,1.5825,1512.75,58.26097232326489,0.0,-129.2662324050754,12.13260972323265,1.7896690374433974e+18,1.7896752463175127e+18
1789673848542840556,12.36,1.6325,1339.725,59.13204223837653,0.0,-124.04731787786211,12.141320422383766,1.7896689421704512e+18,1.7896752850925757e+18
1789673848943537999,12.368,1.5975,811.7,59.99283860371797,0.0,-118.90463900600058,12.14992838603718,1.7896688482601743e+18,1.789675323289957e+18
1789673849210693249,12.364,1.65,838.7,60.33022101501459,0.0,-115.93357097652705,12.15495331522522,1.7896687532436698e+18,1.78967536191941e+18
1789673849410985612,12.364,1.5475,921.1,61.00515173807037,0.0,-109.85074721052136,12.165077276071056,1.7896686591440146e+18,1.7896754001556636e+18
1789673849611362802,12.364,1.6325,1172.55,61.43324840128566,0.0,-106.02219463910005,12.171498726019285,1.789668564777563e+18,1.7896754384820664e+18
1789673850012119365,12.364,1.615,301.525,62.03591840124299,0.0,-100.58526454880992,12.180538776018645,1.7896684712983603e+18,1.78967547642791e+18
1789673850412541005,12.36,1.5325,920.175,62.55142283647593,0.0,-95.95688964776124,12.18827134254714,1.7896683784142902e+18,1.7896755141129992e+18
1789673850679695870,12.364,1.5325,1169.75,63.19799050614406,0.0,-90.13420098933327,12.197969857592161,1.789668287232012e+18,1.7896755510870354e+18
1789673850880041342,12.364,1.5975,292.975,63.59687959333676,0.0,-86.56027798908028,12.203953193900052,1.7896681964175798e+18,1.789675587895066e+18
1789673851280671387,12.368,1.615,894.075,64.0542901482991,0.0,-82.45688992491381,12.210814352224487,1.7896681064615442e+18,1.7896756243366866e+18
1789673851681239219,12.364,1.615,1090.1,64.36576420812854,0.0,-79.68541743865183,12.215486463121929,1.789668016538936e+18,1.7896756607489772e+18
1789673851881492641,12.368,1.7,49.9,64.77291922978236,0.0,-76.02788630426663,12.221593788446736,1.7896679275456942e+18,1.7896756967684805e+18
1789673852148477241,12.36,1.6325,152.275,64.6000481502684,0.0,-77.69456142676758,12.219000722254027,1.7896678352394708e+18,1.7896757341208817e+18
1789673852348856768,12.364,1.68,464.7,64.91989459699221,0.0,-74.82705021414176,12.223798418954884,1.789667743311776e+18,1.7896757713045315e+18
1789673852748905176,12.36,1.5975,1418.15,65.19172519463825,0.0,-72.4135306967593,12.227875877919574,1.7896676514866301e+18,1.7896758084326564e+18
1789673853015795367,12.364,1.5675,1051.05,65.52176202652413,0.0,-69.46940957443795,12.232826430397862,1.7896675604178486e+18,1.789675845240686e+18
1789673853416056446,12.372,1.5975,1569.15,65.92371224125495,0.0,-65.87087766577898,12.238855683618825,1.7896674707738112e+18,1.7896758814552087e+18
1789673853682944240,12.368,1.5975,1511.85,66.4889983860573,0.0,-60.766859350248296,12.24733497579086,1.7896673842110707e+18,1.7896759164041155e+18
1789673854083446634,12.368,1.5975,1337.0,66.53153913787817,0.0,-60.45924033173184,12.247973087068173,1.789667296309343e+18,1.7896759518817928e+18
1789673854350195109,12.364,1.68,803.4,66.80416718948013,0.0,-58.03068309406723,12.252062507842203,1.789667209120521e+18,1.789675987053109e+18
1789673854750731929,12.36,1.4975,813.375,67.38594379471408,0.0,-52.772983665786846,12.260789156920712,1.7896671256960535e+18,1.789676020682416e+18
1789673855017673022,12.364,1.5675,843.8,67.6818112625009,0.0,-50.13240136198021,12.265227168937514,1.7896670437005824e+18,1.7896760537197279e+18
1789673855418100427,12.364,1.715,936.65,67.6791806548698,0.0,-50.218752397585554,12.265187709823048,1.7896669603392515e+18,1.7896760872991578e+18
1789673855885510674,12.364,1.665,1220.025,68.03242658856148,0.0,-47.04845402450218,12.270486398828423,1.789666879126578e+18,1.7896761199959132e+18
1789673856152517122,12.364,1.7,446.4,68.2793583622584,0.0,-44.84661342690872,12.274190375433877,1.7896667992141622e+18,1.7896761521545377e+18
1789673856553215044,12.368,1.615,1362.3,68.55097032482216,0.0,-42.43087573128296,12.278264554872333,1.7896667209827308e+18,1.789676183622236e+18
1789673857020951030,12.368,1.5675,880.6,68.77655044077306,0.0,-40.441464128021984,12.281648256611597,1.7896666440563471e+18,1.7896762145515994e+18
1789673857488720504,12.368,1.5825,1048.975,69.0235408062644,0.0,-38.254289283997814,12.285353112093967,1.789666568794963e+18,1.789676244797709e+18
1789673857955839868,12.364,1.665,1562.8,69.281176069492,0.0,-35.95888178091983,12.28921764104238,1.7896664954489247e+18,1.7896762742600259e+18
1789673858356099395,12.36,1.6325,1492.475,69.37406735930605,0.0,-35.17131326341444,12.290611010389592,1.7896664225668595e+18,1.7896763035342364e+18
1789673858622950667,12.364,1.5475,1277.85,69.6639105812535,0.0,-32.58861946186309,12.294958658718803,1.7896663523881917e+18,1.7896763317121544e+18
1789673858823207993,12.368,1.615,622.875,69.84938614199794,0.0,-30.963368719450404,12.29774079212997,1.789666283842376e+18,1.789676359226852e+18
1789673859223617035,12.364,1.5475,262.45,70.12206937715575,0.0,-28.159520361337787,12.302441387543116,1.7896662179457528e+18,1.7896763856662385e+18
1789673859490474559,12.364,1.5975,800.925,70.21778513618874,0.0,-27.050432250010495,12.304355702723775,1.7896661528122726e+18,1.789676411795442e+18
1789673859757571217,12.36,1.5975,805.825,70.39367198709668,0.0,-24.956403028162615,12.307873439741934,1.7896660894586726e+18,1.7896764372038702e+18
1789673860157900981,12.364,1.68,820.775,70.47347880769576,0.0,-24.038065971307205,12.309469576153916,1.7896660267278776e+18,1.7896764623585933e+18
1789673860424849488,12.364,1.6325,866.4,70.69176445404695,0.0,-21.430116452101046,12.31383528908094,1.7896659663629632e+18,1.7896764865544563e+18
1789673860825430188,12.368,1.5975,1005.625,70.86562179517138,0.0,-19.371754077219137,12.317312435903428,1.7896659078336448e+18,1.7896765100051348e+18
1789673861092564802,12.364,1.5975,1430.5,71.09806022949961,0.0,-16.593079653359,12.321961204589993,1.7896658519672832e+18,1.7896765323765076e+18
1789673861359780398,12.36,1.6325,1088.725,71.29768211830648,0.0,-14.204498469759347,12.32595364236613,1.789665798406581e+18,1.7896765538126886e+18
1789673861560188054,12.368,1.5975,45.725,71.37027795167182,0.0,-13.38285114428603,12.327405559033437,1.7896657456277768e+18,1.7896765749303117e+18
1789673861760610334,12.36,1.665,139.525,71.37008642332752,0.0,-13.433456674218057,12.327401728466551,1.7896656926835725e+18,1.789676596111351e+18
1789673862161361602,12.364,1.5975,425.775,71.33608551384167,0.0,-13.9033426304755,12.326721710276834,1.7896656390828255e+18,1.7896766175538885e+18
1789673862428314287,12.36,1.5475,1299.35,71.47663927410555,0.0,-12.233100898912284,12.329532785482112,1.7896655871234545e+18,1.7896766383295598e+18
1789673862829153236,12.364,1.6325,688.5,71.52636450315154,0.0,-11.674918973458542,12.330527290063031,1.7896655356151854e+18,1.7896766589190986e+18
1789673863029254267,12.36,1.5675,462.725,71.84312019618115,0.0,-7.858129579855528,12.336862403923623,1.7896654882249725e+18,1.7896766778434496e+18
1789673863296118564,12.368,1.4975,1412.1,72.06415683474708,0.0,-5.2157905749849895,12.341283136694942,1.7896654437308787e+18,1.789676695596195e+18
1789673863563095575,12.36,1.5825,1032.575,72.1389258778437,0.0,-4.342655718600649,12.342778517556875,1.7896654001622725e+18,1.7896767129716861e+18
1789673863963441021,12.364,1.665,1512.75,72.31632131122792,0.0,-2.221413205864676,12.34632642622456,1.7896653589201196e+18,1.7896767294050145e+18
1789673864230181508,12.364,1.78,1339.725,72.27776544848926,0.0,-2.74487612153348,12.345555308969786,1.7896653170969948e+18,1.789676746069242e+18
1789673864630642629,12.364,1.5325,811.7,72.58373151882277,0.0,0.9383609053114114,12.351674630376456,1.7896652794313526e+18,1.789676761053456e+18
1789673864897685419,12.368,1.5975,838.7,72.70821091033834,0.0,2.4030116525980443,12.354164218206767,1.7896652436228375e+18,1.7896767752894702e+18
1789673865164844454,12.364,1.7,921.1,72.61553192734364,0.0,1.22373171046413,12.352310638546873,1.7896652066121646e+18,1.7896767900100035e+18
1789673865632483012,12.364,1.5975,1172.55,72.75443856473584,0.0,2.869112876389436,12.355088771294717,1.789665171518652e+18,1.7896768039552466e+18
1789673866033414140,12.364,1.665,301.525,72.84206721170702,0.0,3.8935144522664213,12.356841344234141,1.7896651376161516e+18,1.789676817417057e+18
1789673866300337268,12.364,1.615,920.175,72.9943651287133,0.0,5.701700866577057,12.359887302574267,1.7896651058205658e+18,1.789676830025543e+18
1789673866567579097,12.36,1.6325,1169.75,73.10385546416462,0.0,6.992549206683779,12.362077109283293,1.7896650754747013e+18,1.7896768420438633e+18
1789673866767993720,12.368,1.5975,292.975,73.24630217980061,0.0,8.6852879719601,12.364926043596013,1.7896650470717494e+18,1.789676853273618e+18
1789673867168935462,12.364,1.5975,894.075,73.49790746886278,0.0,11.71251668855538,12.369958149377256,1.789665022224718e+18,1.7896768630675039e+18
1789673867436129856,12.364,1.615,1090.1,73.56986381233187,0.0,12.541010098647373,12.371397276246638,1.7896649984877627e+18,1.789676872413461e+18
1789673867703408040,12.364,1.5675,49.9,73.69953612894581,0.0,14.078542433588675,12.373990722578917,1.7896649769470305e+18,1.7896768808816023e+18
1789673868103695560,12.364,1.73,152.275,73.7098208453113,0.0,14.157496522089318,12.374196416906226,1.7896649558643546e+18,1.7896768891716861e+18
1789673868370419871,12.364,1.615,464.7,73.78196489829536,0.0,14.988159409711141,12.375639297965908,1.7896649361680476e+18,1.7896768969107397e+18
1789673868637476422,12.364,1.65,1418.15,73.84577738009658,0.0,15.721131874267234,12.376915547601932,1.789664917745152e+18,1.789676904144621e+18
1789673869037820302,12.372,1.7,1051.05,73.77807658342749,0.0,14.841072222306288,12.37556153166855,1.7896648986269668e+18,1.7896769116640138e+18
1789673869304800242,12.36,1.7,1569.15,73.8373323901916,0.0,15.522058874247092,12.376746647803833,1.7896648806877724e+18,1.7896769187155986e+18
1789673869705133624,12.368,1.73,1511.85,73.91491245241343,0.0,16.4102019416282,12.37829824904827,1.7896648642453059e+18,1.789676925173777e+18
1789673869972115272,12.368,1.6325,1337.0,73.89288964397132,0.0,16.09378849668722,12.377857792879427,1.7896648478600102e+18,1.7896769316170788e+18
1789673870572813519,12.368,1.6325,803.4,73.92071930743924,0.0,16.384130362529163,12.378414386148785,1.7896648322393175e+18,1.7896769377620736e+18
1789673870973680662,12.36,1.5475,813.375,73.97763423863077,0.0,17.04523479432492,12.379552684772616,1.789664817737782e+18,1.7896769434637755e+18
1789673871240936764,12.364,1.4825,843.8,74.23441624756704,0.0,20.131931678442808,12.384688324951341,1.7896648073176965e+18,1.7896769475334518e+18
1789673871441322622,12.364,1.5675,936.65,74.3590699122012,0.0,21.60791542658247,12.387181398244024,1.78966479906072e+18,1.7896769507425144e+18
1789673871842072778,12.36,1.5975,1220.025,74.63722881260004,0.0,24.955722646885214,12.392744576252001,1.7896647951800653e+18,1.789676952203256e+18
1789673872242692435,12.36,1.5675,446.4,74.73066972669268,0.0,26.061156624967055,12.394613394533854,1.7896647929762496e+18,1.7896769530003715e+18
1789673872643393727,12.364,1.5825,1362.3,74.99647473119629,0.0,29.249647930649246,12.399929494623926,1.7896647949856356e+18,1.7896769521177265e+18
1789673873044074473,12.368,1.715,880.6,75.07877663358542,0.0,30.197588891857922,12.401575532671709,1.789664798487056e+18,1.789676950647113e+18
1789673873244187275,12.364,1.615,1048.975,75.24580615484773,0.0,32.19078783373627,12.404916123096955,1.789664804722578e+18,1.7896769480910234e+18
1789673873511035190,12.364,1.6325,1562.8,75.22039628220627,0.0,31.83866586110315,12.404407925644126,1.7896648109047455e+18,1.7896769455682414e+18
1789673873911373085,12.364,1.615,1492.475,75.29578398041608,0.0,32.70830631988541,12.405915679608322,1.7896648183602435e+18,1.7896769425438968e+18
1789673874311675065,12.36,1.6325,1277.85,75.36750130845924,0.0,33.54642257288832,12.407350026169185,1.789664827063618e+18,1.7896769390296264e+18
1789673874511924981,12.36,1.5475,622.875,75.50264648687684,0.0,35.155200765958114,12.410052929737537,1.7896648379031624e+18,1.7896769346692396e+18
1789673874778879267,12.364,1.615,262.45,75.53751525180105,0.0,35.54174536530639,12.410750305036022,1.7896648491489848e+18,1.7896769301485435e+18
1789673874979192418,12.368,1.5675,800.925,75.62252086661294,0.0,36.52659117101552,12.41245041733226,1.7896648614447183e+18,1.7896769252080765e+18
1789673875379882510,12.36,1.65,805.825,75.63647680591892,0.0,36.65685097471668,12.412729536118379,1.789664873833525e+18,1.789676920233336e+18
1789673875780420520,12.368,1.5475,820.775,75.75142684155267,0.0,38.016543810914534,12.415028536831054,1.7896648876780227e+18,1.789676914677543e+18
1789673875980831580,12.364,1.5675,866.4,75.90046566251951,0.0,39.78928360405232,12.41800931325039,1.7896649034004283e+18,1.7896769083707866e+18
1789673876247803949,12.364,1.665,1005.625,75.9621555544908,0.0,40.49372787761111,12.419243111089816,1.7896649197443884e+18,1.789676901815955e+18
1789673876447946982,12.368,1.7,1430.5,75.7743139588345,0.0,38.15232179673307,12.41548627917669,1.7896649333400148e+18,1.7896768963631473e+18
1789673876848725887,12.36,1.6325,1088.725,75.76968018279304,0.0,38.06256504880412,12.415393603655861,1.7896649466729293e+18,1.7896768910162191e+18
1789673877249660918,12.36,1.665,45.725,75.6728494063779,0.0,36.845400569950506,12.413456988127558,1.7896649585031299e+18,1.789676886271291e+18
1789673877650337883,12.368,1.5325,139.525,75.76649131347493,0.0,37.94710608152602,12.415329826269499,1.7896649713717972e+18,1.7896768811102866e+18
1789673877850827485,12.368,1.6325,425.775,75.8164764334099,0.0,38.511515868802526,12.416329528668198,1.789664984704391e+18,1.7896768757634867e+18
1789673878118034076,12.36,1.5825,1299.35,75.90208011491191,0.0,39.52123019355905,12.418041602298239,1.7896649989322898e+18,1.7896768700576988e+18
1789673878518546565,12.368,1.615,688.5,75.94149243079684,0.0,39.95847592745757,12.418829848615937,1.7896650134261875e+18,1.78967686424499e+18
1789673878785399236,12.36,1.5475,462.725,76.02106707417695,0.0,40.90553228990087,12.42042134148354,1.789665028702613e+18,1.7896768581184632e+18
1789673878985566011,12.364,1.65,1412.1,76.08391465123772,0.0,41.62975535921472,12.421678293024755,1.7896650445599124e+18,1.7896768517596826e+18
1789673879385865856,12.368,1.665,1032.575,76.0788066676497,0.0,41.51712514270875,12.421576133352994,1.7896650600804723e+18,1.7896768455352223e+18
1789673879853184890,12.36,1.6325,1512.75,76.0477036503966,0.0,41.10076739136603,12.420954073007932,1.7896650749440223e+18,1.7896768395734415e+18
1789673880120137012,12.364,1.6325,1339.725,76.12344145080617,0.0,41.98289158416604,12.422468829016124,1.789665090501741e+18,1.7896768333330985e+18
1789673880320294371,12.364,1.5825,811.7,76.20291467193266,0.0,42.90911017470616,12.424058293438653,1.7896651067651848e+18,1.7896768268089403e+18
1789673880720993289,12.364,1.715,838.7,76.20926957360048,0.0,42.94140599260943,12.42418539147201,1.7896651227906225e+18,1.789676820378358e+18
1789673880988182892,12.364,1.5825,921.1,76.20434708148727,0.0,42.841876023385154,12.424086941629746,1.7896651384881405e+18,1.789676814078358e+18
1789673881388982816,12.364,1.7,1172.55,76.25274639422797,0.0,43.386418626126556,12.42505492788456,1.7896651544572536e+18,1.789676807667718e+18
1789673881656163210,12.36,1.68,301.525,76.16289415814732,0.0,42.258640839288354,12.423257883162947,1.7896651690168694e+18,1.7896768018184694e+18
1789673882056922431,12.368,1.5825,920.175,76.39456937797667,0.0,45.03061756462311,12.427891387559534,1.789665186336682e+18,1.789676794871908e+18
1789673882323819766,12.364,1.6325,1169.75,76.32930866398642,0.0,44.20019206922743,12.426586173279729,1.789665202809954e+18,1.7896767882700541e+18
1789673882724566415,12.364,1.665,292.975,76.28917656761693,0.0,43.67710516198142,12.425783531352339,1.789665218749639e+18,1.789676781887866e+18
1789673883192249118,12.364,1.73,894.075,76.22730631999747,0.0,42.879192049600555,12.42454612639995,1.7896652337488586e+18,1.7896767758830147e+18
1789673883458884571,12.364,1.5675,1090.1,76.17111686439735,0.0,42.16325022568594,12.423422337287947,1.7896652478770486e+18,1.7896767702266706e+18
1789673883859325322,12.364,1.5175,49.9,76.19556587475441,0.0,42.42414044944626,12.423911317495088,1.789665262089943e+18,1.78967676453713e+18
1789673884326362552,12.364,1.6325,152.275,76.21643839266837,0.0,42.639511221492214,12.424328767853368,1.789665276353023e+18,1.789676758828643e+18
1789673884593317291,12.368,1.68,464.7,76.25035436388137,0.0,43.00464103091499,12.425007087277628,1.7896652908509832e+18,1.7896767530281093e+18
1789673884993968632,12.364,1.68,1418.15,76.2362729041004,0.0,42.79645426392721,12.424725458082008,1.7896653050116902e+18,1.7896767473638328e+18
1789673885461423750,12.36,1.615,1051.05,76.28634781557562,0.0,43.37249110447161,12.425726956311513,1.7896653195949573e+18,1.7896767415332393e+18
1789673885728690422,12.364,1.6325,1569.15,76.33486326943296,0.0,43.92371567828106,12.42669726538866,1.7896653346055542e+18,1.7896767355350144e+18
1789673885995849595,12.36,1.6325,1511.85,76.27939054578815,0.0,43.22211615639778,12.425587810915763,1.7896653488603162e+18,1.7896767298413962e+18
1789673886396234618,12.356,1.5825,1337.0,76.23418126212674,0.0,42.651911377517365,12.424683625242535,1.7896653624953846e+18,1.789676724398468e+18
1789673886663271058,12.368,1.65,803.4,76.26298065158058,0.0,42.96205917254961,12.425259613031612,1.7896653765733074e+18,1.7896767187890644e+18
1789673886930530189,12.364,1.6325,813.375,76.34045721290175,0.0,43.86535967415173,12.426809144258035,1.789665391646387e+18,1.7896767127935322e+18
1789673887331200426,12.364,1.5975,843.8,76.37672281371987,0.0,44.27018467083963,12.427534456274397,1.789665407197207e+18,1.789676706617232e+18
1789673887598404557,12.364,1.615,936.65,76.34550315936313,0.0,43.86502244819405,12.426910063187263,1.7896654224380498e+18,1.78967670057275e+18
1789673887865722077,12.364,1.5975,1220.025,76.4265386104504,0.0,44.818537717482926,12.428530772209008,1.7896654385973921e+18,1.7896766941701635e+18
1789673888266651547,12.36,1.75,446.4,76.33348871743371,0.0,43.650694843089305,12.426669774348674,1.7896654537711311e+18,1.7896766881689044e+18
1789673888466497400,12.36,1.5325,1362.3,76.43244788346611,0.0,44.825270050651625,12.428648957669322,1.7896654700253868e+18,1.7896766817441408e+18
1789673888733136691,12.364,1.5825,880.6,76.46861509194949,0.0,45.234680820365625,12.42937230183899,1.7896654866652426e+18,1.7896766751730243e+18
1789673889133463427,12.364,1.5325,1048.975,76.47009557243561,0.0,45.22590210167049,12.429401911448712,1.7896655032903201e+18,1.7896766686146332e+18
1789673889333619845,12.364,1.68,1562.8,76.43814920281571,0.0,44.8055828300489,12.428762984056315,1.7896655195164434e+18,1.7896766622205135e+18
1789673889600465993,12.36,1.615,1492.475,76.41846429324266,0.0,44.53909314563162,12.428369285864854,1.7896655354778865e+18,1.7896766559371868e+18
1789673890000867461,12.36,1.615,1277.85,76.45933967762507,0.0,45.00811782641235,12.429186793552502,1.7896655517760637e+18,1.7896766495242079e+18
1789673890267785878,12.368,1.68,622.875,76.41632919369964,0.0,44.443175002357705,12.428326583873993,1.7896655675537884e+18,1.7896766433232678e+18
1789673890467927868,12.36,1.5975,262.45,76.50607857357521,0.0,45.50711504317356,12.430121571471505,1.7896655841318267e+18,1.7896766368063337e+18
1789673890868682511,12.368,1.5825,800.925,76.48785034695013,0.0,45.25809942151312,12.429757006939003,1.789665600343472e+18,1.7896766304369661e+18
1789673891269137546,12.372,1.5825,805.825,76.52970798015178,0.0,45.72828252778302,12.430594159603036,1.7896656167802053e+18,1.789676623978788e+18
1789673891469415681,12.368,1.5975,820.775,76.5257617619553,0.0,45.65062080936125,12.430515235239106,1.78966563298742e+18,1.7896766176127808e+18
1789673891736478569,12.364,1.615,866.4,76.54932542164659,0.0,45.904787950417635,12.430986508432932,1.7896656492017539e+18,1.7896766112434412e+18
1789673892137029164,12.364,1.615,1005.625,76.54000896384244,0.0,45.76470723476327,12.430800179276849,1.789665665212779e+18,1.7896766049588406e+18
1789673892337300490,12.364,1.7,1430.5,76.51409032346592,0.0,45.40587403170236,12.430281806469319,1.7896656808000527e+18,1.7896765988441925e+18
1789673892604425512,12.364,1.5475,1088.725,76.4806735591269,0.0,44.97831879388186,12.429613471182538,1.7896656957940654e+18,1.7896765929635223e+18
1789673892804901831,12.368,1.5975,45.725,76.517443491871,0.0,45.39456317934384,12.43034886983742,1.7896657109109463e+18,1.789676587032389e+18
1789673893205848578,12.368,1.6325,139.525,76.51561663700193,0.0,45.33909811314565,12.430312332740039,1.78966572576872e+18,1.7896765812030986e+18
1789673893473599949,12.368,1.5975,425.775,76.51528865815874,0.0,45.29979669687361,12.430305773163175,1.7896657404040927e+18,1.7896765754613263e+18
1789673893873967718,12.364,1.7,1299.35,76.53611563726646,0.0,45.514000247188534,12.43072231274533,1.7896657549914962e+18,1.789676569736896e+18
1789673894140739144,12.364,1.715,688.5,76.4219333577442,0.0,44.086415232511996,12.428438667154884,1.7896657682462428e+18,1.7896765645404728e+18
1789673894407643570,12.364,1.4975,462.725,76.40812660468984,0.0,43.89284088416814,12.428162532093797,1.7896657811694198e+18,1.789676559474766e+18
1789673894808176506,12.368,1.6325,1412.1,76.4056397651923,0.0,43.829283429310514,12.428112795303846,1.7896657938802404e+18,1.789676554492935e+18
1789673895075232874,12.364,1.65,1032.55,76.38497400133488,0.0,43.553579287263034,12.427699480026698,1.7896658062853555e+18,1.789676549634324e+18
1789673895475926472,12.364,1.715,1512.75,76.34887820249273,0.0,43.06986380856947,12.426977564049855,1.7896658182219889e+18,1.7896765449630472e+18
1789673895743113095,12.364,1.5825,1339.725,76.34220989810184,0.0,42.969237690411276,12.426844197962037,1.7896658299715287e+18,1.7896765403669222e+18
1789673896143630603,12.364,1.5475,811.7,76.29916023666308,0.0,42.41778576311761,12.425983204733262,1.7896658411881329e+18,1.78967653598322e+18
1789673896410578322,12.364,1.765,838.7,76.23110584571445,0.0,41.55051187124641,12.42462211691429,1.7896658516381548e+18,1.7896765319039365e+18
1789673896610832570,12.364,1.665,921.1,76.15539034053072,0.0,40.594391512787446,12.423107806810615,1.789665861257179e+18,1.7896765281541896e+18
1789673897011757699,12.36,1.68,1172.55,76.00718048944302,0.0,38.76261582693885,12.42014360978886,1.7896658693649462e+18,1.7896765250034307e+18
1789673897412690449,12.364,1.615,301.525,75.9812136346997,0.0,38.41953470269541,12.419624272693994,1.7896658770576026e+18,1.7896765220149844e+18
1789673897813419381,12.364,1.68,920.175,75.93663725876523,0.0,37.845597561501684,12.418732745175305,1.7896658842143086e+18,1.7896765192382876e+18
1789673898013864071,12.368,1.5825,1169.75,75.90603623230336,0.0,37.44407232800514,12.418120724646068,1.7896658909298e+18,1.7896765166337756e+18
1789673898280777447,12.368,1.5675,292.975,75.90576984290084,0.0,37.417581002952765,12.418115396858017,1.7896658975328553e+18,1.7896765140728794e+18
1789673898681185928,12.368,1.68,894.075,75.84746877471763,0.0,36.676630562358376,12.416949375494353,1.7896659034685345e+18,1.7896765117748675e+18
1789673899081448400,12.364,1.615,1090.1,75.8630850673236,0.0,36.8436255112928,12.417261701346472,1.7896659094245699e+18,1.7896765094675146e+18
1789673899348392734,12.368,1.5975,49.9,75.86359299902696,0.0,36.818680384506614,12.41727185998054,1.7896659151675261e+18,1.7896765072395515e+18
1789673899548673568,12.364,1.5975,152.275,75.88376230313409,0.0,37.04207057191704,12.417675246062682,1.7896659209120376e+18,1.789676505007036e+18
1789673899748992316,12.364,1.6325,464.7,75.86228087038958,0.0,36.75197624638559,12.417245617407792,1.7896659263083825e+18,1.789676502909337e+18
1789673900149786755,12.368,1.75,1418.15,75.79978662066385,0.0,35.95300016374885,12.415995732413277,1.7896659310138995e+18,1.7896765010833318e+18
1789673900416579412,12.368,1.5475,1051.05,75.8630447216281,0.0,36.69889120785125,12.417260894432562,1.7896659361610386e+18,1.7896764990804014e+18
1789673900817329018,12.364,1.5825,1569.15,75.84200057413995,0.0,36.41703002670751,12.4168400114828,1.7896659410125292e+18,1.7896764971933972e+18
1789673901084509060,12.368,1.6325,1511.85,75.86753978923619,0.0,36.69875274527677,12.417350795784724,1.789665945995551e+18,1.7896764952532739e+18
1789673901351820137,12.36,1.615,1337.0,75.85184532670493,0.0,36.48983653572567,12.417036906534099,1.789665950769588e+18,1.7896764933956803e+18
1789673901752637156,12.364,1.7,803.4,75.78157779221719,0.0,35.601733610281315,12.415631555844344,1.789665954854199e+18,1.7896764918109345e+18
1789673902153712712,12.368,1.5975,813.375,75.81991149075131,0.0,36.046108886968625,12.416398229815027,1.7896659592169224e+18,1.7896764901164844e+18
1789673902554137582,12.36,1.68,843.8,75.72120582770765,0.0,34.81952370157962,12.414424116554153,1.789665962633183e+18,1.7896764887958758e+18
1789673902821338307,12.364,1.7,936.65,75.67892907006764,0.0,34.27190591248077,12.413578581401353,1.7896659656070177e+18,1.7896764876493688e+18
1789673903088573818,12.364,1.6325,1220.025,75.65248306687647,0.0,33.926554902820286,12.41304966133753,1.7896659682880108e+18,1.789676486618037e+18
1789673903488975551,12.368,1.4975,446.4,75.67176671377283,0.0,34.1403198482181,12.413435334275457,1.7896659710564982e+18,1.7896764855511726e+18
1789673903755816569,12.364,1.7,1362.3,75.70651780429536,0.0,34.53047428329266,12.414130356085908,1.7896659740866847e+18,1.7896764843810355e+18
1789673904022766059,12.364,1.5825,880.6,75.67318051257139,0.0,34.09324551340258,12.413463610251428,1.7896659767732774e+18,1.789676483346321e+18
1789673904422996556,12.364,1.7,1048.975,75.71122889563284,0.0,34.52791285848724,12.414224577912657,1.7896659797218565e+18,1.7896764822076367e+18
1789673904689904799,12.36,1.615,1562.8,75.70520616370872,0.0,34.436304134283006,12.414104123274175,1.789665982569848e+18,1.7896764811085455e+18
1789673905090286550,12.364,1.715,1492.475,75.61563804728175,0.0,33.3181266115227,12.412312760945635,1.7896659845352407e+18,1.789676480355887e+18
1789673905357255123,12.364,1.615,1277.85,75.58147951934471,0.0,32.8799921758736,12.411629590386895,1.789665986141999e+18,1.7896764797437612e+18
1789673905624358790,12.368,1.5825,622.875,75.6473116521648,0.0,33.65528608356123,12.412946233043296,1.7896659882499264e+18,1.7896764789327747e+18
1789673906025079616,12.368,1.5975,262.45,75.6969538004265,0.0,34.23713583119858,12.41393907600853,1.789665990683641e+18,1.7896764779914232e+18
1789673906291988198,12.364,1.5825,800.925,75.68105660721578,0.0,34.022610116748425,12.413621132144316,1.7896659929112297e+18,1.789676477130332e+18
1789673906692582363,12.368,1.65,805.825,75.64119701958347,0.0,33.51398222770626,12.41282394039167,1.7896659949231383e+18,1.789676476360538e+18
1789673906959642904,12.364,1.5475,820.775,75.66289891725013,0.0,33.758152814550286,12.413257978345003,1.789665997191889e+18,1.7896764754933578e+18
1789673907160088903,12.364,1.5825,866.4,75.63620627081926,0.0,33.40671835910198,12.412724125416386,1.7896659992693138e+18,1.789676474704061e+18
1789673907560817116,12.36,1.75,1005.625,75.61391051640109,0.0,33.114183648822355,12.412278210328022,1.789666001169994e+18,1.7896764739865556e+18
1789673907828127170,12.364,1.6325,1430.5,75.58544488992256,0.0,32.74391394418398,12.411708897798452,1.7896660028350682e+18,1.7896764733633152e+18
1789673908095343531,12.364,1.5175,1088.725,75.60442398549911,0.0,32.95597358975647,12.412088479709983,1.789666004607729e+18,1.789676472696955e+18
1789673908496084405,12.372,1.6325,45.725,75.58270848901235,0.0,32.65284077483239,12.411654169780247,1.7896660061431997e+18,1.7896764721236585e+18
1789673908762561637,12.368,1.715,139.525,75.52169465096715,0.0,31.88034492577019,12.410433893019343,1.7896660070640346e+18,1.7896764717899174e+18
1789673909029322870,12.364,1.5975,425.775,75.53744866509619,0.0,32.04976192339318,12.410748973301924,1.78966600806059e+18,1.789676471425268e+18
1789673909429758854,12.368,1.7,1299.35,75.50258160574606,0.0,31.586921227571576,12.410051632114921,1.7896660087101768e+18,1.789676471196603e+18
1789673909696749788,12.368,1.5825,688.5,75.57481082840019,0.0,32.435767758022166,12.411496216568004,1.7896660099362895e+18,1.7896764707408479e+18
1789673909963832750,12.368,1.68,462.725,75.55255076792645,0.0,32.1374997608681,12.41105101535853,1.789666010936998e+18,1.789676470373411e+18
1789673910430904767,12.36,1.5475,1412.1,75.58276020473063,0.0,32.48900650878661,12.411655204094613,1.7896660121194473e+18,1.7896764699334572e+18
1789673910697897772,12.364,1.5975,1032.575,75.61335378174743,0.0,32.83905837771832,12.412267075634949,1.7896660133209644e+18,1.789676469478517e+18
1789673911098508340,12.36,1.68,1512.75,75.59742777683311,0.0,32.62372931740963,12.411948555536663,1.7896660141889088e+18,1.7896764691489393e+18
1789673911365615047,12.368,1.5475,1339.725,75.67780457350261,0.0,33.573581204575575,12.413556091470053,1.7896660156067922e+18,1.789676468599842e+18
1789673911632730749,12.36,1.665,811.7,75.68962046903272,0.0,33.701230848573836,12.413792409380655,1.7896660170217725e+18,1.789676468049387e+18
1789673912033550645,12.368,1.68,838.7,75.63325000325393,0.0,32.983197808820655,12.41266500006508,1.7896660178123203e+18,1.7896764677401997e+18
1789673912300532131,12.368,1.615,921.1,75.67306093862634,0.0,33.44444097966874,12.413461218772527,1.789666018781844e+18,1.78967646735623e+18
1789673912701305116,12.36,1.615,1172.55,75.71411692748144,0.0,33.930027182230624,12.41428233854963,1.7896660199379628e+18,1.7896764668948664e+18
1789673912901773212,12.364,1.65,301.525,75.69583269372747,0.0,33.68772208297753,12.41391665387455,1.7896660208337638e+18,1.7896764665327304e+18
1789673913168956430,12.368,1.4975,920.175,75.75067225619465,0.0,34.342348664898374,12.415013445123893,1.789666022037955e+18,1.7896764660453699e+18
1789673913569718599,12.364,1.73,1169.75,75.7130566078443,0.0,33.85426966610535,12.414261132156886,1.7896660227824855e+18,1.7896764657345615e+18
1789673913836473822,12.364,1.5475,292.975,75.72765848034457,0.0,34.01664728439276,12.414553169606892,1.789666023444048e+18,1.7896764654499889e+18
1789673914236711589,12.364,1.5175,894.075,75.72812086168872,0.0,34.00825315285641,12.414562417233775,1.7896660239428846e+18,1.7896764652246362e+18
1789673915571283204,12.408,1.5825,415.425,75.86463715398075,0.0,35.61168570969051,12.417292743079615,1.7896660253210542e+18,1.7896764646495293e+18
1789673915971695827,12.408,1.5325,1267.775,76.17872220998088,0.0,39.37448846494143,12.423574444199618,1.7896660290852488e+18,1.7896764631334382e+18
1789673916372061462,12.412,1.4975,592.125,76.47591958981562,0.0,42.937070319205745,12.429518391796313,1.7896660350389942e+18,1.7896764607525542e+18
1789673916772681305,12.412,1.5675,168.6,76.62954122449896,0.0,44.74590618885094,12.43259082448998,1.7896660419549164e+18,1.789676457987279e+18
1789673917039807064,12.404,1.615,514.525,76.70292678876854,0.0,45.569932361188606,12.434058535775371,1.7896660491950671e+18,1.7896764550884884e+18
1789673917373740428,12.404,1.5825,1570.2,76.81575179454204,0.0,46.89161841887093,12.436315035890841,1.7896660570328586e+18,1.7896764519477908e+18
1789673917640848628,12.416,1.5475,1515.05,77.11240707741621,0.0,50.442669961698336,12.442248141548324,1.7896660669476564e+18,1.7896764479858447e+18
1789673918041786776,12.408,1.5975,1346.75,77.23265580047594,0.0,51.836181629424004,12.444653116009519,1.7896660775405906e+18,1.789676443753049e+18
1789673918442340113,12.408,1.4975,833.15,77.56021309086192,0.0,55.772125526213415,12.451204261817239,1.7896660906461094e+18,1.7896764385381466e+18
1789673918842981328,12.404,1.5475,904.15,77.73140571879617,0.0,57.806013271466576,12.454628114375923,1.7896661049273006e+18,1.7896764328631258e+18
1789673919043022113,12.404,1.5675,1120.825,77.86302670526003,0.0,59.35484181318194,12.4572605341052,1.7896661200080899e+18,1.7896764268735516e+18
1789673919243170530,12.412,1.5675,143.675,78.01000812240419,0.0,61.08483188608599,12.460200162448084,1.7896661360304689e+18,1.789676420515431e+18
1789673919510014408,12.404,1.5325,438.45,78.18476315424478,0.0,63.16897532973738,12.463695263084896,1.7896661523835274e+18,1.7896764139982344e+18
1789673919910331018,12.404,1.615,1338.025,78.2088927625333,0.0,63.40082643531086,12.464177855250666,1.7896661686747738e+18,1.78967640750514e+18
1789673920177155184,12.404,1.5325,806.525,78.39757935741876,0.0,65.65878015608715,12.467951587148375,1.7896661861270648e+18,1.7896764005559885e+18
1789673920577439321,12.412,1.68,822.9,78.2602819802599,0.0,63.89708531834873,12.465205639605198,1.7896662023067886e+18,1.7896763941060628e+18
1789673920978050739,12.408,1.5825,872.875,78.3509932170472,0.0,64.94473809006261,12.467019864340944,1.789666218977866e+18,1.7896763874656996e+18
1789673921378575587,12.404,1.615,1025.4,78.41115201150004,0.0,65.61280836942811,12.46822304023,1.78966623584769e+18,1.78967638074746e+18
1789673921578862869,12.4,1.7,1490.85,78.25636002451725,0.0,63.654713556084666,12.465127200490345,1.7896662512642092e+18,1.7896763745955497e+18
1789673921846041778,12.4,1.5825,1272.9,78.37882676666361,0.0,65.09664553476394,12.467576535333272,1.7896662673833183e+18,1.7896763681696617e+18
1789673922113121463,12.408,1.4825,607.775,78.67404472349985,0.0,68.65546368704979,12.473480894469997,1.7896662854188483e+18,1.789676360993822e+18
1789673922513593023,12.404,1.5475,216.375,78.84251366322312,0.0,70.65742349738647,12.476850273264462,1.7896663044872008e+18,1.7896763534172273e+18
1789673922780745901,12.404,1.5325,660.3,79.04444453297793,0.0,73.06945947938122,12.480888890659559,1.789666324790629e+18,1.7896763453602335e+18
1789673923048004097,12.396,1.5675,376.675,79.14784664509976,0.0,74.2880707214786,12.482956932901995,1.7896663455374705e+18,1.7896763371303698e+18
1789673923448854094,12.392,1.5175,1149.5,79.26782463369106,0.0,75.71621094167962,12.485356492673821,1.7896663668846364e+18,1.7896763286685883e+18
1789673923715721766,12.396,1.5475,231.175,79.37257925143079,0.0,76.95194931079297,12.487451585028616,1.7896663887017352e+18,1.7896763200255974e+18
1789673924116884280,12.4,1.5825,705.475,79.47708566697715,0.0,78.17195598185626,12.489541713339543,1.7896664109735706e+18,1.7896763112075543e+18
1789673924383964868,12.404,1.65,514.525,79.44337250887871,0.0,77.68362856294104,12.488867450177574,1.7896664327178455e+18,1.7896763025977165e+18
1789673924783948806,12.396,1.65,1570.2,79.38494178423554,0.0,76.91350225778965,12.48769883568471,1.789666453752066e+18,1.7896762942664735e+18
1789673925050936584,12.396,1.4475,1515.05,79.52443121548713,0.0,78.58352266463199,12.490488624309743,1.7896664753243835e+18,1.7896762857215255e+18
1789673925451294496,12.396,1.5325,1346.75,79.63595297925876,0.0,79.90477099192965,12.492719059585175,1.7896664972958067e+18,1.789676277020079e+18
1789673925718381379,12.4,1.4325,833.15,79.81763179909473,0.0,82.09846837698,12.496352635981895,1.7896665202089866e+18,1.789676267953678e+18
1789673925985461607,12.404,1.5475,904.15,79.95682141058317,0.0,83.75730832459134,12.499136428211663,1.7896665437527363e+18,1.7896762586438966e+18
1789673926385862470,12.396,1.5325,1120.825,80.07551585021595,0.0,85.40262298681344,12.501887896255399,1.7896665677721037e+18,1.7896762491514045e+18
1789673926653017700,12.4,1.5325,143.675,80.17189288869439,0.0,86.83084855071196,12.50429732221736,1.789666592100897e+18,1.7896762395408108e+18
1789673926920290092,12.396,1.5475,438.45,80.24141233300817,0.0,87.85084570205042,12.506035308325204,1.7896666165254863e+18,1.7896762298943334e+18
1789673927321153024,12.404,1.4625,1338.025,80.40965558881744,0.0,90.38171524335955,12.510241389720436,1.7896666416929687e+18,1.7896762199605642e+18
1789673927588274576,12.388,1.5475,806.525,80.44248710208024,0.0,90.85501576122869,12.511062177552006,1.7896666667022144e+18,1.7896762100902328e+18
1789673927855637986,12.396,1.5475,822.9,80.5127665760024,0.0,91.8927394729231,12.51281916440006,1.7896666918153277e+18,1.7896762001822397e+18
1789673928323027477,12.4,1.5475,872.875,80.59268313883969,0.0,93.07778130769542,12.514817078470992,1.7896667170931712e+18,1.789676190213308e+18
1789673928590106456,12.396,1.5825,1025.4,80.6538523887096,0.0,93.9615784379332,12.51634630971774,1.7896667423803812e+18,1.7896761802425329e+18
1789673929057524665,12.396,1.5175,1490.85,80.74631647570158,0.0,95.3355433568538,12.51865791189254,1.7896667678003405e+18,1.7896761702193275e+18
1789673929457773751,12.4,1.4825,1272.9,80.84747594659817,0.0,96.85248639438744,12.521186898664954,1.7896667934637002e+18,1.7896761601033628e+18
1789673929724654679,12.396,1.6325,607.775,80.8403865075011,0.0,96.69654113093526,12.521009662687527,1.7896668186472727e+18,1.7896761501736092e+18
1789673930124973309,12.404,1.5675,216.375,80.88464965574047,0.0,97.32026297684973,12.522116241393512,1.7896668437182413e+18,1.789676140289312e+18
1789673930325097564,12.396,1.5675,660.3,80.95444883303387,0.0,98.3392041451757,12.523861220825847,1.7896668688142533e+18,1.7896761303962222e+18
1789673930591926386,12.4,1.5175,376.675,81.05688710952506,0.0,99.86306147367313,12.526422177738127,1.789666894139559e+18,1.7896761204156902e+18
1789673931059127688,12.392,1.5675,1149.5,81.08596836406925,0.0,100.27581552129098,12.527149209101731,1.7896669192482214e+18,1.7896761105209677e+18
1789673931459688903,12.388,1.5175,231.175,81.1479354401164,0.0,101.21517566367899,12.52869838600291,1.7896669443346726e+18,1.7896761006364163e+18
1789673931726650775,12.392,1.5175,705.475,81.20389722656377,0.0,102.04657825286864,12.530097430664094,1.7896669693575273e+18,1.7896760907779402e+18
1789673932127016763,12.388,1.4625,514.525,81.2528212917266,0.0,102.77374832736952,12.531320532293165,1.7896669942085463e+18,1.7896760809848143e+18
1789673932327283073,12.392,1.5475,1570.2,81.3072095380079,0.0,103.56678587257768,12.532680238450197,1.7896670189796974e+18,1.7896760712237747e+18
1789673932594260275,12.392,1.4825,1515.05,81.3513648931989,0.0,104.21959489532645,12.533784122329973,1.7896670436380984e+18,1.789676061508782e+18
1789673932994764879,12.4,1.5975,1346.75,81.36370899740285,0.0,104.35865360500554,12.534092724935071,1.7896670680040837e+18,1.789676051909436e+18
1789673933261858141,12.4,1.68,833.15,81.26936747660473,0.0,102.84132830881913,12.531734186915118,1.7896670914881692e+18,1.7896760426539779e+18
1789673933662476947,12.396,1.68,904.15,81.17743336538823,0.0,101.36109519437952,12.529435834134706,1.7896671117105664e+18,1.789676034518661e+18
1789673933929742190,12.404,1.5825,1120.825,81.24093290916029,0.0,102.2731566510258,12.531023322729007,1.7896671319875814e+18,1.7896760263645647e+18
1789673934330176366,12.392,1.4825,143.675,81.3027389995915,0.0,103.19385414915874,12.532568474989787,1.7896671523257948e+18,1.7896760181902515e+18
1789673934597376479,12.392,1.78,438.45,81.05966452214354,0.0,99.39202280396567,12.526491613053588,1.7896671710404895e+18,1.7896760106461038e+18
1789673935064356685,12.392,1.5325,1338.025,81.12564886590931,0.0,100.36327815284955,12.528141221647733,1.7896671898670328e+18,1.789676003062369e+18
1789673935331172515,12.388,1.7,806.525,81.02742300647591,0.0,98.80016935643886,12.525685575161898,1.7896672079155643e+18,1.7896759957825715e+18
1789673935598069325,12.396,1.7,822.9,80.90604915791815,0.0,96.87350604582512,12.522651228947954,1.789667225078945e+18,1.7896759888477724e+18
1789673935998386013,12.388,1.6325,872.875,80.88761024616545,0.0,96.5552779042892,12.522190256154136,1.7896672419215053e+18,1.7896759820398822e+18
1789673936265347979,12.392,1.5825,1025.4,80.9199346821594,0.0,97.00943194550625,12.522998367053985,1.7896672587385313e+18,1.7896759752458122e+18
1789673936665654288,12.4,1.4825,1490.85,81.00782524988915,0.0,98.32925787213148,12.525195631247229,1.7896672760188585e+18,1.789675968287293e+18
1789673936932660729,12.388,1.615,1272.9,81.00877733527881,0.0,98.31237584485633,12.52521943338197,1.7896672931606915e+18,1.7896759613891807e+18
1789673937332889524,12.392,1.4825,607.775,81.06117146852839,0.0,99.0901534032423,12.52652928671321,1.7896673104406807e+18,1.789675954445411e+18
1789673937599895675,12.392,1.5675,216.375,81.10795001190759,0.0,99.76701445509279,12.52769875029769,1.7896673278055972e+18,1.7896759474753672e+18
1789673937800140472,12.392,1.6325,660.3,81.0866504843522,0.0,99.39556430124138,12.527166262108805,1.7896673448887636e+18,1.7896759406192374e+18
1789673938200450811,12.392,1.5825,376.675,81.10399061833313,0.0,99.62528675352574,12.527599765458328,1.7896673618957535e+18,1.789675933798248e+18
1789673938600738151,12.396,1.6325,1149.5,81.07360844707337,0.0,99.10400816757897,12.526840211176834,1.7896673785847165e+18,1.789675927105269e+18
1789673939000930994,12.388,1.5675,231.175,81.07965163805993,0.0,99.16765732353782,12.526991290951498,1.789667395117206e+18,1.7896759204766267e+18
1789673939201014471,12.396,1.7,705.475,80.97994887056338,0.0,97.56932542005264,12.524498721764084,1.789667410972564e+18,1.7896759141124867e+18
1789673939467884965,12.392,1.4625,514.525,81.04106916455301,0.0,98.48005935734646,12.526026729113825,1.789667426964118e+18,1.789675907700414e+18
1789673939868192326,12.388,1.615,1570.2,81.03203354104899,0.0,98.30434798963282,12.525800838526225,1.789667442741135e+18,1.78967590137519e+18
1789673940268749356,12.396,1.4975,1515.05,81.08285305826001,0.0,99.05051519559821,12.5270713264565,1.7896674585892078e+18,1.7896758950265272e+18
1789673940535599924,12.392,1.65,1346.75,81.03004690046525,0.0,98.19028690872189,12.525751172511631,1.789667473989812e+18,1.7896758888527035e+18
1789673941003374144,12.392,1.5175,833.15,81.08943263933092,0.0,99.06819994158637,12.527235815983273,1.789667489485286e+18,1.7896758826452134e+18
1789673941470041381,12.388,1.4975,904.15,81.13244528215695,0.0,99.70129416142608,12.528311132053924,1.7896675050938053e+18,1.7896758764022984e+18
1789673941870692807,12.388,1.5975,1120.825,81.1325452576741,0.0,99.66857538398513,12.528313631441852,1.7896675205937172e+18,1.789675870208123e+18
1789673942137190485,12.388,1.4825,143.675,81.15098340820332,0.0,99.9371255333113,12.528774585205083,1.7896675360653097e+18,1.7896758640312942e+18
1789673942604563770,12.392,1.5175,438.45,81.21747112162261,0.0,100.92319246810676,12.530436778040565,1.789667551734878e+18,1.7896758577853778e+18
1789673943004846156,12.388,1.5825,1338.025,81.22062626243562,0.0,100.93277586134063,12.53051565656089,1.789667567299846e+18,1.7896758515861788e+18
1789673943271746576,12.392,1.5175,806.525,81.26418290679332,0.0,101.57687926869554,12.531604572669833,1.7896675829386872e+18,1.7896758453645286e+18
1789673943538522221,12.388,1.5475,822.9,81.2832344596113,0.0,101.83433520167632,12.532080861490282,1.789667598523347e+18,1.7896758391688548e+18
1789673943938774181,12.392,1.7,872.875,81.20374379522836,0.0,100.5477966306931,12.530093594880709,1.7896676136092488e+18,1.7896758331696443e+18
1789673944405641898,12.392,1.665,1025.4,81.14295873541153,0.0,99.55561833319949,12.528573968385288,1.7896676282709356e+18,1.7896758273371886e+18
1789673944672454009,12.388,1.7,1490.85,81.05994241989777,0.0,98.22424123515626,12.526498560497444,1.7896676424250545e+18,1.7896758217035735e+18
1789673945072733800,12.384,1.5475,1272.9,81.06806905800056,0.0,98.32438452256554,12.526701726450014,1.7896676564973624e+18,1.7896758161063764e+18
1789673945339619047,12.392,1.5475,607.775,81.13028167381486,0.0,99.24420595420416,12.528257041845372,1.7896676707102802e+18,1.7896758104592963e+18
1789673945740003852,12.388,1.5475,216.375,81.15663770405739,0.0,99.61198364209886,12.528915942601435,1.7896676848612772e+18,1.7896758048377518e+18
1789673946007114193,12.388,1.665,660.3,81.10297307214324,0.0,98.74360779426166,12.527574326803581,1.7896676986193997e+18,1.789675799369209e+18
1789673946273974104,12.392,1.615,376.675,81.07883656761956,0.0,98.32709087907917,12.526970914190489,1.7896677121234268e+18,1.7896757940006684e+18
1789673946674313048,12.392,1.4825,1149.5,81.1309990989514,0.0,99.09904624728681,12.528274977473785,1.7896677257062141e+18,1.7896757886048904e+18
1789673946941493390,12.392,1.415,231.175,81.13575172204563,0.0,99.14868742812291,12.52839379305114,1.7896677391591214e+18,1.789675783261333e+18
1789673947342144275,12.116,6.38,705.475,77.99120688746443,0.0,56.75098268248451,12.459824137749289,1.7896677389216573e+18,1.7896757831460908e+18
1789673947808970982,11.24,22.0325,514.525,77.87756107807306,0.0,55.337713730282886,12.457551221561461,1.7896677381482757e+18,1.7896757832346652e+18
1789673948077510340,12.268,1.9675,1570.2,77.87475433383318,0.0,55.39177133280421,12.457495086676664,1.7896677373058176e+18,1.7896757833476006e+18
1789673948543569455,11.664,13.1825,1515.05,77.97787833012119,0.0,56.664796027097196,12.459557566602424,1.7896677368439675e+18,1.7896757833135987e+18
1789673949010459649,11.248,20.765,1346.75,78.03764809988289,0.0,57.377112455041264,12.460752961997658,1.789667736583186e+18,1.7896757832017316e+18
1789673949210386139,11.82,9.265,833.15,78.10026625713144,5.739999999999999,58.20510736380676,12.462005325142629,1.7896677365572186e+18,1.7896757829997696e+18
1789673949477146256,12.232,2.2,904.15,78.09542823351006,5.739999999999999,58.25243919158548,12.461908564670201,1.789667736479233e+18,1.789675782817435e+18
1789673949743961353,11.6,14.835,1120.825,78.09459566362538,5.739999999999999,58.22830588575863,12.461891913272508,1.7896677363569495e+18,1.7896757826511762e+18
1789673950010780255,10.648,32.2975,143.675,78.01331208296905,7.630000000000001,57.25774353770576,12.460266241659381,1.789667735846605e+18,1.7896757826319101e+18
1789673950410994760,10.836,28.2,438.45,78.02229790841633,7.630000000000001,57.349398406984456,12.460445958168327,1.7896677353547973e+18,1.7896757826060716e+18
1789673950677799126,10.696,29.85,1338.025,78.05777539724934,9.135,57.76099698334423,12.461155507944987,1.7896677349404782e+18,1.7896757825479194e+18
1789673950944659004,10.636,30.6,806.525,78.09159362261671,9.135,58.13867556285122,12.461831872452334,1.7896677346253947e+18,1.7896757824509286e+18
1789673951344902184,10.572,31.465,822.9,78.12207344311803,10.3075,58.4787244002883,12.46244146886236,1.7896677344033956e+18,1.7896757823182833e+18
1789673951611785701,10.52,33.1,872.875,78.12650158462688,10.3075,58.51366706473649,12.462530031692538,1.7896677341525066e+18,1.7896757821954463e+18
1789673952078748358,11.076,21.5175,1025.4,78.15527024061268,11.2875,58.88866781346145,12.463105404812254,1.7896677339754028e+18,1.7896757820438587e+18
1789673952345562227,11.92,6.0975,1490.85,78.14973993131949,11.2875,58.99864195393787,12.46299479862639,1.7896677336736003e+18,1.789675781935539e+18
1789673952745825369,11.428,15.765,1272.9,78.16337674027994,11.707500000000001,59.208910353010275,12.463267534805599,1.7896677333178401e+18,1.78967578184333e+18
1789673953012849034,11.936,6.0975,607.775,78.1580968316587,11.707500000000001,59.3045091850563,12.463161936633174,1.7896677328780764e+18,1.7896757817810378e+18
1789673953413550288,12.14,2.4475,216.375,78.14156739437568,11.8475,59.3110790077602,12.462831347887514,1.7896677323093125e+18,1.7896757817661716e+18
1789673953680462071,11.24,19.43,660.3,78.1550975474338,11.8475,59.48262554397358,12.463101950948676,1.7896677317391094e+18,1.789675781749978e+18
1789673953880419383,10.916,25.98,376.675,78.15676215831112,11.8475,59.48891378913131,12.463135243166223,1.7896677311213617e+18,1.7896757817499223e+18
1789673954280763039,11.656,11.2675,1149.5,78.16306325758387,11.8475,59.648555320870805,12.463261265151678,1.7896677304614986e+18,1.7896757817636173e+18
1789673954547496279,10.492,34.415,231.175,78.1362976129306,12.1275,59.35100272781554,12.462725952258612,1.7896677296115482e+18,1.7896757818461888e+18
1789673954747588064,10.376,35.6175,705.475,78.12903123087463,12.1275,59.2604219987373,12.462580624617493,1.7896677286627912e+18,1.7896757819635203e+18
1789673955148207660,10.312,36.8975,514.525,78.11984237049413,12.6525,59.14943393322734,12.462396847409883,1.789667727516262e+18,1.789675782148532e+18
1789673955548819017,10.304,37.265,1570.2,78.10860903243633,13.37,59.02052660384773,12.462172180648727,1.7896677262121787e+18,1.7896757823886057e+18
1789673955749104196,11.192,18.6825,1515.05,78.12170360534367,13.37,59.236676843736475,12.462434072106873,1.789667724886504e+18,1.7896757826335145e+18
1789673956016216347,12.0,3.3125,1346.75,78.09840482317406,14.0,59.252304871020634,12.461968096463481,1.7896677233836447e+18,1.7896757829420708e+18
1789673956416479199,12.032,3.3825,833.15,78.0779700331337,13.9825,59.266576588243126,12.461559400662674,1.7896677217185198e+18,1.7896757833090437e+18
1789673956816896942,11.192,20.5975,904.15,78.08372446080087,13.9825,59.3359019936012,12.461674489216017,1.7896677201333363e+18,1.7896757836501038e+18
1789673957017279713,10.52,33.1475,1120.825,78.07973711823274,13.93,59.2810853000907,12.461594742364655,1.7896677185653358e+18,1.7896757839872796e+18
1789673957284330630,10.468,33.3325,143.675,78.08385426351416,13.93,59.31820825637556,12.461677085270283,1.7896677170386772e+18,1.7896757843111485e+18
1789673957484811693,10.536,32.465,438.45,78.08481646724479,14.4025,59.31869643641011,12.461696329344896,1.78966771552405e+18,1.7896757846317793e+18
1789673957885548802,10.492,33.4,1338.025,78.08440652410457,15.015,59.29846449541639,12.461688130482091,1.7896677139820708e+18,1.789675784962572e+18
1789673958286077091,10.592,31.635,806.525,78.08537249888846,15.015,59.28954249703126,12.46170744997777,1.7896677124035384e+18,1.789675785306128e+18
1789673958686712620,10.628,30.65,822.9,78.08833987796532,15.592500000000001,59.315226157201465,12.461766797559306,1.789667710786085e+18,1.789675785662843e+18
1789673958886832306,10.704,29.0325,872.875,78.09409227859963,16.099999999999998,59.36579246167514,12.461881845571993,1.7896677091483041e+18,1.7896757860254595e+18
1789673959153727051,12.02,2.63,1025.4,78.06587308824861,16.555,59.359712916619884,12.461317461764972,1.7896677073556685e+18,1.78967578644526e+18
1789673959554106989,11.292,18.3475,1490.85,78.06863793485192,16.555,59.424518281885675,12.461372758697038,1.7896677054741599e+18,1.7896757868942932e+18
1789673959954636970,11.16,19.2825,1272.9,78.07508751113234,16.6775,59.55577580751509,12.461501750222647,1.7896677035280376e+18,1.7896757873638367e+18
1789673960221486250,10.892,25.615,607.775,78.07951987741932,16.905,59.60625518126086,12.461590397548386,1.789667701518445e+18,1.7896757878535532e+18
1789673960555323915,12.056,2.5325,216.375,78.05496037473355,17.185000000000002,59.59923134316862,12.461099207494671,1.7896676993214397e+18,1.789675788410127e+18
1789673960821982496,12.12,2.0675,660.3,78.03224805297813,17.185000000000002,59.58734161349722,12.460644961059563,1.7896676969497618e+18,1.7896757890287114e+18
1789673961088995821,12.116,2.565,1149.5,78.01311910210576,17.08,59.581783123301314,12.460262382042115,1.7896676944369454e+18,1.7896757896977605e+18
1789673961489825548,12.148,2.115,231.175,77.99384791826213,16.974999999999998,59.57212107701293,12.459876958365243,1.789667691768067e+18,1.789675790422342e+18
1789673961756838719,12.176,1.715,705.475,77.97453107537385,16.974999999999998,59.55904408615323,12.459490621507477,1.7896676889540337e+18,1.7896757911985505e+18
1789673962157295784,12.196,1.6325,514.525,77.95735903044081,16.712500000000002,59.54686805179888,12.459147180608817,1.7896676859684805e+18,1.7896757920345585e+18
1789673962424158373,12.2,1.8325,1570.2,77.94132592875684,16.537499999999998,59.53678776118259,12.458826518575137,1.7896676828196895e+18,1.7896757929271562e+18
1789673962891261484,12.216,1.5975,1515.05,77.92557771987926,16.537499999999998,59.52536890321925,12.458511554397585,1.789667679506968e+18,1.7896757938769219e+18
1789673963358820850,12.22,1.3825,1346.75,77.90867276797978,16.345,59.51159079942017,12.458173455359596,1.7896676760426862e+18,1.789675794880093e+18
1789673963759332160,12.228,1.5675,833.15,77.89404834888602,16.0825,59.500806275522386,12.45788096697772,1.7896676724353592e+18,1.789675795933102e+18
1789673964026482640,12.24,1.35,904.15,77.87951832968717,16.0825,59.48878844381513,12.457590366593744,1.7896676686840212e+18,1.7896757970357924e+18
1789673964493941435,12.24,1.7,1120.825,77.86716864344552,15.7325,59.4803479837143,12.45734337286891,1.7896676648039135e+18,1.789675798183393e+18
1789673964893976174,12.244,1.5675,143.675,77.8544621538691,15.382499999999999,59.470983897073694,12.457089243077382,1.7896676607894866e+18,1.7896757993775355e+18
1789673965160906119,12.248,1.4975,438.45,77.84213177449884,15.382499999999999,59.46148828527378,12.456842635489977,1.7896676566486436e+18,1.7896758006152553e+18
1789673965427823421,12.252,1.5825,1338.025,77.83000766694742,15.084999999999999,59.452618515038964,12.456600153338949,1.7896676525408904e+18,1.7896758018453373e+18
1789673965828278909,12.252,1.4825,806.525,77.81666286111549,14.735,59.442349184766314,12.45633325722231,1.789667648431905e+18,1.789675803079477e+18
1789673966295341806,12.252,1.5175,822.9,77.80437508074885,14.735,59.43302128231061,12.456087501614977,1.7896676443308608e+18,1.7896758043145792e+18
1789673966562152031,12.264,1.4625,872.875,77.79248340837138,14.315,59.42376692606865,12.455849668167428,1.7896676402540465e+18,1.7896758055447826e+18
1789673966829033179,12.268,1.4825,1025.4,77.7811016811592,14.315,59.41500927418834,12.455622033623184,1.789667636143276e+18,1.78967580678871e+18
1789673967229505720,12.272,1.4475,1490.85,77.77036246580346,13.9125,59.40656318583592,12.45540724931607,1.7896676319533112e+18,1.7896758080609938e+18
1789673967696785377,12.272,1.5475,1272.9,77.76069359406242,13.9125,59.39932872400832,12.455213871881249,1.7896676277146043e+18,1.789675809351824e+18
1789673968164175577,12.276,1.5825,607.775,77.75174439846975,13.4925,59.392782857487504,12.455034887969395,1.7896676234146826e+18,1.7896758106648686e+18
1789673968431003783,12.276,1.4325,216.375,77.74110278867381,13.125,59.38438433539898,12.454822055773477,1.7896676190630062e+18,1.7896758119970266e+18
1789673968697900256,12.284,1.4825,660.3,77.73176728227097,13.125,59.37719804148198,12.45463534564542,1.7896676147342487e+18,1.7896758133242225e+18
1789673969098567732,12.248,2.115,376.675,77.72324587885163,12.74,59.37290395714593,12.454464917577033,1.7896676103635167e+18,1.7896758146671828e+18
1789673969365907208,12.016,6.465,1149.5,77.7195205607253,12.74,59.38207595072672,12.454390411214506,1.789667605935951e+18,1.7896758160291766e+18
1789673969632964396,12.22,2.6,231.175,77.71107327403169,12.4425,59.37951254517703,12.454221465480634,1.7896676012591186e+18,1.7896758174725233e+18
1789673970300053370,12.232,2.25,514.525,77.70188443965945,12.092500000000001,59.37540219667392,12.45403768879319,1.78966759653183e+18,1.789675818935244e+18
1789673970767147296,12.212,2.75,1515.05,77.69337348437199,11.69,59.37326353141509,12.45386746968744,1.789667591797167e+18,1.7896758204028808e+18
1789673971167480601,12.176,3.3675,1346.75,77.68599411727939,11.69,59.374040648526744,12.453719882345588,1.7896675869584883e+18,1.7896758219056474e+18
1789673971434399622,11.276,20.815,833.15,77.68267013755965,11.41,59.322584394692825,12.453653402751193,1.78966758205917e+18,1.789675823428561e+18
1789673971834891203,10.648,31.5,904.15,77.67410409132181,11.41,59.236937091718005,12.453482081826436,1.789667577080758e+18,1.7896758249790252e+18
1789673972101926524,12.076,3.115,1120.825,77.6534327990488,11.6025,59.234173950241036,12.453068655980976,1.7896675719560218e+18,1.7896758265807764e+18
1789673972302147904,12.172,2.13,143.675,77.63558597884366,11.6025,59.22461566368519,12.452711719576874,1.789667566707515e+18,1.7896758282257416e+18
1789673972702266945,12.184,2.0675,438.45,77.61902264946539,11.865,59.21538535005849,12.452380452989308,1.7896675613251656e+18,1.789675829917244e+18
1789673973102751021,12.2,2.115,1339.025,77.60526752429195,11.865,59.2080762618644,12.452105350485839,1.7896675557162045e+18,1.7896758316841472e+18
1789673973570126838,12.2,2.0475,806.525,77.59030947561305,11.6725,59.19959659786723,12.451806189512261,1.7896675499403292e+18,1.789675833507947e+18
1789673973970789082,11.396,17.9325,822.9,77.58946545808475,11.6725,59.195073685276675,12.451789309161695,1.7896675440905917e+18,1.789675835355544e+18
1789673974371273689,11.936,7.1675,872.875,77.58222655789898,11.4975,59.21091300391779,12.45164453115798,1.7896675381249866e+18,1.7896758372417853e+18
1789673974571744565,10.952,25.8825,1025.4,77.5791852099732,11.4975,59.17632482865826,12.451583704199464,1.789667532075336e+18,1.7896758391550953e+18
1789673974772001828,12.136,1.5475,1490.85,77.55329494485848,11.7425,59.15666184035387,12.45106589889717,1.7896675257859295e+18,1.7896758411498854e+18
1789673975039231514,12.192,1.5475,1272.9,77.53420076305498,11.7425,59.14215806087129,12.4506840152611,1.7896675193130478e+18,1.789675843207034e+18
1789673975439502494,12.208,1.3975,607.775,77.51539802027337,11.917499999999999,59.12691877045016,12.450307960405468,1.7896675126504202e+18,1.789675845328729e+18
1789673975706373044,12.22,1.4825,216.375,77.4983314414982,11.917499999999999,59.11360168857671,12.449966628829964,1.7896675058350692e+18,1.7896758475023393e+18
1789673975973158725,12.232,1.5825,660.3,77.48286536749332,11.6725,59.102101648852354,12.449657307349867,1.789667498899617e+18,1.7896758497171348e+18
1789673976173271380,12.236,1.4825,376.675,77.46822427205099,11.6725,59.09065956945893,12.44936448544102,1.78966749185569e+18,1.78967585196898e+18
1789673976573789160,12.248,1.5175,231.175,77.45498340499194,11.3575,59.08047728703283,12.449099668099839,1.7896674848256673e+18,1.789675854219407e+18
1789673976840498026,12.256,1.4625,705.475,77.44194564170526,11.0075,59.070250834072034,12.448838912834105,1.789667477743916e+18,1.7896758564888602e+18
1789673977240906287,12.26,1.715,514.525,77.43170713487775,11.0075,59.063079460213906,12.448634142697555,1.7896674705902428e+18,1.7896758587835013e+18
1789673977508138690,12.264,1.5975,1570.2,77.41992695544715,11.0075,59.054408242141086,12.448398539108943,1.7896674633701586e+18,1.7896758611015475e+18
1789673977908872950,12.264,1.4825,1515.05,77.40872476941016,10.5,59.04565470037428,12.448174495388203,1.7896674560889649e+18,1.7896758634414147e+18
1789673978109207934,12.268,1.5475,1346.75,77.39815313200343,10.5,59.0376427079529,12.447963062640069,1.7896674487409272e+18,1.789675865804192e+18
1789673978376052292,12.244,2.0825,833.15,77.38867960556615,9.94,59.03221624616443,12.447773592111323,1.7896674413376701e+18,1.7896758681862246e+18
1789673978776422969,12.276,1.715,904.15,77.37913504183,9.94,59.025539407372456,12.4475827008366,1.7896674338769408e+18,1.7896758705886533e+18
1789673979177359906,12.28,1.5825,1120.825,77.3691775257925,9.94,59.01816552759772,12.44738355051585,1.7896674264231334e+18,1.789675872991083e+18
1789673979444672018,12.276,1.5675,143.675,77.35933887901788,9.344999999999999,59.01079558240632,12.447186777580358,1.789667418955083e+18,1.789675875399799e+18
1789673979644982034,12.284,1.5975,438.45,77.35063274661007,9.344999999999999,59.00434212425172,12.447012654932202,1.7896674114720827e+18,1.7896758778146708e+18
1789673979845451554,12.284,1.4825,1338.025,77.34108049893278,8.7325,58.99691054864809,12.446821609978656,1.7896674039537556e+18,1.789675880242224e+18
1789673980045914447,12.288,1.4475,806.525,77.33173801243841,8.7325,58.98956202469655,12.446634760248768,1.7896673963984507e+18,1.7896758826829327e+18
1789673980446579869,12.288,1.68,822.9,77.32397007062596,8.7325,58.98401060031275,12.44647940141252,1.789667388778509e+18,1.7896758851458033e+18
1789673980846970970,12.292,1.4825,872.875,77.3148932169316,7.7700000000000005,58.97700534810115,12.446297864338632,1.7896673811591846e+18,1.7896758876105987e+18
1789673981247331023,12.288,1.4825,1025.4,77.30557120764134,7.7700000000000005,58.96978378058809,12.446111424152827,1.7896673734900705e+18,1.7896758900928535e+18
1789673981714460695,12.3,1.35,216.375,77.29689694314513,5.739999999999999,58.962693041661346,12.445937938862903,1.7896673657485146e+18,1.7896758926000113e+18
1789673981914554439,12.308,1.4975,660.3,77.28967833269121,5.739999999999999,58.95719070914961,12.445793566653824,1.7896673579752532e+18,1.7896758951182298e+18
1789673982314962366,12.308,1.5175,376.675,77.28305943169397,5.739999999999999,58.95216481389021,12.44566118863388,1.7896673500656645e+18,1.7896758976807926e+18
1789673982715045669,12.3,1.4975,1149.5,77.27523427533073,5.739999999999999,58.94615494846967,12.445504685506615,1.789667342028805e+18,1.7896759002851018e+18
1789673982915512857,12.292,1.85,231.175,77.26958108369698,5.739999999999999,58.94242783136435,12.44539162167394,1.7896673339121608e+18,1.789675902915208e+18
1789673983182793847,12.268,2.0825,705.475,77.26286936463113,4.445,58.938533344022055,12.445257387292623,1.7896673256656538e+18,1.789675905587294e+18
1789673983583634787,11.62,14.1325,514.525,77.26141421917472,4.445,58.93361775002309,12.445228284383495,1.7896673173091338e+18,1.7896759082941693e+18
1789673983850829247,11.676,12.565,1570.2,77.25937577165408,4.445,58.94473175047558,12.445187515433082,1.789667308884061e+18,1.789675911022624e+18
1789673984251432153,11.516,15.2,1515.05,77.25812780377224,4.445,58.96171423217926,12.445162556075445,1.7896673003662484e+18,1.789675913780353e+18
1789673984451487956,11.508,15.0475,1346.75,77.25646542152793,4.445,58.98689093553692,12.445129308430559,1.789667291779429e+18,1.7896759165594035e+18
1789673984718532425,11.42,16.365,833.15,77.25568285100019,4.165,59.0207308146468,12.445113657020004,1.7896672831329649e+18,1.7896759193569585e+18
1789673985186201241,11.412,16.7,904.15,77.25441373180698,4.165,59.04745665151154,12.44508827463614,1.7896672744022638e+18,1.7896759221813668e+18
1789673985587217243,11.42,16.315,1120.825,77.2530097587512,4.165,59.08114626340256,12.445060195175024,1.7896672655238945e+18,1.7896759250522936e+18
1789673985854259904,11.38,17.0325,143.675,77.25191515653914,4.165,59.114666808552116,12.445038303130783,1.7896672565271895e+18,1.789675927960045e+18
1789673986120782051,11.32,17.8825,438.45,77.25166510260097,4.165,59.15589589186074,12.44503330205202,1.789667247459713e+18,1.789675930889569e+18
1789673986522122972,11.332,17.635,1338.025,77.25115766057931,5.18,59.1970020979472,12.445023153211586,1.789667238301357e+18,1.7896759338471508e+18
1789673986788706047,12.176,1.4825,806.525,77.22820464301661,5.18,59.17828734420899,12.444564092860332,1.7896672290993705e+18,1.7896759368231183e+18
1789673987256186426,12.208,1.5975,872.875,77.20996062480135,5.18,59.16403486800123,12.444199212496027,1.78966721982917e+18,1.789675939824763e+18
1789673987723706108,12.168,2.4325,1025.4,77.19380452698364,5.845,59.15549267214226,12.443876090539673,1.7896672104709755e+18,1.789675942857498e+18
1789673988124516703,12.196,1.9125,1490.85,77.17701427253996,5.845,59.14391161517579,12.4435402854508,1.7896672010170066e+18,1.789675945923711e+18
1789673988391351217,12.084,4.7475,1272.9,77.16805096311782,5.845,59.14609253293001,12.443361019262356,1.7896671915002578e+18,1.7896759490109937e+18
1789673988791732529,11.636,13.4,607.775,77.16608814802824,5.845,59.15103533274364,12.443321762960565,1.789667181934798e+18,1.7896759521137324e+18
1789673989326108951,11.132,21.4325,1149.5,77.16605368031787,5.6525,59.18237905104951,12.443321073606358,1.7896671723183782e+18,1.789675955232711e+18
1789673989526569576,11.2,19.88,231.175,77.16565000895042,6.5975,59.225844851822195,12.443313000179009,1.7896671626612068e+18,1.7896759583638024e+18
1789673989927418938,11.056,22.5325,705.475,77.16684869991806,6.5975,59.26572888856881,12.443336973998361,1.7896671529489818e+18,1.789675961511687e+18
1789673990194616893,11.34,16.815,514.525,77.16591877909639,7.909999999999999,59.32167299798289,12.443318375581928,1.78966714316923e+18,1.7896759646802752e+18
1789673990461766446,10.864,25.6825,1515.05,77.16924040480811,7.909999999999999,59.370202547931186,12.443384808096162,1.7896671333386376e+18,1.7896759678633436e+18
1789673990862343204,10.76,27.7,1346.75,77.17058692283044,8.96,59.40513565763217,12.443411738456609,1.7896671234414144e+18,1.78967597106682e+18
1789673991128868495,11.404,15.5175,904.15,77.16735104160907,9.905000000000001,59.45675388988704,12.443347020832181,1.789667113449311e+18,1.789675974300181e+18
1789673991395745785,12.096,2.0825,1120.825,77.13889557475727,9.905000000000001,59.437641040256025,12.442777911495146,1.7896671032353723e+18,1.7896759776089364e+18
1789673991862784031,11.852,6.6175,438.45,77.1210102585128,10.342500000000001,59.45600191871817,12.442420205170256,1.7896670928413473e+18,1.7896759809782582e+18
1789673992329965569,10.828,27.365,1338.025,77.1180855005242,10.342500000000001,59.44317388375324,12.442361710010484,1.7896670824802028e+18,1.7896759843379487e+18
1789673992796689946,10.772,27.75,806.525,77.1178541196604,10.4475,59.46015952951501,12.442357082393208,1.7896670721063424e+18,1.7896759877015396e+18
1789673993531253741,10.74,27.5975,872.875,77.12072644515882,11.042499999999999,59.511672241122305,12.442414528903177,1.7896670617053786e+18,1.7896759910736712e+18
1789673993931849921,10.8,27.5,1025.4,77.12002247825956,11.795,59.51568521615512,12.442400449565191,1.7896670512701148e+18,1.7896759944564705e+18
1789673994198868179,10.872,24.58,1490.85,77.12467599234546,11.795,59.59270818326861,12.44249351984691,1.7896670408557952e+18,1.7896759978309217e+18
1789673994398904190,12.116,1.5675,1272.9,77.09461051894283,12.354999999999999,59.56853555757119,12.441892210378857,1.7896670303294287e+18,1.7896760012465777e+18
1789673994666703720,12.108,2.3325,607.775,77.07022879866977,12.354999999999999,59.55337542986403,12.441404575973396,1.7896670197078848e+18,1.7896760046971697e+18
1789673994866915507,12.128,2.13,216.375,77.04671056305826,12.3725,59.537575017279124,12.440934211261165,1.789667008977467e+18,1.7896760081863672e+18
1789673995134002009,12.156,1.73,660.3,77.02251399008713,12.3725,59.5190131130115,12.440450279801743,1.7896669981351892e+18,1.7896760117155994e+18
1789673995534909683,11.5,14.4,376.675,77.01898657775885,12.215,59.54771313993249,12.440379731555177,1.7896669873522803e+18,1.7896760152269553e+18
1789673995735483258,12.14,1.9975,1149.5,76.99535644816989,12.215,59.53096624225851,12.439907128963398,1.7896669765933786e+18,1.789676018735501e+18
1789673996402524894,11.716,9.8475,705.475,76.9854866461749,12.1975,59.556481767610734,12.439709732923498,1.789666965850685e+18,1.7896760222418929e+18
1789673996802881395,11.48,14.0325,514.525,76.9811969653647,11.9,59.59817111189317,12.439623939307294,1.7896669551720507e+18,1.789676025729148e+18
1789673997002823974,11.616,11.6825,1570.2,76.97378754996907,11.9,59.629664160191304,12.439475750999382,1.7896669443759465e+18,1.789676029253931e+18
1789673997269714944,11.68,10.5,1515.05,76.96497574505098,11.969999999999999,59.65705554079423,12.43929951490102,1.789666933572685e+18,1.78967603278244e+18
1789673997670074922,12.112,2.715,1346.75,76.9445711451331,11.969999999999999,59.64584442754717,12.438891422902662,1.7896669226745687e+18,1.789676036345086e+18
1789673998337371549,11.808,8.4975,904.15,76.93388613149753,12.11,59.662050992666195,12.43867772262995,1.7896669117106847e+18,1.789676039931265e+18
1789673998737680466,11.64,11.415,1120.825,76.9255606629404,12.1975,59.68872976228236,12.438511213258808,1.7896669006417608e+18,1.789676043551967e+18
1789673998937890587,11.6,11.93,143.675,76.91828656191807,12.4775,59.720450142209394,12.438365731238362,1.7896668894934597e+18,1.7896760471983462e+18
1789673999204877860,11.7,10.05,438.45,76.90820936258645,12.4775,59.74578045592625,12.43816418725173,1.7896668781490524e+18,1.7896760509076925e+18
1789673999605530794,11.656,10.8675,1338.025,76.8990186995107,12.792499999999999,59.773573377082045,12.437980373990214,1.7896668666813181e+18,1.7896760546573494e+18
1789674000006233863,11.616,11.6,822.9,76.89075181608898,13.055,59.803552880471955,12.43781503632178,1.7896668550752591e+18,1.7896760584517576e+18
1789674000273093044,11.616,11.95,872.875,76.88379770007003,13.055,59.82941630451945,12.437675954001401,1.7896668433518428e+18,1.7896760622838103e+18
1789674001007464297,11.624,11.7325,1272.9,76.87703400903266,13.475,59.855918960589406,12.437540680180653,1.78966683156235e+18,1.7896760661388104e+18
1789674001207915153,11.428,14.8825,607.775,76.8718320326581,13.58,59.89616105567183,12.437436640653162,1.7896668197224668e+18,1.7896760700098258e+18
1789674001475066534,11.432,14.9325,216.375,76.8669064667817,13.58,59.93364122465249,12.437338129335634,1.7896668077831242e+18,1.7896760739124055e+18
1789674001875331736,11.42,15.3825,660.3,76.86271669306937,13.685,59.96689166168532,12.437254333861388,1.7896667957462625e+18,1.7896760778461128e+18
1789674002275551869,11.392,10.68,376.675,76.83836199878559,13.685,60.048746533879246,12.436767239975712,1.7896667835000548e+18,1.7896760818505004e+18
1789674002542878925,11.444,15.0175,1149.5,76.83446929199224,13.667499999999999,60.07926020403758,12.436689385839845,1.7896667711064046e+18,1.7896760859010716e+18
1789674002742820608,12.048,3.2325,231.175,76.80997014895264,13.65,60.06724310776572,12.436199402979053,1.789666758460953e+18,1.7896760900351066e+18
1789674002943036988,11.292,17.7975,705.475,76.80693824679948,13.65,60.0981098203343,12.43613876493599,1.789666745680579e+18,1.7896760942108961e+18
1789674003343543370,11.092,21.1675,514.525,76.8061722817529,13.44,60.13575622858432,12.436123445635058,1.7896667327644365e+18,1.789676098428744e+18
1789674003744019812,11.104,21.385,1570.2,76.80495435092949,13.44,60.159209546585814,12.43609908701859,1.789666719748651e+18,1.7896761026776632e+18
1789674004011028421,11.068,22.5825,1515.05,76.80271611221166,13.5975,60.16262123577012,12.436054322244233,1.7896667065820388e+18,1.789676106973208e+18
1789674004211135832,10.996,23.4325,1346.75,76.80117262655318,13.8775,60.17860936565446,12.436023452531064,1.7896666933666652e+18,1.7896761112834191e+18
1789674004411300852,11.0,22.75,833.15,76.80126540228258,13.8775,60.215311400940564,12.436025308045652,1.7896666801102866e+18,1.7896761156055398e+18
1789674004811690068,11.06,21.9675,904.15,76.80039192480442,14.209999999999999,60.24229160633141,12.436007838496089,1.7896666667613184e+18,1.7896761199562793e+18
1789674005078812674,12.06,2.285,1120.825,76.76812299644445,14.525000000000002,60.21889446713531,12.43536245992889,1.7896666531271388e+18,1.7896761244027336e+18
1789674005279266038,12.12,1.865,143.675,76.7390103470235,14.525000000000002,60.195449691698286,12.43478020694047,1.7896666392302802e+18,1.789676128936924e+18
1789674005479695882,12.136,1.8825,438.45,76.71393049476852,14.385000000000002,60.175345304633545,12.43427860989537,1.7896666252707896e+18,1.7896761334958564e+18
1789674005680139118,12.16,1.8,1338.025,76.69022730932379,14.385000000000002,60.15589653548675,12.433804546186476,1.7896666112822958e+18,1.789676138068699e+18
1789674005880543302,12.0,5.0825,806.525,76.6735970898866,14.1225,60.153080813174114,12.433471941797732,1.78966659724601e+18,1.7896761426594808e+18
1789674006280979009,12.132,2.3475,822.9,76.65042799716542,13.895000000000001,60.136291244211804,12.433008559943309,1.7896665831107372e+18,1.7896761472863076e+18
1789674006681806972,12.004,5.415,872.875,76.63739971442337,13.895000000000001,60.13516390241282,12.432747994288468,1.7896665689320366e+18,1.789676151929454e+18
1789674006948587771,11.312,17.8175,1025.4,76.63433846232418,13.7025,60.15279992771146,12.432686769246484,1.7896665546438958e+18,1.7896761566066895e+18
1789674007148827714,11.496,13.9825,1490.85,76.62872161974451,13.7025,60.17780615432334,12.43257443239489,1.7896665403519493e+18,1.7896761612855314e+18
1789674007549094460,11.216,19.6675,1272.9,76.62529507532803,13.719999999999999,60.189811010437154,12.43250590150656,1.7896665261123261e+18,1.7896761659486264e+18
1789674007949425129,11.124,20.965,607.775,76.62294526230805,13.719999999999999,60.21013378782191,12.432458905246161,1.7896665119128317e+18,1.789676170599608e+18
1789674163960140120,11.172,20.2175,216.375,76.62085149097787,13.9475,60.22802057671371,12.432417029819558,1.7896664802125148e+18,1.7896761812736448e+18
1789674164160349167,12.064,3.115,660.3,76.59622745450676,14.227500000000001,60.21340357442519,12.431924549090136,1.7896664483287206e+18,1.7896761920082575e+18
1789674164360664671,12.136,2.0675,376.675,76.57091406755887,14.227500000000001,60.193462820127,12.431418281351178,1.78966641622735e+18,1.7896762028142758e+18
1789674164761231088,12.136,2.25,1149.5,76.54797870135637,14.087500000000002,60.17613050659484,12.430959574027128,1.789666383885516e+18,1.7896762136989176e+18
1789674165028197491,12.136,2.565,231.175,76.52736168690409,14.087500000000002,60.16162138472494,12.430547233738082,1.7896663513355415e+18,1.7896762246508495e+18
1789674165428651992,12.148,2.3975,705.475,76.50653043923974,13.8075,60.14627733384583,12.430130608784795,1.7896663185522452e+18,1.7896762356787756e+18
1789674165895656569,12.148,2.6,514.525,76.48786739080258,13.5275,60.13309345730432,12.429757347816052,1.7896662855407196e+18,1.7896762467807183e+18
1789674166096297322,12.204,1.68,1515.05,76.46757945737077,13.265,60.11573373130867,12.429351589147416,1.789666252257408e+18,1.7896762579694559e+18
1789674166363164438,12.2,2.0175,1346.75,76.45080819206518,13.265,60.10222979614931,12.429016163841304,1.789666218752134e+18,1.789676269228738e+18
1789674166630197429,12.22,1.65,833.15,76.43208828995816,13.1075,60.08614985698806,12.428641765799163,1.7896661850071378e+18,1.7896762805648727e+18
1789674167030922985,12.22,1.6325,904.15,76.41421620200575,13.1075,60.0707006849387,12.428284324040115,1.7896661510106683e+18,1.7896762919819402e+18
1789674167297886184,12.22,1.815,1120.825,76.39690225758633,12.8975,60.05623245956342,12.427938045151727,1.7896661167482243e+18,1.7896763034835453e+18
1789674167698821453,12.24,1.5325,143.675,76.38088264862378,12.8975,60.04213542239696,12.427617652972476,1.7896660822129938e+18,1.7896763150721347e+18
1789674167966080713,12.244,1.5175,438.45,76.3647079991463,12.635,60.02782333422159,12.427294159982926,1.7896660474039104e+18,1.7896763267475807e+18
1789674168433410355,12.252,1.4825,1338.025,76.35004431324869,12.635,60.01479705539384,12.427000886264974,1.789666012303354e+18,1.7896763385156526e+18
1789674168901062614,12.256,1.4475,806.525,76.3358680325453,12.3025,60.00210944793508,12.426717360650906,1.7896659768969403e+18,1.7896763503807992e+18
1789674169168219318,12.264,1.4325,822.9,76.32119824662942,12.3025,59.98901863878418,12.426423964932589,1.7896659411546557e+18,1.7896763623515016e+18
1789674169568874750,12.264,1.4475,872.875,76.30731396253002,12.005,59.97668551587519,12.4261462792506,1.7896659050988375e+18,1.7896763744212326e+18
1789674169835802838,12.264,1.5325,1025.4,76.2933728615126,12.005,59.96444235232748,12.425867457230252,1.7896658687610862e+18,1.7896763865797596e+18
1789674170302810973,12.272,1.4825,1490.85,76.28017895462467,11.62,59.952826860050806,12.425603579092494,1.7896658320899325e+18,1.7896763988436316e+18
1789674170769902878,12.268,1.4625,1272.9,76.26706301992431,11.62,59.9411455778471,12.425341260398486,1.7896657951016748e+18,1.789676411207816e+18
1789674171036838628,12.268,1.4475,607.775,76.25318926959733,11.1475,59.92884753773182,12.425063785391947,1.7896657578242168e+18,1.7896764236631695e+18
1789674171437373360,12.276,1.4475,216.375,76.24048704630351,11.1475,59.91758404412882,12.42480974092607,1.7896657202314516e+18,1.7896764362179195e+18
1789674171704364970,12.272,1.4825,660.3,76.22868912510593,10.674999999999999,59.90709788216192,12.424573782502119,1.7896656823412444e+18,1.789676448865596e+18
1789674172171677684,12.272,1.415,376.675,76.21581233345935,10.674999999999999,59.89554424679658,12.424316246669187,1.7896656441179387e+18,1.7896764616186427e+18
1789674172438745936,12.288,1.4475,1149.5,76.20480330250814,10.29,59.885786641125165,12.424096066050163,1.7896656056024013e+18,1.789676474463048e+18
1789674172705897457,12.28,1.4825,231.175,76.1923985074728,10.29,59.874859741056035,12.423847970149456,1.7896655667850737e+18,1.7896764874018988e+18
1789674172973078904,12.28,1.6325,705.475,76.18173042073533,10.29,59.86563702017454,12.423634608414707,1.7896655276691123e+18,1.7896765004340664e+18
1789674173373910458,12.288,1.5175,514.525,76.17002668676261,9.8525,59.85548729776531,12.423400533735252,1.7896654882194066e+18,1.7896765135713905e+18
1789674173641176356,12.288,1.4475,1570.2,76.1592760384115,9.8525,59.84598938345254,12.42318552076823,1.7896654484646797e+18,1.7896765268039544e+18
1789674174108798973,12.292,1.3975,1515.05,76.14777497090977,9.450000000000001,59.83584080129735,12.422955499418196,1.7896654083714885e+18,1.789676540143466e+18
1789674174375939040,12.288,1.5675,1346.75,76.13825989073125,9.450000000000001,59.827538190444194,12.422765197814625,1.7896653679746258e+18,1.7896765535774502e+18
1789674174642830682,12.296,1.415,833.15,76.12825556991095,9.450000000000001,59.818627089090654,12.42256511139822,1.7896653272642104e+18,1.7896765671093092e+18
1789674175043196510,12.292,1.4825,904.15,76.11702692882707,9.1175,59.80874830529882,12.422340538576542,1.7896652861953354e+18,1.7896765807539154e+18
1789674175310027295,12.288,1.5175,1120.825,76.10607907206176,9.1175,59.79914660541999,12.422121581441235,1.789665244815583e+18,1.7896765944960044e+18
1789674175576925455,12.3,1.4825,143.675,76.09640460714324,8.715,59.79064340382158,12.421928092142865,1.7896652031345295e+18,1.78967660833207e+18
1789674175977509257,12.296,1.4825,438.45,76.08612044252956,8.715,59.78168641199,12.421722408850592,1.7896651612294052e+18,1.7896766222392863e+18
1789674176711732553,11.384,18.7675,806.525,76.08162785392834,8.33,59.74253452950096,12.421632557078567,1.7896651190215063e+18,1.7896766362414106e+18
1789674177445968305,12.28,1.4325,872.875,76.06965882915607,8.33,59.7318629211658,12.421393176583122,1.7896650764075277e+18,1.7896766503730514e+18
1789674177913323766,12.284,1.6325,1025.4,76.0587497391775,8.26,59.72252838854425,12.42117499478355,1.789665033442292e+18,1.7896766646158085e+18
1789674178313866838,12.288,1.4975,1490.85,76.04763556157171,8.26,59.71281648114742,12.420952711231434,1.7896649901208156e+18,1.7896766789709123e+18
1789674178580913052,12.288,1.4475,1272.9,76.03585996956595,8.26,59.702508534852946,12.42071719939132,1.7896649464501437e+18,1.7896766934360026e+18
1789674178781320489,12.292,1.4475,607.775,76.02471448759687,8.015,59.6926727947414,12.420494289751938,1.7896649024330166e+18,1.7896767080096172e+18
1789674179181866178,12.296,1.5675,216.375,76.01540380842131,8.015,59.68451707772031,12.420308076168427,1.7896648580597773e+18,1.789676722695027e+18
1789674179449045827,11.956,7.415,660.3,76.00817195133622,8.015,59.68126760114886,12.420163439026725,1.7896648133678323e+18,1.7896767374794578e+18
1789674179649378064,11.636,13.465,376.675,76.00323375130547,7.8925,59.67143459368267,12.42006467502611,1.7896647683864218e+18,1.7896767523525903e+18
1789674180049834292,11.612,13.88,1149.5,75.99898599613103,7.8925,59.66176887616509,12.41997971992262,1.7896647230739046e+18,1.789676767328214e+18
1789674180516863196,11.552,14.0475,231.175,75.9934110479552,7.8925,59.66575252372764,12.419868220959104,1.7896646774063828e+18,1.7896767824145615e+18
1789674180783808316,11.952,5.2675,705.475,75.97226616699908,8.4,59.6606735819814,12.419445323339982,1.7896646312197514e+18,1.7896767976673964e+18
1789674181184220907,12.216,1.5325,514.525,75.95280540935488,8.4,59.64331868581671,12.419056108187098,1.7896645845087844e+18,1.7896768130882624e+18
1789674181451023485,12.244,1.5175,1570.2,75.9365052311277,8.4,59.628804036306875,12.418730104622554,1.789664537331441e+18,1.7896768286576369e+18
1789674181851476016,12.248,1.5325,1515.05,75.92137668590598,8.82,59.61535998536776,12.41842753371812,1.7896644896752402e+18,1.7896768443797023e+18
1789674182318537852,12.208,2.3825,1346.75,75.90698930318771,8.82,59.60406636119174,12.418139786063755,1.7896644415207258e+18,1.7896768602603592e+18
1789674182719082274,12.18,3.015,833.15,75.89444962859116,8.7325,59.5950375382956,12.417888992571823,1.7896643928863954e+18,1.789676876293161e+18
1789674182986014903,11.976,5.865,904.15,75.87975014372725,8.7325,59.5915087634562,12.417595002874545,1.7896643437548882e+18,1.7896768924837135e+18
1789674183453377172,11.332,18.65,1120.825,75.87404905584681,8.7325,59.57600587767539,12.417480981116936,1.7896642941849708e+18,1.7896769088111608e+18
1789674183720368518,11.164,21.315,143.675,75.8683260188449,8.6975,59.56336638299007,12.417366520376898,1.7896642442275732e+18,1.7896769252591027e+18
1789674183987451482,11.144,21.5675,438.45,75.8619328095291,8.6975,59.55246035559062,12.417238656190582,1.789664193850986e+18,1.789676941837589e+18
1789674184388068772,11.088,21.78,1338.025,75.85756277391785,9.292499999999999,59.56364978512457,12.417151255478357,1.7896641430722847e+18,1.7896769585410399e+18
1789674184655133170,11.204,19.815,806.525,75.85262886509084,9.292499999999999,59.57299453919838,12.417052577301817,1.789664091901178e+18,1.7896769753663373e+18
1789674184922322330,11.204,19.2175,822.9,75.84888340758225,9.292499999999999,59.59692945579357,12.416977668151645,1.7896640403511992e+18,1.7896769923088622e+18
1789674185323037854,11.256,18.665,872.875,75.84344358671711,10.08,59.61083484377824,12.416868871734343,1.7896639883615503e+18,1.789677009388686e+18
1789674185589920048,11.276,18.2825,1025.4,75.83885134168203,10.08,59.625792721675495,12.41677702683364,1.7896639359514112e+18,1.7896770265988052e+18
1789674186056875358,11.3,17.3475,1490.85,75.83322478155354,10.832500000000001,59.649580577210514,12.416664495631071,1.7896638830440686e+18,1.7896770439645699e+18
1789674186523897688,11.28,17.58,1272.9,75.82813639080292,10.832500000000001,59.6761450124782,12.416562727816059,1.7896638296674836e+18,1.789677061477164e+18
1789674186790821633,11.228,18.3175,607.775,75.82242472599594,11.270000000000001,59.70617030108125,12.41644849451992,1.789663775856429e+18,1.7896770791251338e+18
1789674187057797972,11.168,18.965,216.375,75.8165355797459,11.270000000000001,59.74510605238486,12.416330711594918,1.7896637215767406e+18,1.7896770969190124e+18
1789674187524885476,11.152,19.2825,660.3,75.81273103447587,11.655000000000001,59.78464450409448,12.416254620689518,1.789663666808877e+18,1.7896771148649487e+18
1789674187791969830,12.096,2.4475,376.675,75.78417410459384,11.655000000000001,59.76221761720461,12.415683482091877,1.7896636111380652e+18,1.7896771331009124e+18
1789674188192319358,12.1,2.63,1149.5,75.75750535664065,11.8475,59.74192897533929,12.415150107132813,1.7896635546291013e+18,1.7896771516067722e+18
1789674188459328238,12.108,2.63,231.175,75.73261434245717,11.8475,59.72292600412751,12.414652286849144,1.7896634973675927e+18,1.789677170354679e+18
1789674188860195170,12.1,3.015,705.475,75.70951883208919,11.725,59.70637176827389,12.414190376641784,1.789663439343684e+18,1.7896771893477097e+18
1789674189127373885,12.108,3.05,514.525,75.68806630706808,11.725,59.691000176716415,12.413761326141362,1.789663380609943e+18,1.789677208568616e+18
1789674189528201232,12.156,2.3,1570.2,75.6666448823382,11.6725,59.67359690420124,12.413332897646765,1.789663321127164e+18,1.7896772280303754e+18
1789674189728554560,12.152,2.63,1515.05,75.64671771683243,11.6725,59.65799780819485,12.412934354336649,1.7896632609480394e+18,1.7896772477152724e+18
1789674189995892126,12.1,3.6,1346.75,75.62885778332893,11.5675,59.64616735950702,12.412577155666579,1.789663200038312e+18,1.7896772676332298e+18
1789674190396445249,11.1,22.35,833.15,75.62159752938165,11.5675,59.6305246476681,12.412431950587633,1.7896631384767493e+18,1.789677287756081e+18
1789674190663436817,10.84,26.6175,904.15,75.61438131040417,11.532499999999999,59.61619838267529,12.412287626208084,1.7896630762530742e+18,1.789677308086626e+18
1789674191063800955,12.124,2.3825,1120.825,75.58812067167642,11.532499999999999,59.59517665233737,12.411762413433529,1.7896630130348884e+18,1.789677328736518e+18
1789674191330695117,12.004,4.6825,143.675,75.56740333198037,11.935,59.584940163373645,12.411348066639608,1.7896629489125934e+18,1.7896773496752294e+18
1789674191597735616,11.648,11.48,438.45,75.55630345177731,11.935,59.59150125233699,12.411126069035546,1.789662883989435e+18,1.7896773708666842e+18
1789674191997875891,11.592,12.515,1338.025,75.54464495572893,11.9,59.59792020358707,12.410892899114579,1.789662818232238e+18,1.7896773923219476e+18
1789674192264940053,11.584,12.615,806.525,75.53455034748025,12.1625,59.60621035442223,12.410691006949605,1.789662751666497e+18,1.789677414032135e+18
1789674192665349002,11.6,12.2975,822.9,75.52277175628701,12.1625,59.61305158842422,12.41045543512574,1.7896626842110364e+18,1.7896774360239583e+18
1789674192932307696,11.6,11.7175,872.875,75.50955780659052,12.5475,59.624679105301446,12.41019115613181,1.7896626158254362e+18,1.7896774583099948e+18
1789674193332887387,11.632,11.665,1025.4,75.49774162005924,12.5475,59.63124969095,12.409954832401185,1.7896625465005517e+18,1.7896774808930227e+18
1789674193599853319,11.628,11.465,1490.85,75.48666784515845,12.8975,59.64120262660204,12.40973335690317,1.7896624762722017e+18,1.7896775037613315e+18
1789674194000588925,11.628,11.515,1272.9,75.4757225135256,12.8975,59.65056678321085,12.409514450270512,1.7896624050790561e+18,1.7896775269344084e+18
1789674194267638859,11.64,11.115,607.775,75.46308306776606,13.195,59.65986672603422,12.409261661355321,1.7896623328864617e+18,1.7896775504234806e+18
1789674194467881648,11.632,11.3975,216.375,75.4514636579966,13.195,59.66882226740088,12.409029273159932,1.7896622597095076e+18,1.78967757422294e+18
1789674194868832630,11.648,11.115,660.3,75.43976353601911,13.4225,59.677148196517514,12.408795270720383,1.7896621854668626e+18,1.789677598359205e+18
1789674195135963610,11.644,11.15,376.675,75.4272777220443,13.58,59.68507747298764,12.408545554440886,1.789662110154968e+18,1.7896776228332685e+18
1789674195603200889,11.656,10.765,1149.5,75.41218165223623,13.58,59.691907177334805,12.408243633044725,1.7896620336344852e+18,1.7896776476908296e+18
1789674195870237868,11.664,10.9175,231.175,75.39952043139265,13.7725,59.69780821568012,12.407990408627853,1.7896619559707602e+18,1.7896776729098765e+18
1789674196337650044,11.652,10.8825,705.475,75.38583256228418,13.7725,59.70525554378681,12.407716651245684,1.7896618770868221e+18,1.789677698515535e+18
1789674196604718723,11.7,10.065,514.525,75.37143032404678,13.895000000000001,59.71026856660792,12.407428606480936,1.7896617970310612e+18,1.7896777244923907e+18
1789674197005561326,11.684,10.2825,1570.2,75.35742364054441,13.9825,59.71655096475497,12.407148472810889,1.789661715712283e+18,1.789677750869692e+18
1789674197272208661,11.7,10.3975,1515.05,75.34560698512571,13.9825,59.72085051948186,12.406912139702515,1.7896616332143022e+18,1.7896777776199954e+18
1789674197539223311,12.168,1.5475,1346.75,75.31738141807072,14.052499999999998,59.694352446822556,12.406347628361415,1.7896615496144842e+18,1.7896778047272543e+18
1789674197806142514,12.168,1.85,833.15,75.29186093952039,14.052499999999998,59.67112943402722,12.405837218790408,1.7896614650769354e+18,1.7896778321393656e+18
1789674198206725142,12.196,1.5175,904.15,75.26759143907303,13.93,59.648317863723804,12.40535182878146,1.7896613792299817e+18,1.789677859971867e+18
1789674198473508267,12.072,4.0,1120.825,75.24848823396341,13.79,59.635013182350484,12.404969764679269,1.7896612922080236e+18,1.7896778881804718e+18
1789674198740342157,12.156,2.5325,143.675,75.22807867522596,13.79,59.61774565876892,12.40456157350452,1.7896612039968735e+18,1.7896779167702426e+18
1789674199207312399,12.116,3.185,438.45,75.20731072405526,13.58,59.60156275585889,12.404146214481106,1.7896611145026184e+18,1.789677945771357e+18
1789674199474234901,12.196,2.115,1338.025,75.1869769746711,13.58,59.58352466003707,12.403739539493422,1.7896610237431608e+18,1.7896779751780854e+18
1789674199874934006,12.1,4.2475,806.525,75.17348237627273,13.44,59.57363865275987,12.403469647525455,1.7896609318056558e+18,1.7896780049607946e+18
1789674200141993679,11.66,11.5,822.9,75.16253606973811,13.457500000000001,59.575122219994896,12.403250721394762,1.789660838778315e+18,1.789678035090193e+18
1789674200609105342,12.036,3.8475,872.875,75.13780903858604,13.457500000000001,59.55809323324536,12.402756180771721,1.7896607442944538e+18,1.7896780656881585e+18
1789674200876347798,11.86,8.765,1025.4,75.12736380167323,13.58,59.55130489483804,12.402547276033465,1.7896606486704701e+18,1.7896780966490235e+18
1789674201143779095,11.996,5.535,1490.85,75.11182085988236,13.58,59.542752688346226,12.402236417197647,1.789660551779772e+18,1.7896781280143926e+18
1789674201610688712,11.844,8.2,1272.9,75.09723721643313,13.545,59.53831920481174,12.401944744328663,1.7896604535532598e+18,1.7896781598065759e+18
1789674202011006627,11.78,9.3325,607.775,75.0852523223263,13.545,59.53725378347806,12.401705046446526,1.7896603540377871e+18,1.7896781920099968e+18
1789674202277905819,12.004,5.0825,216.375,75.06609161551853,13.65,59.52584309339766,12.401321832310371,1.7896602531021686e+18,1.7896782246687117e+18
1789674202544980098,11.772,9.8475,660.3,75.0538013774113,13.7725,59.521421911675695,12.401076027548227,1.7896601508506534e+18,1.7896782577469624e+18
1789674203012264754,11.512,14.385,376.675,75.04490378866623,13.7725,59.521414719913736,12.400898075773325,1.7896600472773535e+18,1.7896782912457718e+18
1789674203279274601,11.472,14.5975,1149.5,75.03477048795429,13.895000000000001,59.52736930253681,12.400695409759086,1.7896599423961027e+18,1.7896783251609956e+18
1789674203746922009,11.536,13.6325,231.175,75.02468882920637,13.895000000000001,59.53045816190599,12.400493776584128,1.7896598361210637e+18,1.7896783595206126e+18
1789674204214271467,12.112,2.0475,705.475,74.99203402678569,14.192499999999999,59.50096226103335,12.399840680535714,1.7896597278792338e+18,1.7896783945146184e+18
1789674204681497889,12.18,1.3825,514.525,74.96357038400117,14.4025,59.473217231166814,12.399271407680024,1.7896596177167818e+18,1.7896784301272074e+18
1789674205082224806,12.18,1.8,1570.2,74.93822168000995,14.4025,59.449632016289286,12.3987644336002,1.7896595057250883e+18,1.7896784663282235e+18
1789674205349495803,12.188,1.9825,1515.05,74.91643299958514,14.209999999999999,59.42966428964768,12.398328659991703,1.7896593919756342e+18,1.7896785030933092e+18
1789674205616809496,12.192,2.0325,1346.75,74.89528471407851,14.209999999999999,59.41021329746544,12.39790569428157,1.789659276446717e+18,1.7896785404295485e+18
1789674206017735793,12.204,1.8,833.15,74.87387102141767,14.0175,59.390181341256984,12.397477420428354,1.789659159254218e+18,1.789678578302325e+18
1789674206284664799,12.192,2.0175,904.15,74.85249703582326,13.8075,59.37059327886419,12.397049940716466,1.7896590403874885e+18,1.7896786167146877e+18
1789674206551602417,12.2,2.165,1120.825,74.83304668671681,13.8075,59.35299070169873,12.396660933734337,1.789658919788002e+18,1.7896786556837934e+18
1789674206951919993,12.2,2.25,143.675,74.81562641042343,13.5975,59.337147245810165,12.396312528208469,1.7896587973603428e+18,1.789678695239659e+18
1789674207218831659,12.212,2.0675,438.45,74.79866001280628,13.5975,59.32143513776706,12.395973200256126,1.7896586731212954e+18,1.7896787353764234e+18
1789674207685836387,12.208,2.15,1338.025,74.78093956563016,13.3175,59.3052246350497,12.395618791312604,1.7896585469159992e+18,1.7896787761437394e+18
1789674208153117157,12.208,2.18,806.525,74.76252862569481,13.3175,59.28843624356609,12.395250572513897,1.7896584186383068e+18,1.789678817575626e+18
1789674208419979855,12.22,2.0325,822.9,74.74506381902106,13.0025,59.27234123562415,12.394901276380422,1.7896582883172224e+18,1.789678859662231e+18
1789674208687154729,12.264,1.4475,872.875,74.72975160625133,13.0025,59.25760470083681,12.394595032125027,1.7896581559414477e+18,1.789678902406416e+18
1789674209087884130,12.26,1.615,1025.4,74.71464755181891,12.635,59.24323981832683,12.394292951036379,1.7896580214003937e+18,1.7896789458432276e+18
1789674209355024024,12.264,1.5175,1490.85,74.69982736818723,12.635,59.22906636206206,12.393996547363745,1.7896578846528156e+18,1.7896789899853893e+18
1789674209755770546,12.264,1.4325,1272.9,74.68521934618968,12.285,59.21495251344715,12.393704386923794,1.7896577456206438e+18,1.7896790348579896e+18
1789674210022781425,12.276,1.715,607.775,74.6725732244128,12.285,59.20298917781951,12.393451464488257,1.7896576043352166e+18,1.7896790804501563e+18
1789674210423389186,12.272,1.4975,216.375,74.65816142379396,11.935,59.189209249973764,12.39316322847588,1.7896574605965059e+18,1.7896791268265754e+18
1789674210690557423,12.276,1.4475,660.3,74.64416405124501,11.935,59.175750429791954,12.3928832810249,1.7896573143341248e+18,1.7896791740083348e+18
1789674210957664992,12.28,1.4975,376.675,74.63105233740022,11.515,59.16320662169981,12.392621046748005,1.7896571655115133e+18,1.789679222007094e+18
1789674211425057578,12.272,1.5175,1149.5,74.61709741298748,11.515,59.14983415821638,12.39234194825975,1.7896570140089e+18,1.7896792708624497e+18
1789674211692300141,12.28,1.4475,231.175,74.60306205531832,11.0775,59.136571452323196,12.392061241106367,1.789656859727899e+18,1.7896793206042035e+18
1789674212092328166,12.28,1.4975,705.475,74.59118649371827,11.0775,59.12511242837139,12.391823729874366,1.7896567026540024e+18,1.789679371237098e+18
1789674212359134226,12.288,1.4825,514.525,74.57936427521696,10.64,59.11377054650541,12.39158728550434,1.7896565426961206e+18,1.7896794227890721e+18
1789674212826336561,12.288,1.5175,1570.2,74.568244255273,10.64,59.10305215204526,12.39136488510546,1.789656379716782e+18,1.7896794753044887e+18
1789674213093055089,12.188,3.25,1515.05,74.55648132755516,10.219999999999999,59.09230542472829,12.391129626551104,1.7896562137249306e+18,1.7896795287802245e+18
1789674213359957555,12.252,2.0325,1346.75,74.54456042305395,10.219999999999999,59.08110463351706,12.39089120846108,1.7896560446238019e+18,1.7896795832474877e+18
1789674213827350025,12.224,2.7,833.15,74.53428217004898,10.219999999999999,59.0714662715344,12.39068564340098,1.789655872260137e+18,1.789679638754879e+18
1789674214227977694,12.22,2.4325,904.15,74.51961821291482,9.782499999999999,59.05802218562613,12.390392364258297,1.7896556964336248e+18,1.789679695367671e+18
1789674214495023766,11.676,12.4,1120.825,74.51118462702419,9.782499999999999,59.04610979977251,12.390223692540484,1.7896555178193498e+18,1.7896797528710643e+18
1789674214695501223,11.984,6.6675,143.675,74.4996425426935,9.555,59.03627758938937,12.38999285085387,1.78965533585557e+18,1.789679811442968e+18
1789674214962798570,12.212,2.2,438.45,74.48201958298215,9.555,59.01992455208233,12.389640391659643,1.7896551505161242e+18,1.7896798710964946e+18
1789674215430219922,10.9,26.88,1338.025,74.46301025984292,9.555,58.95393565198113,12.389260205196859,1.789654961643632e+18,1.7896799318839826e+18
1789674215697502393,10.884,26.6675,806.525,74.44719862597759,9.3975,58.90654616851742,12.388943972519552,1.7896547691343588e+18,1.7896799938350403e+18
1789674216165227342,10.696,30.065,822.9,74.4280978784987,9.3975,58.84628259676981,12.388561957569975,1.7896545726073928e+18,1.7896800570732308e+18
1789674216432150413,10.644,30.9325,872.875,74.40809395155262,9.887500000000001,58.786138297383616,12.388161879031053,1.789654372112103e+18,1.7896801215838292e+18
1789674216832859294,10.604,31.2675,1025.4,74.391791220462,9.887500000000001,58.74144284923713,12.38783582440924,1.7896541676930542e+18,1.7896801873515274e+18
1789674217099328601,11.944,5.03,1490.85,74.36386889183434,10.674999999999999,58.72453664311457,12.387277377836687,1.7896539587423378e+18,1.7896802545749133e+18
1789674217366200383,11.964,4.2675,1272.9,74.33158323964149,10.674999999999999,58.70266896342777,12.38663166479283,1.789653744685817e+18,1.7896803234382374e+18
1789674217766419717,10.888,25.6325,607.775,74.32013902237662,11.094999999999999,58.68928635455019,12.386402780447533,1.7896535262773893e+18,1.7896803936928458e+18
1789674218033274288,10.788,27.2175,216.375,74.30892321420312,11.094999999999999,58.6794001386602,12.386178464284063,1.789653304042735e+18,1.7896804651739343e+18
1789674218500426321,12.096,1.8325,660.3,74.27101065711392,11.549999999999999,58.64484244448815,12.385420213142279,1.7896530763658693e+18,1.7896805384085335e+18
1789674218767490265,12.14,1.5175,376.675,74.23808426319916,11.549999999999999,58.61367673013588,12.384761685263983,1.7896528432782735e+18,1.7896806133844237e+18
1789674219034494010,12.152,1.7,1149.5,74.20706172024349,11.8475,58.58492872131553,12.38414123440487,1.78965260468081e+18,1.7896806901324874e+18
1789674219435234146,12.176,1.5825,231.175,74.17886598272582,11.8475,58.558575021378225,12.383577319654517,1.7896523599698483e+18,1.7896807688421983e+18
1789674219902656599,12.188,1.615,705.475,74.15223615113895,11.6725,58.53384874524301,12.38304472302278,1.7896521090021873e+18,1.7896808495594975e+18
1789674220303088226,12.184,1.68,514.525,74.1266807529688,11.6725,58.510054727504084,12.382533615059376,1.7896518517609853e+18,1.7896809322896911e+18
1789674220570252407,12.196,1.8,1570.2,74.10427100431772,11.479999999999999,58.48930446536196,12.382085420086355,1.7896515881371587e+18,1.7896810170657316e+18
1789674220770654704,12.196,1.865,1515.05,74.08074628887462,11.479999999999999,58.46790343217879,12.381614925777493,1.7896513178582925e+18,1.7896811039753702e+18
1789674221171472049,12.196,2.1,1346.75,74.06011687718141,11.200000000000001,58.44924765896004,12.381202337543629,1.7896510406296745e+18,1.7896811931110984e+18
1789674221438639321,12.224,1.4625,833.15,74.03822328903775,11.200000000000001,58.42868906542043,12.380764465780755,1.789650756231258e+18,1.7896812845443218e+18
1789674221639082305,12.228,1.615,904.15,74.01825001630371,10.9725,58.41003061928032,12.380365000326075,1.7896504646068099e+18,1.789681378292614e+18
1789674221839503385,12.236,1.3975,1120.825,73.99695529157694,10.9725,58.389990533021916,12.37993910583154,1.7896501653302797e+18,1.7896814744922138e+18
1789674222239641366,12.244,1.5325,143.675,73.97825957755808,10.64,58.37241215239178,12.379565191551162,1.7896498580500214e+18,1.7896815732548744e+18
1789674222639867545,12.244,1.5175,438.45,73.95954694208083,10.64,58.354783712126505,12.379190938841617,1.7896495424772616e+18,1.78968167467351e+18
1789674223307221163,12.256,1.5675,806.525,73.9421740131184,10.342500000000001,58.33863140276395,12.378843480262368,1.789649218201786e+18,1.7896817788789947e+18
1789674223707538783,12.248,1.4475,822.9,73.92363682181093,10.342500000000001,58.32117941612456,12.378472736436219,1.7896488849688292e+18,1.7896818859532739e+18
1789674223974657073,12.256,1.4975,872.875,73.90628567315741,9.975,58.304875038345955,12.378125713463149,1.7896485439838413e+18,1.7896819955182113e+18
1789674224174774553,12.264,1.4975,1025.4,73.89070653707144,9.975,58.290244757369436,12.377814130741429,1.7896481947538445e+18,1.7896821077289695e+18
