timestamp_ns,busv,current,power,soc,hall_speed,int_r,v_unloaded,drain_time,max_time
1779639786492246874,10.384,34.4,643.75,0.0,20.895,-150.93023255813944,5.191999999999998,,
1779639786892606647,11.768,1.4975,326.15,31.499310734095147,20.877499999999998,42.063672973178456,11.830990350277332,1.779639786492247e+18,1.7796397877632568e+18
1779639787292800672,11.804,1.615,995.325,33.02783506003101,20.58,42.68361406254689,11.852389690840434,1.7796397863712317e+18,1.7796397887949555e+18
1779639787693181018,11.824,1.5175,1399.075,33.935585649419394,20.334999999999997,43.05387641218304,11.865098199091872,1.7796397861391652e+18,1.7796397900128916e+18
1779639788093535284,11.844,1.5175,992.825,34.76302977817591,20.334999999999997,43.39138256297755,11.876682416894463,1.77963978581064e+18,1.7796397913735063e+18
1779639788493960575,11.852,1.4975,1391.45,35.36617066492889,20.037499999999998,43.63796731725566,11.885126389309004,1.7796397853935409e+18,1.7796397928654774e+18
1779639788894210008,11.864,1.5175,969.55,35.928151270682186,19.810000000000002,43.86706053433228,11.89299411778955,1.7796397849000302e+18,1.7796397944601334e+18
1779639789294607664,11.876,1.5325,1320.425,36.46444780005068,19.53,44.08511262014953,11.90050226920071,1.779639784341933e+18,1.7796397961317711e+18
1779639789694837719,11.884,1.5475,752.8,36.94738423715746,19.215,44.28086860442279,11.907263379320204,1.779639783728008e+18,1.7796397978645358e+18
1779639790495376864,11.896,1.5175,372.55,37.41216734851255,18.9875,44.47058614600983,11.913770342879175,1.7796397826488138e+18,1.779639800676492e+18
1779639790895629310,11.9,1.5325,1136.925,37.81861442081811,18.689999999999998,44.63584284964662,11.919460601891453,1.7796397816746002e+18,1.7796398031413059e+18
1779639791296022762,11.904,1.68,192.8,38.2207869994826,18.445,44.79229579858956,11.925091017992756,1.7796397807611786e+18,1.7796398053904407e+18
1779639791696228652,11.916,1.5675,588.375,38.60130736608963,18.0775,44.94593767715026,11.930418303125254,1.779639779883466e+18,1.7796398074984381e+18
1779639792096477082,11.916,1.4825,157.175,38.90247777014971,17.78,45.071168045373405,11.934634688782095,1.779639779016056e+18,1.779639809534466e+18
1779639792897000793,11.928,1.5325,1463.775,39.2360755408394,17.6575,45.20732487849427,11.939305057571751,1.7796397778011116e+18,1.7796398122813325e+18
1779639793297467997,11.932,1.6325,1190.275,39.56615583243024,17.412499999999998,45.33655578839774,11.943926181654023,1.779639776688106e+18,1.7796398147583096e+18
1779639793697746739,11.932,1.5175,355.625,39.8323486302406,17.0975,45.44622238384651,11.947652880823368,1.7796397756359972e+18,1.7796398170645786e+18
1779639794097899821,11.936,1.5325,1085.275,40.1226574138979,17.0975,45.550663112785436,11.951226574138978,1.7796397746345992e+18,1.7796398192281605e+18
1779639794498386217,11.936,1.5475,35.175,40.44402824847047,16.939999999999998,45.643891086426095,11.954440282484704,1.7796397736809303e+18,1.779639821260335e+18
1779639795298928611,11.92,2.15,327.525,40.783843530891545,16.852500000000003,45.71024646270976,11.957838435308915,1.7796397724736333e+18,1.7796398237715103e+18
1779639795699207523,11.92,2.0825,999.525,41.07606705461903,16.66,45.77067913531881,11.96076067054619,1.779639771358268e+18,1.7796398260666568e+18
1779639796099385689,11.92,2.0475,1411.9,41.33386325536333,16.695,45.82560309910077,11.963338632553633,1.7796397703076628e+18,1.7796398282059832e+18
1779639796499754048,11.94,1.665,1031.975,41.585863219278295,16.695,45.89688493417823,11.965858632192782,1.7796397693081976e+18,1.7796398302204733e+18
1779639797300173136,11.892,2.8825,1510.925,41.832120177408896,16.555,45.90595915190071,11.968321201774089,1.7796397680856358e+18,1.779639832639452e+18
1779639797900610369,11.864,3.53,1334.175,42.0549810964759,16.4325,45.8796782717967,11.970549810964759,1.7796397668067146e+18,1.7796398351390602e+18
1779639798301002258,11.86,3.4175,794.775,42.228113108559675,16.4325,45.864299752693455,11.972281131085596,1.7796397655999114e+18,1.7796398374793162e+18
1779639798701226212,11.86,3.63,787.05,42.420167396854964,16.345,45.8361669715389,11.97420167396855,1.7796397644571272e+18,1.7796398396783578e+18
1779639799101510504,11.836,4.515,763.475,42.63698640032462,16.1525,45.744920175822486,11.976369864003246,1.7796397633754988e+18,1.7796398417439178e+18
1779639799902184382,11.396,13.85,471.95,42.65112246539832,16.1175,45.26335652950207,11.976511224653983,1.7796397620429235e+18,1.7796398442529436e+18
1779639800903024445,11.28,15.65,136.725,42.64818050280461,16.1525,45.155003195792055,11.976481805028046,1.779639760343567e+18,1.7796398474041833e+18
1779639801303591323,10.884,25.03,417.25,42.56308201518497,16.1875,44.70540487753534,11.97563082015185,1.7796397586671188e+18,1.7796398504955546e+18
1779639801703913425,11.264,14.9475,1273.325,42.54522979531405,16.3625,44.94454355337959,11.97545229795314,1.779639757023684e+18,1.7796398535092242e+18
1779639802104111501,11.02,20.9975,609.075,42.55749202762626,16.3625,45.03288368863699,11.975574920276262,1.7796397554123075e+18,1.7796398564478684e+18
1779639802504481072,10.844,24.4325,220.325,42.60798857816354,16.415000000000003,45.271675963674944,11.976079885781635,1.7796397538382244e+18,1.7796398593029304e+18
1779639802904763214,10.936,22.165,672.375,42.641909228718085,16.502499999999998,45.48708565487844,11.97641909228718,1.7796397522863232e+18,1.779639862102727e+18
1779639803505391715,10.672,27.5,413.525,42.740892326834086,16.747500000000002,45.83993920178954,11.97740892326834,1.779639750666971e+18,1.7796398650017423e+18
1779639803905798528,10.984,20.765,1261.975,42.75339968829776,16.747500000000002,46.0087875318217,11.977533996882977,1.7796397490600458e+18,1.7796398678643044e+18
1779639804506315130,10.9,22.75,574.425,42.774359795234595,16.7825,46.13977977899152,11.977743597952346,1.7796397473548872e+18,1.77963987088022e+18
1779639804906532508,10.828,24.3975,114.6,42.79710035971639,16.8175,46.24245653416917,11.977971003597164,1.7796397456672225e+18,1.7796398738515305e+18
1779639805306983526,10.684,27.7175,349.725,42.81521826678932,17.2025,46.29842109835621,11.978152182667893,1.7796397439893978e+18,1.779639876792218e+18
1779639805707306954,10.764,25.615,1067.275,42.842034637338166,17.272499999999997,46.403289990061246,11.978420346373381,1.7796397423212065e+18,1.7796398797030963e+18
1779639806107603065,11.072,18.2825,1618.65,42.8110782075641,17.272499999999997,46.51815465681684,11.97811078207564,1.7796397406311304e+18,1.7796398826393708e+18
1779639806507813637,10.9,22.365,24.525,42.82210287276512,17.325,46.62060504930146,11.978221028727651,1.7796397389366395e+18,1.7796398855708047e+18
1779639806908021804,10.452,33.035,228.325,42.79179557513536,17.745,46.55977938820973,11.977917955751353,1.7796397372144924e+18,1.7796398885376876e+18
1779639807708694737,10.132,41.0675,1489.175,42.58611513425567,18.147499999999997,46.23495656173705,11.975861151342556,1.7796397351660157e+18,1.7796398920391265e+18
1779639808108966216,10.116,40.885,1267.8,42.50596163579676,18.4275,46.107820873968386,11.975059616357967,1.7796397330723996e+18,1.7796398956044956e+18
1779639808509169086,10.176,39.6675,592.2,42.441794779913984,18.83,46.00227246969074,11.97441794779914,1.7796397309378624e+18,1.779639899226408e+18
1779639808909684667,10.168,39.7675,168.85,42.39745001617045,19.1975,45.929590278635466,11.973974500161704,1.7796397287694234e+18,1.779639902892827e+18
1779639809309966366,10.276,37.185,515.275,42.38338491969593,19.599999999999998,45.90357697482672,11.973833849196959,1.7796397265813985e+18,1.7796399065795932e+18
1779639809710142917,10.192,39.48,1572.475,42.334807242134715,19.95,45.82375839404884,11.973348072421347,1.7796397243505782e+18,1.7796399103258012e+18
1779639810110340948,10.8,23.3675,1522.0,42.26978360740212,20.212500000000002,45.92163836222314,11.97269783607402,1.7796397220637107e+18,1.7796399141535078e+18
1779639810510536242,11.776,1.5975,1367.975,41.830520495724535,20.265,45.77376969878748,11.968305204957245,1.7796397194804224e+18,1.7796399184634941e+18
1779639810910875107,11.808,1.5825,897.925,41.5276210661092,20.265,45.671736599768366,11.965276210661091,1.7796397166716165e+18,1.7796399231351478e+18
1779639811311356409,11.828,1.5475,1101.825,41.305016114832625,20.0725,45.596630067159,11.963050161148326,1.779639713675748e+18,1.7796399281028872e+18
1779639811711668969,11.84,1.5675,85.7,41.13803482924711,19.9675,45.54034439982947,11.96138034829247,1.779639710518541e+18,1.7796399333228867e+18
1779639812111897412,11.856,1.4825,261.525,41.01872305106879,19.845,45.49995976381002,11.960187230510687,1.779639707223653e+18,1.7796399387551654e+18
1779639812512080404,11.868,1.5325,798.1,40.95014065093134,19.7575,45.47680423622805,11.959501406509313,1.7796397038212564e+18,1.7796399443494346e+18
1779639812912314669,11.88,1.5475,797.2,40.92307120968157,19.477500000000003,45.46767187925173,11.959230712096815,1.7796397003390825e+18,1.7796399500598336e+18
1779639813312570734,11.888,1.5825,794.45,40.92515120775277,19.477500000000003,45.468372287740046,11.959251512077527,1.7796396967989614e+18,1.7796399558505295e+18
1779639813712673858,11.892,1.4825,786.05,40.925588544133745,19.145,45.46852036486784,11.959255885441337,1.779639693198854e+18,1.7796399617249285e+18
1779639814313190039,11.904,1.5325,760.425,40.96506611029684,18.935000000000002,45.48184950210006,11.959650661102968,1.7796396894515151e+18,1.7796399678181768e+18
1779639814713851277,11.904,1.4825,682.225,40.99653816446209,18.7425,45.49250637872682,11.95996538164462,1.7796396856776532e+18,1.7796399739408878e+18
1779639815114361076,11.908,1.5175,443.575,41.040969774308905,18.5675,45.507520423674315,11.960409697743088,1.7796396818923584e+18,1.7796399800689057e+18
1779639815514235323,11.916,1.4825,1353.675,41.09961199597509,18.5675,45.52737853788697,11.96099611995975,1.779639678113924e+18,1.7796399861730534e+18
1779639815914394159,11.92,1.5325,854.275,41.170942225071045,18.5675,45.551458184240296,11.96170942225071,1.779639674359969e+18,1.7796399922253722e+18
1779639816314870288,11.924,1.5325,968.625,41.24868396572617,18.48,45.577702227552315,11.962486839657261,1.779639670642529e+18,1.7796399982070175e+18
1779639816714965447,11.928,1.4825,1317.6,41.32715695462762,18.13,45.60427964117843,11.963271569546276,1.779639666967811e+18,1.7796400041086218e+18
1779639817115118901,11.928,1.5175,744.175,41.40577105420048,17.92,45.63084281452958,11.964057710542004,1.7796396633409815e+18,1.779640009922487e+18
1779639817515308901,11.94,1.5175,292.2,41.508206754110454,17.745,45.66545514576337,11.965082067541104,1.7796396597957952e+18,1.779640015595177e+18
1779639817915486078,11.944,1.5175,891.7,41.61520586295401,17.4825,45.701609422058326,11.96615205862954,1.7796396563437053e+18,1.7796400211091502e+18
1779639818315780511,11.948,1.4975,1082.85,41.7245825584318,17.0975,45.73861974212585,11.967245825584317,1.7796396529930427e+18,1.779640026451889e+18
1779639818716013458,11.948,1.5475,84.75,41.834198173977846,16.834999999999997,45.77557599304308,11.968341981739778,1.7796396497489587e+18,1.779640031615969e+18
1779639819116308904,11.952,1.5175,258.625,41.945085196458834,16.6075,45.81304452908894,11.969450851964588,1.7796396466171727e+18,1.7796400365930693e+18
1779639819516700319,11.956,1.5975,789.25,42.06697975624583,16.6075,45.853981866474356,11.970669797562458,1.77963964361589e+18,1.7796400413550702e+18
1779639819916796506,11.956,1.5475,770.175,42.17988326850002,16.38,45.89204775114949,11.971798832685,1.779639640735877e+18,1.7796400459174262e+18
1779639820317370726,11.956,1.5475,711.975,42.28857399969652,16.1175,45.928693279321536,11.972885739996965,1.7796396379730125e+18,1.7796400502873992e+18
1779639820717618465,11.96,1.5475,534.375,42.40101263288462,16.1175,45.96660242810294,11.974010126328846,1.7796396353339904e+18,1.7796400544551222e+18
1779639821117908924,11.964,1.5475,1630.775,42.51699694482884,15.7675,46.00570701709638,11.975169969448288,1.7796396328243372e+18,1.7796400584125852e+18
1779639821518277130,11.968,1.4975,61.525,42.63227508092033,15.697500000000002,46.04473582466942,11.976322750809203,1.7796396304431168e+18,1.7796400621619722e+18
1779639821918610965,11.964,1.4975,187.75,42.73619628902604,15.697500000000002,46.079919606880416,11.97736196289026,1.7796396281735388e+18,1.7796400657303683e+18
1779639822318771173,11.968,1.5675,572.95,42.84928155586761,15.575000000000001,46.11797484718401,11.978492815558676,1.7796396260278487e+18,1.779640069099135e+18
1779639822719032553,11.976,1.5675,110.1,42.972726739332245,15.575000000000001,46.159516387053245,11.979727267393322,1.7796396240193344e+18,1.779640072248065e+18
1779639823519671246,11.908,2.8475,1025.3,43.071340557488746,15.295,46.18866809243764,11.980713405574887,1.7796396219373233e+18,1.7796400755032911e+18
1779639824120282471,11.904,2.735,1490.55,43.15243545867037,15.295,46.21295166184425,11.981524354586703,1.7796396198512883e+18,1.7796400787583974e+18
1779639824520630225,11.82,4.93,1271.975,43.249336153715404,15.067499999999999,46.2338890049063,11.982493361537154,1.7796396178746906e+18,1.779640081838771e+18
1779639824920912301,11.66,8.0175,604.95,43.308699748354854,14.8575,46.23758652717707,11.983086997483548,1.7796396159492723e+18,1.779640084835565e+18
1779639825321079085,11.328,15.9325,207.75,43.36349179708821,14.8575,46.19469897594413,11.983634917970882,1.7796396140669522e+18,1.7796400877615808e+18
1779639825721331912,10.932,23.63,634.0,43.368690480375975,14.665000000000001,46.15127955799912,11.98368690480376,1.779639612153593e+18,1.779640090732118e+18
1779639826121466825,11.1,19.965,296.4,43.38299253475233,14.700000000000001,46.12133160307909,11.983829925347523,1.7796396102234944e+18,1.779640093724922e+18
1779639826521744643,10.448,34.6825,904.525,43.343512975792024,14.700000000000001,46.00709398637705,11.98343512975792,1.7796396081980352e+18,1.7796400968617267e+18
1779639826922119587,10.328,36.9475,1121.975,43.31114891828927,14.98,45.92558789230426,11.983111489182892,1.7796396060897715e+18,1.779640100122781e+18
1779639827522381192,10.296,37.565,147.175,43.28353857066718,15.33,45.85832250119326,11.982835385706672,1.779639603825619e+18,1.7796401036186772e+18
1779639827922616565,10.3,12.55,449.125,42.259775952443704,15.33,46.02062188412364,11.972597759524437,1.7796395999929487e+18,1.7796401095294487e+18
1779639828323037914,10.348,35.25,1370.6,42.261095198838845,15.680000000000001,46.02426342096197,11.972610951988388,1.7796395961349773e+18,1.7796401154723715e+18
1779639828723326223,10.548,30.55,905.925,42.265545221622716,15.995000000000001,46.046566740082575,11.972655452216227,1.779639592256207e+18,1.7796401214405527e+18
1779639829123722002,10.264,36.8825,1126.25,42.27196700001816,16.099999999999998,46.06215449553211,11.972719670000181,1.7796395883595794e+18,1.7796401274295194e+18
1779639829523922979,10.08,41.8,160.225,42.24322818058195,16.099999999999998,46.007145838166934,11.972432281805819,1.7796395843880084e+18,1.7796401335269821e+18
1779639829924155727,10.052,41.6325,488.95,42.247355627994594,16.275000000000002,46.01509769745567,11.972473556279946,1.7796395803939387e+18,1.7796401396523735e+18
1779639830324488050,10.464,32.0,1492.15,42.255302957179026,16.6425,46.05244106023804,11.97255302957179,1.7796395763835228e+18,1.779640145796307e+18
1779639830725205393,10.016,43.4325,1276.875,42.21751013512709,17.045,45.98559407757845,11.97217510135127,1.7796395722785871e+18,1.7796401520784878e+18
1779639831125529689,10.016,43.4825,619.9,42.18185350738282,16.9575,45.922641595446436,11.971818535073828,1.7796395680806838e+18,1.7796401584963566e+18
1779639831525773196,10.044,42.75,253.375,42.15568186925911,16.9575,45.87504687560203,11.97155681869259,1.7796395638042688e+18,1.7796401650276654e+18
1779639831926092292,10.036,42.365,773.225,42.15024996215917,17.2025,45.86499525508826,11.971502499621591,1.7796395594847e+18,1.7796401716183496e+18
1779639832326520047,10.076,41.885,721.275,42.13419278667836,17.5175,45.83456234673298,11.971341927866783,1.779639555101896e+18,1.7796401782990013e+18
1779639832726940558,10.2,37.4475,562.75,42.154451568506104,18.095,45.88802192904869,11.97154451568506,1.7796395507221942e+18,1.7796401849685327e+18
1779639833127370809,10.12,40.415,78.975,42.15290247582495,18.7425,45.88484241084716,11.971529024758249,1.7796395463052705e+18,1.7796401916884145e+18
1779639833527954895,10.092,40.815,241.0,42.15637424805927,18.9525,45.891779115474435,11.971563742480592,1.7796395418603804e+18,1.779640198444578e+18
1779639833928252677,10.172,38.585,735.45,42.167381980513,19.4075,45.91812280625598,11.97167381980513,1.779639537402393e+18,1.779640205214482e+18
1779639834328849041,10.26,37.7,606.0,42.16107472629791,19.4075,45.90150328130547,11.971610747262979,1.7796395328971062e+18,1.7796402120500838e+18
1779639834729319016,10.324,36.1,210.95,42.15888062266118,19.7925,45.89418775650662,11.971588806226611,1.779639528352344e+18,1.7796402189395057e+18
1779639835129649072,10.424,32.7475,643.75,42.161223578787535,20.1425,45.922798096129725,11.971612235787875,1.7796395237770778e+18,1.7796402258691584e+18
1779639835530015811,10.352,35.9325,326.15,42.15460216763998,20.37,45.90033242813767,11.9715460216764,1.779639519152542e+18,1.7796402328674616e+18
1779639835930381758,10.572,29.615,995.325,42.14989070822928,20.615,45.92064043749496,11.971498907082292,1.7796395144821548e+18,1.779640239929222e+18
1779639836330770824,10.544,31.2675,1399.075,42.15012914704073,20.790000000000003,45.91603615072976,11.971501291470407,1.7796395097760617e+18,1.7796402470390927e+18
1779639836731081196,10.34,35.4975,992.825,42.1504362805391,20.912499999999998,45.9171288962971,11.97150436280539,1.7796395050342792e+18,1.7796402541970642e+18
1779639837131564404,11.736,1.4625,1391.45,41.882431820263946,21.122500000000002,45.83732049514348,11.968824318202639,1.7796394996575084e+18,1.7796402623070935e+18
1779639837531898036,11.784,1.5475,969.55,41.7043283719415,21.1925,45.784459195372406,11.967043283719415,1.7796394938261366e+18,1.779640271095903e+18
1779639837932213524,11.808,1.5675,1320.425,41.56993820578675,20.9825,45.744603821990694,11.965699382057867,1.7796394876221517e+18,1.7796402804390953e+18
1779639838332419477,11.832,1.4325,752.8,41.46603750278034,20.755,45.713622885303934,11.964660375027803,1.7796394811013463e+18,1.7796402902520033e+18
1779639838732638306,11.844,1.5175,658.95,41.3891988102017,20.58,45.69079034736793,11.963891988102016,1.7796394743154266e+18,1.7796403004563082e+18
1779639839132889846,11.852,1.4825,372.55,41.32390805983158,20.4925,45.67136114702378,11.963239080598315,1.7796394672814853e+18,1.779640311025906e+18
1779639839533117218,11.864,1.4975,1136.925,41.27895444942483,20.4225,45.65799227762509,11.962789544494248,1.7796394600413765e+18,1.779640321897583e+18
1779639840133517020,11.872,1.5675,192.8,41.25139039042013,20.3175,45.64981940902306,11.9625139039042,1.7796394525138058e+18,1.779640333189217e+18
1779639840533720551,11.884,1.5475,588.375,41.24024802778758,20.3175,45.64651277693195,11.962402480277875,1.7796394448584714e+18,1.7796403446648133e+18
1779639840934027205,11.888,1.4825,157.175,41.23082569913871,20.212500000000002,45.64370861005322,11.962308256991387,1.77963943707753e+18,1.7796403563210424e+18
1779639841534472666,11.892,1.4975,479.65,41.228124174641806,20.09,45.64290514688193,11.962281241746417,1.7796394290650652e+18,1.779640368312633e+18
1779639841934664118,11.9,1.5175,1463.775,41.2376315441731,19.985,45.64573020127623,11.96237631544173,1.7796394209807642e+18,1.779640380404235e+18
1779639842535094978,11.904,1.4625,1190.275,41.248917183620776,19.7575,45.649092055249824,11.962489171836207,1.7796394127062922e+18,1.7796403927690824e+18
1779639842935476435,11.908,1.4825,355.625,41.2664363400974,19.5475,45.65430600088662,11.962664363400973,1.7796394043894848e+18,1.7796404051899062e+18
1779639843336145190,11.912,1.4625,1085.275,41.28757982961305,19.5475,45.66060446230563,11.96287579829613,1.7796393960452319e+18,1.7796404176445414e+18
1779639843736885742,11.916,1.5975,35.175,41.32122906189147,19.495,45.67056423940219,11.963212290618914,1.7796393877197798e+18,1.7796404300641e+18
1779639844137411159,11.92,1.4625,107.325,41.35143201162451,19.2675,45.679562150586634,11.963514320116245,1.7796393794078008e+18,1.7796404424566922e+18
1779639844538124269,11.928,1.5825,327.525,41.39778039673233,19.040000000000003,45.693289705563245,11.963977803967323,1.779639371172293e+18,1.779640454728596e+18
1779639844938361234,11.928,1.5325,999.525,41.440252570336554,18.83,45.70590031119073,11.964402525703365,1.7796393630082614e+18,1.7796404668875013e+18
1779639845338702452,11.936,1.5475,1411.9,41.492406942817205,18.83,45.721374115574264,11.964924069428172,1.7796393549596027e+18,1.779640478868298e+18
1779639845739150321,11.936,1.5325,1031.975,41.54253874598991,18.7075,45.73625910902869,11.965425387459899,1.7796393470278113e+18,1.7796404906690435e+18
1779639846139513597,11.94,1.4625,1510.925,41.592594322304365,18.3925,45.751174449382646,11.965925943223043,1.779639339221477e+18,1.7796405022772513e+18
1779639846540144320,11.936,1.5175,1334.175,41.639651540544286,18.1825,45.76515678130149,11.966396515405442,1.77963933153674e+18,1.7796405136989412e+18
1779639846940477887,11.944,1.5325,794.775,41.69585407419619,18.095,45.7818434352806,11.966958540741961,1.7796393240181005e+18,1.7796405248682737e+18
1779639847340850760,11.944,1.4825,787.05,41.74822861141874,18.095,45.797434556247666,11.967482286114187,1.779639316658201e+18,1.779640535796499e+18
1779639847741269815,11.948,1.5675,763.475,41.80838222125172,17.745,45.81526032646131,11.968083822212517,1.7796393094966129e+18,1.7796405464251965e+18
1779639848141870817,11.944,1.5475,691.525,41.86167334618241,17.5525,45.83106960790784,11.968616733461824,1.779639302512119e+18,1.779640556786188e+18
1779639848542262550,11.952,1.5975,471.95,41.92530328395965,17.412499999999998,45.84989426367895,11.969253032839596,1.7796392957551895e+18,1.7796405668049503e+18
1779639848942590472,11.952,1.4625,1440.275,41.98094749928736,17.412499999999998,45.86647947659176,11.969809474992873,1.779639289198179e+18,1.7796405765228362e+18
1779639849342784504,11.956,1.6325,1118.55,42.04807768256214,17.1325,45.886298918062934,11.970480776825621,1.7796392828963996e+18,1.779640585858227e+18
1779639849742950452,11.952,1.4975,136.725,42.10297233098335,16.905,45.90263029910584,11.971029723309833,1.779639276801432e+18,1.779640594883213e+18
1779639850143298976,11.964,1.4975,417.25,42.16971037519628,16.905,45.92248513853765,11.971697103751962,1.7796392709695713e+18,1.77964060351479e+18
1779639850543642263,11.96,1.5475,1273.325,42.2331540173029,16.695,45.941305686779494,11.972331540173029,1.7796392653897587e+18,1.7796406117697027e+18
1779639850944004879,11.964,1.5175,609.075,42.29815526135347,16.3625,45.96062197755155,11.972981552613534,1.779639260071706e+18,1.7796406196339517e+18
1779639851344388822,11.964,1.4975,220.325,42.360933229667026,16.3625,45.979299451743145,11.97360933229667,1.7796392550072187e+18,1.7796406271200161e+18
1779639851744508100,11.964,1.5475,672.375,42.42474662690185,16.03,45.99822878669049,11.974247466269018,1.7796392502021862e+18,1.7796406342195507e+18
1779639852145031211,11.96,1.7,413.525,42.4900708719867,15.802499999999998,46.017427857715134,11.974900708719867,1.7796392456636987e+18,1.7796406409224248e+18
1779639852545241599,11.84,4.3975,1261.975,42.55211198441586,15.802499999999998,46.03231009635667,11.975521119844158,1.7796392413764065e+18,1.7796406472516628e+18
1779639852945315459,11.864,3.8475,574.425,42.61316567977939,15.487499999999999,46.047687305729,11.976131656797794,1.7796392373346744e+18,1.7796406532159073e+18
1779639853345669312,11.612,9.5825,114.6,42.66932132161571,15.295,46.05302483086653,11.976693213216157,1.7796392335143352e+18,1.7796406588511217e+18
1779639853745926350,11.72,6.35,349.725,42.699109035287925,15.295,46.05877548238246,11.976991090352879,1.7796392297923023e+18,1.7796406643390812e+18
1779639854146109731,10.756,29.5825,1067.275,42.704151897921356,15.2075,45.988247671261284,11.977041518979213,1.779639226054057e+18,1.7796406698486956e+18
1779639854546395678,10.752,28.0825,1618.65,42.70986108217649,15.522499999999999,45.95839275916993,11.977098610821765,1.7796392223028959e+18,1.779640675375109e+18
1779639854946727190,10.664,30.215,24.525,42.710802334110305,15.522499999999999,45.92048199577369,11.977108023341103,1.7796392185171517e+18,1.779640680950226e+18
1779639855346825792,10.284,37.7975,228.325,42.70048862536903,16.310000000000002,45.89080797772228,11.97700488625369,1.779639214645581e+18,1.7796406866494605e+18
1779639855747012009,10.684,27.9975,696.775,42.699738368265656,16.8175,45.894260168673085,11.976997383682656,1.7796392107330437e+18,1.7796406924067123e+18
1779639856147195675,10.168,40.9,487.975,42.67655896011757,16.8175,45.842975236152704,11.976765589601175,1.7796392066763807e+18,1.7796406983736886e+18
1779639856547423084,9.952,45.065,1489.175,42.65738000646994,17.22,45.80857146751976,11.976573800064699,1.7796392024952579e+18,1.779640704521322e+18
1779639856947633508,10.284,36.4675,1267.8,42.66121318299174,17.675,45.821805398727214,11.976612131829917,1.7796391982973548e+18,1.779640710691224e+18
1779639857347839193,10.624,28.9,592.2,42.65898782699555,18.1825,45.833182953354694,11.976589878269955,1.779639194054742e+18,1.7796407169244316e+18
1779639857748048426,10.128,40.5825,168.85,42.655497448020725,18.462500000000002,45.82538920080895,11.976554974480207,1.779639189761788e+18,1.7796407232291735e+18
1779639858148477851,10.116,41.2825,515.275,42.645492713355466,18.7425,45.80410106022179,11.976454927133554,1.7796391853882092e+18,1.779640729649876e+18
1779639858548874995,10.156,40.0,1572.475,42.64231223387675,19.0575,45.796660926798296,11.976423122338767,1.7796391809666327e+18,1.7796407361385766e+18
1779639858949074262,10.044,42.4825,1522.0,42.63779014138482,19.355,45.78776113079072,11.976377901413848,1.7796391764910024e+18,1.7796407427041403e+18
1779639859349506249,10.236,38.3325,1367.975,42.63476434406012,19.355,45.77936358086307,11.9763476434406,1.7796391719685325e+18,1.7796407493359327e+18
1779639859750141059,10.14,40.1475,897.925,42.63435671092541,19.7225,45.77842014823735,11.976343567109254,1.77963916741186e+18,1.7796407560154004e+18
1779639860150281565,10.144,40.0,1101.825,42.63465606086989,19.985,45.77912202890276,11.976346560608699,1.779639162824633e+18,1.7796407627371832e+18
1779639860951070151,10.152,39.965,261.525,42.63339422219811,20.5975,45.77615394512027,11.97633394222198,1.7796391580278853e+18,1.779640769760901e+18
1779639861351401309,10.168,38.8825,798.1,42.63917649826407,20.877499999999998,45.79136233253085,11.97639176498264,1.7796391532310113e+18,1.779640776782308e+18
1779639861752119092,10.316,34.85,797.2,42.64390730965186,21.175,45.819742983420696,11.976439073096518,1.7796391484287916e+18,1.7796407838090637e+18
1779639862152845891,10.416,32.6675,794.45,42.6441310607138,21.4375,45.84437164615993,11.976441310607138,1.7796391435992223e+18,1.7796407908733578e+18
1779639862552739244,10.364,33.465,786.05,42.64637009560392,21.6825,45.87560253775301,11.976463700956039,1.7796391387527035e+18,1.7796407979599772e+18
1779639862952956349,10.316,33.7675,760.425,42.650575705186995,21.91,45.92017234414523,11.97650575705187,1.7796391338987359e+18,1.7796408050550405e+18
1779639863353371244,10.372,33.35,682.225,42.652339069453156,22.3825,45.94840520967217,11.976523390694531,1.7796391290253379e+18,1.77964081217606e+18
1779639863753827901,10.516,30.5325,443.575,42.648591119022434,22.400000000000002,45.96703170043726,11.976485911190224,1.7796391241052764e+18,1.7796408193628134e+18
1779639864154135637,10.408,32.965,1353.675,42.649252807678124,22.435000000000002,45.98671088188276,11.97649252807678,1.7796391191607895e+18,1.7796408265827986e+18
1779639864554750758,10.4,33.75,854.275,42.650157869192746,22.5575,45.9960377898966,11.976501578691927,1.779639114192649e+18,1.779640833834883e+18
1779639864954922723,10.392,33.915,968.625,42.65118308509656,22.6975,46.005370890857506,11.976511830850965,1.779639109202039e+18,1.7796408411173348e+18
1779639865355231050,11.756,1.5975,1317.6,42.507163119543385,22.645,45.96372075550858,11.975071631195433,1.779639103461368e+18,1.77964084949152e+18
1779639865755749503,11.796,1.5175,744.175,42.4007931858328,22.4875,45.93286019275476,11.974007931858328,1.7796390971562644e+18,1.779640858686037e+18
1779639866156010032,11.812,1.5175,632.625,42.31180835765713,22.26,45.90704348141289,11.973118083576571,1.7796390903696801e+18,1.779640868579457e+18
1779639866556189480,11.828,1.5675,292.2,42.24203560397275,22.084999999999997,45.886841855001514,11.972420356039727,1.7796390831937636e+18,1.7796408790370565e+18
1779639866956438977,11.844,1.5825,891.7,42.18931928256524,21.8925,45.87158809642573,11.971893192825652,1.7796390757107766e+18,1.7796408899386642e+18
1779639867356694698,11.852,1.4975,1082.85,42.14125473744901,21.665000000000003,45.857631246731536,11.97141254737449,1.7796390679394363e+18,1.7796409012567741e+18
1779639867756799904,11.864,1.615,27.775,42.11033932477453,21.560000000000002,45.848698220760895,11.971103393247745,1.7796390599656673e+18,1.7796409128660544e+18
1779639868156981394,11.872,1.4825,84.75,42.08161352147262,21.560000000000002,45.840351280299345,11.970816135214726,1.7796390517973484e+18,1.779640924754895e+18
1779639868557171446,11.876,1.4975,258.625,42.05768928649072,21.349999999999998,45.83340396186916,11.970576892864907,1.779639043456679e+18,1.7796409368908552e+18
1779639868957442434,11.892,1.4475,789.25,42.04658543457918,21.175,45.830172648043884,11.970465854345791,1.779639035010891e+18,1.7796409491760356e+18
1779639869357783466,11.892,1.5175,770.175,42.038577722371365,20.912499999999998,45.82784935351269,11.970385777223713,1.779639026475739e+18,1.7796409615874652e+18
1779639869757984131,11.9,1.5475,711.975,42.03905160055126,20.755,45.82798666071498,11.970390516005512,1.7796390178976607e+18,1.7796409740576054e+18
1779639870158329372,11.904,1.4975,534.375,42.041027433239655,20.352500000000003,45.82856042370895,11.970410274332396,1.7796390092851932e+18,1.779640986574051e+18
1779639870558710614,11.904,1.4325,1630.775,42.04035962004931,20.0725,45.82836594027049,11.970403596200493,1.7796390006235287e+18,1.7796409991583299e+18
1779639870958896190,11.912,1.4625,61.525,42.047855523751146,19.8625,45.83054602371868,11.970478555237511,1.7796389919598894e+18,1.7796410117418455e+18
1779639871359104779,11.92,1.5175,187.75,42.06427159148689,19.8625,45.8353086198448,11.970642715914869,1.7796389833481774e+18,1.779641024246376e+18
1779639871759392899,11.92,1.5975,572.95,42.08350126098328,19.5125,45.840867134876895,11.970835012609832,1.7796389748071665e+18,1.7796410366447414e+18
1779639872159632515,11.86,3.2825,110.1,42.115174825335735,19.215,45.84926736408899,11.971151748253357,1.779638966414411e+18,1.779641048824492e+18
1779639872760095972,11.792,4.3675,335.975,42.131290301376836,18.9525,45.853267404110184,11.971312903013768,1.7796389579808067e+18,1.779641061058468e+18
1779639873160325129,11.836,3.58,1025.3,42.15378614567549,18.62,45.85913350512491,11.971537861456754,1.7796389496476037e+18,1.7796410731435116e+18
1779639873560746651,11.768,5.1325,1490.55,42.17711825701891,18.62,45.864619721038416,11.971771182570189,1.7796389414226708e+18,1.7796410850683372e+18
1779639873960988555,11.416,13.05,1271.975,42.199171150392736,18.41,45.86546728081883,11.971991711503927,1.779638933300619e+18,1.7796410968408591e+18
1779639874361265629,11.028,11.9,604.95,41.98248407208134,18.287499999999998,45.848842327564334,11.969824840720813,1.7796389237665157e+18,1.779641110656433e+18
1779639874761626581,11.348,14.4,207.75,42.000691509434176,18.34,45.84859887181469,11.970006915094341,1.7796389142991572e+18,1.7796411243717036e+18
1779639875162107584,11.048,20.85,634.0,42.01079692773118,18.41,45.84419551594869,11.970107969277311,1.77963890484868e+18,1.7796411380589732e+18
1779639875562369566,10.852,25.4,296.4,42.01881783107944,18.655,45.834201520330375,11.970188178310794,1.779638895402873e+18,1.7796411517359757e+18
1779639875962680096,11.028,20.435,904.525,42.01711308173899,18.9525,45.834868218870476,11.97017113081739,1.7796388858983575e+18,1.7796411654944988e+18
1779639876363138230,10.908,23.235,1121.975,42.017753803549176,18.9525,45.83438525763251,11.970177538035491,1.7796388763502966e+18,1.7796411793125832e+18
1779639876763646784,11.024,20.2175,147.175,42.01171845912282,19.2325,45.836610354904856,11.970117184591228,1.7796388667133094e+18,1.7796411932559007e+18
1779639877163945956,11.148,17.5,449.125,42.004099182757784,19.459999999999997,45.837842963591655,11.970040991827577,1.7796388569755674e+18,1.7796412073415255e+18
1779639877564468835,10.592,30.65,1370.6,42.00469737196724,19.67,45.829503802954044,11.970046973719672,1.7796388471927962e+18,1.77964122148884e+18
1779639877964841584,10.392,34.7,905.925,42.0036298742333,19.9325,45.82482454452603,11.970036298742333,1.7796388373534354e+18,1.7796412357145574e+18
1779639878365407492,10.64,28.9325,1126.25,42.00333755313903,20.247500000000002,45.825966068289496,11.97003337553139,1.7796388274625485e+18,1.779641250011355e+18
1779639878765908810,10.288,37.3,160.225,41.999065182372355,18.7775,45.81444397632207,11.969990651823723,1.7796388174915756e+18,1.7796412644205053e+18
1779639879166497684,10.252,37.05,488.95,42.00210411384327,20.615,45.82291743421305,11.970021041138432,1.7796388074927974e+18,1.779641278866452e+18
1779639879967724307,10.3,36.4975,1492.15,42.001789561028005,20.912499999999998,45.821965387358276,11.97001789561028,1.7796387972330396e+18,1.779641293682641e+18
1779639880368377459,10.316,36.1,1276.875,42.00177115374129,21.209999999999997,45.821905795160234,11.970017711537412,1.7796387869251192e+18,1.7796413085650191e+18
1779639881169487376,10.312,35.9975,619.9,42.00274937934989,21.5075,45.825132801262406,11.970027493793499,1.779638776365294e+18,1.7796413238043372e+18
1779639881570012017,10.404,33.88,253.375,42.003512827061876,21.8225,45.82965837807079,11.970035128270618,1.7796387657651937e+18,1.7796413390984504e+18
1779639881970737216,10.312,35.785,773.225,42.005437473083276,22.0675,45.83624585731057,11.970054374730832,1.7796387551339044e+18,1.779641354434252e+18
1779639882370875515,10.484,31.0,721.275,42.004004753785054,22.33,45.854361360496675,11.97004004753785,1.779638744445278e+18,1.7796413698494753e+18
1779639882771163206,10.936,19.8,562.75,41.96333716919647,22.715,45.86443179562587,11.969633371691964,1.779638733384877e+18,1.7796413857975002e+18
1779639883571593159,10.464,31.4825,78.975,41.9629012786545,24.115,45.8819335999739,11.969629012786545,1.7796387220535854e+18,1.7796414021293327e+18
1779639883971875601,10.604,28.865,241.0,41.95972000569051,23.099999999999998,45.8916599123055,11.969597200056905,1.7796387106468746e+18,1.7796414185665132e+18
1779639884372138019,10.54,29.5825,735.45,41.95559448517508,23.3625,45.909404571501945,11.96955594485175,1.7796386991560945e+18,1.7796414351214904e+18
1779639884772377008,10.592,28.865,606.0,41.95160770048887,23.5725,45.921564924680446,11.969516077004888,1.7796386875814257e+18,1.7796414517939843e+18
1779639885372845960,10.572,29.265,210.95,41.94813310997028,23.712500000000002,45.934289360223346,11.969481331099702,1.7796386758162737e+18,1.779641468735831e+18
1779639885773225609,10.636,27.7325,643.75,41.94184223511333,23.852500000000003,45.94676306627258,11.969418422351133,1.7796386639459853e+18,1.7796414858257336e+18
1779639886173619392,10.52,29.8325,326.15,41.938041242652815,24.185000000000002,45.96594569833729,11.969380412426528,1.7796386519909066e+18,1.7796415030343875e+18
1779639886573884080,10.576,29.6,995.325,41.93626492635556,23.9225,45.97374538723938,11.969362649263555,1.7796386399681157e+18,1.7796415203371914e+18
1779639886974084796,10.632,28.385,1399.075,41.933462513792755,24.0625,45.98072629758566,11.969334625137927,1.779638627867839e+18,1.7796415377482038e+18
1779639887374270724,10.648,27.0825,992.825,41.92425539043694,24.412499999999998,45.99532273631299,11.969242553904369,1.7796386156312192e+18,1.7796415553520899e+18
1779639887774705240,10.612,28.335,1391.45,41.91959019946634,24.5175,46.00675619900057,11.969195901994663,1.779638603297459e+18,1.7796415730924155e+18
1779639888175072951,10.66,27.45,969.55,41.91450643021988,24.64,46.01580959845225,11.969145064302198,1.7796385908614518e+18,1.7796415909765036e+18
1779639888575387242,10.696,25.8175,1320.425,41.90145915427828,24.675,46.0300027589275,11.969014591542782,1.7796385782471252e+18,1.7796416091137103e+18
1779639888975749906,11.704,2.1,752.8,41.76799859370342,25.34,45.99049446343093,11.967679985937034,1.7796385643034043e+18,1.7796416291587246e+18
1779639889376055652,11.784,1.5175,658.95,41.6766248109686,24.6575,45.96285640960176,11.966766248109685,1.7796385493961828e+18,1.7796416505849802e+18
1779639889776682538,11.808,1.4625,372.55,41.60360338002741,24.1675,45.94072562564909,11.966036033800274,1.7796385336734758e+18,1.7796416731793288e+18
1779639890177170044,11.828,1.5825,1136.925,41.55208752392129,23.6425,45.92518069165749,11.965520875239212,1.7796385173215826e+18,1.7796416966737213e+18
1779639890577936916,11.836,1.4975,192.8,41.504411751678504,23.45,45.91074947090486,11.965044117516785,1.7796385003575101e+18,1.7796417210434609e+18
1779639891178713273,11.852,1.4975,588.375,41.469908707530344,23.45,45.90030556987729,11.964699087075303,1.779638482763289e+18,1.7796417463119644e+18
1779639891579230300,11.864,1.5325,157.175,41.4464630819077,23.064999999999998,45.89321793612064,11.964464630819077,1.779638464769696e+18,1.7796417721496888e+18
1779639891979902257,11.868,1.4625,479.65,41.4239119918807,23.064999999999998,45.88638283291218,11.964239119918807,1.7796384463743744e+18,1.779641798559895e+18
1779639892380495857,11.876,1.5175,1463.775,41.4097436058339,22.855,45.88209736957227,11.964097436058339,1.7796384276565002e+18,1.7796418254287782e+18
1779639892780924207,11.884,1.4825,1190.275,41.40060287890689,22.627499999999998,45.87932892556913,11.964006028789068,1.7796384086641628e+18,1.779641852687233e+18
1779639893181660670,11.892,1.5675,355.625,41.40053530530382,22.435000000000002,45.879308526263515,11.964005353053038,1.7796383894943608e+18,1.7796418801959918e+18
1779639893582328957,11.9,1.4625,1085.275,41.40284461888933,22.26,45.88000850035488,11.964028446188893,1.779638370173596e+18,1.7796419079170022e+18
1779639893983083938,11.9,1.4825,35.175,41.40566256856418,21.997500000000002,45.88035097965707,11.964056625685641,1.7796383507079974e+18,1.7796419358414625e+18
1779639894383843211,11.912,1.5325,107.325,41.51346438818452,21.7175,45.91298990210468,11.965134643881845,1.7796383323617661e+18,1.7796419621560758e+18
1779639894784240691,11.912,1.5175,327.525,41.58985520741426,21.5075,45.936028582746864,11.965898552074142,1.7796383148045366e+18,1.779641987335162e+18
1779639895184832717,11.916,1.5675,999.525,41.65960385748034,21.2975,45.957123137333014,11.966596038574803,1.7796382979891773e+18,1.7796420114466918e+18
1779639895585327664,11.912,1.5325,1411.9,41.71042588454424,21.122500000000002,45.97249867923425,11.967104258845442,1.7796382817074714e+18,1.7796420347895393e+18
1779639896186340384,11.924,1.5325,1031.975,41.764907916801455,20.755,45.98898848459477,11.967649079168014,1.7796382658995855e+18,1.779642057448079e+18
1779639897187436209,11.932,1.5825,794.775,41.817380107572546,20.16,46.00484450369766,11.968173801075725,1.7796382503151552e+18,1.7796420797783158e+18
1779639897587744750,11.932,1.5675,787.05,41.859959657638804,20.002499999999998,46.01770984619816,11.968599596576388,1.779638235225152e+18,1.7796421013970703e+18
1779639897988029664,11.932,1.5675,763.475,41.896107554187914,19.775000000000002,46.02862859898612,11.968961075541879,1.7796382205577943e+18,1.7796421224073894e+18
1779639898388229447,11.936,1.4625,691.525,41.92388127969118,19.5125,46.037049294996066,11.969238812796911,1.7796382062112556e+18,1.779642142955308e+18
1779639898788580564,11.936,1.68,471.95,41.955370643832104,19.2675,46.04651465544178,11.96955370643832,1.779638192243418e+18,1.779642162958083e+18
1779639899188731143,11.944,1.5675,1440.275,41.9811274892701,19.2675,46.054304754738006,11.9698112748927,1.7796381785842532e+18,1.7796421825161528e+18
1779639899588997146,11.94,1.5825,1118.55,41.9993523809761,18.9175,46.05980278819621,11.96999352380976,1.7796381651360223e+18,1.7796422017695898e+18
1779639899989324653,11.94,1.5175,136.725,42.01829368558141,18.655,46.06552988293624,11.970182936855814,1.7796381519129626e+18,1.7796422206981146e+18
1779639900789962559,11.948,1.4975,1273.325,42.03193483179917,18.165000000000003,46.06966963444576,11.970319348317991,1.7796381386137761e+18,1.7796422397305682e+18
1779639901190303600,11.952,1.4475,609.075,42.040617138175776,18.165000000000003,46.07236423986945,11.970406171381757,1.7796381254055263e+18,1.7796422586304125e+18
1779639901590654059,11.948,1.5175,220.325,42.0524564366658,18.0775,46.075946520107514,11.970524564366658,1.7796381123348485e+18,1.7796422773309724e+18
1779639901991007126,11.952,1.4625,672.375,42.06198914776167,17.8675,46.07885942071865,11.970619891477616,1.7796380993708344e+18,1.7796422958765368e+18
1779639902391265528,11.952,1.5475,413.525,42.073816124216926,17.8675,46.08243365166983,11.970738161242169,1.779638086548194e+18,1.779642314217506e+18
1779639902791703556,11.96,1.4975,1261.975,42.08195149898935,17.8675,46.0851758209691,11.970819514989893,1.7796380738153649e+18,1.7796423324276918e+18
1779639903192077693,11.956,1.615,574.425,42.0931315136156,17.849999999999998,46.08873197929242,11.970931315136156,1.7796380612182508e+18,1.7796423504415004e+18
1779639903592349992,11.956,1.5325,114.6,42.1027507036617,17.7975,46.09183762862267,11.971027507036617,1.7796380487355064e+18,1.7796423682895122e+18
1779639903992788843,11.96,1.4825,349.725,42.111535438446815,17.78,46.09457177677571,11.971115354384468,1.7796380363562522e+18,1.7796423859873388e+18
1779639904393122630,11.96,1.4975,1067.275,42.1164580981823,17.78,46.096720015728806,11.971164580981823,1.7796380240240952e+18,1.779642403615639e+18
1779639904793449121,11.96,1.4975,1618.65,42.120961943991844,17.7625,46.09908139193912,11.971209619439918,1.7796380117329836e+18,1.7796424211830904e+18
1779639905193764944,11.964,1.5475,24.525,42.136218407344586,17.64,46.10445154623122,11.971362184073445,1.7796379996462482e+18,1.7796424384563075e+18
1779639905594093451,11.964,1.5475,74.825,42.144980932667345,17.4825,46.10812724521106,11.971449809326673,1.7796379876674184e+18,1.7796424555732242e+18
1779639905994474844,11.964,1.4625,228.325,42.14106085816465,17.4825,46.10890555728619,11.971410608581646,1.779637975603175e+18,1.7796424728100892e+18
1779639906394852159,11.968,1.4975,696.775,42.16198680984509,17.395,46.12213043194177,11.97161986809845,1.779637963835064e+18,1.7796424896218207e+18
1779639906795239185,11.968,1.5325,487.975,42.199231425167596,17.36,46.13709923571096,11.971992314251676,1.7796379526167918e+18,1.7796425056461325e+18
1779639907195576916,11.968,1.5325,1489.175,42.237098728844316,17.255,46.162482853019206,11.972370987288443,1.7796379419616172e+18,1.7796425208642844e+18
1779639907595933384,11.976,1.4975,1267.8,42.296895066381275,17.255,46.17817434618344,11.972968950663812,1.7796379322126653e+18,1.7796425347864742e+18
1779639907996141654,11.972,1.5325,592.2,42.342684823744854,17.150000000000002,46.19474720801946,11.973426848237448,1.7796379231535862e+18,1.7796425477219448e+18
1779639908396405159,11.972,1.5675,168.85,42.393278580227474,17.045,46.209627173684076,11.973932785802274,1.779637914857978e+18,1.7796425595658514e+18
1779639908796728577,11.976,1.5175,515.275,42.44743112974014,17.045,46.22316039678529,11.974474311297401,1.7796379073793144e+18,1.7796425702421207e+18
1779639909197184648,11.972,1.4825,1572.475,42.49698873867313,16.9925,46.230459558150386,11.974969887386731,1.7796379006416553e+18,1.779642579859432e+18
1779639909597529205,11.948,2.15,1522.0,42.554447094621146,16.9225,46.24159433005749,11.975544470946211,1.7796378947619784e+18,1.77964258825108e+18
1779639909998005689,11.948,2.215,1367.975,42.61020002851101,16.9225,46.252995306029895,11.97610200028511,1.7796378897044303e+18,1.779642595468514e+18
1779639910398438525,11.892,3.2975,897.925,42.658056791054406,16.7825,46.26183879110565,11.976580567910544,1.7796378853370138e+18,1.7796426017003633e+18
1779639910798814643,11.868,3.7,1101.825,42.69895901809601,16.6425,46.270113221578605,11.97698959018096,1.7796378815420626e+18,1.7796426071147315e+18
1779639911199061912,11.68,8.3825,85.7,42.750990406936324,16.485,46.273350898494854,11.977509904069363,1.7796378784812157e+18,1.7796426114812227e+18
1779639911799767578,11.156,19.115,261.525,42.78727037374114,16.485,46.26433747788324,11.977872703737411,1.7796378758269325e+18,1.7796426152670674e+18
1779639912200095554,11.004,22.735,798.1,42.812463249084864,16.537499999999998,46.247872919001345,11.978124632490848,1.7796378734767726e+18,1.7796426186187476e+18
1779639912600256502,10.884,24.55,797.2,42.819229000662695,16.765,46.24143640730994,11.978192290006627,1.7796378711444206e+18,1.7796426219446492e+18
1779639913000658179,10.86,25.015,794.45,42.83642773910464,16.9225,46.25777430889534,11.978364277391046,1.779637868987271e+18,1.77964262502036e+18
1779639913400746889,10.812,25.615,786.05,42.84515962230674,16.9225,46.266993604757594,11.978451596223067,1.7796378668745674e+18,1.7796426280323494e+18
1779639913800912851,11.824,1.5175,760.425,42.79406181870967,17.1675,46.26390680757019,11.977940618187096,1.7796378639095345e+18,1.7796426322589847e+18
1779639914201194809,11.852,1.4975,682.225,42.76151824892099,17.1325,46.26541814018904,11.97761518248921,1.7796378603845998e+18,1.7796426372831716e+18
1779639914601583721,11.872,1.5475,443.575,42.74124448286055,16.8875,46.266039438769205,11.977412444828605,1.7796378564923092e+18,1.7796426428303235e+18
1779639915001868195,11.888,1.5175,1353.675,42.73631513014557,16.8875,46.28042115284819,11.977363151301455,1.7796378524663508e+18,1.7796426485673157e+18
1779639915402255470,11.9,1.4825,854.275,42.74706836513121,16.765,46.26226342691948,11.977470683651312,1.7796378485408315e+18,1.779642654160536e+18
1779639915802423576,11.908,1.5825,968.625,42.83411323413385,16.537499999999998,46.288265292250856,11.978341132341338,1.7796378458399675e+18,1.7796426580083858e+18
1779639916202753832,11.912,1.5675,1317.6,42.90263176412036,16.537499999999998,46.308749262152155,11.979026317641203,1.7796378440690944e+18,1.7796426605310144e+18
1779639916602933035,11.92,1.615,744.175,42.96577575871875,16.3275,46.327649188015506,11.979657757587187,1.7796378431300483e+18,1.779642661868541e+18
1779639917003173319,11.928,1.5475,632.625,43.02356588328805,16.0475,46.34494276080187,11.98023565883288,1.7796378429256038e+18,1.7796426621597076e+18
1779639917403336240,11.928,1.5325,292.2,43.07300417403016,16.0475,46.359788761843575,11.980730041740301,1.7796378433170586e+18,1.7796426616022692e+18
1779639917803649413,11.932,1.5175,891.7,43.11507028874121,15.7325,46.372400079490255,11.981150702887412,1.7796378441822257e+18,1.7796426603703946e+18
1779639918203972519,11.936,1.4825,1082.85,43.1502890974918,15.295,46.38296314016411,11.981502890974918,1.7796378454109565e+18,1.7796426586210568e+18
1779639918604295331,11.94,1.5825,27.775,43.18477781295754,15.295,46.39327329904607,11.981847778129575,1.77963784698197e+18,1.7796426563846758e+18
1779639919004562914,11.936,1.5825,84.75,43.21708634624485,15.067499999999999,46.40295356762147,11.982170863462448,1.7796378488539796e+18,1.7796426537201231e+18
1779639919604825499,11.92,2.0325,258.625,43.24277513310949,15.067499999999999,46.41049024581765,11.982427751331095,1.7796378508746012e+18,1.779642650844535e+18
1779639920005250315,11.932,1.8825,789.25,43.273443326310804,14.8925,46.419557776351745,11.982734433263108,1.779637853158471e+18,1.7796426475946895e+18
1779639920605751988,11.828,4.3175,770.175,43.303825928175414,14.647499999999999,46.4273764667902,11.983038259281754,1.779637855643313e+18,1.7796426440594757e+18
1779639921006153435,11.884,2.765,711.975,43.32134353664943,14.647499999999999,46.43226496956083,11.983213435366494,1.7796378581978452e+18,1.7796426404255304e+18
1779639921406641288,11.584,9.8475,534.375,43.34383684489867,14.56,46.43411005647799,11.983438368448986,1.7796378608856788e+18,1.7796426366024003e+18
1779639921807007432,11.324,15.335,1630.775,43.354683253994345,14.56,46.429989013660816,11.983546832539943,1.7796378635475077e+18,1.7796426328166892e+18
1779639922207449163,11.564,8.9125,61.525,43.34284394780541,14.489999999999998,46.4268365016766,11.983428439478054,1.7796378658856883e+18,1.7796426294916636e+18
1779639922607881563,11.436,12.8,187.75,43.352142337236636,14.717500000000001,46.42429134667856,11.983521423372366,1.7796378681855224e+18,1.7796426262215478e+18
1779639923008286992,10.992,22.0475,572.95,43.34032528733518,14.717500000000001,46.414061967995785,11.983403252873352,1.7796378701754644e+18,1.779642623392392e+18
1779639923408565284,11.044,19.95,110.1,43.3157410603358,14.98,46.40907159175185,11.983157410603358,1.7796378717012273e+18,1.7796426212234255e+18
1779639923808983906,10.924,22.5675,335.975,43.28986653435712,15.382499999999999,46.403662976604856,11.982898665343571,1.779637872760091e+18,1.7796426197183596e+18
1779639924209406863,10.764,26.2175,1025.3,43.26411983470058,15.382499999999999,46.39637421007372,11.982641198347006,1.7796378733664548e+18,1.7796426188565737e+18
1779639924609813204,10.692,27.435,1490.55,43.23507943063635,15.75,46.392035870284545,11.982350794306363,1.7796378734915697e+18,1.779642618678779e+18
1779639925010289112,10.796,24.8325,1271.975,43.196942048189435,16.0475,46.38824552474648,11.981969420481894,1.7796378730338212e+18,1.7796426193291922e+18
1779639925410764156,10.808,24.6825,604.95,43.160529468236774,16.4325,46.383639363536595,11.981605294682367,1.7796378720284808e+18,1.7796426207575176e+18
1779639925811159568,10.804,23.9475,207.75,43.117031105691616,16.4325,46.384841375901814,11.981170311056916,1.779637870399925e+18,1.7796426230709932e+18
1779639926211588258,10.924,21.73,634.0,43.07031000660696,16.765,46.38008228330092,11.98070310006607,1.7796378681211507e+18,1.7796426263077752e+18
1779639926611994607,10.788,24.4325,296.4,43.021869215859454,16.9225,46.37826765515909,11.980218692158594,1.7796378651826465e+18,1.7796426304811515e+18
1779639927012270840,10.848,23.3975,904.525,42.9721733253941,17.2375,46.372747835845615,11.97972173325394,1.7796378615796774e+18,1.7796426355976338e+18
1779639927412590318,10.9,22.215,1121.975,42.92284392571278,17.2375,46.367224502190695,11.979228439257128,1.7796378573257756e+18,1.7796426416377892e+18
1779639927812876282,10.888,22.18,147.175,42.86488620607037,17.57,46.361571345468036,11.978648862060703,1.779637852323406e+18,1.7796426487398746e+18
1779639928213111270,10.944,20.6975,449.125,42.794917612938754,17.8325,46.353446367902514,11.977949176129387,1.7796378464335127e+18,1.7796426571010496e+18
1779639928613459252,11.016,19.8325,1370.6,42.73961711454827,18.13,46.344342751619564,11.977396171145482,1.779637839840452e+18,1.7796426664593446e+18
1779639929614005770,11.84,1.5175,160.225,42.65215034726115,18.3925,46.31768785623805,11.976521503472611,1.7796378319366124e+18,1.7796426776749786e+18
1779639930014313316,11.856,1.5675,488.95,42.57000198919318,18.497500000000002,46.29443441184765,11.975700019891931,1.7796378230004959e+18,1.7796426903539937e+18
1779639930414730067,11.864,1.5475,1492.15,42.50884002644046,18.62,46.2788246307632,11.975088400264404,1.779637813289534e+18,1.7796427041308506e+18
1779639930814886723,11.876,1.6325,1276.875,42.45849486588497,18.602500000000003,46.27552669389009,11.97458494865885,1.7796378029353244e+18,1.779642718818633e+18
1779639931215339324,11.88,1.4825,619.9,42.43081667252586,18.3225,46.27764013117818,11.974308166725258,1.779637792216288e+18,1.779642734022236e+18
1779639931615483518,11.896,1.665,253.375,42.41686358949572,18.3225,46.28205809725753,11.974168635894957,1.7796377813023918e+18,1.7796427495005094e+18
1779639932015869681,11.896,1.5475,773.225,42.42052994385805,17.587500000000002,46.308457637660354,11.97420529943858,1.7796377704140508e+18,1.779642764940833e+18
1779639932416165603,11.904,1.5325,721.275,42.43167836854049,17.22,46.334321836726645,11.974316783685405,1.7796377596462817e+18,1.7796427802084984e+18
1779639932816485294,11.904,1.5975,562.75,42.44554175417516,16.974999999999998,46.36082112290383,11.974455417541751,1.7796377490343124e+18,1.7796427952536092e+18
1779639933216815549,11.908,1.5325,78.975,42.925361126646166,16.974999999999998,46.39001110836282,11.979253611266461,1.7796377445030464e+18,1.779642801677104e+18
1779639933617047363,11.92,1.615,241.0,42.936819698328776,16.625,46.394900095355304,11.979368196983287,1.7796377400773532e+18,1.7796428079502602e+18
1779639934017249210,11.924,1.5675,735.45,42.94880106301423,16.3625,46.394491614869075,11.979488010630142,1.7796377357625324e+18,1.7796428140655987e+18
1779639934617834675,11.924,1.5675,606.0,42.960023088100485,16.3625,46.396392184785675,11.979600230881005,1.7796377314866227e+18,1.7796428201248054e+18
1779639935418859255,11.936,1.5825,326.15,42.99192378558089,15.89,46.423029050494264,11.979919237855809,1.7796377274506194e+18,1.7796428258428206e+18
1779639935819723202,11.94,1.5675,995.325,43.01577559784341,15.662499999999998,46.43251640196503,11.980157755978434,1.7796377236730714e+18,1.779642831194101e+18
1779639936220232132,11.94,1.5475,1399.075,43.03572899845963,15.487499999999999,46.42883714958829,11.980357289984596,1.7796377201014935e+18,1.7796428362530652e+18
1779639936620829310,11.876,3.2825,992.825,43.08372137759476,15.487499999999999,46.46694171539376,11.980837213775947,1.7796377170859052e+18,1.7796428405240435e+18
1779639937021033923,11.836,3.9175,1391.45,43.125739730399914,15.3125,46.505332017294634,11.981257397303999,1.7796377145430008e+18,1.7796428441251786e+18
1779639937421820666,11.8,4.8825,969.55,43.16964791178829,15.137500000000001,46.541443380385644,11.981696479117883,1.779637712488536e+18,1.7796428470342948e+18
1779639937822620948,10.876,26.1675,1320.425,43.18587085796565,15.137500000000001,46.52703135780576,11.981858708579656,1.7796377105706767e+18,1.7796428497496973e+18
1779639938223131059,10.792,27.1325,752.8,43.20273379283367,15.224999999999998,46.53101665746893,11.982027337928336,1.7796377087945285e+18,1.7796428522641859e+18
1779639938623713354,10.916,23.3675,658.95,43.19681098482696,15.575000000000001,46.5068806395196,11.98196810984827,1.7796377068773732e+18,1.7796428549780111e+18
1779639939024086316,10.856,25.05,372.55,43.20540924793682,15.575000000000001,46.50690432646132,11.982054092479368,1.7796377049996861e+18,1.7796428576356849e+18
1779639939424883485,10.792,25.6,1136.925,43.20802591832474,15.89,46.51146146344171,11.982080259183247,1.779637703087881e+18,1.779642860341364e+18
1779639940226145056,10.808,25.1975,588.375,43.20375006017613,16.59,46.503689742293005,11.982037500601761,1.7796377009530207e+18,1.7796428633620815e+18
1779639940627012724,10.876,23.4175,157.175,43.20956506682495,16.59,46.52408141428676,11.98209565066825,1.7796376988270666e+18,1.779642866369884e+18
1779639941027422985,10.876,23.3975,479.65,43.212147608817475,16.9225,46.53891094870455,11.982121476088174,1.7796376966705254e+18,1.7796428694206385e+18
1779639941428048823,10.928,22.335,1463.775,43.20568074478138,17.185000000000002,46.527256468322236,11.982056807447814,1.779637694374705e+18,1.779642872668082e+18
1779639941828906927,10.904,22.415,1190.275,43.21003587917033,17.5175,46.55614986195692,11.982100358791703,1.7796376920722563e+18,1.7796428759245594e+18
1779639942229137393,10.932,21.45,355.625,43.20021121289691,17.849999999999998,46.55468820392707,11.982002112128969,1.7796376895934915e+18,1.7796428794300462e+18
1779639942629467265,10.988,20.5975,1085.275,43.19573205618471,17.849999999999998,46.568440579306404,11.981957320561847,1.7796376870051945e+18,1.7796428830900495e+18
1779639943029847689,10.912,21.8,35.175,43.190241931905604,18.165000000000003,46.585782559636534,11.981902419319056,1.7796376842969088e+18,1.779642886919321e+18
1779639943430134308,10.996,20.33,107.325,43.30419085752864,18.462500000000002,46.63400642934711,11.983041908575286,1.7796376828887217e+18,1.7796428889101642e+18
1779639943830565303,11.044,18.7675,327.525,43.37644269870405,18.6725,46.672649813838326,11.98376442698704,1.7796376822643502e+18,1.779642889792783e+18
1779639944230885104,10.836,24.0325,999.525,43.44464297946607,18.8825,46.70331383072245,11.98444642979466,1.7796376823603146e+18,1.7796428896571412e+18
1779639944631145547,11.376,10.6825,1411.9,43.455301211275014,19.4075,46.71978359921767,11.98455301211275,1.779637682489136e+18,1.7796428894750733e+18
1779639945031432258,11.744,2.8475,1031.975,43.43300433320812,18.724999999999998,46.71397111003426,11.984330043332081,1.779637682268256e+18,1.7796428897872161e+18
1779639945431774063,11.676,4.8325,1510.925,43.42696451828188,18.724999999999998,46.71540277187226,11.984269645182819,1.7796376818925773e+18,1.7796428903180603e+18
1779639945831971328,11.584,7.365,1334.175,43.43181538337158,18.445,46.7212449028904,11.984318153833716,1.7796376814904366e+18,1.7796428908862344e+18
1779639946232298852,11.456,10.3675,794.775,43.438984795847894,18.287499999999998,46.72860627301079,11.984389847958479,1.7796376810887503e+18,1.7796428914537057e+18
1779639946632441842,11.6,6.83,787.05,43.42252047111126,18.252499999999998,46.72731417160967,11.984225204711112,1.7796376804191713e+18,1.779642892399537e+18
1779639947032787316,11.392,11.93,763.475,43.42703522797225,18.235,46.73345710450022,11.984270352279722,1.7796376797243438e+18,1.7796428933809277e+18
1779639947432983517,11.436,11.065,691.525,43.429039987131105,18.235,46.73790978863573,11.98429039987131,1.7796376789765379e+18,1.779642894437039e+18
1779639947833187857,11.596,7.4325,471.95,43.41633868977235,18.060000000000002,46.73656335574104,11.984163386897723,1.7796376780121088e+18,1.7796428957989394e+18
1779639948233471281,11.692,5.03,1440.275,43.38996342680348,18.025000000000002,46.729956818607384,11.983899634268035,1.7796376766829414e+18,1.7796428976757012e+18
1779639948633837966,11.612,7.5125,1118.55,43.38339349544507,17.885,46.7292529735574,11.98383393495445,1.7796376752153756e+18,1.7796428997476598e+18
1779639949033985757,11.504,9.715,136.725,43.3734597130985,17.849999999999998,46.72846789116153,11.983734597130985,1.779637673574862e+18,1.7796429020635474e+18
1779639949434082380,11.74,3.8975,417.25,43.32883482669692,17.92,46.71478528110371,11.983288348266969,1.7796376713819835e+18,1.7796429051588756e+18
1779639949834983327,11.772,3.63,1273.325,43.298007290940625,17.92,46.70515154092985,11.982980072909406,1.779637668797079e+18,1.7796429088071805e+18
1779639950235642048,11.776,3.715,609.075,43.26274559417547,17.7975,46.69380041636537,11.982627455941754,1.7796376657765955e+18,1.7796429130698038e+18
1779639950636352899,11.784,3.8675,220.325,43.23898187409574,17.745,46.68604698356142,11.982389818740957,1.779637662452673e+18,1.7796429177601623e+18
1779639951036885580,11.78,3.765,672.375,43.20318917024856,17.7625,46.674314341097094,11.982031891702485,1.7796376586973443e+18,1.779642923058718e+18
1779639951437353072,11.736,5.115,413.525,43.18046570263255,17.7625,46.66670812608605,11.981804657026325,1.7796376546579512e+18,1.7796429287574733e+18
1779639951837818256,11.712,5.535,1261.975,43.15451335949759,17.8325,46.65819087149699,11.981545133594976,1.7796376503020726e+18,1.7796429349020826e+18
1779639952238139387,11.768,4.065,574.425,43.120950382923084,17.9025,46.64720355991873,11.98120950382923,1.7796376455500856e+18,1.7796429416047616e+18
1779639952638749295,11.824,3.115,114.6,43.08830565688427,17.9025,46.63601270099617,11.980883056568842,1.779637640415276e+18,1.779642948846657e+18
1779639953039040412,11.88,1.75,349.725,43.05135045922014,17.885,46.6231072037703,11.980513504592201,1.7796376348531512e+18,1.7796429566903977e+18
1779639953439126208,11.892,1.7,1067.275,43.015627478777596,17.885,46.61063746807569,11.980156274787776,1.7796376288799785e+18,1.779642965112927e+18
1779639953839743626,11.9,1.85,1618.65,42.994094637486945,17.8325,46.60308029750077,11.97994094637487,1.7796376226515932e+18,1.7796429738944115e+18
1779639954240102113,11.908,1.665,24.525,42.96479162403016,17.8325,46.59284824689469,11.979647916240301,1.7796376160843907e+18,1.779642983152639e+18
1779639954841065709,11.788,4.5,74.825,42.946995630570505,17.675,46.585902938263,11.979469956305705,1.7796376092476014e+18,1.7796429927894326e+18
1779639955241465791,11.784,4.615,228.325,42.92158160479779,17.5,46.57629723742527,11.979215816047978,1.779637602115722e+18,1.7796430028411412e+18
1779639955641937369,11.736,5.48,696.775,42.89812959920144,17.5,46.56744563717538,11.978981295992014,1.7796375947105347e+18,1.779643013276984e+18
1779639956042202699,11.176,18.165,487.975,42.86872501982223,17.290000000000003,46.548133220152465,11.978687250198222,1.779637586967363e+18,1.7796430241880253e+18
1779639956442397605,10.908,24.135,1489.175,42.83341499479568,17.255,46.52087002622413,11.978334149947957,1.7796375788211497e+18,1.7796430356658337e+18
1779639956843058846,10.752,27.1825,1267.8,42.791222738421475,17.36,46.493897403278936,11.977912227384214,1.7796375701955804e+18,1.77964304781781e+18
1779639957243329376,10.776,26.1975,168.85,42.749999448554476,17.4825,46.47447041181793,11.977499994485544,1.7796375611005765e+18,1.7796430606298478e+18
1779639957643652743,10.576,30.13,515.275,42.706505904212584,17.587500000000002,46.459572148320305,11.977065059042125,1.7796375515090317e+18,1.77964307414e+18
1779639958044074763,10.768,25.135,1572.475,42.65841429600929,17.709999999999997,46.45444657678831,11.976584142960093,1.7796375413676506e+18,1.7796430884231887e+18
1779639958444288088,11.36,10.4325,1522.0,42.54902386976973,18.0425,46.432239215350855,11.975490238697697,1.7796375299893135e+18,1.7796431044469187e+18
1779639958844672134,10.128,40.05,897.925,42.49798315168924,18.0425,46.41064710313826,11.974979831516892,1.7796375180170716e+18,1.7796431213053484e+18
1779639959245048236,10.2,38.8325,1101.825,42.44590294951955,18.375,46.3883129689537,11.974459029495195,1.7796375054327186e+18,1.779643139023955e+18
1779639959845576586,10.18,39.585,85.7,42.405613863352194,18.724999999999998,46.35838825028608,11.974056138633522,1.7796374922920148e+18,1.779643157523172e+18
1779639960246149756,10.204,38.6825,261.525,42.408357113451274,18.97,46.39830224153716,11.974083571134512,1.779637479151206e+18,1.779643176020734e+18
1779639960646577523,11.128,14.815,798.1,42.35237559422515,19.1975,46.42744372437603,11.973523755942251,1.7796374653345155e+18,1.7796431954678072e+18
1779639961046941815,11.612,5.1325,797.2,42.280871283819295,19.162499999999998,46.43856810193047,11.972808712838193,1.7796374506523955e+18,1.7796432161309878e+18
1779639961447268340,11.408,10.515,794.45,42.26493883837989,18.9525,46.46920050642051,11.972649388383799,1.779637435740214e+18,1.7796432371159357e+18
1779639961847718141,11.324,12.1,786.05,42.227457965522255,18.8125,46.470705215161416,11.972274579655222,1.7796374203409126e+18,1.7796432587843113e+18
1779639962248043817,11.832,1.5175,682.225,42.21588864924748,18.602500000000003,46.51214079388697,11.972158886492474,1.7796374047539638e+18,1.7796432807146468e+18
1779639962648430121,11.852,1.4475,1353.675,42.218669125561206,17.709999999999997,46.553665898732746,11.972186691255612,1.7796373891484595e+18,1.77964330266902e+18
1779639963048820287,11.864,1.4825,854.275,42.19248531957629,17.3425,46.54847547824574,11.971924853195762,1.779637373175541e+18,1.7796433251381786e+18
1779639963449323406,11.872,1.4825,968.625,42.16949508630752,17.3425,46.53935553903517,11.971694950863075,1.7796373568678917e+18,1.7796433480760684e+18
1779639963850118013,11.876,1.5675,1317.6,42.17230573830808,16.8875,46.56296617188661,11.97172305738308,1.7796373405360648e+18,1.7796433710458376e+18
1779639964250880379,11.888,1.5175,744.175,42.193442358793234,16.555,46.60531838529515,11.971934423587932,1.7796373244071324e+18,1.7796433937281585e+18
1779639964651680487,11.892,1.5675,632.625,42.2092096203744,16.555,46.63594413199363,11.972092096203744,1.7796373084190487e+18,1.7796434162103465e+18
1779639965051972963,11.9,1.4825,292.2,42.2344176872586,16.3275,46.67502776135338,11.972344176872586,1.7796372926941164e+18,1.779643438320485e+18
1779639965452156007,11.908,1.4825,1082.85,42.25880848093581,16.6075,46.71122069103924,11.972588084809358,1.7796372772275653e+18,1.77964346006536e+18
1779639965852995430,11.912,1.5825,27.775,42.287944438075726,17.115,46.745630874567844,11.972879444380757,1.7796372620846044e+18,1.7796434813533747e+18
1779639966253859223,11.912,1.5175,84.75,42.3140783312806,17.587500000000002,46.77843517938709,11.973140783312806,1.779637247232855e+18,1.7796435022301414e+18
1779639966654687698,11.892,2.0175,258.625,42.34607583385845,17.727500000000003,46.81819549017083,11.973460758338584,1.7796372327527982e+18,1.7796435225826107e+18
1779639967856256832,11.856,2.9675,770.175,42.36697461834044,17.6925,46.83418574413486,11.973669746183404,1.7796372182119017e+18,1.7796435430152223e+18
1779639968256560997,11.852,2.9175,711.975,42.36847539192674,17.5175,46.82120045086991,11.973684753919267,1.779637203657051e+18,1.7796435634656704e+18
1779639968657417266,11.764,4.7675,534.375,42.369116281573866,17.36,46.806881683811525,11.973691162815738,1.7796371890769062e+18,1.7796435839498993e+18
1779639969458685117,11.816,3.665,61.525,42.365078794633355,17.2025,46.78260211356898,11.973650787946333,1.7796371742601638e+18,1.779643604762981e+18
1779639969859432963,11.824,3.515,187.75,42.350304403162404,17.0975,46.73527784454357,11.973503044031624,1.7796371592111442e+18,1.7796436259005578e+18
1779639971662099831,11.816,4.0,1490.55,42.35541863674676,16.625,46.71331087163401,11.973554186367467,1.7796371436672553e+18,1.7796436477250924e+18
1779639972062368834,11.716,6.065,1271.975,42.36266998422977,16.502499999999998,46.698821611400014,11.973626699842297,1.7796371281915197e+18,1.7796436694521708e+18
1779639972462631230,11.7,6.7825,604.95,42.37726182797587,16.4325,46.686477798518524,11.973772618279758,1.7796371128874967e+18,1.7796436909364442e+18
1779639972862718110,11.496,11.3475,207.75,42.39738128963861,16.4325,46.68655078493974,11.973973812896386,1.779637097835215e+18,1.7796437120656138e+18
1779639973863427014,11.644,6.7825,296.4,42.390988606114384,16.345,46.6860684547878,11.973909886061143,1.7796370824388175e+18,1.779643733673538e+18
1779639974864092099,11.696,4.665,1121.975,42.45361941945955,16.537499999999998,46.714145884978294,11.974536194194595,1.7796370676858816e+18,1.7796437543743634e+18
1779639975264375674,11.68,6.33,147.175,42.528119976392915,16.555,46.7437271892375,11.975281199763929,1.7796370539870234e+18,1.7796437735946565e+18
1779639975864923901,11.284,16.0325,449.125,42.604812044029856,16.4675,46.75939556752058,11.976048120440298,1.7796370413132782e+18,1.7796437913746033e+18
1779639976265139078,11.244,16.1,1370.6,42.66117744204536,16.485,46.7765411098868,11.976611774420453,1.7796370294494615e+18,1.7796438080170383e+18
1779639976665431627,11.16,17.5,1126.25,42.70231450448929,16.6075,46.79241791079522,11.977023145044893,1.779637018177065e+18,1.7796438238286277e+18
1779639977065669307,11.304,13.88,160.225,42.73397112772994,16.6075,46.81026121174939,11.977339711277299,1.7796370073599729e+18,1.779643839000421e+18
1779639977465904837,11.48,9.9825,488.95,42.747680730380395,16.747500000000002,46.82016933635079,11.977476807303804,1.779636996735907e+18,1.7796438539003453e+18
1779639977866172474,10.74,27.0325,1492.15,42.76942471314157,16.747500000000002,46.8165167223505,11.977694247131415,1.779636986423617e+18,1.7796438683619272e+18
1779639978266453203,10.752,26.1475,1276.875,42.792171878960616,16.905,46.82633495041701,11.977921718789606,1.7796369764380342e+18,1.779643882364288e+18
1779639978666694819,10.768,25.2175,619.9,42.80746208453091,17.185000000000002,46.8441637152414,11.978074620845309,1.7796369666695173e+18,1.779643896061238e+18
1779639979066943369,10.844,23.4675,253.375,42.81889210047601,17.4825,46.861557426430615,11.97818892100476,1.779636957061178e+18,1.7796439095325806e+18
1779639979667321325,10.776,25.6325,773.225,42.823109172003726,17.4825,46.863655486301894,11.978231091720037,1.7796369474441938e+18,1.779643923014534e+18
1779639980067918558,10.84,23.8175,721.275,42.82668047903125,17.5,46.87318573322032,11.978266804790312,1.779636937871746e+18,1.779643936433055e+18
1779639980468418558,10.84,22.785,562.75,42.831356490648275,17.745,46.89946737212724,11.978313564906482,1.7796369283601754e+18,1.779643949765246e+18
1779639980868792737,10.904,21.5975,78.975,42.82660171191718,17.814999999999998,46.917529935330826,11.978266017119171,1.7796369187692703e+18,1.779643963207644e+18
1779639981269317592,10.724,26.1675,241.0,42.81976445562218,18.0425,46.92527180764906,11.978197644556221,1.7796369090679183e+18,1.7796439768038364e+18
1779639981669999093,10.936,20.8,735.45,42.80190069524049,18.1125,46.93841333252054,11.978019006952405,1.7796368990916751e+18,1.7796439907842483e+18
1779639982070612535,11.172,15.315,606.0,42.75305268945388,18.1125,46.93878740951159,11.977530526894538,1.7796368883775542e+18,1.7796440057975954e+18
1779639982470999745,10.652,27.815,210.95,42.74346203797059,18.095,46.94402244361167,11.977434620379706,1.7796368775117043e+18,1.7796440210224369e+18
1779639982871444159,10.7,26.865,643.75,42.72711328385494,18.2,46.94470815139271,11.977271132838549,1.7796368663918495e+18,1.77964403660204e+18
1779639983271978572,10.636,28.0675,326.15,42.710797243075156,18.4275,46.94956392560793,11.977107972430751,1.7796368550179763e+18,1.7796440525363738e+18
1779639983872912789,10.172,40.1825,995.325,42.6445281577972,18.55,46.884819757999814,11.976445281577972,1.779636842568374e+18,1.779644069975859e+18
1779639984273503089,10.188,39.2675,1399.075,42.776513746680244,18.7775,46.847688093987095,11.977765137466802,1.7796368321089244e+18,1.7796440846264612e+18
1779639984674045964,10.172,39.465,992.825,42.73912473654519,19.040000000000003,46.817839492713674,11.977391247365452,1.779636821073735e+18,1.7796441000823962e+18
1779639985074572740,10.14,39.85,1391.45,42.71891253323485,19.0575,46.80746606278029,11.977189125332348,1.779636809722014e+18,1.779644115980514e+18
1779639985474981967,10.184,38.165,969.55,42.7241271314519,19.53,46.834377164523566,11.977241271314519,1.7796367984411594e+18,1.779644131778256e+18
1779639985875591374,10.192,38.7325,1320.425,42.70964698371522,19.5825,46.81607412478948,11.977096469837152,1.779636786929766e+18,1.7796441478976858e+18
1779639986276095116,10.192,38.95,752.8,42.690954940863186,19.5825,46.794901774033534,11.976909549408632,1.7796367751225303e+18,1.7796441644302072e+18
1779639986676669516,10.124,40.1325,658.95,42.67978438501132,19.6525,46.77595205565473,11.976797843850113,1.7796367631334707e+18,1.7796441812161203e+18
1779639987076929636,10.096,40.365,372.55,42.678791182470306,19.6175,46.769660075674736,11.976787911824703,1.7796367511193539e+18,1.779644198035927e+18
1779639987477112477,10.26,35.4975,1136.925,42.70533832543137,19.74,46.823538622017615,11.977053383254313,1.7796367395057283e+18,1.7796442142938924e+18
1779639987877286142,10.284,35.4975,192.8,42.72714574260885,20.2825,46.86281959377148,11.977271457426088,1.779636728220472e+18,1.7796442300910582e+18
1779639988277622410,10.248,37.4175,588.375,42.720034817279924,19.8625,46.855493470477256,11.977200348172799,1.77963671681536e+18,1.7796442460548746e+18
1779639988878152714,10.244,38.3325,157.175,42.71635015989858,19.7925,46.85124159155063,11.977163501598985,1.7796367052789985e+18,1.7796442622007066e+18
1779639989278464977,10.296,35.75,479.65,42.72229418205999,19.8275,46.86118446006501,11.9772229418206,1.7796366938265093e+18,1.7796442782280376e+18
1779639990079094427,10.136,39.7175,1463.775,42.724810168869816,19.915000000000003,46.86724953322067,11.977248101688698,1.7796366822761815e+18,1.7796442943900495e+18
1779639990479321546,10.432,32.4,1190.275,42.74100695224227,19.915000000000003,46.89789677708937,11.977410069522422,1.7796366709729582e+18,1.7796443102052073e+18
1779639990879716499,10.332,35.5975,355.625,42.74089673683818,20.0725,46.89742202417455,11.977408967368381,1.7796366596596746e+18,1.779644326033358e+18
1779639991279864576,10.26,37.1,1085.275,42.73676049992183,20.09,46.89199541163446,11.977367604999218,1.779636648272318e+18,1.7796443419640494e+18
1779639992080476204,10.388,34.33,107.325,42.735167560670206,20.334999999999997,46.888317310247224,11.977351675606702,1.7796366367239012e+18,1.7796443581178655e+18
1779639992480790599,10.344,35.4825,327.525,42.71879329404619,20.334999999999997,46.853597758049894,11.977187932940462,1.7796366249056927e+18,1.7796443746479473e+18
1779639992881111440,10.324,35.265,999.525,42.73985357380241,20.439999999999998,46.8349582048078,11.977398535738024,1.7796366134169044e+18,1.7796443907161836e+18
1779639993281328932,10.356,34.1825,1411.9,42.73824567677302,20.51,46.82797530550252,11.97738245676773,1.779636601894386e+18,1.7796444068305147e+18
1779639993681648953,10.376,34.35,1031.975,42.73423883770164,20.755,46.81591907233104,11.977342388377016,1.779636590299215e+18,1.7796444230453614e+18
1779639994081793792,10.324,35.4475,1510.925,42.72631097543755,20.772499999999997,46.79164668384357,11.977263109754375,1.7796365785679163e+18,1.7796444394494753e+18
1779639994481963308,11.628,3.3325,1334.175,42.58910285610302,20.8075,46.734125757273006,11.97589102856103,1.7796365646071104e+18,1.7796444589698534e+18
1779639994882345021,11.756,1.5325,794.775,42.4750135835221,20.755,46.67961072671281,11.97475013583522,1.7796365487765706e+18,1.7796444811030707e+18
1779639995283000125,11.784,1.5675,787.05,42.38564994889586,20.4225,46.63198554210312,11.973856499488958,1.779636531461385e+18,1.7796445053104161e+18
1779639996084632399,11.816,1.4975,691.525,42.31309479513136,20.1425,46.58199556790378,11.973130947951313,1.7796365127652913e+18,1.7796445314448896e+18
1779639996484997511,11.832,1.5175,471.95,42.259582300636396,20.0725,46.55560787134637,11.972595823006364,1.7796364931365816e+18,1.7796445588812375e+18
1779639996885518493,11.84,1.4975,1440.275,42.21244396269388,19.9675,46.53145387466489,11.972124439626938,1.7796364726674762e+18,1.7796445874904084e+18
1779639997285839850,11.848,1.4625,1118.55,42.169128453777674,19.9675,46.49326386019968,11.971691284537776,1.7796364514076956e+18,1.779644617202768e+18
1779639997686610909,11.856,1.5175,136.725,42.133358882401176,19.845,46.464540327005714,11.971333588824011,1.7796364294713682e+18,1.7796446478586885e+18
1779639998086827516,11.864,1.4475,417.25,42.10277598930692,19.67,46.4403609928862,11.971027759893069,1.7796364069353393e+18,1.7796446793506783e+18
1779639998487426461,11.872,1.4975,1273.325,42.081203560557626,19.477500000000003,46.40645712409834,11.970812035605576,1.7796363839443057e+18,1.779644711476456e+18
1779639998887902932,11.88,1.5325,609.075,42.18364977218283,19.2675,46.44237498243985,11.971836497721828,1.7796363626576737e+18,1.779644741218763e+18
1779639999288304437,11.884,1.4625,220.325,42.252199887395506,19.2675,46.46732014991079,11.972521998873955,1.7796363425132173e+18,1.7796447693634191e+18
1779639999688746955,11.888,1.4975,672.375,42.30979693700913,19.0575,46.48836338875556,11.973097969370091,1.7796363233369388e+18,1.7796447961537213e+18
1779640000089102198,11.892,1.5175,413.525,42.35257613718996,18.8125,46.503874554553164,11.9735257613719,1.7796363048803092e+18,1.7796448219370322e+18
1779640000489451778,11.9,1.4975,1261.975,42.397656263991585,18.584999999999997,46.5203070735219,11.973976562639915,1.7796362871946317e+18,1.779644846641814e+18
1779640000889930333,11.904,1.4825,574.425,42.43379161434088,18.305,46.53347877470034,11.974337916143408,1.7796362701290388e+18,1.7796448704789391e+18
1779640001290287799,11.896,1.4625,114.6,42.453985646034305,18.0425,46.540815339298696,11.974539856460343,1.7796362534023852e+18,1.779644893841199e+18
1779640001690659557,11.904,1.4825,349.725,42.480036850634946,18.0425,46.55032987916278,11.974800368506349,1.7796362371249815e+18,1.7796449165746e+18
1779640002090988104,11.884,2.0825,1067.275,42.504081838859804,17.7975,46.55903776865508,11.975040818388598,1.7796362212646415e+18,1.7796449387241664e+18
1779640002491484242,11.836,3.2325,1618.65,42.52711501224546,17.587500000000002,46.56716500717808,11.975271150122454,1.7796362058064645e+18,1.7796449603107822e+18
1779640002891838963,11.848,3.015,24.525,42.54302483737568,17.36,46.572681234682506,11.975430248373756,1.779636190623311e+18,1.779644981512058e+18
1779640003292221065,11.74,5.6825,74.825,42.56525521555698,17.36,46.57908835772745,11.97565255215557,1.779636175833538e+18,1.7796450021627796e+18
1779640003692516579,11.808,3.7325,228.325,42.57391210393539,17.2025,46.582060718095896,11.975739121039354,1.7796361611888182e+18,1.7796450226097354e+18
1779640004092902598,11.676,7.015,696.775,42.583245919000774,17.045,46.58338599018965,11.975832459190007,1.7796351730872077e+18,1.7796463582409106e+18
1779640004493235190,11.28,15.665,487.975,42.58816597907231,17.045,46.578462476916435,11.975881659790723,1.779634841749111e+18,1.7796468065089057e+18
1779640004893659049,11.012,21.415,1489.175,42.5827112469068,16.974999999999998,46.56714502945846,11.975827112469068,1.779634518592967e+18,1.7796472437036618e+18
1779640005293947333,10.584,31.165,1267.8,42.56686856726805,17.01,46.53707284606887,11.97566868567268,1.7796341889955886e+18,1.7796476895956595e+18
1779640005694244037,11.036,20.015,592.2,42.55124717341136,17.2375,46.53342259495315,11.975512471734113,1.7796338547753114e+18,1.779648141732221e+18
1779640006094740558,11.072,18.115,168.85,42.51583914254688,17.5175,46.53412634762862,11.975158391425468,1.7796335085960993e+18,1.7796486100544486e+18
1779640006495126372,10.504,32.015,515.275,42.49015968852483,17.5175,46.517060805114184,11.974901596885248,1.7796331515441216e+18,1.7796490930886828e+18
1779640006895466825,10.312,35.4975,1572.475,42.47155186735682,17.6925,46.5155194540326,11.974715518673568,1.779632785756427e+18,1.7796495879435635e+18
1779640007295667778,10.116,41.415,1522.0,42.41712040397971,17.9725,46.460687670999334,11.974171204039797,1.7796324086355535e+18,1.7796500981917176e+18
1779640007695910864,10.04,42.4825,1367.975,42.36756264201784,18.27,46.422337206970965,11.973675626420178,1.7796320233165716e+18,1.7796506195902756e+18
1779640008096101955,10.164,39.15,897.925,42.332171532991865,18.5325,46.40603829205854,11.973321715329918,1.7796316284518917e+18,1.7796511539605005e+18
1779640008496263143,10.16,39.05,1101.825,42.30238890273068,18.795,46.39597961779146,11.973023889027306,1.7796312276433206e+18,1.7796516964370903e+18
1779640008896604035,10.108,40.1825,85.7,42.27428709888798,19.0925,46.38634310684938,11.97274287098888,1.7796308231266836e+18,1.7796522440055631e+18
1779640009697192095,10.2,38.2475,798.1,42.23958023661247,19.32,46.37345895535153,11.972395802366124,1.779630408921874e+18,1.779652804771414e+18
1779640010097624508,10.128,38.7675,797.2,42.220529734995374,19.53,46.386862082635126,11.972205297349953,1.7796299957741158e+18,1.7796533641803587e+18
1779640010898314401,10.652,26.1825,786.05,42.18275961328708,19.88,46.403582280817524,11.97182759613287,1.7796295842940037e+18,1.7796539214733294e+18
1779640011298804976,11.716,1.4975,760.425,42.00104495769914,19.7925,46.33957220842811,11.970010449576991,1.779629148596958e+18,1.7796545119630392e+18
1779640011699061632,11.764,1.5475,682.225,41.85561538173908,19.74,46.2884673858151,11.96855615381739,1.779628697305927e+18,1.7796551239679506e+18
1779640012099445894,11.792,1.5175,443.575,41.72618095500121,19.162499999999998,46.24291129094516,11.967261809550012,1.779628240052545e+18,1.7796557444813501e+18
1779640012499871404,11.812,1.4975,1353.675,41.61059062693274,18.6375,46.20229315728694,11.966105906269327,1.7796277874301612e+18,1.7796563591856353e+18
1779640012900299037,11.824,1.4975,854.275,41.507097715607465,18.6375,46.165874104357265,11.965070977156074,1.7796273371497016e+18,1.779656971178217e+18
1779640013300629457,11.836,1.4625,968.625,41.41018369828723,18.235,46.13171176553553,11.964101836982872,1.7796268879310267e+18,1.7796575821981379e+18
1779640014101289884,11.852,1.4975,744.175,41.326480805936804,17.8675,46.102237217464534,11.963264808059368,1.779626444288563e+18,1.7796581861406241e+18
1779640014501808144,11.864,1.4625,632.625,41.25079502807937,17.849999999999998,46.075573228909725,11.962507950280793,1.7796260132613074e+18,1.7796587734692434e+18
1779640014902223504,11.872,1.4475,292.2,41.17600227839548,17.849999999999998,46.04926550940572,11.961760022783954,1.7796255943219638e+18,1.7796593449064957e+18
1779640015302639281,11.876,1.5325,891.7,41.10739921614299,17.814999999999998,46.02515762342931,11.96107399216143,1.7796251802778097e+18,1.779659910171127e+18
1779640015703090983,11.88,1.4325,1082.85,41.041128124257526,17.675,46.00178308473836,11.960411281242575,1.7796247809412221e+18,1.7796604559914806e+18
1779640016103636786,11.888,1.5175,27.775,40.97984615176222,17.605,45.980205350088625,11.959798461517622,1.7796244104768701e+18,1.7796609631825385e+18
1779640016503923718,11.896,1.4825,84.75,40.92235556098162,17.605,45.959994760848595,11.959223555609816,1.779624008376452e+18,1.7796615136279864e+18
1779640016904202761,11.888,1.615,258.625,40.8633704397864,17.325,45.93925281292979,11.958633704397863,1.7796235642022236e+18,1.7796621215133865e+18
1779640017304647047,11.824,2.9325,789.25,40.796607005003644,16.87,45.91573288266383,11.957966070050036,1.7796230411253893e+18,1.7796628368003738e+18
1779640017704812716,11.784,4.015,770.175,40.738414055169294,16.415000000000003,45.89495243095538,11.957384140551692,1.7796224562963901e+18,1.7796636363286671e+18
1779640019506390462,10.26,38.9175,1630.775,40.638279686438096,16.135,45.82231944321125,11.95638279686438,1.7796217823395656e+18,1.7796645575203625e+18
1779640019906756401,10.3,37.0325,61.525,40.555763465609964,16.135,45.77742559447464,11.955557634656099,1.7796210427864876e+18,1.779665568491108e+18
1779640020307027580,10.044,42.765,187.75,40.46711140420061,16.3275,45.725801992627,11.954671114042005,1.7796202166057925e+18,1.7796666979043297e+18
1779640021307528506,10.052,42.1325,110.1,40.38539436843407,16.87,45.68780816166735,11.95385394368434,1.7796193205711662e+18,1.7796679231709558e+18
1779640021707883607,10.0,44.0825,335.975,40.281216778602015,16.87,45.62583680306563,11.95281216778602,1.7796182885254154e+18,1.7796693342719808e+18
1779640022108321644,9.984,42.835,1025.3,40.22084931935087,17.1675,45.61308754662773,11.952208493193508,1.7796171269023424e+18,1.7796709225126162e+18
1779640022508633177,10.32,35.28,1490.55,40.163479557103585,17.5,45.60340523788285,11.951634795571035,1.7796158153884472e+18,1.7796727156873462e+18
1779640023109150745,10.048,42.1675,1271.975,40.08892133578975,17.814999999999998,45.57797636280711,11.950889213357897,1.7796143004549064e+18,1.7796747868896161e+18
1779640023909821184,9.868,45.7475,207.75,40.06651521780405,18.462500000000002,45.582789350594126,11.95066515217804,1.7796125894009902e+18,1.7796771262792003e+18
1779640024310248592,9.908,45.45,634.0,40.036310151899244,18.462500000000002,45.57885059302738,11.950363101518992,1.7796105795341642e+18,1.779679873800401e+18
1779640024710364621,10.12,39.085,296.4,40.04461842779229,18.8825,45.61099638129015,11.950446184277922,1.779608294146633e+18,1.779682998004196e+18
1779640025110687066,10.48,30.715,904.525,40.04284038433848,19.1975,45.6413328033278,11.950428403843384,1.7796055948157898e+18,1.7796866876887823e+18
1779640025510745291,10.004,42.9,1121.975,40.03510275355385,19.477500000000003,45.641266297850215,11.950351027535538,1.7796020202214113e+18,1.7796915713739487e+18
1779640025910998064,10.152,38.5,147.175,40.09259671904864,19.775000000000002,45.67434299402535,11.950925967190486,1.7795975984737052e+18,1.779697611528878e+18
1779640026311197204,10.176,38.2,449.125,40.12545411882314,20.0725,45.69530894094907,11.95125454118823,1.7795919574307932e+18,1.7797053163511206e+18
1779640026711803786,10.132,39.2175,1370.6,40.14039490944171,20.4225,45.70953064401875,11.951403949094416,1.779584515700945e+18,1.77971547984201e+18
1779640027111983675,10.232,37.265,905.925,40.13920916680128,20.6325,45.71432023874819,11.951392091668012,1.7795743217126633e+18,1.779729401714725e+18
1779640027512351719,10.26,35.5825,1126.25,40.13735974831466,20.9475,45.73341076782121,11.951373597483146,1.7795592073232338e+18,1.7797500420808133e+18
1779640027912742890,10.336,34.7325,160.225,40.1172990007646,21.245,45.734842369523896,11.951172990007645,1.7795339799650355e+18,1.779784490737826e+18
1779640028313111462,10.252,35.915,488.95,40.10065018092256,21.4025,45.746497005965985,11.951006501809225,1.779470888961085e+18,1.779870625860245e+18
1779640028913638016,10.216,37.4325,1492.15,40.06957366943894,21.560000000000002,45.74352571267611,11.950695736694389,1.7791320542190077e+18,1.780333189002758e+18
1779640029313987786,10.212,37.5325,1276.875,40.03351248959884,21.7,45.73864714570079,11.950335124895988,1.7800745650084547e+18,1.7790465310660692e+18
1779640029714340111,10.26,35.815,253.375,40.00180400241163,21.84,45.7435956927244,11.950018040024116,1.7797866236805683e+18,1.7794396156677304e+18
1779640030114714340,11.712,1.4625,773.225,39.86362421354271,21.98,45.68158518004597,11.948090738989597,1.7797256846423532e+18,1.7795228083316874e+18
1779640030514948190,11.756,1.4325,721.275,39.750744159869164,21.8225,45.63069710749108,11.946510418238168,1.7796996883551951e+18,1.7795582985603763e+18
1779640030915088441,11.784,1.4625,562.75,39.650980653649,21.560000000000002,45.58581004746316,11.945113729151085,1.7796854585149724e+18,1.7795777254755876e+18
1779640031315479488,11.796,1.4325,78.975,39.56022219141628,21.2975,45.544958284097014,11.943843110679827,1.7796765576532006e+18,1.7795898772543173e+18
1779640032116113400,11.824,1.4825,735.45,39.486212882665995,20.8075,45.51195458541259,11.942806980357323,1.7796704758344381e+18,1.7795981805321405e+18
1779640032516360358,11.836,1.4825,606.0,39.41627962722774,20.439999999999998,45.480722962780426,11.941827914781188,1.7796661080468252e+18,1.7796041436969495e+18
1779640032916638772,11.84,1.4825,210.95,39.34920701696126,20.23,45.452521022110396,11.940888898237457,1.7796628142222792e+18,1.7796086406497016e+18
1779640033316949217,11.856,1.4325,643.75,39.29648821780795,20.23,45.42954585884585,11.94015083504931,1.7796602567684664e+18,1.7796121322677414e+18
1779640033717250291,11.856,1.4325,326.15,39.245232141896714,19.915000000000003,45.41296496492238,11.939433249986553,1.7796582204683133e+18,1.779614912340578e+18
1779640034117629502,11.868,1.4825,995.325,39.217361907734556,19.6175,45.40996478740841,11.939043066708283,1.7796565740780475e+18,1.7796171600547387e+18
1779640034517945165,11.868,1.4625,1399.075,39.201201310728564,19.425,45.40459698075153,11.9388168183502,1.779655221364583e+18,1.7796190067951729e+18
1779640034918131280,11.872,1.4825,992.825,39.17289182589273,19.11,45.399466266517386,11.938420485562498,1.7796540876649935e+18,1.7796205544845804e+18
1779640035318438327,11.876,1.5325,1391.45,39.168015810537945,18.97,45.40683105730563,11.93835222134753,1.7796531296242537e+18,1.77962186233912e+18
1779640035718764120,11.88,1.5475,969.55,39.17267620804154,18.97,45.41071518711839,11.93841746691258,1.779652316542898e+18,1.7796229722314394e+18
1779640036119020757,11.888,1.4325,1320.425,39.17973840529824,18.497500000000002,45.415739058701334,11.938516337674175,1.779651620038656e+18,1.7796239229070712e+18
1779640036519292975,11.896,1.4975,752.8,39.19342022998299,18.165000000000003,45.42525983005381,11.938707883219761,1.7796510191800678e+18,1.779624742945693e+18
1779640036919627299,11.896,1.5175,658.95,39.2087245135003,18.025000000000002,45.43193740827384,11.938922143189004,1.7796504968838103e+18,1.7796254556718676e+18
1779640037320051178,11.9,1.4825,372.55,39.22676867152076,17.849999999999998,45.43693349794839,11.93917476140129,1.7796500402779538e+18,1.7796260786584794e+18
1779640037720197153,11.904,1.4975,1136.925,39.24671413739814,17.849999999999998,45.44378729799514,11.939453997923573,1.779649640335409e+18,1.7796266242124104e+18
1779640038120569646,11.908,1.5175,192.8,39.2739550872229,17.57,45.44647906346772,11.93983537122112,1.7796492881956088e+18,1.779627104448139e+18
1779640038520827175,11.908,1.4475,588.375,39.29796068611612,17.412499999999998,45.45201558243574,11.940171449605625,1.7796489761569613e+18,1.7796275298824806e+18
1779640038921139057,11.908,1.4975,157.175,39.322896409551674,17.290000000000003,45.45449925516197,11.940520549733723,1.7796486992569444e+18,1.7796279072823677e+18
1779640039321837901,11.912,1.4825,479.65,39.34849182802703,17.290000000000003,45.46008199537689,11.940878885592378,1.779648453384243e+18,1.7796282422528236e+18
1779640039722275123,11.912,1.4625,1463.775,39.37421444859277,17.1675,45.465622371334454,11.941239002280298,1.7796482347310077e+18,1.7796285399904428e+18
1779640040122974096,11.92,1.4825,1190.275,39.40666430477596,17.0975,45.471493837790256,11.941693300266863,1.7796480398337257e+18,1.7796288052389686e+18
1779640040523767477,11.92,1.4625,355.625,39.441621581297184,17.0975,45.47697582078743,11.94218270213816,1.779647867105701e+18,1.779629040147442e+18
1779640040924267832,11.924,1.4975,1085.275,39.47362118261143,16.974999999999998,45.48689835786703,11.94263069655656,1.7796477148845005e+18,1.7796292469647954e+18
1779640041325118220,11.924,1.4625,35.175,39.51797899828331,16.852500000000003,45.50624946547805,11.943251705975966,1.7796475804311547e+18,1.7796294294615867e+18
1779640041725874503,11.924,1.5475,107.325,39.55440974136333,16.747500000000002,45.52210154021014,11.943761736379086,1.7796474602960338e+18,1.7796295923650104e+18
1779640042126646151,11.924,1.4475,327.525,39.584608822199726,16.747500000000002,45.53528594401562,11.944184523510796,1.7796473539749053e+18,1.77962973633468e+18
1779640042527001355,11.928,1.4825,999.525,39.60921014387681,16.555,45.546026930204846,11.944528942014275,1.7796472575140636e+18,1.7796298668146353e+18
1779640042927278383,11.932,1.5175,1411.9,39.638342469417296,16.485,45.558718449110955,11.944936794571841,1.7796471702754609e+18,1.779629984678073e+18
1779640043528042301,11.932,1.5325,1031.975,39.654688421023906,16.485,45.56586811552122,11.945165637894334,1.7796470874610924e+18,1.779630096541267e+18
1779640043928443548,11.932,1.5175,1510.925,39.673525821404795,16.310000000000002,45.574080696021895,11.945429361499666,1.7796470097194683e+18,1.7796302015003113e+18
1779640044328849714,11.936,1.4825,1334.175,39.689727170703634,15.995000000000001,45.58116125512091,11.94565618038985,1.779646933259532e+18,1.7796303048043528e+18
1779640044729174594,11.928,1.73,794.775,39.70585882269296,15.995000000000001,45.58809406316487,11.9458820235177,1.7796468584651116e+18,1.7796304059166574e+18
1779640045129648595,11.748,5.95,787.05,39.72228228388157,15.680000000000001,45.5923128669255,11.946111951974341,1.779646785581315e+18,1.7796305044922522e+18
1779640045530407003,11.856,3.08,763.475,39.722409160317525,15.680000000000001,45.59169753751472,11.946113728244445,1.7796466560338012e+18,1.7796306819206372e+18
1779640045930676961,11.804,4.1,691.525,39.71779229415285,15.4525,45.588655225151804,11.94604909211814,1.779646531769982e+18,1.7796308521426268e+18
1779640046330927521,11.776,4.7675,471.95,39.7137720129281,15.19,45.58552790925916,11.945992808180993,1.779646412674076e+18,1.7796310153115666e+18
1779640046731310009,11.772,5.03,1440.275,39.70641571747785,15.19,45.58058734843045,11.94588982004469,1.779646298358105e+18,1.7796311719540296e+18
1779640047131587241,11.82,3.65,1118.55,39.69109622212659,14.875,45.573132188261866,11.945675347109772,1.779646186394602e+18,1.779631325430454e+18
1779640047531953058,10.708,29.0675,136.725,39.65747230652178,14.735,45.53685971935836,11.945204612291304,1.7796460774044472e+18,1.7796314748471514e+18
1779640047932280351,11.092,18.95,417.25,39.61779206025498,14.735,45.51920979414788,11.944649088843569,1.779645971174817e+18,1.7796316204895734e+18
1779640048332715619,10.568,30.7825,1273.325,39.581921205204864,14.7525,45.4985796099956,11.944146896872867,1.7796458657648015e+18,1.779631765066279e+18
1779640048732981466,10.52,31.7325,609.075,39.542706154732585,14.927499999999998,45.47848086361256,11.943597886166256,1.7796457612221998e+18,1.7796319085069704e+18
1779640049133142072,10.456,33.1,220.325,39.53163139543972,14.927499999999998,45.49525560182353,11.943442839536155,1.7796456592531223e+18,1.7796320484696735e+18
1779640049533446543,10.568,30.115,672.375,39.52624009171474,15.469999999999999,45.512902518353116,11.943367361284006,1.7796455608428165e+18,1.7796321835827087e+18
1779640050133827181,10.548,29.8675,413.525,39.520802160804976,15.819999999999999,45.5263829717189,11.943291230251269,1.7796454653351706e+18,1.779632314755908e+18
1779640050534223750,10.616,27.935,1261.975,39.51239922071203,15.924999999999999,45.54647377007283,11.943173589089968,1.7796453739070986e+18,1.7796324403368218e+18
1779640050934629093,10.58,28.5975,574.425,39.50871110243166,15.924999999999999,45.562323724509596,11.943121955434043,1.7796452857056497e+18,1.7796325615163067e+18
1779640051334743951,10.668,26.365,114.6,39.5014006325787,16.24,45.577827934602894,11.943019608856101,1.7796452006072118e+18,1.7796326784570964e+18
1779640051735038903,11.328,10.6,349.725,39.45056425414501,16.537499999999998,45.56620789444116,11.94230789955803,1.7796451171752724e+18,1.7796327931109076e+18
1779640052135429798,10.812,23.215,1067.275,39.440347050078074,16.537499999999998,45.57549643164697,11.942164858701092,1.779645036203884e+18,1.7796329044143754e+18
1779640052735730312,10.508,30.9675,1618.65,39.43992148773195,16.537499999999998,45.581855158545785,11.942158900828247,1.7796449579988595e+18,1.7796330119469527e+18
1779640053136080095,10.524,30.5,24.525,39.4424593348356,16.8175,45.587004886274286,11.942194430687698,1.7796448826993275e+18,1.779633115511938e+18
1779640053536276902,10.656,26.485,74.825,39.44187548008261,17.1675,45.59823116943907,11.942186256721156,1.7796448097843325e+18,1.7796332158300564e+18
1779640053936586790,10.556,29.25,228.325,39.443338273787944,17.4475,45.608967788631276,11.94220673583303,1.7796447392583526e+18,1.7796333128928696e+18
1779640054336877188,10.612,27.435,696.775,39.44452680954461,17.4475,45.620840412253166,11.942223375333624,1.7796446711374154e+18,1.7796334066730744e+18
1779640054737322601,10.616,28.25,487.975,39.446490083433346,17.7625,45.62726188682582,11.942250861168066,1.779644605326283e+18,1.7796334973005793e+18
1779640055137872043,10.8,23.4825,1489.175,39.446252811879575,18.095,45.63429886937683,11.942247539366313,1.7796445344806287e+18,1.779633595073716e+18
1779640055538709699,10.392,32.9,1267.8,39.44945797533486,18.41,45.64695967515765,11.942292411654687,1.7796444615268065e+18,1.779633695896311e+18
1779640055939478645,10.252,36.1,592.2,39.484330930138086,18.655,45.66831671478338,11.942780633021933,1.7796443886610944e+18,1.7796337967195607e+18
1779640056340280150,10.256,36.18,168.85,39.52519200141625,19.040000000000003,45.69516234044836,11.943352688019827,1.7796443168567813e+18,1.7796338961797435e+18
1779640056740728496,10.312,34.78,515.275,39.55191451353885,19.39,45.716984297350436,11.943726803189543,1.7796442464010906e+18,1.7796339938548605e+18
1779640057141162852,10.848,21.65,1572.475,39.54314267603473,19.67,45.72973584331917,11.943603997464486,1.7796441766947507e+18,1.7796340905488607e+18
1779640057541620258,11.456,8.1825,1522.0,39.49807824051146,19.7925,45.715615807115555,11.94297309536716,1.7796441073927414e+18,1.779634186711047e+18
1779640057942279074,11.764,1.5175,1367.975,39.44967024931471,19.705,45.693465442267836,11.942295383490405,1.7796440389754102e+18,1.7796342816652498e+18
1779640058342764991,11.792,1.5175,897.925,39.40534781000498,19.705,45.67400936693354,11.94167486934007,1.7796439717852357e+18,1.7796343749322706e+18
1779640058743228951,11.804,1.4625,1101.825,39.365068611999945,19.459999999999997,45.65670785029138,11.941110960567999,1.7796439059314404e+18,1.779634466361822e+18
1779640059143889212,11.82,1.5175,85.7,39.3382860933241,19.145,45.644971847664955,11.940736005306537,1.7796438418969252e+18,1.7796345552865994e+18
1779640059544314756,11.832,1.5175,261.525,39.32549049385878,18.865,45.63894678094455,11.940556866914022,1.7796437800040568e+18,1.7796346412608794e+18
1779640059944503901,11.84,1.4325,798.1,39.2991113936266,18.6375,45.62837650191941,11.940187559510772,1.7796437200301332e+18,1.7796347245849275e+18
1779640060344916086,11.852,1.5175,797.2,39.28555393568555,18.6375,45.62308276283292,11.939997755099597,1.7796436621315543e+18,1.7796348050451318e+18
1779640060745329027,11.852,1.5325,794.45,39.2868687176085,18.4275,45.62320652952324,11.940016162046518,1.7796436065259041e+18,1.7796348823436634e+18
1779640061145951012,11.864,1.4975,786.05,39.283798013984175,18.375,45.62185616522847,11.939973172195778,1.7796435532175977e+18,1.7796349564662966e+18
1779640061546620732,11.872,1.5325,760.425,39.28202243276434,18.3925,45.62120121011507,11.9399483140587,1.7796435020465467e+18,1.7796350276360914e+18
1779640061947138576,11.872,1.5175,682.225,39.272160421389565,18.147499999999997,45.61740838954538,11.939810245899453,1.779643453018028e+18,1.7796350958351232e+18
1779640062347272830,11.884,1.4975,443.575,39.27298337021091,18.147499999999997,45.61798301523952,11.939821767182952,1.7796434061252513e+18,1.779635161077931e+18
1779640062947620796,11.884,1.4625,1353.675,39.26457401721295,17.9025,45.61529982238967,11.93970403624098,1.7796433612569508e+18,1.7796352235116447e+18
1779640063347960673,11.892,1.5175,854.275,39.26461311076738,17.6925,45.61614343310228,11.939704583550743,1.7796433184022812e+18,1.7796352831537556e+18
1779640063748325631,11.892,1.4825,968.625,39.2687303482693,17.535,45.61818503597605,11.93976222487577,1.7796432775129324e+18,1.7796353400720924e+18
1779640064148481770,11.896,1.4975,1317.6,39.268527164403245,17.535,45.61845265168438,11.939759380301645,1.7796432383849807e+18,1.7796353945484209e+18
1779640064548837592,11.904,1.5325,744.175,39.27644259512339,17.0975,45.62184095748949,11.939870196331727,1.7796432011638774e+18,1.7796354463795446e+18
1779640064949229662,11.904,1.5325,632.625,39.27896026022671,16.834999999999997,45.622948426925674,11.939905443643173,1.7796431656304607e+18,1.7796354958684e+18
1779640065349694163,11.904,1.5475,292.2,39.27376049268699,16.747500000000002,45.620859838723284,11.939832646897617,1.779643131700645e+18,1.779635543125396e+18
1779640065750089900,11.908,1.5325,891.7,39.27050637604874,16.747500000000002,45.61953061701472,11.939787089264682,1.779643099239569e+18,1.7796355883404884e+18
1779640066150435377,11.916,1.5975,1082.85,39.27094348549364,16.45,45.621009113840344,11.93979320879691,1.779643068353996e+18,1.779635631362236e+18
1779640066550853766,11.912,1.4475,27.775,39.26497310744138,16.24,45.61991522046025,11.939709623504179,1.7796430387977638e+18,1.7796356725326991e+18
1779640066950916379,11.916,1.4625,84.75,39.26658886253021,16.24,45.62214249764814,11.939732244075422,1.7796430107419162e+18,1.7796357116120282e+18
1779640067351203073,11.92,1.5175,258.625,39.27789295988298,15.924999999999999,45.63592740618357,11.939890501438361,1.7796429840963784e+18,1.779635748732298e+18
1779640067751554214,11.768,5.2175,789.25,39.30028462055034,15.924999999999999,45.65647677541351,11.940203984687704,1.7796429590666394e+18,1.7796357836063588e+18
1779640068151822610,11.836,2.9325,770.175,39.31147770402134,15.7675,45.67225649435676,11.940360687856298,1.7796429354188762e+18,1.779635816555747e+18
1779640068552100454,11.804,3.8825,711.975,39.328787666148514,15.715,45.68543177682966,11.940603027326079,1.7796429131857818e+18,1.7796358475355197e+18
1779640068952362912,11.62,8.3825,534.375,39.354408109074825,15.575000000000001,45.6954692239498,11.940961713527047,1.7796428923825295e+18,1.7796358765270031e+18
1779640069352702200,11.472,11.2825,1630.775,39.37409511350111,15.575000000000001,45.694930060826856,11.941237331589015,1.779642872901881e+18,1.7796359036760392e+18
1779640069753352431,11.8,3.6825,61.525,39.426938051772844,15.645,45.708668283761085,11.94197713272482,1.7796428550759032e+18,1.7796359285293875e+18
1779640070154031745,11.42,12.2475,187.75,39.44247824314074,15.487499999999999,45.71727417003121,11.94219469540397,1.7796428384112876e+18,1.779635951761618e+18
1779640070554533260,11.704,5.2475,572.95,39.447726707803234,15.487499999999999,45.73028991459601,11.942268173909245,1.77964282275298e+18,1.7796359735848282e+18
1779640070954989405,11.496,10.1,110.1,39.46083345450225,15.4175,45.75090179623526,11.94245166836303,1.779642808105781e+18,1.7796359939956739e+18
1779640071355579153,11.78,3.15,335.975,39.45596421230309,15.2775,45.75957263420164,11.942383498972243,1.77964279398722e+18,1.7796360136688266e+18
1779640071755980698,10.872,24.8975,1025.3,39.50320555855551,15.2775,45.74895558941969,11.943044877819776,1.779642780674605e+18,1.7796360322418207e+18
1779640072156759869,11.272,14.1475,1490.55,39.54071159506925,15.084999999999999,45.764526951254474,11.943569962330969,1.7796427680517174e+18,1.7796360498724124e+18
1779640072557516467,11.216,16.0675,1271.975,39.56284093721427,15.1725,45.76858162646344,11.943879773121,1.7796427558966735e+18,1.7796360668660012e+18
1779640072957763974,10.76,27.38,604.95,39.59001589706465,15.1725,45.75799392598782,11.944260222558905,1.779642744137838e+18,1.7796360833271962e+18
1779640073358438080,10.396,34.45,207.75,39.611261655234806,15.260000000000002,45.75889014892509,11.944557663173287,1.7796427327983892e+18,1.7796360992181478e+18
1779640073758879376,10.556,29.8325,634.0,39.62494500120538,15.487499999999999,45.77055131892945,11.944749230016875,1.7796427215770176e+18,1.7796361149638781e+18
1779640074159678144,10.544,29.735,296.4,39.63094733639591,15.487499999999999,45.78286055658479,11.944833262709542,1.7796427104332163e+18,1.7796361306170404e+18
1779640074560303615,10.304,35.4,904.525,39.63523533761249,15.697500000000002,45.79054990480492,11.944893294726574,1.7796426995664996e+18,1.779636145890909e+18
1779640074960592855,10.04,41.5175,1121.975,39.63436524682831,15.802499999999998,45.79146384877141,11.944881113455596,1.7796426888642872e+18,1.7796361609428357e+18
1779640075361326920,10.044,40.0,147.175,39.638437711311916,16.099999999999998,45.81547418875444,11.944938127958366,1.7796426783589181e+18,1.7796361757293655e+18
1779640075761867338,9.992,42.9975,449.125,39.62428171006172,16.099999999999998,45.80368124802875,11.944739943940863,1.779642667813072e+18,1.779636190578521e+18
1779640076162636453,9.872,46.3825,1370.6,39.59711970303961,16.4675,45.77343428364827,11.944359675842554,1.7796426571691722e+18,1.7796362055647767e+18
1779640076563298770,10.008,42.6825,905.925,39.57576736352672,17.325,45.758758956707595,11.944060743089373,1.7796426464732493e+18,1.779636220626114e+18
1779640076963595767,10.452,31.215,1126.25,39.55207643539369,16.765,45.763840880390894,11.943729070095511,1.7796426357200353e+18,1.779636235768855e+18
1779640077363878529,10.016,42.5325,160.225,39.52670157671276,16.765,45.747217790382486,11.943373822073978,1.7796426249207342e+18,1.7796362509761334e+18
1779640077764072513,9.956,44.235,488.95,39.495147183212744,16.9575,45.72228387252335,11.942932060564978,1.7796426140284045e+18,1.7796362663117332e+18
1779640078164353178,10.048,39.515,1492.15,39.48039935443842,17.290000000000003,45.742230907742254,11.942725590962137,1.779642603265674e+18,1.779636281467702e+18
1779640078764845569,10.096,39.585,1276.875,39.46153892044569,17.78,45.74518204037174,11.942461544886239,1.779642592597627e+18,1.7796362964923766e+18
1779640079165135996,10.076,41.015,619.9,39.439055244034606,18.2,45.73395831644699,11.942146773416484,1.779642581962068e+18,1.7796363114711741e+18
1779640079565466500,10.072,40.965,253.375,39.415645985947336,18.655,45.72397657299653,11.941819043803262,1.7796425713132833e+18,1.779636326469303e+18
1779640079965701121,10.232,37.5175,773.225,39.3911623862109,19.215,45.71302857653699,11.941476273406952,1.7796425606610557e+18,1.7796363414722307e+18
1779640080365881890,10.112,40.3175,721.275,39.357455289216944,19.599999999999998,45.696398434095336,11.941004374049037,1.7796425499443218e+18,1.7796363565623764e+18
1779640080766191862,10.132,40.05,562.75,39.32757469385461,19.599999999999998,45.68002395351926,11.940586045713964,1.7796425391794435e+18,1.7796363717188534e+18
1779640081166514034,10.116,39.565,78.975,39.29485064080747,20.002499999999998,45.673828739213704,11.940127908971304,1.7796425282998167e+18,1.7796363870360755e+18
1779640081566906939,10.08,40.515,241.0,39.26520260584756,20.352500000000003,45.66944701226217,11.939712836481865,1.7796425173726817e+18,1.7796364024195187e+18
1779640081967272691,10.132,39.6825,735.45,39.25745219020432,20.7025,45.66559980595646,11.93960433066286,1.7796425065861998e+18,1.7796364176115034e+18
1779640082367581160,10.128,39.615,606.0,39.27474687896505,20.93,45.67263388321751,11.93984645630551,1.7796424961461952e+18,1.779636432330092e+18
1779640082767830928,10.164,39.1825,210.95,39.25776396428224,21.209999999999997,45.663204848710265,11.93960869549995,1.7796424845970785e+18,1.7796364486516977e+18
1779640083168143158,11.704,1.4975,643.75,39.12900017890837,21.4375,45.61861458677439,11.937806002504717,1.7796424713592722e+18,1.7796364673483884e+18
1779640083568458103,11.748,1.5475,326.15,39.042500762731926,21.42,45.587732885844034,11.936595010678246,1.7796424569639588e+18,1.7796364876827305e+18
1779640083968720616,11.772,1.5175,995.325,38.977935019253,21.245,45.56401161345696,11.935691090269541,1.7796424417762245e+18,1.7796365091435236e+18
1779640084368977667,11.792,1.4475,1399.075,38.930436721798685,21.0525,45.544924541518704,11.935026114105181,1.779642426092035e+18,1.7796365313154383e+18
1779640084769428654,11.804,1.4975,992.825,38.892638034622124,20.8075,45.529707018130246,11.93449693248471,1.7796424100435402e+18,1.779636554014546e+18
1779640085169939710,11.82,1.5475,1391.45,38.86186630239086,20.790000000000003,45.52370919487651,11.934066128233471,1.7796423938299597e+18,1.7796365769580723e+18
1779640085570685390,11.828,1.5825,969.55,38.84053226092182,20.6675,45.51657695087683,11.933767451652905,1.7796423775488177e+18,1.7796366000109578e+18
1779640085971329400,11.84,1.4475,1320.425,38.826795965544726,20.51,45.50812977870798,11.933575143517626,1.7796423612978557e+18,1.7796366230364265e+18
1779640086371945802,11.844,1.4825,752.8,38.81782524444252,20.37,45.50125378329124,11.933449553422195,1.7796423452065083e+18,1.779636645849922e+18
1779640086772280785,11.856,1.4825,658.95,38.810714091232875,20.37,45.499903929045004,11.93334999727726,1.7796423293077862e+18,1.779636668404417e+18
1779640087172897859,11.856,1.4975,372.55,38.80709811701238,20.212500000000002,45.49695896608429,11.933299373638173,1.7796423136820913e+18,1.77963669058508e+18
1779640087573361246,11.864,1.5175,1136.925,38.8180086374322,20.09,45.49284572960594,11.93345212092405,1.7796422984347476e+18,1.7796367122466952e+18
1779640087973933937,11.868,1.5325,192.8,38.830551972694096,19.845,45.49119254891396,11.933627727617717,1.7796422835477967e+18,1.779636733415256e+18
1779640088374466948,11.872,1.4825,588.375,38.83642984092623,19.6525,45.49017068972405,11.933710017772967,1.779642269020003e+18,1.7796367540881057e+18
1779640089175697495,11.884,1.5325,479.65,38.8593996263541,19.477500000000003,45.492205409208594,11.934031594768957,1.7796422550486318e+18,1.7796367739907203e+18
1779640089576376509,11.884,1.4625,1463.775,38.889665591640345,19.25,45.49775026204375,11.934455318282964,1.779642241652433e+18,1.7796367930952512e+18
1779640089976914997,11.888,1.5325,1190.275,38.90438212251681,18.9875,45.50036524953659,11.934661349715235,1.7796422287916772e+18,1.7796368114497723e+18
1779640090377203036,11.888,1.5475,355.625,38.91897413294687,18.7075,45.50386256647287,11.934865637861256,1.7796422163904253e+18,1.7796368291639974e+18
1779640090777523719,11.896,1.4975,1085.275,38.93721250140186,18.5325,45.50687685186566,11.935120975019625,1.7796422044603054e+18,1.7796368462212575e+18
1779640091178141745,11.896,1.415,35.175,38.957864687890805,18.5325,45.533455961956754,11.93541010563047,1.7796421930090058e+18,1.779636862610596e+18
1779640091578821847,11.9,1.5325,107.325,38.9800797343771,18.287499999999998,45.5534754129029,11.935721116281279,1.7796421820254172e+18,1.779636878347911e+18
1779640091979396554,11.908,1.5325,327.525,39.005851392199254,17.9375,45.5732445607533,11.936081919490789,1.7796421700498516e+18,1.77963689555677e+18
1779640092379737734,11.904,1.5325,999.525,39.027984300990305,17.849999999999998,45.5877478316223,11.936391780213864,1.7796421585164828e+18,1.7796369121500224e+18
1779640092780122777,11.908,1.5675,1411.9,39.049819753784384,17.849999999999998,45.59284999178997,11.93669747655298,1.7796421473624174e+18,1.7796369282180774e+18
1779640093180321259,11.908,1.5175,1031.975,39.072869577041054,17.64,45.60803699536659,11.937020174078574,1.779642136572185e+18,1.7796369437832003e+18
1779640093981066574,11.912,1.5175,1334.175,39.09868499389732,17.1675,45.62740066224122,11.937381589914562,1.7796421261365594e+18,1.7796369588630508e+18
1779640094381372030,11.916,1.5175,794.775,39.125407262410846,17.1675,45.643387288313775,11.937755701673751,1.7796421160252961e+18,1.779636973497674e+18
1779640094781723554,11.92,1.4975,787.05,39.1515497439769,16.8875,45.653961198047334,11.938121696415676,1.7796421061876047e+18,1.7796369877600292e+18
1779640095182009049,11.92,1.4825,763.475,39.174968300754244,16.625,45.64751272915458,11.938449556210559,1.7796420965911224e+18,1.779637001695262e+18
1779640095582385806,11.928,1.4825,691.525,39.202896752134876,16.45,45.64918329838065,11.938840554529888,1.7796420873025551e+18,1.779637015207691e+18
1779640095982652424,11.928,1.4475,471.95,39.23195375618397,16.45,45.66583782176793,11.939247352586575,1.779642078311049e+18,1.7796370283129764e+18
1779640096382992052,11.928,1.4975,1440.275,39.26505930012154,16.099999999999998,45.69592516094962,11.939710830201701,1.779642069636482e+18,1.7796370409833902e+18
1779640096783390501,11.924,1.4825,1118.55,39.29058683990693,15.697500000000002,45.70317969420331,11.940068215758696,1.7796420612060068e+18,1.7796370533208504e+18
1779640097183699483,11.928,1.4475,136.725,39.31855026214831,15.697500000000002,45.71796461333297,11.940459703670076,1.7796420530676332e+18,1.7796370652558461e+18
1779640097584048327,11.928,1.5175,417.25,39.34681597879304,15.382499999999999,45.72198544898735,11.940855423703102,1.7796420452739707e+18,1.7796370767124142e+18
1779640097984308760,11.912,1.865,1273.325,39.37478926260921,15.382499999999999,45.73848121674328,11.941247049676528,1.7796420377422602e+18,1.7796370878092682e+18
1779640098384750068,11.82,4.05,609.075,39.4043520735201,15.067499999999999,45.753718884074985,11.94166092902928,1.7796420305557878e+18,1.779637098426217e+18
1779640098785685252,11.708,6.1675,220.325,39.42469633808413,14.84,45.76479080218509,11.941945748733177,1.779642023581904e+18,1.7796371087507937e+18
1779640099185927300,10.96,23.75,672.375,39.44046817828979,14.84,45.75812119118036,11.942166554496056,1.7796420167975706e+18,1.77963711881408e+18
1779640099586423681,11.364,13.1975,413.525,39.448050783526696,14.735,45.75708246112853,11.942272710969373,1.7796420101374067e+18,1.7796371287074985e+18
1779640099987062121,11.1,18.7325,1261.975,39.45072957323523,15.015,45.7492648395499,11.942310214025293,1.7796420033681362e+18,1.7796371387700127e+18
1779640100387242961,10.904,23.3825,574.425,39.45534463824817,15.015,45.7464053765028,11.942374824935474,1.779641996784316e+18,1.7796371485726454e+18
1779640100787777972,10.9,23.235,114.6,39.458441670614604,15.260000000000002,45.74456231376158,11.942418183388604,1.7796419902875535e+18,1.7796371582571249e+18
1779640101188152508,10.668,27.33,349.725,39.53014147853368,15.645,45.77652730679501,11.94342198069947,1.7796419842287183e+18,1.7796371673413332e+18
1779640101588743558,10.412,34.0825,1067.275,39.58641318540829,15.645,45.79077707723159,11.944209784595715,1.7796419785190684e+18,1.7796371759471552e+18
1779640101989145938,10.476,31.7825,1618.65,39.62946419286856,16.1175,45.8116181101026,11.94481249870016,1.7796419731224463e+18,1.7796371841214013e+18
1779640102389419759,10.772,24.635,24.525,39.65360657754003,16.625,45.83051257863125,11.94515049208556,1.779641967885809e+18,1.779637192078417e+18
1779640102789748057,10.752,26.1,74.825,39.67551366992589,16.939999999999998,45.83874064583756,11.945457191378962,1.7796419628070664e+18,1.7796371998198986e+18
1779640103190120970,10.024,42.815,228.325,39.68711671848239,16.939999999999998,45.8286319138497,11.945619634058753,1.7796419578411548e+18,1.779637207406894e+18
1779640103590384402,9.964,43.615,696.775,39.69947403281699,17.395,45.82741621712651,11.945792636459437,1.7796419529848343e+18,1.7796372148443026e+18
1779640103990781636,10.308,35.5825,487.975,39.71002244746769,17.8675,45.8337327932922,11.945940314264547,1.7796419481956849e+18,1.7796372221933816e+18
1779640104390998118,10.26,36.3825,1489.175,39.71903627548019,18.2,45.842761608003165,11.946066507856722,1.77964194348695e+18,1.7796372294338176e+18
1779640104791302844,10.276,36.1325,1267.8,39.722542582537976,18.497500000000002,45.84810393370359,11.946115596155531,1.7796419388278991e+18,1.7796372366080858e+18
1779640105191659362,9.944,44.7675,592.2,39.71070878243116,18.7775,45.82552261511133,11.945949922954036,1.7796419341034808e+18,1.779637243878127e+18
1779640105592009810,10.036,42.3,168.85,39.70378505110118,19.11,45.81338022405951,11.945852990715416,1.7796419287582876e+18,1.7796372520625702e+18
1779640106192348585,10.1,40.2325,1572.475,39.69848086572213,19.39,45.81208126788173,11.94577873212011,1.7796419230371492e+18,1.779637260805074e+18
1779640106592667119,10.064,39.8025,1522.0,39.69651545124792,19.7225,45.828883172441216,11.94575121631747,1.7796419170217787e+18,1.77963726998508e+18
1779640106992907730,10.164,38.6,1367.975,39.685523758900246,20.037499999999998,45.828180403816766,11.945597332624603,1.77964191077483e+18,1.7796372795066132e+18
1779640107393056297,10.144,39.3675,897.925,39.671224009089826,20.352500000000003,45.82173853272678,11.945397136127257,1.7796419043026504e+18,1.779637289359101e+18
1779640107793305121,10.16,38.2325,1101.825,39.66444354868791,20.685000000000002,45.82840329732964,11.94530220968163,1.7796418977458094e+18,1.779637299340231e+18
1779640108193515518,10.18,38.15,85.7,39.651362578948515,20.9475,45.82787383417772,11.945119076105279,1.7796418910892052e+18,1.779637309468619e+18
1779640108593748694,10.156,37.3675,261.525,39.63796929665933,21.227500000000003,45.8431925103252,11.94493157015323,1.7796418843378432e+18,1.7796373197369098e+18
1779640108994045441,10.02,41.1175,798.1,39.62270051257944,21.525000000000002,45.84930173471022,11.944717807176112,1.779641877523554e+18,1.7796373300975378e+18
1779640109394415511,10.212,36.3825,797.2,39.60384294980908,22.26,45.858731461385354,11.944453801297326,1.7796418706544177e+18,1.7796373405371517e+18
1779640109794811112,10.26,35.5675,794.45,39.57840636788868,22.05,45.863512114871064,11.944097689150441,1.7796418637431124e+18,1.7796373510343188e+18
1779640110195081604,10.316,34.35,786.05,39.56068553708694,22.05,45.86947943378851,11.943849597519216,1.7796418568370877e+18,1.7796373615226714e+18
1779640110595349094,10.332,34.1675,760.425,39.535845902968966,22.2075,45.872148463213684,11.943501842641565,1.779641849907354e+18,1.7796373720419277e+18
1779640110995805229,11.712,1.4625,682.225,39.42665296235525,22.295,45.834564081483165,11.941973141472973,1.7796418430408425e+18,1.7796373824273454e+18
1779640111395891459,11.752,1.4975,443.575,39.34828826106996,22.295,45.81103628197071,11.940876035654979,1.779641836239983e+18,1.7796373926893407e+18
1779640111796267077,11.776,1.4475,1353.675,39.29057303776946,22.015,45.80341383733748,11.940068022528772,1.7796418295687194e+18,1.7796374027428877e+18
1779640112196629022,11.792,1.3975,854.275,39.24142382711687,21.8225,45.78574329331792,11.939379933579636,1.7796418229829197e+18,1.7796374126570097e+18
1779640112596976908,11.804,1.4975,968.625,39.215169112980654,21.647499999999997,45.77088572317439,11.939012367581729,1.7796418166326705e+18,1.779637422220846e+18
1779640112997400213,11.82,1.5325,1317.6,39.18774841749792,21.4375,45.76690716661295,11.93862847784497,1.77964181056915e+18,1.7796374313595794e+18
1779640113397502233,11.824,1.4625,744.175,39.16207706473336,21.227500000000003,45.756336676092786,11.938269078906266,1.779641804652279e+18,1.7796374402784335e+18
1779640113797769190,11.84,1.5475,632.625,39.15637036993461,21.0525,45.77571735797644,11.938189185179084,1.7796417989385792e+18,1.7796374489022666e+18
1779640114198040832,11.84,1.4825,292.2,39.14686727641502,20.86,45.78634283686026,11.93805614186981,1.7796417933745231e+18,1.7796374573083868e+18
1779640114598340723,11.848,1.5325,891.7,39.13803401481475,20.685000000000002,45.7881779525999,11.937932476207406,1.7796417879763187e+18,1.779637465472916e+18
1779640114998792923,11.856,1.4625,1082.85,39.13108100736382,20.474999999999998,45.78835882345836,11.937835134103093,1.7796417827262487e+18,1.7796374734226808e+18
1779640115399244173,11.86,1.4325,27.775,39.12577800602989,20.265,45.78929715796529,11.937760892084418,1.7796417775986726e+18,1.7796374811961472e+18
1779640115799715597,11.864,1.4475,84.75,39.12293132588393,20.265,45.792104852099,11.937721038562374,1.7796417726050537e+18,1.7796374887772058e+18
1779640116199989949,11.868,1.5475,258.625,39.12063343726829,20.02,45.780938663457334,11.937688868121755,1.7796417677873994e+18,1.7796374961049736e+18
1779640116600275898,11.876,1.4825,789.25,39.13396646487166,19.845,45.76895902234302,11.937875530508203,1.7796417631248238e+18,1.779637503215357e+18
1779640117000825083,11.88,1.4625,770.175,39.21651246475993,19.425,45.801520754804,11.939031174506638,1.779641758907045e+18,1.7796375097073953e+18
1779640117401130508,11.884,1.4475,711.975,39.27510011260814,19.215,45.824591984795546,11.939851401576513,1.7796417550208707e+18,1.779637515738034e+18
1779640117801530864,11.888,1.5325,534.375,39.32420601122576,18.9525,45.843942984034165,11.94053888415716,1.779641751432034e+18,1.7796375213534966e+18
1779640118201915349,11.892,1.4625,1630.775,39.36405983036635,18.9525,45.85966748377023,11.941096837625128,1.7796417480848404e+18,1.779637526632033e+18
1779640118602244737,11.892,1.5175,61.525,39.399079962579904,18.655,45.87347704934182,11.941587119476118,1.7796417449685722e+18,1.7796375315871048e+18
1779640119002688294,11.9,1.5475,187.75,39.43358849259997,18.445,45.88708744581533,11.942070238896399,1.7796417420721674e+18,1.779637536234524e+18
1779640119403095316,11.868,2.265,572.95,39.45926549232044,18.1125,45.89703350566781,11.942429716892486,1.7796417393548943e+18,1.7796375406307635e+18
1779640119803353449,11.768,4.48,110.1,39.479424923831104,18.1125,45.90424950622428,11.942711948933635,1.7796417367780557e+18,1.7796375448307515e+18
1779640120203881752,11.84,2.9175,335.975,39.49679424165134,17.8675,45.91075585314201,11.942955119383118,1.7796417343275773e+18,1.7796375488540175e+18
1779640120604476875,11.7,5.7675,1025.3,39.50471343863827,17.709999999999997,45.9131398365088,11.943065988140935,1.7796417320065848e+18,1.7796375526918628e+18
1779640121004831655,11.72,5.3475,1490.55,39.51342064139099,17.5175,45.91589081142589,11.943187888979473,1.779641729792222e+18,1.7796375563784115e+18
1779640121405198708,11.416,12.815,1271.975,39.526264629726235,17.535,45.91543536089515,11.943367704816167,1.7796417276511232e+18,1.77963755996481e+18
1779640121805600362,10.768,28.0325,604.95,39.52527266598283,17.535,45.891422867270585,11.943353817323759,1.779641725623787e+18,1.7796375633850737e+18
1779640122205935048,10.828,24.4825,207.75,39.51674409734282,17.6925,45.88655547407056,11.943234417362799,1.7796417237428577e+18,1.7796375665874698e+18
1779640122606355226,11.34,12.0,634.0,39.49074860539153,18.060000000000002,45.88074456866129,11.94287048047548,1.7796417219431718e+18,1.7796375696617316e+18
1779640123406918758,10.416,34.78,296.4,39.47689352016106,18.34,45.85773685037297,11.942676509282254,1.7796417204062433e+18,1.779637572347295e+18
1779640123807145889,10.284,36.4975,904.525,39.4855017421382,18.7425,45.88703610349508,11.942797024389934,1.7796417191140854e+18,1.779637574675158e+18
1779640124207314199,10.26,37.3675,1121.975,39.48682724530397,19.1975,45.89435804603701,11.942815581434255,1.7796417180563443e+18,1.7796375766575196e+18
1779640124607676690,10.464,32.0,147.175,39.496702916984646,19.6175,45.921605004360394,11.942953840837784,1.779641717279282e+18,1.779637578228725e+18
1779640125007809248,10.656,26.535,449.125,39.495854577693514,19.985,45.949129088594766,11.942941964087709,1.7796417167242583e+18,1.779637579471488e+18
1779640125407999257,10.432,32.7325,1370.6,39.511172078653836,20.3175,45.985278888760895,11.943156409101153,1.779641716483556e+18,1.7796375802546488e+18
1779640125808199587,10.304,35.385,905.925,39.513448788231656,20.615,45.99301135213575,11.943188283035242,1.779641716501154e+18,1.7796375806561052e+18
1779640126208469329,10.296,34.1975,1126.25,39.51509203505395,20.772499999999997,46.01314300426265,11.943211288490755,1.7796417167456077e+18,1.779637580722238e+18
1779640126608821901,10.376,32.6475,160.225,39.52209717794612,21.175,46.047283841214536,11.943309360491245,1.7796417172120873e+18,1.7796375804622162e+18
1779640127009041205,10.428,32.1825,488.95,39.52880572500379,21.455,46.06971631090881,11.943403280150052,1.7796417179426332e+18,1.7796375798130074e+18
1779640127409302194,10.356,34.265,1492.15,39.54198239433151,21.735,46.09867160628709,11.94358775352064,1.779641718928202e+18,1.779637578790808e+18
1779640127809697056,10.408,33.0,1276.875,39.539643588667204,22.0325,46.0946631438284,11.94355501024134,1.7796417200435274e+18,1.7796375775756767e+18
1779640128209849049,10.496,30.315,619.9,39.539231205625455,22.26,46.09491748640296,11.943549236878756,1.7796417212267978e+18,1.7796375762605473e+18
1779640128610009036,10.568,27.5475,253.375,39.53762199633049,22.4525,46.130359383838176,11.943526707948626,1.7796417225136678e+18,1.7796375747916326e+18
1779640129410390009,10.752,23.7,721.275,39.52167326053447,22.959999999999997,46.137294582346904,11.943303425647482,1.779641723870214e+18,1.7796375732184394e+18
1779640129810599801,11.772,1.4975,78.975,39.46768568488916,22.9075,46.113460397120384,11.942547599588448,1.779641724867217e+18,1.7796375721617242e+18
1779640130210879364,11.788,1.4975,241.0,39.42299671193486,22.89,46.094275083057596,11.941921953967087,1.77964172561068e+18,1.7796375714672732e+18
1779640130611103244,11.8,1.4975,735.45,39.386075442591924,22.82,46.08139720944559,11.941405056196286,1.7796417261773765e+18,1.779637571023804e+18
1779640131011344060,11.816,1.4475,606.0,39.35331836452195,22.68,46.055254510754246,11.940946457103307,1.779641726642319e+18,1.7796375707210862e+18
1779640131411653611,11.828,1.4975,210.95,39.33066598736924,22.715,46.04427886713082,11.940629323823169,1.7796417271053176e+18,1.7796375704141517e+18
1779640131811870297,11.836,1.5175,643.75,39.31068427692031,22.4175,46.025160379197075,11.940349579876884,1.7796417278707315e+18,1.7796375696489467e+18
1779640132212074923,11.844,1.415,326.15,39.2948099314592,22.224999999999998,46.01804346308744,11.940127339040428,1.7796417288859113e+18,1.779637568505633e+18
1779640132612286884,11.848,1.4825,995.325,39.28277849450149,22.12,46.012715442367515,11.93995889892302,1.7796417301474872e+18,1.7796375669905871e+18
1779640133212851590,11.86,1.4475,1399.075,39.273911073441205,22.12,45.998762858617,11.939834755028176,1.77964173167488e+18,1.7796375650781074e+18
1779640133613025409,11.864,1.4975,992.825,39.350172209784574,21.997500000000002,46.03057492992961,11.940902410936983,1.7796417337458742e+18,1.7796375623845722e+18
1779640134013236473,11.868,1.4825,1391.45,39.40697689447675,21.8925,46.05430361354285,11.941697676522674,1.7796417362590272e+18,1.7796375590533996e+18
1779640134413464044,11.868,1.5175,969.55,39.449940149892406,21.6825,46.07222682656526,11.942299162098493,1.7796417391368484e+18,1.77963755519459e+18
1779640134813744941,11.88,1.4825,1320.425,39.492824725402045,21.5075,46.090136872039004,11.942899546155628,1.779641742379788e+18,1.7796375508071547e+18
1779640135414136382,11.88,1.615,752.8,39.52361480134234,21.2975,46.102955204289785,11.943330607218792,1.779641745962887e+18,1.7796375459256594e+18
1779640135814348561,11.884,1.5175,658.95,39.54822555590653,21.2975,46.11320903362233,11.94367515778269,1.7796417498325798e+18,1.7796375406252823e+18
1779640136214693652,11.888,1.4825,372.55,39.57204181953938,21.0525,46.12313520486804,11.94400858547355,1.7796417539884536e+18,1.779637534906025e+18
1779640136614931395,11.892,1.5175,192.8,39.59185767040852,20.4925,46.13139865006466,11.944286007385719,1.7796417584375168e+18,1.7796375287556058e+18
1779640137015456298,11.896,1.415,588.375,39.61134176931817,20.212500000000002,46.139540474181786,11.944558784770454,1.7796417631111255e+18,1.7796375222765934e+18
1779640138015991776,11.9,1.4975,479.65,39.627557179797925,19.7925,46.14629548648774,11.94478580051717,1.7796417681062328e+18,1.7796375153294605e+18
1779640138416157718,11.9,1.4625,1463.775,39.64344580064778,19.7925,46.15292369884853,11.945008241209068,1.7796417732921457e+18,1.7796375081025697e+18
1779640138816346300,11.908,1.5175,1190.275,39.662091368223926,19.6175,46.16068431084215,11.945269279155134,1.7796417785907581e+18,1.7796375007142036e+18
1779640139216646489,11.908,1.4625,355.625,39.6763770968915,19.4425,46.16664474731651,11.94546927935648,1.779641784072202e+18,1.7796374930572383e+18
1779640139616833305,11.912,1.4475,1085.275,39.6899892893947,19.162499999999998,46.17233247716448,11.945659850051525,1.7796417896493627e+18,1.7796374852620838e+18
1779640140017067195,11.912,1.4825,35.175,39.70303588710837,18.8825,46.17776609403574,11.945842502419517,1.7796417952677494e+18,1.779637477410296e+18
1779640140417196408,11.916,1.4475,107.325,39.711839651460565,18.8825,46.181450061970935,11.945965755120447,1.7796418009038013e+18,1.7796374695354565e+18
1779640140817353040,11.916,1.5325,327.525,39.722084608288846,18.6725,46.185707453709846,11.946109184516043,1.7796418065636375e+18,1.7796374616290132e+18
1779640141217703853,11.92,1.4475,999.525,39.731229216369776,18.375,46.189531974643685,11.946237209029176,1.7796418122280737e+18,1.7796374537193344e+18
1779640141617997203,11.924,1.5825,1411.9,39.74302356174441,18.147499999999997,46.194403980936315,11.946402329864421,1.779641817868664e+18,1.7796374458503142e+18
1779640142018306063,11.924,1.4475,1031.975,39.74940167956015,17.9025,46.197087080807584,11.946491623513841,1.7796418234676424e+18,1.7796374380463698e+18
1779640142418627992,11.924,1.4825,1510.925,39.75812623441916,17.9025,46.20071402124414,11.946613767281868,1.7796418290026056e+18,1.7796374303422223e+18
1779640142818868615,11.924,1.4825,1334.175,39.765728574412876,17.6575,46.2038867757061,11.94672020004178,1.7796418344520504e+18,1.7796374227697674e+18
1779640143619459348,11.932,1.5175,763.475,39.776422419510574,17.045,46.20832568005568,11.946869913873147,1.7796418398825856e+18,1.7796374152353713e+18
1779640144019720148,11.92,1.815,471.95,39.78815214404231,16.52,46.21303202505872,11.947034130016592,1.779641845227271e+18,1.7796374078350582e+18
1779640144420046773,11.836,3.3325,1440.275,39.78758161925744,16.52,46.2120525750311,11.947026142669603,1.7796418504296148e+18,1.7796374006484782e+18
1779640145220921839,10.42,35.73,417.25,39.75881747160297,16.03,46.16085118432281,11.94662344460244,1.7796418553844124e+18,1.7796373938266506e+18
1779640145621435884,10.784,26.2475,1273.325,39.73980392952428,16.1175,46.14179942863694,11.94635725501334,1.7796418600115745e+18,1.7796373874892887e+18
1779640146021895385,10.052,43.55,609.075,39.6942140210627,16.345,46.07916936391695,11.945718996294877,1.7796418642500406e+18,1.7796373817166666e+18
1779640146422433456,10.62,27.6675,220.325,39.66552904061423,16.939999999999998,46.07917333655231,11.945317406568599,1.7796418680988014e+18,1.7796373765185633e+18
1779640146822758011,9.996,43.65,672.375,39.62992181963894,16.939999999999998,46.04133293481075,11.944818905474945,1.7796418714721324e+18,1.7796373720205855e+18
1779640147223246017,9.94,44.5325,413.525,39.593801213983234,17.0625,46.00942610090536,11.944313216995765,1.779641874457094e+18,1.7796373680917025e+18
1779640147623767634,10.016,43.235,1261.975,39.55261419223618,17.395,45.97078337381514,11.943736598691306,1.7796418770753992e+18,1.779637364697198e+18
1779640148024344421,10.028,43.3675,574.425,39.507430480842956,17.92,45.92484539299559,11.9431040267318,1.779641879409173e+18,1.7796373617118433e+18
1779640148424801522,9.928,45.3825,114.6,39.46158959766151,18.3225,45.88106139897432,11.94246225436726,1.779641881516619e+18,1.7796373590478733e+18
1779640149025437337,10.02,43.3975,349.725,39.41647519552555,18.3225,45.839245611844696,11.941830652737357,1.779641883511423e+18,1.779637356536938e+18
1779640149426249908,9.996,43.6,1067.275,39.372179933297865,18.8825,45.80355672741128,11.94121051906617,1.7796418854017759e+18,1.7796373541647114e+18
1779640149826865909,10.02,42.3,1618.65,39.333208470274585,19.372500000000002,45.78532725496106,11.940664918583844,1.7796418872256712e+18,1.7796373518764137e+18
1779640150227193926,10.156,39.165,24.525,39.30353541383785,19.8625,45.77153045114397,11.94024949579373,1.7796418911908933e+18,1.7796373463479619e+18
1779640150627797847,10.2,38.665,74.825,39.27518476670902,20.3175,45.75264823632545,11.939852586733926,1.779641895152841e+18,1.7796373408120138e+18
1779640151028021646,10.192,38.05,228.325,39.24930623513498,20.755,45.74554157652171,11.939490287291889,1.779641899126429e+18,1.7796373352471698e+18
1779640151628792070,10.252,36.4325,696.775,39.22004020274331,21.0175,45.74098448261936,11.939080562838406,1.7796419031432356e+18,1.7796373296066191e+18
1779640152029113595,10.22,36.3325,487.975,39.19853359442406,21.314999999999998,45.74809217762187,11.938779470321936,1.7796419073302303e+18,1.7796373236998244e+18
1779640152429292332,10.272,35.9825,1489.175,39.192244479365364,21.647499999999997,45.77134449815258,11.938691422711114,1.7796419116829325e+18,1.7796373175402289e+18
1779640152829442984,10.32,34.465,1267.8,39.18786549606432,21.84,45.78238478746559,11.9386301169449,1.779641916194921e+18,1.7796373111382543e+18
1779640153229669178,10.296,34.7175,592.2,39.187326666248886,22.05,45.80370948243398,11.938622573327484,1.7796419210217933e+18,1.7796373042605468e+18
1779640153629776966,10.344,34.25,168.85,39.18668168373476,22.26,45.81755218829884,11.938613543572286,1.7796419261401718e+18,1.779637296942104e+18
1779640154029947793,10.432,32.915,515.275,39.186507790923116,22.4525,45.82510208478221,11.938611109072923,1.7796419315672842e+18,1.7796372891568868e+18
1779640154430138137,10.444,31.615,1522.0,39.18453274910172,23.135,45.836552752583586,11.938583458487424,1.7796419371656343e+18,1.7796372811116004e+18
1779640154830297938,10.496,30.3975,1367.975,39.183277945022795,23.2925,45.84207371066984,11.938565891230319,1.7796419429452564e+18,1.7796372727912732e+18
1779640155230901754,10.824,22.6325,897.925,39.172903005824,23.45,45.84178096762929,11.938420642081535,1.7796419487519355e+18,1.7796372644247002e+18
1779640155631273440,10.928,20.6175,1101.825,39.16243352450363,23.3625,45.83730895044041,11.93827406934305,1.7796419546577413e+18,1.7796372559028188e+18
1779640156031739004,11.384,8.8975,85.7,39.10820828744954,23.397499999999997,45.812232675583836,11.937514916024293,1.7796419604145859e+18,1.7796372475804065e+18
1779640156432115247,11.72,1.9675,261.525,39.0880164537849,23.205,45.79617052806944,11.937232230352988,1.7796419661947628e+18,1.7796372392124078e+18
1779640156832382093,11.772,1.5175,798.1,39.04685553001927,23.1525,45.769643888542326,11.93665597742027,1.7796419719062093e+18,1.7796372309285437e+18
1779640157232748196,11.784,1.4975,797.2,39.00196930604082,22.995,45.74925136297898,11.93602757028457,1.7796419775131226e+18,1.779637222781245e+18
1779640157633022536,11.8,1.4825,794.45,38.96626320538382,22.8025,45.73135340138117,11.935527684875373,1.7796419830156634e+18,1.779637214774605e+18
1779640158033157264,11.816,1.4825,786.05,38.94671406745822,22.715,45.71050602899061,11.935253996944414,1.7796419885518756e+18,1.779637206707233e+18
1779640158433563686,11.828,1.4825,760.425,38.92882794512934,22.4875,45.69437644116913,11.93500359123181,1.7796419940580662e+18,1.7796371986763502e+18
1779640158833705427,11.832,1.5325,682.225,38.91849962965777,22.3125,45.6763502360538,11.934858994815208,1.7796419996011272e+18,1.779637190584183e+18
1779640159233948675,11.84,1.4975,443.575,38.90718191271547,22.05,45.66593109244888,11.934700546778016,1.7796420051712212e+18,1.7796371824451372e+18
1779640159634132282,11.844,1.4475,1353.675,38.90462262735558,21.8575,45.65418324501925,11.934664716782978,1.7796420114448722e+18,1.7796371732377213e+18
1779640160034334614,11.852,1.4825,854.275,38.89738711580199,21.4025,45.64125797443187,11.934563419621227,1.779642018192237e+18,1.7796371633075566e+18
1779640160434759554,11.856,1.4825,968.625,38.89042384838332,21.227500000000003,45.628882937449426,11.934465933877366,1.7796420254048788e+18,1.7796371526671135e+18
1779640160834909326,11.864,1.415,1317.6,38.88627648665601,21.227500000000003,45.61953419802437,11.934407870813184,1.7796420327994086e+18,1.7796371417472502e+18
1779640161235267031,11.864,1.4325,744.175,38.883022075304936,21.1575,45.608577580650476,11.934362309054269,1.7796420402055365e+18,1.7796371308066583e+18
1779640161635380098,11.868,1.4825,632.625,38.90208904517382,20.9475,45.59982354565594,11.934629246632433,1.7796420478342185e+18,1.7796371195359805e+18
1779640162035737624,11.872,1.5325,292.2,38.94746868031042,20.895,45.61189900610975,11.935264561524345,1.7796420558954033e+18,1.779637107629204e+18
1779640162636140798,11.872,1.4975,891.7,39.000954597683474,20.72,45.63289872990329,11.936013364367568,1.779642064486409e+18,1.77963709494463e+18
1779640163036271205,11.884,1.5825,1082.85,39.048365698110416,20.5975,45.6515022390815,11.936677119773545,1.779642073421642e+18,1.7796370817586778e+18
1779640163436742942,11.884,1.4975,27.775,39.08918215078808,20.5975,45.66755962801502,11.937248550111033,1.7796420827899261e+18,1.7796370679330967e+18
1779640163837047560,11.888,1.4825,84.75,39.122356972265045,20.474999999999998,45.68058977525704,11.93771299761171,1.7796420925433341e+18,1.7796370535367951e+18
1779640164237115522,11.892,1.365,258.625,39.14888287015823,20.474999999999998,45.691024464969246,11.938084360182215,1.7796421025672704e+18,1.779637038740517e+18
1779640164637347312,11.892,1.4625,789.25,39.17559881894403,20.4225,45.70154509267053,11.938458383465216,1.7796421127884662e+18,1.7796370236557164e+18
1779640165037964468,11.892,1.4825,770.175,39.194788564995655,20.1425,45.70908499328531,11.938727039909939,1.7796421232833114e+18,1.779637008162488e+18
1779640165437844671,11.896,1.5325,711.975,39.216753015409296,20.1775,45.71770276076496,11.93903454221573,1.7796421340545475e+18,1.7796369922580078e+18
1779640165838205023,11.896,1.4475,534.375,39.23161993251013,20.125,45.72355366683669,11.939242679055141,1.7796421448553367e+18,1.7796369763140657e+18
1779640166238622467,11.9,1.5175,1630.775,39.2452616100572,19.897499999999997,45.7289095836603,11.9394336625408,1.7796421557605716e+18,1.779636960216202e+18
1779640166639156532,11.904,1.5325,61.525,39.26157738086881,19.845,45.735310758082875,11.939662083332163,1.7796421667597046e+18,1.7796369439818867e+18
1779640167039436743,11.9,1.415,187.75,39.26771938888388,19.845,45.73774086382175,11.939748071444374,1.7796421778613757e+18,1.7796369275927693e+18
1779640167439674221,11.908,1.4625,572.95,39.279725479846945,19.845,45.742465006862,11.939916156717857,1.7796421890269512e+18,1.779636911110703e+18
1779640167840013832,11.908,1.5475,110.1,39.28838313915463,19.67,45.745854353007196,11.940037363948164,1.7796422003179643e+18,1.779636894440331e+18
1779640168240224365,11.904,1.5175,335.975,39.29516492294315,19.67,45.74851115238941,11.940132308921203,1.7796422117028493e+18,1.7796368776287357e+18
1779640169441069764,11.912,1.4825,1490.55,39.3028267738674,19.6525,45.751526454304496,11.940239574834143,1.7796422232831685e+18,1.7796368605316017e+18
1779640169841361543,11.912,1.4475,1271.975,39.30492908095252,19.6525,45.75237762502047,11.940269007133335,1.7796422348828306e+18,1.7796368434042196e+18
1779640170241767875,11.916,1.4825,604.95,39.30981086340775,19.7225,45.75431066526615,11.940337352087708,1.7796422464892206e+18,1.779636826267327e+18
1779640170642041915,11.912,1.5175,207.75,39.3131364867064,19.67,45.755624641682644,11.940383910813889,1.7796422580972575e+18,1.7796368091278781e+18
1779640171042323876,11.92,1.4825,634.0,39.31802105368891,19.6175,45.757560319934626,11.940452294751644,1.7796422698120369e+18,1.7796367918266378e+18
1779640171442638849,11.916,1.5475,296.4,39.3169174747507,19.355,45.75714751534493,11.94043684464651,1.7796422815392282e+18,1.7796367745040942e+18
1779640171842926953,11.92,1.4625,904.525,39.321253690897365,18.9175,45.758849010301184,11.940497551672562,1.7796422934114806e+18,1.7796367569607178e+18
1779640172243065954,11.632,8.365,1121.975,39.32922363977181,18.9175,45.75781389144932,11.940609130956805,1.7796423053858511e+18,1.7796367392642926e+18
1779640172643457391,11.688,6.9825,147.175,39.33256226812844,18.6375,45.756146415945366,11.940655871753798,1.7796423174439327e+18,1.7796367214403502e+18
1779640173844382063,11.416,12.95,905.925,39.3251197656155,17.9375,45.748881522300266,11.940551676718616,1.779642329621039e+18,1.779636703439039e+18
1779640174244763780,10.936,23.5175,1126.25,39.322061809849686,17.9375,45.735278232905245,11.940508865337895,1.7796423417468175e+18,1.7796366855124739e+18
1779640174645104778,10.772,26.7825,160.225,39.308733798769765,17.92,45.719294707333795,11.940322273182776,1.7796423536896868e+18,1.7796366678555848e+18
1779640175446209043,10.324,36.18,1276.875,39.281909045176896,18.515,45.701688379434714,11.939946726632476,1.779642365426248e+18,1.779636650501424e+18
1779640175846746521,10.324,35.335,619.9,39.264939196381,18.865,45.69898241709248,11.939709148749333,1.7796423769237752e+18,1.779636633500482e+18
1779640176247327130,10.284,36.615,253.375,39.25037778476788,19.215,45.68890224108575,11.93950528898675,1.779642388155711e+18,1.7796366168947103e+18
1779640176647644058,10.296,35.9325,773.225,39.23661555590457,19.53,45.68731956856908,11.939312617782663,1.7796423986440696e+18,1.7796366014140882e+18
1779640177047840938,10.26,36.5175,721.275,39.23504969974974,19.897499999999997,45.68977785360924,11.939290695796496,1.7796424089130345e+18,1.7796365862659507e+18
1779640177848352181,10.352,34.7,78.975,39.22810255837544,20.405,45.68871821650564,11.939193435817256,1.7796424189831043e+18,1.77963657142095e+18
1779640178249203192,10.448,32.6325,241.0,39.23571416094501,20.405,45.69157262879662,11.93929999825323,1.7796424289958927e+18,1.7796365566663142e+18
1779640178650006712,10.42,32.465,735.45,39.22452979857023,20.72,45.70801674102108,11.939143417179983,1.7796424391191201e+18,1.7796365417351954e+18
1779640179050193715,10.476,31.065,606.0,39.22906823266949,20.965,45.71744428255777,11.939206955257372,1.7796424490082179e+18,1.7796365271629972e+18
1779640179450876195,10.54,30.05,210.95,39.22410760855395,21.175,45.72216247322326,11.939137506519755,1.7796424584506514e+18,1.7796365132689124e+18
1779640179851640526,10.508,31.2675,643.75,39.21614705447961,21.7,45.7334385821792,11.939026058762714,1.779642467863487e+18,1.779636499414251e+18
1779640180252094234,10.74,25.05,326.15,39.20860828264514,21.9275,45.747935598541474,11.938920515957031,1.7796424770702346e+18,1.7796364858689126e+18
1779640180652566635,10.608,28.2325,995.325,39.206150619552545,22.1375,45.751005058366616,11.938886108673735,1.7796424863224865e+18,1.7796364722515653e+18
1779640181052989634,11.604,4.0,1399.075,39.13493533939932,22.26,45.71866914966666,11.93788909475159,1.7796424951655473e+18,1.7796364592159212e+18
1779640181453481472,11.64,3.7825,992.825,39.07396969272329,22.0325,45.69299653220609,11.937035575698125,1.7796425034337367e+18,1.7796364470213814e+18
1779640181853942462,11.672,3.6825,1391.45,39.027164432365254,21.77,45.676274422613716,11.936380302053113,1.779642511263178e+18,1.7796364354685222e+18
1779640182254276589,11.672,4.08,969.55,38.98363065481175,21.5425,45.64111074821399,11.935770829167364,1.7796425188951268e+18,1.7796364241905551e+18
1779640183054867967,11.812,1.415,752.8,38.95600658157882,21.2625,45.63632451186489,11.935384092142103,1.7796425266981228e+18,1.7796364126381512e+18
1779640183855922573,11.828,1.5325,372.55,38.9479088959902,21.105,45.65239535918531,11.935270724543862,1.7796425347981524e+18,1.7796364006302582e+18
1779640184656337643,11.844,1.4825,192.8,38.939110857766536,20.877499999999998,45.656059133664314,11.935147552008731,1.779642543277276e+18,1.7796363880406461e+18
1779640185056666553,11.848,1.4975,588.375,38.93164642250477,20.7025,45.63893082490331,11.935043049915066,1.7796425520707154e+18,1.779636374964272e+18
1779640185457022713,11.856,1.4825,157.175,38.929179255587144,20.474999999999998,45.645513886489105,11.93500850957822,1.7796425612731725e+18,1.7796363612590502e+18
1779640185857356051,11.86,1.4625,479.65,38.93208208872152,20.2825,45.66120205079343,11.9350491492421,1.7796425709161009e+18,1.7796363468798856e+18
1779640186257682751,11.864,1.4475,1463.775,38.92124775456623,20.1075,45.62986865234264,11.934897468563927,1.7796425809392579e+18,1.7796363319101906e+18
1779640186858091092,11.868,1.4975,1190.275,38.91857661489843,19.95,45.61798818205226,11.934860072608577,1.7796425914447852e+18,1.779636316199419e+18
1779640187258352672,11.876,1.4325,355.625,38.92328690331564,19.95,45.62411774545265,11.934926016646418,1.779642602212274e+18,1.7796363000883382e+18
1779640187658510914,11.876,1.5475,1085.275,38.929704313044724,19.8625,45.62882979531624,11.935015860382626,1.7796426132554888e+18,1.7796362835568018e+18
1779640188058723145,11.884,1.4825,35.175,38.938369447303735,19.8275,45.63520381080733,11.935137172262252,1.7796426245960753e+18,1.7796362665722447e+18
1779640188459057545,11.88,1.4625,107.325,38.94591928872726,19.88,45.64422426991008,11.935242870042181,1.7796426360899924e+18,1.7796362493552978e+18
1779640188859361638,11.888,1.5475,327.525,38.95989831484653,19.915000000000003,45.65876402960976,11.93543857640785,1.7796426481172498e+18,1.779636231324809e+18
1779640189259692157,11.884,1.5975,999.525,38.9685976415907,19.845,45.65759502921,11.93556036698227,1.779642660526756e+18,1.7796362127113495e+18
1779640189860415577,11.892,1.3975,1411.9,38.97741072592755,19.845,45.65902966163131,11.935683750162985,1.7796426734408835e+18,1.7796361933295252e+18
1779640190261171738,11.892,1.5825,1031.975,38.99164170324754,19.7575,45.667818139043405,11.935882983845465,1.779642686937627e+18,1.7796361730605763e+18
1779640190661528406,11.9,1.4825,1510.925,39.00655130236844,19.6175,45.674349037035824,11.936091718233158,1.7796427008306148e+18,1.7796361521893676e+18
1779640191061845516,11.9,1.5325,1334.175,39.024082124497646,19.564999999999998,45.68810334602385,11.936337149742966,1.7796427158250634e+18,1.7796361296348575e+18
1779640191462467090,11.904,1.4625,794.775,39.1155791814416,19.5125,45.72534631278117,11.937618108540182,1.7796427327775043e+18,1.7796361041325542e+18
1779640191863066493,11.904,1.5325,787.05,39.18708183266817,19.2675,45.75436872704877,11.938619145657354,1.779642751585701e+18,1.7796360758252408e+18
1779640192263672028,11.908,1.4975,763.475,39.24933658761386,19.2675,45.77968087480197,11.939490712226593,1.7796427720076572e+18,1.7796360450788605e+18
1779640192664135477,11.908,1.3975,691.525,39.30187539245997,19.127499999999998,45.80113205500496,11.940226255494439,1.7796427938506033e+18,1.7796360121830024e+18
1779640193064322424,11.904,1.5975,471.95,39.350039617366896,18.935000000000002,45.82069348306707,11.940900554643136,1.7796428170289132e+18,1.7796359772664343e+18
1779640193464873058,11.864,2.3975,1440.275,39.387810917163975,18.76,45.83574455454024,11.941429352840295,1.7796428412955548e+18,1.7796359407017183e+18
1779640193865577326,11.828,3.1,1118.55,39.41916206643975,18.462500000000002,45.84801555132163,11.941868268930156,1.779642866712941e+18,1.7796359023887698e+18
1779640194866703760,11.448,11.6,1273.325,39.447365600324844,18.0075,45.85570143693592,11.942263118404547,1.7796428934721244e+18,1.7796358620402806e+18
1779640195266994991,11.208,16.6,609.075,39.46774946723237,17.955,45.8599813693123,11.942548492541253,1.7796429212921551e+18,1.7796358200743631e+18
1779640196068314278,11.748,3.4325,672.375,39.46021148449037,18.2,45.85761549190737,11.942442960782865,1.7796429499572849e+18,1.779635776807937e+18
1779640196469062575,11.084,18.7325,413.525,39.46864297268207,18.2,45.86097691868439,11.942561001617548,1.77964297949612e+18,1.7796357322020296e+18
1779640196869430554,11.052,19.05,1261.975,39.46952793665947,18.0775,45.86428638120737,11.942573391113232,1.779643009841258e+18,1.779635686355589e+18
1779640197269847589,11.0,19.7825,574.425,39.4649973204296,18.252499999999998,45.86879421286554,11.942509962486014,1.7796430409702218e+18,1.7796356392990024e+18
1779640197670018746,10.956,20.45,114.6,39.45766532559129,18.287499999999998,45.87481893647103,11.942407314558277,1.7796430727595274e+18,1.7796355912197647e+18
1779640198070345400,10.92,21.1475,349.725,39.44335534632701,18.252499999999998,45.87896921947532,11.942206974848578,1.7796431051126717e+18,1.7796355422606449e+18
1779640198470673869,10.608,29.7,1067.275,39.43990448355078,18.147499999999997,45.869736141590714,11.94215866276971,1.77964313804768e+18,1.7796354924020083e+18
1779640198870917420,10.348,34.315,1618.65,39.43299520827214,18.147499999999997,45.87323759843188,11.94206193291581,1.7796431711167378e+18,1.7796354423295043e+18
1779640199271215613,10.364,34.4,24.525,39.424764608235954,18.287499999999998,45.869836615268696,11.941946704515303,1.7796432048227732e+18,1.779635391268689e+18
1779640199671558162,10.336,34.4825,74.825,39.414731096866525,18.497500000000002,45.873208142602465,11.94180623535613,1.779643239064478e+18,1.7796353393736502e+18
1779640200071989544,10.208,38.3825,228.325,39.402356152660786,18.6725,45.858831552589855,11.94163298613725,1.7796432738196557e+18,1.779635286676348e+18
1779640200472294431,10.452,30.3675,696.775,39.38596710723067,18.7775,45.87788115853212,11.941403539501229,1.7796433083026813e+18,1.7796352343802386e+18
1779640200872762671,10.188,38.08,487.975,39.36819750478544,18.795,45.87265858476272,11.941154765066996,1.779643345413238e+18,1.7796351780252398e+18
1779640201272923313,10.132,39.3175,1489.175,39.352221135047934,18.900000000000002,45.86795439530625,11.94093109589067,1.7796433827543357e+18,1.779635121298807e+18
1779640201673301826,10.244,36.8675,1267.8,39.33300992420357,18.9175,45.86189801755514,11.94066213893885,1.7796434205290962e+18,1.7796350638853599e+18
1779640202073685136,10.068,40.2175,592.2,39.318027541639395,18.9175,45.86530117511945,11.940452385582951,1.779643459215923e+18,1.7796350050520468e+18
1779640202473855488,10.18,36.75,168.85,39.30272426402425,19.005,45.88188149123258,11.940238139696339,1.779643498522421e+18,1.7796349452478948e+18
1779640202874171391,10.22,35.9675,515.275,39.28375492082567,19.372500000000002,45.894758737499984,11.939972568891559,1.7796435383281766e+18,1.7796348846544717e+18
1779640203274640427,10.288,35.5475,1572.475,39.25954406943568,20.02,45.890731381663485,11.939633616972099,1.7796435786746504e+18,1.7796348232027648e+18
1779640203674879906,10.42,31.965,1522.0,39.23393448860193,20.8075,45.893705177363735,11.939275082840426,1.7796436197236193e+18,1.7796347606418458e+18
1779640204075220179,10.452,30.55,1367.975,39.20151428928148,21.4725,45.901022216815534,11.93882120004994,1.779643661866406e+18,1.779634696362424e+18
1779640204675774866,11.712,1.4975,897.925,39.08870292583643,21.8925,45.85454145715934,11.93724184096171,1.7796437036117783e+18,1.7796346325871933e+18
1779640205076091268,11.768,1.5175,85.7,39.00479466968875,21.595,45.820003141876754,11.936067125375642,1.7796437448543337e+18,1.7796345694998213e+18
1779640205476926513,11.82,1.4325,794.45,38.94863921431742,21.0175,45.796843240455516,11.935280949000443,1.7796437861247864e+18,1.779634506305798e+18
1779640205877508366,11.828,1.4625,786.05,38.89616113424547,20.895,45.77519559295025,11.934546255879436,1.779643827685082e+18,1.779634442605309e+18
1779640206278250618,11.832,1.5475,760.425,38.8462788593994,20.685000000000002,45.754676932998954,11.933847904031591,1.7796438694602947e+18,1.7796343785114604e+18
1779640206678590335,11.844,1.4475,682.225,38.800706743258196,20.6675,45.7360965926945,11.933209894405614,1.7796439118630193e+18,1.779634313394646e+18
1779640207079053935,11.848,1.4825,443.575,38.756725773681595,20.6675,45.71953117999906,11.932594160831542,1.7796439546026383e+18,1.7796342477026253e+18
1779640207479678127,11.852,1.4475,1353.675,38.72353053107445,20.4925,45.70811853016045,11.932129427435042,1.7796439978260915e+18,1.7796341812183895e+18
1779640207880065953,11.86,1.4825,854.275,38.70476611051258,20.3175,45.721599183557416,11.931866725547176,1.7796440418467702e+18,1.7796341134687155e+18
1779640208280743677,11.864,1.4975,968.625,38.69359128639218,20.2825,45.720517777639905,11.93171027800949,1.779644086600107e+18,1.7796340445634575e+18
1779640208681055910,11.868,1.4825,1317.6,38.69002762307154,20.1775,45.72265585589353,11.931660386723001,1.7796441331416916e+18,1.7796339728823104e+18
1779640209081321069,11.872,1.4825,632.625,38.68795274657325,19.88,45.72948575190912,11.931631338452025,1.7796441810676736e+18,1.7796338990484244e+18
1779640209882901519,11.884,1.5175,891.7,38.69434599101098,19.7575,45.73778903151904,11.931720843874153,1.779644230690732e+18,1.7796338225918776e+18
1779640210283405984,11.88,1.4475,1082.85,38.702881531163875,19.53,45.73823554353673,11.931840341436294,1.7796442819441633e+18,1.7796337436129006e+18
1779640210683928239,11.884,1.4975,27.775,38.71429448898548,19.18,45.75384739435361,11.932000122845796,1.7796443317014226e+18,1.779633666937494e+18
1779640211084133920,11.888,1.5675,84.75,38.72817231465913,19.11,45.75898123978229,11.932194412405227,1.77964438045722e+18,1.7796335918065298e+18
1779640211484844151,11.896,1.4825,258.625,38.74811310631551,18.9525,45.76040076632907,11.932473583488417,1.7796444289060987e+18,1.7796335171561623e+18
1779640211885401341,11.892,1.5475,789.25,38.76167100085665,18.9525,45.76887103877749,11.932663394011993,1.7796444771805955e+18,1.7796334427721014e+18
1779640212285645094,11.732,5.9,770.175,38.79942190141791,18.7075,45.80026597985932,11.93319190661985,1.7796445265111823e+18,1.779633366786614e+18
1779640212886174229,11.624,7.8825,711.975,38.8247444459471,18.7075,45.81844706298856,11.933546422243259,1.779644576802426e+18,1.7796332893357804e+18
1779640213286394068,11.696,6.0825,534.375,38.84210203548599,18.3225,45.82530765530807,11.933789428496803,1.7796446278856937e+18,1.7796332106690063e+18
1779640213686859057,11.828,2.9825,1630.775,38.85592729441859,18.2,45.82841726615592,11.93398298212186,1.7796446798852e+18,1.7796331305906276e+18
1779640214087100092,11.652,6.915,61.525,38.86967678677646,18.2,45.83159906584747,11.93417547501487,1.7796447329729759e+18,1.779633048835043e+18
1779640214687607758,11.648,6.88,187.75,38.89396688270576,17.92,45.86559205233205,11.93451553635788,1.7796447878579233e+18,1.7796329643223007e+18
1779640215087870154,11.304,14.6825,572.95,38.91270256110128,17.8325,45.88434105052848,11.934777835855417,1.779644848315796e+18,1.779632871210617e+18
1779640215488146364,10.916,22.8825,110.1,38.91857477346894,17.6925,45.88453048595206,11.934860046828565,1.7796449132034092e+18,1.7796327712487708e+18
1779640215888527566,10.96,22.1325,335.975,38.918409827046325,17.6925,45.85924219859695,11.934857737578648,1.7796449822565924e+18,1.779632664835883e+18
1779640216288923045,10.58,30.9325,1025.3,38.918562829349725,17.6925,45.84038353282661,11.934859879610896,1.7796450552674396e+18,1.779632552292031e+18
1779640216689144727,10.176,39.6,1490.55,38.912677221343685,17.727500000000003,45.82169785367733,11.934777481098811,1.7796451323748603e+18,1.7796324333932285e+18
1779640217089401216,10.368,34.7175,1271.975,38.90862893260732,18.0425,45.803629027790585,11.934720805056502,1.779645213610584e+18,1.7796323080909788e+18
1779640217489619192,10.3,36.5825,604.95,38.90414842108578,18.2175,45.78472973976947,11.9346580778952,1.779645298643117e+18,1.7796321768953846e+18
1779640217889678366,10.304,35.815,207.75,38.89651490171437,18.497500000000002,45.754056362001705,11.934551208624,1.7796453878337759e+18,1.7796320392418982e+18
1779640218289939760,10.084,40.2475,634.0,38.892430230196524,18.76,45.74266141943754,11.93449402322275,1.7796454815417797e+18,1.7796318945780124e+18
1779640218690177912,10.104,39.515,296.4,38.890576695085855,18.8125,45.730305143575166,11.934468073731201,1.7796455801485158e+18,1.7796317423151785e+18
1779640219090439603,10.1,40.2175,904.525,38.88647251388538,19.075,45.71051247512593,11.934410615194395,1.7796456836047913e+18,1.779631582524321e+18
1779640219490779849,10.056,40.2175,1121.975,38.889858203066325,19.337500000000002,45.71158677506479,11.934458014842928,1.7796457929043267e+18,1.779631413677394e+18
1779640219891201464,10.332,34.6325,147.175,38.88900228268008,19.3025,45.70443703654309,11.93444603195752,1.7796459076596127e+18,1.7796312363656236e+18
1779640220291562326,11.284,9.815,449.125,38.89404100932299,19.3025,45.723226274260284,11.934516574130521,1.779646028611133e+18,1.7796310494504922e+18
1779640220691833680,11.536,5.6975,1370.6,38.89190136662873,19.215,45.72806506169715,11.934486619132802,1.7796461556438208e+18,1.7796308530971348e+18
1779640221092007027,11.74,1.415,905.925,38.87369742470318,18.76,45.72036119682392,11.934231763945844,1.7796462877754734e+18,1.779630648797471e+18
1779640221492313757,11.768,1.6325,1126.25,38.867623432390886,18.497500000000002,45.71801055547802,11.934146728053472,1.7796464254305528e+18,1.7796304359109164e+18
1779640221892607774,11.788,1.5175,160.225,38.86036169264727,17.9725,45.714976411293605,11.934045063697061,1.7796465689046326e+18,1.7796302139755968e+18
1779640222292913058,11.812,1.4975,1492.15,38.85569965494332,17.535,45.71300351714108,11.933979795169206,1.779646717503961e+18,1.7796299840669153e+18
1779640222693252668,11.824,1.4325,1276.875,38.85501474898204,17.115,45.71270223052233,11.933970206485748,1.7796468723757292e+18,1.7796297444138844e+18
1779640223493793840,11.816,2.18,253.375,38.857573198616414,16.6775,45.71388899514171,11.93400602478063,1.779647034789579e+18,1.779629493058771e+18
1779640223894293430,11.828,2.115,773.225,38.86584734874819,16.275000000000002,45.717425615633395,11.934121862882474,1.7796472029598804e+18,1.7796292327700255e+18
1779640224294835604,11.732,4.1975,721.275,38.869112449535265,15.837500000000002,45.719065854320846,11.934167574293493,1.779647377121577e+18,1.7796289631737185e+18
1779640224694996118,11.78,2.9675,562.75,38.8660811638129,15.837500000000002,45.71806392134689,11.93412513629338,1.7796475581570954e+18,1.779628682889938e+18
1779640225095245443,11.764,3.6,78.975,38.86777994216289,15.382499999999999,45.71889967604254,11.93414891919028,1.7796477473098307e+18,1.7796283899999022e+18
1779640225495579689,11.08,20.0975,241.0,38.881405214556025,15.067499999999999,45.712787896816515,11.934339673003784,1.779647946323041e+18,1.7796280818254797e+18
1779640225895957753,10.972,21.5825,735.45,38.883050695631994,15.067499999999999,45.7087030792089,11.934362709738847,1.779648153636188e+18,1.7796277607490483e+18
1779640226296161987,10.948,21.465,606.0,38.87758484765434,15.102500000000001,45.70740526638344,11.93428618786716,1.7796483711872445e+18,1.7796274237596396e+18
1779640226696446354,10.864,23.1,210.95,38.86944379021182,15.084999999999999,45.7069793106063,11.934172213062965,1.7796485968559828e+18,1.7796270741227674e+18
1779640227096726179,10.8,25.2975,643.75,38.86355330561027,15.084999999999999,45.699378365708284,11.934089746278543,1.7796488163775447e+18,1.7796267339501169e+18
1779640227496917142,10.404,34.0825,326.15,38.85006907672923,15.2075,45.68508985511363,11.933900967074209,1.779649030960418e+18,1.7796264013534333e+18
1779640227897089976,10.888,22.0825,995.325,38.83184557574265,15.4525,45.684583129206175,11.933645838060396,1.7796492402682742e+18,1.7796260768429414e+18
1779640228297485932,10.144,39.8825,1399.075,38.81282992141428,15.4525,45.6648368399181,11.9333796188998,1.7796494443485453e+18,1.7796257603429256e+18
1779640228697790716,10.056,41.7,992.825,38.78889332100279,15.487499999999999,45.644734536971804,11.933044506494038,1.7796496426903928e+18,1.7796254526327273e+18
1779640229098038315,10.036,41.78,1391.45,38.76785530717843,15.785,45.632454355848786,11.932749974300497,1.779649835196423e+18,1.7796251538699354e+18
1779640229498215056,9.968,42.4325,969.55,38.75477296006018,16.135,45.638452364520326,11.932566821440842,1.7796500229774223e+18,1.7796248623455427e+18
1779640229898411857,10.144,38.8675,1320.425,38.73651951258057,16.135,45.63616887118582,11.932311273176127,1.779650206013868e+18,1.7796245780843732e+18
1779640230298625116,10.088,38.95,752.8,38.7310927750661,16.502499999999998,45.65690410346788,11.932235298850925,1.779650385408421e+18,1.7796242994108257e+18
1779640230698977688,10.164,37.2825,658.95,38.72279844255119,17.185000000000002,45.67491375908797,11.932119178195716,1.7796505608697715e+18,1.779624026770208e+18
1779640231099313155,10.168,38.185,372.55,38.70210343515492,17.9725,45.679273789135706,11.931829448092168,1.7796507299861356e+18,1.7796237638700037e+18
1779640231499510770,10.164,37.8825,1136.925,38.69799547855489,17.709999999999997,45.71544315669575,11.931771936699768,1.7796508954024886e+18,1.7796235066546816e+18
1779640231899839988,9.912,43.8825,192.8,38.698715975154286,18.147499999999997,45.72359568440995,11.93178202365216,1.7796510579462712e+18,1.7796232538559337e+18
1779640232300090971,9.896,44.05,588.375,38.71806675633375,18.147499999999997,45.73542362641632,11.932052934588672,1.779651220106688e+18,1.7796230016672668e+18
1779640232700313411,9.976,42.5675,157.175,38.72264981401644,18.55,45.7608950408257,11.93211709739623,1.7796513774681436e+18,1.7796227568993428e+18
1779640233100628260,10.052,39.915,479.65,38.730957091398494,19.005,45.787570289097275,11.932233399279578,1.7796515316455363e+18,1.7796225170602035e+18
1779640233500790441,10.028,41.5825,1463.775,38.73419170010116,19.372500000000002,45.80038013492978,11.932278683801416,1.779651671650799e+18,1.779622299170085e+18
1779640233901093086,10.024,41.4825,1190.275,38.735475728303015,19.635,45.80296810464125,11.932296660196242,1.7796518009321362e+18,1.7796220978977907e+18
1779640234301391255,10.02,41.5175,355.625,38.74344138177077,19.95,45.797311125903086,11.93240817934479,1.7796519187094436e+18,1.779621914479511e+18
1779640234701832725,10.008,41.95,1085.275,38.743935130133096,20.23,45.79821749220574,11.932415091821863,1.779652023548313e+18,1.779621751117913e+18
1779640235102046487,10.08,41.0325,35.175,38.73996060717346,20.51,45.78598073876183,11.932359448500428,1.779652109690671e+18,1.779621616751143e+18
1779640235502420206,10.084,38.7825,107.325,38.74558087081511,20.7375,45.79145370702656,11.932438132191411,1.7796521871510659e+18,1.7796214958671542e+18
1779640235902835041,10.252,35.28,327.525,38.7484202097396,21.0175,45.794822442690084,11.932477882936354,1.7796522555469832e+18,1.779621389054957e+18
1779640236303155671,11.648,1.4625,999.525,38.634951829667536,21.1925,45.74150290433459,11.930889325615345,1.7796522861979604e+18,1.7796213404882688e+18
1779640236703405727,11.72,1.4975,1411.9,38.560840767657595,21.07,45.70966229381788,11.929851770747206,1.779652297734988e+18,1.7796213213697928e+18
1779640237103655995,11.74,1.4475,1031.975,38.496937782726526,20.877499999999998,45.68043570432846,11.92895712895817,1.7796522907528783e+18,1.7796213308213043e+18
1779640237504071911,11.764,1.4475,1510.925,38.44829875840445,20.877499999999998,45.64939314684565,11.928276182617662,1.7796522765178243e+18,1.7796213513992906e+18
1779640238304444304,11.792,1.4825,794.775,38.422391184340476,20.545,45.616761805785046,11.927913476580766,1.779652257722385e+18,1.779621378998634e+18
1779640238704894080,11.804,1.5175,787.05,38.40892579679606,20.37,45.5938241103476,11.927724961155144,1.779652235932155e+18,1.779621411228015e+18
1779640239105059682,11.812,1.4325,763.475,38.427603833564234,20.125,45.60127513399713,11.927986453669899,1.7796522312610286e+18,1.779621416927664e+18
1779640239505348833,11.816,1.4975,691.525,38.44176441374239,20.037499999999998,45.60694477956526,11.928184701792393,1.7796522376893212e+18,1.7796214054299986e+18
1779640239905637369,11.828,1.3975,471.95,38.45355952563213,19.8625,45.6116367991061,11.92834983335885,1.7796522510810148e+18,1.7796213831510618e+18
1779640240305916354,11.832,1.4825,1440.275,38.46248864816632,19.6525,45.61522752263538,11.928474841074328,1.779652267552409e+18,1.7796213561165486e+18
1779640240706197193,11.84,1.5325,1118.55,38.46937523075393,19.6525,45.61799018616395,11.928571253230555,1.7796522865479782e+18,1.779621325182052e+18
1779640241106498721,11.844,1.4975,136.725,38.47295213314358,19.4075,45.619418399875485,11.92862132986401,1.779652303604063e+18,1.7796212972782482e+18
1779640241506699375,11.852,1.4325,417.25,38.47741650990379,19.162499999999998,45.62121354068483,11.928683831138652,1.7796523195809938e+18,1.7796212710707753e+18
1779640241907180700,11.852,1.4975,1273.325,38.47978865660381,18.8825,45.6221649343359,11.928717041192453,1.7796523309432033e+18,1.7796212520526746e+18
1779640242307455849,11.86,1.4625,609.075,38.48013577602907,18.6375,45.622304449664476,11.928721900864407,1.7796523362376187e+18,1.7796212424825935e+18
1779640242707744336,11.86,1.4325,220.325,38.4766096918537,18.6375,45.62089086871318,11.928672535685951,1.7796523355001825e+18,1.779621242295615e+18
1779640243107752623,11.868,1.4975,672.375,38.47695409057772,18.375,45.621027886977025,11.928677357268088,1.779652307453425e+18,1.7796212846236485e+18
1779640243507956970,11.872,1.5175,413.525,38.47897570279262,18.1125,45.62183662551087,11.928705659839096,1.7796522579071685e+18,1.7796213604438472e+18
1779640243908142649,11.872,1.4475,1261.975,38.47412539104356,17.78,45.619896217805966,11.92863775547461,1.7796521885334154e+18,1.7796214671433674e+18
1779640244308360385,11.876,1.4625,574.425,38.46863968562843,17.5175,45.61772863586922,11.928560955598797,1.779652101616304e+18,1.7796216011751647e+18
1779640244708537109,11.88,1.35,114.6,38.46279216089594,17.5175,45.61540779392755,11.928479090252543,1.779652001411353e+18,1.7796217559221402e+18
1779640245108743402,11.884,1.415,349.725,38.45923277280894,17.2375,45.613993279536025,11.928429258819325,1.7796518895416159e+18,1.779621928871373e+18
1779640245508957529,11.884,1.3825,1067.275,38.4521193340169,16.8175,45.61116901292931,11.928329670676236,1.7796517665178614e+18,1.7796221192231741e+18
1779640245909100694,11.884,1.4825,1618.65,38.447571557022414,16.8175,45.6093291886052,11.928266001798313,1.7796516361856722e+18,1.779622321001461e+18
1779640246309324395,11.884,1.4475,24.525,38.43834621552966,16.52,45.60564520962448,11.928136847017415,1.779651498490378e+18,1.7796225342819016e+18
1779640246709464601,11.888,1.4475,74.825,38.43193216314292,15.995000000000001,45.60307710763374,11.928047050284,1.7796513586345428e+18,1.7796227509710735e+18
1779640247109652173,11.892,1.3975,228.325,38.421136287882746,15.995000000000001,45.59878680090574,11.927895908030358,1.7796512181185546e+18,1.7796229687197207e+18
1779640247509896723,11.884,1.665,696.775,38.41355782773658,15.400000000000002,45.595694561287345,11.927789809588312,1.779651075641431e+18,1.7796231895662356e+18
1779640248310225034,10.992,23.13,592.2,38.40688723701616,14.665000000000001,45.57164373400238,11.927696421318226,1.7796509354100157e+18,1.7796234069590282e+18
1779640248910476021,11.1,20.015,168.85,38.398081862015204,14.4725,45.555151581886726,11.927573146068212,1.7796507985711375e+18,1.7796236191024161e+18
1779640249310751768,10.688,29.9975,515.275,38.37610222881118,14.700000000000001,45.51652680448528,11.927265431203356,1.7796506633066373e+18,1.779623828792712e+18
1779640249710880547,10.424,34.1475,1572.475,38.34478243575017,14.700000000000001,45.490363154246346,11.926826954100502,1.779650529202153e+18,1.7796240366519058e+18
1779640250111115924,10.752,24.9325,1522.0,38.30854561745534,15.137500000000001,45.48344508933849,11.926319638644374,1.7796503958280525e+18,1.7796242433394606e+18
1779640250911645543,10.116,40.1675,897.925,38.27004380849475,16.0475,45.46283609634174,11.925780613318926,1.7796502632979364e+18,1.7796244486770836e+18
1779640251311829671,9.98,43.18,1101.825,38.2332058326358,16.0475,45.44232301867829,11.9252648816569,1.7796501322571855e+18,1.7796246516640996e+18
1779640251712045534,9.972,43.4325,85.7,38.19450017115774,16.4675,45.42015449374017,11.924723002396208,1.779650003483404e+18,1.7796248510849853e+18
1779640252112447492,10.116,39.3325,261.525,38.16103310107248,16.66,45.413234019813615,11.924254463415014,1.7796498772524961e+18,1.7796250465248097e+18
1779640252512750907,9.9,44.7325,798.1,38.11831888830631,16.852500000000003,45.39385911331132,11.923656464436288,1.7796497524268974e+18,1.7796252397373258e+18
1779640252913020892,9.976,42.9175,797.2,38.07589004583998,16.852500000000003,45.37700754593656,11.92306246064176,1.7796496291786437e+18,1.779625430457772e+18
1779640253313240927,9.976,43.2,794.45,38.04068893358087,17.0275,45.35984782122974,11.922569645070132,1.7796495084651116e+18,1.7796256172117066e+18
1779640254114075545,9.936,43.8825,760.425,38.04396574385263,17.465,45.389629064348995,11.922615520413936,1.7796493956396032e+18,1.7796257917332626e+18
1779640254514297563,9.936,44.065,682.225,38.03485066648418,17.465,45.391367637743336,11.922487909330778,1.7796492891734848e+18,1.7796259563722885e+18
1779640254914656536,9.996,43.235,443.575,38.0464684069072,17.727500000000003,45.41755382603574,11.9226505576967,1.779649190830531e+18,1.779626108417185e+18
1779640255314913537,9.86,46.3175,1353.675,38.04301588611972,17.9725,45.39426413842042,11.922602222405676,1.7796490998203407e+18,1.779626249059318e+18
1779640255715200652,9.868,46.1,854.275,38.04413356372504,18.252499999999998,45.399124090686904,11.92261786989215,1.7796490154290158e+18,1.7796263794189796e+18
1779640256115613431,9.868,45.185,968.625,38.05154830477273,18.5675,45.415167016317646,11.922721676266818,1.7796489373720497e+18,1.7796264999495386e+18
1779640256515788540,9.82,46.5,1317.6,38.058280640772146,18.9175,45.431890690811805,11.92281592897081,1.7796488646970191e+18,1.7796266121326172e+18
1779640256916099398,9.936,44.5325,744.175,38.06356454717599,18.9175,45.4453924879683,11.922889903660463,1.7796487974922537e+18,1.7796267158215293e+18
1779640257316293798,9.908,45.115,632.625,38.06973711670477,19.2325,45.458002653701676,11.922976319633866,1.7796487344133235e+18,1.7796268131162824e+18
1779640257716616426,9.928,43.9175,292.2,38.08023666932106,19.564999999999998,45.48265445125433,11.923123313370494,1.7796486759127322e+18,1.779626903314608e+18
1779640258116851208,9.992,42.4825,891.7,38.08889001081204,19.897499999999997,45.50262159905073,11.923244460151368,1.7796486213703135e+18,1.7796269873783644e+18
1779640258517020781,9.996,42.9475,1082.85,38.08785778782191,20.212500000000002,45.500492809284715,11.923230009029506,1.7796485696631823e+18,1.779627067039729e+18
1779640258917290393,10.088,39.6825,27.775,38.09181085716679,20.474999999999998,45.514163390105395,11.923285352000335,1.779648521231895e+18,1.7796271416176236e+18
1779640259317507247,10.108,40.515,84.75,38.091505576980644,20.755,45.51574116748413,11.923281078077729,1.779648473987849e+18,1.779627214369956e+18
1779640259717737347,10.116,38.7,258.625,38.0949758034514,20.965,45.52946733376668,11.923329661248319,1.7796484278161649e+18,1.7796272854837622e+18
1779640260117934994,10.388,32.0,789.25,38.091661968183615,21.227500000000003,45.54218719615712,11.92328326755457,1.779648382087122e+18,1.779627355929484e+18
1779640260918410500,11.724,1.4625,711.975,38.01801011543476,21.175,45.50108862260588,11.922252141616086,1.779648329751573e+18,1.779627436599714e+18
1779640261318645651,11.744,1.3825,534.375,37.955415990338054,21.122500000000002,45.473242856922475,11.921375823864732,1.7796482714227205e+18,1.7796275265644997e+18
1779640261718794970,11.764,1.415,1630.775,37.905461085166735,20.7025,45.44536583120813,11.920676455192334,1.779648206914433e+18,1.7796276261510003e+18
1779640262118958039,11.776,1.5175,61.525,37.864900938636424,20.545,45.41793755023003,11.92010861314091,1.7796481368688387e+18,1.7796277343809162e+18
1779640262719304651,11.792,1.4625,187.75,37.83236653555486,20.545,45.40016999892296,11.919653131497768,1.7796480626156495e+18,1.7796278491943565e+18
1779640263119509783,11.796,1.4625,572.95,37.80231110298343,20.23,45.39001597395392,11.919232355441768,1.7796479843899756e+18,1.7796279702331525e+18
1779640276731374327,11.812,1.4475,110.1,37.78231559200198,19.897499999999997,45.372981091999556,11.918952418288027,1.7796479038767032e+18,1.779628094926367e+18
1779640277131660759,11.812,1.4825,335.975,37.764416374614484,19.5825,45.356321167349876,11.918701829244602,1.7796478237581268e+18,1.7796282190292764e+18
1779640277531868217,11.824,1.4325,1025.3,37.76147305994402,19.3025,45.34407816564505,11.918660622839216,1.7796477455404193e+18,1.7796283402107953e+18
1779640278132330151,11.828,1.4975,1490.55,37.761682570922105,19.3025,45.33592989318122,11.918663555992909,1.7796476690967444e+18,1.7796284586750986e+18
1779640278532842759,11.832,1.415,1271.975,37.80182444545341,19.0575,45.34395065547868,11.919225542236347,1.7796475982465155e+18,1.77962856850553e+18
1779640278933159365,11.84,1.4625,604.95,37.850312935141716,18.76,45.36231132343856,11.919904381091984,1.7796475331246776e+18,1.7796286694984896e+18
1779640279333574339,11.844,1.415,207.75,37.884464828088504,18.48,45.37550687029573,11.920382507593239,1.7796474690055212e+18,1.779628769038583e+18
1779640279734224618,11.848,1.5175,634.0,37.91741742153418,18.165000000000003,45.38825862701785,11.920843843901478,1.7796474086653504e+18,1.7796288627579604e+18
1779640280134906584,11.856,1.415,296.4,37.94430243543059,18.165000000000003,45.398667570468795,11.921220234096028,1.7796473522211482e+18,1.7796289504551593e+18
1779640280535439174,11.856,1.4625,904.525,37.96415697638439,17.92,45.406354937539916,11.921498197669381,1.7796472990272172e+18,1.7796290331252564e+18
1779640280935736857,11.86,1.4975,1121.975,37.98075374000788,17.587500000000002,45.41278006629996,11.92173055236011,1.7796472484674575e+18,1.779629111726155e+18
1779640281335912437,11.864,1.5325,147.175,37.99698129790112,17.272499999999997,45.419050652380434,11.921957738170615,1.7796472005392911e+18,1.7796291862578028e+18
1779640281736525683,11.868,1.615,449.125,38.01387029657562,17.272499999999997,45.425568440714436,11.922194184152058,1.7796471551663293e+18,1.7796292568383903e+18
1779640282136986572,11.864,1.5475,1370.6,38.0263307722401,17.0275,45.430390417002876,11.922368630811361,1.7796471119631775e+18,1.7796293240623657e+18
1779640282537475601,11.868,1.4475,905.925,38.03365609853067,16.73,45.433229827834964,11.922471185379429,1.7796470703230758e+18,1.779629388871857e+18
1779640283138006542,11.876,1.4975,1126.25,38.04415576853434,16.52,45.43729277383446,11.92261818075948,1.779647030686244e+18,1.7796294505801142e+18
1779640283538429336,11.876,1.5175,160.225,38.05259876226046,16.52,45.44055297842171,11.922736382671646,1.7796469947976553e+18,1.7796295064331144e+18
1779640283939158414,11.88,1.5675,488.95,38.06380006022239,16.2225,45.44486922318108,11.922893200843113,1.7796469631104993e+18,1.7796295557193142e+18
1779640284339830663,11.88,1.4325,1492.15,38.068758634446375,16.0125,45.446797833403686,11.922962620882249,1.779646934182078e+18,1.7796296006944205e+18
1779640284740351665,11.888,1.5175,1276.875,38.07653578273745,16.0125,45.449807287409065,11.923071500958324,1.7796469059550932e+18,1.7796296446008758e+18
1779640285140740018,11.88,1.4475,619.9,38.07946135745708,15.557500000000001,45.45094820088114,11.923112459004399,1.7796468758610857e+18,1.7796296914737633e+18
1779640285541009805,11.888,1.5675,253.375,38.08115010884863,15.19,45.45160372112271,11.92313610152388,1.779646843661489e+18,1.7796297416877225e+18
1779640285941512461,11.892,1.5175,773.225,38.085661674863246,15.19,45.45334377534273,11.923199263448085,1.7796468098500145e+18,1.779629794471571e+18
1779640286341859998,11.892,1.4475,721.275,38.08690415255503,14.98,45.453834214612286,11.92321665813577,1.779646774492604e+18,1.779629849716242e+18
1779640286742142874,11.896,1.35,562.75,38.088603586977044,14.98,45.45449920554188,11.923240450217678,1.7796467384537234e+18,1.7796299060611492e+18
1779640287142581760,11.896,1.3825,78.975,38.08883254749857,14.7525,45.4546098922064,11.92324365566498,1.7796467024640166e+18,1.7796299623522304e+18
1779640287542966332,11.896,1.3975,241.0,38.08894960125789,14.4375,45.45467901062576,11.92324529441761,1.7796466657474606e+18,1.7796300198124936e+18
1779640287943364266,11.9,1.5475,735.45,38.0913129744386,14.4375,45.45558682613825,11.92327838164214,1.7796466291919744e+18,1.7796300770463631e+18
1779640288343717042,11.9,1.35,606.0,38.09115092532098,14.245000000000001,45.45555262347828,11.923276112954493,1.7796465934589373e+18,1.7796301330059377e+18
1779640288743935099,11.896,1.5175,210.95,38.08912152887898,14.245000000000001,45.45476796333126,11.923247701404305,1.779646558170182e+18,1.779630188283646e+18
1779640289144160748,11.9,1.4475,643.75,38.08518992477232,14.087500000000002,45.453276704566534,11.923192658946812,1.7796465232697498e+18,1.7796302429640192e+18
1779640289544586555,11.904,1.6325,326.15,38.0920720055544,13.965,45.45585630272812,11.923289008077761,1.7796464889709135e+18,1.7796302967293742e+18
1779640289944895032,11.904,1.4625,995.325,38.09003909054575,13.965,45.45506855475588,11.92326054726764,1.779646455286422e+18,1.7796303495431432e+18
1779640290345132626,11.904,1.4625,1399.075,38.086115244777446,13.895000000000001,45.453584219103135,11.923205613426884,1.779646421715832e+18,1.7796304021920458e+18
1779640290745354589,11.892,1.75,992.825,38.08521440266657,13.895000000000001,45.453149066198804,11.923193001637332,1.7796463887665293e+18,1.7796304538796764e+18
1779640291145637934,11.9,1.715,1391.45,38.08428949263039,13.86,45.452692665125646,11.923180052896825,1.7796463566285586e+18,1.7796305043054106e+18
1779640291546006603,11.9,1.8,969.55,38.08601464912602,13.719999999999999,45.45320235429449,11.923204205087764,1.7796463252132e+18,1.7796305536132362e+18
1779640291946297704,11.792,4.05,1320.425,38.08019381735185,13.719999999999999,45.44989905819992,11.923122713442925,1.7796462944816783e+18,1.7796306018508283e+18
1779640292346636716,11.54,10.215,752.8,38.08105534433519,13.6325,45.44478502310525,11.923134774820692,1.779646264523421e+18,1.7796306488878764e+18
1779640292746948364,11.488,10.8175,658.95,38.06881271749248,13.6325,45.43596280369792,11.922963378044894,1.7796462342256707e+18,1.779630696459566e+18
1779640293147365417,11.368,13.1675,372.55,38.050602554513546,13.5275,45.425003245324525,11.92270843576319,1.7796462033776187e+18,1.7796307448895188e+18
1779640293547706728,11.256,15.0675,1136.925,38.02302055230804,13.5275,45.41237075399468,11.922322287732312,1.779646171682329e+18,1.7796307946322552e+18
1779640293948385627,11.208,16.4475,192.8,37.99560213778257,13.7025,45.40264066707442,11.921938429928955,1.7796461388895337e+18,1.779630846085114e+18
1779640294348753869,11.252,14.4325,588.375,37.95524489391442,14.0,45.391810760240496,11.921373428514801,1.7796461047298511e+18,1.7796308996542984e+18
1779640294749111746,11.172,16.5175,157.175,37.92767090114292,14.0,45.38821786193576,11.920987392616,1.779646070371567e+18,1.7796309535158592e+18
1779640295149404509,11.2,15.5675,479.65,37.909716223113875,14.069999999999999,45.39669060094313,11.920736027123594,1.7796460368273354e+18,1.7796310060849636e+18
1779640295549974312,11.16,16.215,1463.775,37.89511561058941,14.069999999999999,45.40684311311188,11.920531618548251,1.779646003749372e+18,1.7796310579170166e+18
1779640295950531556,10.664,28.5825,1190.275,37.900309992375824,14.105,45.41264135772816,11.920604339893261,1.7796459723795494e+18,1.7796311070790812e+18
1779640296351076590,10.532,31.065,355.625,37.901483518354816,14.227500000000001,45.41013983373801,11.920620769256967,1.7796459428325532e+18,1.7796311533815194e+18
1779640296951526886,10.52,30.4675,1085.275,37.90175677222666,14.227500000000001,45.421213786654555,11.920624594811173,1.779645914800277e+18,1.7796311973106627e+18
1779640297351840831,10.548,28.65,107.325,37.89621496382668,14.8925,45.43614777485065,11.920547009493573,1.7796458893418588e+18,1.7796312371775043e+18
1779640297751998781,10.448,31.08,327.525,37.89363114875456,14.8925,45.448743102764034,11.920510836082563,1.779645864951818e+18,1.7796312753682998e+18
1779640298152348113,11.676,1.5325,999.525,37.80414963277178,15.3125,45.41578968859572,11.919258094858804,1.7796458371086072e+18,1.7796313189058962e+18
1779640298953177748,11.776,1.415,1031.975,37.76361669121625,15.4175,45.40245378332267,11.918690633677027,1.779645808605022e+18,1.7796313634521157e+18
1779640299353774528,11.788,1.4825,1510.925,37.73198505778559,15.19,45.383868506272094,11.918247790808998,1.7796457790759122e+18,1.7796314095976753e+18
1779640299954378694,11.8,1.3975,1334.175,37.70565381930252,14.944999999999999,45.36573679826033,11.917879153470235,1.779645750954483e+18,1.7796314534984783e+18
1779640300354746600,11.82,1.5675,794.775,37.693138244758416,14.944999999999999,45.35743940836363,11.917703935426617,1.7796457244088177e+18,1.7796314949071183e+18
1779640300754972133,11.828,1.4625,787.05,37.68121382649456,14.787499999999998,45.35483700783616,11.917536993570923,1.7796456988165588e+18,1.7796315348098388e+18
1779640301155217621,11.832,1.4475,763.45,37.67689118134899,14.349999999999998,45.34510234919246,11.917476476538885,1.7796456746902996e+18,1.7796315724047101e+18
1779640301555805451,11.844,1.5175,691.525,37.67706445403801,14.349999999999998,45.33868088780767,11.917478902356532,1.7796456519594634e+18,1.779631607809062e+18
1779640301956374184,11.848,1.5825,471.95,37.73784226059991,14.1225,45.359652873519344,11.918329791648398,1.7796456329060992e+18,1.7796316374929981e+18
1779640302356518498,11.852,1.365,1440.275,37.78419730852566,14.1225,45.37570100980385,11.918978762319359,1.7796456165205827e+18,1.7796316630317873e+18
1779640302756674438,11.856,1.4625,1118.55,37.822252093528846,13.93,45.38908494806355,11.919511529309403,1.7796456023204214e+18,1.779631685175248e+18
1779640303357036013,11.852,1.665,136.725,37.85416772828862,13.93,45.40016887667118,11.91995834819604,1.779645589847577e+18,1.779631704640419e+18
1779640303757221321,11.76,4.0,417.25,37.885346824094,13.457500000000001,45.411901356158445,11.920394855537316,1.7796455791799332e+18,1.7796317212986893e+18
1779640304157430663,11.712,4.93,1273.325,37.9032652240314,13.229999999999999,45.41844353049225,11.92064571313644,1.7796455690427305e+18,1.7796317371523471e+18
1779640304557675732,11.592,7.8825,609.075,37.91938647845068,13.229999999999999,45.42318823354556,11.92087141069831,1.7796455588589348e+18,1.77963175311435e+18
1779640304958082839,11.524,8.8975,220.325,37.92452949097955,12.985,45.42475427059634,11.920943412873713,1.7796455483844657e+18,1.7796317695557724e+18
1779640305358327768,10.932,22.18,672.375,37.92661944895919,12.985,45.42240204316803,11.920972672285428,1.7796455374061007e+18,1.7796317868108923e+18
1779640305758700744,10.996,19.85,413.525,37.91893565380057,13.09,45.4229044025587,11.920865099153207,1.7796455254654874e+18,1.7796318055937884e+18
1779640306158973435,10.78,25.48,1261.975,37.91656226097455,13.09,45.41872339549095,11.920831871653643,1.779645512563484e+18,1.7796318259117146e+18
1779640306559159136,11.096,16.765,574.425,37.89227459458448,13.5975,45.4170409225868,11.920491844324182,1.7796454984438126e+18,1.7796318481404419e+18
1779640306959471930,10.888,20.935,114.6,37.86569824529001,14.087500000000002,45.419442914216425,11.92011977543406,1.7796454829608056e+18,1.7796318725098097e+18
1779640307359884360,10.244,36.5825,349.725,37.85312226731724,14.087500000000002,45.41859610369132,11.919943711742441,1.7796454665023521e+18,1.779631898424761e+18
1779640307760154228,10.24,36.8675,1067.275,37.83732238235713,14.700000000000001,45.41388802296481,11.919722513353,1.7796454489286792e+18,1.7796319261038147e+18
1779640308160451219,10.004,41.5675,1618.65,37.82711320641618,15.260000000000002,45.41867660479037,11.919579584889826,1.779645430445138e+18,1.7796319552296038e+18
1779640308560740340,10.076,39.6975,24.525,37.81097997547059,15.260000000000002,45.424387669931235,11.919353719656588,1.779645410518493e+18,1.7796319866427453e+18
1779640308961078389,9.956,43.3325,74.825,37.79081705806619,15.89,45.41488381046856,11.919071438812926,1.779645389163684e+18,1.779632020315132e+18
1779640309361296900,9.932,43.665,228.325,37.77224482153021,16.45,45.408857531945316,11.918811427501423,1.7796453663822182e+18,1.7796320562482048e+18
1779640309761943198,9.932,43.75,696.775,37.748475332872744,16.9925,45.39964206314939,11.918478654660218,1.779645342126258e+18,1.7796320945122793e+18
1779640310362835184,9.924,43.4975,487.975,37.72544077899307,16.9925,45.39673822842895,11.918156170905903,1.779645317252881e+18,1.779632133747442e+18
1779640310763416361,9.928,43.4825,1489.175,37.70032167118227,17.5525,45.39190749781633,11.917804503396551,1.7796452925101274e+18,1.7796321727587338e+18
1779640311164213671,9.924,43.785,1267.8,37.672854511465935,18.0425,45.383139661388434,11.917419963160523,1.7796452666818982e+18,1.7796322134802854e+18
1779640311564828168,10.012,40.935,592.2,37.64745662808895,18.3575,45.38661563270075,11.917064392793245,1.7796452362200799e+18,1.779632261569122e+18
1779640311965354086,9.988,41.7175,168.85,37.619432232380156,18.584999999999997,45.38579851970745,11.916672051253322,1.7796452025649257e+18,1.7796323147315845e+18
1779640312366224774,10.072,39.6675,515.275,37.59287743841311,18.795,45.387206156510736,11.916300284137783,1.7796451666003546e+18,1.7796323715647393e+18
1779640312766794052,10.0,42.1175,1572.475,37.56008782918759,18.795,45.37588893774435,11.915841229608626,1.7796451287577754e+18,1.7796324313753856e+18
1779640313167425984,11.68,1.4975,1522.0,37.435968339989415,19.0925,45.32830231977773,11.914103556759851,1.7796450863729567e+18,1.7796324982911365e+18
1779640313567970268,11.72,1.35,1367.975,37.333052157379214,19.0575,45.28903259640909,11.912662730203309,1.7796450406285747e+18,1.779632570463963e+18
1779640313968758974,11.744,1.4975,897.925,37.25387785265376,18.97,45.262719057512285,11.911554289937152,1.7796449927959667e+18,1.779632645905291e+18
1779640314368974565,11.768,1.3825,1101.825,37.19476771142543,18.9875,45.24487620877224,11.910726747959956,1.779644943889654e+18,1.7796327230283704e+18
1779640314769661281,11.784,1.415,85.7,37.16403832830327,18.76,45.23292872810887,11.910296536596245,1.779644895022808e+18,1.7796328000969341e+18
1779640315170173022,11.792,1.4825,261.525,37.130439484091546,18.76,45.22252725990856,11.909826152777281,1.7796448461927926e+18,1.7796328771126162e+18
1779640315570940671,11.796,1.4325,798.1,37.102765480636116,18.5325,45.2123547081345,11.909438716728905,1.7796447977026875e+18,1.7796329536001006e+18
1779640315971586820,11.808,1.35,797.2,37.08450747071046,18.3225,45.203440275322805,11.909183104589946,1.779644750223567e+18,1.7796330284995901e+18
1779640316371924864,11.812,1.4325,794.45,37.073764654360694,18.147499999999997,45.195551540375625,11.90903270516105,1.779644703980921e+18,1.7796331014592333e+18
1779640316772232661,11.824,1.4475,786.05,37.07064440336115,17.78,45.1898153514245,11.908989021647056,1.779644658970605e+18,1.7796331724935703e+18
1779640317172522151,11.824,1.4825,760.425,37.05757046100614,17.78,45.19296112641222,11.908805986454086,1.779644615477593e+18,1.7796332411349798e+18
1779640317572768950,11.84,1.5675,682.225,37.05876480890063,17.36,45.19109871815259,11.908822707324608,1.7796445738286295e+18,1.7796333068741594e+18
1779640317973103600,11.844,1.4625,443.575,37.059323100034206,17.290000000000003,45.19358986389196,11.908830523400479,1.7796445335540234e+18,1.7796333704591437e+18
1779640318373404694,11.844,1.6325,1353.675,37.06409176493703,16.9225,45.19197780182418,11.908897284709118,1.779644494702829e+18,1.7796334318142963e+18
1779640318773679011,11.848,1.4475,854.275,37.068152795832724,16.9225,45.20250833204803,11.908954139141658,1.7796444572834138e+18,1.779633490923073e+18
1779640319374312412,11.856,1.4325,968.625,37.08026982632903,16.8875,45.18939099418206,11.909123777568606,1.779644421509072e+18,1.77963354745245e+18
1779640319774531208,11.852,1.5175,1317.6,37.08608250479077,16.52,45.191507846916515,11.90920515506707,1.7796443871771922e+18,1.7796336017154895e+18
1779640320175050077,11.86,1.5175,744.175,37.095849008230395,16.52,45.195098844038355,11.909341886115225,1.7796443544028316e+18,1.779633653530056e+18
1779640320575470549,11.868,1.415,632.625,37.10725954930798,16.3275,45.1996750323951,11.909501633690311,1.779644323083949e+18,1.779633703059057e+18
1779640320975757993,11.86,1.415,292.2,37.11260293408999,16.2575,45.194743883540035,11.90957644107726,1.779644293018424e+18,1.7796337506173233e+18
1779640321376102662,11.872,1.4625,891.7,37.12482005174822,16.2575,45.18081071154144,11.909747480724475,1.77964426434185e+18,1.7796337959931438e+18
1779640321776134602,11.872,1.4625,1082.85,37.13769738449299,15.977500000000001,45.16842306529038,11.909927763382901,1.779644237211237e+18,1.7796338389345405e+18
1779640322176356142,11.88,1.5975,27.775,37.15811517664105,15.819999999999999,45.1717919898292,11.910213612472974,1.779644211620935e+18,1.7796338794549535e+18
1779640322776804814,11.876,1.4625,84.75,37.175539178572606,15.819999999999999,45.16728430403886,11.910457548500016,1.7796441874651528e+18,1.7796339177200507e+18
1779640323177040886,11.88,1.5175,258.625,37.198805951336276,15.6275,45.157956104827356,11.910783283318708,1.7796441647430008e+18,1.7796339537336584e+18
1779640323577458271,11.884,1.5675,789.25,37.283350700620886,15.3475,45.18991099994666,11.911966909808692,1.7796441447965489e+18,1.779633985404498e+18
1779640323977820486,11.868,1.865,770.175,37.33899745529871,15.3475,45.210832069707934,11.912745964374182,1.7796441269480274e+18,1.7796340137850964e+18
1779640324378179104,11.872,1.665,711.975,37.369134861127776,15.102500000000001,45.222202027661304,11.913167888055789,1.779644110682525e+18,1.7796340396719421e+18
1779640324778810978,11.812,3.065,534.375,37.395585558509495,15.102500000000001,45.23175259644471,11.913538197819133,1.779644095737807e+18,1.7796340634802708e+18
1779640325179667309,11.792,3.6,1630.775,37.419873135766544,14.77,45.2402563074451,11.913878223900731,1.779644082083802e+18,1.7796340852542495e+18
1779640325580161367,11.776,3.6825,61.525,37.43499261937692,14.4725,45.2454889950768,11.914089896671276,1.7796440695111565e+18,1.7796341053190067e+18
1779640326181214732,11.28,15.615,187.75,37.45476080215855,14.4725,45.24489855044347,11.91436665123022,1.7796440581234598e+18,1.7796341235135537e+18
1779640326581884440,11.36,13.465,572.95,37.47034317185014,14.1225,45.24563524556303,11.914584804405902,1.779644047808417e+18,1.7796341400106268e+18
1779640326982217135,11.172,17.55,110.1,37.47721441760626,14.1225,45.24173305984877,11.914681001846487,1.7796440382031496e+18,1.7796341553836242e+18
1779640327383063155,10.732,27.0325,335.975,37.47332081395686,14.035,45.23216214730746,11.914626491395396,1.7796440289989315e+18,1.7796341701172564e+18
1779640327783872590,10.624,28.85,1025.3,37.464394491233215,14.174999999999999,45.22568484460694,11.914501522877265,1.7796440199414397e+18,1.779634184615238e+18
1779640328184717841,10.448,33.1825,1490.55,37.45281665093619,14.174999999999999,45.21285822372861,11.914339433113106,1.779644010888337e+18,1.7796341991038825e+18
1779640328584952015,10.416,33.3,1271.975,37.43370612055656,14.4375,45.20376408736905,11.914071885687791,1.779644001729298e+18,1.779634213753068e+18
1779640328985432582,10.32,33.6675,604.95,37.416833154143795,14.700000000000001,45.21495127590108,11.913835664158013,1.7796439924843387e+18,1.7796342285331615e+18
1779640329386046368,10.292,34.6825,207.75,37.39762423679245,14.700000000000001,45.221015134627216,11.913566739315094,1.779643984347561e+18,1.7796342415182036e+18
1779640329786440820,10.372,33.0,634.0,37.373213065448695,14.8575,45.22328001838119,11.913224982916281,1.7796439769342006e+18,1.7796342533219272e+18
1779640330187024909,10.672,26.865,296.4,37.344300151014885,15.295,45.21711287269181,11.912820202114208,1.7796439699194284e+18,1.7796342644627459e+18
1779640330587424445,10.472,31.585,904.525,37.318174387018125,15.295,45.20987421848208,11.912454441418253,1.7796439630205814e+18,1.779634275399092e+18
1779640330987999913,10.908,20.0,1121.975,37.2561212500269,15.032499999999999,45.202418063771326,11.911585697500376,1.7796439555229e+18,1.779634287246659e+18
1779640331388366566,10.708,26.1,147.175,37.2238788832696,15.137500000000001,45.197495100298134,11.911134304365774,1.779643947819815e+18,1.7796342994027395e+18
1779640331789155840,10.22,36.4475,449.125,37.198069253867025,15.382499999999999,45.20067988338358,11.910772969554138,1.7796439400515364e+18,1.7796343116482458e+18
1779640332189474235,10.08,40.3175,1370.6,37.172456022635195,15.382499999999999,45.193717565885635,11.910414384316892,1.7796439321943158e+18,1.7796343240219999e+18
1779640332589743707,10.088,39.985,905.925,37.14960922874454,15.959999999999999,45.191230000787534,11.910094529202423,1.779643924276953e+18,1.779634336480657e+18
1779640332990177119,10.112,39.2825,1126.25,37.129323290322645,16.4675,45.19139200814007,11.909810526064517,1.7796439162546813e+18,1.7796343490993705e+18
1779640333390574908,10.2,37.765,160.225,37.11069889220025,17.115,45.19038473266899,11.909549784490803,1.7796439078966106e+18,1.7796343622529876e+18
1779640333790738103,10.196,36.765,488.95,37.10433730178923,17.115,45.20675797708019,11.909460722225049,1.779643899515709e+18,1.7796343754488888e+18
1779640334190913179,10.292,34.765,1492.15,37.09356092175391,17.675,45.220492079616115,11.909309852904554,1.7796438911003448e+18,1.7796343887015616e+18
1779640334591183322,10.552,28.9975,1276.875,37.084548615351174,18.060000000000002,45.23997606319345,11.909183680614916,1.7796438827006502e+18,1.779634401931736e+18
1779640334991501717,10.368,34.0975,619.9,37.08891564227525,18.4275,45.256756776693706,11.909244818991853,1.7796438744035192e+18,1.7796344150123986e+18
1779640335391834089,10.448,30.8825,253.375,37.08465152620663,18.7775,45.27504502373888,11.909185121366892,1.7796438659969787e+18,1.7796344282774538e+18
1779640335792089015,9.984,43.3975,773.225,37.08049989960108,18.9875,45.2734010007011,11.909126998594415,1.779643857609969e+18,1.779634441518553e+18
1779640336192439941,10.728,24.185,721.275,37.06581402584045,19.3025,45.28530545499108,11.908921396361766,1.7796438489517322e+18,1.7796344551956004e+18
1779640336592817572,10.296,35.65,562.75,37.0655977287472,19.5125,45.284243108089704,11.90891836820246,1.7796438402744732e+18,1.779634468915231e+18
1779640336993050475,10.228,36.7,78.975,37.064996149521654,19.7575,45.28456254913528,11.908909946093303,1.7796438315398175e+18,1.7796344827391337e+18
1779640337393500646,10.176,37.665,241.0,37.06730340103619,20.02,45.29568608179405,11.908942247614506,1.7796438227388628e+18,1.7796344966846218e+18
1779640337793732266,10.152,38.4325,735.45,37.06552120974172,20.02,45.29069335558194,11.908917296936384,1.7796438136931825e+18,1.7796345110366241e+18
1779640338194102295,10.072,40.515,606.0,37.06573357196654,20.2825,45.28936924273139,11.908920270007531,1.7796438045645903e+18,1.7796345255351898e+18
1779640338594280089,10.164,37.7825,210.95,37.14051931652174,20.545,45.316035493600864,11.909967270431304,1.7796437965037358e+18,1.779634538388875e+18
1779640339194892520,10.224,36.665,643.75,37.196197425359216,20.772499999999997,45.339850699658435,11.910746763955029,1.7796437878360259e+18,1.7796345522931727e+18
1779640339595114217,10.216,37.185,326.15,37.25498961876417,21.0525,45.36447919596423,11.911569854662698,1.779643779074436e+18,1.7796345664174423e+18
1779640339995501206,10.28,35.0975,995.325,37.293185904996754,21.3325,45.38792467214928,11.912104602669954,1.7796437701951283e+18,1.7796345807796516e+18
1779640340395832381,11.588,2.63,1399.075,37.21450708602392,21.595,45.35943680612574,11.911003099204335,1.7796437593876913e+18,1.7796345982022758e+18
1779640340796053388,11.708,1.615,992.825,37.160325301472255,21.805,45.33884922276075,11.910244554220611,1.779643747456467e+18,1.7796346174070264e+18
1779640341196370278,11.74,1.5325,1391.45,37.1165658887338,21.6825,45.3221715334522,11.909631922442273,1.7796437345802573e+18,1.7796346381156644e+18
1779640341596667452,11.756,1.5175,969.55,37.066999981990115,21.595,45.3032815036392,11.908937999747861,1.7796437207158556e+18,1.7796346603943378e+18
1779640341997144107,11.768,1.4325,1320.425,37.016939737779595,21.2625,45.284199154161804,11.908237156328914,1.7796437061898967e+18,1.7796346837140918e+18
1779640342397530231,11.78,1.4825,752.8,36.976261038638,21.122500000000002,45.26892484761563,11.907667654540932,1.7796436911152195e+18,1.7796347079020744e+18
1779640342797970691,11.788,1.5175,658.95,36.94471266257342,20.965,45.25696508139853,11.907225977276028,1.7796436756641293e+18,1.7796347326882657e+18
1779640343198353911,11.804,1.4475,372.55,36.913785656456724,20.650000000000002,45.24544166985337,11.906792999190394,1.779643659888111e+18,1.7796347579904868e+18
1779640343598750452,11.812,1.365,1136.925,36.87546515409254,20.352500000000003,45.24121564328611,11.906256512157295,1.7796436437101978e+18,1.7796347839277414e+18
1779640343999121897,11.812,1.35,192.8,36.84809219768205,20.1425,45.23653525921719,11.905873290767548,1.779643627349495e+18,1.7796348101551e+18
1779640344399529158,11.816,1.5175,588.375,36.83373415707049,20.1425,45.23288238481528,11.905672278198987,1.779643611019639e+18,1.779634836337808e+18
1779640344800015253,11.824,1.4975,157.175,36.8256310666859,20.02,45.23029198930351,11.905558834933602,1.7796435950415754e+18,1.779634861959701e+18
1779640345200505659,11.828,1.5975,479.65,36.81667812553048,19.635,45.23322291014636,11.905433493757426,1.7796435803858432e+18,1.7796348854404654e+18
1779640345600919568,11.84,1.4975,1463.775,36.8170860122984,19.459999999999997,45.24242998111723,11.905439204172177,1.779643566822033e+18,1.7796349071620096e+18
1779640346001333505,11.84,1.5325,1190.275,36.82293912396168,19.355,45.242010998716644,11.905521147735463,1.7796435542736494e+18,1.779634927252352e+18
1779640346401795810,11.848,1.5325,355.625,36.83208767028244,18.935000000000002,45.256968927160024,11.905649227383954,1.7796435426390246e+18,1.7796349458785887e+18
1779640346802174740,11.844,1.5175,1085.275,36.83942776528053,18.935000000000002,45.27043669099926,11.905751988713927,1.7796435318078423e+18,1.779634963217443e+18
1779640347202411598,11.852,1.5475,35.175,36.84999486414732,18.795,45.28067360399049,11.905899928098062,1.779643521805044e+18,1.779634979230017e+18
1779640347602739022,11.852,1.365,107.325,36.852225575664924,18.6375,45.27661168596394,11.905931158059309,1.7796435123775178e+18,1.779634994320134e+18
1779640348002961949,11.856,1.5325,327.525,36.86199159630104,18.375,45.279713782960386,11.906067882348214,1.7796435035473551e+18,1.7796350084577303e+18
1779640348403230897,11.86,1.5175,999.525,36.870220373968934,18.0775,45.26770415563466,11.906183085235565,1.7796434952459722e+18,1.7796350217523791e+18
1779640348803578342,11.868,1.4825,1411.9,36.88288718406588,18.0775,45.25789229552583,11.906360420576922,1.7796434873994816e+18,1.7796350343277617e+18
1779640349203842659,11.868,1.4625,1031.975,36.89628832353842,17.885,45.260144175657544,11.906548036529538,1.7796434800215342e+18,1.7796350461615386e+18
1779640349604309075,11.868,1.5325,1510.925,36.91030576151842,17.5,45.25765505260126,11.906744280661258,1.7796434731693194e+18,1.7796350571601933e+18
1779640350004839961,11.868,1.4825,1334.175,36.92309577082696,17.150000000000002,45.25964321141356,11.906923340791577,1.7796434666337966e+18,1.7796350676630738e+18
1779640350405149838,11.876,1.4625,794.775,36.937986949297084,17.150000000000002,45.25954234645009,11.907131817290159,1.7796434603381594e+18,1.7796350777969106e+18
1779640350805512817,11.884,1.3975,787.05,36.95701292704185,16.9225,45.26533690226641,11.907398180978586,1.7796434541020083e+18,1.7796350878594888e+18
1779640351205895163,11.872,1.4325,763.475,36.967420099031315,16.59,45.25421636089265,11.907543881386438,1.7796434480450952e+18,1.779635097647873e+18
1779640351606184437,11.876,1.415,691.525,36.98328568871296,16.59,45.261038570611746,11.907765999641981,1.7796434424548344e+18,1.7796351066963686e+18
1779640352006887444,11.88,1.4975,471.95,37.001722197625384,16.397499999999997,45.266028710173906,11.908024110766755,1.7796434372646351e+18,1.779635115115385e+18
1779640352406943413,11.884,1.4625,1440.275,37.02081863479512,16.24,45.270433451379866,11.908291460887131,1.7796434325898253e+18,1.7796351227163569e+18
1779640352807445795,11.884,1.4975,1118.55,37.04117692219259,16.24,45.277841450867136,11.908576476910696,1.779643428301877e+18,1.77963512970983e+18
1779640353207620488,11.888,1.415,136.725,37.06453936156803,16.1525,45.29689924940134,11.908903551061952,1.7796434246464453e+18,1.779635135696076e+18
1779640353608136926,11.884,1.4625,417.25,37.079097754023024,16.064999999999998,45.280203810318056,11.909107368556322,1.7796434213321142e+18,1.7796351411433457e+18
1779640354008473088,11.892,1.4625,1273.325,37.100698859830715,16.064999999999998,45.270666566708606,11.90940978403763,1.7796434184406257e+18,1.7796351459235564e+18
1779640354408617545,11.896,1.4325,609.075,37.214892443212115,16.0125,45.314718060931455,11.91100849420497,1.7796434172599834e+18,1.7796351480085425e+18
1779640354808984073,11.892,1.4625,220.325,37.29371536801659,15.977500000000001,45.34507695074947,11.912112015152232,1.7796434173080205e+18,1.7796351481548495e+18
1779640355209604328,11.892,1.4475,672.375,37.36410840502247,15.977500000000001,45.37224335976843,11.913097517670314,1.779643418552584e+18,1.7796351464065288e+18
1779640355609961794,11.876,1.8975,413.525,37.425128413277996,15.907499999999999,45.39560041718279,11.913951797785892,1.7796434206665267e+18,1.7796351432900557e+18
1779640356010387949,11.84,2.6,1261.975,37.47012553767901,15.855,45.41250719508479,11.914581757527506,1.7796434234621563e+18,1.7796351390981686e+18
1779640356410791893,11.816,3.1,574.425,37.507971715857806,15.855,45.42648317413949,11.915111604022009,1.7796434268295892e+18,1.7796351340041316e+18
1779640356811007189,11.8,3.515,114.6,37.54498850693766,15.785,45.43997993061082,11.915629839097127,1.779643430645069e+18,1.7796351282099272e+18
1779640357211358150,11.7,5.565,349.725,37.574748607355566,15.557500000000001,45.45012359053418,11.916046480502978,1.779643434239403e+18,1.779635122804968e+18
1779640357611590781,11.696,5.535,1067.275,37.59899661942771,15.382499999999999,45.45838705059812,11.916385952671988,1.779643437654493e+18,1.7796351177158605e+18
1779640358011911825,11.348,13.6175,1618.65,37.62167330944693,15.382499999999999,45.461739159140095,11.916703426332257,1.7796434409661263e+18,1.779635112817099e+18
1779640358412061975,10.764,27.38,24.525,37.633482863912064,15.382499999999999,45.445361210157486,11.916868760094768,1.7796434440796698e+18,1.7796351082543032e+18
1779640358812311894,10.868,22.9675,74.825,37.63495262316707,15.382499999999999,45.44689277133118,11.916889336724338,1.7796434469866353e+18,1.779635104032433e+18
1779640359212675493,11.232,14.5175,228.325,37.62777876014661,15.645,45.44695425732258,11.916788902642052,1.7796434496041341e+18,1.7796351002799148e+18
1779640359612930689,10.9,23.115,696.775,37.631454241621725,15.802499999999998,45.442044308907775,11.916840359382704,1.779643452129903e+18,1.7796350966821683e+18
1779640360013143065,10.68,26.95,487.975,37.62564228964007,15.995000000000001,45.44244742466752,11.91675899205496,1.7796434544862019e+18,1.7796350933584082e+18
1779640360413398881,10.804,24.4175,1489.175,37.62118300669285,15.995000000000001,45.441317372135046,11.9166965620937,1.7796434567748457e+18,1.779635090143276e+18
1779640360813749548,11.0,18.05,1267.8,37.589315363229474,16.2575,45.44249541252202,11.916250415085212,1.7796434597200494e+18,1.779635085824698e+18
1779640361214057278,10.032,41.7325,592.2,37.575758698755806,16.5725,45.43302428943279,11.91606062178258,1.7796434633189297e+18,1.779635080423162e+18
1779640361614596082,9.924,44.7,168.85,37.55857748867334,17.045,45.41232061091547,11.915820084841426,1.7796434673460708e+18,1.7796350743050179e+18
1779640362014875307,10.012,41.7175,515.275,37.54657515674146,17.045,45.41070771760125,11.91565205219438,1.7796434718777539e+18,1.779635067349439e+18
1779640362415082576,9.952,43.4825,1572.475,37.53217548860752,17.535,45.40135272681952,11.915450456840505,1.779643476762416e+18,1.7796350598029217e+18
1779640362815321893,9.868,45.3175,1522.0,37.51401706558884,17.9025,45.39077607030996,11.915196238918243,1.7796434818344932e+18,1.7796350519335421e+18
1779640363215773027,10.004,41.6825,1367.975,37.50032829456103,18.41,45.39150516332602,11.915004596123854,1.7796434871489523e+18,1.7796350436549338e+18
1779640363615886205,10.436,30.3825,897.925,37.476168443206724,18.8475,45.40465642172451,11.914666358204894,1.779643492513061e+18,1.7796350352741084e+18
1779640364016188888,10.104,38.8475,1101.825,37.46169005598908,19.6175,45.41252718353943,11.914463660783847,1.7796434980586888e+18,1.7796350265830904e+18
1779640364416514696,9.928,43.5175,85.7,37.442994360880476,19.495,45.40854719801078,11.914201921052326,1.779643503786886e+18,1.779635017576398e+18
1779640364816805135,10.132,38.45,261.525,37.4239680021687,19.495,45.41124569716324,11.913935552030361,1.779643509591307e+18,1.7796350084281482e+18
1779640365216992305,10.356,33.465,798.1,37.399807560174345,19.74,45.41108880492515,11.91359730584244,1.7796435154421793e+18,1.779634999182637e+18
1779640365617263867,11.272,11.1,797.2,37.32653788428455,19.8275,45.41351418565338,11.912571530379983,1.7796435206010941e+18,1.7796349910092846e+18
1779640366017567437,11.692,2.15,794.45,37.24264178832439,19.8625,45.39513530815165,11.911396985036541,1.77964352491033e+18,1.779634984158259e+18
1779640366417853756,11.744,1.335,786.05,37.178132253133775,19.635,45.39995551689009,11.910493851543873,1.7796435286320525e+18,1.7796349782166126e+18
1779640366818141583,11.764,1.315,760.425,37.13346383440586,19.39,45.39851284508482,11.909868493681682,1.779643531985241e+18,1.7796349728425907e+18
1779640367218527821,11.776,1.4475,682.225,37.10274049017448,19.25,45.382006770794774,11.909438366862442,1.7796435351864082e+18,1.779634967693028e+18
1779640367819039743,11.792,1.4975,443.575,37.080483891059544,19.005,45.38226799972667,11.909126774474833,1.7796435383760832e+18,1.7796349625467075e+18
1779640368219221212,11.796,1.3975,1353.675,37.05972981270765,19.005,45.38421340035387,11.908836217377907,1.7796435415785943e+18,1.7796349573628104e+18
1779640368619646648,11.804,1.4975,854.275,37.04627128198298,18.8475,45.39049031782269,11.908647797947761,1.77964354482272e+18,1.7796349521005394e+18
1779640369019954863,11.812,1.4825,968.625,37.0312177130542,18.6375,45.38241995481145,11.908437047982758,1.7796435481208643e+18,1.7796349467380221e+18
1779640369420271027,11.82,1.4975,1317.6,37.024706383038705,18.41,45.38756417116189,11.908345889362542,1.7796435515798126e+18,1.7796349411071488e+18
1779640369820645952,11.824,1.4625,744.175,37.01807949940119,18.2175,45.39035016041088,11.908253112991616,1.7796435553000832e+18,1.7796349350419e+18
1779640370221167028,11.828,1.4625,632.625,37.015437028168755,18.2175,45.39939918378797,11.908216118394362,1.779643559299092e+18,1.7796349285172442e+18
1779640370621530497,11.84,1.35,292.2,37.01518273972817,17.99,45.40657861031141,11.908212558356194,1.7796435634387082e+18,1.779634921762572e+18
1779640371022007160,11.84,1.35,891.7,37.01641527192638,17.78,45.41768952201276,11.908229813806969,1.7796435673940797e+18,1.7796349153138734e+18
1779640371422534591,11.844,1.415,1082.85,37.02405663992809,17.5175,45.439722402086,11.908336792958993,1.7796435713377695e+18,1.7796349088931238e+18
1779640371822962371,11.852,1.5475,27.775,37.04176053901793,17.5175,45.46951812962884,11.90858464754625,1.7796435750309732e+18,1.779634902902977e+18
1779640372223525628,11.856,1.5975,84.75,37.06209428175728,17.2025,45.5003848339555,11.908869319944602,1.7796435787480438e+18,1.779634896893782e+18
1779640372624025429,11.852,1.5975,258.625,37.0722645002555,16.87,45.51059572982305,11.909011703003577,1.7796435822402e+18,1.779634891266427e+18
1779640373024651721,11.86,1.4475,789.25,37.085804994181984,16.87,45.52774799238453,11.909201269918547,1.7796435855438336e+18,1.779634885964113e+18
1779640373425255339,11.864,1.5175,770.175,37.106719427197646,16.45,45.55890498585181,11.909494071980767,1.779643588687045e+18,1.779634880947325e+18
1779640373825583984,11.864,1.4825,711.975,37.12730428826504,16.1525,45.59057369669751,11.90978226003571,1.7796435916017308e+18,1.7796348763281587e+18
1779640374225915059,11.864,1.4325,534.375,37.13990095099914,15.7325,45.60447137469333,11.909958613313988,1.7796435941571052e+18,1.7796348723152617e+18
1779640374626265093,11.872,1.4325,1630.775,37.15546759441648,15.7325,45.61903009152823,11.91017654632183,1.779643596436295e+18,1.779634868774452e+18
1779640375026603720,11.872,1.4325,61.525,37.17537485961011,15.400000000000002,45.64677369922624,11.910455248034541,1.77964359847404e+18,1.7796348656524698e+18
1779640375427107450,11.872,1.4625,187.75,37.1867773718088,15.400000000000002,45.64694322391841,11.910614883205323,1.7796436002194678e+18,1.779634863025651e+18
1779640375827919262,11.876,1.5975,572.95,37.21018181218718,15.049999999999999,45.676301586849,11.91094254537062,1.7796436019776986e+18,1.779634860401374e+18
1779640376228178563,11.876,1.5325,110.1,37.22276222789762,14.7525,45.670286310517334,11.911118671190566,1.7796436036074683e+18,1.7796348580029494e+18
1779640376628732255,11.884,1.5825,335.975,37.242043453324435,14.7525,45.65722069740169,11.911388608346542,1.7796436052388818e+18,1.7796348556216535e+18
1779640377028935518,11.884,1.4625,1025.3,37.312851737870915,14.5775,45.686390656256116,11.912379924330192,1.779643607606996e+18,1.7796348520905664e+18
1779640377429221846,11.884,1.5675,1490.55,37.378611541961746,14.5775,45.71352580741946,11.913300561587464,1.7796436107094664e+18,1.7796348474081838e+18
1779640377829370152,11.888,1.5325,1271.975,37.435884794360206,14.4025,45.73713235658046,11.914102387121043,1.779643614645344e+18,1.7796348414026488e+18
1779640378229612899,11.888,1.5175,604.95,37.48536497930662,14.315,45.757449766191975,11.914795109710292,1.7796436193309312e+18,1.7796348342046892e+18
1779640378629939682,11.888,1.4475,207.75,37.52755958764067,14.315,45.774840511632526,11.915385834226969,1.7796436247194977e+18,1.779634825884542e+18
1779640379030116879,11.888,1.4625,634.0,37.568278808629096,14.280000000000001,45.79161681746132,11.915955903320807,1.7796436307919076e+18,1.7796348164721987e+18
1779640379430296198,11.892,1.4825,296.4,37.60439201871163,14.280000000000001,45.80649214921982,11.916461488261962,1.779643637492166e+18,1.7796348060557885e+18
1779640379830522869,11.896,1.4325,904.525,37.64056577806973,14.315,45.821402582263644,11.916967920892976,1.7796436447993556e+18,1.7796347946697887e+18
1779640380230717412,11.896,1.4825,1121.975,37.67344569114829,14.367500000000001,45.834947939284106,11.917428239676076,1.7796436526808827e+18,1.7796347823649303e+18
1779640380630860648,11.9,1.4325,147.175,37.70400459487553,14.367500000000001,45.84754606167948,11.917856064328257,1.779643660969056e+18,1.7796347694162e+18
1779640381031108229,11.896,1.335,449.125,37.73079566638283,14.385000000000002,45.858650428732766,11.91823113932936,1.7796436696089766e+18,1.7796347559108488e+18
1779640381431315319,11.904,1.4625,1370.6,37.75912089159085,14.385000000000002,45.87031994618876,11.918627692482271,1.779643677952089e+18,1.7796347429224438e+18
1779640381831529281,11.904,1.5675,905.925,37.788691156986,14.349999999999998,45.882441311954985,11.919041676197804,1.7796436865337306e+18,1.7796347295672381e+18
1779640382231777223,11.9,1.5175,1126.25,37.811664337120604,14.315,45.89187458445161,11.919363300719688,1.779643694926331e+18,1.7796347165460342e+18
1779640382632097622,11.904,1.4475,160.225,37.833580151320966,14.315,45.90091182457528,11.919670122118493,1.779643703047382e+18,1.7796347039943337e+18
1779640383232814593,11.908,1.4975,488.95,37.857277792805526,14.280000000000001,45.91065341391313,11.920001889099277,1.7796437111203512e+18,1.7796346915472704e+18
1779640383633143532,11.904,1.3825,1492.15,37.87447619897952,14.280000000000001,45.91778478555726,11.920242666785713,1.7796437192343647e+18,1.7796346790485814e+18
1779640384033585877,11.9,1.4625,1276.875,37.88900142408755,14.280000000000001,45.923780009250876,11.920446019937225,1.7796437273721462e+18,1.779634666524365e+18
1779640384433893892,11.904,1.5675,619.9,37.90393150926448,14.157499999999999,45.929902903560524,11.920655041129702,1.779643735658774e+18,1.779634653768206e+18
1779640384834249046,11.912,1.4975,253.375,37.924145538174,14.157499999999999,45.9382207842799,11.920938037534436,1.7796437441614735e+18,1.7796346406739502e+18
1779640385234761916,11.904,1.5975,773.225,37.943012832763145,13.93,45.94590700887859,11.921202179658684,1.779643753001827e+18,1.779634627039326e+18
1779640385635128790,11.768,5.2325,721.275,37.96632978537972,13.93,45.95187773183809,11.921528616995316,1.7796437621777656e+18,1.779634612872002e+18
1779640386035517541,11.86,2.5325,562.75,37.979061934507484,13.8075,45.956493638259055,11.921706867083104,1.7796437715282537e+18,1.779634598428334e+18
1779640386435918538,11.804,3.58,78.975,37.98494849143015,13.737499999999999,45.957857306284716,11.921789278880022,1.779643780991329e+18,1.779634583804335e+18
1779640386836299990,11.836,2.9675,241.0,37.99558742964538,13.737499999999999,45.9613979467671,11.921938224015035,1.7796437906593695e+18,1.7796345688517821e+18
1779640387237036643,11.78,4.015,735.45,37.99701006448452,13.65,45.960799214326414,11.921958140902783,1.7796438007588265e+18,1.7796345531874545e+18
1779640387837342233,11.544,10.185,606.0,38.01443401727825,13.65,45.95928187791721,11.922202076241895,1.7796438120701885e+18,1.7796345355389642e+18
1779640388237811966,11.516,9.8825,210.95,38.012940672151075,13.667499999999999,45.954221703155454,11.922181169410115,1.7796438244253965e+18,1.7796345161635374e+18
1779640388638205503,11.224,16.715,643.75,38.010430454446386,13.667499999999999,45.94139529853865,11.922146026362249,1.7796438376822438e+18,1.7796344952950991e+18
1779640389038650338,10.94,22.8325,326.15,38.00235519016551,13.8075,45.92230325301244,11.922032972662317,1.7796438516591542e+18,1.779634473228611e+18
1779640389839517288,10.86,23.7975,1399.075,37.989365536495356,14.14,45.909293693028964,11.921851117510935,1.7796438662981965e+18,1.7796344500610757e+18
1779640390240179051,11.132,15.8,992.825,37.95709077553505,14.612499999999999,45.90580488815214,11.92139927085749,1.779643881034483e+18,1.7796344267018386e+18
1779640390640870180,10.764,24.7675,1381.45,37.93733932046077,15.295,45.902632322644486,11.92112275048645,1.7796438960928543e+18,1.7796344027910904e+18
1779640391041041611,10.772,24.7975,969.55,37.913358662807994,15.295,45.89529847547061,11.920787021279311,1.779643911276884e+18,1.7796343786493965e+18
1779640391441372658,10.752,25.015,1320.425,37.892290109186405,15.4175,45.891574637354445,11.92049206152861,1.779643926693347e+18,1.779634354102854e+18
1779640391841804566,11.556,5.5,752.8,37.82644603542255,15.942499999999999,45.86859917580447,11.919570244495915,1.7796439414342392e+18,1.7796343306088046e+18
1779640392242147978,11.108,16.8675,658.95,37.79620615032029,16.205,45.861999500691475,11.919146886104484,1.77964395609688e+18,1.779634307214196e+18
1779640392642200943,11.384,9.7,372.55,37.738063928034414,16.205,45.8453374414562,11.918332894992481,1.7796439702332145e+18,1.779634284632158e+18
1779640393042417118,11.236,13.6675,1136.925,37.69805624222039,16.45,45.835540812848095,11.917772787391085,1.7796439839723415e+18,1.7796342626669663e+18
1779640393442718910,11.024,19.05,192.8,37.669039708424854,16.6425,45.826994505323185,11.917366555917948,1.7796439976179548e+18,1.7796342408270738e+18
1779640393842897054,10.92,21.0475,588.375,37.63817083263068,16.6425,45.82073941672576,11.916934391656829,1.7796440110733898e+18,1.779634219270384e+18
1779640394643458417,10.696,26.1975,479.65,37.60750971161877,17.272499999999997,45.813089752938005,11.916505135962662,1.7796440244244465e+18,1.77963419786033e+18
1779640395043693948,10.72,24.515,1463.775,37.56893653710167,17.377499999999998,45.814405192086944,11.915965111519423,1.779644037564503e+18,1.7796341767594872e+18
1779640395444007708,11.22,12.88,1190.275,37.51096923621532,17.675,45.803719590107484,11.915153569307014,1.7796440498717768e+18,1.7796341569771185e+18
1779640395844479032,10.912,20.75,355.625,37.47118314183399,17.675,45.80558569245193,11.914596563985675,1.779644061730274e+18,1.7796341378962286e+18
1779640396244760859,11.164,15.4825,1085.275,37.438273960276106,17.8325,45.80412492475917,11.914135835443865,1.7796440732343793e+18,1.779634119367625e+18
1779640396644913009,11.228,13.2175,35.175,37.398638911283165,18.147499999999997,45.803820814124336,11.913580944757964,1.779644084282842e+18,1.7796341015519836e+18
1779640397045230151,10.6,28.0175,107.325,37.389019823044976,18.287499999999998,45.81254612563586,11.91344627752263,1.7796440953271201e+18,1.7796340837328763e+18
1779640397445533481,10.38,33.515,327.525,37.37760341603869,18.5675,45.81437224937324,11.913286447824541,1.7796441064418335e+18,1.7796340657848538e+18
1779640397845921792,10.196,37.0825,999.525,37.37957503408326,18.83,45.821822137414024,11.913314050477165,1.7796441179622858e+18,1.7796340471664955e+18
1779640398246189791,10.5,29.335,1411.9,37.37425734824239,19.11,45.84127584855518,11.913239602875393,1.779644129660607e+18,1.779634028247457e+18
1779640398646368933,10.84,21.4825,1031.975,37.360482964625945,19.11,45.85322124594717,11.913046761504763,1.779644141292289e+18,1.779634009423181e+18
1779640399046601740,10.28,34.5325,1510.925,37.36582337226751,19.2675,45.870405223731005,11.913121527211745,1.7796441531840737e+18,1.7796339901730084e+18
1779640399446884201,10.044,41.415,1334.175,37.35806953538638,19.495,45.87163720257342,11.913012973495409,1.779644164868541e+18,1.779633971257512e+18
1779640399847498717,10.192,37.4825,794.775,37.358223160307666,19.5475,45.88505637621814,11.913015124244307,1.7796441762896955e+18,1.7796339527776005e+18
1779640400448468112,10.288,35.215,787.05,37.358783700603496,19.705,45.88973727229465,11.913022971808449,1.77964418763732e+18,1.7796339344220956e+18
1779640400848733040,10.076,40.5825,763.475,37.35708180353464,19.897499999999997,45.86614654305673,11.912999145249485,1.7796441988568822e+18,1.7796339162765343e+18
1779640401249204076,10.144,38.55,691.525,37.35735805609971,20.16,45.8552758568334,11.913003012785396,1.7796442100014886e+18,1.7796338982550477e+18
1779640401649658493,10.108,39.615,471.95,37.43750525165909,20.4225,45.88446969565308,11.914125073523227,1.7796442229628982e+18,1.7796338773070075e+18
1779640402050200479,10.148,38.0325,1440.275,37.475984231430985,20.685000000000002,45.90778558065383,11.914663779240033,1.7796442368681144e+18,1.7796338548346286e+18
1779640402450635410,10.196,36.5825,1118.55,37.50834477169749,20.965,45.93406165901041,11.915116826803764,1.7796442518451026e+18,1.7796338306193498e+18
1779640402850860983,11.088,14.765,136.725,37.492338553163144,21.122500000000002,45.94575827117668,11.914892739744284,1.7796442664952392e+18,1.7796338069279867e+18
1779640403251364227,11.404,8.0975,417.25,37.44955606171065,20.9825,45.93636210897975,11.914293784863949,1.7796442805887373e+18,1.7796337841125637e+18
1779640403652132475,11.46,7.0475,1273.325,37.40579762240191,20.8075,45.924773095585486,11.913681166713626,1.7796442938876175e+18,1.7796337625666163e+18
1779640404052457782,11.608,4.3325,609.075,37.36493317024849,20.5975,45.91046996511365,11.913109064383478,1.7796443063735762e+18,1.7796337423236897e+18
1779640404453076498,11.752,1.4975,220.325,37.31827655632314,20.37,45.89093022675738,11.912455871788524,1.7796443179181366e+18,1.7796337235906816e+18
1779640404853617705,11.768,1.4475,672.375,37.2749443032994,20.1425,45.872753628004055,11.911849220246191,1.7796443286933596e+18,1.7796337060859973e+18
1779640405253978396,11.78,1.5175,413.525,37.24231826129979,20.1425,45.85909787030734,11.911392455658197,1.7796443373701594e+18,1.7796336920267548e+18
1779640405654710099,11.788,1.4825,1261.975,37.208612786557374,19.88,45.84497032918536,11.910920579011803,1.7796443441227428e+18,1.779633681123641e+18
1779640406055349159,11.796,1.5675,574.425,37.178349377232415,19.635,45.83235116626563,11.910496891281253,1.7796443493230083e+18,1.779633672764189e+18
1779640406455873217,11.808,1.5175,114.6,37.146741036841,19.32,45.81989046033182,11.910054374515774,1.7796443529999063e+18,1.7796336668997138e+18
1779640407456558727,11.824,1.4475,1618.65,37.12449429338609,18.8825,45.811465267887726,11.909742920107405,1.7796443559480963e+18,1.7796336622291884e+18
1779640407856687713,11.836,1.4475,24.525,37.10371423481102,18.689999999999998,45.80535470401314,11.909451999287354,1.7796443584921928e+18,1.7796336582088978e+18
1779640408657213530,11.844,1.4475,487.975,37.0958365904153,17.78,45.80358979542813,11.909341712265814,1.7796443609979474e+18,1.7796336542505654e+18
1779640409457899709,11.852,1.3975,1267.8,37.0931599549428,17.08,45.80992050205014,11.909304239369199,1.7796443635203581e+18,1.7796336502685432e+18
1779640409858128307,11.856,1.4825,592.2,37.101126977966196,17.08,45.812545042873644,11.909415777691526,1.779644366311791e+18,1.7796336458509097e+18
1779640410258454982,11.86,1.4825,168.85,37.1063632951746,16.939999999999998,45.8232627132057,11.909489086132444,1.779644369434305e+18,1.7796336408913505e+18
1779640410658767769,11.864,1.4975,515.275,37.128559851861624,16.8175,45.82591561632362,11.909799837926062,1.7796443729540959e+18,1.7796336352985974e+18
1779640411058976997,11.872,1.4325,1572.475,37.15293582408075,16.8175,45.82449079071012,11.91014110153713,1.7796443771518769e+18,1.779633628608396e+18
1779640411459295677,11.872,1.5475,1522.0,37.16947010324066,16.59,45.834734558706515,11.910372581445369,1.7796443819778094e+18,1.779633620894345e+18
1779640411859697384,11.872,1.5975,1367.975,37.187679305184915,16.5725,45.84889002524987,11.910627510272588,1.779644387512894e+18,1.7796336120233344e+18
1779640412259959684,11.868,1.4975,897.925,37.19993059903315,16.5725,45.853645819516956,11.910799028386464,1.7796443936799555e+18,1.779633602116618e+18
1779640412660458718,11.872,1.4475,1101.825,37.211093393282994,16.537499999999998,45.852737911693495,11.910955307505962,1.7796444004345608e+18,1.7796335912465492e+18
1779640413060769657,11.876,1.4825,85.7,37.23270685420076,16.555,45.87538320392558,11.91125789595881,1.7796444081707036e+18,1.779633578769506e+18
1779640413461307746,11.876,1.4325,261.525,37.251721201787106,16.555,45.893831630453654,11.91152409682502,1.779644416716499e+18,1.779633564967989e+18
1779640413861893915,11.88,1.5175,798.1,37.275187514540136,16.537499999999998,45.916374676200554,11.911852625203561,1.7796444262290214e+18,1.7796335495854656e+18
1779640414262675054,11.88,1.4475,797.2,37.293122903726776,16.555,45.928233402811564,11.912103720652174,1.7796444366790497e+18,1.7796335326639688e+18
1779640414663296860,11.884,1.4975,794.45,37.31449887683988,16.415000000000003,45.9433090840536,11.912402984275758,1.7796444481772493e+18,1.779633514023035e+18
1779640415063527972,11.884,1.4325,786.05,37.33662281525157,16.415000000000003,45.96382587635502,11.912712719413522,1.7796444608218153e+18,1.779633493499865e+18
1779640415464069547,11.884,1.3975,760.425,37.349570074901365,16.275000000000002,45.960740360757015,11.912893981048619,1.779644476211175e+18,1.7796334684244022e+18
1779640415864592167,11.888,1.365,682.225,37.36538075899652,16.1525,45.96405993870372,11.913115330625951,1.7796444939973727e+18,1.7796334393780836e+18
1779640416264931006,11.892,1.3975,443.575,37.382083113329394,16.1525,45.96321759601197,11.913349163586611,1.7796445140433052e+18,1.779633406589491e+18
1779640416665224690,11.888,1.4625,1353.675,37.4053165345469,16.1175,45.98440546660962,11.913674431483656,1.7796445363357537e+18,1.7796333700877087e+18
1779640417065581689,11.888,1.415,854.275,37.496823771958624,15.995000000000001,46.024103002343,11.91495553280742,1.779644562509664e+18,1.7796333272310518e+18
1779640417465889147,11.896,1.4625,968.625,37.57830794673322,15.995000000000001,46.059677136325945,11.916096311254265,1.7796445921898719e+18,1.7796332786328704e+18
1779640417866536254,11.896,1.4625,1317.6,37.64568891725245,15.89,46.08890013308658,11.917039644841534,1.7796446249938883e+18,1.77963322491424e+18
1779640418267116396,11.896,1.5975,744.175,37.707532478667105,15.7675,46.11576057314057,11.917905454701339,1.7796446608868442e+18,1.7796331661259566e+18
1779640418667806834,11.9,1.4325,632.625,37.759991975655915,15.7675,46.13860527258165,11.918639887659182,1.7796446994905948e+18,1.7796331028893327e+18
1779640419068185867,11.896,1.4475,292.2,37.80590018380632,15.75,46.158540767386086,11.919282602573288,1.7796447400248548e+18,1.779633036495272e+18
1779640419468898509,11.9,1.4825,891.7,37.853588225906286,15.662499999999998,46.17926474292487,11.919950235162688,1.7796447830322678e+18,1.7796329660454638e+18
1779640419869453697,11.904,1.4475,1082.85,37.89876373208446,15.662499999999998,46.1989660836286,11.920582692249182,1.779644828348882e+18,1.7796328918114007e+18
1779640420270130910,11.908,1.5175,27.775,37.943551657243674,15.557500000000001,46.21839979426246,11.921209723201411,1.7796448759184238e+18,1.7796328138880443e+18
1779640420670645829,11.9,1.365,84.75,37.975999175126006,15.557500000000001,46.23255015386514,11.921663988451764,1.7796449254116214e+18,1.7796327328097649e+18
1779640421070948132,11.904,1.4625,258.625,38.01145435084834,15.400000000000002,46.24794484309447,11.922160360911876,1.7796449767937533e+18,1.7796326486397356e+18
1779640421672079530,11.904,1.615,789.25,38.04099020309497,15.2075,46.260658608577884,11.922573862843329,1.7796450304202168e+18,1.779632560783909e+18
1779640422072339244,11.904,1.335,770.175,38.06534103037489,15.2075,46.27130307723008,11.922914774425248,1.7796450860222328e+18,1.77963246968122e+18
1779640422472759815,11.908,1.5675,711.975,38.092588493725614,14.9975,46.283058425953335,11.923296238912158,1.7796451437425165e+18,1.7796323750995361e+18
1779640422873023744,11.904,1.4625,534.375,38.11801588259677,14.84,46.29410507439466,11.923652222356354,1.7796452035649728e+18,1.7796322770649792e+18
1779640423273344643,11.908,1.4975,1630.775,38.14265698328353,14.84,46.304786629217816,11.923997197765969,1.779645265484243e+18,1.7796321755871752e+18
1779640423673586803,11.912,1.5975,61.525,38.17109329884015,14.56,46.317036833634944,11.924395306183762,1.7796453295871032e+18,1.7796320705287698e+18
1779640424073798242,11.908,1.5475,187.75,38.19317478039527,14.56,46.3265761481467,11.924704446925533,1.7796453957046292e+18,1.779631962164094e+18
1779640424474147545,11.908,1.415,572.95,38.21114489319269,14.367500000000001,46.33440554739842,11.924956028504697,1.7796454638456824e+18,1.7796318504744466e+18
1779640424874300314,11.916,1.4325,110.1,38.23665152924929,14.069999999999999,46.34550644209079,11.92531312140949,1.7796455342531244e+18,1.7796317350682452e+18
1779640425274594336,11.912,1.5175,335.975,38.25568532744819,14.069999999999999,46.3537370673963,11.925579594584274,1.77964560695471e+18,1.7796316158922125e+18
1779640425674861982,11.916,1.5475,1025.3,38.27710366190443,13.8075,46.362977838225795,11.925879451266661,1.7796456821383547e+18,1.7796314926392812e+18
1779640426075173670,11.9,1.75,1490.55,38.28905397789035,13.8075,46.36802323829963,11.926046755690464,1.779645759390004e+18,1.7796313659862843e+18
1779640426475461107,11.74,5.7175,1271.975,38.311226132336124,13.5275,46.373590816592426,11.926357165852705,1.7796458389877102e+18,1.779631235487822e+18
1779640426875722183,11.844,2.9325,604.95,38.32330270284456,13.5275,46.377907615849104,11.926526237839823,1.7796459205392932e+18,1.779631101782973e+18
1779640427275921203,11.832,3.3675,207.75,38.33563694000013,13.3175,46.3818944293523,11.926698917160001,1.7796460038050081e+18,1.7796309652723922e+18
1779640427676262061,11.556,9.3475,634.0,38.34366822778834,13.1075,46.37953249513999,11.926811355189036,1.7796460848199432e+18,1.7796308325418627e+18
1779640428076586379,11.332,13.6175,296.4,38.34302175664747,13.1075,46.37390348916353,11.926802304593064,1.7796461642442883e+18,1.7796307024801006e+18
1779640428476766755,11.74,2.8625,904.525,38.30810093110448,13.1425,46.36006815946717,11.926313413035462,1.7796462415820639e+18,1.7796305758552594e+18
1779640428877050888,10.396,34.465,1121.975,38.28906897890246,13.1425,46.326027312783225,11.926046965704634,1.7796463175352036e+18,1.779630451523551e+18
1779640429277379552,10.86,22.4975,147.175,38.27767630998322,13.265,46.32752730899848,11.925887468339765,1.7796463924250194e+18,1.7796303289618035e+18
1779640429678052972,10.368,35.0675,449.125,38.25416235640419,13.265,46.30386012833082,11.925558272989658,1.7796464656952415e+18,1.7796302090729974e+18
1779640430078853878,10.208,38.2475,1370.6,38.23159116158167,13.51,46.27938742059433,11.925242276262143,1.779646537287503e+18,1.77963009195369e+18
1779640430479433699,10.104,40.035,905.925,38.21469991900915,14.035,46.26905022953919,11.925005798866128,1.779646607930186e+18,1.7796299764013809e+18
1779640430880022907,10.116,39.95,1126.25,38.20563740375536,14.035,46.26470068903231,11.924878923652575,1.7796466787643853e+18,1.779629860532409e+18
1779640431280589393,10.1,40.0825,160.225,38.20027076264277,14.682500000000001,46.2600266246147,11.924803790676998,1.7796467504056018e+18,1.7796297433302275e+18
1779640431681202682,10.012,41.385,488.95,38.20245669066955,15.19,46.28073689693465,11.924834393669373,1.7796468237528814e+18,1.7796296233146476e+18
1779640432081808199,9.956,42.265,1492.15,38.20615296382263,15.89,46.29940202069836,11.924886141493516,1.7796468990508867e+18,1.7796295000826972e+18
1779640432482701576,9.944,42.7,1276.875,38.20478331559288,15.89,46.28433069238835,11.9248669664183,1.779646976704974e+18,1.779629372952047e+18
1779640432883117696,10.012,42.25,619.9,38.19559224116385,16.397499999999997,46.25156100289818,11.924738291376293,1.7796470563842022e+18,1.7796292424596147e+18
1779640433283521585,10.696,25.465,253.375,38.190448709165814,16.9575,46.2536466293619,11.924666281928321,1.779647138626926e+18,1.779629107719014e+18
1779640433684308049,11.244,11.98,773.225,38.15405003315733,17.43,46.25013095085869,11.924156700464202,1.7796472217011653e+18,1.7796289715486715e+18
1779640434084880060,11.648,2.9825,721.275,38.09471180862806,17.43,46.23035128401496,11.923325965320792,1.7796473045134019e+18,1.7796288357191393e+18
1779640434485529437,11.736,1.415,562.75,38.054653984727715,17.5,46.194680132999345,11.922765155786188,1.779647387847592e+18,1.7796286989619738e+18
1779640434885908503,11.756,1.5325,78.975,38.01234012793291,17.395,46.17448817979743,11.92217276179106,1.779647473327287e+18,1.779628558574703e+18
1779640435286340213,11.768,1.5475,241.0,37.973863454962874,17.255,46.150734544631746,11.92163408836948,1.779647560416579e+18,1.7796284154518474e+18
1779640435686623736,11.78,1.5175,735.45,37.9449795171451,17.255,46.14720303678036,11.921229713240031,1.7796476492367887e+18,1.7796282694096786e+18
1779640436087238091,11.792,1.4825,606.0,37.91990072836102,17.290000000000003,46.1420670806208,11.920878610197054,1.77964773986047e+18,1.7796281203339036e+18
1779640436487753785,11.804,1.5675,210.95,37.90092513227954,17.115,46.13576259181655,11.920612951851913,1.7796478328221033e+18,1.7796279673482378e+18
1779640436888248939,11.812,1.4825,643.75,37.885885743706176,17.115,46.1390252150856,11.920402400411886,1.7796479294338621e+18,1.7796278082803507e+18
1779640437288647935,11.816,1.4325,326.15,37.866398249621085,16.905,46.11838427908192,11.920129575494695,1.7796480290577441e+18,1.7796276441806408e+18
1779640437688714920,11.824,1.4975,995.325,37.85294986474261,16.9225,46.102240307205854,11.919941298106396,1.779648131212135e+18,1.7796274758605007e+18
1779640438089066395,11.828,1.3825,1399.075,37.84128774637066,16.8875,46.08634228946547,11.919778028449189,1.7796482356067674e+18,1.779627303805004e+18
1779640438489314683,11.828,1.5825,992.825,37.83450631502593,16.8875,46.09177661874606,11.919683088410363,1.77964834277961e+18,1.7796271271310305e+18
1779640438889628677,11.84,1.4975,1391.45,37.82929196726677,16.73,46.07099479385324,11.919610087541734,1.7796484524065897e+18,1.779626946379856e+18
1779640439289909978,11.84,1.4625,969.55,37.837219500834905,16.765,46.110210704305224,11.919721073011688,1.7796485659784914e+18,1.7796267591057492e+18
1779640439690163516,11.848,1.5175,1320.425,37.84277304124467,16.765,46.08910148315449,11.919798822577425,1.779648683429459e+18,1.7796265654138278e+18
1779640440090478812,11.852,1.5825,752.8,37.846636808451805,16.834999999999997,46.099788804356955,11.919852915318325,1.779648804456134e+18,1.7796263658047782e+18
1779640440490766879,11.852,1.5475,658.95,37.848081721454385,16.765,46.100407619187244,11.919873144100361,1.7796489293640704e+18,1.7796261597665536e+18
1779640441091051179,11.856,1.5475,372.55,37.85023407740195,16.87,46.097453810866654,11.919903277083627,1.779649058870368e+18,1.7796259461143334e+18
1779640441491409299,11.86,1.4825,1136.925,37.8542114717484,16.87,46.101171925692555,11.919958960604477,1.7796491929526728e+18,1.7796257248871836e+18
1779640441891675307,11.864,1.615,192.8,37.86513314414382,16.9225,46.11737676496782,11.920111864018013,1.7796493335307174e+18,1.779625492916399e+18
1779640442291936311,11.868,1.5975,588.375,37.87204474821257,16.87,46.11278158066805,11.920208626474976,1.7796494800453407e+18,1.7796252511222912e+18
1779640442692152108,11.872,1.75,157.175,37.88441256777395,16.87,46.115024032304085,11.920381775948835,1.7796496342740004e+18,1.779624996569925e+18
1779640443092324813,11.872,1.5975,479.65,37.895889643777934,16.695,46.125855724782,11.92054245501289,1.7796497957000684e+18,1.7796247301171896e+18
1779640443492666576,11.88,1.615,1463.775,37.90727226467,16.2225,46.11901055610693,11.92070181170538,1.7796499625727027e+18,1.779624454672432e+18
1779640443892777800,11.88,1.5975,1190.275,38.00146054599293,16.2225,46.15608531724774,11.9220204476439,1.7796501479127155e+18,1.7796241488466675e+18
1779640444292973269,11.876,1.4975,355.625,38.06627275634618,15.977500000000001,46.18402690730812,11.922927818588846,1.7796503492460544e+18,1.779623816684182e+18
1779640444693201539,11.884,1.4825,1085.275,38.122918108945825,15.662499999999998,46.20862203612195,11.923720853525241,1.7796505673191173e+18,1.7796234569385004e+18
1779640445093603401,11.88,1.5325,35.175,38.1727708257867,15.662499999999998,46.230270650290265,11.924418791561013,1.7796508034020047e+18,1.779623067498069e+18
1779640445493936754,11.752,4.7675,107.325,38.225878145629416,15.295,46.25097891938429,11.925162294038811,1.779651060230404e+18,1.779622643845343e+18
1779640445894313694,11.82,2.8975,327.525,38.26755826408864,15.015,46.268523395066374,11.92574581569724,1.7796513393645107e+18,1.7796221833806774e+18
1779640446294744909,11.76,3.7975,999.525,38.298282365870485,15.015,46.28154549852251,11.926175953122186,1.7796516404324214e+18,1.7796216867068536e+18
1779640446695061518,11.056,20.9,1411.9,38.33138747606955,14.77,46.265889162727966,11.926639424664973,1.7796519650353275e+18,1.7796211511930458e+18
1779640447696262043,10.96,23.315,1031.975,38.36076473844314,14.77,46.24003516611784,11.927050706338203,1.7796523175769027e+18,1.779620569558156e+18
1779640448096534899,10.416,33.985,1510.925,38.37718275707283,14.717500000000001,46.216692296039454,11.92728055859902,1.7796526998844444e+18,1.7796199387373317e+18
1779640448496920282,10.668,28.0475,1334.175,38.39421507275766,14.8925,46.20900168515912,11.927519011018607,1.7796531128653804e+18,1.779619257249122e+18
1779640448897300746,10.596,28.5675,794.775,38.40837862405098,15.224999999999998,46.21996621037594,11.927717300736713,1.77965355768234e+18,1.7796185231782167e+18
1779640449297734868,10.088,40.1325,787.05,38.416376484522786,15.224999999999998,46.21467186341064,11.927829270783318,1.7796540357473183e+18,1.7796177341839542e+18
1779640449698118243,9.932,43.265,763.475,38.42332118609545,15.7325,46.2154810836528,11.927926496605336,1.77965455131907e+18,1.7796168832247706e+18
1779640450098478170,10.192,37.0175,691.525,38.43351416775861,16.2225,46.23262290046768,11.92806919834862,1.7796551074642125e+18,1.779615965255292e+18
1779640450498783272,10.04,40.065,471.95,38.44326887150305,16.2225,46.2560619437128,11.928205764201042,1.7796557073011896e+18,1.7796149751338107e+18
1779640450899172696,9.912,43.4325,1440.275,38.450693763061395,16.6775,46.263346299470214,11.928309712682859,1.779656355000995e+18,1.77961390596914e+18
1779640451299632501,10.0,41.835,1118.55,38.451386329734234,17.150000000000002,46.25982328120983,11.928319408616279,1.7796570517347192e+18,1.7796127558230254e+18
1779640451699950361,9.872,44.7975,136.725,38.45345880022393,17.535,46.251746176754736,11.928348423203134,1.7796578050370534e+18,1.77961151224911e+18
1779640452100252661,9.86,44.75,417.25,38.45377814197062,18.0425,46.25110540096733,11.928352893987588,1.7796586251932178e+18,1.7796101582367316e+18
1779640452500532314,9.836,45.7975,1273.325,38.4471071986978,18.5325,46.23420834211612,11.928259500781769,1.7796595149339494e+18,1.779608689267351e+18
1779640452900851070,10.396,31.8825,609.075,38.4447361492369,18.5325,46.25474899287906,11.928226306089316,1.7796604937029048e+18,1.7796070732007936e+18
1779640453301010917,11.228,11.98,220.325,38.401103589527736,18.97,46.25503098849925,11.927615450253388,1.7796615474517235e+18,1.7796053331153193e+18
1779640453701246343,11.428,8.0175,672.375,38.35286582952356,19.162499999999998,46.244925352173375,11.92694012161333,1.7796626711123878e+18,1.7796034773800143e+18
1779640454101431388,11.708,1.65,413.525,38.28699158223241,19.145,46.21744641934481,11.926017882151253,1.7796638694424353e+18,1.7796014980006285e+18
1779640454501699192,11.744,1.4475,1261.975,38.229201333366476,19.040000000000003,46.193032022045905,11.92520881866713,1.7796651586578796e+18,1.7795993681594872e+18
1779640454901852056,11.764,1.4975,574.425,38.178997337272286,19.075,46.17186062677435,11.924505962721812,1.779666574508546e+18,1.7795970287135255e+18
1779640455302058386,11.772,1.3825,114.6,38.13434636000141,19.0925,46.152921884898895,11.92388084904002,1.7796681247781588e+18,1.7795944668136617e+18
1779640455702234137,11.784,1.68,349.725,38.09980852560871,19.0925,46.13849613842615,11.923397319358521,1.7796698459081032e+18,1.7795916222195382e+18
1779640456102512675,11.796,1.4625,1067.275,38.0625480632188,18.9875,46.12277761467085,11.922875672885063,1.779671755972036e+18,1.7795884650055565e+18
1779640456502892506,11.804,1.4825,1618.65,38.02813513777531,18.7075,46.10826240491973,11.922393891928854,1.7796738880549655e+18,1.7795849404452657e+18
1779640456903154053,11.812,1.7,24.525,38.000981948137735,18.55,46.09690405476978,11.922013747273928,1.779676308963909e+18,1.7795809380580134e+18
1779640457303378118,11.816,1.4625,74.825,37.97056321651629,18.462500000000002,46.08404351890701,11.921587885031228,1.7796790572730476e+18,1.7795763940000765e+18
1779640457703485793,11.824,1.4975,228.325,37.94515541843342,18.462500000000002,46.073328549356674,11.921232175858067,1.779682203309768e+18,1.779571191967031e+18
1779640458103727346,11.832,1.4325,696.775,37.91841822207529,18.2175,46.062031842307604,11.920857855109054,1.7796858659950264e+18,1.7795651351943503e+18
1779640458503840815,11.836,1.4325,487.975,37.892266240619215,18.1125,46.050968820601355,11.920491727368669,1.779690175055488e+18,1.7795580090686868e+18
1779640458904041007,11.84,1.5825,1489.175,37.87204367264094,17.99,46.042441701221335,11.920208611416973,1.779694794333875e+18,1.7795503698670387e+18
1779640459304261857,11.84,1.4825,1267.8,37.850097390421105,17.99,46.03317149434323,11.919901363465895,1.779699861366236e+18,1.779541989986389e+18
1779640459704666915,11.848,1.5325,592.2,37.83087752670214,17.92,46.02528819068648,11.91963228537383,1.779705456449735e+18,1.7795327365997924e+18
1779640460104990988,11.848,1.5475,168.85,37.81396291507549,17.709999999999997,46.018703469531566,11.919395480811056,1.779711735101307e+18,1.7795223524422904e+18
1779640460505349353,11.852,1.4825,515.275,37.79821200998227,17.5175,46.01284081400431,11.919174968139751,1.779718985545355e+18,1.7795103606728978e+18
1779640460905989022,11.86,1.5675,1572.475,37.78663367755878,17.5175,46.00900507100729,11.919012871485823,1.779727642011632e+18,1.7794960430463606e+18
1779640461306098658,11.856,1.4825,1522.0,37.775091866313,17.3075,46.00599075496937,11.918851286128382,1.7797386370179507e+18,1.779477856923466e+18
1779640461706533938,11.864,1.4325,1367.975,37.76804270562228,17.1325,46.0046047092872,11.918752597878711,1.779753054655357e+18,1.7794540091080614e+18
1779640462106829426,11.868,1.5675,897.925,37.76322981151566,16.974999999999998,46.01080274226546,11.918685217361219,1.7797727743807488e+18,1.7794213907026993e+18
1779640462507138367,11.872,1.5825,1101.825,37.769470320395975,16.974999999999998,46.0468130535252,11.918772584485543,1.77980166729098e+18,1.7793735986891297e+18
1779640462907325621,11.872,1.4825,85.7,37.777881467120366,16.87,46.05212461185876,11.918890340539685,1.7798480274877786e+18,1.779296913684406e+18
1779640463307606946,11.872,1.5175,261.525,37.79196039006631,16.7825,46.05500137085581,11.919087445460928,1.7799347220623903e+18,1.7791535111775508e+18
1779640463708001099,11.876,1.5675,798.1,37.7992310867325,16.7825,46.07024480526386,11.919189235214255,1.7801524037165279e+18,1.778793440734283e+18
1779640464108757619,11.876,1.5675,797.2,37.81127606638529,16.747500000000002,46.07596069528781,11.919357864929394,1.781727622370391e+18,1.7761878478335286e+18
1779640464509285850,11.876,1.4825,794.45,37.820835406697505,16.8,46.08271759682443,11.919491695693765,1.7786577263939284e+18,1.781265809775006e+18
1779640464909899833,11.884,1.5175,786.05,37.8510977277207,16.8,46.07666213871255,11.91991536818809,1.7792498900658775e+18,1.7802863012030833e+18
1779640465310353617,11.888,1.4325,760.425,37.87075302286024,16.765,46.10307555528986,11.920190542320043,1.779398924020338e+18,1.7800397811710205e+18
1779640465710716189,11.884,1.4825,682.225,37.89719797499248,16.747500000000002,46.151252591561445,11.920560771649894,1.7794671357214973e+18,1.77992695041408e+18
1779640466111192142,11.884,1.5475,443.575,37.91423610860655,16.695,46.167508114250104,11.920799305520491,1.779505757807433e+18,1.7798630645378985e+18
1779640466511833882,11.888,1.5175,1353.675,37.936953526004956,16.695,46.19971519631003,11.921117349364069,1.779530691411164e+18,1.7798218209768968e+18
1779640467112355232,11.892,1.415,854.275,37.96090863349461,16.625,46.23540940281693,11.921452720868924,1.7795481249775785e+18,1.7797929833229775e+18
1779640467912679127,11.892,1.5175,968.625,37.97910553630699,16.6075,46.24888728740826,11.921707477508297,1.7795609678879365e+18,1.7797717392528584e+18
1779640468312794443,11.896,1.5175,1317.6,37.99586346071285,16.6075,46.22123046128106,11.92194208844998,1.779570774515967e+18,1.7797555176308275e+18
1779640468712977214,11.892,1.68,744.175,38.011743722464274,16.5725,46.21509705090356,11.9221644121145,1.779578517349735e+18,1.7797427098486126e+18
1779640469313214988,11.804,3.265,292.2,38.027572524785846,16.3625,46.232179781913295,11.922386015347001,1.779584762299127e+18,1.7797323797882222e+18
1779640469713379716,11.812,3.185,891.7,38.0395033780857,16.1875,46.22874142845036,11.9225530472932,1.7795899005127544e+18,1.779723880485711e+18
1779640470113746582,11.472,10.9175,1082.85,38.05210456291336,15.959999999999999,46.21569159481479,11.922729463880787,1.7795941885400535e+18,1.7797167875379395e+18
1779640470714055868,11.4,12.0825,27.775,38.09596220350028,15.959999999999999,46.206905891512214,11.923343470849003,1.779597914751797e+18,1.7797106236812196e+18
1779640471314336944,11.324,13.415,84.75,38.151762710999364,15.819999999999999,46.22569504709643,11.92412467795399,1.7796011991749394e+18,1.7797051903525025e+18
1779640471714617824,11.724,3.7325,258.625,38.18911643601662,15.75,46.24320569564605,11.924647630104232,1.7796040718569203e+18,1.779700438037029e+18
1779640472114939330,11.368,12.43,789.25,38.2335749569636,15.75,46.25962703156818,11.92527004939749,1.779606593972565e+18,1.779696265478367e+18
1779640472515110444,11.74,3.165,770.175,38.25196685794141,15.575000000000001,46.268754248092684,11.92552753601118,1.7796087708847626e+18,1.7796926639662566e+18
1779640472915388950,11.128,17.565,711.975,38.28020096441807,15.435,46.277157421909,11.925922813501852,1.7796106740624804e+18,1.7796895152053563e+18
1779640473315717466,10.872,23.65,534.375,38.309465640654544,15.592500000000001,46.275717321368965,11.926332518969163,1.7796123457899643e+18,1.7796867492485263e+18
1779640473716039459,10.924,21.1675,1630.775,38.3285240611551,15.592500000000001,46.29123191246522,11.926599336856171,1.7796138202507072e+18,1.7796843096076856e+18
1779640474316310465,10.968,19.88,61.525,38.342400403690064,15.645,46.30851035898656,11.92679360565166,1.7796151235457746e+18,1.7796821531220652e+18
1779640474716668889,10.9,21.65,187.75,38.355314422910276,15.8725,46.32189305551557,11.926974401920743,1.7796162865432888e+18,1.7796802287402143e+18
1779640475317384643,11.644,3.7,572.95,38.32782305772951,15.8725,46.31358448037587,11.926589522808213,1.7796172903896776e+18,1.779678567779447e+18
1779640475717836305,10.86,22.265,110.1,38.33735193301858,16.0825,46.32930476252404,11.92672292706226,1.7796181880900252e+18,1.7796770823912223e+18
1779640476118268147,11.196,14.5325,335.975,38.33532212195028,16.135,46.34009271629873,11.926694509707303,1.7796189919640788e+18,1.7796757522510223e+18
1779640476518837725,11.228,13.2675,1025.3,38.32606297509393,16.135,46.351310233913956,11.926564881651315,1.7796197354608668e+18,1.7796745221328443e+18
1779640476919264319,10.976,20.6825,1490.55,38.33409328092312,16.099999999999998,46.35254480552503,11.926677305932923,1.7796204289720118e+18,1.7796733747472082e+18
1779640477519795946,10.38,33.7175,1271.975,38.333863583078,16.135,46.344520953833516,11.926674090163091,1.779621085922824e+18,1.7796722879555136e+18
1779640477920200028,10.86,21.5975,604.95,38.32577507101393,16.38,46.36078722315725,11.926560850994194,1.7796216958449884e+18,1.779671279053287e+18
1779640478520890129,11.736,1.5675,207.75,38.276409290024304,16.38,46.33870402460877,11.92586973006034,1.779622245853121e+18,1.779670369474237e+18
1779640478921425270,11.768,1.4975,634.0,38.23859380467436,16.2925,46.32169181340886,11.92534031326544,1.7796227516328253e+18,1.7796695332306752e+18
1779640479321785406,11.784,1.615,296.4,38.206892526587055,15.959999999999999,46.307550779863135,11.924896495372218,1.779623220309451e+18,1.779668758502398e+18
1779640479722356168,11.796,1.4825,904.525,38.17820321757441,15.959999999999999,46.29462897069668,11.924494845046041,1.7796236561897774e+18,1.7796680381424468e+18
1779640480122873011,11.812,1.5175,1121.975,38.157942753818574,15.557500000000001,46.285521079618185,11.92421119855346,1.779624066207258e+18,1.7796673606527777e+18
1779640480523196020,11.82,1.4975,147.175,38.13726905251202,15.557500000000001,46.276206191434774,11.923921766735168,1.7796244542825024e+18,1.7796667195510042e+18
1779640481924635117,11.832,1.5325,1370.6,38.12234917148855,14.682500000000001,46.26949044549922,11.92371288840084,1.7796248233208353e+18,1.7796661100127224e+18
1779640482324888517,11.84,1.5475,905.925,38.11051348024483,14.682500000000001,46.26416583938719,11.923547188723427,1.779625172096762e+18,1.7796655340292035e+18
1779640482725065125,11.84,1.415,1126.25,38.09179050926654,14.157499999999999,46.255759595789655,11.923285067129731,1.7796255017434053e+18,1.779664989748542e+18
1779640483125483055,11.852,1.4825,160.225,38.080707439451494,13.825000000000001,46.250785256353616,11.92312990415232,1.7796258147071834e+18,1.7796644730951045e+18
1779640484326373311,11.864,1.5475,619.9,38.0716275634455,14.0,46.24673459975374,11.923002785888237,1.7796261137703114e+18,1.7796639794716042e+18
1779640484726577166,11.872,1.4475,253.375,38.066271721432315,14.0,46.24432202207864,11.922927804100052,1.7796263990118858e+18,1.779663508720809e+18
1779640485126761545,11.872,1.4625,773.225,38.05921119436201,14.489999999999998,46.24118995669079,11.922828956721068,1.779626647059646e+18,1.7796630993823224e+18
1779640485727070837,11.872,1.4825,721.275,38.05151431827962,15.102500000000001,46.23775051788039,11.922721200455914,1.7796268653390858e+18,1.779662739200982e+18
1779640486127243116,11.876,1.4625,562.75,38.04540537117817,15.102500000000001,46.23502417032266,11.922635675196494,1.7796270604926223e+18,1.7796624172092787e+18
1779640486927768197,11.884,1.5675,241.0,38.04599474527754,15.400000000000002,46.235229329720525,11.922643926433885,1.7796272384502185e+18,1.77966212360458e+18
1779640487327898903,11.884,1.5475,735.45,38.04592063976102,15.400000000000002,46.23515383815379,11.922642888956654,1.7796274022228186e+18,1.7796618534193784e+18
1779640487728094556,11.884,1.415,606.0,38.04125755209784,15.3125,46.233080782366386,11.92257760572937,1.7796275525524703e+18,1.7796616054406868e+18
1779640488128319973,11.884,1.5675,210.95,38.03875043978745,15.084999999999999,46.231878316331716,11.922542506157024,1.7796276695175045e+18,1.7796614125741555e+18
1779640488528446924,11.892,1.4325,643.75,38.036115916620716,15.084999999999999,46.23071853110083,11.92250562283269,1.779627779098453e+18,1.779661231906026e+18
1779640488928645415,11.892,1.3825,326.15,38.03178382978619,14.8925,46.22878470415689,11.922444973617006,1.7796278847652928e+18,1.779661057724463e+18
1779640489328827137,11.892,1.4825,995.325,38.0328902742699,14.8925,46.2292047956246,11.922460463839778,1.779627988390108e+18,1.7796608869266826e+18
1779640489729150748,11.896,1.5475,1399.075,38.03111041012444,14.822500000000002,46.22834415689722,11.922435545741742,1.7796280988510116e+18,1.779660704899633e+18
1779640490130004449,11.892,1.5325,992.825,38.02540543300769,14.612499999999999,46.22581306738981,11.922355676062107,1.7796282167518523e+18,1.7796605106640348e+18
1779640490930861837,11.896,1.4975,969.55,38.023344012630815,14.594999999999999,46.22490000984944,11.922326816176831,1.7796283390419405e+18,1.779660309236338e+18
1779640491731814253,11.9,1.5975,752.8,38.024460459269065,14.367500000000001,46.225288189500525,11.922342446429766,1.7796284658481316e+18,1.77966010039774e+18
1779640492132229701,11.9,1.5675,658.95,38.02239533794458,14.262500000000001,46.22430615850686,11.922313534731224,1.779628595117292e+18,1.779659887536393e+18
1779640492733196570,11.9,1.5825,372.55,38.02445504885587,14.262500000000001,46.22508899889208,11.922342370683982,1.7796287259137843e+18,1.779659672181422e+18
1779640493533989242,11.904,1.5475,588.375,38.027731782011664,13.8775,46.22649966004785,11.922388244948163,1.779628857510068e+18,1.7796594555292726e+18
1779640493934779819,11.904,1.415,157.175,38.0248807205063,13.7725,46.22533215025738,11.922348330087088,1.7796289887010294e+18,1.7796592395799654e+18
1779640494335111154,11.904,1.4825,479.65,38.0212262578778,13.7725,46.22369906345981,11.922297167610289,1.7796291193971492e+18,1.7796590244828534e+18
1779640494735913812,11.908,1.5175,355.625,38.021424367089246,13.405000000000001,46.223855024961374,11.922299941139249,1.7796292494622592e+18,1.779658810449096e+18
1779640495136376674,11.876,2.4325,1085.275,38.01661472037076,13.405000000000001,46.22568782929038,11.92223260608519,1.7796293769501652e+18,1.7796586006974446e+18
1779640495536756325,11.876,2.13,35.175,38.01589410820019,13.1775,46.22572123303217,11.922222517514802,1.7796295029014482e+18,1.7796583935033587e+18
1779640495937057673,11.836,3.1,107.325,38.020137087263905,13.1775,46.227732614844015,11.922281919221694,1.7796296282269542e+18,1.779658187349858e+18
1779640496737804555,10.896,24.465,999.525,38.005691346354396,12.8975,46.186436153425696,11.922079678848961,1.779629749754146e+18,1.7796579875193508e+18
1779640497538602862,10.884,22.9675,1031.975,37.99084080439,13.2125,46.17413038103883,11.92187177126146,1.7796298665136566e+18,1.779657795605645e+18
1779640497938720862,11.168,15.865,1510.925,37.960255815713566,13.2125,46.17675005879332,11.92144358141999,1.7796299768019323e+18,1.7796576144512492e+18
1779640498338864978,10.856,23.63,1334.175,37.94721766367111,13.65,46.16877799493757,11.921261047291395,1.7796300831300744e+18,1.7796574398679365e+18
1779640498739068809,10.496,31.08,794.775,37.93313068082854,14.069999999999999,46.17477986715737,11.9210638295316,1.779630185319367e+18,1.7796572721506028e+18
1779640499139220265,10.444,31.95,787.05,37.926931660042584,14.069999999999999,46.1953729047237,11.920977043240596,1.779630285266877e+18,1.7796571081530975e+18
1779640499539390081,10.324,34.25,763.475,37.92555180064847,14.629999999999999,46.213962526015585,11.920957725209078,1.7796303833159652e+18,1.7796569472956652e+18
1779640499939707480,11.048,17.3475,691.525,37.924814975577675,15.015,46.217771425584914,11.920947409658087,1.779630479690693e+18,1.7796567892073692e+18
1779640500339849291,10.876,20.6975,471.95,37.91478400824066,15.015,46.233561607460594,11.920806976115369,1.779630572819815e+18,1.779656636498632e+18
1779640500740202722,10.768,22.65,1440.275,37.905405702454736,15.19,46.26072240236577,11.920675679834366,1.7796306629248579e+18,1.779656488801736e+18
1779640501140531270,10.632,26.535,1118.55,37.904278045636396,15.435,46.27834203224179,11.92065989263891,1.7796307516471967e+18,1.779656343392681e+18
1779640501540827220,10.232,35.3,136.725,37.95051227938685,15.435,46.3189900861814,11.921307171911415,1.7796308454167078e+18,1.779656189565799e+18
1779640501941036409,10.004,40.95,417.25,37.96045845959581,15.645,46.32779665754593,11.921446418434341,1.779630938549394e+18,1.7796560367729777e+18
1779640502541510639,9.964,41.385,1273.325,37.99483022089749,16.1175,46.35479971847848,11.921927623092564,1.7796310339678474e+18,1.7796558801454218e+18
1779640502941682790,9.968,42.335,609.075,38.00577570453376,16.625,46.346472486300236,11.922080859863472,1.779631129858964e+18,1.7796557227280865e+18
1779640503341938892,9.972,41.9325,220.325,38.00948789577083,16.625,46.348107927153485,11.922132830540791,1.7796312240523576e+18,1.7796555681100974e+18
1779640503742362211,10.112,37.65,672.375,38.0209044901296,17.0625,46.376645210906645,11.922292662861814,1.7796313173437384e+18,1.7796554149628925e+18
1779640504142567545,10.112,38.08,413.525,38.02706224886795,17.5,46.396374973895014,11.92237887148415,1.7796314094295514e+18,1.779655263799835e+18
1779640504543132266,10.032,40.465,1261.975,38.03452563354812,17.7975,46.38704940056684,11.922483358869673,1.7796315004801718e+18,1.7796551143376558e+18
1779640504943578262,9.988,41.1475,574.425,38.06610971966983,18.095,46.39820503324833,11.922925536075377,1.779631593713091e+18,1.7796549612263076e+18
1779640505344113145,10.512,28.0475,114.6,38.06925233809475,18.095,46.42394644099183,11.922969532733326,1.7796316847025326e+18,1.7796548118156076e+18
1779640505744786781,11.212,12.2325,349.725,38.03943358310549,18.515,46.42341690484568,11.922552070163476,1.77963177046951e+18,1.7796546710831795e+18
1779640506145014820,10.948,19.065,1067.275,38.0450735237631,18.41,46.43346087096904,11.922631029332683,1.7796318538596186e+18,1.7796545342611604e+18
1779640506545641029,11.052,16.315,1618.65,38.02214170628466,18.375,46.4374291264893,11.922309983887985,1.7796319311390042e+18,1.7796544075553441e+18
1779640506946290314,11.616,2.7975,24.525,37.95058683554137,18.3925,46.415792478381796,11.921308215697579,1.7796319962987072e+18,1.7796543009548268e+18
1779640507346466292,11.732,1.35,74.825,37.89586335347416,18.0775,46.390593013021004,11.920542086948638,1.7796320517314534e+18,1.779654210480021e+18
1779640507746854013,11.744,1.4825,228.325,37.85082389854194,18.0775,46.35016341372528,11.919911534579587,1.7796320975145198e+18,1.779654135976396e+18
1779640508147790588,11.764,1.615,696.775,37.82752211966725,17.9025,46.31867425090574,11.919585309675341,1.7796321375727122e+18,1.7796540709394813e+18
1779640508548225618,11.776,1.5975,487.975,37.79580779734809,17.6575,46.28799913077074,11.919141309162873,1.779632172170263e+18,1.7796540149532234e+18
1779640508948870904,11.788,1.5975,1489.175,37.77909686243872,17.6575,46.303507711383965,11.918907356074142,1.779632203345677e+18,1.779653964631055e+18
1779640509349471204,11.796,1.4825,1267.8,37.75752718236505,17.150000000000002,46.298638213199354,11.91860538055311,1.7796322326660475e+18,1.7796539174082813e+18
1779640509750050831,11.804,1.4325,592.2,37.73751970857457,16.695,46.29002354835387,11.918325275920044,1.7796322599415708e+18,1.779653873592384e+18
1779640510150714689,11.816,1.3975,168.85,37.727898260465096,16.064999999999998,46.30605260211271,11.918190575646511,1.7796322859594276e+18,1.779653831866687e+18
1779640510551427170,11.816,1.5825,515.275,37.717589278772806,16.064999999999998,46.307565205534644,11.918046249902819,1.7796323103311414e+18,1.7796537928692616e+18
1779640510951978582,11.824,1.5325,1572.475,37.71197394113323,15.680000000000001,46.31901432836024,11.917967635175865,1.7796323338479473e+18,1.7796537552888276e+18
1779640511352620885,11.828,1.5475,1522.0,37.703472617256494,15.680000000000001,46.31074961416727,11.91784861664159,1.7796323477872146e+18,1.7796537334651712e+18
1779640511752987850,11.836,1.5675,1367.975,37.69660254098672,15.19,46.29276240371638,11.917752435573814,1.779632356742355e+18,1.7796537198490732e+18
1779640512153096799,11.836,1.4825,897.925,37.721622635648465,14.629999999999999,46.27336527774037,11.918102716899078,1.779632365169859e+18,1.779653707041919e+18
1779640512553326598,11.84,1.5175,1101.825,37.76087515524645,14.629999999999999,46.27586903851848,11.91865225217345,1.779632374778887e+18,1.7796536922043085e+18
1779640512953468824,11.848,1.5825,85.7,37.80418522219335,14.209999999999999,46.28292494348921,11.919258593110706,1.7796323874452984e+18,1.7796536722443105e+18
1779640513353816767,11.848,1.5475,261.525,37.84399332549724,14.209999999999999,46.295022351520636,11.91981590655696,1.7796324028256983e+18,1.7796536477352205e+18
1779640513754018489,11.844,1.6325,798.1,37.88322175911453,13.667499999999999,46.31175754430043,11.920365104627603,1.7796324215290524e+18,1.779653617679028e+18
1779640514154400612,11.856,1.68,797.2,37.92268602746045,13.265,46.328622953227885,11.920917604384446,1.779632443933168e+18,1.779653581455947e+18
1779640514554748165,11.86,1.5325,794.45,37.9548822049704,13.265,46.34233190597349,11.921368350869585,1.779632474936349e+18,1.7796535310370721e+18
1779640514954938310,11.864,1.4825,786.05,37.985245787533955,12.7575,46.35530417411851,11.921793441025475,1.7796325128285133e+18,1.7796534692385298e+18
1779640515355236219,11.864,1.4825,760.425,38.01077276696326,12.7575,46.36613943749762,11.922150818737485,1.779632556193345e+18,1.7796533984003976e+18
1779640515755367374,11.864,1.4625,682.225,38.03210659969477,12.2675,46.375232472720754,11.922449492395726,1.779632603693279e+18,1.7796533207329044e+18
1779640516155780579,11.864,1.4975,443.575,38.04902676964207,12.2675,46.382475458474794,11.922686374774988,1.7796326548961308e+18,1.7796532369563287e+18
1779640516556174414,11.872,1.4625,1353.675,38.06370196721769,11.8475,46.38876089976797,11.922891827541047,1.7796327082779663e+18,1.7796531495802258e+18
1779640516956600120,11.868,1.4975,854.275,38.07421982444438,11.8475,46.39325739328968,11.92303907754222,1.779632763209119e+18,1.7796530596490499e+18
1779640517356953213,11.872,1.5975,968.625,38.08588718155784,11.3925,46.39820942383983,11.92320242054181,1.7796328187706493e+18,1.7796529686702738e+18
1779640517757330361,11.88,1.5675,1317.6,38.097016004759354,11.3925,46.402925588622956,11.92335822406663,1.7796328746118426e+18,1.7796528772217116e+18
1779640518157803673,11.744,4.8475,744.175,38.110846520567264,11.3925,46.406460052362064,11.923551851287941,1.7796329301172106e+18,1.7796527863088049e+18
1779640518558296420,11.8,3.3125,632.625,38.11814210465041,10.885,46.40872882069855,11.923653989465105,1.779632985163947e+18,1.7796526961475814e+18
1779640518958660792,10.924,23.4975,292.2,38.11942589221746,10.885,46.378440339310956,11.923671962491044,1.7796330374900255e+18,1.7796526104641843e+18
1779640519358945030,10.864,23.4175,891.7,38.11345816442298,10.657499999999999,46.36703311168695,11.923588414301921,1.7796330864151798e+18,1.779652530389466e+18
1779640520159682516,10.928,21.5675,27.775,38.10484151444418,10.85,46.361994398852474,11.923467781202218,1.7796331327384384e+18,1.7796524546207619e+18
1779640520560352346,11.12,16.3475,84.75,38.09067354730031,10.85,46.366104074955494,11.923269429662204,1.7796331760524964e+18,1.779652383831944e+18
1779640520960745150,11.048,18.03,258.625,38.07784450842388,10.9725,46.37030732444967,11.923089823117934,1.779633216991163e+18,1.7796523169785034e+18
1779640521361271624,10.812,23.25,789.25,38.0662016735027,10.9725,46.37596017281305,11.922926823429037,1.779633255272084e+18,1.7796522545200804e+18
1779640521761856375,10.86,22.18,770.175,38.05472191836865,11.112499999999999,46.381465228307796,11.92276610685716,1.77963329068355e+18,1.779652196802483e+18
1779640522162613874,10.844,22.15,711.975,38.03814056329566,11.112499999999999,46.38987330495927,11.922533967886139,1.7796333230347942e+18,1.7796521441477553e+18
1779640522563001177,10.908,20.6975,534.375,38.02122045800496,11.4275,46.39773030265206,11.922297086412069,1.7796333519973076e+18,1.77965209709417e+18
1779640522963427090,10.908,19.7175,1630.775,37.9945147062927,11.4275,46.41239017764102,11.921923205888097,1.7796333768095296e+18,1.7796520569104934e+18
1779640523364044420,11.048,17.115,61.525,37.96830671340126,11.9525,46.41882356278996,11.921556293987617,1.7796333976110802e+18,1.779652023363784e+18
1779640523764576670,10.9,20.415,187.75,37.947368797408004,11.9525,46.429699147742696,11.921263163163712,1.7796334146958175e+18,1.779651995960019e+18
1779640524165059764,11.04,17.4475,572.95,37.92216197505199,12.512500000000001,46.43475383953007,11.920910267650727,1.7796334279536445e+18,1.7796519748871468e+18
1779640524565785193,11.028,17.665,110.1,37.89436897184822,12.6175,46.439114631936334,11.920521165605875,1.7796334370523697e+18,1.7796519606941217e+18
1779640524966238427,11.028,17.3175,335.975,37.863619606781455,12.6175,46.44525881037308,11.92009067449494,1.7796334419170317e+18,1.7796519535087857e+18
1779640525366665404,11.012,17.565,1025.3,37.83318307090429,13.0025,46.45261665745995,11.91966456299266,1.7796334421460585e+18,1.779651953988387e+18
1779640525767144709,11.092,16.0825,1490.55,37.79812674303652,13.0025,46.45343426339537,11.91917377440251,1.7796334308325292e+18,1.7796519734703457e+18
1779640526167733602,11.208,13.0975,1271.975,37.753379223052136,13.299999999999999,46.45001288582711,11.91854730912273,1.7796334086662223e+18,1.7796520108421645e+18
1779640526568244750,10.496,30.5175,604.95,37.73102506702658,13.299999999999999,46.44199063481878,11.918234350938372,1.7796333788352074e+18,1.7796520608305044e+18
1779640526968800622,10.512,28.6825,207.75,37.71037278709023,13.51,46.460460206226514,11.917945219019263,1.7796333427426726e+18,1.7796521211309862e+18
1779640527368886235,10.284,34.75,634.0,37.6923548262828,14.0175,46.46107394303856,11.917692967567959,1.779633302511877e+18,1.7796521882564454e+18
1779640527769278538,10.316,33.6325,296.4,37.672984920352796,14.0175,46.46915521730968,11.917421788884939,1.7796332576848077e+18,1.7796522629615427e+18
1779640528569900454,10.596,27.1175,147.175,37.64757108332358,14.735,46.47848277565968,11.91706599516653,1.7796332077376573e+18,1.7796523461252826e+18
1779640528970138092,10.476,29.9975,449.125,37.62116213557202,15.032499999999999,46.484075464038035,11.916696269898008,1.7796331534658762e+18,1.779652436439799e+18
1779640529370409283,10.46,30.15,1370.6,37.60149237827339,15.33,46.495633202918064,11.916420893295827,1.779633095832417e+18,1.7796525323130757e+18
1779640529770615380,10.52,29.4675,905.925,37.57654938532244,15.33,46.49376287262609,11.916071691394514,1.779633034881367e+18,1.7796526336850726e+18
1779640530171027640,10.512,28.715,1126.25,37.548073707017714,15.6275,46.50484305221022,11.915673031898248,1.779632969370117e+18,1.7796527426031363e+18
1779640530571322589,10.512,28.0675,160.225,37.52402751829585,15.907499999999999,46.52678178188201,11.915336385256142,1.7796329006545147e+18,1.7796528568358267e+18
1779640530971728420,10.788,22.0825,488.95,37.482704311570956,16.135,46.53381585323058,11.914757860361993,1.7796328270509888e+18,1.7796529791839762e+18
1779640531372027023,10.88,20.6325,1492.15,37.44583806376304,16.135,46.53479189905298,11.914241732892682,1.7796327490847826e+18,1.7796531087795336e+18
1779640531772245557,10.864,20.7175,1276.875,37.40452286621343,16.3625,46.53645480887483,11.913663320126988,1.7796326660845975e+18,1.77965324673685e+18
1779640532172423539,10.608,26.965,619.9,37.369046502872465,16.555,46.536230200701745,11.913166651040214,1.7796325789930115e+18,1.7796533915002204e+18
1779640532572581597,10.352,32.7475,253.375,37.34015652557212,16.852500000000003,46.537195091940546,11.91276219135801,1.779632487722558e+18,1.7796535432021535e+18
1779640532972872786,10.612,26.915,773.225,37.30953659884819,17.2025,46.537885501125885,11.912333512383874,1.7796323922709635e+18,1.779653701853714e+18
1779640533373367448,11.244,12.015,721.275,37.24367412433878,17.2025,46.52142292528671,11.911411437740743,1.7796322891049475e+18,1.7796538733380498e+18
1779640533773920217,10.876,21.2,562.75,37.202951879660226,17.3075,46.51430747987999,11.910841326315243,1.7796321796995246e+18,1.779654055184072e+18
1779640534374808214,11.604,3.53,241.0,37.101787229063675,17.4825,46.471264906616106,11.909425021206891,1.779632057765698e+18,1.7796542578681193e+18
1779640534775614970,11.676,2.715,735.45,37.01764601096595,17.4825,46.434308165021974,11.908247044153523,1.7796319245825613e+18,1.779654479261476e+18
1779640535176011162,11.744,1.4825,606.0,36.93182474844489,17.412499999999998,46.39974415751249,11.907045546478228,1.7796317799306565e+18,1.7796547197441032e+18
1779640535576345794,11.768,1.5475,210.95,36.86595677389315,17.255,46.370766445807654,11.906123394834504,1.7796316247898248e+18,1.779654977674606e+18
1779640535977024688,11.776,1.5325,643.75,36.80059480156832,17.255,46.342606005042285,11.905208327221956,1.779631459168934e+18,1.779655253052954e+18
1779640536377652343,11.784,1.5475,326.15,36.748176845277506,17.045,46.32650944595489,11.904474475833885,1.779631291342176e+18,1.7796555322719729e+18
1779640536778154348,11.796,1.4825,995.325,36.71369730832431,16.834999999999997,46.3192342014255,11.90399176231654,1.7796311201413545e+18,1.7796558172117883e+18
1779640537178494754,11.796,1.4325,1399.075,36.70798045487133,16.555,46.31607373372417,11.903911726368198,1.7796309460903155e+18,1.7796561069415012e+18
1779640537578965097,11.808,1.5175,992.825,36.705393257397425,16.555,46.35037854467559,11.903875505603564,1.7796307691806047e+18,1.7796564014692805e+18
1779640537979577048,11.812,1.4325,1391.45,36.69341580245465,16.24,46.34460176298116,11.903707821234365,1.7796305878127823e+18,1.7796567034526177e+18
1779640538380092937,11.82,1.6325,969.55,36.70032843041701,16.0125,46.38511425413069,11.903804598025838,1.779630403357168e+18,1.7796570105903237e+18
1779640538780287311,11.824,1.4325,1320.425,36.70797706879668,16.0125,46.42502149824193,11.903911678963153,1.7796302165192166e+18,1.7796573217220306e+18
1779640539180918696,11.832,1.4975,752.8,36.71934011782284,15.7675,46.45945803174142,11.90407076164952,1.779630027527068e+18,1.7796576364616845e+18
1779640539581432475,11.832,1.5175,658.95,36.73319623909567,15.4525,46.50029336759162,11.904264747347339,1.7796298355209436e+18,1.7796579562155272e+18
1779640539982003305,11.84,1.5475,372.55,36.74987680023653,15.4525,46.538953225413806,11.904498275203311,1.7796296392085332e+18,1.7796582831006717e+18
1779640540382481740,11.84,1.4975,1136.925,36.760579633479814,15.1725,46.562342985259804,11.904648114868717,1.7796294365290179e+18,1.7796586205267796e+18
1779640540783057603,11.84,1.5675,192.8,36.76957879509064,15.1725,46.57766473418504,11.904774103131269,1.7796292263542193e+18,1.7796589703586819e+18
1779640541183766489,11.848,1.4975,588.375,36.783439018109846,14.805000000000001,46.60096668005287,11.904968146253537,1.7796290077499415e+18,1.7796593341221304e+18
1779640541584076719,11.848,1.5325,157.175,36.81134902454776,14.4725,46.66013771735067,11.905358886343668,1.779628783439318e+18,1.7796597072922266e+18
1779640541984592261,11.848,1.5975,479.65,36.81948361406505,14.4725,46.656436199052855,11.90547277059691,1.7796285485930033e+18,1.7796600978847508e+18
1779640542384718967,11.856,1.5675,1463.775,36.856874037796835,14.087500000000002,46.65819727656479,11.905996236529155,1.779628307700362e+18,1.7796604984134426e+18
1779640542784835782,11.86,1.4475,1190.275,36.91663162228138,14.087500000000002,46.68410969352373,11.906832842711939,1.7796280646057088e+18,1.7796609024661742e+18
1779640543185120319,11.86,1.5325,355.625,36.97477087695722,13.737499999999999,46.711991526168624,11.9076467922774,1.7796278198080737e+18,1.7796613092163804e+18
1779640543785464236,11.868,1.5475,1085.275,37.025174774416584,13.737499999999999,46.73599660548203,11.908352446841832,1.779627562459739e+18,1.7796617365539016e+18
1779640544185848300,11.868,1.5825,35.175,37.07059055363038,13.055,46.75759252865459,11.908988267750825,1.7796272983529856e+18,1.779662174947146e+18
1779640544586117611,11.868,1.5325,107.325,37.110284304231975,13.055,46.776516067889474,11.909543980259247,1.7796270273734085e+18,1.7796626246001024e+18
1779640544986393480,11.868,1.4825,327.525,37.144348543636816,12.495,46.79280154725985,11.910020879610915,1.7796267477553636e+18,1.7796630884381757e+18
1779640545386682551,11.844,2.13,999.525,37.173644744246246,12.495,46.80644337754412,11.910431026419447,1.7796264584502991e+18,1.779663568204168e+18
1779640545987101498,11.756,4.515,1411.9,37.20914598875964,12.0225,46.820859044792066,11.910928043842635,1.7796261609502257e+18,1.7796640614166797e+18
1779640546387407290,11.804,2.8625,1031.975,37.23318770555568,12.0225,46.831836767715835,11.91126462787778,1.779625852458721e+18,1.7796645727211645e+18
1779640546787656254,11.232,16.315,1510.925,37.25657815972846,11.7775,46.8243334504659,11.911592094236198,1.7796255360565353e+18,1.77966509704131e+18
1779640547187745916,11.36,12.7175,1334.175,37.27613139916456,11.7775,46.826449551067874,11.911865839588303,1.7796252087325962e+18,1.7796656393533002e+18
1779640547587996116,11.112,18.0,794.775,37.28721480341329,11.8125,46.821274714891345,11.912021007247786,1.7796248674893373e+18,1.7796662046339745e+18
1779640547988207708,11.044,18.6975,787.05,37.28914278401348,12.285,46.82032657128095,11.912047998976188,1.7796245128891261e+18,1.7796667919993165e+18
1779640548388471193,11.244,13.4,763.475,37.28103020090571,12.285,46.82350802178744,11.91193442281268,1.7796241368792878e+18,1.7796674147744773e+18
1779640548788725763,11.144,15.4475,691.525,37.2686984507596,12.7575,46.8266365658904,11.911761778310634,1.7796237358736067e+18,1.7796680789015552e+18
1779640549188998682,10.348,34.1825,471.95,37.256760988513335,12.7575,46.80347528622738,11.911594653839186,1.7796233031662758e+18,1.7796687954476355e+18
1779640549589348155,10.684,27.25,1440.275,37.25009092653339,13.1075,46.78267321268368,11.911501272971467,1.7796228442513006e+18,1.7796695553433682e+18
1779640549989841979,10.14,38.05,1118.55,37.240341488332,13.1075,46.77358496270657,11.911364780836648,1.7796223550490621e+18,1.7796703653438815e+18
1779640550390223967,10.148,38.215,136.725,37.22672402171952,13.6325,46.7548907837826,11.911174136304073,1.7796218320480453e+18,1.7796712312757133e+18
1779640550790633555,10.028,40.1825,417.25,37.2144224419483,14.052499999999998,46.75136594272415,11.911001914187276,1.7796212702837348e+18,1.7796721613383078e+18
1779640551191202437,10.016,40.35,1273.325,37.201456087011756,14.052499999999998,46.74963437723038,11.910820385218164,1.7796206662175245e+18,1.7796731613929567e+18
1779640551591740351,9.956,42.0975,609.075,37.17746843230931,14.4025,46.73153600269939,11.91048455805233,1.779620053430284e+18,1.7796741761345764e+18
1779640551992216227,9.96,41.465,220.325,37.16336164895377,14.629999999999999,46.731389903965635,11.910287063085352,1.7796194284511112e+18,1.779675211243693e+18
1779640552392725967,10.048,39.55,672.375,37.14461442215361,14.629999999999999,46.729316059636865,11.91002460191015,1.7796187915276654e+18,1.7796762663538693e+18
1779640552793444935,9.984,40.985,413.525,37.12555403387308,14.8575,46.725696200663684,11.909757756474223,1.7796181291700452e+18,1.7796773637394332e+18
1779640553193802880,9.98,41.315,1261.975,37.107659834587956,15.155000000000001,46.71708639321135,11.909507237684231,1.7796173513592353e+18,1.7796786519574313e+18
1779640553594105520,10.012,40.2325,574.425,37.090029537246686,15.155000000000001,46.717088544295464,11.909260413521453,1.779616458275442e+18,1.77968013077673e+18
1779640553994872433,9.976,40.75,114.6,37.07572534444032,15.4525,46.7238422302437,11.909060154822164,1.77961544145385e+18,1.7796818142156398e+18
1779640554395468745,9.872,43.18,349.725,37.052150532406245,15.75,46.724671184997995,11.908730107453687,1.779614262596785e+18,1.7796837656340347e+18
1779640554796027375,9.92,42.315,1067.275,37.03287309139603,16.1175,46.721876767026735,11.908460223279544,1.7796128914669327e+18,1.7796860350243866e+18
1779640555196565060,9.912,42.365,1618.65,37.023660290379354,16.1175,46.72600454539611,11.90833124406531,1.7796113080780974e+18,1.7796886554287324e+18
1779640555797184669,9.9,43.18,24.525,37.002439286790064,16.45,46.738081311442166,11.90803415001506,1.779609456159746e+18,1.779691720004853e+18
1779640556197943648,9.88,43.3325,74.825,36.987272202605546,16.852500000000003,46.76504201825839,11.907821810836477,1.779607279947926e+18,1.779695320963187e+18
1779640556598704118,9.856,43.715,228.325,36.996464694620876,16.852500000000003,46.80541034115083,11.907950505724692,1.779604722150898e+18,1.7796995528978245e+18
1779640556999182155,9.76,46.35,696.775,36.98784654702481,17.2375,46.81161113676952,11.907829851658347,1.7796016587527813e+18,1.7797046210517496e+18
1779640557399349647,9.804,45.3175,487.975,36.98251884038108,17.622500000000002,46.80848181037316,11.907755263765335,1.779597969430513e+18,1.7797107244747313e+18
1779640557799611264,9.792,45.3825,1489.175,36.990317112254786,18.0075,46.8310399032197,11.907864439571567,1.779593504050585e+18,1.7797181114249203e+18
1779640558400021010,10.484,28.415,1267.8,36.99913962123671,18.445,46.8819671754421,11.907987954697314,1.779587983110127e+18,1.779727244163135e+18
1779640558800295129,10.108,38.1,592.2,37.00340191773962,18.724999999999998,46.89603503276158,11.908047626848354,1.7795810144568248e+18,1.779738771374558e+18
1779640559200662362,11.244,10.3675,168.85,36.94453172242802,18.724999999999998,46.890923321008195,11.907223444113992,1.7795715427723095e+18,1.7797544392643978e+18
1779640559600991643,11.556,4.08,515.275,36.8826077379732,18.935000000000002,46.88631553337441,11.906356508331625,1.779557957444907e+18,1.7797769122491873e+18
1779640560401516414,10.976,18.215,1522.0,36.87939506690549,18.83,46.92240037467633,11.906311530936676,1.7795377190180826e+18,1.7798103904586115e+18
1779640560801857087,11.58,4.3475,1367.975,36.84397194439721,18.8825,46.94246498248226,11.90581560722156,1.7795036541952294e+18,1.779866740281399e+18
1779640561202054149,11.58,4.7675,897.925,36.8152346329848,18.689999999999998,46.95978221857223,11.905413284861787,1.7794341946032284e+18,1.7799816396356925e+18
1779640561602484441,11.704,2.265,1101.825,36.794895813477105,18.62,46.992547723299204,11.90512854138868,1.779218895987042e+18,1.7803377838239252e+18
1779640562002686402,11.732,2.0475,85.7,36.75765733531611,18.62,46.97230808344103,11.904607202694425,1.7865247913919332e+18,1.768252462671543e+18
1779640562403006334,11.772,1.5825,261.525,36.763464643774476,18.445,46.96116870896049,11.904688505012842,1.7800200952477028e+18,1.779012451693928e+18
1779640562803342402,11.776,1.4625,798.1,36.77127054270946,18.235,46.95710334337327,11.904797787597932,1.7798369068625528e+18,1.7793154805882015e+18
1779640563203767572,11.788,1.5325,797.2,36.80693611287042,17.9375,46.97303361777373,11.905297105580186,1.7797742843911442e+18,1.7794190713058604e+18
1779640563604318763,11.796,1.4825,794.45,36.83290744676203,17.9375,46.984821531349354,11.905660704254668,1.779742537943996e+18,1.7794715873067492e+18
1779640564005048334,11.804,1.5475,786.05,36.853379726530974,17.605,46.99409327444852,11.905947316171433,1.7797233274356285e+18,1.7795033664397084e+18
1779640564405776513,11.804,1.5475,760.425,36.87274099629986,17.1675,47.0029553468799,11.906218373948198,1.7797104816294528e+18,1.7795246170717755e+18
1779640564806342871,11.816,1.4975,682.225,36.883909688887016,16.8875,47.00791289773226,11.906374735644418,1.7797012041988398e+18,1.7795399649017946e+18
1779640565206675942,11.816,1.4825,443.575,36.8940401207272,16.8875,47.012505888239595,11.90651656169018,1.77969420997949e+18,1.779551535795834e+18
1779640565607174821,11.82,1.5475,1353.675,36.90326164088204,16.59,47.01668846934236,11.906645662972348,1.7796887564402716e+18,1.7795605580390828e+18
1779640566007772877,11.828,1.5175,854.275,36.90679352930567,16.24,47.018252230930614,11.906695109410279,1.7796843730945966e+18,1.779567809888304e+18
1779640566408182684,11.828,1.5675,968.625,36.91499058395152,16.24,47.02197083682255,11.906809868175321,1.7796807885709965e+18,1.7795737402825024e+18
1779640566808951679,11.828,1.5325,1317.6,36.917720633305464,15.959999999999999,47.02320776777233,11.906848088866276,1.7796777995141926e+18,1.7795786855769823e+18
1779640567209356535,11.832,1.5325,744.175,36.92000142763715,15.645,47.024245668590694,11.90688001998692,1.7796752541617219e+18,1.779582896876075e+18
1779640567610041602,11.84,1.4825,632.625,36.92307290452826,15.645,47.025637427529915,11.906923020663395,1.7796730731825667e+18,1.7795865053807665e+18
1779640568210355502,11.84,1.4975,292.2,36.92115420995298,15.3475,47.02477739339736,11.906896158939341,1.7796713034874473e+18,1.779589433047542e+18
1779640568610923392,11.844,1.5475,891.7,36.92455198068366,15.067499999999999,47.02630730476215,11.90694372772957,1.779669820146873e+18,1.779591886776497e+18
1779640569011587578,11.844,1.5475,1082.85,36.92296061680375,15.067499999999999,47.02558747713173,11.906921448635252,1.7796685533463654e+18,1.7795939820967263e+18
1779640569412041007,11.848,1.5325,27.775,36.922624136942,14.700000000000001,47.025438049448375,11.906916737917188,1.7796674573791002e+18,1.77959579467514e+18
1779640569812397312,11.852,1.5475,84.75,36.92408035355989,14.700000000000001,47.026083496453374,11.906937124949838,1.7796664914479388e+18,1.7795973920769152e+18
1779640570212788033,11.852,1.5175,258.625,36.91910958297884,14.4375,47.02385412796186,11.906867534161703,1.7796656245350257e+18,1.7795988256207235e+18
1779640570613356858,11.856,1.5475,789.25,36.92056110695845,14.14,47.024494408212895,11.906887855497418,1.7796648488202368e+18,1.7796001082639247e+18
1779640571414096334,11.856,1.5175,770.175,36.91859278760485,14.14,47.023581303083425,11.906860299026468,1.779664142999209e+18,1.779601275267328e+18
1779640571814631027,11.856,1.5475,711.975,36.91236790458882,13.842500000000001,47.02078248633403,11.906773150664243,1.7796634928866253e+18,1.7796023501007598e+18
1779640572214887705,11.86,1.4625,534.375,36.903922420885706,13.842500000000001,47.01701224106217,11.9066549138924,1.779662889993924e+18,1.7796033468044475e+18
1779640572615182435,11.864,1.5175,1630.775,36.90083469294254,13.545,47.01560351444201,11.906611685701195,1.7796623260286794e+18,1.7796042791482324e+18
1779640573015413989,11.576,7.6675,61.525,36.89425620922503,13.545,47.01049738026365,11.90651958692915,1.7796617883979384e+18,1.7796051679903747e+18
1779640573616134565,11.788,2.9175,187.75,36.88195559819395,13.16,47.00465306045307,11.906347378374715,1.779661265813681e+18,1.7796060320212902e+18
1779640574016344730,10.676,27.435,572.95,36.862279357514375,13.16,46.978116933839665,11.906071911005201,1.7796607604634268e+18,1.7796068675626074e+18
1779640574416660631,10.836,22.8975,110.1,36.84344776406759,12.967500000000001,46.96818175927994,11.905808268696946,1.779660266832895e+18,1.7796076837725658e+18
1779640574816964717,10.88,21.4,335.975,36.8163234401505,13.1775,46.9605227881443,11.905428528162107,1.7796597812072796e+18,1.779608486774829e+18
1779640575217272598,10.824,23.13,1025.3,36.79199851449352,13.1775,46.94822260178505,11.905087979202909,1.779659291556996e+18,1.779609296571637e+18
1779640575617581996,10.644,27.1325,1490.55,36.7680956573339,13.282499999999999,46.93363677646275,11.904753339202674,1.7796588093753121e+18,1.7796100940832394e+18
1779640576017893384,10.512,29.315,1271.975,36.74224251156406,13.282499999999999,46.92707718624969,11.904391395161896,1.7796583328193994e+18,1.7796108823654333e+18
1779640576618328492,10.512,29.4175,604.95,36.71465499193051,13.667499999999999,46.918144333016926,11.904005169887027,1.7796578640366723e+18,1.7796116578454438e+18
1779640577018579037,10.472,29.335,207.75,36.687485717530585,14.105,46.92258621116675,11.903624800045428,1.7796574032862377e+18,1.7796124201001078e+18
1779640577418878654,10.572,27.5975,634.0,36.65614296137619,14.105,46.918624253156246,11.903186001459266,1.7796569480906952e+18,1.7796131732319503e+18
1779640577819274097,10.776,22.735,296.4,36.61624341159067,14.525000000000002,46.914187854533594,11.90262740776227,1.7796564979485194e+18,1.7796139180429356e+18
1779640578419745764,10.796,22.1175,904.525,36.572377919100376,14.962500000000002,46.90943028379439,11.902013290867405,1.779656048571807e+18,1.7796146616555855e+18
1779640578820010100,10.636,25.9,1121.975,36.54268835634492,14.962500000000002,46.91009321597029,11.901597636988829,1.779655610191811e+18,1.7796153871297024e+18
1779640579220233460,10.596,26.515,147.175,36.5105833910438,15.364999999999998,46.91274263964133,11.901148167474613,1.7796551809741773e+18,1.7796160975071708e+18
1779640579620660389,10.744,22.815,449.125,36.472050966987226,15.75,46.92276343322191,11.900608713537821,1.7796547594159567e+18,1.7796167952651735e+18
1779640580021059092,10.724,23.63,1370.6,36.44390954503475,16.205,46.93294307842527,11.900214733630486,1.7796543477731315e+18,1.7796174766956357e+18
1779640580421688121,10.788,22.335,905.925,36.420036493262494,16.205,46.94256676878099,11.899880510905675,1.7796539345847286e+18,1.7796181608923717e+18
1779640580822165292,10.772,21.75,1126.25,36.40579419123207,16.555,46.95853198731967,11.899681118677249,1.7796535219016707e+18,1.7796188444851325e+18
1779640581222820681,10.804,21.5975,160.225,36.377777901316634,16.8,46.96854740380346,11.899288890618433,1.779653113032907e+18,1.7796195219174336e+18
1779640581823507174,10.712,24.05,488.95,36.37782832069071,16.9575,46.98181476928215,11.89928959648967,1.7796527197873196e+18,1.7796201736205914e+18
1779640582624983830,11.08,15.5825,1276.875,36.34336861905592,17.1675,46.98758473818964,11.898807160666783,1.7796523370791465e+18,1.779620807933711e+18
1779640583025649858,11.628,2.3975,619.9,36.253354278279716,17.272499999999997,46.96710374463202,11.897546959895916,1.7796519569018432e+18,1.779621438021881e+18
1779640583426015141,10.652,25.8125,253.375,36.24837670440284,17.325,46.97738530787047,11.89747727386164,1.779651596394936e+18,1.7796220356078577e+18
1779640583826732897,11.6,3.115,773.225,36.172106968303254,17.325,46.945792721294296,11.896409497556245,1.7796512431723466e+18,1.779622621101948e+18
1779640584227251665,11.192,13.915,721.275,36.15457439090358,17.5,46.94856797542008,11.89616404147265,1.7796509071462592e+18,1.7796231781616476e+18
1779640584627845851,10.664,25.1,562.75,36.18917876395493,17.43,46.97581333624651,11.896648502695369,1.7796505962979067e+18,1.7796236936064988e+18
1779640585028335781,10.06,39.5,78.975,36.18409529789261,17.622500000000002,46.968102429353976,11.896577334170496,1.7796503023231785e+18,1.7796241811403955e+18
1779640585428677532,10.5,28.815,241.0,36.189013513469504,17.99,46.97997582769649,11.896646189188573,1.7796500257552689e+18,1.77962463988089e+18
1779640585829324339,10.2,35.5975,735.45,36.205993017061985,18.3575,46.99065468657319,11.896883902238867,1.7796497669168591e+18,1.7796250692984346e+18
1779640586229849691,10.052,39.1325,606.0,36.19870161822845,18.655,46.99937848960051,11.896781822655198,1.7796495214395907e+18,1.7796254765989983e+18
1779640587831414125,11.696,1.73,995.325,36.141591622384674,18.795,46.995888136611114,11.895982282713385,1.7796492826812193e+18,1.779625872735176e+18
1779640588231656060,11.724,1.5675,1399.075,36.09283973576493,18.7075,46.96967240157487,11.895299756300709,1.7796490532429601e+18,1.7796262533866445e+18
1779640588631860089,11.74,1.5175,992.825,36.09362997415052,18.27,46.969985497330384,11.895310819638107,1.7796488380764692e+18,1.779626610395011e+18
1779640589032041112,11.756,1.4975,1391.45,36.0872908505868,18.27,46.967123221564876,11.895222071908215,1.779648634254605e+18,1.7796269486171999e+18
1779640589432176560,11.768,1.4975,969.55,36.075844941135955,18.1125,46.96191319376162,11.895061829175903,1.7796484407415265e+18,1.7796272697594616e+18
1779640589832737875,11.78,1.4975,1320.425,36.06777371247416,17.8325,46.958273411856766,11.894948831974638,1.77964825773369e+18,1.7796275734889938e+18
1779640590232880108,11.784,1.4475,752.8,36.051202032407105,17.5175,46.95076713144742,11.8947168284537,1.779648083667739e+18,1.7796278623896704e+18
1779640590633136441,11.796,1.5175,658.95,36.03903120204288,17.3425,46.94527750504354,11.8945464368286,1.7796479176376292e+18,1.779628137977257e+18
1779640591033390940,11.804,1.4975,372.55,36.02337964208,17.3425,46.93821415298535,11.89432731498912,1.7796477590621343e+18,1.779628401208091e+18
1779640591433671963,11.808,1.5475,1136.925,36.00650733062561,17.2025,46.9306125041101,11.894091102628758,1.7796476076872553e+18,1.779628652496839e+18
1779640591833921252,11.816,1.4475,192.8,35.9946066999541,17.08,46.92522388023727,11.893924493799357,1.7796474628026445e+18,1.7796288930351537e+18
1779640592234401392,11.816,1.5175,588.375,35.9764526672946,17.08,46.91702432569819,11.893670337342124,1.7796473243883868e+18,1.7796291228366193e+18
1779640592634690465,11.828,1.5175,157.175,35.956731984734,16.974999999999998,46.9081409533945,11.893394247786276,1.7796471912227697e+18,1.779629343938229e+18
1779640593034877637,11.828,1.5325,479.65,35.93554688169112,16.834999999999997,46.89854967372392,11.893097656343675,1.7796470633480484e+18,1.779629556261202e+18
1779640593435453676,11.824,1.4975,1463.775,35.911026209050185,16.834999999999997,46.887461228722245,11.892754366926702,1.779646943380405e+18,1.7796297554084938e+18
1779640593835861079,11.832,1.4625,1190.275,35.8893922356031,16.6775,46.877688447360825,11.892451491298443,1.7796468306211471e+18,1.7796299425482376e+18
1779640594236397729,11.828,1.615,355.625,35.86775119201902,16.555,46.86788480124177,11.892148516688266,1.7796467240840376e+18,1.7796301193263918e+18
1779640594637238251,11.824,1.815,1085.275,35.84216368786417,16.555,46.856322102927926,11.891790291630098,1.7796466227117286e+18,1.7796302875029855e+18
1779640595037823988,11.812,2.115,35.175,35.81799961020421,16.397499999999997,46.84532047801647,11.891451994542859,1.779646525881605e+18,1.7796304481199808e+18
1779640595438402970,11.804,2.3975,107.325,35.79951648497831,16.275000000000002,46.836694516794076,11.891193230789696,1.7796464335541417e+18,1.779630601248537e+18
1779640595838968410,11.796,2.5175,327.525,35.776148912738066,16.275000000000002,46.82594700824142,11.890866084778333,1.779646344990635e+18,1.779630748115608e+18
1779640596239586949,11.804,2.3975,999.525,35.752969423053955,16.135,46.815192898570025,11.890541571922755,1.7796462600045007e+18,1.7796308890308918e+18
1779640596640146954,11.792,2.615,1411.9,35.729913545311476,15.855,46.8044200490982,11.89021878963436,1.7796461782609403e+18,1.7796310245532672e+18
1779640597040785961,11.744,3.565,1031.975,35.702291385466474,15.855,46.79147959441906,11.88983207939653,1.7796460992805624e+18,1.7796311554776937e+18
1779640597441112427,10.904,23.9175,1510.925,35.67393296945178,15.504999999999999,46.74857072997968,11.889435061572325,1.7796460227386634e+18,1.7796312823463985e+18
1779640597841690520,10.928,21.915,1334.175,35.64297188388522,15.3125,46.72163284355491,11.889001606374393,1.779645948486798e+18,1.7796314054028618e+18
1779640598242328413,10.808,23.5175,794.775,35.60329351920803,15.3125,46.69968680717989,11.888446109268912,1.7796458761137574e+18,1.77963152532373e+18
1779640598642849443,10.676,26.365,787.05,35.557550707764996,15.522499999999999,46.67431977224005,11.88780570990871,1.7796458050362307e+18,1.7796316430808415e+18
1779640599043187248,10.772,22.665,763.475,35.503476336812234,15.802499999999998,46.66181657388029,11.887048668715371,1.7796457348578924e+18,1.7796317593295332e+18
1779640599443584677,11.168,14.1675,691.525,35.43854022036381,16.17,46.639450957618905,11.886139563085093,1.7796456653228434e+18,1.779631874487001e+18
1779640599844324981,11.116,15.4825,471.95,35.37565744567677,16.17,46.61730583904923,11.885259204239475,1.7796455962135004e+18,1.779631988924904e+18
1779640600245071510,11.128,15.315,1440.275,35.31633193141869,16.45,46.59588664646298,11.884428647039861,1.7796455276154312e+18,1.7796321025070093e+18
1779640600645147636,11.076,16.55,1118.55,35.257204955155785,16.4325,46.57417665253422,11.88360086937218,1.7796454595937623e+18,1.7796322151262226e+18
1779640601045534405,11.084,15.9825,136.725,35.1890026996689,16.4325,46.55058199036146,11.882646037795364,1.779645392049701e+18,1.7796323269387208e+18
1779640601445921671,11.036,17.8475,417.25,35.127037245870184,16.45,46.52547510458917,11.881778521442182,1.7796453251997486e+18,1.7796324375907054e+18
1779640601846290286,11.084,15.9475,1273.325,35.0601111307056,16.52,46.50293604383185,11.880841555829878,1.7796452590535393e+18,1.7796325470611994e+18
1779640602246719751,11.14,14.6825,609.075,34.98941851057278,16.5725,46.47916236133174,11.879851859148019,1.7796451931756116e+18,1.7796326560828178e+18
1779640602647070256,11.028,17.465,220.325,34.96623748525026,16.5725,46.508845880513086,11.879527324793504,1.779645128918632e+18,1.77963276243633e+18
1779640603047514468,10.968,18.6825,672.375,34.94850453788223,16.3625,46.52294045336609,11.879279063530351,1.779645066540105e+18,1.779632865691121e+18
1779640603447781315,11.104,15.335,413.525,34.92390446114835,16.38,46.523617640197315,11.878934662456077,1.779645005482479e+18,1.7796329667778355e+18
1779640603848148124,11.656,2.75,1261.975,34.86434239593544,16.38,46.51374937119017,11.878100793543096,1.7796449452186616e+18,1.779633066542288e+18
1779640604248618451,11.58,4.53,574.425,34.82370745758769,16.502499999999998,46.51608762427509,11.877531904406228,1.7796448857003302e+18,1.7796331650908037e+18
1779640604648971353,11.0,18.2825,114.6,34.821579051962225,16.38,46.535553552582456,11.877502106727471,1.779644827973168e+18,1.779633260700614e+18
1779640605049338302,10.68,24.58,349.725,34.82201207657966,16.4675,46.561333519037106,11.877508169072115,1.779644771878635e+18,1.7796333536392056e+18
1779640605449762574,11.212,11.665,1067.275,34.784128891542714,16.4675,46.552681517772164,11.876977804481598,1.7796447163442081e+18,1.7796334456749153e+18
1779640605850031525,11.592,4.165,1618.65,34.744241845253725,16.6075,46.529337009475874,11.876419385833552,1.7796446607249725e+18,1.7796335378983757e+18
1779640606250032092,10.084,39.9,24.525,34.736216116374656,16.6075,46.48968286855515,11.876307025629245,1.7796446061846781e+18,1.7796336283747118e+18
1779640606650280699,10.616,27.0325,74.825,34.73656836289055,17.045,46.48808964425064,11.876311957080468,1.779644552795905e+18,1.7796337169880627e+18
1779640607651050342,9.964,42.9825,696.775,34.7111837460816,17.36,46.44009037033759,11.875956572445142,1.7796444998944417e+18,1.7796338048347712e+18
1779640608051402795,9.968,42.2325,487.975,34.70393502462221,17.8325,46.42689986707768,11.87585509034471,1.7796444469875302e+18,1.7796338927713984e+18
1779640608451737230,11.66,1.4825,1489.175,34.62474561275519,18.0775,46.39403137270312,11.874746438578573,1.779644393293038e+18,1.7796339820465226e+18
1779640609052104536,11.704,1.5475,1267.8,34.586473954781376,18.0775,46.40018927556089,11.87421063536694,1.7796443392028193e+18,1.7796340720448161e+18
1779640609452430291,11.728,1.4825,592.2,34.55607304491581,17.8325,46.40422581099897,11.873785022628821,1.7796442853815578e+18,1.779634161646215e+18
1779640609852950808,11.748,1.4625,168.85,34.52162879745091,17.535,46.38246382578399,11.873302803164313,1.7796442320076403e+18,1.7796342505432054e+18
1779640610253326567,11.756,1.5175,515.275,34.497239609641504,17.115,46.37293390338746,11.872961354534981,1.7796441792720896e+18,1.7796343384213908e+18
1779640610654011596,11.776,1.5175,1572.475,34.49200003684594,17.115,46.385524012074775,11.872888000515843,1.7796441277021292e+18,1.779634424403496e+18
1779640611054483872,11.78,1.5175,1522.0,34.4864462738107,16.87,46.39332733733738,11.87281024783335,1.7796440769760197e+18,1.7796345090330396e+18
1779640611454963455,11.792,1.4625,1367.975,34.479185531340704,16.6075,46.372202144507774,11.87270859743877,1.7796440266987305e+18,1.7796345929798254e+18
1779640611855326497,11.8,1.4825,897.925,34.506360625607755,16.6075,46.37385347727626,11.873089048758509,1.7796439778245345e+18,1.7796346746490465e+18
1779640612256056655,11.808,1.5675,1101.825,34.51752368449531,16.3275,46.371043814381586,11.873245331582934,1.77964393012847e+18,1.7796347544038991e+18
1779640612656811470,11.804,1.5175,85.7,34.532945022235694,16.03,46.367524823513065,11.8734612303113,1.7796438835261768e+18,1.7796348323889746e+18
1779640613057372384,11.808,1.5175,261.525,34.59900819647597,16.03,46.39680838466568,11.874386114750664,1.7796438392996006e+18,1.779634906459058e+18
1779640613457700483,11.82,1.4825,798.1,34.648474134524115,15.697500000000002,46.42027173389706,11.875078637883338,1.7796437970110592e+18,1.7796349773380347e+18
1779640613858136122,11.82,1.4475,797.2,34.687393815732996,15.19,46.43864365113649,11.875623513420262,1.7796437565934228e+18,1.7796350451241833e+18
1779640614659427949,11.832,1.5475,786.05,34.721196047558394,14.8575,46.45452014445473,11.876096744665817,1.779643717754033e+18,1.7796351103096287e+18
1779640615059958814,11.832,1.5475,760.425,34.74918218176415,14.2975,46.46767316813892,11.876488550544698,1.7796436802095772e+18,1.779635173367173e+18
1779640615460456748,11.828,1.7,682.225,34.77243685882877,14.2975,46.47855444947763,11.876814116023603,1.7796436441036854e+18,1.779635234042519e+18
1779640615861192868,11.72,3.9475,443.575,34.79133493242696,13.8075,46.48673980575173,11.877078689053977,1.779643609120357e+18,1.7796352928690304e+18
1779640616261637456,11.728,3.8975,1353.675,34.81003709086031,13.8075,46.494709786298344,11.877340519272044,1.7796435753158904e+18,1.7796353497468296e+18
1779640616662351368,11.468,10.4325,854.275,34.83442607575279,13.44,46.49863911913296,11.877681965060539,1.7796435427853197e+18,1.779635404515723e+18
1779640617062729949,11.68,4.565,968.625,34.83496301016515,13.44,46.498401788748694,11.877689482142312,1.7796435110570757e+18,1.779635457959211e+18
1779640617462984297,10.976,20.6475,1317.6,34.83404007278669,13.1075,46.48545528833958,11.877676561019014,1.7796434801082452e+18,1.7796355101135037e+18
1779640617863276646,11.152,15.335,744.175,34.81896681510074,13.2125,46.480281277021376,11.87746553541141,1.7796434507354332e+18,1.7796355595971139e+18
1779640618263457825,10.908,21.0475,632.625,34.803365361477006,13.2125,46.47095488966956,11.877247115060678,1.7796434223463662e+18,1.779635607423897e+18
1779640618663640577,10.968,19.565,292.2,34.788418045079815,13.5625,46.46382417123578,11.877037852631117,1.779643394837089e+18,1.7796356537712522e+18
1779640619263927562,10.78,24.5,891.7,34.772924558902616,13.5625,46.44596696789431,11.876820943824637,1.7796433676004e+18,1.7796356996822538e+18
1779640619664205405,10.772,24.1,1082.85,34.74960446487358,13.9125,46.43125821698656,11.87649446250823,1.7796433402221143e+18,1.7796357458610637e+18
1779640620064471558,10.72,25.15,27.775,34.72631679539038,14.4725,46.417234717909096,11.876168435135465,1.7796433127133215e+18,1.7796357922893445e+18
1779640620464640333,10.724,25.165,84.75,34.70304014300274,14.4725,46.40206881397032,11.875842562002038,1.7796432851282844e+18,1.7796358388744087e+18
1779640620864925405,10.908,20.5975,258.625,34.66895016256713,14.9975,46.388289300102585,11.87536530227594,1.7796432573010435e+18,1.7796358858939694e+18
1779640621465241730,11.032,17.2,789.25,34.627458972154706,15.3475,46.375999464519744,11.874784425610166,1.7796432292238449e+18,1.7796359333581097e+18
1779640622265844713,10.948,18.515,711.975,34.58125192272647,15.592500000000001,46.36609803474238,11.87413752691817,1.7796432009988554e+18,1.7796359810898726e+18
1779640622666089266,11.056,16.7825,534.375,34.53844568476852,15.7675,46.351921181486084,11.87353823958676,1.7796431726645202e+18,1.7796360290243197e+18
1779640623066387490,11.068,16.8825,1630.775,34.49961990857572,15.7675,46.336863788725296,11.87299467872006,1.7796431443227318e+18,1.779636076989941e+18
1779640623466595128,10.916,20.5975,61.525,34.46434226186799,15.942499999999999,46.320276262887674,11.872500791666152,1.7796431160159741e+18,1.779636124916989e+18
1779640623866785598,11.228,12.85,187.75,34.409186727231315,16.0825,46.29936473993617,11.871728614181238,1.7796430878275645e+18,1.77963617265074e+18
1779640624267029646,11.308,11.115,572.95,34.35293769755638,16.099999999999998,46.276970908848895,11.87094112776579,1.779643059609804e+18,1.7796362204431626e+18
1779640624667609106,10.76,24.8475,110.1,34.31122345912136,16.099999999999998,46.247192586237254,11.870357128427699,1.7796430317556959e+18,1.779636267629349e+18
1779640625268418793,11.18,13.45,335.975,34.24115331050008,16.0825,46.221603318407226,11.869376146347001,1.7796430040551724e+18,1.7796363145532163e+18
1779640625668772635,10.04,40.485,1025.3,34.1776541459483,16.2575,46.177353609275045,11.868487158043276,1.7796429765621123e+18,1.779636361123953e+18
1779640626069287747,10.216,37.0175,1490.55,34.118414221742974,16.2575,46.129715079393705,11.867657799104402,1.7796429493001093e+18,1.7796364073047117e+18
1779640626470013284,10.304,33.55,1271.975,34.10728577455991,16.59,46.1607288558141,11.867502000843839,1.779642922835986e+18,1.7796364521483973e+18
1779640626870428990,10.424,30.63,604.95,34.101710631820445,16.9225,46.1838272990696,11.867423948845486,1.779642897203166e+18,1.7796364955989809e+18
1779640627270840059,10.308,32.985,207.75,34.09798400000118,17.325,46.204778481971196,11.867371776000017,1.779642872320113e+18,1.7796365377969405e+18
1779640627671341359,10.096,39.7675,634.0,34.078259501748306,17.6925,46.17153843498513,11.867095633024476,1.779642848040078e+18,1.7796365789838607e+18
1779640628071895313,10.276,35.1675,296.4,34.07001814826269,17.6925,46.159017726304526,11.866980254075678,1.7796428243885942e+18,1.779636619121939e+18
1779640628472485846,11.676,1.4975,904.525,33.995738092181064,18.060000000000002,46.127633936364816,11.865940333290535,1.7796428008188096e+18,1.77963665911495e+18
1779640628873120085,11.712,1.4825,1121.975,33.94305931364149,18.147499999999997,46.10614702663107,11.865202830390981,1.7796427775853307e+18,1.7796366985361144e+18
1779640629474010644,11.732,1.4625,147.175,33.90454234767052,18.0775,46.08789251237207,11.864663592867387,1.7796427547775094e+18,1.7796367372408266e+18
1779640629874761307,11.748,1.4625,449.125,33.87635198012875,17.99,46.07401873672258,11.864268927721803,1.7796427324878106e+18,1.779636775073169e+18
1779640630275448252,11.756,1.4975,1370.6,33.86245784606858,17.99,46.05874243979937,11.86407440984496,1.779642710765015e+18,1.779636811956481e+18
1779640630676154540,11.772,1.4825,905.925,33.85543607528827,17.885,46.05107694796533,11.863976105054036,1.7796426896613898e+18,1.7796368478026806e+18
1779640631076817224,11.78,1.4325,1126.25,33.849142668350964,17.727500000000003,46.04356117626375,11.863887997356914,1.779642669163892e+18,1.7796368826332285e+18
1779640631477435460,11.792,1.4325,160.225,33.85048694369115,17.5175,46.04087709396175,11.863906817211676,1.7796426492420567e+18,1.7796369165043325e+18
1779640632078064050,11.796,1.5175,488.95,33.85664118281074,17.5175,46.040056663553834,11.86399297655935,1.7796426299327194e+18,1.779636949354384e+18
1779640632478179471,11.804,1.4475,1492.15,33.86926373645965,17.395,46.03973818462321,11.864169692310435,1.7796426112539773e+18,1.7796369811524332e+18
1779640632878505135,11.804,1.415,1276.875,33.88177589826471,17.255,46.03845746576535,11.864344862575706,1.7796425932211535e+18,1.7796370118695427e+18
1779640633278846623,11.808,1.4475,619.9,33.89556841507616,16.939999999999998,46.04012395457912,11.864537957811066,1.7796425762338394e+18,1.779637040806096e+18
1779640633679183571,11.82,1.5675,253.375,33.92749399781743,16.939999999999998,46.04857945438783,11.864984915969444,1.7796425603023867e+18,1.7796370679517716e+18
1779640634079519558,11.82,1.4975,773.225,33.94205601889782,16.712500000000002,46.06622161415454,11.86518878426457,1.7796425451944827e+18,1.7796370936991255e+18
1779640634479723811,11.828,1.4975,721.275,33.95914280263012,16.59,46.06513022874619,11.865427999236822,1.779642530862655e+18,1.77963711813024e+18
1779640634880084986,11.832,1.4625,562.75,33.97987140532817,16.59,46.081557068743905,11.865718199674594,1.7796425172469458e+18,1.7796371413498842e+18
1779640635280336157,11.836,1.4475,78.975,33.99967176298285,16.3275,46.09083737810003,11.86599540468176,1.7796425042798523e+18,1.7796371634735194e+18
1779640635680659775,11.832,1.4825,241.0,34.01837539965696,16.099999999999998,46.0940082284457,11.866257255595198,1.7796424919434245e+18,1.7796371845299538e+18
1779640636080827954,11.832,1.5675,735.45,34.038081143446966,16.099999999999998,46.10081500280132,11.866533136008258,1.779642480209245e+18,1.7796372045676657e+18
1779640636481005562,11.84,1.4475,606.0,34.05853678339344,15.959999999999999,46.10515312698539,11.866819514967508,1.7796424690607636e+18,1.779637223614286e+18
1779640637081432218,11.84,1.4825,210.95,34.080390117870444,15.592500000000001,46.118963337761826,11.867125461650186,1.7796424584344689e+18,1.7796372417820726e+18
1779640637481719827,11.844,1.5175,643.75,34.10426248297902,15.592500000000001,46.12071294033664,11.867459674761706,1.7796424483302e+18,1.7796372590691218e+18
1779640637881982087,11.848,1.5175,326.15,34.130325095807294,15.364999999999998,46.114625280072104,11.867824551341302,1.7796424387447752e+18,1.7796372754811963e+18
1779640638282233730,11.852,1.4475,995.325,34.16352556176025,15.155000000000001,46.115766335952124,11.868289357864644,1.779642429645079e+18,1.7796372910783967e+18
1779640638682628565,11.852,1.4975,1399.075,34.19554769342441,15.155000000000001,46.12260419734011,11.868737667707942,1.7796424210266854e+18,1.7796373058662902e+18
1779640639283047815,11.852,1.5325,992.825,34.2296597574162,14.8575,46.12757236699429,11.869215236603827,1.7796424128941202e+18,1.7796373198384858e+18
1779640639683331117,11.848,1.85,1391.45,34.261715142860275,14.647499999999999,46.13702469360474,11.869664012000044,1.779642405205848e+18,1.7796373330635963e+18
1779640640083725471,11.696,5.1825,969.55,34.28919999117717,14.647499999999999,46.14446920080438,11.87004879987648,1.7796423979464008e+18,1.7796373455649774e+18
1779640640484090803,11.724,4.1975,1320.425,34.31077106497648,14.4025,46.1481564985275,11.87035079490967,1.7796423910432804e+18,1.77963735746587e+18
1779640640884776875,10.928,22.5325,752.8,34.34272004666186,14.4025,46.130212956215544,11.870798080653266,1.7796423845221893e+18,1.77963736872567e+18
1779640641285486333,11.34,12.815,658.95,34.36213469333403,14.087500000000002,46.12732189025543,11.871069885706676,1.7796423783477821e+18,1.7796373793986947e+18
1779640641685972121,10.436,32.7825,372.55,34.403664389489556,14.035,46.11617288921252,11.871651301452854,1.779642372594546e+18,1.7796373893647158e+18
1779640642286896593,10.328,34.5975,1136.925,34.43134091362516,14.035,46.10837093721976,11.872038772790752,1.7796423672132518e+18,1.7796373987038976e+18
1779640642687677393,10.32,33.935,192.8,34.460125103530785,14.3325,46.11700171470551,11.872441751449431,1.7796423621394017e+18,1.7796374075276877e+18
1779640643087923932,10.324,33.85,588.375,34.47560449921476,14.700000000000001,46.11955363855324,11.872658462989007,1.7796423573500326e+18,1.779637415868562e+18
1779640643488592627,10.304,33.915,157.175,34.48929628658593,14.700000000000001,46.12743480505108,11.872850148012203,1.7796423527831557e+18,1.779637423834397e+18
1779640643889180143,10.212,35.3,479.65,34.502319398693885,15.19,46.14532752747169,11.873032471581714,1.7796423484332298e+18,1.7796374314340646e+18
1779640644289785950,11.228,10.7975,1463.775,34.45701952563752,15.575000000000001,46.139329115334256,11.872398273358925,1.7796423439878282e+18,1.7796374391881016e+18
1779640644690387715,10.804,22.4325,1190.275,34.45843209503764,15.575000000000001,46.147519668798154,11.872418049330527,1.7796423396383565e+18,1.7796374467834148e+18
1779640645090970893,10.62,26.9,355.625,34.45513839677582,15.907499999999999,46.14900904664704,11.872371937554862,1.7796423351982093e+18,1.7796374545475717e+18
1779640645691852162,10.648,26.015,1085.275,34.45091763864311,16.2925,46.15326442456888,11.872312846941004,1.7796423307571052e+18,1.77963746232346e+18
1779640646092430825,10.616,25.665,35.175,34.43466785996935,16.73,46.164122754565334,11.87208535003957,1.7796423262738813e+18,1.779637470175409e+18
1779640646493049002,10.688,24.0325,107.325,34.41834347344046,16.73,46.17423127231583,11.871856808628166,1.779642321692625e+18,1.7796374782026132e+18
1779640646893892342,10.688,24.3675,327.525,34.39773321623696,17.115,46.178711024251626,11.871568265027317,1.7796423169987174e+18,1.7796374864289536e+18
1779640647494250981,10.664,25.3325,999.525,34.378821039807725,17.4475,46.17928940340566,11.871303494557308,1.7796423122465738e+18,1.7796374947612257e+18
1779640647894557347,10.744,23.05,1411.9,34.35006184467978,17.709999999999997,46.17995112524206,11.870900865825517,1.779642307408323e+18,1.779637503241721e+18
1779640648294658857,10.732,23.3825,1031.975,34.32294530195132,18.0425,46.180628576093476,11.870521234227319,1.779642302510576e+18,1.7796375118243574e+18
1779640648694965386,10.732,24.1,1510.925,34.29759296241479,18.0425,46.17476127459353,11.870166301473807,1.7796422975975002e+18,1.7796375204318781e+18
1779640649095458509,10.672,25.115,1334.175,34.26879948415863,18.2175,46.170570996976785,11.86976319277822,1.7796422926608594e+18,1.779637529077248e+18
1779640649495783254,10.7,25.1,794.775,34.240626441353925,18.3575,46.16003827531348,11.869368770178955,1.7796422876820716e+18,1.7796375377940047e+18
1779640649896005852,10.744,24.3175,787.05,34.21093358934832,18.515,46.14688083427369,11.868953070250877,1.779642282620662e+18,1.779637546653549e+18
1779640650296210005,10.752,23.665,763.475,34.1747694163113,18.6725,46.135514505590486,11.868446771828358,1.7796422774670203e+18,1.7796375556699092e+18
1779640650696412709,10.828,21.1175,691.525,34.13107304682423,18.83,46.12791817093908,11.86783502265554,1.779642272051812e+18,1.7796375651409564e+18
1779640651096760199,10.736,23.3825,471.95,34.08918036400422,18.9875,46.119808868067004,11.867248525096059,1.779642266288237e+18,1.779637575222998e+18
1779640651497095998,10.752,23.3975,1440.275,34.04349429939636,19.0925,46.106172353157866,11.866608920191549,1.7796422602501422e+18,1.779637585783504e+18
1779640651897622564,10.768,23.315,1118.55,33.99754011856923,19.0925,46.0896657654945,11.86596556165997,1.7796422539329492e+18,1.7796375968313864e+18
1779640652298074974,10.74,23.9675,136.725,33.95271940742759,19.25,46.073242271326734,11.865338071703986,1.7796422473648486e+18,1.7796376083178673e+18
1779640652698396813,10.808,21.78,417.25,33.90278001255066,19.425,46.06026516666359,11.86463892017571,1.7796422405706301e+18,1.7796376201969603e+18
1779640653098896696,11.656,1.665,1273.325,33.78001922437669,19.5825,46.003049156369926,11.862920269141274,1.7796422332571612e+18,1.7796376329557368e+18
1779640653699440376,11.708,1.5175,609.075,33.676590051231855,19.599999999999998,45.95726350951837,11.861472260717246,1.7796422255626115e+18,1.7796376463613601e+18
1779640654099871238,11.732,1.4825,220.325,33.59859281051051,19.459999999999997,45.921484543612465,11.860380299347147,1.7796422176103872e+18,1.7796376602059889e+18
1779640654500253476,11.748,1.5175,672.375,33.54158941939965,19.425,45.91208845743506,11.859582251871595,1.7796422094802414e+18,1.7796376743588554e+18
1779640654900998894,11.76,1.4825,413.525,33.49433726961723,19.425,45.89911099627284,11.858920721774641,1.7796422012442417e+18,1.779637688696824e+18
1779640655301049025,11.768,1.5675,1261.975,33.46545494615648,19.337500000000002,45.89836123130328,11.85851636924619,1.7796421929902717e+18,1.7796377030723676e+18
1779640655701389005,11.776,1.5325,574.425,33.449275665136526,19.285,45.898154615389124,11.858289859311911,1.7796421847916093e+18,1.7796377173607662e+18
1779640656101846146,11.788,1.4625,114.6,33.447213991062526,18.8825,45.89727831556022,11.858260995874875,1.779642176711171e+18,1.7796377314561595e+18
1779640656502178098,11.792,1.4975,349.725,33.45008453536041,18.584999999999997,45.8978938128779,11.858301183495046,1.7796421688174016e+18,1.7796377452378806e+18
1779640656902922129,11.804,1.4325,1067.275,33.463599556723786,18.584999999999997,45.92324019001567,11.858490393794133,1.7796421611390387e+18,1.779637758658967e+18
1779640657302867970,11.804,1.5325,1618.65,33.47053715119386,18.3575,45.946291441871146,11.858587520116714,1.7796421536384292e+18,1.7796377717830154e+18
1779640657703119580,11.804,1.4475,24.525,33.48318588047688,18.165000000000003,45.963216410281106,11.858764602326676,1.7796421463245043e+18,1.779637784596134e+18
1779640658103568547,11.816,1.4825,74.825,33.50673757138867,17.8675,45.99154730011297,11.859094325999441,1.7796421392635791e+18,1.7796377969843249e+18
1779640658504283632,11.812,1.4975,228.325,33.52301114725687,17.8675,46.0060752807103,11.859322156061596,1.7796421324027607e+18,1.7796378090376876e+18
1779640658905108871,11.824,1.5325,696.775,33.54564788715961,17.727500000000003,46.02215047091082,11.859639070420235,1.7796421257869998e+18,1.779637820677706e+18
1779640659305689491,11.82,1.4975,487.975,33.57166964192124,17.5175,46.04938339667713,11.860003374986897,1.7796421194085752e+18,1.7796378319190034e+18
1779640659706251920,11.832,1.4975,1489.175,33.59662744589279,17.3075,46.06547494785066,11.8603527842425,1.7796421132777516e+18,1.7796378427417344e+18
1779640660106849864,11.832,1.4825,1267.8,33.62059544442547,17.3075,46.081061469986736,11.860688336221957,1.7796421073820877e+18,1.779637853166991e+18
1779640660507681425,11.832,1.4825,592.2,33.645284449082915,17.08,46.098375250655515,11.86103398228716,1.7796421017188042e+18,1.7796378631992978e+18
1779640660908260238,11.832,1.4825,168.85,33.673250041595495,16.852500000000003,46.12286468246403,11.861425500582337,1.7796420965887544e+18,1.779637872297052e+18
1779640661308902032,11.84,1.5175,515.275,33.700745270954826,16.852500000000003,46.13912558385666,11.861810433793368,1.779642091877183e+18,1.7796378806655053e+18
1779640661709192495,11.84,1.4825,1572.475,33.7237220601107,16.6425,46.147734359858795,11.86213210884155,1.7796420875321797e+18,1.7796378883950124e+18
1779640662109572190,11.844,1.4825,1522.0,33.75106557209575,16.38,46.16256726666605,11.86251491800934,1.7796420835400532e+18,1.7796378955112937e+18
1779640662709920468,11.828,1.8325,1367.975,33.78059875884751,16.205,46.1826618252113,11.862928382623865,1.7796420799308938e+18,1.7796379019621804e+18
1779640663110318071,11.6,7.465,897.925,33.81492051054853,16.205,46.19656721806578,11.86340888714768,1.7796420766613379e+18,1.779637907825035e+18
1779640663710785388,11.788,2.68,1101.825,33.85060385982596,15.959999999999999,46.231172851184624,11.863908454037563,1.7796420737108552e+18,1.779637913138851e+18
1779640664111043967,11.768,3.3125,85.7,33.8855651779758,15.662499999999998,46.258649963040625,11.864397912491661,1.7796420710648468e+18,1.7796379179266232e+18
1779640664511394957,11.008,21.28,261.525,33.902261227307065,15.662499999999998,46.24039588384526,11.864631657182299,1.7796420687067804e+18,1.7796379222099663e+18
1779640664911708941,10.556,31.55,798.1,33.89862394605373,15.400000000000002,46.1994753221477,11.864580735244752,1.779642066455094e+18,1.7796379263065162e+18
1779640665311974448,10.392,34.4825,797.2,33.88755375445338,15.3125,46.157813442843505,11.864425752562347,1.779642064285231e+18,1.7796379302570872e+18
1779640666112459672,10.456,31.115,786.05,33.894031202045646,15.487499999999999,46.163528822834316,11.864516436828639,1.7796420622829164e+18,1.7796379339187625e+18
1779640666512746208,10.512,28.5975,760.425,33.890926300658606,15.715,46.147840376157,11.86447296820922,1.779642060358301e+18,1.7796379374450924e+18
1779640666913330811,10.22,35.765,682.225,33.88992214959218,15.715,46.145264336432724,11.86445891009429,1.779642058514677e+18,1.779637940830891e+18
1779640667313731631,10.228,35.9675,443.575,33.930292568634165,15.924999999999999,46.13735631341667,11.865024095960878,1.77964205690564e+18,1.7796379438162588e+18
1779640667714054643,10.104,38.3475,1353.675,33.984788943743375,16.275000000000002,46.15744936591391,11.865787045212407,1.779642055576398e+18,1.7796379463249715e+18
1779640668114499626,9.92,42.6175,854.275,33.98407489121274,16.52,46.133919862693,11.865777048476978,1.779642054326466e+18,1.7796379486950666e+18
1779640668514960183,9.964,40.6975,968.625,34.03216045482163,16.52,46.16818116193322,11.866450246367503,1.7796420533009508e+18,1.7796379506850783e+18
1779640668915637911,9.956,40.865,1317.6,34.07069957332307,16.9225,46.197318412988544,11.866989794026523,1.7796420524698808e+18,1.7796379523445396e+18
1779640669315720420,9.952,41.835,744.175,34.09470739334623,17.377499999999998,46.19981170574495,11.867325903506847,1.7796420517761748e+18,1.7796379537700838e+18
1779640669716052920,9.956,41.1325,632.625,34.11972103646735,17.814999999999998,46.21761875039795,11.867676094510543,1.7796420511991683e+18,1.7796379549994222e+18
1779640670116370129,10.004,40.1325,292.2,34.134526261397305,18.3225,46.22922212176424,11.867883367659562,1.7796420507174216e+18,1.7796379560666194e+18
1779640670917070843,10.492,28.365,1082.85,34.15071318216222,19.25,46.258492995285316,11.868109984550271,1.7796420502367903e+18,1.779637957148245e+18
1779640671317723057,9.992,40.3175,27.775,34.159112102894966,19.25,46.267819713634424,11.86822756944053,1.7796420496754857e+18,1.7796379583847565e+18
1779640671717890841,10.12,37.6,1085.275,34.163179278949954,19.075,46.2734743896776,11.8682845099053,1.7796420489593088e+18,1.7796379599093965e+18
1779640672118307073,10.108,37.235,35.175,34.167747841198846,19.2675,46.2911769933777,11.868348469776784,1.7796420481162954e+18,1.779637961671561e+18
1779640672519011690,10.112,34.95,107.325,34.18852204720127,19.6175,46.35437430471656,11.868639308660818,1.77964204722644e+18,1.7796379635330335e+18
1779640672919114482,10.124,37.25,327.525,34.18319749834992,19.6875,46.358978018822185,11.868564764976899,1.7796420462182915e+18,1.779637965612188e+18
1779640673719789155,11.256,10.65,1510.925,34.13128568307797,20.1075,46.3456458417047,11.867837999563092,1.7796420450064177e+18,1.7796379680487365e+18
1779640674120261455,11.196,12.2325,1334.175,34.083564666478686,20.212500000000002,46.33476287999295,11.867169905330702,1.779642043557436e+18,1.7796379709010414e+18
1779640674520986999,11.252,11.6975,794.775,34.04103163697646,20.212500000000002,46.322115393784784,11.86657444291767,1.7796420419000346e+18,1.7796379741196534e+18
1779640674921366193,11.708,1.4825,787.05,33.97058782915662,20.352500000000003,46.287307324938745,11.865588229608193,1.779642039965224e+18,1.779637977818361e+18
1779640675321766021,11.728,1.4975,763.475,33.91283713500396,20.195,46.258775128141124,11.864779719890056,1.7796420377880376e+18,1.7796379819396733e+18
1779640675722072792,11.74,1.4625,691.525,33.858675977950355,20.23,46.23199719599573,11.864021463691305,1.779642035399546e+18,1.7796379864290918e+18
1779640676122500599,11.756,1.4475,471.95,33.80993890917509,20.247500000000002,46.207877433892534,11.863339144728451,1.7796420328161572e+18,1.7796379912596585e+18
1779640676523193501,11.764,1.4625,1440.275,33.76578758920159,20.125,46.18604256468993,11.862721026248822,1.7796420300575132e+18,1.779637996398095e+18
1779640676923683572,11.768,1.4825,1118.55,33.72092602620154,20.02,46.16389471117765,11.862092964366822,1.7796420271427382e+18,1.7796380018095987e+18
1779640677324068148,11.776,1.5175,136.725,33.681549133085966,19.8625,46.144466200445315,11.861541687863204,1.7796420240866803e+18,1.7796380074699323e+18
1779640677724378727,11.784,1.4475,417.25,33.642971388039896,19.8625,46.12541606153434,11.861001599432559,1.7796420209028152e+18,1.7796380133552256e+18
1779640678124769133,11.788,1.5325,1273.325,33.606269274171055,19.7575,46.1073124810767,11.860487769838395,1.779642017606665e+18,1.7796380194382868e+18
1779640678525141112,11.796,1.5175,609.075,33.57446133992581,19.635,46.091604449909624,11.860042458758961,1.779642014219739e+18,1.779638025682247e+18
1779640678925435386,11.796,1.4975,220.325,33.539120992951396,19.5125,46.07417600748659,11.85954769390132,1.779642010745398e+18,1.7796380320796936e+18
1779640679726096962,11.808,1.4825,413.525,33.51095564986095,19.39,46.0602737724598,11.859153379098053,1.7796420072416786e+18,1.7796380385321882e+18
1779640680126637575,11.816,1.4625,1261.975,33.48609014160625,19.3025,46.04803270093083,11.858805261982488,1.7796420037009405e+18,1.779638045050828e+18
1779640680526765733,11.82,1.5675,574.425,33.46599512886381,19.215,46.03804813504769,11.858523931804093,1.779642000146235e+18,1.7796380515955612e+18
1779640680926984676,11.812,1.5475,114.6,33.43722760778437,19.145,46.02383340849747,11.858121186508981,1.7796419965847846e+18,1.7796380581493875e+18
1779640681327395478,11.82,1.5175,349.725,33.4248486656928,19.075,46.02261622119102,11.8579478813197,1.779641993075793e+18,1.7796380646108337e+18
1779640681727737978,11.824,1.5475,1067.275,33.41152980364577,18.900000000000002,46.01704959954251,11.85776141725104,1.7796419896333e+18,1.7796380709535596e+18
1779640682127864516,11.828,1.4975,1618.65,33.43460103007184,18.900000000000002,46.05210969353825,11.858084414421006,1.7796419863498606e+18,1.779638077023108e+18
1779640682527982947,11.832,1.4975,24.525,33.45570671676744,18.7425,46.070390147189485,11.858379894034744,1.7796419832315203e+18,1.779638082806987e+18
1779640682928175991,11.832,1.5175,74.825,33.47890949142347,18.5325,46.08350238506632,11.858704732879929,1.7796419802749148e+18,1.7796380883117988e+18
1779640683329038836,11.832,1.5475,228.325,33.500863397685784,18.235,46.10201892549474,11.859012087567601,1.7796419775366282e+18,1.7796380934322924e+18
1779640683729284474,11.832,1.5475,696.775,33.52522855799989,18.235,46.1246045267831,11.859353199811999,1.7796419749895698e+18,1.7796380982188337e+18
1779640684129956266,11.84,1.5175,487.975,33.552923643610384,18.147499999999997,46.139750914045436,11.859740931010545,1.7796419726622008e+18,1.7796381026198536e+18
1779640684530288574,11.84,1.4825,1489.175,33.57967223450222,17.9725,46.156056078932764,11.860115411283031,1.7796419705211837e+18,1.779638106695825e+18
1779640684931045600,11.84,1.5175,1267.8,33.6044967762994,17.814999999999998,46.15690991818047,11.860462954868192,1.7796419685757952e+18,1.7796381104282952e+18
1779640685331793213,11.84,1.5325,592.2,33.630890290141565,17.675,46.16525377650982,11.860832464061982,1.7796419668535534e+18,1.779638113767017e+18
1779640685732291389,11.844,1.4975,168.85,33.661439348966645,17.675,46.171174097714434,11.861260150885533,1.7796419653685048e+18,1.7796381166876227e+18
1779640686132850460,11.852,1.5325,515.275,33.69787449996882,17.465,46.17793231818086,11.861770242999564,1.779641964091417e+18,1.7796381192453087e+18
1779640686533385538,11.848,1.4975,1572.475,33.727228227626135,17.255,46.18338902866928,11.862181195186766,1.7796419629968466e+18,1.7796381214835244e+18
1779640686934165388,11.852,1.4975,1522.0,33.757923710650836,16.9925,46.18552286550789,11.862610931949112,1.7796419621076664e+18,1.7796381233604541e+18
1779640687334579414,11.856,1.5175,1367.975,33.795716893644,16.9925,46.186753864144215,11.863140036511016,1.7796419614126088e+18,1.7796381248991608e+18
1779640687735045894,11.856,1.4975,897.925,33.83039665533036,16.625,46.19043174293533,11.863625553174625,1.7796419609033132e+18,1.7796381261133169e+18
1779640688135664626,11.856,1.5475,1101.825,33.86662971921711,16.2575,46.19649166444398,11.86413281606904,1.7796419606950016e+18,1.7796381267901965e+18
1779640688536366018,11.86,1.4975,85.7,33.908218364148404,16.2575,46.19429413080595,11.864715057098078,1.779641960837946e+18,1.7796381268383521e+18
1779640688936830782,11.852,1.5175,261.525,33.94345720926309,16.03,46.19523677018745,11.865208400929683,1.779641961239912e+18,1.7796381264249503e+18
1779640689337492436,11.856,1.4975,798.1,33.97560299845806,15.8725,46.198598468636746,11.865658441978413,1.7796419619128788e+18,1.7796381255259858e+18
1779640689738213126,11.856,1.4625,797.2,34.01878149136326,15.8725,46.20757387867082,11.866262940879086,1.7796419628143124e+18,1.7796381242245906e+18
1779640690138341024,11.86,1.4625,794.45,34.10989785116686,15.645,46.250131440733895,11.867538569916336,1.779641964117962e+18,1.779638122218834e+18
1779640690539084850,11.86,1.4825,786.05,34.1403491296018,15.575000000000001,46.257993421835636,11.867964887814425,1.7796419656452575e+18,1.779638119813127e+18
1779640690939160740,11.864,1.5175,760.425,34.229728950390474,15.575000000000001,46.29847885080768,11.869216205305467,1.779641967545494e+18,1.779638116755597e+18
1779640691339510504,11.868,1.4625,682.225,34.270504150078544,15.382499999999999,46.312803500346625,11.8697870581011,1.7796419696757837e+18,1.779638113290072e+18
1779640691739882211,11.864,1.4975,443.575,34.302910702058846,15.3125,46.3149805220166,11.870240749828824,1.779641971991561e+18,1.779638109495194e+18
1779640692140051587,11.868,1.5475,1353.675,34.34100270531235,15.3125,46.34307689815165,11.870774037874373,1.779641974408813e+18,1.7796381055294124e+18
1779640692540280800,11.868,1.5325,854.275,34.372325914210364,15.295,46.34511991963951,11.871212562798945,1.7796419769999926e+18,1.7796381012549082e+18
1779640692940462854,11.872,1.4475,968.625,34.40112364030226,15.295,46.349083367221674,11.871615730964232,1.779641979724199e+18,1.7796380967463982e+18
1779640693340757768,11.868,1.5175,1317.6,34.43134217941733,15.242500000000001,46.36069356403742,11.872038790511843,1.7796419825651052e+18,1.7796380920347264e+18
1779640694141356146,11.856,1.75,632.625,34.50695352646277,15.155000000000001,46.396977736245205,11.873097349370479,1.7796419857637778e+18,1.7796380866971487e+18
1779640694541653618,11.86,1.8325,292.2,34.57675702778032,14.98,46.430566516616,11.874074598388924,1.7796419892511716e+18,1.7796380808537823e+18
1779640694941893524,11.868,1.5475,891.7,34.63806532277889,14.944999999999999,46.46036609421157,11.874932914518904,1.7796419929619935e+18,1.7796380746219999e+18
1779640695342043275,11.856,1.815,1082.85,34.692126772130976,14.944999999999999,46.48641196468251,11.875689774809834,1.779641996766561e+18,1.7796380682399053e+18
1779640695742347853,11.832,2.315,27.775,34.73955801357845,14.8575,46.508793730798146,11.876353812190098,1.7796420006617467e+18,1.779638061710252e+18
1779640696142526810,11.752,4.2475,84.75,34.783209203921416,14.8575,46.527266958388104,11.8769649288549,1.7796420046546115e+18,1.7796380550182336e+18
1779640696542813776,11.812,2.715,258.625,34.82317573272037,14.612499999999999,46.545742330574704,11.877524460258085,1.779642008743224e+18,1.7796380481658135e+18
1779640696943107523,11.704,4.8675,789.25,34.85020660517909,14.612499999999999,46.55644283475246,11.877902892472507,1.7796420129129946e+18,1.7796380411743813e+18
1779640697343506505,11.756,3.9175,770.175,34.87824169046803,14.612499999999999,46.56810184728398,11.878295383666552,1.779642017166436e+18,1.7796380340397197e+18
1779640697743913787,11.504,9.4325,711.975,34.89855406065477,14.5775,46.57084866588663,11.878579756849167,1.7796420215896317e+18,1.7796380265989268e+18
1779640698144292087,11.392,11.965,534.375,34.91584597612113,14.5425,46.56901789374598,11.878821843665696,1.7796420260918991e+18,1.7796380190186053e+18
1779640698544514973,11.348,12.6825,1630.775,34.927880489178975,14.5425,46.56562987526462,11.878990326848506,1.779642030634764e+18,1.7796380113680755e+18
1779640746196157038,11.316,12.115,61.525,34.91867449927867,14.77,46.560921444390104,11.878861442989901,1.7796420432479624e+18,1.7796379895001928e+18
1779640746596833723,11.34,11.98,187.75,34.91401683340283,14.77,46.555871376293034,11.87879623566764,1.779642055950553e+18,1.7796379674562903e+18
1779640746997474268,11.348,11.7675,572.95,34.91158273953567,15.120000000000001,46.55223774872524,11.8787621583535,1.77964206869275e+18,1.7796379453297398e+18
1779640747397849606,11.416,9.4325,110.1,34.89326108645628,15.3475,46.545721598618144,11.878505655210388,1.779642081392087e+18,1.7796379232652488e+18
1779640747798340308,11.376,10.58,335.975,34.87806590145307,15.3475,46.539456518116786,11.878292922620343,1.779642094078712e+18,1.779637901208434e+18
1779640748199044952,11.4,9.8825,1025.3,34.857393397341745,15.662499999999998,46.53139991412307,11.878003507562784,1.77964210671182e+18,1.779637879232011e+18
1779640748599615691,11.356,10.665,1490.55,34.833761271487944,16.03,46.52311517327014,11.877672657800831,1.7796421193337132e+18,1.7796378572554235e+18
1779640749200572329,11.424,9.9825,1271.975,34.81911662249186,16.03,46.51499352741802,11.877467632714886,1.7796421319922263e+18,1.7796378351982364e+18
1779640749600884983,11.348,11.3475,604.95,34.801594178649935,15.977500000000001,46.50692216593715,11.877222318501099,1.779642144615504e+18,1.7796378131887665e+18
1779640750001377686,11.324,11.2475,207.75,34.774085095497064,15.837500000000002,46.49759943204621,11.876837191336959,1.7796421571586465e+18,1.7796377913047846e+18
1779640750402117727,11.356,11.215,634.0,34.756654916573254,15.680000000000001,46.48929851002128,11.876593168832025,1.7796421696722678e+18,1.779637769457717e+18
1779640750802874523,11.3,12.2675,296.4,34.73960114572786,15.680000000000001,46.48255947330047,11.87635441604019,1.7796421821517647e+18,1.7796377476563052e+18
1779640751203662001,11.308,11.6825,904.525,34.72690929902359,15.575000000000001,46.522733018821704,11.87617673018633,1.779642194639674e+18,1.7796377258236966e+18
1779640751604041777,11.676,3.7,1121.975,34.70849983155301,15.4525,46.53448609441,11.875918997641742,1.7796422070951703e+18,1.7796377040325745e+18
1779640752004493534,11.576,6.6175,147.175,34.71045104345427,15.4525,46.54302285139926,11.87594631460836,1.7796422196136218e+18,1.7796376821172923e+18
1779640752404690623,11.792,1.4825,449.125,34.703410679387424,15.084999999999999,46.54897497905606,11.875847749511424,1.779642232195167e+18,1.7796376600720724e+18
1779640752804991809,11.8,1.4475,1370.6,34.70226558873338,15.084999999999999,46.53374900383688,11.875831718242267,1.7796422448848983e+18,1.779637637816221e+18
1779640753205337059,11.812,1.5475,905.925,34.71762366221733,14.787499999999998,46.53271785724467,11.876046731271042,1.7796422577310787e+18,1.779637615269908e+18
1779640753605728099,11.812,1.4825,1126.25,34.728222069685415,14.489999999999998,46.53013772571537,11.876195108975596,1.779642270743531e+18,1.7796375924118351e+18
1779640754005866110,11.824,1.5475,160.225,34.7452613120966,14.489999999999998,46.531614032450555,11.876433658369352,1.7796422839835123e+18,1.779637569131563e+18
1779640754406194475,11.828,1.4825,488.95,34.76077058375288,14.245000000000001,46.53280296016645,11.87665078817254,1.7796422973908122e+18,1.7796375455409044e+18
1779640754806399108,11.828,1.5325,1492.15,34.78117679553773,14.245000000000001,46.53273991301501,11.876936475137528,1.7796423109948275e+18,1.7796375215881958e+18
1779640755206603016,11.832,1.5675,619.9,34.79614557739646,13.8775,46.53767238992452,11.87714603808355,1.779642324784517e+18,1.7796374972906982e+18
1779640755606800233,11.756,3.3475,253.375,34.82128529053333,13.8775,46.53851226026361,11.877497994067467,1.7796423388043837e+18,1.7796374725720064e+18
1779640756007133154,11.672,5.415,773.225,34.851647653356764,13.737499999999999,46.54049579616381,11.877923067146995,1.7796423531084928e+18,1.7796374473346365e+18
1779640756807581388,10.872,23.8675,78.975,34.862222209528426,13.545,46.50316125192986,11.878071110933398,1.7796423676910016e+18,1.779637421584303e+18
1779640757207719091,10.536,30.565,241.0,34.8614240023723,13.545,46.45946568944489,11.878059936033212,1.7796423823554117e+18,1.7796373956732692e+18
1779640757608162753,10.532,29.785,735.45,34.871760124332795,13.93,46.43720794778508,11.878204641740659,1.7796423971688428e+18,1.7796373694834273e+18
1779640758008413515,10.408,32.3825,606.0,34.91069839596815,13.93,46.44007929968107,11.878749777543554,1.7796424122130132e+18,1.7796373428818217e+18
1779640758408769620,10.4,31.65,210.95,34.94882391715028,14.385000000000002,46.45872968291267,11.879283534840104,1.7796424275642724e+18,1.7796373157252805e+18
1779640758809219097,10.492,30.235,643.75,34.95231223184033,14.927499999999998,46.44665712302887,11.879332371245765,1.7796424430056095e+18,1.779637288396578e+18
1779640759209612208,10.472,29.75,326.15,34.956066127701796,15.435,46.44013488729584,11.879384925787825,1.7796424585754575e+18,1.7796372608239514e+18
1779640759609860700,10.632,26.8325,995.325,34.992075855281,15.435,46.440699763903496,11.879889061973934,1.779642474508431e+18,1.7796372325907256e+18
1779640760010066264,10.58,27.365,1399.075,35.033305325918306,15.89,46.467438061146126,11.880466274562856,1.7796424908523873e+18,1.7796372036113923e+18
1779640760410322412,10.548,27.7325,992.825,35.04928631253932,16.2925,46.52098915076526,11.88069000837555,1.7796425074080745e+18,1.7796371742417418e+18
1779640760810598004,10.596,26.9,1391.45,35.049469162592644,16.6775,46.53011318892748,11.880692568276297,1.7796425240774346e+18,1.77963714465432e+18
1779640761210779830,11.596,2.6,969.55,35.00119145689854,16.6775,46.55704478455579,11.88001668039658,1.779642540571842e+18,1.7796371153546698e+18
1779640761611006412,11.624,3.25,1320.425,34.97175417657383,16.9925,46.576594219086445,11.879604558472034,1.7796425572448236e+18,1.7796370856932508e+18
1779640762011273162,11.724,1.4825,752.8,35.00255328930335,17.08,46.59191655123736,11.880035746050247,1.7796425743450245e+18,1.7796370552484078e+18
1779640762411891227,11.74,1.4975,658.95,35.01864427300362,17.08,46.59984010030824,11.88026101982205,1.7796425919181688e+18,1.779637023923444e+18
1779640762812112089,11.752,1.4975,372.55,35.03054735012783,17.08,46.605774244602436,11.88042766290179,1.7796426098178772e+18,1.7796369919901898e+18
1779640763212644374,11.764,1.4975,1136.925,35.03907112170186,16.974999999999998,46.61004311056866,11.880546995703826,1.7796426279930573e+18,1.7796369595420964e+18
1779640763612917718,11.78,1.4825,192.8,35.049798527607145,16.73,46.61535294030473,11.8806971793865,1.779642646508265e+18,1.779636926459903e+18
1779640764013379665,11.78,1.4325,588.375,35.04975999471636,16.73,46.615292567657484,11.880696639926029,1.7796426652667814e+18,1.7796368929168763e+18
1779640764413919783,11.784,1.4325,157.175,35.04972814762556,16.6075,46.61524037859644,11.880696194066758,1.7796426842829243e+18,1.7796368588861875e+18
1779640764813995436,11.768,1.9675,479.65,35.049715132480785,16.5725,46.61538511394578,11.880696011854731,1.7796427036962665e+18,1.7796368241059702e+18
1779640765214343456,11.788,1.8325,1463.775,35.05184256456322,16.5725,46.616480114155586,11.880725795903885,1.7796427233803825e+18,1.7796367888152005e+18
1779640765614773994,11.724,3.3125,1190.275,35.050647510927995,16.38,46.61594583555403,11.880709065152992,1.7796427431314675e+18,1.7796367533937413e+18
1779640766014776912,11.756,2.4825,1085.275,35.04936681054454,16.275000000000002,46.615433264810676,11.880691135347623,1.7796427631493978e+18,1.7796367174664312e+18
1779640766414907325,11.712,3.565,35.175,35.04920074821443,16.1525,46.615424074933,11.880688810475002,1.7796427832850263e+18,1.779636681314126e+18
1779640766815210221,11.632,5.2325,107.325,35.0431786253097,16.135,46.612674224950325,11.880604500754336,1.779642803203624e+18,1.7796366455603126e+18
1779640767215513479,11.624,5.7475,327.525,35.04436471035068,16.135,46.612575611253845,11.88062110594491,1.7796428230495122e+18,1.7796366099400745e+18
1779640767615729983,11.432,9.9175,999.525,35.03730759218756,15.89,46.607420696898785,11.880522306290626,1.779642842803316e+18,1.779636574482948e+18
1779640768016117276,11.396,10.2,1411.9,35.02296936828795,15.924999999999999,46.601378676292626,11.880321571156031,1.779642862528445e+18,1.7796365390637025e+18
1779640768416285397,11.352,11.3175,1031.975,35.00964826148924,15.924999999999999,46.5948881314737,11.88013507566085,1.7796428821758167e+18,1.779636503775176e+18
1779640768816378074,11.7,2.615,1510.925,34.971986489504246,15.907499999999999,46.57772341063299,11.87960781085306,1.7796429016218798e+18,1.779636468828309e+18
1779640769216765257,11.456,8.9475,1334.175,34.95644261966385,15.977500000000001,46.5716517619737,11.879390196675294,1.7796429210197594e+18,1.7796364339541855e+18
1779640769616911785,11.34,11.6,794.775,34.93362772337965,16.0125,46.56950784716243,11.879070788127315,1.7796429403097167e+18,1.77963639925847e+18
1779640770017182230,11.292,12.565,787.05,34.92730744107654,16.0125,46.56721439391729,11.878982304175072,1.7796429597022252e+18,1.7796363643601016e+18
1779640770417321389,11.292,12.05,763.475,34.914160785030084,16.1525,46.58042540538322,11.878798250990421,1.7796429791314004e+18,1.7796363293767148e+18
1779640770817656298,11.352,10.6825,691.525,34.90789974336287,16.24,46.578631743276915,11.87871059640708,1.779642998691476e+18,1.7796362941372948e+18
1779640771217832899,11.288,12.415,471.95,34.90365852247638,16.24,46.581139388423104,11.87865121931467,1.7796430183835794e+18,1.7796362586414638e+18
1779640771818077546,11.6,4.98,1440.275,34.88410228260203,16.4675,46.57381355744944,11.878377431956428,1.7796430381248435e+18,1.7796362230348221e+18
1779640772218275614,11.516,7.265,1118.55,34.874249273641944,16.6425,46.585086507356195,11.878239489830987,1.7796430581838963e+18,1.7796361868174525e+18
1779640772618438586,11.376,10.3125,136.725,34.867050362067275,16.712500000000002,46.58969140288406,11.878138705068942,1.779643078700106e+18,1.7796361497297603e+18
1779640773018694835,11.352,10.9175,417.25,34.86180274082662,16.712500000000002,46.59418708201878,11.878065238371573,1.7796430997396332e+18,1.779636111649082e+18
1779640773419191824,11.276,12.43,1273.325,34.855673762629024,16.8,46.60126066793436,11.877979432676806,1.7796431212881244e+18,1.7796360726014124e+18
1779640773819493850,11.384,10.2825,609.075,34.85215269210194,16.834999999999997,46.598541435610926,11.877930137689427,1.7796431433871503e+18,1.7796360325109125e+18
1779640774219879659,11.416,9.2825,220.325,34.849988414710985,16.834999999999997,46.59045506612176,11.877899837805954,1.7796431660738788e+18,1.7796359913088748e+18
1779640774620234828,11.392,9.9975,672.375,34.8531099658681,16.8875,46.57746636126017,11.877943539522153,1.7796431893697523e+18,1.7796359489599242e+18
1779640775020840126,11.652,3.2975,413.525,34.82817133099904,16.974999999999998,46.55759065153667,11.877594398633986,1.77964321298951e+18,1.7796359059733025e+18
1779640775421148087,11.468,7.5125,1261.975,34.810882526057334,16.8875,46.54882171409594,11.877352355364803,1.7796432369878584e+18,1.7796358622530624e+18
1779640775821476902,11.692,2.5325,574.425,34.78060687310962,16.8875,46.533886479238014,11.876928496223535,1.7796432612042609e+18,1.7796358180879662e+18
1779640776221976882,10.744,24.715,114.6,34.79364136115332,16.8175,46.5257361274124,11.877110979056146,1.7796432860835474e+18,1.7796357726836838e+18
1779640776622702147,10.684,26.6825,349.725,34.80747780828689,16.747500000000002,46.50705833506805,11.877304689316016,1.7796433116406932e+18,1.779635726013034e+18
1779640777023148142,10.52,28.5475,1067.275,34.80854638126213,16.939999999999998,46.532833398013864,11.87731964933767,1.7796433377213601e+18,1.7796356783536504e+18
1779640777423307582,10.776,22.8975,1618.65,34.82377276043856,16.939999999999998,46.53916838687086,11.87753281864614,1.779643364516433e+18,1.7796356293608338e+18
1779640777823889011,11.348,8.865,24.525,34.79925230935691,16.9925,46.56735609930043,11.877189532330997,1.779643391585413e+18,1.7796355798227886e+18
1779640778224797771,10.82,22.0675,74.825,34.812133752284346,17.0275,46.61739447513447,11.87736987253198,1.7796434194028818e+18,1.7796355288848092e+18
1779640778625473796,10.616,27.0325,228.325,34.81060012867541,17.045,46.61244737550147,11.877348401801456,1.7796434477643955e+18,1.7796354769167037e+18
1779640779025839423,10.08,38.08,696.775,34.81357733413383,17.045,46.615055629610495,11.877390082677874,1.7796434766876367e+18,1.7796354238898427e+18
1779640779426300264,10.12,36.785,487.975,34.81845933418009,17.290000000000003,46.6252267065128,11.877458430678521,1.7796435061460534e+18,1.779635369856243e+18
1779640779826997720,10.272,33.6975,1489.175,34.84544385197635,17.745,46.69870171365453,11.877836213927669,1.7796435364088855e+18,1.7796353143307205e+18
1779640780227159276,10.404,30.8825,1267.8,34.857205386858624,17.955,46.74007692980909,11.87800087541602,1.7796435672545812e+18,1.779635257716617e+18
1779640781027893177,10.196,35.5975,592.2,34.92409309635282,18.27,46.78346900597871,11.87893730334894,1.7796435995484352e+18,1.779635198453622e+18
1779640781428364196,10.028,40.0,168.85,34.965107265031264,18.55,46.79256695274328,11.879511501710438,1.7796436329058437e+18,1.7796351372313485e+18
1779640781828892109,9.904,43.1,515.275,34.98915703920315,18.55,46.77989059351807,11.879848198548844,1.7796436671405932e+18,1.7796350743825595e+18
1779640782229122412,9.876,42.9825,1572.475,35.01762520048646,18.8825,46.79003009507084,11.88024675280681,1.7796437022924037e+18,1.7796350098382868e+18
1779640782629455029,9.868,42.65,1522.0,35.04928215840705,19.11,46.814999132547086,11.880689950217699,1.7796437384375334e+18,1.7796349434596462e+18
1779640783430041662,11.684,1.4825,897.925,35.006474389115816,19.0925,46.793930347483524,11.880090641447621,1.7796437745480358e+18,1.7796348771042685e+18
1779640783830194535,11.708,1.415,1101.825,34.97094427782196,18.865,46.776368207221886,11.879593219889507,1.7796438105892628e+18,1.779634810836757e+18
1779640784230387079,11.732,1.3825,35.7,34.94047830719162,18.5325,46.76127449658155,11.879166696300683,1.7796438466767872e+18,1.7796347444444856e+18
1779640784630589494,11.744,1.4625,261.525,34.913898841064515,18.5325,46.74816925121445,11.878794583774903,1.7796438828041367e+18,1.7796346779433508e+18
1779640785230768808,11.748,1.415,798.1,34.88584010944789,18.165000000000003,46.73430391140452,11.87840176153227,1.7796439189604992e+18,1.7796346113548608e+18
1779640785630997584,11.76,1.5325,797.2,34.86716453296566,17.727500000000003,46.72515217328347,11.87814030346152,1.779643955179562e+18,1.7796345446224225e+18
1779640786031238956,11.772,1.4325,794.45,34.84927513836405,17.4475,46.71632200998412,11.877889851937097,1.779643991463269e+18,1.7796344777428204e+18
1779640786431522660,11.772,1.5825,786.05,34.82635483301514,17.4475,46.70510313606884,11.877568967662212,1.7796440276540608e+18,1.779634411005947e+18
1779640786831669736,11.784,1.5325,760.425,34.809662936368795,16.9225,46.696905484183056,11.877335281109163,1.7796440637051727e+18,1.7796343445069983e+18
1779640787632112263,11.796,1.3975,443.575,34.79180511263907,16.625,46.68810219820236,11.877085271576947,1.7796440999925204e+18,1.7796342775435494e+18
1779640788032314260,11.8,1.4975,1353.675,34.777027080113115,16.4675,46.68082416188761,11.876878379121584,1.779644136464271e+18,1.7796342102093074e+18
1779640788432960596,11.8,1.4475,854.275,34.759490743741644,16.87,46.67217620989652,11.876632870412383,1.779644173102643e+18,1.7796341425337943e+18
1779640788833306639,11.812,1.4825,968.625,34.749762035226915,16.87,46.66738813306133,11.876496668493177,1.779644210022918e+18,1.7796340743095752e+18
1779640789233709138,11.816,1.4825,1317.6,34.7400975902182,17.3075,46.66266522937519,11.876361366263055,1.7796442471265357e+18,1.7796340057193756e+18
1779640789634080800,11.812,1.4825,744.175,34.727250800121844,17.849999999999998,46.656327710282305,11.876181511201706,1.77964428434196e+18,1.7796339368961009e+18
1779640790034400953,11.82,1.415,632.625,34.71600381436833,18.095,46.65080174358221,11.876024053401157,1.7796443217907566e+18,1.7796338676125563e+18
1779640790435039121,11.824,1.4475,292.2,34.7047248541237,18.1125,46.64527712523962,11.875866147957732,1.7796443593877422e+18,1.7796337980288576e+18
1779640790835579652,11.828,1.5975,891.7,34.696781183485975,18.1125,46.641346302249794,11.875754936568804,1.779644397134385e+18,1.7796337281464812e+18
1779640791236117366,11.832,1.4975,1082.85,34.68814948861955,18.0075,46.63707185594705,11.875634092840674,1.7796444350784543e+18,1.7796336578742868e+18
1779640791636590447,11.832,1.4825,27.775,34.67809442047737,17.7975,46.63213279432669,11.875493321886683,1.7796444729033021e+18,1.7796335878066586e+18
1779640792036856001,11.832,1.4975,84.75,34.66761156227024,17.64,46.62700123125322,11.875346561871783,1.779644510649349e+18,1.779633517866642e+18
1779640792637408394,11.836,1.4625,258.625,34.65342390290468,17.64,46.62032468216474,11.875147934640665,1.7796445482038735e+18,1.7796334482646303e+18
1779640793037827528,11.836,1.5175,789.25,34.64292772388211,17.5,46.61832041244317,11.87500098813435,1.7796445856546875e+18,1.7796333788366254e+18
1779640793838517288,11.84,1.5325,534.375,34.64125999616225,17.3425,46.619140448625465,11.874977639946271,1.779644623412016e+18,1.7796333088288545e+18
1779640794238872985,11.848,1.5675,1630.775,34.65566078206049,17.2025,46.65621812399907,11.875179250948847,1.7796446616698266e+18,1.779633237892175e+18
1779640794638988054,11.852,1.4975,61.525,34.66161626322166,17.0275,46.668954318808325,11.875262627685103,1.779644699605225e+18,1.779633167565705e+18
1779640795039294421,11.848,1.4625,187.75,34.69233918096232,17.0275,46.72384237446269,11.875692748533472,1.7796447382096855e+18,1.7796330960175025e+18
1779640795439617319,11.848,1.4975,572.95,34.72337484521015,16.87,46.771594629438376,11.876127247832942,1.7796447763654405e+18,1.7796330253549908e+18
1779640795839780386,11.852,1.4475,110.1,34.74857018641248,16.73,46.79863662479948,11.876479982609775,1.7796448142100826e+18,1.779632955312338e+18
1779640796239968547,11.856,1.5825,1025.3,34.778298783626525,16.695,46.828325510067536,11.876896182970771,1.7796448517776965e+18,1.7796328858330903e+18
1779640796640175793,11.852,1.5175,1490.55,34.80210720628935,16.6075,46.84751136818604,11.87722950088805,1.7796448892784474e+18,1.7796328165129436e+18
1779640797040399229,11.86,1.4825,1271.975,34.82421625481337,16.415000000000003,46.85256600222104,11.877539027567387,1.7796449266543078e+18,1.7796327474594975e+18
1779640797440713602,11.856,1.4825,604.95,34.88728634651615,16.415000000000003,46.863409800125105,11.878422008851226,1.7796449651630876e+18,1.7796326763655242e+18
1779640798041105584,11.844,1.8825,207.75,34.9130641445148,16.205,46.86837789671672,11.878782898023207,1.7796450043349115e+18,1.7796326040643277e+18
1779640798441323552,11.836,1.9975,634.0,34.935812456272785,16.1175,46.88000604752377,11.879101374387819,1.7796450446328842e+18,1.7796325296751066e+18
1779640798841627389,11.852,1.715,296.4,34.95971300399354,16.1175,46.88719289558191,11.87943598205591,1.7796450861934134e+18,1.7796324529433718e+18
1779640799241945356,11.792,3.1,904.525,34.98422683690201,15.959999999999999,46.87480342917041,11.879779175716628,1.7796451288734938e+18,1.7796323741407542e+18
1779640799642244665,11.788,2.7825,1121.975,35.002735300047604,15.802499999999998,46.85961933852463,11.880038294200666,1.779645172969518e+18,1.7796322926996987e+18
1779640800042431075,11.744,4.135,147.175,35.026975499995466,15.802499999999998,46.85059575025028,11.880377656999936,1.7796452187130872e+18,1.7796322081938427e+18
1779640800442674511,11.612,7.5125,449.125,35.05511677337917,15.662499999999998,46.84483454645318,11.880771634827308,1.779645266369418e+18,1.7796321201308257e+18
1779640800842906146,11.22,15.1325,1370.6,35.067158646423024,15.645,46.819960417751915,11.880940221049922,1.7796453156238612e+18,1.7796320290786153e+18
1779640801243091419,11.088,18.7175,905.925,35.07999837111575,15.645,46.7832901598005,11.88111997719562,1.779645366638748e+18,1.7796319347333888e+18
1779640801643255374,11.16,16.0825,1126.25,35.086058898461,15.75,46.770701761650905,11.881204824578454,1.7796454191467405e+18,1.7796318375886374e+18
1779640802043529468,11.128,15.8975,160.225,35.08460019548862,15.785,46.75874725505984,11.88118440273684,1.779645472942456e+18,1.7796317380193106e+18
1779640802443813244,10.84,22.25,488.95,35.08460706530292,15.785,46.75606867237729,11.88118449891424,1.7796455282491284e+18,1.7796316356073656e+18
1779640802844084190,10.744,24.4325,1492.15,35.08471305526411,16.0475,46.754071461926046,11.881185982773697,1.7796455855077688e+18,1.779631529521988e+18
1779640803244320573,10.684,25.7825,1276.875,35.08544957744691,16.3275,46.742740894267804,11.881196294084257,1.7796456443028198e+18,1.7796314205481902e+18
1779640803644538171,10.728,23.265,619.9,35.08808417255774,16.502499999999998,46.74626216799602,11.881233178415808,1.7796457055721528e+18,1.7796313069218463e+18
1779640804044813984,10.652,25.3475,253.375,35.09000394617934,16.502499999999998,46.745809591260375,11.88126005524651,1.7796457700622659e+18,1.7796311872352753e+18
1779640804445162876,10.656,24.1,773.225,35.08876870533487,16.7825,46.76921901977054,11.881242761874688,1.7796458378143127e+18,1.7796310614060728e+18
1779640804845400924,10.68,23.565,721.275,35.08607062031978,16.9925,46.795819328360494,11.881204988684477,1.7796459087281661e+18,1.7796309296193326e+18
1779640805245899328,10.656,24.3825,562.75,35.08481696067905,17.185000000000002,46.81976121029186,11.881187437449507,1.7796459829151729e+18,1.779630791670167e+18
1779640805646144402,10.68,24.2,78.975,35.08682504599029,17.325,46.828394007150926,11.881215550643864,1.7796460605203525e+18,1.7796306472922668e+18
1779640806446756286,10.756,23.3675,735.45,35.15077945384036,17.377499999999998,46.87076532885604,11.882110912353765,1.7796461441532864e+18,1.7796304916965018e+18
1779640806847602268,11.44,5.865,606.0,35.13560954191792,17.272499999999997,46.875144646512055,11.88189853358685,1.7796462307536914e+18,1.7796303304934502e+18
1779640807248125031,10.592,26.485,210.95,35.172605828890795,17.22,46.91311505238605,11.882416481604471,1.7796463227872077e+18,1.7796301591382932e+18
1779640807648568269,10.592,26.485,643.75,35.20197777268529,17.22,46.94686539354376,11.882827688817594,1.779646419960962e+18,1.7796299781746578e+18
1779640808048800621,10.624,26.415,326.15,35.226493500630895,17.377499999999998,46.9664654544375,11.883170909008832,1.7796465224107497e+18,1.779629787341256e+18
1779640808449018365,10.564,27.465,995.325,35.24646406403286,17.57,46.988249487532244,11.88345049689646,1.7796466301708636e+18,1.7796295865684444e+18
1779640808849226179,10.528,27.065,1399.075,35.26497543763928,17.605,47.03061257986227,11.88370965612695,1.7796467432228854e+18,1.7796293758921446e+18
1779640809249577269,10.656,24.08,992.825,35.27455861187071,17.64,47.06844503040016,11.88384382056619,1.7796468611365033e+18,1.779629156107959e+18
1779640809649834195,10.492,28.4,1391.45,35.28736106724362,17.849999999999998,47.09734053314385,11.88402305494141,1.7796469839616786e+18,1.779628927132251e+18
1779640810050074868,10.56,26.485,969.55,35.294376028282464,17.849999999999998,47.129652372911735,11.884121264395954,1.77964711152369e+18,1.7796286892848553e+18
1779640810450498527,10.492,27.965,1320.425,35.30125709703891,17.8675,47.16226345955175,11.884217599358545,1.7796472441168197e+18,1.7796284420142615e+18
1779640810850826462,10.768,21.2325,752.8,35.29678266871658,17.78,47.19353378320919,11.884154957362032,1.7796473816684915e+18,1.7796281854336932e+18
1779640811451145461,10.576,26.035,658.95,35.296337219932944,17.814999999999998,47.221861848450274,11.884148721079061,1.7796475246961733e+18,1.7796279185844833e+18
1779640812251445205,10.552,25.98,372.55,35.29744095161626,17.78,47.259820545637325,11.884164173322628,1.779647673574736e+18,1.779627640771522e+18
1779640812651741438,10.348,31.7975,1136.925,35.29545654532186,17.7625,47.27332225806115,11.884136391634506,1.7796478282258125e+18,1.779627352128818e+18
1779640813051895035,10.972,17.55,192.8,35.27856642040338,17.675,47.28373100848577,11.883899929885647,1.7796479879701724e+18,1.7796270538995105e+18
1779640813452129362,10.764,23.0325,588.375,35.26758041276162,17.675,47.28761663498549,11.883746125778663,1.7796481527946493e+18,1.779626746123684e+18
1779640814052587197,11.568,2.7975,157.175,35.17348955794835,17.5175,47.24376984360434,11.882428853811277,1.7796483177100037e+18,1.779626437976556e+18
1779640814853111447,11.712,1.4625,1463.775,35.114147852038684,17.0275,47.21393653137917,11.881598069928542,1.7796484847384284e+18,1.7796261257352517e+18
1779640815453317503,11.732,1.4975,1190.275,35.06548727591563,17.0275,47.18951312064848,11.880916821862819,1.779648654348005e+18,1.7796258085352154e+18
1779640815853662995,11.736,1.4475,355.625,35.01284417551244,16.765,47.16305069091443,11.880179818457174,1.779648826026782e+18,1.7796254873174994e+18
1779640816253859515,11.752,1.4475,1085.275,34.968847028220296,16.3275,47.140924006634414,11.879563858395084,1.7796490003667223e+18,1.7796251609848701e+18
1779640816654100235,11.768,1.4975,35.175,34.931943755677985,16.3275,47.12239837019312,11.879047212579492,1.7796491781618483e+18,1.77962482805698e+18
1779640817054453059,11.772,1.5175,107.325,34.897489241077494,15.977500000000001,47.10528822095194,11.878564849375085,1.7796493588859164e+18,1.7796244895262182e+18
1779640817454666065,11.776,1.4825,327.525,34.854535016643645,15.977500000000001,47.08994009391823,11.877963490233011,1.7796495420083766e+18,1.7796241463594819e+18
1779640817854940482,11.78,1.4825,999.525,34.82394404525981,15.662499999999998,47.07522494592181,11.877535216633637,1.7796497295088404e+18,1.77962379486221e+18
1779640818255285237,11.792,1.4625,1411.9,34.79484014888031,15.33,47.06184724233766,11.877127762084324,1.7796499203611348e+18,1.779623436961761e+18
1779640818655473185,11.796,1.4825,1031.975,34.777210931470236,15.33,47.090334510153674,11.876880953040583,1.779650116515707e+18,1.779623069023014e+18
1779640819055724682,11.796,1.4325,1510.925,34.78947318567414,14.962500000000002,47.167975057217205,11.877052624599438,1.7796503239575764e+18,1.7796226798763873e+18
1779640819455998935,11.776,2.3325,1334.175,34.81827411409688,14.647499999999999,47.25079557918906,11.877455837597356,1.7796505437133755e+18,1.7796222676486866e+18
1779640819856375686,11.712,4.2675,794.775,34.83887969142485,14.647499999999999,47.281153858489276,11.877744315679948,1.779650776181849e+18,1.7796218315671314e+18
1779640820256886214,11.708,3.53,787.05,34.83682129542923,14.280000000000001,47.27464840656108,11.87771549813601,1.7796510210418158e+18,1.7796213721603945e+18
1779640820657583650,11.76,2.4975,763.475,34.843770536122086,14.280000000000001,47.29553002083399,11.87781278750571,1.7796512804063183e+18,1.7796208854793997e+18
1779640821058008546,11.452,10.3325,691.525,34.87335750872302,13.86,47.32952497979822,11.878227005122122,1.7796515584704701e+18,1.7796203637196995e+18
1779640821458425779,11.404,10.95,471.95,34.89670993062285,13.86,47.358815290041846,11.87855393902872,1.7796518477480842e+18,1.7796198209597427e+18
1779640821858670322,11.012,18.7675,1440.275,34.92135119933951,13.4925,47.40543839931548,11.878898916790753,1.779652148584355e+18,1.7796192565629133e+18
1779640822259292135,10.68,26.0825,1118.55,34.924879517450584,13.51,47.401339287712325,11.878948313244308,1.7796524661988408e+18,1.779618660616419e+18
1779640822659602080,10.536,28.5175,136.725,34.92900785415279,13.51,47.408851508806904,11.879006109958139,1.7796527977194545e+18,1.7796180385428513e+18
1779640823060022379,10.872,19.985,417.25,34.94569533325166,14.367500000000001,47.475744523408764,11.879239734665523,1.7796531474221952e+18,1.7796173823511114e+18
1779640823460431880,11.476,4.8475,1273.325,34.88719295522881,14.157499999999999,47.47492678916219,11.878420701373203,1.7796535036444045e+18,1.7796167136695713e+18
1779640823860706595,10.972,18.15,609.075,34.89363986066612,14.157499999999999,47.51347130503816,11.878510958049326,1.7796538760544714e+18,1.779616014576128e+18
1779640824261046446,10.764,23.8825,220.325,34.888910598418775,14.280000000000001,47.48375019323223,11.878444748377863,1.77965427176357e+18,1.7796152716377772e+18
1779640824661584996,10.78,22.23,672.375,34.89915132210941,14.280000000000001,47.52601523665896,11.878588118509532,1.7796546969472182e+18,1.7796144733044006e+18
1779640825061915545,10.44,30.65,413.525,34.90541552781963,14.594999999999999,47.5388167610125,11.878675817389475,1.7796551602320369e+18,1.7796136033276465e+18
1779640825462178883,11.516,4.3825,1261.975,34.84165779410355,15.032499999999999,47.510894399120545,11.87778320911745,1.7796556458803016e+18,1.7796126909763794e+18
1779640825862451519,10.512,28.265,574.425,34.8145558378043,15.032499999999999,47.43937132395513,11.87740378172926,1.7796561643602947e+18,1.7796117167146097e+18
1779640826263007772,10.532,27.4825,114.6,34.8243426443909,15.382499999999999,47.47567731201632,11.877540797021473,1.7796567300331965e+18,1.779610653704131e+18
1779640826863192146,10.44,29.815,349.725,34.859363927006896,15.7675,47.487215935441036,11.878031094978097,1.779657355436328e+18,1.7796094785053686e+18
1779640827463750008,10.372,31.3825,1067.275,34.88634921250081,16.0475,47.49083353695406,11.878408888975011,1.7796580466126628e+18,1.7796081797256003e+18
1779640827864060878,10.4,30.55,1618.65,34.90894799107258,16.0475,47.5049985572594,11.878725271875016,1.7796588115925133e+18,1.7796067422479316e+18
1779640828264306494,10.348,31.165,24.525,34.96701575904234,16.397499999999997,47.56494172074732,11.879538220626593,1.779659675120602e+18,1.7796051197631567e+18
1779640828664691372,10.456,29.9675,74.825,35.00579149278535,16.695,47.5856641959765,11.880081080898995,1.7796606489437002e+18,1.7796032901047703e+18
1779640829064868630,10.6,25.6325,228.325,35.04406565357781,16.939999999999998,47.63314082335424,11.88061691915009,1.779661751716106e+18,1.7796012182318472e+18
1779640829465124154,10.564,26.865,696.775,35.07484027631926,16.939999999999998,47.66693697277397,11.88104776386847,1.779663005367787e+18,1.7795988629025e+18
1779640829865257643,10.68,23.05,487.975,35.09845386512332,17.08,47.71877981390364,11.881378354111726,1.779664438248313e+18,1.7795961708052516e+18
1779640830265597053,11.048,14.715,1489.175,35.094565254428545,17.290000000000003,47.74687103826376,11.881323913562,1.7796660653163674e+18,1.779593113642738e+18
1779640830665997959,10.268,33.6975,1267.8,35.112104738552674,17.377499999999998,47.75905254852363,11.881569466339737,1.7796679538813012e+18,1.7795895650544381e+18
1779640831066280949,10.532,27.0,592.2,35.13184796106503,17.675,47.79600892330593,11.88184587145491,1.779670169610789e+18,1.779585401656997e+18
1779640831466607068,10.356,31.8175,168.85,35.14330369054827,17.675,47.80493184947066,11.882006251667676,1.7796727967239365e+18,1.7795804651079537e+18
1779640831866947032,10.6,25.8175,515.275,35.152976029969096,17.955,47.82945785929984,11.882141664419567,1.7796759612253018e+18,1.7795745185728666e+18
1779640832267225869,10.316,32.7325,1572.475,35.16056277046055,18.235,47.83393932699145,11.882247878786448,1.7796798323331878e+18,1.7795672440083697e+18
1779640832667634837,10.032,39.9,1522.0,35.1402796954028,18.5325,47.78739674587433,11.88196391573564,1.7796846282880325e+18,1.7795582308867028e+18
1779640833268011097,9.956,41.5975,1367.975,35.11306802113171,18.83,47.73439486338401,11.881582952295844,1.7796906824186755e+18,1.7795468524744837e+18
1779640833668143492,9.88,43.2,897.925,35.0800278698769,19.11,47.678818482595766,11.881120390178276,1.7796985448542492e+18,1.7795320745044828e+18
1779640834068365739,9.96,40.38,1101.825,35.07610546596564,19.477500000000003,47.67436965865152,11.881065476523519,1.7797093112601761e+18,1.779511837770267e+18
1779640834468652614,9.916,41.315,85.7,35.068486565292744,19.845,47.66773060239974,11.880958811914098,1.7797249670484403e+18,1.779482410065844e+18
1779640835069065562,9.908,41.0975,261.525,35.06471332871483,20.09,47.673479664432676,11.880905986602007,1.7797498392355528e+18,1.7794356576975063e+18
1779640835469460709,10.64,24.2,798.1,35.05343956670505,20.3,47.69503514632823,11.88074815393387,1.7797950094303544e+18,1.7793507494692165e+18
1779640835869870088,11.1,12.7825,797.2,34.994232720965655,20.3,47.69066994917572,11.87991925809352,1.7798984693022605e+18,1.7791562657938184e+18
1779640836470901946,11.024,15.4475,794.45,34.95543485591406,20.37,47.69321240319614,11.879376087982797,1.7803900803339873e+18,1.7782321231245988e+18
1779640836871576955,11.436,6.915,786.05,34.89449793852352,20.3175,47.66960150445634,11.87852297113933,1.778748038659036e+18,1.7813188954840525e+18
1779640837272095266,11.648,2.4475,760.425,34.82129387642977,20.037499999999998,47.63251769518185,11.877498114270017,1.7793528670859901e+18,1.7801819241844124e+18
1779640837872517371,11.704,1.4625,682.225,34.74683734425281,19.845,47.59322291390508,11.87645572281954,1.7794660928692646e+18,1.779969084730515e+18
1779640838272852946,11.728,1.4825,443.575,34.686694992748755,19.564999999999998,47.56149207669035,11.875613729898483,1.7795140134661427e+18,1.7798790078264579e+18
1779640838673501925,11.736,1.4825,1353.675,34.629985200001805,19.285,47.53159024465873,11.874819792800025,1.779540421351411e+18,1.7798293711671716e+18
1779640839073653194,11.748,1.4975,854.275,34.579754150988855,19.285,47.50512692155294,11.874116558113844,1.779557192570349e+18,1.779797849662019e+18
1779640839474389117,11.752,1.5175,968.625,34.530917505500106,19.005,47.47939399098977,11.873432845077001,1.7795687534030717e+18,1.7797761227472038e+18
1779640840675861294,11.78,1.4825,632.625,34.49104109322771,18.0075,47.45839148034072,11.872874575305188,1.7795771820938094e+18,1.7797602835881334e+18
1779640841076636989,11.78,1.4475,292.2,34.453251673513634,18.0075,47.43845286846384,11.87234552342919,1.7795835730378227e+18,1.7797482749737172e+18
1779640841477008452,11.788,1.5475,891.7,34.420194050002294,17.7625,47.42103269729101,11.871882716700032,1.7795886366781704e+18,1.7797387613280558e+18
1779640841877244088,11.792,1.5325,1082.85,34.3862640391187,17.0625,47.40316392923355,11.871407696547662,1.7795927330639995e+18,1.7797310659003484e+18
1779640842277570621,11.792,1.5175,27.775,34.35243253757866,16.59,47.38533008007944,11.870934055526101,1.7795960951471347e+18,1.779724750827523e+18
1779640842677730960,11.796,1.5175,84.75,34.319541555057334,16.59,47.368031301558936,11.870473581770803,1.7795989185227254e+18,1.7797194484280433e+18
1779640843078108780,11.8,1.5175,258.625,34.28785226060583,16.2225,47.351324427530585,11.870029931648482,1.7796013279893686e+18,1.7797149241019205e+18
1779640843678591765,11.804,1.4975,789.25,34.26161150060727,16.0825,47.33750533639499,11.869662561008502,1.779603426762937e+18,1.7797109837591183e+18
1779640844078861729,11.808,1.5475,770.175,34.237110242780986,16.0825,47.32458022918891,11.869319543398934,1.7796052548595261e+18,1.7797075521871654e+18
1779640844479080175,11.804,1.75,711.975,34.21635693066049,15.907499999999999,47.31355002655415,11.869028997029247,1.779606895098405e+18,1.7797044736519823e+18
1779640844879270549,11.752,2.8475,534.375,34.192945926163596,15.89,47.300842290313874,11.86870124296629,1.7796083289356406e+18,1.779701783138617e+18
1779640845679699757,11.736,3.2975,187.75,34.17144673784103,15.645,47.28890448645028,11.868400254329774,1.7796095367828242e+18,1.7796995175318413e+18
1779640846079928661,11.716,3.565,572.95,34.14315657338706,15.645,47.27352034359115,11.868004192027419,1.7796106345850542e+18,1.779697458821231e+18
1779640846480126874,11.732,3.2325,110.1,34.114230256214654,15.575000000000001,47.257798928068844,11.867599223587005,1.7796115697298045e+18,1.779695706045453e+18
1779640846880408959,11.608,6.0325,335.975,34.089031421853164,15.575000000000001,47.24287260856898,11.867246439905944,1.779612419858271e+18,1.7796941131200497e+18
1779640847280791337,11.732,3.15,1025.3,34.05599796782652,15.137500000000001,47.225126845248745,11.866783971549571,1.7796132312867103e+18,1.7796925929745172e+18
1779640847681063900,11.084,17.715,1490.55,34.024865324303164,14.735,47.19666746498145,11.866348114540244,1.7796139773184297e+18,1.7796911958417372e+18
1779640848081363707,11.096,17.165,1271.975,33.99135234068563,14.735,47.17027925819412,11.865878932769599,1.779614670582368e+18,1.7796898979877967e+18
1779640848481921421,11.28,12.7475,604.95,33.955186283790326,14.4025,47.14866908540755,11.865372607973065,1.7796153229424335e+18,1.7796886771114153e+18
1779640848882608781,10.848,22.9975,207.75,33.91776378744743,14.245000000000001,47.109457316670536,11.864848693024264,1.7796159208835745e+18,1.7796875586781097e+18
1779640849483381180,11.084,16.8675,634.0,33.87555213140461,14.245000000000001,47.084423929982606,11.864257729839665,1.7796164221521692e+18,1.7796866223921859e+18
1779640849883636384,10.824,22.0975,296.4,33.83261584690499,14.14,47.06146791156195,11.86365662185667,1.7796168536005427e+18,1.779685817660482e+18
1779640850284399562,11.124,14.865,904.525,33.77972653201377,14.087500000000002,47.0406467122253,11.862916171448193,1.7796172452504015e+18,1.779685088046617e+18
1779640850685111982,11.192,13.435,1121.975,33.726326898771916,14.087500000000002,47.01905603699949,11.862168576582807,1.779617596013272e+18,1.7796844356186445e+18
1779640851085727005,10.936,19.6475,147.175,33.6809924660502,13.9825,46.99855811783304,11.861533894524703,1.7796179108979092e+18,1.7796838508945564e+18
1779640851486391150,10.972,18.6825,449.125,33.63681531006527,13.9825,46.97867789113708,11.860915414340914,1.77961819504821e+18,1.7796833241907866e+18
1779640851886625304,11.116,14.5325,1370.6,33.58587878902106,14.0,46.96517492967331,11.860202303046295,1.7796184422588685e+18,1.7796828672729272e+18
1779640852286975630,10.744,24.135,905.925,33.544603437867856,14.087500000000002,46.94035411647065,11.85962444813015,1.779618662378421e+18,1.779682461526484e+18
1779640852687332933,10.24,35.365,1126.25,33.50044881902943,14.087500000000002,46.907964395546514,11.859006283466412,1.7796188536090496e+18,1.7796821103827092e+18
1779640853087697873,10.384,31.55,160.225,33.4693269351527,14.385000000000002,46.90210529204187,11.858570577092138,1.779619023563822e+18,1.7796817994110093e+18
1779640853487942224,10.832,21.35,488.95,33.44147002586356,14.700000000000001,46.90567285313016,11.85818058036209,1.7796191774061332e+18,1.7796815188660393e+18
1779640853888144502,10.884,19.1825,1492.15,33.422549643789914,14.700000000000001,46.91586032489459,11.857915695013059,1.7796193171709358e+18,1.77968126485861e+18
1779640854488579543,10.156,36.6325,619.9,33.403384424088,15.3125,46.90415389350341,11.857647381937232,1.7796194412719672e+18,1.7796810404081743e+18
1779640854888697725,9.888,42.75,253.375,33.37409432462115,15.3125,46.876163377511325,11.857237320544696,1.7796195456857682e+18,1.7796808531882025e+18
1779640855288839463,10.08,37.5175,773.225,33.37919123521264,15.802499999999998,46.88698787555866,11.857308677292977,1.779619646149632e+18,1.77968067326373e+18
1779640855688978687,9.804,44.3825,721.275,33.361365840969555,16.2575,46.86536466543073,11.857059121773574,1.7796197330034383e+18,1.779680519044553e+18
1779640856089185285,9.86,42.65,562.75,33.35832454447491,16.765,46.86357056387397,11.857016543622649,1.779619813647075e+18,1.7796803764651118e+18
1779640856489415709,9.744,45.085,78.975,33.3588498574415,16.765,46.86379443367531,11.857023898004181,1.7796198879651702e+18,1.7796802457264876e+18
1779640857089798262,9.736,44.3175,241.0,33.36365172050093,17.2375,46.8905126192444,11.857091124087013,1.7796199575607982e+18,1.7796801237876977e+18
1779640857490031885,9.768,44.5325,735.45,33.35580878142193,17.709999999999997,46.88954151351144,11.856981322939907,1.779620020358858e+18,1.7796800146551145e+18
1779640857890318888,9.78,44.635,606.0,33.35145730500235,18.2175,46.8794712541429,11.856920402270033,1.7796200757681894e+18,1.7796799194302625e+18
1779640858290513689,9.756,44.7825,210.95,33.342993314284016,18.602500000000003,46.878588748565285,11.856801906399976,1.7796201220290547e+18,1.7796798414777528e+18
1779640858690766106,9.84,42.0325,643.75,33.3517364615731,18.602500000000003,46.90424338162018,11.856924310462023,1.7796201672310356e+18,1.779679765391334e+18
1779640859091043201,9.888,42.0975,326.15,33.350291388621514,19.040000000000003,46.901131300253574,11.856904079440701,1.7796202044748795e+18,1.7796797042937103e+18
1779640859491445467,9.864,42.25,995.325,33.357859774043504,19.425,46.90918251940266,11.85701003683661,1.7796202375589926e+18,1.7796796509466363e+18
1779640859891835595,9.8,43.815,1399.075,33.34440866992788,19.74,46.904997701098516,11.85682172137899,1.779620255599729e+18,1.7796796260948503e+18
1779640860292057466,9.98,39.7675,992.825,33.344523299425006,19.915000000000003,46.909312125380204,11.85682332619195,1.7796202607337275e+18,1.7796796256193892e+18
1779640860692418270,10.216,34.3,1391.45,33.34206023625965,20.002499999999998,46.9181262708245,11.856788843307635,1.779620248838379e+18,1.7796796573579438e+18
1779640861092834056,10.996,15.785,969.55,33.291442341984336,19.985,46.910658487705604,11.85608019278778,1.7796201937040003e+18,1.779679771287474e+18
1779640861493126036,10.92,18.7675,1320.425,33.2639541029348,19.95,46.906818705393064,11.855695357441087,1.7796201001013274e+18,1.7796799582679498e+18
1779640861893536744,11.444,6.83,752.8,33.19462403898694,19.74,46.8786972459742,11.854724736545817,1.7796199481777615e+18,1.77968025624454e+18
1779640862293836870,11.688,1.4325,658.95,33.10787151221414,19.425,46.83762747867944,11.853510201170998,1.779619728706767e+18,1.7796806829045663e+18
1779640862694057560,11.7,1.4975,372.55,33.029047364459785,19.127499999999998,46.80038826196862,11.852406663102437,1.7796194414294292e+18,1.779681238791296e+18
1779640863094138004,11.72,1.4625,1136.925,32.95796508997451,19.127499999999998,46.76680758526164,11.851411511259643,1.7796190800141348e+18,1.7796819359699914e+18
1779640863494423053,11.728,1.415,192.8,32.88849536994769,18.7775,46.73502094695011,11.850438935179268,1.7796186413973788e+18,1.7796827803720563e+18
1779640863894810731,11.744,1.4625,588.375,32.82673015993574,18.48,46.70863660985136,11.8495742222391,1.779618118129193e+18,1.7796837862191516e+18
1779640864295276683,11.752,1.5175,157.175,32.796909731102176,18.13,46.72391461282615,11.84915673623543,1.7796175155095946e+18,1.7796849433754765e+18
1779640864695641900,11.756,1.4475,479.65,32.78739492970372,18.13,46.75161213108482,11.849023529015852,1.7796168656762304e+18,1.7796861908291707e+18
1779640865095958600,11.768,1.4975,1463.775,32.783355855761876,17.78,46.770446088259035,11.848966981980666,1.779616170549594e+18,1.7796875249699942e+18
1779640865496687787,11.772,1.4325,1190.275,32.78415936421276,17.5,46.79310922152205,11.848978231098979,1.7796154236153372e+18,1.7796889582023127e+18
1779640865897152742,11.776,1.4825,355.625,32.78445714497167,17.1675,46.80281034605605,11.848982400029604,1.779614591384274e+18,1.779690554227481e+18
1779640866297648804,11.776,1.4975,1085.275,32.78536311700228,17.1675,46.819914238726675,11.848995083638032,1.7796136772140365e+18,1.7796923067951345e+18
1779640866698144330,11.784,1.4975,35.175,32.78884486036168,16.87,46.82608230032426,11.849043828045064,1.7796127059575665e+18,1.7796941687715566e+18
1779640867098710501,11.788,1.4825,107.325,32.792500750034954,16.6075,46.83793655593626,11.84909501050049,1.7796116747888497e+18,1.7796961456118436e+18
1779640867499211584,11.788,1.4325,327.525,32.795690255108084,16.6075,46.842780735510495,11.849139663571513,1.7796105377891497e+18,1.7796983247343974e+18
1779640867899811469,11.792,1.4975,999.525,32.80300966214753,16.2925,46.84567125092585,11.849242135270066,1.77960928059986e+18,1.779700733571126e+18
1779640868300415671,11.796,1.4975,1411.9,32.81225091824009,15.977500000000001,46.85184225373383,11.849371512855361,1.77960792527254e+18,1.7797033303170842e+18
1779640868700919016,11.804,1.4475,1031.975,32.89499893670292,15.977500000000001,46.88931259476837,11.850529985113841,1.7796065641269184e+18,1.7797059385695565e+18
1779640869301251413,11.8,1.5325,1510.925,32.94538488284769,15.487499999999999,46.91167121578935,11.851235388359868,1.779605121197738e+18,1.779708703249282e+18
1779640869701785885,11.804,1.4475,1334.175,32.98901701300789,15.242500000000001,46.932225261755754,11.85184623818211,1.7796036167216084e+18,1.7797115859169423e+18
1779640870102234695,11.808,1.4625,794.775,33.02595064379551,15.242500000000001,46.94961596178666,11.852363309013137,1.7796019154283927e+18,1.7797148443197056e+18
1779640870502796974,11.784,2.0325,787.05,33.05743315180216,14.98,46.96428446928839,11.85280406412523,1.7796000456623547e+18,1.7797184247330138e+18
1779640870903015566,11.752,2.7825,763.475,33.08355444420769,14.98,46.97618609028996,11.853169762218908,1.7795979876788575e+18,1.7797223650099648e+18
1779640871303434036,11.652,4.95,691.525,33.10075056508605,14.717500000000001,46.98316875413279,11.853410507911205,1.7795956816779333e+18,1.7797267794401592e+18
1779640871903944425,11.724,3.3975,471.95,33.11983710921118,14.42,46.991577943481104,11.853677719528957,1.7795931050003886e+18,1.7797317114752817e+18
1779640872304028634,11.584,6.765,1440.275,33.142812742027274,14.42,46.999796035348,11.853999378388382,1.7795902798035016e+18,1.779737119063464e+18
1779640872704234956,11.384,10.55,1118.55,33.148815079293726,14.262500000000001,47.00024467332259,11.854083411110112,1.7795871162262756e+18,1.7797431741108206e+18
1779640873104412741,10.624,28.1325,136.725,33.137484945698965,14.349999999999998,46.96974977334447,11.853924789239786,1.7795834815078098e+18,1.779750130569758e+18
1779640873504618707,10.844,22.0975,417.25,33.12744229870979,14.349999999999998,46.95957636480011,11.853784192181937,1.77957941871156e+18,1.7797579068459295e+18
1779640873904933192,10.7,24.665,1273.325,33.11738998316398,14.612499999999999,46.95394645601392,11.853643459764296,1.77957477137683e+18,1.7797668020713736e+18
1779640874305113897,10.816,21.665,609.075,33.10086591655716,15.102500000000001,46.950804498906685,11.8534121228318,1.7795693941504374e+18,1.7797770945877548e+18
1779640874705386723,10.788,22.365,220.325,33.0868708761336,15.102500000000001,46.9483006348918,11.85321619226587,1.7795634725764014e+18,1.779788431051418e+18
1779640875105637646,10.792,22.1325,672.375,33.06411106267482,15.382499999999999,46.94380106023614,11.852897554877448,1.7795567626223306e+18,1.7798012784455898e+18
1779640875505886898,10.788,22.0975,413.525,33.042657414758615,15.697500000000002,46.94304151366166,11.85259720380662,1.779549026464993e+18,1.7798160921010647e+18
1779640876106473566,10.796,21.9825,1261.975,33.0305780873238,15.697500000000002,46.944262189492626,11.852428093222533,1.7795400269872556e+18,1.779833326216678e+18
1779640876506805926,10.82,20.78,574.425,33.009945125753404,16.0125,46.948370543284305,11.852139231760548,1.7795292978504282e+18,1.7798538738842685e+18
1779640877307344221,10.864,19.5825,349.725,33.01362343622181,16.5725,46.96209921355303,11.852190728107105,1.7795165467374026e+18,1.7798782953541284e+18
1779640877707747726,11.068,15.15,1067.275,32.982431401560476,16.5725,46.95883383389827,11.851754039621847,1.7795004363171914e+18,1.77990915135982e+18
1779640878108130252,11.004,17.065,1618.65,32.95889519266283,16.7825,46.95804663842699,11.85142453269728,1.7794796549848737e+18,1.779948954473426e+18
1779640878508310491,11.088,15.85,24.525,32.94305229590631,16.712500000000002,46.95655369579817,11.851202732142688,1.7794523727266342e+18,1.780001211134866e+18
1779640879108809684,11.0,17.4825,74.825,32.93349662447199,16.712500000000002,46.95745845039623,11.851068952742608,1.7794138009055027e+18,1.780075091434089e+18
1779640879509144450,10.956,17.7975,228.325,32.918822710148355,16.73,46.96020625812832,11.850863517942077,1.7793547140199073e+18,1.780188265259239e+18
1779640880310729723,10.908,19.115,487.975,32.902623380835095,16.8875,46.96246255849279,11.850636727331691,1.779249278962453e+18,1.7803902079626493e+18
1779640880711435045,11.008,16.715,1489.175,32.89659936797855,16.8875,46.96760325075607,11.8505523911517,1.779014509625364e+18,1.780839861904262e+18
1779640881112170753,10.984,17.0,1267.8,32.87638854052972,16.87,46.96864696696291,11.850269439567416,1.7779968306568596e+18,1.7827890027747924e+18
1779640881512879562,10.968,17.215,592.2,32.85416793864296,16.9575,46.970204085467415,11.849958351141002,1.7820510623022292e+18,1.77502404331335e+18
1779640881913269107,10.912,18.615,168.85,32.8347045217824,16.905,46.972866386270425,11.849685863304954,1.7803172036227756e+18,1.7783448668555305e+18
1779640882313917608,10.928,18.8325,515.275,32.82327220320703,16.905,46.9747309620968,11.849525810844899,1.7800293492659443e+18,1.7788961941150794e+18
1779640882714690858,11.512,4.7125,1572.475,32.75438026310635,16.87,46.9470248383441,11.848561323683489,1.7799065013420987e+18,1.7791314908707773e+18
1779640883115123188,11.512,5.7175,1522.0,32.71836060777277,17.0275,46.93290967369736,11.848057048508819,1.779839787982603e+18,1.7792592748816082e+18
1779640883515643569,11.244,12.1,1367.975,32.69980667323024,16.7825,46.92888259645729,11.847797293425224,1.7797982871337969e+18,1.7793387701358687e+18
1779640883916174594,11.268,11.3175,897.925,32.70442378616007,16.7825,46.93500530849651,11.847861933006241,1.7797703752268662e+18,1.779392238644232e+18
1779640884316874787,10.716,23.8675,1101.825,32.71616914270876,16.555,46.941537136617015,11.848026367997923,1.7797504915522179e+18,1.7794303303793037e+18
1779640884717084850,10.736,23.065,85.7,32.734732582631516,16.59,46.95610577263913,11.848286256156841,1.779735722983498e+18,1.7794586246742019e+18
1779640885117518202,10.984,16.5325,261.525,32.707101863051875,16.8175,46.96824359031075,11.847899426082726,1.779723998859514e+18,1.77948108786242e+18
1779640885517912934,10.82,20.6975,798.1,32.69504558826727,16.8175,46.99457424757732,11.847730638235742,1.779714451508494e+18,1.7794993823029345e+18
1779640885918187957,9.9,42.6025,797.2,32.677097863132104,16.66,46.96823142273415,11.84747937008385,1.779706514131446e+18,1.7795145934305876e+18
1779640886318669737,10.012,39.35,794.45,32.67339084210152,17.01,46.962717208429495,11.847427471789421,1.7796999480290458e+18,1.7795271778062536e+18
1779640886719301075,9.932,40.865,786.05,32.70935842606033,17.465,46.972558945253816,11.847931017964845,1.7796944577650368e+18,1.7795377018375194e+18
1779640887119554561,9.988,39.8025,760.425,32.70562645784041,17.465,46.96901874495147,11.847878770409766,1.7796897149004764e+18,1.7795467944837888e+18
1779640887519924403,10.032,38.4325,682.225,32.70656762421293,17.8325,46.981980764635495,11.847891946738981,1.779685606267532e+18,1.7795546723110313e+18
1779640887920250836,10.04,38.4175,443.575,32.711687806539054,18.27,46.99249609661512,11.847963629291547,1.779682125866678e+18,1.779561345947088e+18
1779640888320463463,10.344,30.8175,1353.675,32.71454939964324,18.7075,47.00913059366399,11.848003691595006,1.7796791459053391e+18,1.7795670602710472e+18
1779640889120908086,11.564,3.665,968.625,32.65295861785934,18.8825,46.9849733337137,11.847141420650031,1.7796764720835594e+18,1.7795721876845716e+18
1779640889521109247,11.66,2.0825,1317.6,32.60062963155888,18.8825,46.96312483511022,11.846408814841825,1.7796740592067965e+18,1.779576814993762e+18
1779640889921349005,11.708,1.5175,744.175,32.563815950745024,18.7425,46.95278376775681,11.84589342331043,1.779671905564832e+18,1.7795809453489628e+18
1779640890321535303,11.724,1.4825,632.625,32.548255622805605,18.6725,46.96780953572071,11.845675578719279,1.779669923470493e+18,1.7795847474949197e+18
1779640890721694699,11.732,1.4625,292.2,32.54900240749899,18.5325,47.001891644138,11.845686033704986,1.7796681320994081e+18,1.7795881843733363e+18
1779640891121943953,11.744,1.4475,891.7,32.54602146790871,18.4275,47.021414406066306,11.845644300550722,1.7796665162145777e+18,1.7795912850028022e+18
1779640891522177805,11.752,1.4475,1082.85,32.54021393431779,18.252499999999998,47.03026111928842,11.84556299508045,1.779665056903656e+18,1.7795940855294318e+18
1779640891922466883,11.764,1.4825,27.775,32.587035202533094,18.252499999999998,47.052696422930254,11.846218492835463,1.779663772781653e+18,1.7795965501969738e+18
1779640892322965178,11.764,1.4475,84.75,32.620802263968585,17.9375,47.06892082697917,11.84669123169556,1.7796626314972206e+18,1.779598740971805e+18
1779640892723331171,11.768,1.4975,258.625,32.64515497994494,17.587500000000002,47.08064205791053,11.84703216971923,1.779661606483635e+18,1.7796007087833032e+18
1779640893123790154,11.772,1.3975,789.25,32.6597498039041,17.587500000000002,47.087634576628346,11.847236497254658,1.7796606803511255e+18,1.7796024869233183e+18
1779640893524430514,11.78,1.4975,770.175,32.680801764270285,17.3075,47.09774436345211,11.847531224699784,1.7796598448176328e+18,1.7796040912567122e+18
1779640893924792505,11.788,1.5175,711.975,32.696750754004256,17.115,47.10537490152265,11.84775451055606,1.77965908774804e+18,1.7796055450269624e+18
1779640894325221469,11.788,1.3975,534.375,32.70517132961945,16.9225,47.10941936522459,11.847872398614673,1.779658396192818e+18,1.7796068730716544e+18
1779640894725667654,11.788,1.5325,1630.775,32.71314066640562,16.9225,47.11323049066792,11.847983969329679,1.779657762448989e+18,1.779608090165939e+18
1779640895126021875,11.8,1.4975,61.525,32.721541593314036,17.0625,47.11725672482456,11.848101582306397,1.7796571859791255e+18,1.7796091972611297e+18
1779640895526338324,11.8,1.5325,187.75,32.727553224678935,16.834999999999997,47.12011332550316,11.848185745145505,1.7796566536473784e+18,1.7796102196441254e+18
1779640895926793085,11.8,1.5325,572.95,32.72849930728891,16.834999999999997,47.12055788753233,11.848198990302045,1.779656160120437e+18,1.7796111675328397e+18
1779640896327152447,11.804,1.4625,110.1,32.73124980219807,16.6075,47.12187382643739,11.848237497230773,1.7796557028858568e+18,1.779612045737516e+18
1779640896727647544,11.808,1.4825,335.975,32.72890844834772,16.345,47.12075185386873,11.848204718276868,1.779655276810334e+18,1.7796128641091325e+18
1779640897128005314,11.808,1.4975,1025.3,32.724629299883574,16.345,47.11869665711345,11.84814481019837,1.779654878213703e+18,1.7796136297144015e+18
1779640897528345831,11.808,1.4325,1490.55,32.720939417084644,16.135,47.11694238807247,11.848093151839185,1.779654504964101e+18,1.7796143466430956e+18
1779640897928780180,11.812,1.4325,1271.975,32.71671639756669,15.837500000000002,47.114908227855466,11.848034029565934,1.7796541548737784e+18,1.779615019091991e+18
1779640898329102671,11.816,1.4475,604.95,32.712027510022175,15.837500000000002,47.11265848692832,11.84796838514031,1.7796538264219804e+18,1.779615649972717e+18
1779640898729509330,11.816,1.4325,207.75,32.70063537427289,15.4525,47.107282347217726,11.84780889523982,1.779653516737849e+18,1.779616244785715e+18
1779640899130022019,11.82,1.4475,634.0,32.692283432413255,15.260000000000002,47.10330307957532,11.847691968053786,1.7796532252969792e+18,1.7796168045349663e+18
1779640899530385844,11.82,1.415,296.4,32.683458308559594,15.260000000000002,47.09910117849562,11.847568416319834,1.779652951934649e+18,1.779617329513659e+18
1779640899930658143,11.824,1.4975,904.525,32.678779077833276,15.155000000000001,47.09686030851743,11.847502907089666,1.7796526956424932e+18,1.7796178216675612e+18
1779640900331208019,11.824,1.5325,1121.975,32.67360579342302,14.8575,47.09434504648727,11.847430481107923,1.7796524555599063e+18,1.7796182826402186e+18
1779640900731788485,11.828,1.4825,147.175,32.66800585378277,14.8575,47.09168311975068,11.847352081952959,1.7796522298359844e+18,1.7796187159949181e+18
1779640901132355478,11.828,1.5175,449.125,32.660601028427855,14.629999999999999,47.08814942057952,11.84724841439799,1.7796520164076754e+18,1.7796191257060613e+18
1779640901532643802,11.828,1.5175,1370.6,32.64761890529149,14.629999999999999,47.08197482698641,11.847066664674081,1.77965181272671e+18,1.779619516680248e+18
1779640901933236278,11.832,1.5325,905.925,32.63684021702498,14.4025,47.076792620306534,11.84691576303835,1.7796516200814715e+18,1.7796198864135626e+18
1779640902333395333,11.832,1.5675,1126.25,32.630226489887605,14.2975,47.07355843031931,11.846823170858427,1.7796514364079713e+18,1.7796202389110784e+18
1779640902733460679,11.756,2.8475,160.225,32.61227310411781,14.2975,47.06436397032074,11.84657182345765,1.7796512629626557e+18,1.779620571684039e+18
1779640903133733721,11.74,3.1,488.95,32.59073237698425,14.245000000000001,47.05336141082532,11.84627025327778,1.7796510968615662e+18,1.7796208903083054e+18
1779640903533916169,11.736,3.2975,1492.15,32.56603772118325,14.245000000000001,47.04077131583484,11.845924528096566,1.7796509373717266e+18,1.7796211961890038e+18
1779640903934132653,11.112,17.65,1276.875,32.54220917417177,14.105,47.01356331190507,11.845590928438405,1.7796507824931912e+18,1.7796214932074665e+18
1779640904334406851,11.276,13.2475,619.9,32.50968228509384,14.192499999999999,46.99156502249059,11.845135551991314,1.7796506308655703e+18,1.7796217839760586e+18
1779640904734738204,10.496,29.0675,253.375,32.46096100357947,14.192499999999999,46.96345381776632,11.844453454050113,1.77965048061994e+18,1.7796220720768622e+18
1779640905134985898,10.972,18.6975,773.225,32.40993356833667,14.315,46.93821848116721,11.843739069956714,1.7796503245090752e+18,1.7796223715967142e+18
1779640905535179888,10.62,26.7675,721.275,32.359421948590594,14.507499999999999,46.90607257093467,11.843031907280269,1.7796501688149217e+18,1.7796226703374815e+18
1779640905935370816,10.968,17.55,562.75,32.293010791352216,14.507499999999999,46.88242287664913,11.842102151078931,1.7796500116650358e+18,1.7796229719015793e+18
1779640906335633553,10.364,30.8975,78.975,32.240208444875556,14.944999999999999,46.86696890843312,11.841362918228258,1.7796498547250263e+18,1.7796232730995802e+18
1779640906736042429,10.324,32.415,241.0,32.19458903736582,14.735,46.8453893223735,11.840724246523122,1.77964969747917e+18,1.7796235749621645e+18
1779640907136311887,10.708,23.235,735.45,32.135408803361464,14.735,46.82863794749627,11.83989572324706,1.7796495390196e+18,1.7796238792263165e+18
1779640907536684689,10.312,32.8325,606.0,32.07433638360045,15.067499999999999,46.80351044754361,11.839040709370407,1.7796493791465764e+18,1.7796241862865853e+18
1779640907936967174,9.98,40.5,210.95,32.036381008518205,15.295,46.783393821508575,11.838509334119255,1.779649220440158e+18,1.7796244911897057e+18
1779640908337736483,9.952,41.1825,643.75,31.996296384131078,15.295,46.769592654820016,11.837948149377835,1.7796490618706486e+18,1.7796247959391688e+18
1779640908738121070,9.984,38.8175,326.15,31.98444539085991,15.645,46.78727012422778,11.837782235472039,1.7796489059816486e+18,1.7796250956531638e+18
1779640909138655190,9.932,40.865,995.325,31.972704637881574,16.0125,46.78400043236002,11.837617864930342,1.7796487529314665e+18,1.7796253900187663e+18
1779640909739529940,10.128,35.365,1399.075,31.974931976914405,16.0125,46.81012109340652,11.837649047676802,1.77964860325668e+18,1.779625678017871e+18
1779640910140168740,9.844,43.3675,992.825,31.95775742720147,16.205,46.79874925918268,11.83740860398082,1.7796484557333757e+18,1.7796259619852782e+18
1779640910540573053,9.924,40.065,1391.45,31.963708035432777,16.4325,46.82617064806164,11.83749191249606,1.7796483117845622e+18,1.779626239195001e+18
1779640910941200773,9.924,40.9,969.55,31.965897557707123,16.8,46.822742307704836,11.8375225658079,1.7796481705605082e+18,1.7796265112889185e+18
1779640911341844403,10.104,35.6175,1320.425,31.975395132492295,16.8,46.84705857247947,11.837655531854892,1.7796480319093537e+18,1.7796267785737592e+18
1779640911742194318,9.884,42.2325,752.8,31.974367701035177,17.2025,46.82750907760692,11.837641147814493,1.779647895308604e+18,1.779627042039839e+18
1779640912142611174,9.864,42.4675,658.95,31.97716815391924,17.01,46.81325741270401,11.83768035415487,1.7796477607333827e+18,1.7796273017394301e+18
1779640912543128759,9.848,42.6175,372.55,31.98031243458885,17.255,46.80497760505765,11.837724374084244,1.7796476282015178e+18,1.7796275576332426e+18
1779640913144127349,10.028,38.9325,1136.925,31.980856199469084,17.255,46.79648473044748,11.837731986792567,1.779647497584847e+18,1.7796278099610765e+18
1779640913544527292,9.928,40.065,192.8,31.986927916707657,17.5,46.81258799053647,11.837816990833907,1.7796473689518548e+18,1.7796280585961114e+18
1779640913945071467,9.972,39.2325,588.375,32.05813497712945,17.955,46.84912556564417,11.838813889679813,1.7796472411704722e+18,1.779628305880484e+18
1779640914345735273,10.008,38.2975,157.175,32.06515784275081,18.3925,46.86207844532471,11.838912209798512,1.7796471125960643e+18,1.7796285548972022e+18
1779640914746531104,10.008,39.115,479.65,32.06522061859209,18.6725,46.86028822199684,11.83891308866029,1.779646984485932e+18,1.779628803168309e+18
1779640915146885749,10.396,30.7,1463.775,32.06335518605565,19.145,46.86512262790231,11.83888697260478,1.779646858054442e+18,1.7796290483093443e+18
1779640915547134344,10.856,19.7175,1190.275,32.049194373549305,19.459999999999997,46.87016493617334,11.83868872122969,1.779646733352529e+18,1.779629290194092e+18
1779640915947509072,11.492,4.55,355.625,31.978082701333292,19.599999999999998,46.83304815299165,11.837693157818666,1.7796466090774976e+18,1.7796295312706253e+18
1779640916347892445,11.592,3.015,1085.275,31.924219902307875,19.4075,46.80039161303438,11.83693907863231,1.7796464867152922e+18,1.7796297686629665e+18
1779640916748288764,11.504,5.515,35.175,31.885417222645728,19.4075,46.78212031933541,11.83639584111704,1.7796463675148278e+18,1.779629999949584e+18
1779640917148854188,11.6,3.08,107.325,31.835334039127737,19.337500000000002,46.75331985791834,11.835694676547789,1.7796462512056125e+18,1.779630225639871e+18
1779640917549019704,11.572,4.3825,327.525,31.805087907007586,19.32,46.733273172038196,11.835271230698106,1.7796461388392704e+18,1.779630443701962e+18
1779640917949378490,11.712,1.3975,999.525,31.784294139966153,19.11,46.71155317211635,11.834980117959526,1.77964603026655e+18,1.779630654439227e+18
1779640918349591587,11.724,1.4325,1411.9,31.76174870415989,19.005,46.69265523767066,11.834664481858239,1.7796459254666455e+18,1.7796308578837112e+18
1779640918749740951,11.736,1.415,1031.975,31.74856774547016,18.900000000000002,46.67231238274786,11.834479948436583,1.7796458249352284e+18,1.7796310530701448e+18
1779640919150256439,11.744,1.415,1510.925,31.73413281301815,18.900000000000002,46.66528554025495,11.834277859382254,1.77964572812139e+18,1.7796312410716096e+18
1779640919550373427,11.752,1.4625,1334.175,31.737108728705234,18.724999999999998,46.66061796210407,11.834319522201874,1.7796456355292209e+18,1.7796314209162693e+18
1779640919950471217,11.76,1.4625,794.775,31.732949128387965,18.497500000000002,46.65960035546149,11.834261287797432,1.779645546817285e+18,1.779631593255832e+18
1779640920350687824,11.764,1.4825,787.05,31.807191660881042,18.305,46.69076938817872,11.835300683252335,1.779645463761768e+18,1.7796317547007493e+18
1779640920750821977,11.768,1.4475,763.475,31.839174976885555,18.2175,46.70486997899522,11.835748449676398,1.779645384850565e+18,1.7796319081495524e+18
1779640921150933364,11.776,1.4325,691.525,31.862846908371797,18.2175,46.71529774418426,11.836079856717205,1.7796453096348457e+18,1.7796320544634337e+18
1779640921551146874,11.78,1.4325,471.95,31.88790480130574,18.0775,46.7263518447487,11.83643066721828,1.7796452380176594e+18,1.7796321938260544e+18
1779640921951413712,11.784,1.4825,1440.275,31.907356105452926,17.92,46.73492655034344,11.836702985476341,1.7796451696373711e+18,1.7796323269334367e+18
1779640922351735741,11.788,1.4475,1118.55,31.91757795302486,17.7625,46.73943580476902,11.836846091342348,1.7796451039714138e+18,1.7796324547955525e+18
1779640922752011190,11.792,1.4975,136.725,31.928592959211393,17.7625,46.7442871626629,11.83700030142896,1.779645041010841e+18,1.7796325774250826e+18
1779640925354704472,11.792,1.4625,417.25,31.937308765154395,17.622500000000002,46.74813101486422,11.837122322712162,1.7796449806596142e+18,1.779632695015365e+18
1779640925755258150,11.792,1.3975,1273.325,31.941981600010216,17.5175,46.750204448978735,11.837187742400143,1.7796449228055834e+18,1.779632807764673e+18
1779640926155981638,11.796,1.4625,609.075,31.94429478357732,17.325,46.75122420862026,11.837220126970083,1.7796448673948424e+18,1.7796329157726e+18
1779640926556399081,11.804,1.4625,220.325,31.948391641309748,17.325,46.75303513088818,11.837277482978337,1.7796448142347912e+18,1.7796330194154412e+18
1779640926956931922,11.808,1.4625,672.375,31.95612690152623,17.045,46.75643855631769,11.837385776621367,1.7796447628411415e+18,1.779633119649483e+18
1779640927357451326,11.804,1.4625,413.525,31.949628832041196,16.852500000000003,46.75393224133892,11.837294803648577,1.7796447123769958e+18,1.7796332181066596e+18
1779640927757768688,11.804,1.5175,1261.975,31.932635826765523,16.712500000000002,46.748225468985865,11.837056901574718,1.7796446624469066e+18,1.7796333155541056e+18
1779640928559197056,11.808,1.4475,114.6,31.935657203793074,16.502499999999998,46.750201993796175,11.837099200853103,1.779644613984885e+18,1.7796334101740124e+18
1779640928959561633,11.812,1.4625,349.725,31.938558185688667,16.2225,46.751832872177346,11.837139814599642,1.7796445665526979e+18,1.7796335028247795e+18
1779640929359939442,11.82,1.4975,1067.275,31.929881557933086,16.2225,46.755502823587335,11.837018341811063,1.7796445199575846e+18,1.7796335938719767e+18
1779640929760234906,11.82,1.4625,1618.65,31.928877627758034,16.03,46.76153507593586,11.837004286788613,1.7796444751884972e+18,1.7796336813664673e+18
1779640930161023802,11.82,1.4625,24.525,31.945999238212785,15.855,46.77691695292359,11.83724398933498,1.779644432760405e+18,1.7796337643061906e+18
1779640930561639806,11.82,1.4475,74.825,31.969068379795953,15.855,46.80048567972691,11.837566957317144,1.7796443915260462e+18,1.7796338449638203e+18
1779640930962279504,11.82,1.4475,228.325,31.995895816603234,15.522499999999999,46.82006019001189,11.837942541432446,1.7796443524765117e+18,1.779633921377677e+18
1779640931362998403,11.824,1.4825,696.775,32.03284517284455,15.522499999999999,46.83123041664192,11.838459832419824,1.7796443154809341e+18,1.779633993813022e+18
1779640931763339352,11.824,1.4475,487.975,32.12895692144994,15.364999999999998,46.86907314764695,11.8398053969003,1.779644281077265e+18,1.7796340612628675e+18
1779640932163991494,11.828,1.4625,1489.175,32.1643293157489,15.19,46.88192831331155,11.840300610420485,1.7796442482389955e+18,1.7796341256888676e+18
1779640932564140499,11.824,1.4825,1267.8,32.187958799191584,15.19,46.9007951237227,11.840631423188682,1.779644216532964e+18,1.7796341879334602e+18
1779640932964352612,11.828,1.5175,592.2,32.222629873146275,14.8575,46.91245390040948,11.841116818224048,1.7796441862408044e+18,1.7796342474490737e+18
1779640933364715693,11.824,1.665,168.85,32.2553598837353,14.665000000000001,46.93614538023063,11.841575038372294,1.7796441570028035e+18,1.7796343049418184e+18
1779640933764954409,11.76,2.9975,515.275,32.34395151101376,14.665000000000001,46.9705430816208,11.842815321154193,1.779644129498008e+18,1.7796343591194184e+18
1779640934165198575,11.74,3.4675,1572.475,32.37413852557608,14.455,46.981744443810285,11.843237939358065,1.779644102841535e+18,1.77963441167296e+18
1779640934565571208,11.72,3.6825,1522.0,32.39986856894578,14.455,46.98711936170598,11.843598159965241,1.779644077227584e+18,1.7796344622103916e+18
1779640934965877371,11.644,5.2175,1367.975,32.42099002066445,14.174999999999999,46.99399324199435,11.843893860289302,1.7796440521016456e+18,1.779634511825688e+18
1779640935366065686,11.48,9.4975,897.925,32.45261224369731,13.965,47.00237456882436,11.844336571411763,1.7796440269186358e+18,1.7796345616122365e+18
1779640935766287240,10.78,24.8825,1101.825,32.46347000744306,13.965,46.98199342057754,11.844488580104203,1.7796440013438792e+18,1.779634612211328e+18
1779640936166582607,10.524,29.4825,85.7,32.46435865743462,13.9475,46.956686730530635,11.844501021204085,1.7796439753471588e+18,1.7796346636732467e+18
1779640936566874768,10.54,28.0675,261.525,32.464770021504286,13.9475,46.95848298584418,11.84450678030106,1.7796439484760712e+18,1.7796347168966938e+18
1779640937167293504,10.412,31.465,798.1,32.46770882107471,14.157499999999999,46.938117508624835,11.844547923495046,1.7796439210301484e+18,1.7796347712917082e+18
1779640937767776608,10.428,30.765,797.2,32.46895499462154,14.489999999999998,46.92662758328921,11.844565369924702,1.7796438930725975e+18,1.7796348267314716e+18
1779640938168342907,10.4,30.165,794.45,32.48012362937394,14.787499999999998,46.92265441438042,11.844721730811235,1.7796438648133937e+18,1.7796348828063183e+18
1779640938568953702,10.472,27.5975,786.05,32.50656377795091,14.787499999999998,46.939800757708,11.845091892891313,1.779643836526719e+18,1.779634938985139e+18
1779640939169210446,10.424,29.8325,760.425,32.506512389973864,15.032499999999999,46.94656423262777,11.845091173459634,1.7796438079124746e+18,1.7796349958414449e+18
1779640939569839362,10.648,23.9475,682.225,32.5006667494086,15.382499999999999,46.94839968998863,11.84500933449172,1.7796437789799626e+18,1.779635053349613e+18
1779640939970319037,11.58,2.75,443.575,32.43233766641652,15.382499999999999,46.921784090359814,11.844052727329831,1.779643749035759e+18,1.7796351128331443e+18
1779640940570924836,11.168,13.6975,1353.675,32.424981880139676,15.540000000000001,46.91499079579442,11.843949746321956,1.7796437188899569e+18,1.7796351727397263e+18
1779640940971677641,10.472,29.1175,854.275,32.42513382459504,15.645,46.918825831112066,11.84395187354433,1.779643688692233e+18,1.7796352327763702e+18
1779640941572022179,10.476,29.15,968.625,32.43545905437491,15.645,46.9450988249336,11.844096426761249,1.779643658540855e+18,1.7796352927583096e+18
1779640942373042556,11.28,9.765,1317.6,32.40939726225078,16.064999999999998,46.96683668657523,11.843731561671511,1.7796436283222584e+18,1.77963535288453e+18
1779640942973641177,11.156,12.815,744.175,32.39804771110743,16.345,46.997673860105316,11.843572667955504,1.779643598088942e+18,1.779635413058997e+18
1779640943374070900,11.148,13.8,632.625,32.38690256389685,16.555,47.00386397564627,11.843416635894556,1.7796435678947095e+18,1.7796354731728837e+18
1779640943774268734,11.212,11.7975,292.2,32.3646236803072,16.555,47.00765005072095,11.843104731524301,1.7796435375198444e+18,1.7796355336548283e+18
1779640944174890797,11.08,15.0975,891.7,32.34964476422663,16.695,47.00701895294951,11.842895026699173,1.7796435072731128e+18,1.7796355938962875e+18
1779640944575368439,10.98,17.55,1082.85,32.34762471511782,16.87,46.99723258864146,11.84286674601165,1.7796434772762836e+18,1.779635653665306e+18
1779640944975633674,11.024,16.18,27.775,32.377290624893135,17.08,47.00294942704224,11.843282068748504,1.7796434482905574e+18,1.7796357114693366e+18
1779640945376190447,10.864,20.265,84.75,32.39703637815988,17.08,47.00370659607686,11.843558509294239,1.7796434201544573e+18,1.7796357676202534e+18
1779640945776483580,10.964,18.215,258.625,32.426907262672955,17.1675,47.016525532549984,11.843976701677422,1.7796433929539625e+18,1.7796358219528617e+18
1779640946177018279,11.0,17.05,789.25,32.45812656809937,17.2375,47.03640584508564,11.844413771953391,1.7796433666482586e+18,1.779635874547614e+18
1779640946577251482,11.088,14.85,770.175,32.48007691368307,17.325,47.05408774460489,11.844721076791563,1.779643341145677e+18,1.7796359255782917e+18
1779640946977584560,11.608,2.8825,711.975,32.45414404201141,17.325,47.043828561880126,11.84435801658816,1.7796433160301632e+18,1.779635975837115e+18
1779640947377721994,10.296,33.485,534.375,32.47260193542917,17.325,47.04357395013947,11.844616427096009,1.7796432916688494e+18,1.779636024624944e+18
1779640947777898525,10.064,38.585,1630.775,32.48060978097698,17.465,47.03459161495865,11.844728536933678,1.7796432679228106e+18,1.779636072209953e+18
1779640948178106144,10.044,38.3175,61.525,32.491862154559726,17.814999999999998,47.039081291390794,11.844886070163836,1.7796432448156626e+18,1.7796361185464392e+18
1779640948578355034,9.968,39.8175,187.75,32.48998757222376,18.147499999999997,47.039672232487796,11.844859826011133,1.7796432222617167e+18,1.779636163794886e+18
1779640948978674077,10.028,38.4825,572.95,32.489331702186874,18.147499999999997,47.041694790156356,11.844850643830616,1.7796432003169733e+18,1.7796362078436882e+18
1779640949579145746,10.048,38.465,110.1,32.478488908739656,18.515,47.03256170346226,11.844698844722355,1.7796431788322952e+18,1.779636250985061e+18
1779640949979571371,10.144,35.1175,335.975,32.4726662731992,18.865,47.045124812892084,11.844617327824789,1.7796431578220636e+18,1.7796362931912845e+18
1779640950379885258,10.148,35.15,1025.3,32.46649298740161,19.2325,47.05553428355278,11.844530901823623,1.7796431373431447e+18,1.779636334347996e+18
1779640950780088043,10.244,33.065,1490.55,32.45626608657941,19.53,47.063692125087954,11.844387725212112,1.779643117316798e+18,1.779636374609279e+18
1779640951180518062,10.228,33.2675,1271.975,32.44412999959528,19.915000000000003,47.072684382652355,11.844217819994334,1.77964309773185e+18,1.779636413995829e+18
1779640951580846848,10.256,32.565,604.95,32.42951777004691,20.212500000000002,47.081397169812064,11.844013248780657,1.7796430786114524e+18,1.7796364524593615e+18
1779640951981319788,10.396,29.35,207.75,32.407301564839486,21.14,47.08774607070833,11.843702221907753,1.7796430598243436e+18,1.7796364902570176e+18
1779640952381798778,10.188,34.465,634.0,32.38560248292495,20.5275,47.08764078113227,11.84339843476095,1.7796430413368712e+18,1.7796365274565005e+18
1779640952782201916,10.032,37.7325,296.4,32.367099706644936,20.3875,47.090751468832224,11.84313939589303,1.7796430232723172e+18,1.779636563813246e+18
1779640953182650187,10.132,36.4975,904.525,32.33964944096943,20.6675,47.077150828461626,11.842755092173572,1.7796430060144033e+18,1.779636598553067e+18
1779640953582937508,10.092,37.065,1121.975,32.31789481537591,20.790000000000003,47.07004577237182,11.842450527415263,1.7796429890095624e+18,1.779636632787537e+18
1779640953983420576,9.992,38.4175,147.175,32.301361994652034,20.93,47.07630712151918,11.842219067925129,1.7796429728409293e+18,1.7796366653523364e+18
1779640954383945410,11.232,8.75,449.125,32.18773722776904,21.122500000000002,47.0402660139818,11.840628321188767,1.7796429563692623e+18,1.7796366984659732e+18
1779640954784364984,10.772,21.5825,1370.6,32.15553949518239,21.209999999999997,47.03552664860523,11.840177552932554,1.7796429400886285e+18,1.7796367311930294e+18
1779640955184799758,11.004,15.65,905.925,32.10448430962123,21.1925,47.03515118767386,11.839462780334697,1.77964292392157e+18,1.7796367636770038e+18
1779640955585154299,11.288,9.4175,1126.25,32.03977856075369,21.1575,47.02215439635833,11.838556899850552,1.7796429077175452e+18,1.779636796211745e+18
1779640956185896230,11.512,5.03,160.225,31.977759366543367,20.9825,47.00140053812777,11.837688631131607,1.7796428915001065e+18,1.779636828754894e+18
1779640956586189188,11.488,5.9,488.95,31.927319937026077,20.772499999999997,46.99827325700837,11.836982479118365,1.7796428753398426e+18,1.7796368611709714e+18
1779640956986596800,11.56,4.6,1492.15,31.884225418410363,20.615,46.986077820525736,11.836379155857745,1.7796428597828595e+18,1.779636892371374e+18
1779640957386915025,11.632,3.08,1276.875,31.84671512751349,20.615,46.974934894724925,11.83585401178519,1.7796428447031452e+18,1.7796369226103526e+18
1779640957787301367,11.66,2.6,619.9,31.82084496500896,20.352500000000003,46.962617255044194,11.835491829510126,1.7796428300919493e+18,1.7796369519122883e+18
1779640958187779432,11.672,2.65,253.375,31.80336962701501,20.1775,46.95412080258694,11.83524717477821,1.779642815930504e+18,1.779636980319481e+18
1779640958588332937,11.708,1.9475,773.225,31.777930183859805,19.915000000000003,46.946749456013585,11.834891022574038,1.7796428021046285e+18,1.779637008055988e+18
1779640958989018532,11.744,1.5175,721.275,31.76330715104102,19.6875,46.94246369853892,11.834686300114575,1.7796427886427492e+18,1.779637035070839e+18
1779640959389120817,11.752,1.415,562.75,31.765564109498225,19.337500000000002,46.939405527413236,11.834717897532975,1.7796427756092186e+18,1.7796370612441462e+18
1779640959789507864,11.752,1.3825,78.975,31.74997048293019,19.0575,46.9407549333431,11.834499586761023,1.779642762781107e+18,1.7796370870128259e+18
1779640960190211245,11.764,1.4625,241.0,31.75469507437474,19.0575,46.96186729365626,11.834565731041247,1.7796427502837827e+18,1.7796371121363356e+18
1779640960590863127,11.768,1.4475,735.45,31.7559477142099,18.795,46.97049724968283,11.834583267998939,1.7796427380267126e+18,1.7796371367940928e+18
1779640960990965584,11.772,1.4475,606.0,31.758908147525663,18.445,46.97181963953819,11.83462471406536,1.779642725990131e+18,1.7796371610263224e+18
1779640961391360989,11.776,1.4625,210.95,31.775329331768905,18.2175,46.97126053071595,11.834854610644765,1.779642714204876e+18,1.7796371847781128e+18
1779640961791738421,11.78,1.3975,643.75,31.78581599244993,17.849999999999998,46.98874906612107,11.8350014238943,1.779642711016533e+18,1.7796371913166707e+18
1779640962192110738,11.784,1.415,326.15,31.808206651199374,17.849999999999998,47.02127864534024,11.835314893116792,1.7796427080078884e+18,1.7796371975132308e+18
1779640962592507676,11.788,1.4825,995.325,31.8214407936189,17.57,47.02990172044262,11.835500171110665,1.779642705136044e+18,1.7796372034483904e+18
1779640962992905063,11.788,1.4625,1399.075,31.84738309033391,17.377499999999998,47.06329531994441,11.835863363264675,1.7796427023847396e+18,1.7796372091633103e+18
1779640963393282319,11.792,1.4625,992.825,31.867950309939424,17.185000000000002,47.08441916570909,11.836151304339152,1.7796426997381504e+18,1.7796372146862244e+18
1779640963793524810,11.792,1.4825,1391.45,31.890135806399297,17.185000000000002,47.106950818761575,11.83646190128959,1.7796426971737533e+18,1.7796372200636864e+18
1779640964193971776,11.804,1.4825,969.55,31.906422992935514,17.1325,47.10883521960948,11.836689921901097,1.7796426946402808e+18,1.7796372253958267e+18
1779640964594380229,11.8,1.4475,1320.425,31.931066506930804,17.115,47.132267103534275,11.837034931097032,1.779642692259864e+18,1.7796372304398766e+18
1779640964994773096,11.804,1.4825,752.8,31.963533536605198,17.115,47.16716677421628,11.837489469512473,1.7796426900313418e+18,1.779637235202506e+18
1779640965395081013,11.804,1.4475,658.95,31.990567317828827,17.150000000000002,47.19308674539344,11.837867942449604,1.7796426878680637e+18,1.779637239856179e+18
1779640965795419117,11.804,1.4825,372.55,32.00576876927667,17.185000000000002,47.19392166746304,11.838080762769874,1.779642685756158e+18,1.779637244421081e+18
1779640966195434034,11.808,1.4825,1136.925,32.03530724154509,17.22,47.22325712745448,11.838494301381632,1.7796426837762534e+18,1.7796372487421678e+18
1779640966595732327,11.808,1.4475,192.8,32.059914570191566,17.22,47.24369544517447,11.838838803982682,1.7796426819221443e+18,1.7796372528284774e+18
1779640966995853889,11.816,1.4975,588.375,32.093202261491726,17.185000000000002,47.27363563550225,11.839304831660884,1.7796426802095636e+18,1.779637256653315e+18
1779640967396096768,11.808,1.4475,157.175,32.11640521285479,17.1675,47.29329399144295,11.839629672979967,1.7796426786888799e+18,1.779637260106958e+18
1779640967796301096,11.812,1.4975,479.65,32.13791374367251,17.1675,47.302685329695784,11.839930792411415,1.7796426773012465e+18,1.7796372633079516e+18
1779640968196816044,11.812,1.4825,1463.775,32.181714633638464,17.1675,47.30695211501574,11.840544004870939,1.779642676199324e+18,1.7796372659591306e+18
1779640968597362047,11.82,1.4825,1190.275,32.212157579886025,17.150000000000002,47.31446326255652,11.840970206118405,1.779642675394694e+18,1.7796372680275395e+18
1779640969198422202,11.82,1.4825,355.625,32.2658451619085,17.08,47.334604197904596,11.84172183226672,1.779642675015917e+18,1.7796372692683287e+18
1779640969799026496,11.82,1.4625,1085.275,32.332059444491385,17.08,47.365109736297185,11.84264883222288,1.7796426751651837e+18,1.7796372694804288e+18
1779640970199738156,11.82,1.4475,35.175,32.390361576512106,16.87,47.39192256308668,11.84346506207117,1.7796426757616387e+18,1.7796372688201457e+18
1779640970600290527,11.82,1.5175,107.325,32.441198268408705,16.7825,47.41529011779817,11.844176775757722,1.7796426767893952e+18,1.7796372673144412e+18
1779640971201185650,11.82,1.5175,327.525,32.489230993110496,16.7825,47.43739511669514,11.844849233903547,1.7796426782343644e+18,1.779637264992774e+18
1779640971601523429,11.824,1.4825,999.525,32.5293600575301,16.712500000000002,47.455854381174206,11.845411040805422,1.779642680077907e+18,1.7796372618845755e+18
1779640972002027121,11.82,1.4625,1411.9,32.56176829728071,16.6775,47.47075746892496,11.84586475616193,1.779642682306738e+18,1.7796372580115581e+18
1779640972402564334,11.824,1.5325,1031.975,32.59743554501911,16.625,47.487137264426885,11.846364097630268,1.7796426848877473e+18,1.779637253443999e+18
1779640972803311742,11.832,1.4325,1510.925,32.62767050314344,16.625,47.50106928033433,11.846787387044008,1.7796426876791142e+18,1.779637248467199e+18
1779640973204026433,11.828,1.4625,1334.175,32.656154619746864,16.537499999999998,47.51418228465358,11.847186164676456,1.7796426907317688e+18,1.7796372429757059e+18
1779640973604477861,11.828,1.4975,794.775,32.68226436363381,16.502499999999998,47.5261790492954,11.847551701090874,1.7796426941882708e+18,1.7796372366761997e+18
1779640974004988643,11.832,1.4625,787.05,32.70921251953334,16.502499999999998,47.53858251822318,11.847928975273467,1.7796426980534346e+18,1.779637229559165e+18
1779640974405625467,11.832,1.4825,763.475,32.73264906145396,16.345,47.54936014378691,11.848257086860356,1.7796427021243085e+18,1.779637222037236e+18
1779640974806340750,11.836,1.415,691.525,32.75491397524826,16.24,47.55964031819771,11.848568795653476,1.779642706397692e+18,1.7796372141161114e+18
1779640975207024814,11.832,1.5175,471.95,32.778680451972164,16.24,47.57054170393461,11.84890152632761,1.77964271106114e+18,1.7796372054129234e+18
1779640975607257554,11.84,1.4325,1440.275,32.800993928415856,16.2575,47.580838093296926,11.849213914997822,1.779642716140862e+18,1.779637195872906e+18
1779640976007593499,11.836,1.4625,1118.55,32.820016862906094,16.310000000000002,47.589600895393936,11.849480236080685,1.779642721484786e+18,1.779637185804976e+18
1779640976408002127,11.836,1.4625,136.725,32.83623430739323,16.310000000000002,47.59706117154692,11.849707280303505,1.7796427269926874e+18,1.7796371754123256e+18
1779640976808282468,11.84,1.4475,417.25,32.85411075453358,16.2925,47.60531775941674,11.84995755056347,1.7796427324043328e+18,1.779637165228808e+18
1779640977208645949,11.836,1.4975,1273.325,32.871117576509285,16.2925,47.6131182612348,11.85019564607113,1.7796427378175278e+18,1.7796371550536753e+18
1779640977608933352,11.844,1.4625,609.075,32.88897089819875,16.2925,47.62133541721053,11.850445592574783,1.7796427435779922e+18,1.7796371441796772e+18
1779640978009260355,11.844,1.5325,220.325,32.90714626123648,16.2225,47.62984483814451,11.85070004765731,1.7796427496099136e+18,1.7796371327622103e+18
1779640978409396771,11.844,1.4975,672.375,32.9231845687329,16.2225,47.63771013482345,11.85092458396226,1.7796427558811717e+18,1.7796371208655698e+18
1779640978809716117,11.844,1.4475,413.525,32.93800051159683,16.2225,47.646009235604,11.851132007162356,1.7796427623692022e+18,1.7796371085351265e+18
1779640979210029675,11.844,1.4825,1261.975,32.95342282215333,16.064999999999998,47.65385101893745,11.851347919510147,1.7796427690943598e+18,1.779637095729606e+18
1779640979610270179,11.844,1.4475,574.425,32.96201495905434,15.819999999999999,47.661161265782404,11.851468209426761,1.779642775956412e+18,1.7796370826496166e+18
1779640980010798464,11.844,1.4825,114.6,32.98149724255395,15.819999999999999,47.673765508789536,11.851740961395755,1.7796427830241871e+18,1.77963706916172e+18
1779640980410941961,11.844,1.4475,349.725,33.01056754072884,15.680000000000001,47.72224348281629,11.852147945570204,1.7796427903600878e+18,1.7796370551447634e+18
1779640980811178995,11.848,1.4325,1067.275,33.03637941284879,15.680000000000001,47.74523417167815,11.852509311779883,1.7796427979616346e+18,1.7796370406016448e+18
1779640981211431136,11.848,1.4325,1618.65,33.065464970201354,15.680000000000001,47.7653674619903,11.852916509582819,1.7796428058340746e+18,1.7796370255240056e+18
1779640981611693812,11.848,1.4625,24.525,33.09685552819646,15.6275,47.77914031317891,11.85335597739475,1.7796428139963776e+18,1.779637009874714e+18
1779640982012034453,11.844,1.4625,74.825,33.125343039522605,15.557500000000001,47.79286490245816,11.853754802553317,1.7796428224426757e+18,1.779636993663901e+18
1779640982412500159,11.848,1.4475,228.325,33.15586495003932,15.557500000000001,47.80570860172118,11.85418210930055,1.779642831155245e+18,1.77963697692949e+18
1779640982812787181,11.848,1.4625,696.775,33.18700940028831,15.400000000000002,47.81734501609609,11.854618131604036,1.7796428401885358e+18,1.779636959560521e+18
1779640983213136821,11.852,1.4975,487.975,33.22014728878948,15.400000000000002,47.83039575159645,11.855082062043053,1.7796428495101312e+18,1.7796369416250621e+18
1779640983613483923,11.852,1.4975,1489.175,33.257662219988845,15.155000000000001,47.837571584283076,11.855607271079844,1.7796428591079593e+18,1.7796369231512392e+18
1779640984213866538,11.844,1.4975,1267.8,33.29403758787529,14.8575,47.84173632806488,11.856116526230254,1.7796428690291384e+18,1.7796369040455127e+18
1779640984614400283,11.84,1.5325,592.2,33.33499266258757,14.8575,47.849403629017964,11.856689897276226,1.779642879108536e+18,1.7796368846464015e+18
1779640985014836226,11.768,3.165,168.85,33.369207867260755,14.5775,47.85644289323262,11.85716891014165,1.779642889447853e+18,1.7796368647409103e+18
1779640985415261719,11.784,2.765,515.275,33.3973101992053,14.5775,47.86612322623932,11.857562342788874,1.779642899961726e+18,1.779636844499829e+18
1779640985815719679,11.652,5.85,1572.475,33.42981507494147,14.227500000000001,47.872442367174095,11.85801741104918,1.7796429107943706e+18,1.7796368236311078e+18
1779640986216386017,11.752,3.3325,1522.0,33.46173802818142,13.9475,47.87524835078342,11.85846433239454,1.7796429219024776e+18,1.7796368022234396e+18
1779640986616788498,11.052,18.7675,1367.975,33.4831125610376,13.9475,47.857274545398646,11.858763575854526,1.7796429332650952e+18,1.7796367803122747e+18
1779640987017434095,10.804,24.165,897.925,33.501716282886974,13.79,47.827450221141476,11.859024027960418,1.7796429448824084e+18,1.7796367578954537e+18
1779640987418028022,11.644,3.55,1101.825,33.49508368486963,13.9125,47.813763753822506,11.858931171588175,1.7796429564962166e+18,1.7796367354835318e+18
1779640987818625384,11.336,11.2325,85.7,33.51242763509269,13.9125,47.80646588611874,11.859173986891298,1.7796429683215854e+18,1.7796367126536932e+18
1779640988419703609,11.068,16.4825,261.525,33.521601996545954,13.93,47.7989248074035,11.859302427951643,1.7796429803705313e+18,1.779636689379084e+18
1779640988820209684,11.14,14.7,798.1,33.52291021123403,13.93,47.795520269314366,11.859320742957276,1.7796429925540626e+18,1.7796366658324677e+18
1779640989220999249,10.668,25.135,797.2,33.57244000991324,14.105,47.80961805005836,11.860014160138785,1.7796430052315e+18,1.7796366413147397e+18
1779640989621504617,11.048,16.8325,794.45,33.599716406842425,14.315,47.81917278836161,11.860396029695794,1.7796430182659697e+18,1.779636616089849e+18
1779640990022208511,10.872,21.9475,786.05,33.61754679106701,14.315,47.80678959568207,11.860645655074938,1.7796430316044012e+18,1.779636590259628e+18
1779640990422873196,10.024,39.7825,760.425,33.621613996945,14.2975,47.77231232668368,11.86070259595723,1.7796430451878446e+18,1.7796365639344243e+18
1779640990823715245,10.14,36.4675,682.225,33.6195767168565,14.700000000000001,47.76124767707214,11.860674074035991,1.7796430587561457e+18,1.779636537642547e+18
1779640991424712536,10.06,38.7325,443.575,33.61477000825151,14.700000000000001,47.73157673604433,11.860606780115521,1.7796430723955348e+18,1.7796365112089219e+18
1779640991825270772,9.904,41.435,1353.675,33.629607998614134,15.155000000000001,47.71285441015841,11.860814511980598,1.779643086107135e+18,1.7796364846430472e+18
1779640992225321940,9.892,41.265,854.275,33.637586095356994,15.592500000000001,47.70452075477734,11.860926205334998,1.7796431001828856e+18,1.779636457341674e+18
1779640992625595513,9.892,41.5675,968.625,33.64931589736986,15.592500000000001,47.736812055470736,11.861090422563178,1.7796431146718377e+18,1.7796364292076477e+18
1779640993025929847,9.852,42.7,1317.6,33.64776422679751,15.995000000000001,47.73505908790301,11.861068699175165,1.7796431293691868e+18,1.779636400649978e+18
1779640993426162151,9.8,43.35,744.175,33.649715974833974,16.415000000000003,47.741676522476006,11.861096023647676,1.7796431444289539e+18,1.7796363713562138e+18
1779640994026590726,9.764,44.05,632.625,33.65253500410723,16.834999999999997,47.751840533111334,11.861135490057501,1.779643159586433e+18,1.7796363418731635e+18
1779640994426774870,9.784,44.6,292.2,33.641473220994996,16.834999999999997,47.72402891388183,11.86098062509393,1.779643174985848e+18,1.779636311890254e+18
1779640994827084644,9.784,43.665,891.7,33.641603650543686,17.2375,47.72599157455024,11.860982451107612,1.7796431906072827e+18,1.779636281457564e+18
1779640995227315972,10.176,34.315,1082.85,33.64420693283361,17.535,47.72930734954656,11.86101889705967,1.7796432065182592e+18,1.7796362504390536e+18
1779640995627561155,10.548,24.7675,27.775,33.68411924875635,17.849999999999998,47.777295029036644,11.861577669482589,1.779643223084448e+18,1.7796362181177915e+18
1779640996027873634,10.232,32.7475,84.75,33.732472543602285,17.99,47.819582964156204,11.862254615610432,1.7796432406088745e+18,1.779636183881601e+18
1779640996428054772,11.024,14.78,258.625,33.73731739053164,17.99,47.840853258106776,11.862322443467443,1.7796432585780247e+18,1.7796361487456335e+18
1779640996828560736,10.776,20.9975,789.25,33.756296740574584,18.1125,47.86644591152202,11.862588154368044,1.779643277713629e+18,1.7796361112451794e+18
1779640997228728964,11.236,10.3125,770.175,33.74152853636571,18.147499999999997,47.87298089543713,11.86238139950912,1.7796432974382044e+18,1.7796360725338266e+18
1779640998029305479,11.656,2.15,534.375,33.71730397033754,17.7975,47.86337732949432,11.862042255584726,1.7796433176402532e+18,1.7796360328394662e+18
1779640998630134325,11.7,1.4825,1630.775,33.693844837974,17.7975,47.85334276298125,11.861713827731636,1.779643338324266e+18,1.7796359921494374e+18
1779640999030451542,11.716,1.4625,61.525,33.67097652801898,17.5,47.843529196642116,11.861393671392266,1.779643359483484e+18,1.7796359504740076e+18
1779640999430850127,11.728,1.4325,187.75,33.653807327055176,17.290000000000003,47.83614908419871,11.861153302578773,1.7796433804765174e+18,1.7796359091300557e+18
1779640999831521957,11.732,1.5175,572.95,33.637482570919715,16.9925,47.82917352667157,11.860924755992876,1.779643401323435e+18,1.7796358680772984e+18
1779641000232277302,11.744,1.4325,110.1,33.62518963502129,16.9925,47.823901102385136,11.860752654890298,1.7796434221046515e+18,1.7796358271545208e+18
1779641000632739622,11.744,1.4625,335.975,33.60759328377358,16.7825,47.816350907396924,11.86050630597283,1.779643442791787e+18,1.779635786414598e+18
1779641001033078586,11.76,1.4975,1025.3,33.59408912040661,16.625,47.81057039386817,11.860317247685693,1.7796434634257764e+18,1.7796357457770614e+18
1779641001433422482,11.76,1.415,1490.55,33.58138636116391,16.625,47.80510940131048,11.860139409056295,1.7796434840837084e+18,1.7796357050848504e+18
1779641001833531746,11.764,1.4475,1271.975,33.568277812716815,16.45,47.7994840325021,11.859955889378035,1.7796435047631726e+18,1.779635664342281e+18
1779641002233873633,11.772,1.4975,604.95,33.55521999399198,16.485,47.79389469580368,11.859773079915888,1.7796435254006387e+18,1.7796356236791153e+18
1779641002834840934,11.772,1.4475,207.75,33.540260756164216,16.485,47.787486636857366,11.8595636505863,1.7796435461011128e+18,1.7796355828823455e+18
1779641003435930928,11.772,1.4625,634.0,33.525641612694336,16.4675,47.781227779944466,11.85935898257772,1.7796435669006738e+18,1.7796355418779507e+18
1779641003836193128,11.784,1.4475,296.4,33.51596781428173,16.485,47.7770782420844,11.859223549399944,1.7796435877729482e+18,1.7796355007208694e+18
1779641004237060890,11.784,1.4475,904.525,33.50398692958926,16.485,47.77194370112111,11.85905581701425,1.7796436086522094e+18,1.7796354595431201e+18
1779641004637626745,11.792,1.4475,1121.975,33.49541399692011,16.4675,47.76827556467676,11.858935795956882,1.7796436296707154e+18,1.7796354180773655e+18
1779641005038385673,11.792,1.4975,147.175,33.48938246847135,16.485,47.76568151799301,11.858851354558599,1.779643650861275e+18,1.7796353762589734e+18
1779641005439031241,11.796,1.4475,449.125,33.48223792266406,16.485,47.76261160369768,11.858751330917297,1.779643672169697e+18,1.779635334197578e+18
1779641005839663003,11.796,1.4825,1370.6,33.47367162490619,16.38,47.75893189660394,11.858631402748687,1.7796436935961352e+18,1.7796352918913423e+18
1779641006239944544,11.8,1.4975,905.925,33.46763081025439,16.275000000000002,47.75632787355931,11.858546831343562,1.7796437151720773e+18,1.779635249278335e+18
1779641006640273902,11.8,1.4825,1126.25,33.45906167858361,16.275000000000002,47.75264522032768,11.85842686350017,1.7796437369074232e+18,1.77963520633566e+18
1779641007040673090,11.804,1.5325,160.225,33.45416708116063,16.1875,47.750516547996945,11.858358339136249,1.779643758843694e+18,1.7796351629821256e+18
1779641007440926981,11.804,1.4475,488.95,33.44373845746003,16.1175,47.74606066286046,11.85821233840444,1.7796437808859387e+18,1.7796351194060636e+18
1779641008041438907,11.804,1.4625,1492.15,33.432883872482385,15.977500000000001,47.741435388147536,11.858060374214753,1.7796438030890972e+18,1.7796350754983227e+18
1779641008441692349,11.804,1.5325,1276.875,33.4227839496223,15.977500000000001,47.73709814698509,11.857918975294712,1.7796438253677896e+18,1.7796350314301256e+18
1779641008842114191,11.812,1.4825,619.9,33.41456303336434,15.89,47.73359264723884,11.8578038824671,1.779643847769893e+18,1.7796349871055895e+18
1779641009242483122,11.812,1.5175,253.375,33.407106681707596,15.7325,47.730404524579676,11.857699493543906,1.7796438704900147e+18,1.7796349421272218e+18
1779641009642824555,11.812,1.4975,773.225,33.39702771279605,15.7325,47.72610854227644,11.857558387979145,1.779643893676404e+18,1.7796348961893788e+18
1779641010042918127,11.812,1.4975,721.275,33.38619904340986,15.645,47.721511335345006,11.857406786607738,1.779643917206331e+18,1.779634849542068e+18
1779641010443181871,11.82,1.5325,562.75,33.38751160070789,15.645,47.72256883188579,11.85742516240991,1.779643941656894e+18,1.7796348010188805e+18
1779641010843467891,11.816,1.4325,78.975,33.38666265253378,15.522499999999999,47.7227603789347,11.857413277135473,1.7796439670374467e+18,1.7796347505986132e+18
1779641011243634756,11.82,1.4825,241.0,33.38649567761811,15.4525,47.723403087738625,11.857410939486654,1.7796439933060966e+18,1.7796346983679462e+18
1779641011643813387,11.82,1.4825,735.45,33.382113799025944,15.4525,47.73873381602784,11.857349593186363,1.779644020504639e+18,1.7796346442369597e+18
1779641012044131064,11.82,1.5175,606.0,33.384279532903,15.3475,47.746249087578455,11.857379913460642,1.7796440486852838e+18,1.7796345881066202e+18
1779641012444299634,11.824,1.4825,210.95,33.40084243597619,15.2075,47.76139364897368,11.857611794103667,1.7796440781057592e+18,1.7796345294671206e+18
1779641012844624011,11.824,1.5825,643.75,33.41855826342769,15.2075,47.77027547610589,11.857859815687988,1.7796441095418926e+18,1.779634466735022e+18
1779641013245125707,11.828,1.4825,326.15,33.43472444661396,14.9975,47.788697968462884,11.858086142252596,1.7796441424415598e+18,1.779634401037527e+18
1779641013645570123,11.824,1.4825,995.325,33.461746644587045,14.787499999999998,47.790804921142424,11.858464453024219,1.7796441769991178e+18,1.7796343319919567e+18
1779641014046073689,11.828,1.5175,1399.075,33.48052910815322,14.787499999999998,47.79273690185493,11.858727407514145,1.7796442131697528e+18,1.7796342596815427e+18
1779641014446594680,11.828,1.4825,992.825,33.498844446321854,14.489999999999998,47.80560599139141,11.858983822248506,1.7796442510403863e+18,1.7796341839294415e+18
1779641014847035681,11.832,1.5325,1391.45,33.5238763049848,14.489999999999998,47.8059810983134,11.859334268269787,1.779644290716753e+18,1.779634104529276e+18
1779641015247630620,11.832,1.4475,969.55,33.543130102394294,14.367500000000001,47.82226077094287,11.85960382143352,1.7796443322958203e+18,1.779634021277552e+18
1779641016048506054,11.836,1.5175,1320.425,33.573326911194414,14.105,47.861599116400825,11.860026576756722,1.7796443763658698e+18,1.7796339329959457e+18
1779641016849788788,11.836,1.5475,752.8,33.60556894883111,14.105,47.90565714057406,11.860477965283636,1.7796444227917532e+18,1.779633839965968e+18
1779641017850991182,11.836,1.4475,658.95,33.62284461817202,13.8775,47.90519570172807,11.860719824654408,1.7796444715076892e+18,1.7796337423096655e+18
1779641018451759670,11.832,1.4975,372.55,33.64620249276044,13.8775,47.92953805169094,11.861046834898646,1.779644522437168e+18,1.7796336401853197e+18
1779641018852278979,11.84,1.4825,1136.925,33.66451614067225,13.7025,47.920822571103805,11.861303225969412,1.779644575324131e+18,1.779633534107512e+18
1779641019252802785,11.84,1.4625,192.8,33.69807624606458,13.7025,47.96874959037387,11.861773067444904,1.7796446306683668e+18,1.7796334230784788e+18
1779641019653268843,11.84,1.5175,588.375,33.71717946623337,13.475,47.968725819312226,11.862040512527267,1.7796446882725394e+18,1.779633307484704e+18
1779641020053825808,11.84,1.5475,157.175,33.743437878494056,13.475,47.99294420452413,11.862408130298917,1.7796447484631465e+18,1.779633186672207e+18
1779641020454413550,11.84,1.4975,479.65,33.75942963680744,13.1775,47.97654215969146,11.862632014915304,1.7796448111847982e+18,1.779633060742886e+18
1779641020855004936,11.844,1.5475,1463.775,33.792310124260574,12.88,48.018488708492605,11.863092341739648,1.7796448770237507e+18,1.7796329285272591e+18
1779641021255766676,11.84,1.5175,1190.275,33.82150789525063,12.88,48.055359621916935,11.863501110533509,1.779644946003105e+18,1.7796327899773125e+18
1779641021656083370,11.844,1.4975,355.625,33.85036692039382,12.407499999999999,48.08818423122895,11.863905136885514,1.7796450182820431e+18,1.7796326447721925e+18
1779641022656908816,11.848,1.5325,1085.275,33.88016920329171,12.407499999999999,48.12223880518394,11.864322368846084,1.7796450945527767e+18,1.7796324915195272e+18
1779641023257333241,11.82,2.0325,35.175,33.90014904640666,12.0575,48.12563900186354,11.864602086649693,1.779645174628745e+18,1.779632330581377e+18
1779641023857775350,11.78,2.63,107.325,33.91577318694344,12.0575,48.12911945144988,11.864820824617208,1.7796452605666532e+18,1.779632157756808e+18
1779641024258076278,11.532,8.23,327.525,33.93263775031426,11.795,48.12144745074657,11.8650569285044,1.7796453502121946e+18,1.7796319774472573e+18
1779641024658385251,10.828,24.25,999.525,33.94366110415339,11.795,48.09286056764071,11.865211255458147,1.779645445395437e+18,1.7796317859154977e+18
1779641025058629838,11.132,16.715,1411.9,33.95582271788648,11.795,48.083785050637275,11.86538151805041,1.779645546369303e+18,1.7796315826539968e+18
1779641025458820899,10.436,32.03,1031.975,33.95501294748718,11.795,48.008096382857524,11.86537018126482,1.7796456529653153e+18,1.7796313679905372e+18
1779641025859123953,10.408,31.215,1510.925,34.008562926270116,12.092500000000001,48.00436896182705,11.866119880967782,1.7796457676598072e+18,1.7796311369786122e+18
1779641026259384642,10.384,31.6,1334.175,34.056481362681716,12.092500000000001,48.005852589802515,11.866790739077544,1.7796458909774743e+18,1.7796308885530496e+18
1779641026659615766,10.308,33.1825,794.775,34.087795512143735,12.8275,47.996408349952056,11.867229137170012,1.7796460226862495e+18,1.7796306231710257e+18
1779641027059869400,10.272,33.485,787.05,34.133316611882655,12.8275,48.00795829500661,11.867866432566357,1.7796461644401682e+18,1.7796303375030666e+18
1779641027460161925,11.372,8.1175,763.475,34.131940477014886,13.44,48.01449775511846,11.867847166678208,1.7796463147292326e+18,1.7796300345509391e+18
1779641027860377020,9.988,39.865,691.525,34.1627201826866,14.0175,48.00830569494255,11.868278082557612,1.7796464760351521e+18,1.779629709334662e+18
1779641028260858543,9.956,40.515,471.95,34.18813161955765,14.0175,48.00058311572727,11.868633842673807,1.7796466486423089e+18,1.7796293612819628e+18
1779641028661116759,9.936,40.2825,1440.275,34.21534033843244,14.717500000000001,48.01220658993626,11.869014764738054,1.7796468340031508e+18,1.7796289874545628e+18
1779641029061429963,10.208,34.6325,1118.55,34.23945804398016,15.382499999999999,48.022127534365275,11.869352412615722,1.7796470333310938e+18,1.7796285853927662e+18
1779641029461739200,10.088,35.4975,136.725,34.267924407304854,15.382499999999999,48.071609080063645,11.869750941702268,1.779647248561507e+18,1.7796281511961608e+18
1779641029861967190,9.796,43.8,417.25,34.277409131837736,16.0125,48.057274533731615,11.869883727845728,1.7796474791828024e+18,1.7796276858870812e+18
1779641030262196314,9.784,43.8975,1273.325,34.28686491143313,16.485,48.047906636600665,11.870016108760064,1.7796477273616568e+18,1.7796271850796992e+18
1779641030662464026,9.676,45.585,609.075,34.301865320868856,17.1675,48.0565881729631,11.870226114492164,1.7796479885195889e+18,1.779626658122471e+18
1779641031062853728,11.584,1.415,220.325,34.218250587759556,17.1675,48.02016002494875,11.869055508228634,1.7796482573959314e+18,1.779626115465753e+18
1779641031463146207,11.64,1.5325,672.375,34.1599095120432,17.605,47.99497935867535,11.868238733168605,1.7796485371318346e+18,1.7796255507817375e+18
1779641031863336445,11.676,1.5175,413.525,34.11398695112442,17.43,47.97512260801648,11.867595817315742,1.7796488289375695e+18,1.7796249616446467e+18
1779641032263591079,11.688,1.3975,1261.975,34.069553988019116,17.36,47.955737088325314,11.866973755832268,1.7796491342475686e+18,1.7796243451423882e+18
1779641032663826578,11.708,1.415,574.425,34.03141569196998,17.36,47.939120734505735,11.86643981968758,1.7796494552104333e+18,1.779623696928003e+18
1779641033064143076,11.72,1.4475,114.6,33.999923473214054,17.325,47.92543284834324,11.865998928624997,1.7796497939153792e+18,1.7796230127808988e+18
1779641033864635283,11.736,1.5175,1067.275,33.978229530773504,17.150000000000002,47.91606076840422,11.86569521343083,1.779650152647635e+18,1.779622288110401e+18
1779641034264715813,11.744,1.4625,1618.65,33.955721793775,17.185000000000002,47.90628824540248,11.86538010511285,1.7796505337569226e+18,1.779621518139326e+18
1779641034665040859,11.756,1.4625,24.525,33.93494542116105,17.045,47.89726745493935,11.865089235896255,1.779650939712825e+18,1.779620697870382e+18
1779641035065314492,11.76,1.4625,74.825,33.914169048546725,16.695,47.888246664476,11.864798366679654,1.7796513748940867e+18,1.7796198184257467e+18
1779641035465655575,11.764,1.4625,228.325,33.89685540470253,16.695,47.88072933909026,11.864555975665835,1.7796518491058094e+18,1.7796188599279908e+18
1779641035866032744,11.768,1.5325,696.775,33.88161935244358,16.7825,47.87414392007189,11.86434267093421,1.779652371980266e+18,1.779617802857437e+18
1779641036266264465,11.768,1.4975,487.975,33.86535174141404,16.6075,47.867089313245856,11.864114924379797,1.7796529492093586e+18,1.7796166356902492e+18
1779641036666491883,11.776,1.5175,1489.175,33.8509215015446,16.6075,47.86083473501339,11.863912901021624,1.7796535842066696e+18,1.7796153515436541e+18
1779641037066831218,11.776,1.5175,1267.8,33.832317861854264,16.695,47.85278052844728,11.86365245006596,1.7796542875502305e+18,1.779613928970591e+18
1779641037467046779,11.784,1.5175,592.2,33.817879662066005,16.310000000000002,47.84651624168088,11.863450315268924,1.779655079963759e+18,1.7796123259866079e+18
1779641037867290420,11.784,1.4325,168.85,33.8016699587698,16.310000000000002,47.83947348989489,11.863223379422777,1.7796559764973852e+18,1.7796105121092772e+18
1779641038267575828,11.792,1.4625,515.275,33.78985412482044,15.592500000000001,47.83433776219292,11.863057957747486,1.779657001678008e+18,1.7796084376792292e+18
1779641038667981615,11.788,1.5175,1572.475,33.77744733225671,15.592500000000001,47.828947022127394,11.862884262651594,1.7796581745321157e+18,1.7796060641904737e+18
1779641039068362919,11.736,2.7975,1522.0,33.76644101464537,15.19,47.824053104437866,11.862730174205035,1.7796595306978834e+18,1.7796033194771569e+18
1779641039868993325,11.444,9.75,1367.975,33.767701905231476,14.8925,47.819454369627515,11.86274782667324,1.7796611365675197e+18,1.779600069143762e+18
1779641040268994627,10.828,23.165,897.925,33.759358144216165,14.8925,47.79527891476571,11.862631014019026,1.7796629948695455e+18,1.7795963077584937e+18
1779641040669320715,11.224,13.1475,1101.825,33.74264180758213,14.787499999999998,47.78951623548802,11.86239698530615,1.7796652238237212e+18,1.7795917957611999e+18
1779641041069673287,11.56,5.7325,85.7,33.715372185686434,14.805000000000001,47.77915691098256,11.86201521059961,1.779667920121723e+18,1.7795863372867955e+18
1779641041469847016,11.34,10.1,261.525,33.685267066639376,14.805000000000001,47.77043524390876,11.861593738932951,1.7796712663328225e+18,1.7795795625275139e+18
1779641041870146267,10.668,26.05,798.1,33.67039562224496,14.717500000000001,47.74869755065481,11.86138553871143,1.779675552685656e+18,1.7795708838384404e+18
1779641042270397289,10.872,20.935,786.05,33.65352317336095,15.19,47.7398470467007,11.861149324427053,1.7796810443292255e+18,1.779559764458944e+18
1779641042670773489,9.972,41.3,760.425,33.62345760630808,15.382499999999999,47.68658330796087,11.860728406488313,1.779688408120858e+18,1.7795448536868375e+18
1779641043071022308,10.02,39.8175,682.225,33.60145020227802,15.855,47.651178105373155,11.860420302831892,1.7796990438102543e+18,1.7795233167654016e+18
1779641043471346900,10.372,30.3675,443.575,33.57879053833408,15.855,47.66285611827467,11.860103067536677,1.779715960142967e+18,1.77948906028902e+18
1779641043871712113,9.84,42.7,1353.675,33.56742666360461,16.38,47.68015760700639,11.859943973290465,1.77974711164518e+18,1.7794259751804751e+18
1779641044271931419,9.768,44.15,854.275,33.56390806525592,16.87,47.6951258614135,11.859894712913583,1.7798238895190543e+18,1.779270489489871e+18
1779641044672767492,9.74,45.3475,968.625,33.55319638109479,17.395,47.674428794004164,11.859744749335327,1.7803433901693448e+18,1.7782184171878666e+18
1779641045073231129,9.764,44.7975,1317.6,33.54516561141925,17.395,47.669173540631846,11.85963231855987,1.7792679716372575e+18,1.7803963182663007e+18
1779641046074451105,10.044,38.585,292.2,33.54234910218414,18.62,47.66962989942091,11.859592887430578,1.7794951874446264e+18,1.779936170508459e+18
1779641046475027040,10.04,38.8825,891.7,33.5382819503008,19.022499999999997,47.64643574747559,11.859535947304211,1.7795508233327862e+18,1.7798235003178196e+18
1779641047075660482,11.604,1.4475,1082.85,33.45867574269731,19.285,47.591234070040585,11.858421460397762,1.779575367449584e+18,1.779773797496589e+18
1779641047476125716,11.652,1.4325,27.775,33.397660884008026,19.162499999999998,47.56078646254344,11.857567252376112,1.779589143346204e+18,1.7797459022375675e+18
1779641047876425343,11.676,1.415,84.75,33.3545333118866,19.162499999999998,47.524197082313286,11.856963466366413,1.7795980798876303e+18,1.7797278073848573e+18
1779641048276704187,11.692,1.4625,258.625,33.374048007512776,19.127499999999998,47.53016435004638,11.857236672105179,1.7796044926737774e+18,1.77971482281531e+18
1779641049077397326,11.728,1.4325,711.975,33.35699637833569,19.075,47.517581564751204,11.8569979492967,1.7796092409340518e+18,1.7797052090665562e+18
1779641049478164123,11.74,1.5175,534.375,33.33752000628062,18.9875,47.509043810116985,11.856725280087929,1.7796128921685478e+18,1.7796978169160484e+18
1779641049878686134,11.748,1.4975,1630.775,33.32116426914467,18.9875,47.503629998142145,11.856496299768025,1.7796157885407245e+18,1.7796919534172803e+18
1779641050279084585,11.756,1.4475,61.525,33.34236649494232,18.6375,47.501289941819316,11.856793130929193,1.7796181509030833e+18,1.779687171025271e+18
1779641050679597420,11.756,1.4825,187.75,33.3536749035408,18.5325,47.49351388759323,11.856951448649571,1.7796200986823288e+18,1.7796832280384448e+18
1779641051080338968,11.756,1.4475,572.95,33.353236558770796,18.445,47.48543605114267,11.856945311822791,1.7796217238668065e+18,1.7796799382658074e+18
1779641052481765889,11.772,1.4825,1490.55,33.37060572991254,18.025000000000002,47.48210540195314,11.857188480218776,1.779623125229437e+18,1.779677101633283e+18
1779641052881956141,11.784,1.3975,1271.975,33.38158253484726,17.9025,47.47673492015882,11.857342155487862,1.779624341205478e+18,1.7796746403556193e+18
1779641053282306529,11.784,1.4625,604.95,33.38852252102855,17.9025,47.47102833078225,11.8574393152944,1.779625404279555e+18,1.779672488693091e+18
1779641053682678789,11.788,1.4325,207.75,33.401898304755775,17.745,47.46486725434538,11.857626576266581,1.779626342851979e+18,1.77967058909414e+18
1779641054083088178,11.764,1.9975,634.0,33.407339867314036,17.5175,47.45983125894699,11.857702758142397,1.7796271595993787e+18,1.779668936147977e+18
1779641055083879182,11.732,2.735,1121.975,33.41437503252405,17.3075,47.45665963782951,11.857801250455337,1.7796278811559828e+18,1.7796674759454356e+18
1779641055484234239,11.64,4.8675,147.175,33.42901279506808,17.2375,47.45276764203557,11.858006179130953,1.77962852062068e+18,1.7796661819086966e+18
1779641055884627508,11.688,3.65,449.125,33.44531992871163,17.1675,47.44855550813363,11.858234479001963,1.7796290884332664e+18,1.7796650328922153e+18
1779641056284826620,11.736,2.3975,1370.6,33.48686963242696,17.1675,47.46342837987815,11.858816174853978,1.7796295998858998e+18,1.7796639978530048e+18
1779641056685185460,11.584,5.615,905.925,33.48465056906177,17.1675,47.47347655158218,11.858785107966865,1.779630057647714e+18,1.779663071556509e+18
1779641057085590993,11.524,6.765,1126.25,33.4837652000721,17.36,47.49134232387079,11.85877271280101,1.7796304702027238e+18,1.779662236816415e+18
1779641057686153356,10.636,28.9675,160.225,33.488908181991924,17.465,47.44229825115805,11.858844714547887,1.7796308456804221e+18,1.779661477154333e+18
1779641058086632689,10.424,30.63,488.95,33.48878454484531,17.465,47.43451337231844,11.858842983627834,1.7796311880669363e+18,1.779660784512855e+18
1779641058486744814,10.516,28.335,1492.15,33.48824688016403,17.9025,47.43126672226202,11.858835456322296,1.779631500086099e+18,1.7796601533948378e+18
1779641058887084451,9.988,40.45,1276.875,33.48330440733213,18.3225,47.411722075376204,11.85876626170265,1.7796317873271227e+18,1.779659572477477e+18
1779641059287609930,10.02,39.8025,619.9,33.474484099650184,18.724999999999998,47.36280669475671,11.858642777395103,1.7796320525788882e+18,1.7796590361233892e+18
1779641059687906058,10.068,36.715,253.375,33.4759533175815,19.2325,47.36698284042112,11.858663346446141,1.7796322993324664e+18,1.779658537231756e+18
1779641060088325513,9.96,40.2175,773.225,33.47385210241227,19.67,47.34349426631735,11.858633929433772,1.779632528952755e+18,1.779658073046997e+18
1779641060488938987,10.052,38.165,721.275,33.472239572157804,19.95,47.32028977128989,11.85861135401021,1.7796327432267302e+18,1.779657639948232e+18
1779641060889345469,10.776,21.365,562.75,33.461291076953266,20.23,47.3095558167159,11.858458075077346,1.7796329426658355e+18,1.779657236921669e+18
1779641061289609515,11.64,1.415,78.975,33.40088593130569,20.125,47.258312771581345,11.85761240303828,1.7796331236328937e+18,1.7796568714514068e+18
1779641061690242447,11.672,1.5325,241.0,33.35292830316715,19.810000000000002,47.22127121086902,11.85694099624434,1.779633289800562e+18,1.7796565360588293e+18
1779641062090467562,11.696,1.5175,735.45,33.312751998785636,19.810000000000002,47.184102655718725,11.856378527982999,1.7796334436428296e+18,1.7796562257109734e+18
1779641062491226827,11.708,1.4975,606.0,33.281262888788156,19.477500000000003,47.17023659044652,11.855937680443034,1.7796335867859428e+18,1.7796559370886822e+18
1779641062891696024,11.728,1.415,210.95,33.25531778919648,19.25,47.15195471382058,11.855574449048751,1.7796337200512445e+18,1.7796556685184312e+18
1779641063291903232,11.732,1.415,643.75,33.22699521549339,18.935000000000002,47.11318792181907,11.855177933016908,1.7796338441238236e+18,1.779655418607618e+18
1779641063692352802,11.744,1.5175,326.15,33.274252256527404,18.5325,47.110776346895236,11.855839531591384,1.7796339658949056e+18,1.779655173240565e+18
1779641064092797213,11.744,1.4325,995.325,33.264950749486374,18.5325,47.08781669172578,11.85570931049281,1.7796340811412198e+18,1.7796549410937014e+18
1779641064493264884,11.76,1.4325,1399.075,33.27718375528277,18.41,47.06955088866482,11.855880572573959,1.7796341913619464e+18,1.7796547190834785e+18
1779641064893749974,11.76,1.4625,992.825,33.3023368495004,18.1825,47.065557188719765,11.856232715893006,1.77963429795119e+18,1.7796545043639575e+18
1779641065294084767,11.764,1.4475,1391.45,33.33002065413487,18.0425,47.07122791658833,11.856620289157888,1.7796344010805934e+18,1.7796542965845885e+18
1779641065694515550,11.772,1.4325,969.55,33.353602767476694,17.7625,47.07494160567047,11.856950438744674,1.7796345004242022e+18,1.7796540964152558e+18
1779641066094843593,11.772,1.4625,1320.425,33.37549114432296,17.7625,47.080125568573116,11.857256876020521,1.7796345959633526e+18,1.779653903898974e+18
1779641067095938040,11.784,1.4325,658.95,33.402970882175794,17.255,47.08929081692357,11.857641592350461,1.7796346874373747e+18,1.779653719561055e+18
1779641067496232937,11.788,1.4625,372.55,33.43103113912771,17.08,47.09931712896874,11.858034435947788,1.7796347755371617e+18,1.7796535419956803e+18
1779641067896764508,11.788,1.4975,1136.925,33.45426504645517,17.08,47.107587074240875,11.858359710650372,1.779634859494906e+18,1.7796533727643446e+18
1779641068297114229,11.796,1.4325,192.8,33.478877014103205,16.8,47.11704115452994,11.858704278197445,1.7796349395806643e+18,1.779653211319417e+18
1779641068697505701,11.8,1.4475,588.375,33.49950686594475,16.537499999999998,47.12527179800391,11.858993096123227,1.7796350162282074e+18,1.7796530567949202e+18
1779641069097956879,11.8,1.365,157.175,33.51743151139128,16.537499999999998,47.13248544605764,11.859244041159478,1.7796350895129057e+18,1.7796529090446876e+18
1779641069498360716,11.8,1.4475,479.65,33.537495332443854,16.1875,47.14057132034557,11.859524934654214,1.7796351593381637e+18,1.7796527682586076e+18
1779641069898673240,11.8,1.5175,1463.775,33.55261554418505,15.785,47.146617940085456,11.85973661761859,1.779635226126576e+18,1.7796526335945344e+18
1779641070298927704,11.804,1.4625,1190.275,33.56701010284209,15.785,47.152388419145105,11.85993814143979,1.7796352898236774e+18,1.7796525051631547e+18
1779641070699289117,11.804,1.415,355.625,33.57896450968747,15.487499999999999,47.15718796698802,11.860105503135625,1.7796353511277612e+18,1.779652381560746e+18
1779641071099731143,11.808,1.4825,1085.275,33.591874040814986,14.98,47.16235350291345,11.86028623657141,1.7796354103568448e+18,1.7796522621435418e+18
1779641071500054854,11.808,1.4825,35.175,33.604430090490396,14.98,47.167391054991676,11.860462021266866,1.7796354680252157e+18,1.7796521458750907e+18
1779641071900289647,11.812,1.4625,107.325,33.61629149409156,14.647499999999999,47.17214876381032,11.860628080917282,1.7796355239770094e+18,1.7796520330727741e+18
1779641072300608512,11.812,1.4825,327.525,33.62569394007031,14.647499999999999,47.17590808648519,11.860759715160984,1.779635577822571e+18,1.7796519245241966e+18
1779641072700773936,11.816,1.4475,999.525,33.636398095992966,14.367500000000001,47.18020067264631,11.860909573343902,1.7796356313404385e+18,1.7796518166421522e+18
1779641073101170533,11.816,1.4475,1411.9,33.645534024688814,14.56,47.18386504862891,11.861037476345643,1.779635683378318e+18,1.7796517117516447e+18
1779641073501406598,11.808,1.5175,1031.975,33.652440696532274,14.56,47.18661722553355,11.861134169751452,1.7796357345603784e+18,1.7796516085990446e+18
1779641073901652579,11.768,2.4475,1510.925,33.655891125860684,14.9975,47.18768923902584,11.86118247576205,1.7796357849107866e+18,1.779651507141999e+18
1779641074301976074,11.696,4.3175,1334.175,33.666762499577615,14.9975,47.190478772867415,11.861334674994087,1.7796358348175992e+18,1.7796514065863987e+18
1779641074702341157,11.74,2.9825,794.775,33.66903793530736,15.645,47.19097488850843,11.861366531094303,1.7796358835040658e+18,1.7796513085107548e+18
1779641075102836262,11.508,8.9325,787.05,33.68474997155022,15.995000000000001,47.19003794271956,11.861586499601703,1.7796359317275663e+18,1.7796512113643976e+18
1779641075503502711,11.604,6.0,763.475,33.6883936156602,15.995000000000001,47.18985854183455,11.861637510619243,1.7796359788140672e+18,1.779651116526915e+18
1779641075903837098,11.212,14.0475,691.525,33.68493606727698,16.099999999999998,47.186090468215056,11.861589104941878,1.77963602521237e+18,1.779651023107085e+18
1779641076504486454,11.4,10.05,471.95,33.68263698054354,16.205,47.18361348950653,11.86155691772761,1.779636070524657e+18,1.7796509319050826e+18
1779641076905223689,11.172,14.85,1440.275,33.675054409618745,16.2225,47.178427553688174,11.861450761734663,1.7796361149859036e+18,1.7796508424540367e+18
1779641077305470332,11.628,3.4825,136.725,33.643514733777444,16.3625,47.16753602024296,11.861009206272884,1.7796361568881395e+18,1.7796507582317996e+18
1779641078106215371,11.124,15.4825,220.325,33.63348816442666,16.275000000000002,47.16477471270243,11.860868834301973,1.7796361975637998e+18,1.7796506765215122e+18
1779641078506806446,11.02,17.3175,672.375,33.620663969645,16.310000000000002,47.16488113895379,11.86068929557503,1.7796362369677148e+18,1.7796505974124321e+18
1779641078907368340,10.932,19.065,413.525,33.60423644622305,16.310000000000002,47.16537775286846,11.860459310247123,1.779636273244143e+18,1.7796505246418918e+18
1779641079307662684,10.868,20.5475,1261.975,33.58911366864618,16.45,47.1653224743934,11.860247591361047,1.779636307404217e+18,1.7796504561712724e+18
1779641079708103220,10.6,26.1825,574.425,33.575946281663896,16.695,47.16849860857191,11.860063247943295,1.7796363380983918e+18,1.7796503947091223e+18
1779641080108616034,10.724,21.9325,114.6,33.552411315885635,17.0275,47.187187134278105,11.859733758422399,1.7796363644616604e+18,1.779650342009681e+18
1779641080509346495,10.864,19.05,349.725,33.52392704670522,17.0275,47.19854540248767,11.859334978653873,1.7796363867304876e+18,1.7796502976025487e+18
1779641081310595107,10.86,19.3325,1618.65,33.49713482907586,17.36,47.20842042476371,11.858959887607062,1.7796364052078835e+18,1.7796502608782556e+18
1779641081711050635,10.868,19.365,24.525,33.470723442179164,17.64,47.21589787528697,11.858590128190508,1.779636420173098e+18,1.77965023126663e+18
1779641082111505331,10.776,21.0475,74.825,33.446428901987,17.64,47.229028360366286,11.858250004627818,1.77963643202604e+18,1.779650207958048e+18
1779641082511656019,10.72,22.4975,696.775,33.42220958642428,18.27,47.240087693384524,11.85791093420994,1.7796364419078979e+18,1.7796501886568927e+18
1779641082911985046,11.108,13.5975,487.975,33.37872861289276,18.515,47.23900521918717,11.857302200580499,1.7796364498807854e+18,1.7796501732690557e+18
1779641083312423979,10.904,17.6,1489.175,33.33976170204132,18.76,47.24852451604792,11.856756663828579,1.7796364563107604e+18,1.7796501610500375e+18
1779641083712734087,10.86,18.7975,1267.8,33.30413244172908,18.48,47.25820722163784,11.856257854184207,1.779636461494619e+18,1.7796501513968553e+18
1779641084113087543,10.912,17.065,592.2,33.258766904474825,18.48,47.267081554954274,11.855622736662648,1.779636465100314e+18,1.779650144991994e+18
1779641084513158316,10.816,20.38,168.85,33.22815918994608,18.602500000000003,47.27285575227555,11.855194228659245,1.7796364676623416e+18,1.779650140736251e+18
1779641084913501652,10.868,18.665,515.275,33.190102539316264,18.584999999999997,47.27995110363461,11.854661435550428,1.779636469025178e+18,1.779650138953908e+18
1779641085713921403,10.832,19.565,1522.0,33.15395163608798,19.022499999999997,47.28730658005939,11.854155322905232,1.7796364690925332e+18,1.7796501398414687e+18
1779641086114301027,10.816,20.1175,1367.975,33.11804839877034,18.7775,47.29265384404007,11.853652677582785,1.7796364680349734e+18,1.7796501430488159e+18
1779641086514464159,10.896,17.8825,897.925,33.07540944965484,18.8825,47.2977691139641,11.853055732295168,1.7796364657694052e+18,1.7796501487537539e+18
1779641086914766544,10.804,19.865,1101.825,33.036204861543574,18.97,47.306484945993645,11.85250686806161,1.7796364624820754e+18,1.7796501565761987e+18
1779641087315156021,10.8,20.935,85.7,33.00326472227691,18.97,47.30748740109724,11.852045706111877,1.779636460898496e+18,1.7796501610300242e+18
1779641087715458370,10.696,22.65,261.525,32.970077069581706,19.0575,47.315650370395055,11.851581078974144,1.7796364598296072e+18,1.7796501645053683e+18
1779641088115901675,10.784,20.015,798.1,32.924795920316114,19.0575,47.3239426080329,11.850947142884426,1.7796364587425185e+18,1.7796501680915092e+18
1779641088516272693,10.82,19.6825,797.2,32.88022731778629,19.18,47.327100627669104,11.850323182449008,1.7796364574467564e+18,1.7796501721696655e+18
1779641088916934996,10.752,21.5325,794.45,32.84138655313628,19.040000000000003,47.32981492317961,11.849779411743908,1.7796364559629583e+18,1.779650176688696e+18
1779641089317462709,10.928,17.8175,786.05,32.79848725116342,19.162499999999998,47.326745741903835,11.849178821516288,1.7796364539805868e+18,1.7796501822790912e+18
1779641089717882644,10.82,19.975,510.175,32.75640972241831,19.1975,47.327270891021016,11.848589736113857,1.77963645123116e+18,1.7796501894788815e+18
1779641090118488793,10.804,20.1825,443.575,32.71407468777749,19.1975,47.32901759595432,11.847997045628885,1.7796364476678653e+18,1.7796501983840945e+18
1779641090518944717,10.632,23.9325,1353.675,32.676652467131134,19.1975,47.335238816944084,11.847473134539836,1.7796364437058445e+18,1.7796502081511508e+18
1779641090919659401,11.4,6.75,854.275,32.59896659645065,19.005,47.3087345047312,11.84638553235031,1.7796364373903885e+18,1.7796502227752266e+18
1779641091320173331,10.824,19.565,968.625,32.551529329852,18.935000000000002,47.30878256685647,11.845721410617928,1.779636429153498e+18,1.7796502413389007e+18
1779641091720665483,10.824,20.465,1317.6,32.51120343329007,18.9175,47.30296114354987,11.845156848066061,1.7796364192694024e+18,1.7796502632803156e+18
1779641092120932247,10.82,20.1675,744.175,32.46691670875904,18.83,47.29906827871189,11.844536833922627,1.77963640758347e+18,1.7796502889180588e+18
1779641092521431592,10.808,20.015,632.625,32.42101991588776,18.602500000000003,47.29836206903747,11.843894278822429,1.7796363937891177e+18,1.7796503188725857e+18
1779641092921763563,10.684,22.0975,292.2,32.373414254323585,18.462500000000002,47.305090738075556,11.84322779956053,1.7796363778821752e+18,1.779650353156999e+18
1779641093322116406,10.812,20.2825,891.7,32.32760650124081,18.3225,47.30036384631933,11.842586491017371,1.7796363595741898e+18,1.77965039235033e+18
1779641093722335695,10.584,25.585,27.775,32.28653271071408,18.34,47.29551399577504,11.842011457949997,1.7796363390276157e+18,1.7796504361203277e+18
1779641094122773292,10.66,23.265,84.75,32.23979768519164,18.235,47.29517039467924,11.841357167592683,1.7796363162161743e+18,1.7796504845333148e+18
1779641094523578353,10.936,16.9475,258.625,32.182589505044135,18.2175,47.287892575417764,11.840556253070618,1.7796362904941673e+18,1.7796505389075922e+18
1779641094924068653,10.652,23.8475,789.25,32.14241224777253,18.1825,47.285419616048614,11.839993771468816,1.7796362630905513e+18,1.7796505967478305e+18
1779641095324568406,10.94,15.815,770.175,32.071708152301575,18.165000000000003,47.279889149332384,11.839003914132222,1.7796362317275502e+18,1.7796506626901048e+18
1779641095724806246,10.484,27.6825,711.975,32.03544786112887,18.165000000000003,47.278330001012336,11.838496270055805,1.7796361978542031e+18,1.7796507337640346e+18
1779641096124940051,9.684,46.5,534.375,31.983967978686497,18.1125,47.23711672633568,11.837775551701611,1.7796361610863204e+18,1.7796508107735624e+18
1779641096525324008,9.708,45.465,1630.775,31.945533430424888,18.2175,47.21261013575733,11.837237468025949,1.7796361219567393e+18,1.7796508926289434e+18
1779641096925856466,9.916,40.7325,61.525,31.926256637420632,18.445,47.222109875426085,11.83696759292389,1.779636081032479e+18,1.7796509781569362e+18
1779641097326006743,9.988,38.9325,187.75,31.91795748806927,18.7075,47.24900638285711,11.83685140483297,1.7796360384086152e+18,1.779651067151228e+18
1779641097726334763,9.868,40.7325,572.95,31.93832817421556,18.83,47.27586152828347,11.837136594439018,1.7796359958292326e+18,1.7796511560463939e+18
1779641098526795117,11.632,1.4325,335.975,31.86025462357101,18.97,47.24431528163893,11.836043564729994,1.7796359482132255e+18,1.77965125527023e+18
1779641098927075422,11.656,1.415,1025.3,31.801720304307143,18.83,47.220085136790274,11.8352240842603,1.7796358964398963e+18,1.7796513630135652e+18
1779641099327328294,11.68,1.5675,1490.55,31.762179583059304,18.375,47.202587771522325,11.83467051416283,1.779635841238474e+18,1.779651477779095e+18
1779641130959752182,11.692,1.5325,1271.975,31.726283016661984,18.0075,47.191840828549275,11.834167962233268,1.7796357470987133e+18,1.7796516721024904e+18
1779641131359962869,11.704,1.4625,604.95,31.694697021083172,17.675,47.17932003159369,11.833725758295165,1.7796356454826066e+18,1.7796518816594317e+18
1779641131760116752,11.72,1.4325,207.75,31.662422088605975,17.675,47.18143604711747,11.833273909240484,1.7796355373063117e+18,1.779652104619201e+18
1779641132160409824,11.72,1.4325,634.0,31.652041170790714,17.377499999999998,47.20527867160584,11.83312857639107,1.7796354243332132e+18,1.7796523373875658e+18
1779641132560699067,11.696,2.215,296.4,31.640182071324848,17.3425,47.211341695220355,11.832962548998548,1.7796353073541059e+18,1.7796525783810404e+18
1779641132960937671,11.668,2.715,904.525,31.632212757711763,17.3425,47.23175097616035,11.832850978607965,1.7796351868104435e+18,1.7796528267067894e+18
1779641133361375331,11.688,2.4675,1121.975,31.625118622118002,17.185000000000002,47.241891737774985,11.832751660709652,1.779635062997332e+18,1.7796530817732667e+18
1779641133761695612,11.612,4.2975,147.175,31.619421062430845,17.01,47.243989028966325,11.832671894874032,1.779634933168624e+18,1.779653349129213e+18
1779641134161883751,11.632,3.8475,449.125,31.61633600449792,16.905,47.25423776029113,11.832628704062971,1.779634798038621e+18,1.7796536273352143e+18
1779641134562111540,11.62,4.1975,1370.6,31.619281080250204,16.905,47.274739252954014,11.832669935123503,1.7796346573730967e+18,1.779653916857409e+18
1779641134962703368,11.588,4.6825,905.925,31.614027482927696,16.712500000000002,47.282010997692545,11.832596384760988,1.779634511064495e+18,1.7796542179435448e+18
1779641135363373104,11.168,13.4825,1126.25,31.611040828732627,16.695,47.29249712913166,11.832554571602257,1.7796343617479898e+18,1.779654525268895e+18
1779641135763812665,10.624,25.415,160.225,31.62874677236275,16.905,47.33674288500666,11.832802454813079,1.77963420844778e+18,1.7796548407531105e+18
1779641136164352681,10.872,20.4825,488.95,31.63509600736882,16.905,47.34764682013914,11.832891344103164,1.779634050301983e+18,1.7796551661752763e+18
1779641136564752574,11.264,10.665,1492.15,31.611882330346543,16.8,47.330437589335965,11.832566352624852,1.779633884449211e+18,1.779655507419043e+18
1779641136965126445,11.62,2.8625,1276.875,31.583378064166386,16.852500000000003,47.28312296585652,11.83216729289833,1.7796337095697876e+18,1.7796558671881267e+18
1779641137365674900,10.272,34.265,619.9,31.571140625505116,16.852500000000003,47.228970327277985,11.831995968757072,1.7796335208147246e+18,1.7796562552710433e+18
1779641137766194472,10.18,35.4475,253.375,31.593062337240514,16.8,47.209709827090606,11.832302872721367,1.7796333217970493e+18,1.77965666426564e+18
1779641138166792260,10.416,29.4825,773.225,31.601526519058044,17.150000000000002,47.205912754363105,11.832421371266813,1.7796331114694748e+18,1.7796570963487744e+18
1779641138567504011,10.216,33.1,721.275,31.640460670423305,17.377499999999998,47.233631374427816,11.832966449385927,1.77963289489382e+18,1.7796575411769277e+18
1779641139168385043,9.9,41.265,562.75,31.671039200368785,17.727500000000003,47.23888706648107,11.833394548805163,1.7796326720756063e+18,1.7796579987745428e+18
1779641139568531333,9.932,41.385,241.0,31.688361334246544,17.9725,47.22002206296427,11.833637058679452,1.7796324410727293e+18,1.7796584731189773e+18
1779641139969084169,9.84,42.365,735.45,31.709632136816516,18.375,47.2263102566319,11.833934849915432,1.7796322017300017e+18,1.779658964517302e+18
1779641140369511996,9.908,40.4,606.0,31.731562254488054,18.7075,47.24473003308128,11.834241871562833,1.7796319603939507e+18,1.77965946010021e+18
1779641140770224619,9.844,42.385,210.95,31.74320513316433,19.075,47.244078472085995,11.834404871864301,1.7796317143160952e+18,1.7796599654787e+18
1779641141170781220,9.92,39.95,643.75,31.75932966295914,19.372500000000002,47.263384042635046,11.834630615281428,1.7796314632027433e+18,1.779660481233307e+18
1779641141571339745,9.98,38.6,326.15,31.774768441356567,19.6875,47.283117899184724,11.834846758178992,1.7796312056891208e+18,1.7796610101380913e+18
1779641141971883943,9.944,39.985,995.325,31.776771548490824,19.897499999999997,47.28411214056496,11.834874801678872,1.779630940182149e+18,1.7796615554863503e+18
1779641142372099016,9.932,40.065,1399.075,31.782252939724177,20.212500000000002,47.29014267537522,11.834951541156139,1.779630666339686e+18,1.7796621179672968e+18
1779641142972330994,11.328,7.265,992.825,31.72015218237958,20.4575,47.272848647412054,11.834082130553314,1.77963036763297e+18,1.7796627314657472e+18
1779641143372710967,11.132,12.6675,1391.45,31.68557812181523,20.4575,47.270087117321296,11.833598093705413,1.7796300479422758e+18,1.7796633880229688e+18
1779641143772903751,11.008,15.9825,969.55,31.665694718784383,20.3,47.272316920355344,11.833319726062982,1.779629708679528e+18,1.7796640847443674e+18
1779641144373136168,11.36,7.9975,1320.425,31.625765888691294,20.265,47.26119345109351,11.832760722441678,1.779629341683037e+18,1.7796648383610348e+18
1779641144773201104,11.608,2.63,752.8,31.56832981105332,20.1075,47.236661908276155,11.831956617354747,1.7796289386039452e+18,1.7796656659850762e+18
1779641145373470042,11.6,3.065,658.95,31.51746314535588,19.845,47.215316399752744,11.831244484034983,1.7796284959950167e+18,1.7796665746875722e+18
1779641145973764968,11.704,1.4625,1136.925,31.474160958314094,19.337500000000002,47.19584154999652,11.830638253416398,1.7796280093817377e+18,1.7796675736228004e+18
1779641146374092604,11.708,1.5975,192.8,31.434972542478274,19.0925,47.17830267297313,11.830089615594696,1.7796274742316792e+18,1.7796686720804564e+18
1779641146974461373,11.724,1.5475,588.375,31.401640508262997,19.0925,47.16333969788244,11.829622967115682,1.779626884475736e+18,1.7796698824998884e+18
1779641147374832731,11.728,1.5325,157.175,31.36912998419791,18.76,47.14875115457392,11.829167819778771,1.7796262329991043e+18,1.779671219472096e+18
1779641148175447519,11.744,1.3975,1463.775,31.33901849575847,18.165000000000003,47.13521355390896,11.828746258940619,1.7796255080414612e+18,1.7796727070946153e+18
1779641148575816971,11.744,1.335,1190.275,31.307760652060566,17.8675,47.121137559023225,11.828308649128848,1.7796246965763507e+18,1.7796743720537042e+18
1779641148976702566,11.752,1.3975,355.625,31.278864664557094,17.8675,47.10817481186775,11.8279041053038,1.779623785127066e+18,1.7796762419908772e+18
1779641149377253161,11.756,1.4825,1085.275,31.255865596086064,17.5175,47.09782719682319,11.827582118345205,1.7796227576258097e+18,1.7796783498407286e+18
1779641149777597526,11.76,1.4825,35.175,31.234509935968944,17.01,47.088224753404155,11.827283139103566,1.7796215939894728e+18,1.7796807367983631e+18
1779641150178121593,11.764,1.4475,107.325,31.212750123033942,17.01,47.078479604888386,11.826978501722476,1.7796202646963835e+18,1.779683463386804e+18
1779641150979257498,11.692,3.0325,999.525,31.189211266351325,15.977500000000001,47.0677694844895,11.826648957728919,1.7796187245543127e+18,1.7796866222394714e+18
1779641151379826723,11.672,3.185,1411.9,31.158862523428017,15.977500000000001,47.05423447398885,11.826224075327993,1.7796169171486464e+18,1.7796903290240494e+18
1779641151780232063,11.72,1.8325,1031.975,31.121161692789318,15.7325,47.03736784739728,11.82569626369905,1.779614752179294e+18,1.7796947688305846e+18
1779641152180784691,11.056,16.8825,1510.925,31.0982468144312,15.575000000000001,47.02294300449167,11.825375455402037,1.779612138174691e+18,1.7797001291844567e+18
1779641152581308712,10.852,21.665,1334.175,31.070925383598045,15.575000000000001,47.000685518245035,11.824992955370373,1.7796089178709315e+18,1.7797067325319455e+18
1779641152981826796,11.612,3.3125,794.775,31.01468351671943,15.697500000000002,46.976377111744846,11.824205569234072,1.77960476445569e+18,1.7797152487891738e+18
1779641153382378447,10.176,35.9,787.05,30.976839658020225,16.0125,46.94518944818601,11.823675755212284,1.7795992597922941e+18,1.7797265350778202e+18
1779641153782794497,10.256,33.38,763.475,30.943330915890233,16.0125,46.93030418019644,11.823206632822464,1.7795916296209654e+18,1.779742178563119e+18
1779641154183129878,10.028,37.265,691.525,30.91536949560821,16.4325,46.93509505281803,11.822815172938515,1.7795803962794332e+18,1.7797652083930819e+18
1779641154583338893,9.964,39.065,471.95,30.88341081747487,16.974999999999998,46.93055715581288,11.822367751444649,1.7795621052581002e+18,1.77980270598235e+18
1779641154983869291,9.856,41.95,1440.275,30.84365373237918,17.36,46.911919307738884,11.821811152253309,1.7795266077840387e+18,1.7798754751434865e+18
1779641155384623525,10.096,34.9325,1118.55,30.812712037036516,17.4825,46.92725341399704,11.821377968518512,1.7794288407415158e+18,1.7800758907613896e+18
1779641155784850840,10.524,26.05,136.725,30.769797183980188,17.4825,46.92639074537817,11.820777160575723,1.7778872555000878e+18,1.7832359932161618e+18
1779641156185658842,9.976,38.8675,417.25,30.731937558192648,17.535,46.917207013524006,11.820247125814697,1.779911175260861e+18,1.7790871585029102e+18
1779641156586317131,9.752,43.4975,1273.325,30.69781017999178,17.5175,46.91319614009138,11.819769342519885,1.779764844866076e+18,1.7793871242126646e+18
1779641156986848217,9.776,43.0675,609.075,30.658558228889515,17.727500000000003,46.905108523786886,11.819219815204454,1.779720694764041e+18,1.7794776301018476e+18
1779641157387020391,9.704,44.7675,220.325,30.61927379429009,17.92,46.894041186438265,11.818669833120062,1.7796993431385884e+18,1.7795214014986885e+18
1779641157787332383,9.932,39.6675,672.375,30.576026758192686,17.92,46.88442176113385,11.818064374614698,1.779686745924118e+18,1.779547227256656e+18
1779641158187623005,9.868,41.0475,413.525,30.531883820008165,18.1125,46.87436191675968,11.817446373480115,1.7796784873946785e+18,1.7795641588988142e+18
1779641158788021635,9.74,43.665,1261.975,30.4919496109184,18.3225,46.868488501866786,11.816887294552858,1.7796726580398559e+18,1.779576110873283e+18
1779641159188163892,9.792,43.1,574.425,30.446014065813703,18.5675,46.85040126787341,11.816244196921392,1.7796683521105966e+18,1.7795849396763223e+18
1779641159588555854,9.852,41.2025,114.6,30.40080868261645,18.795,46.84251195794227,11.81561132155663,1.7796650431738207e+18,1.7795917245488963e+18
1779641159988853376,9.908,39.465,349.725,30.35825454073343,19.127499999999998,46.84324722059795,11.815015563570268,1.7796624339812298e+18,1.7795970748004332e+18
1779641160389032618,9.88,40.38,1067.275,30.311859310329258,19.355,46.837569826214526,11.81436603034461,1.7796603104691177e+18,1.779601429401936e+18
1779641160789298762,9.92,40.05,1618.65,30.259436500538232,19.5825,46.82110406712178,11.813632111007536,1.7796585560293578e+18,1.779605027283363e+18
1779641161189586071,9.944,40.1,24.525,30.202998437339858,19.5825,46.79452008244972,11.812841978122758,1.7796570793314788e+18,1.779608055713274e+18
1779641161589768141,9.932,39.48,74.825,30.148713171530474,19.845,46.781698362481954,11.812081984401427,1.7796558226319683e+18,1.7796106330585761e+18
1779641161990007247,11.06,12.2975,228.325,30.026403338408468,20.1425,46.74494973824838,11.810369646737719,1.7796547163022188e+18,1.7796129020358822e+18
1779641162390434232,10.892,17.6,696.775,29.944556498115844,20.195,46.72067962971843,11.809168347471738,1.7796537482702886e+18,1.7796148874483889e+18
1779641162790782836,11.008,14.75,487.975,29.850499295582416,20.195,46.68949195906875,11.807757489433737,1.7796528918481646e+18,1.7796166440050796e+18
1779641163191192274,10.932,16.58,1489.175,29.76534225414516,20.23,46.66311122027852,11.806480133812178,1.7796521311767923e+18,1.7796182042416763e+18
1779641163591444144,10.848,18.7475,1267.8,29.694946708858488,20.247500000000002,46.64312566345141,11.805424200632878,1.7796514545742756e+18,1.7796195921132362e+18
1779641163991518795,10.808,20.1175,592.2,29.635491683962368,20.352500000000003,46.63046152922016,11.804532375259436,1.7796508595049231e+18,1.7796208126562278e+18
1779641164391745027,10.784,20.765,168.85,29.605502728639433,20.405,46.65277308822219,11.804082540929592,1.7796503286297178e+18,1.7796219016311168e+18
1779641164792256669,10.744,20.815,515.275,29.55926204328449,20.5275,46.658300270259595,11.803388930649268,1.7796498492711311e+18,1.7796228850277924e+18
1779641165192866704,10.648,23.3975,1572.475,29.552277604824607,20.6675,46.69738779482866,11.80328416407237,1.7796494186523423e+18,1.779623768565317e+18
1779641165593741374,10.992,16.0475,1522.0,29.53511417848541,20.6675,46.71166957514911,11.803026712677282,1.7796490275368453e+18,1.7796245711913295e+18
1779641165994310051,10.552,25.7975,1367.975,29.531257836177765,20.334999999999997,46.73281246991413,11.802968867542667,1.7796486673967306e+18,1.7796253105082975e+18
1779641166395124300,10.056,37.25,897.925,29.534194575603628,20.334999999999997,46.750201704302846,11.803012918634055,1.7796483365922268e+18,1.7796259898227786e+18
1779641166795861044,9.964,39.035,1101.825,29.5378093883217,20.3,46.76498776745618,11.803067140824826,1.779648032739569e+18,1.7796266139760476e+18
1779641167196315572,10.908,16.5325,85.7,29.52671998218534,20.37,46.77185300840957,11.80290079973278,1.779647750879586e+18,1.779627193137559e+18
1779641167596695318,11.56,2.4825,261.525,29.467571159336288,20.439999999999998,46.76097649139576,11.802013567390045,1.7796474866294415e+18,1.779627736221754e+18
1779641167997032569,11.52,4.1975,798.1,29.433732213484546,20.16,46.76275336425551,11.801505983202269,1.7796472405778732e+18,1.7796282420149555e+18
1779641168597944815,11.516,4.45,797.2,29.39914096549778,19.95,46.754434954201045,11.800987114482467,1.7796470106486116e+18,1.779628714777416e+18
1779641168998312895,11.612,2.665,794.45,29.36769884800991,19.705,46.74772474037302,11.800515482720149,1.779646796078109e+18,1.7796291560557847e+18
1779641169399021185,11.62,2.765,786.05,29.33668172828287,19.372500000000002,46.71843424811605,11.800050225924243,1.7796465953550671e+18,1.779629568950293e+18
1779641169799129729,11.684,1.765,760.425,29.329292463362748,19.372500000000002,46.73048475796028,11.799939386950442,1.7796464089675008e+18,1.779629952443843e+18
1779641170199679158,11.704,1.4475,682.225,29.323120854965794,19.11,46.74075698059778,11.799846812824487,1.7796462352180705e+18,1.7796303100282872e+18
1779641170600365610,11.716,1.4825,443.575,29.31739874416413,18.7425,46.74073811204131,11.799760981162462,1.7796460755894948e+18,1.7796306385533868e+18
1779641171001096289,11.724,1.4325,1353.675,29.39171682643758,18.4275,46.77604566469271,11.800875752396564,1.7796459301780495e+18,1.779630937919987e+18
1779641171401686549,11.724,1.4325,854.275,29.4333868438248,18.165000000000003,46.79574932167179,11.801500802657372,1.7796457959136394e+18,1.779631214421877e+18
1779641171801927506,11.732,1.4975,968.625,29.462341055584844,18.165000000000003,46.809453879682025,11.801935115833773,1.779645671242329e+18,1.7796314712392003e+18
1779641172202059266,11.736,1.4825,1317.6,29.489783163805853,17.8325,46.822496128747915,11.802346747457088,1.779645555017338e+18,1.7796317107307794e+18
1779641172602232306,11.748,1.4975,744.175,29.512907994707216,17.605,46.83347054496643,11.802693619920609,1.7796454460705052e+18,1.7796319353020564e+18
1779641173002647786,11.748,1.4825,632.625,29.528523244603427,17.290000000000003,46.840875831874726,11.802927848669052,1.7796453435598152e+18,1.7796321466756657e+18
1779641173402892735,11.748,1.4975,292.2,29.534346665800538,17.290000000000003,46.8436350032527,11.803015199987009,1.779645247738029e+18,1.7796323443008704e+18
1779641173803184528,11.756,1.4975,891.7,29.541518358468416,17.115,46.847029138889056,11.803122775377027,1.7796451569229586e+18,1.779632531664019e+18
1779641174203364568,11.756,1.4625,1082.85,29.541518358468295,16.6775,46.84702913888922,11.803122775377025,1.7796450705026355e+18,1.7796327100200046e+18
1779641174603798326,11.76,1.4325,27.775,29.54079109409477,16.6775,46.846690644989295,11.803111866411422,1.7796449881841403e+18,1.7796328799669752e+18
1779641175004011106,11.768,1.4625,84.75,29.5428986345902,16.3625,46.8476901947647,11.803143479518853,1.779644909820508e+18,1.7796330418030523e+18
1779641175404394166,11.768,1.4825,258.625,29.54169904043641,16.17,46.847138056007005,11.803125485606547,1.7796448347911452e+18,1.779633196814994e+18
1779641175804753988,11.768,1.4975,789.25,29.541699040436647,16.17,46.84713805600713,11.80312548560655,1.779644762718453e+18,1.7796333457877233e+18
1779641176204983410,11.772,1.4625,770.175,29.538278558904025,15.977500000000001,46.845537460566476,11.80307417838356,1.7796446938741693e+18,1.7796334881355418e+18
1779641176605242586,11.776,1.4975,711.975,29.537801726887547,15.715,46.84531947620509,11.803067025903314,1.7796446279487555e+18,1.7796336244997734e+18
1779641177005427361,11.776,1.5825,534.375,29.535139844703718,15.715,46.84403214300701,11.803027097670556,1.7796445645300178e+18,1.7796337557364485e+18
1779641177405793264,11.776,1.4625,1630.775,29.531638750764394,15.522499999999999,46.84235879733002,11.802974581261466,1.7796445035797553e+18,1.7796338819155686e+18
1779641177805966051,11.78,1.4825,61.525,29.525792688068176,15.4175,46.83957787216628,11.802886890321023,1.7796444451882435e+18,1.779634002833767e+18
1779641178206390479,11.784,1.4975,187.75,29.523215437683042,15.4175,46.83836714455214,11.802848231565246,1.7796443893439068e+18,1.779634118510612e+18
1779641178606594061,11.784,1.5325,572.95,29.5187968734624,15.260000000000002,46.837004584189174,11.802781953101936,1.7796443359129718e+18,1.7796342292172206e+18
1779641179407133840,11.784,1.4975,110.1,29.50917725627022,15.224999999999998,46.83968687128711,11.802637658844054,1.7796442847879785e+18,1.7796343351670592e+18
1779641179807727397,11.784,1.3975,335.975,29.51953139833639,15.224999999999998,46.86612422781242,11.802792970975046,1.779644236949069e+18,1.779634434299656e+18
1779641180208370563,11.788,1.4975,1025.3,29.53670108904582,15.1725,46.87813247401582,11.803050516335688,1.7796441914909268e+18,1.7796345285303532e+18
1779641180608887774,11.792,1.4475,1490.55,29.55479376156653,15.1725,46.8876509722225,11.803321906423498,1.779644148131829e+18,1.7796346184479903e+18
1779641181009176991,11.792,1.4825,1271.975,29.581074655990896,14.9975,46.900798668794,11.803716119839864,1.7796441069979873e+18,1.7796347037860357e+18
1779641181409506168,11.796,1.5325,604.95,29.607296094426445,14.8925,46.93223180005987,11.804109441416397,1.7796440679305203e+18,1.7796347848722322e+18
1779641182210165416,11.796,1.5175,634.0,29.63096078650781,14.717500000000001,46.95221722967092,11.804464411797618,1.7796440314202698e+18,1.7796348606541263e+18
1779641182610273594,11.8,1.4325,296.4,29.683423957698263,14.717500000000001,47.016116589326316,11.805251359365474,1.779643997035843e+18,1.779634932071099e+18
1779641183010507518,11.8,1.5325,904.525,29.73160243462497,14.5775,47.06996070109655,11.805974036519375,1.7796439645482747e+18,1.7796349995952015e+18
1779641183410796612,11.796,1.415,1121.975,29.75986157585434,14.507499999999999,47.08206542620635,11.806397923637816,1.779643933550985e+18,1.7796350640596004e+18
1779641183811263650,11.8,1.4475,147.175,29.80022374894612,14.507499999999999,47.11860237458169,11.807003356234192,1.7796439042261386e+18,1.7796351250842202e+18
1779641184211555638,11.788,1.5975,449.125,29.838147658507737,14.227500000000001,47.15380371270204,11.807572214877617,1.7796438762414664e+18,1.7796351833668933e+18
1779641184611744638,11.732,3.13,1370.6,29.890890936907915,14.227500000000001,47.2088141343566,11.80836336405362,1.7796438496028936e+18,1.779635238906023e+18
1779641185012200646,11.764,2.3,905.925,29.94037157850985,13.825000000000001,47.26315699958486,11.809105573677648,1.7796438242001334e+18,1.7796352919267735e+18
1779641185412441006,11.732,2.65,1126.25,29.972324606878143,13.5625,47.300431644864624,11.809584869103173,1.779643799846001e+18,1.7796353428044078e+18
1779641186013034724,11.56,6.83,160.225,30.013823755583914,13.5625,47.34326215602569,11.810193532578175,1.7796437765947656e+18,1.7796353914311642e+18
1779641186413320870,11.504,8.0175,488.95,30.114451335176927,13.3525,47.38396099207945,11.811602318692477,1.779643755078632e+18,1.779635436514493e+18
1779641186814311066,11.452,8.5975,1492.15,30.180755820677067,13.3525,47.41059413279171,11.81253058148948,1.779643734986907e+18,1.7796354786725174e+18
1779641187214389069,11.696,2.4325,1276.875,30.216422210021353,13.125,47.42687319470938,11.8130299109403,1.779643715735147e+18,1.779635519116363e+18
1779641187614812024,10.676,24.8175,619.9,30.246714844612967,13.125,47.43097911370076,11.813454007824582,1.7796436971385272e+18,1.7796355582308818e+18
1779641188015167503,10.316,33.2175,253.375,30.249696038614086,13.125,47.406864943887285,11.813495744540598,1.7796436783403302e+18,1.779635597816702e+18
1779641188415514440,10.6,26.065,773.225,30.251784414847304,13.299999999999999,47.402250089134135,11.813524981807863,1.7796436599179443e+18,1.7796356366387494e+18
1779641188815793410,10.128,35.9475,721.275,30.246406669869465,13.299999999999999,47.393385158248584,11.813449693378173,1.7796436418076227e+18,1.7796356748231803e+18
1779641189216065965,11.448,5.1475,562.75,30.183899375363975,13.615,47.369421323120726,11.812574591255096,1.7796436235741693e+18,1.7796357132426204e+18
1779641189616430913,10.42,28.5825,78.975,30.17614973416055,13.615,47.376370448694246,11.812466096278248,1.7796436054982103e+18,1.779635751355865e+18
1779641190016756506,10.272,32.135,241.0,30.170622485120248,13.93,47.37932561506946,11.812388714791684,1.7796435876783677e+18,1.779635788952152e+18
1779641190416844697,11.532,3.15,735.45,30.087244872204018,14.4025,47.34351864571993,11.811221428210857,1.779643569348171e+18,1.7796358275934461e+18
1779641190817041446,10.072,37.5325,606.0,30.05960863097254,14.4025,47.317640579002536,11.810834520833616,1.779643550960412e+18,1.7796358663684055e+18
1779641191217227126,9.876,41.1475,210.95,30.033366600225904,14.455,47.3011107701976,11.810467132403163,1.7796435325935255e+18,1.7796359051107576e+18
1779641191617657900,10.028,36.65,643.75,30.015176355438257,14.927499999999998,47.309214272318634,11.810212468976136,1.779643514423151e+18,1.7796359434518208e+18
1779641192018019200,9.744,44.0825,326.15,29.984263388892458,14.927499999999998,47.28737490819877,11.809763950833387,1.779643496574931e+18,1.7796359811087073e+18
1779641192418070081,10.268,30.5,995.325,29.959995705440246,15.469999999999999,47.30303833247859,11.809399935581604,1.779643479025308e+18,1.77963601813839e+18
1779641192818354708,9.712,45.3675,1399.075,29.91772591798167,15.697500000000002,47.26528793930721,11.808765888769726,1.7796434616908867e+18,1.779636054702184e+18
1779641193218861161,9.784,42.25,992.825,29.898707456762402,16.1525,47.267393557005434,11.808480611851436,1.7796434447715558e+18,1.7796360903929487e+18
1779641193618861324,9.768,43.715,1391.45,29.871141876282604,16.1525,47.24505673521165,11.80806712814424,1.7796434281205412e+18,1.7796361255175104e+18
1779641194019172048,9.696,43.9325,969.55,29.86141273305537,16.6075,47.25537486318157,11.807921190995831,1.779643411541084e+18,1.779636160516453e+18
1779641194619770079,9.736,43.3975,1320.425,29.850719441356738,17.045,47.259548056807134,11.807760791620352,1.7796433953453855e+18,1.7796361947181197e+18
1779641195020148592,10.088,35.8825,752.8,29.847110775865744,17.5,47.3109912615939,11.807706661637987,1.7796433794935882e+18,1.779636228212035e+18
1779641195420680335,11.212,10.05,658.95,29.801831757613023,17.5,47.314941180539996,11.807027476364196,1.7796433636792458e+18,1.7796362616189e+18
1779641195821151278,11.096,12.8,372.55,29.765536833212565,17.814999999999998,47.31967323995355,11.806483052498189,1.7796433478883663e+18,1.7796362949780503e+18
1779641196221503379,10.812,20.265,1136.925,29.776739682784548,17.885,47.363174500523904,11.806651095241769,1.779643332484974e+18,1.779636327548205e+18
1779641196622035002,11.204,10.3975,192.8,29.75382602652102,17.9375,47.39425116345293,11.806307390397816,1.7796433171780114e+18,1.7796363599262228e+18
1779641197022402828,11.584,2.765,588.375,29.70798501256155,17.92,47.37411704264427,11.805619775188424,1.7796433018007977e+18,1.779636392450253e+18
1779641197422806292,11.596,2.9475,157.175,29.684341544497578,17.849999999999998,47.38467665277457,11.805265123167464,1.7796432865167537e+18,1.7796364247881692e+18
1779641197823201813,11.672,1.4975,479.65,29.660222176701062,17.849999999999998,47.39170977699913,11.804903332650516,1.779643271298656e+18,1.7796364569985057e+18
1779641198223372169,11.688,1.3825,1463.775,29.636070500178302,17.6575,47.37717664392954,11.804541057502675,1.7796432561367654e+18,1.7796364891024612e+18
1779641198623855167,11.7,1.5175,1190.275,29.66980720429343,17.5525,47.39330288877922,11.805047108064402,1.7796432414088763e+18,1.7796365203335508e+18
1779641199024411810,11.712,1.5325,355.625,29.6904912041785,17.395,47.4031280098784,11.805357368062678,1.77964322696758e+18,1.7796365509973742e+18
1779641199425023668,11.716,1.4975,1085.275,29.7003413755003,17.395,47.40780616911179,11.805505120632505,1.7796432127353674e+18,1.779636581250981e+18
1779641199825306664,11.72,1.4975,35.175,29.706554156093574,17.1325,47.410761156069555,11.805598312341404,1.779643198700978e+18,1.7796366111146214e+18
1779641200225799370,11.728,1.5325,107.325,29.70945742094936,16.8,47.41215164499176,11.80564186131424,1.7796431847876803e+18,1.779636640751019e+18
1779641200626521401,11.736,1.4625,327.525,29.71270423900087,16.8,47.413700874459515,11.805690563585014,1.779643171026888e+18,1.7796366700917107e+18
1779641201027086864,11.736,1.4325,999.525,29.706477228668554,16.4325,47.41073988226714,11.805597158430029,1.7796431573852923e+18,1.7796366992002903e+18
1779641201427719517,11.744,1.5175,1411.9,29.708552574416842,16.24,47.41172134592745,11.805628288616253,1.7796431433869612e+18,1.779636729117213e+18
1779641201828236230,11.748,1.4825,1031.975,29.703543664299115,16.24,47.40932724069753,11.805553154964487,1.7796431294390623e+18,1.779636758952452e+18
1779641202228471068,11.744,1.5325,1510.925,29.69695495582407,16.064999999999998,47.40618197885131,11.805454324337362,1.7796431154341786e+18,1.7796367889380273e+18
1779641202628812535,11.752,1.3975,1334.175,29.689512672326924,16.0475,47.40264124925584,11.805342690084904,1.779643101301911e+18,1.7796368192264973e+18
1779641203029166912,11.76,1.5175,794.775,29.68533470630554,16.0475,47.40062836315848,11.805280020594584,1.7796430871183741e+18,1.7796368496566725e+18
1779641203429472697,11.764,1.5325,787.05,29.68286728408392,16.0825,47.39943296643119,11.80524300926126,1.7796430729223516e+18,1.7796368801441326e+18
1779641203829814163,11.76,1.4825,763.475,29.671617860809885,15.8725,47.39405731838431,11.805074267912149,1.779643058705262e+18,1.7796369107003973e+18
1779641204229918979,11.764,1.5975,691.525,29.662405843734803,15.8725,47.38962645350086,11.804936087656023,1.7796430445099267e+18,1.7796369412338995e+18
1779641204630435948,11.772,1.4975,471.95,29.654119723508572,15.61,47.38568469721347,11.804811795852629,1.779643030399983e+18,1.7796369716065818e+18
1779641205030672959,11.768,1.5325,1440.275,29.64197969787326,15.400000000000002,47.37986263583401,11.8046296954681,1.7796430163949486e+18,1.7796370017725934e+18
1779641205431048386,11.772,1.5325,1118.55,29.629479780263946,15.400000000000002,47.37387378502281,11.80444219670396,1.779643002455382e+18,1.779637031817533e+18
1779641205831352638,11.776,1.5175,136.725,29.620629421997602,15.155000000000001,47.369581874768016,11.804309441329965,1.7796429886507123e+18,1.7796370615925368e+18
1779641206231592123,11.776,1.4475,417.25,29.608176260934894,15.155000000000001,47.36364624704828,11.804122643914024,1.7796429750371784e+18,1.779637090971612e+18
1779641206631881233,11.78,1.4825,1273.325,29.596995648628216,14.717500000000001,47.358345932596826,11.803954934729424,1.7796429615374994e+18,1.779637120124185e+18
1779641207032163791,11.784,1.4325,609.075,29.585913191119012,14.4375,47.35307985918474,11.803788697866786,1.7796429482404065e+18,1.7796371488560663e+18
1779641207432339078,11.78,1.4825,220.325,29.57504916946114,14.4375,47.34786671281415,11.803625737541918,1.7796429351272535e+18,1.7796371772076936e+18
1779641207832651401,11.78,1.5475,672.375,29.56207407209791,14.315,47.341660587036095,11.80343111108147,1.7796429221913252e+18,1.7796372051917128e+18
1779641208233278826,11.78,1.5475,413.525,29.5490981185147,14.315,47.33545383265405,11.803236471777721,1.7796429094856722e+18,1.7796372326915707e+18
1779641208633989710,11.784,1.5675,1261.975,29.53704812653411,14.052499999999998,47.32966020315242,11.803055721898012,1.779642896984181e+18,1.7796372597645967e+18
1779641209034504843,11.788,1.5175,574.425,29.52543096537762,14.052499999999998,47.32411157199519,11.802881464480665,1.7796428847326794e+18,1.7796372863101425e+18
1779641209435263667,11.792,1.4825,114.6,29.51379765213512,13.86,47.31854720520483,11.802706964782027,1.779642872687582e+18,1.779637312423147e+18
1779641209835832082,11.796,1.4475,349.725,29.503418399749677,13.58,47.31359965984635,11.802551275996246,1.7796428608999933e+18,1.779637337991846e+18
1779641210236200409,11.796,1.4975,1067.275,29.49673976870841,13.58,47.310436250258974,11.802451096530627,1.779642849357844e+18,1.7796373630446868e+18
1779641210636821478,11.772,2.0825,1618.65,29.490549403856697,13.4225,47.30783554488882,11.802358241057851,1.7796428380628575e+18,1.7796373875775117e+18
1779641211037125448,11.668,4.2325,24.525,29.475710822227256,13.4225,47.30165799685864,11.80213566233341,1.7796428269495053e+18,1.7796374117274358e+18
1779641211437667344,11.512,8.15,74.825,29.474792138343915,13.387500000000001,47.29646733802123,11.80212188207516,1.7796428161029363e+18,1.7796374353166528e+18
1779641211837926560,11.628,5.0,228.325,29.454003057852233,13.387500000000001,47.29333931982128,11.801810045867784,1.7796428054636974e+18,1.7796374584611873e+18
1779641212238738530,11.008,19.2175,696.775,29.438899844084837,13.282499999999999,47.27100357435373,11.801583497661273,1.779642795029994e+18,1.7796374811685396e+18
1779641212639122433,10.888,20.7325,487.975,29.428426118137146,13.282499999999999,47.262868006078634,11.801426391772058,1.7796427847722696e+18,1.7796375035064645e+18
1779641213039403330,11.38,10.4675,1489.175,29.427767313643997,13.405000000000001,47.26229521196731,11.80141650970466,1.7796427747764846e+18,1.779637525291854e+18
1779641213439718632,11.1,15.5475,1267.8,29.416547519507745,13.4225,47.26150493472467,11.801248212792617,1.7796427649770737e+18,1.7796375466611566e+18
1779641213839860157,10.66,24.3975,592.2,29.421976329715875,13.4225,47.26147485207472,11.801329644945739,1.7796427554634752e+18,1.7796375674278907e+18
1779641214240079793,10.304,32.2175,168.85,29.406376007064168,13.58,47.25389966426055,11.801095640105963,1.7796427461132908e+18,1.779637587846911e+18
1779641214640462050,10.088,37.4675,515.275,29.389856037457733,13.58,47.23286664313611,11.800847840561866,1.779642736913825e+18,1.779637607945262e+18
1779641215040692908,10.112,35.5325,1572.475,29.38440830468854,13.965,47.238417758088055,11.800766124570329,1.7796427279786012e+18,1.7796376274793298e+18
1779641215440963963,10.076,36.4975,1522.0,29.377712462578558,14.2975,47.24183135277765,11.800665686938679,1.7796427192514527e+18,1.7796376465715387e+18
1779641215841242958,10.116,35.0675,1367.975,29.377311427977354,14.2975,47.25773637969224,11.80065967141966,1.7796427108532188e+18,1.7796376649595635e+18
1779641216241513770,10.312,30.58,897.925,29.383652677992515,14.665000000000001,47.26459469043419,11.800754790169888,1.779642702840173e+18,1.7796376825222367e+18
1779641217042426219,10.156,34.365,85.7,29.392679953443874,14.84,47.26912811360234,11.800890199301659,1.7796426951870907e+18,1.7796376993195965e+18
1779641217442709895,10.196,32.6675,261.525,29.4004971278122,15.102500000000001,47.284941473605784,11.801007456917183,1.7796426878312233e+18,1.7796377154835295e+18
1779641217842983581,10.352,29.615,798.1,29.403133027234723,15.382499999999999,47.29526304243546,11.801046995408521,1.779642680762489e+18,1.7796377310330675e+18
1779641218243356897,11.572,1.4475,797.2,29.323657337421878,15.540000000000001,47.25322174496437,11.799854860061329,1.7796426736443684e+18,1.7796377466592233e+18
1779641218643704965,11.636,1.4325,794.45,29.275773119321308,15.540000000000001,47.227875505703246,11.79913659678982,1.779642666563836e+18,1.7796377621902996e+18
1779641219044053746,11.656,1.4325,786.05,29.25137568007851,15.260000000000002,47.21138805108285,11.798770635201178,1.7796426596107162e+18,1.7796377774423053e+18
1779641219444358662,11.672,1.4475,760.425,29.236004908822537,15.260000000000002,47.19531816172492,11.798540073632338,1.7796426527963533e+18,1.7796377923955484e+18
1779641219844691440,11.688,1.3975,682.225,29.223874256756638,14.717500000000001,47.18193280312198,11.79835811385135,1.7796426461235735e+18,1.779637807045456e+18
1779641220244979810,11.696,1.4625,443.575,29.22635088342394,14.209999999999999,47.17202366810659,11.79839526325136,1.7796426396301148e+18,1.7796378213169336e+18
1779641220645445012,11.708,1.4625,1353.675,29.219306243115334,14.209999999999999,47.165298455985074,11.79828959364673,1.7796426332839124e+18,1.7796378352746708e+18
1779641221045709662,11.72,1.4975,854.275,29.225988735468704,13.895000000000001,47.160828747124285,11.798389831032031,1.779642627115583e+18,1.779637848858625e+18
1779641221446143088,11.724,1.5175,968.625,29.233097047935107,13.895000000000001,47.157125534958496,11.798496455719027,1.7796426211191939e+18,1.779637862081572e+18
1779641222046686363,11.728,1.4625,1317.6,29.23859212272663,13.387500000000001,47.154067228985454,11.7985788818409,1.7796426153029238e+18,1.7796378749261722e+18
1779641222446869000,11.724,1.5175,744.175,29.250266267165685,13.387500000000001,47.150767355659994,11.798753994007486,1.7796426096657853e+18,1.779637887395212e+18
1779641222847193489,11.508,6.35,632.625,29.264780113545356,13.1075,47.147512513927666,11.79897170170318,1.7796426042033108e+18,1.7796378994996544e+18
1779641223647957594,11.66,3.2975,891.7,29.27442257847948,13.0725,47.14956080343009,11.799116338677193,1.7796425989144182e+18,1.7796379112433615e+18
1779641224048066856,10.924,19.865,1082.85,29.290924400819357,13.0025,47.140323176466794,11.79936386601229,1.7796425937961485e+18,1.779637922631295e+18
1779641224448421072,10.732,23.7825,27.775,29.310834640788315,13.0025,47.12681787739699,11.799662519611825,1.7796425888528712e+18,1.7796379336550664e+18
1779641224849064773,11.596,2.215,84.75,29.273392722377693,13.457500000000001,47.10198728601861,11.799100890835666,1.7796425839109993e+18,1.7796379446669238e+18
1779641225249789980,11.688,1.415,258.625,29.256979274139923,13.457500000000001,47.08860356083546,11.7988546891121,1.779642579035119e+18,1.7796379555354913e+18
1779641225650187393,11.708,1.4475,789.25,29.25297553069766,13.667499999999999,47.08210131850977,11.798794632960465,1.77964257425528e+18,1.779637966200909e+18
1779641226050422798,11.72,1.4975,770.175,29.256029401335276,13.667499999999999,47.07707639916892,11.79884044102003,1.7796425695873098e+18,1.7796379766316703e+18
1779641226451220320,11.736,1.5175,711.975,29.268163590997105,13.58,47.07495631576395,11.799022453864957,1.779642565057425e+18,1.7796379867741325e+18
1779641226851746393,11.744,1.4975,534.375,29.280334612504717,13.44,47.072159270696,11.799205019187571,1.7796425606445222e+18,1.779637996674951e+18
1779641227252387461,11.748,1.5675,1630.775,29.322824611015413,13.44,47.08729460495765,11.799842369165232,1.7796425564631496e+18,1.7796380060950927e+18
1779641227652794438,11.756,1.5325,61.525,29.34640345331521,13.3175,47.088813831845975,11.800196051799729,1.7796425524805527e+18,1.7796380150957937e+18
1779641228053188183,11.752,1.4975,187.75,29.35902391537563,13.3175,47.092266238932794,11.800385358730635,1.7796425486534968e+18,1.7796380237667476e+18
1779641228453900186,11.764,1.5175,572.95,29.380784141769496,13.1425,47.096678302163724,11.800711762126543,1.7796425450141217e+18,1.779638032040691e+18
1779641228854507091,11.764,1.4475,110.1,29.404354580529507,13.1425,47.0985942533043,11.801065318707943,1.779642541570702e+18,1.7796380398994148e+18
1779641229255222362,11.692,2.765,335.975,29.424915766210376,12.9325,47.09287366793055,11.801373736493156,1.7796425383042534e+18,1.7796380473830428e+18
1779641229655686761,11.7,2.63,1025.3,29.440791611976685,12.9325,47.09367591484252,11.80161187417965,1.7796425352046292e+18,1.7796380545110152e+18
1779641230056419027,11.656,2.8325,1490.55,29.436663742351072,12.7575,47.089134689957454,11.801549956135267,1.779642532216073e+18,1.7796380613964086e+18
1779641230456927128,10.44,31.08,1271.975,29.443843480925295,12.7575,47.054804290668514,11.80165765221388,1.7796425293738245e+18,1.7796380679662945e+18
1779641230857085145,11.336,9.0175,604.95,29.44494542486003,12.844999999999999,47.048346847696294,11.801674181372901,1.779642526671097e+18,1.779638074231971e+18
1779641231257455646,10.608,25.65,207.75,29.449511541973955,13.1775,47.04162043749812,11.80174267312961,1.7796425241306775e+18,1.77963808014446e+18
1779641231657755743,10.848,20.1675,634.0,29.477011010404226,13.1775,47.03888980222783,11.802155165156064,1.7796425218075945e+18,1.7796380855919693e+18
1779641232057827903,9.82,42.6025,296.4,29.474636615331256,13.457500000000001,47.025690786874264,11.80211954922997,1.7796425196015813e+18,1.7796380907823526e+18
1779641232458003777,10.028,39.115,904.525,29.482561971439054,13.457500000000001,47.03503373029768,11.802238429571586,1.7796425175238633e+18,1.7796380956958766e+18
1779641232858270378,9.888,41.1475,1121.975,29.48862666828653,13.965,47.04801921791126,11.802329400024298,1.7796425155797683e+18,1.7796381003191304e+18
1779641233258469725,9.92,40.6325,147.175,29.488764130303885,14.612499999999999,47.048365086380215,11.802331461954559,1.7796425137511012e+18,1.7796381046893455e+18
1779641233658662820,10.232,32.1825,449.125,29.490932220671624,14.612499999999999,47.071567853218184,11.802363983310075,1.7796425120156498e+18,1.7796381088574129e+18
1779641234058840977,9.82,42.1175,1370.6,29.48863044089199,15.2075,47.06423683177434,11.80232945661338,1.7796425103539622e+18,1.779638112864397e+18
1779641234459194588,9.832,42.0825,905.925,29.53437251556494,15.75,47.08061741491962,11.803015587733475,1.779642508828386e+18,1.7796381165965373e+18
1779641234859422641,9.824,42.6175,1126.25,29.567223805945442,16.3275,47.08487667633096,11.803508357089182,1.7796425074642301e+18,1.7796381199889587e+18
1779641235259705709,9.768,42.9475,160.225,29.59239698588777,16.3275,47.10079180291493,11.803885954788317,1.7796425062355151e+18,1.779638123095962e+18
1779641235659952346,9.732,43.665,488.95,29.613511046362767,16.834999999999997,47.115623966829055,11.804202665695442,1.7796425050943706e+18,1.7796381260224008e+18
1779641236060336513,10.26,31.185,1492.15,29.62685742596804,17.3075,47.14081422292545,11.804402861389521,1.7796425041419292e+18,1.779638128535255e+18
1779641236460685593,11.404,5.2825,1276.875,29.5722775962579,17.622500000000002,47.121961117987546,11.803584163943869,1.7796425031439775e+18,1.7796381311251889e+18
1779641236861046008,11.436,5.115,619.9,29.527196824947595,17.622500000000002,47.10623688904421,11.802907952374214,1.7796425021026798e+18,1.7796381337928911e+18
1779641237261401881,11.568,2.665,253.375,29.47874812039904,17.43,47.08613950301561,11.802181221805986,1.779642500975511e+18,1.779638136632871e+18
1779641237661770277,11.632,1.8825,773.225,29.443654636086507,17.325,47.07099839272486,11.801654819541298,1.7796424997828073e+18,1.7796381396069281e+18
1779641238062261170,11.664,1.715,721.275,29.415873470249615,17.1325,47.058980428090685,11.801238102053745,1.7796424985529247e+18,1.7796381426556844e+18
1779641238462483192,11.684,1.5675,562.75,29.38988743305923,17.1325,47.047969839025136,11.800848311495889,1.7796424973248044e+18,1.7796381456917204e+18
1779641238862697510,11.696,1.4975,78.975,29.368421440372032,16.87,47.03884567076518,11.800526321605581,1.7796424960932956e+18,1.7796381487292703e+18
1779641239262866569,11.704,1.4325,241.0,29.347445185267702,16.5725,47.03007424955385,11.800211677779016,1.7796424948694505e+18,1.7796381517436467e+18
1779641239663059108,11.712,1.415,735.45,29.33388277866608,16.5725,47.02436802392525,11.800008241679992,1.7796424936393073e+18,1.7796381547706214e+18
1779641240063837506,11.72,1.4625,606.0,29.328054204554427,16.397499999999997,47.02203787785016,11.799920813068317,1.779642492431569e+18,1.7796381577494433e+18
1779641240464602799,11.724,1.4325,210.95,29.322032110799086,16.2575,47.023431111747236,11.799830481661987,1.7796424912631944e+18,1.7796381606418962e+18
1779641240865330541,11.728,1.4625,643.75,29.314267407467938,16.2575,47.025964631947005,11.79971401111202,1.7796424900797138e+18,1.7796381635700956e+18
1779641241265969528,11.736,1.4325,326.15,29.32705257091191,15.995000000000001,47.02873574246683,11.799905788563679,1.7796424889611415e+18,1.7796381663637586e+18
1779641241666121737,11.744,1.4325,995.325,29.35225615560128,15.837500000000002,47.0390892888904,11.80028384233402,1.7796424879444972e+18,1.7796381689454106e+18
1779641242066396509,11.74,1.415,1399.075,29.35714985863141,15.837500000000002,47.06553321447447,11.800357247879472,1.7796424870706534e+18,1.7796381712107177e+18
1779641242466990175,11.756,1.4325,992.825,29.369653968221527,15.557500000000001,47.08559238649329,11.800544809523323,1.7796424863797778e+18,1.7796381730722132e+18
1779641242867495782,11.748,1.4475,1391.45,29.376542689151748,15.2075,47.0894986229989,11.800648140337277,1.779642485749286e+18,1.779638174805004e+18
1779641243268089342,11.756,1.4325,969.55,29.386589034246597,15.2075,47.08634050618002,11.8007988355137,1.779642485222146e+18,1.7796381763129395e+18
1779641243668231852,11.756,1.4475,1320.425,29.402360692555668,15.084999999999999,47.10874830879055,11.801035410388335,1.7796424847284905e+18,1.7796381777577866e+18
1779641244068760163,11.76,1.4325,752.8,29.424559852748004,14.787499999999998,47.14866482459522,11.80136839779122,1.7796424842901166e+18,1.7796381790940355e+18
1779641244469446179,11.768,1.4325,658.95,29.444892960302298,14.787499999999998,47.17165207361357,11.801673394404535,1.779642483889048e+18,1.7796381803610417e+18
1779641244869919426,11.768,1.5325,372.55,29.463205596843096,14.525000000000002,47.18418169674298,11.801948083952647,1.779642483506264e+18,1.7796381816005028e+18
1779641245270175611,11.772,1.5825,1136.925,29.48886993794055,14.525000000000002,47.21233174467725,11.802333049069109,1.7796424831736673e+18,1.7796381827436221e+18
1779641245670464077,11.692,2.9475,192.8,29.50118852265284,14.385000000000002,47.218778719999854,11.802517827839793,1.7796424828593994e+18,1.7796381838555292e+18
1779641246071064013,11.632,4.6825,588.375,29.52068878320688,14.385000000000002,47.22575454555363,11.802810331748104,1.7796424825909947e+18,1.7796381848772844e+18
1779641246471663604,11.692,2.3,157.175,29.523309823989575,14.0,47.23868483109919,11.802849647359844,1.7796424823126984e+18,1.7796381859266834e+18
1779641246872060087,11.412,9.18,479.65,29.539581256712495,13.737499999999999,47.25125440207456,11.803093718850688,1.7796424820683617e+18,1.7796381869110979e+18
1779641247272238209,10.864,20.9975,1463.775,29.593048114132188,13.737499999999999,47.25614449355075,11.803895721711983,1.7796424819520704e+18,1.7796381876358738e+18
1779641247672497828,10.916,19.43,1190.275,29.617933638551293,13.667499999999999,47.25294325647803,11.80426900457827,1.779642481890824e+18,1.7796381882517578e+18
1779641248072827049,10.756,22.23,355.625,29.6273077728142,13.667499999999999,47.250430713805656,11.804409616592213,1.779642481845713e+18,1.779638188838983e+18
1779641248472933853,11.124,13.4825,1085.275,29.63852622457393,13.719999999999999,47.25631270771936,11.80457789336861,1.7796424818316365e+18,1.7796381893648591e+18
1779641248873155409,10.984,16.4475,35.175,29.659223073335568,13.8775,47.27138781960902,11.804888346100034,1.7796424818727724e+18,1.7796381897791793e+18
1779641249273407049,10.8,20.5,107.325,29.678254283559298,13.8775,47.285932341365694,11.80517381425339,1.7796424819615675e+18,1.7796381900977467e+18
1779641249673557628,11.096,12.615,327.525,29.661496551909323,14.0175,47.29140033469307,11.80492244827864,1.779642482003166e+18,1.779638190517895e+18
1779641250073738694,10.844,19.95,999.525,29.66792962124546,14.0175,47.29757268085076,11.805018944318682,1.779642482063586e+18,1.7796381909013153e+18
1779641250474014993,10.824,19.4,1411.9,29.660320383475447,14.262500000000001,47.30580057384197,11.804904805752132,1.7796424821142083e+18,1.7796381913058094e+18
1779641250874345753,10.76,22.5175,1031.975,29.664869049903736,14.594999999999999,47.30348998522105,11.804973035748556,1.779642482182374e+18,1.7796381916754068e+18
1779641251274601030,10.128,35.4675,1510.925,29.662525702606075,14.594999999999999,47.302170143883316,11.804937885539092,1.7796424822472924e+18,1.7796381920539308e+18
1779641251674827374,9.796,42.4,1334.175,29.66208568535026,14.962500000000002,47.30331721875214,11.804931285280254,1.7796424823198966e+18,1.7796381924173658e+18
1779641252075166738,10.004,37.665,794.775,29.657954996265374,15.645,47.308263308696574,11.804869324943981,1.7796424823846344e+18,1.7796381927993124e+18
1779641252475440663,9.976,38.3825,787.05,29.64967304788246,16.17,47.30920742765944,11.804745095718237,1.7796424824403996e+18,1.7796381932000827e+18
1779641252875720390,10.06,35.4975,763.475,29.64203395532311,16.17,47.326983400116106,11.804630509329847,1.7796424824748628e+18,1.7796381936483039e+18
1779641253275995421,9.92,39.7175,691.525,29.629815555112344,16.6775,47.32329789327103,11.804447233326686,1.7796424824911951e+18,1.779638194134687e+18
1779641253676152250,10.2,33.1325,471.95,29.61701613055342,17.185000000000002,47.328789815733,11.804255241958302,1.7796424824742858e+18,1.779638194693218e+18
1779641254076307599,10.1,34.75,1440.275,29.611683751323575,17.535,47.34494225679879,11.804175256269854,1.7796424824473377e+18,1.7796381952747548e+18
1779641254476510912,10.156,34.5825,1118.55,29.61096265412112,17.8325,47.347905141333094,11.804164439811817,1.779642482423615e+18,1.779638195851367e+18
1779641254877211630,10.324,29.7,136.725,29.596736873535956,17.8325,47.36761875451756,11.80395105310304,1.779642482363065e+18,1.7796381965077158e+18
1779641255277763929,9.78,43.265,417.25,29.5805418720753,18.1125,47.364377133635045,11.80370812808113,1.7796424822589028e+18,1.779638197258402e+18
1779641255678034715,9.864,41.45,1273.325,29.592605255055727,18.4275,47.36083127958421,11.803889078825836,1.7796424822116552e+18,1.7796381978878244e+18
1779641256078690465,9.956,38.2975,609.075,29.59997295117352,18.795,47.39704161716197,11.803999594267603,1.7796424822041917e+18,1.779638198432688e+18
1779641256478910512,9.968,37.4325,220.325,29.605544165594395,19.11,47.42855463928518,11.804083162483916,1.7796424822337119e+18,1.7796381988983514e+18
1779641256879160084,10.052,36.4325,672.375,29.606440241161565,19.355,47.433639427359196,11.804096603617424,1.7796424822779318e+18,1.7796381993334508e+18
1779641257279578409,9.972,38.3175,413.525,29.609172585874244,19.67,47.4438147869996,11.804137588788114,1.7796424823580424e+18,1.7796381996902006e+18
1779641257680009968,9.94,38.2,1261.975,29.62036028072549,19.985,47.48052036136637,11.804305404210883,1.779642482531693e+18,1.7796381998404657e+18
1779641258080416419,9.98,38.2,574.425,29.61923174631456,20.2825,47.468812794275934,11.804288476194719,1.7796424827717696e+18,1.7796381998398377e+18
1779641258480928608,9.972,38.165,114.6,29.62526408309304,20.5625,47.46868812106709,11.804378961246396,1.7796424830924452e+18,1.7796381996594337e+18
1779641258881504419,10.016,36.5675,349.725,29.630425365291824,20.86,47.49252153496125,11.804456380479378,1.7796424835198467e+18,1.7796381992384873e+18
1779641259282091186,10.18,32.1975,1067.275,29.632878536544688,21.14,47.52434809349443,11.80449317804817,1.7796424840268157e+18,1.7796381986379085e+18
1779641259682504641,10.004,34.85,1618.65,29.642318751753344,21.6825,47.57791373356042,11.8046347812763,1.7796424846299878e+18,1.7796381978229832e+18
1779641260082877705,10.084,34.75,24.525,29.651181571838876,21.525000000000002,47.613149357454226,11.804767723577584,1.7796424853458788e+18,1.7796381967551939e+18
1779641260483476560,10.052,34.9975,74.825,29.657383965709677,21.7,47.647279030500854,11.804860759485646,1.7796424861537984e+18,1.7796381954806044e+18
1779641260883943749,10.12,34.815,228.325,29.661374966319254,21.752499999999998,47.66358944228097,11.80492062449479,1.779642487107394e+18,1.7796381938748186e+18
1779641261284203181,10.772,19.065,696.775,29.640085554887392,21.8925,47.68021833299492,11.804601283323311,1.7796424881498245e+18,1.779638192055041e+18
1779641261684554564,10.328,29.7,487.975,29.646310206406717,21.962500000000002,47.7149405525737,11.804694653096101,1.7796424893259958e+18,1.7796381899325596e+18
1779641262084807188,10.504,25.45,1489.175,29.640451789878053,21.962500000000002,47.736391014413336,11.804606776848171,1.779642490593037e+18,1.7796381875989914e+18
1779641262484914507,11.148,10.9825,1267.8,29.596324118612266,22.084999999999997,47.72363285816656,11.803944861779184,1.7796424918288579e+18,1.7796381853151598e+18
1779641262885172917,11.504,3.8325,592.2,29.546209534528057,21.8925,47.70457743633857,11.803193143017921,1.7796424930589422e+18,1.7796381830190758e+18
1779641263285314846,11.544,3.4475,168.85,29.50894063987773,21.7,47.69956111788429,11.802634109598166,1.7796424942788442e+18,1.779638180728009e+18
1779641263685483583,11.6,2.5325,515.275,29.48038347747392,21.5425,47.70785234097052,11.80220575216211,1.7796424955299827e+18,1.7796381783510203e+18
1779641264085730377,11.66,1.5325,1572.475,29.450421188609425,21.349999999999998,47.69915000665364,11.801756317829142,1.7796424967828764e+18,1.7796381759554706e+18
1779641264485940490,11.68,1.4475,1522.0,29.47104085830283,21.349999999999998,47.691825684515244,11.802065612874543,1.7796424982102774e+18,1.7796381731693558e+18
1779641264886095625,11.688,1.4975,1367.975,29.46603806001437,21.175,47.67812605376873,11.801990570900216,1.7796424997394565e+18,1.77963817014669e+18
1779641265286330152,11.696,1.4825,897.925,29.472550089287992,21.0,47.66901365003414,11.80208825133932,1.7796425014001147e+18,1.7796381668248502e+18
1779641265686711801,11.708,1.5325,1101.825,29.480565354197267,20.790000000000003,47.660559431247684,11.80220848031296,1.7796425032402632e+18,1.77963816309367e+18
1779641266086955466,11.716,1.4825,85.7,29.484836622908787,20.5625,47.651919536697456,11.802272549343632,1.7796425051989253e+18,1.7796381590916877e+18
1779641266487292800,11.72,1.4475,261.525,29.48472903258221,20.352500000000003,47.6451351155493,11.802270935488734,1.7796425072545638e+18,1.7796381548661842e+18
1779641266887568080,11.724,1.5175,798.1,29.48653132755728,20.09,47.64027693261826,11.80229796991336,1.7796425094035983e+18,1.7796381504262533e+18
1779641267287958058,11.732,1.5175,797.2,29.497624685875863,19.705,47.632109999965245,11.802464370288138,1.779642511655516e+18,1.779638145754852e+18
1779641267688172319,11.732,1.4975,794.45,29.50257086090015,19.705,47.62533268980132,11.802538562913503,1.779642513998867e+18,1.7796381408750085e+18
1779641268088261566,11.736,1.4825,786.05,29.51468011555562,19.477500000000003,47.62382912737886,11.802720201733335,1.7796425164180992e+18,1.7796381358265667e+18
1779641268488851860,11.736,1.4325,760.425,29.517077091815885,19.145,47.61932315245748,11.802756156377239,1.7796425190380713e+18,1.779638130314572e+18
1779641268889298536,11.74,1.4825,682.225,29.522931745818966,18.8825,47.63212374598773,11.802843976187285,1.7796425218559058e+18,1.7796381243473083e+18
1779641269489876603,11.74,1.4825,443.575,29.52870313981907,18.55,47.64292700837168,11.802930547097287,1.7796425248454753e+18,1.7796381179880568e+18
1779641269890106049,11.744,1.5175,1353.675,29.556997928751656,18.55,47.63833340690787,11.803354968931275,1.7796425280922621e+18,1.7796381110476608e+18
1779641270290854023,11.748,1.5475,854.275,29.616692326510048,18.235,47.66374725954393,11.804250384897651,1.779642531552242e+18,1.7796381036453555e+18
1779641270691331857,11.748,1.5175,968.625,29.656328334256372,18.0075,47.67905164491178,11.804844925013846,1.7796425352659187e+18,1.7796380956758323e+18
1779641271091799261,11.76,1.5175,1317.6,29.69760956033961,17.849999999999998,47.69508260796692,11.805464143405095,1.7796425392270758e+18,1.7796380871542108e+18
1779641271492229243,11.756,1.4975,744.175,29.73425037914036,17.6925,47.71063280681359,11.806013755687106,1.779642543433052e+18,1.7796380780839073e+18
1779641271892520016,11.764,1.4825,632.625,29.768655657752824,17.6925,47.72527711332298,11.806529834866293,1.779642547873783e+18,1.7796380684868744e+18
1779641272292742146,11.764,1.4975,292.2,29.797236995179738,17.64,47.737937911349036,11.806958554927697,1.7796425525510285e+18,1.7796380583556342e+18
1779641272692937393,11.768,1.5475,891.7,29.82662486177875,17.64,47.75106869430369,11.807399372926682,1.7796425574163484e+18,1.7796380478030764e+18
1779641273093072072,11.764,1.5175,1082.85,29.84784691530552,17.709999999999997,47.760548521170776,11.807717703729583,1.7796425624510323e+18,1.7796380368680195e+18
1779641273493270611,11.768,1.5175,27.775,29.86838979553182,17.709999999999997,47.76973168890455,11.808025846932978,1.7796425676736612e+18,1.7796380255068152e+18
1779641273893458019,11.768,1.4975,84.75,29.888534990098897,17.605,47.7787445769095,11.808328024851484,1.779642572788357e+18,1.7796380144071278e+18
1779641274293632365,11.768,1.4475,258.625,29.902919368557974,17.587500000000002,47.78518767437496,11.80854379052837,1.7796425778513956e+18,1.7796380034349827e+18
1779641274693743470,11.776,1.5675,789.25,29.921707153044775,17.5525,47.79355174576051,11.808825607295672,1.7796425829109225e+18,1.779637992481022e+18
1779641275094017002,11.776,1.5175,770.175,29.93407037741046,17.5525,47.79906794231866,11.809011055661157,1.779642587951669e+18,1.7796379815771697e+18
1779641275494161086,11.776,1.4975,711.975,29.94634091967972,17.5525,47.80454967336246,11.809195113795196,1.779642592991461e+18,1.7796379706819715e+18
1779641275894472572,11.776,1.4825,534.375,29.958008823721183,17.465,47.80976971421189,11.809370132355818,1.7796425980485148e+18,1.7796379597527537e+18
1779641276294817252,11.776,1.5475,1630.775,29.96754856426916,17.4475,47.814011017503795,11.809513228464038,1.779642603172265e+18,1.7796379486730286e+18
1779641276695002743,11.776,1.5325,61.525,29.977498293001453,17.4475,47.8184363325318,11.809662474395022,1.7796426083369884e+18,1.779637937503154e+18
1779641277095356883,11.78,1.4975,187.75,29.98735694060829,17.2375,47.822828988953134,11.809810354109125,1.779642613548277e+18,1.7796379262300795e+18
1779641277495458640,11.78,1.5825,572.95,29.99486819902721,17.08,47.82613355378118,11.809923022985409,1.7796426187994092e+18,1.7796379148681006e+18
1779641277895633191,11.78,1.4625,110.1,29.999602276621268,17.08,47.8282596069819,11.80999403414932,1.7796426240936845e+18,1.779637903407934e+18
1779641278295866776,11.78,1.5325,335.975,30.00581238411306,17.0275,47.83084558546933,11.810081373377583,1.779642629442995e+18,1.7796378918227492e+18
1779641278696076718,11.788,1.5175,1025.3,30.01431155906584,16.974999999999998,47.83436806461978,11.810200361826922,1.7796426348516434e+18,1.779637880103868e+18
1779641279096182802,11.788,1.5175,1490.55,30.020229626293474,16.974999999999998,47.83682588066892,11.81028321476811,1.7796426403186588e+18,1.7796378682520392e+18
1779641279496562526,11.788,1.5175,1271.975,30.024340004985998,16.8875,47.83856734413243,11.810340760069804,1.7796426458249188e+18,1.7796378563107638e+18
1779641279896809446,11.792,1.5325,604.95,30.03315190057775,16.8175,47.842209102712346,11.810464126608089,1.779642651399978e+18,1.7796378442139535e+18
1779641280297196217,11.784,1.5175,207.75,30.035726954261555,16.747500000000002,47.84326686753285,11.810500177359662,1.7796426570188874e+18,1.779637832016064e+18
1779641280697504877,11.788,1.5475,634.0,30.03861453002761,16.747500000000002,47.84444380001578,11.810540603420387,1.779642662698673e+18,1.7796378196775895e+18
1779641281097819003,11.788,1.5975,296.4,30.04181269966949,16.59,47.84573773935375,11.810585377795373,1.7796426684392492e+18,1.7796378071989148e+18
1779641281498162105,11.788,1.5475,904.525,30.044700525649358,16.5725,47.846914867287076,11.810625807359092,1.7796426742456532e+18,1.7796377945681047e+18
1779641281898429457,11.792,1.5975,1121.975,30.052596091112505,16.5725,47.85010378338181,11.810736345275576,1.7796426802067955e+18,1.7796377815805755e+18
1779641282298702139,11.792,1.5675,147.175,30.055901522552684,16.537499999999998,47.85144061531138,11.810782621315738,1.7796426862487736e+18,1.7796377684061274e+18
1779641282698932296,11.796,1.5325,449.125,30.05952606489577,16.502499999999998,47.85290382715111,11.810833364908541,1.7796426923432195e+18,1.7796377551111032e+18
1779641283099269216,11.796,1.4475,1370.6,30.060621162904617,16.502499999999998,47.85338149064537,11.810848696280665,1.7796426984426908e+18,1.7796377418046472e+18
1779641283499514425,11.796,1.4975,905.925,30.059885689527054,16.4325,47.8530965774956,11.81083839965338,1.7796427045293046e+18,1.7796377285273684e+18
1779641283899773295,11.796,1.5175,1126.25,30.059885689526546,16.397499999999997,47.85309657749542,11.810838399653372,1.7796427106624445e+18,1.7796377151411889e+18
1779641284299988492,11.8,1.5325,160.225,30.06198571698603,16.397499999999997,47.85390912904019,11.810867800037805,1.7796427168421837e+18,1.7796377016472195e+18
1779641284900645525,11.804,1.5325,488.95,30.06381582653032,16.310000000000002,47.854671180010264,11.810893421571425,1.7796427230395917e+18,1.779637688116044e+18
1779641285300980841,11.804,1.4625,1492.15,30.068488416242296,16.24,47.856597665884976,11.810958837827393,1.7796427292722893e+18,1.7796376745050819e+18
1779641285701208131,11.8,1.4825,1276.875,30.06922447590149,16.24,47.85688317697449,11.810969142662621,1.7796427355236424e+18,1.7796376608507164e+18
1779641286101849824,11.804,1.4625,619.9,30.07371104792637,16.1875,47.85883592905566,11.81103195467097,1.7796427418521966e+18,1.7796376470186473e+18
1779641286502316026,11.78,1.9975,253.375,30.07216049847487,15.942499999999999,47.85908098174068,11.811010246978649,1.7796427482694436e+18,1.7796376329782602e+18
1779641286902722425,11.768,1.9825,773.225,30.067429085656126,15.942499999999999,47.85738058271606,11.810944007199186,1.7796427547362737e+18,1.7796376188188431e+18
1779641287303129867,11.732,2.9175,721.275,30.072810907601173,15.855,47.85929313332773,11.811019352706417,1.779642761301837e+18,1.7796376044319854e+18
1779641287703400330,11.656,4.515,562.75,30.06944686160182,15.837500000000002,47.86025101116352,11.810972256062426,1.7796427680007432e+18,1.779637589730861e+18
1779641288103783630,11.68,3.7475,78.975,30.06252694407876,15.837500000000002,47.861566995361684,11.810875377217103,1.7796427747737439e+18,1.7796375748519677e+18
1779641288503938007,11.708,3.25,241.0,30.066878423849307,15.819999999999999,47.86639311596746,11.81093629793389,1.7796427813569475e+18,1.779637560418788e+18
1779641288904406536,11.256,13.35,735.45,30.089284507222487,15.7675,47.86507422628118,11.811249983101115,1.779642787876668e+18,1.7796375461480745e+18
1779641289304506237,11.628,3.9175,606.0,30.085966595865905,15.7675,47.87680857799928,11.811203532342123,1.7796427943073917e+18,1.7796375320829993e+18
1779641289704761505,11.604,4.95,210.95,30.101042202911675,15.7675,47.914850669576936,11.811414590840764,1.7796428009923968e+18,1.7796375174333225e+18
1779641290104933949,11.14,14.835,643.75,30.1079684697808,15.61,47.9220669139559,11.811511558576932,1.779642807774817e+18,1.7796375025601303e+18
1779641290505214534,10.64,25.2675,326.15,30.11441668292037,15.592500000000001,47.9293246041879,11.811601833560886,1.7796428146124547e+18,1.779637487561963e+18
1779641290905658542,10.42,30.65,995.325,30.161316976270168,15.592500000000001,47.91962048196223,11.812258437667783,1.7796428216814062e+18,1.779637472053703e+18
1779641291906157730,10.656,24.465,1391.45,30.16373978989875,15.540000000000001,47.90988914207949,11.812292357058583,1.7796428290580575e+18,1.7796374558376433e+18
1779641292306515569,11.1,13.83,969.55,30.150666405858022,15.680000000000001,47.910936923657054,11.812109329682013,1.7796428365624504e+18,1.7796374393142746e+18
1779641292706794105,10.588,25.48,1320.425,30.205938628474733,15.7325,47.93268395064932,11.812883140798647,1.7796428444260032e+18,1.779637421987838e+18
1779641293106966935,11.268,9.735,752.8,30.186636754377595,15.819999999999999,47.95503316253793,11.812612914561287,1.779642852506497e+18,1.7796374041404923e+18
1779641293507378259,10.82,20.5325,658.95,30.191528393347543,15.819999999999999,47.975200196304,11.812681397506866,1.7796428608050583e+18,1.7796373857864748e+18
1779641293907537975,11.544,3.5,372.55,30.146557747278948,15.819999999999999,47.947773726775914,11.812051808461906,1.7796428690959424e+18,1.779637367420157e+18
1779641294308196996,10.324,32.135,1136.925,30.15493058584136,15.855,47.9551238835552,11.81216902820178,1.7796428776408607e+18,1.779637348465244e+18
1779641294708467862,9.916,40.465,192.8,30.14762413536345,15.855,47.905059251709446,11.812066737895089,1.7796428863400033e+18,1.7796373291445563e+18
1779641295108721650,9.868,40.6825,588.375,30.164301522044372,16.099999999999998,47.94704366755267,11.812300221308622,1.77964289535473e+18,1.7796373090961446e+18
1779641295508802780,10.492,26.6175,157.175,30.161427619588675,16.537499999999998,47.95751849400309,11.812259986674242,1.779642904601727e+18,1.779637288502292e+18
1779641296109129048,9.904,39.415,1463.775,30.175586938079192,16.834999999999997,47.99743841889285,11.81245821713311,1.779642914202526e+18,1.779637267093687e+18
1779641296509601954,9.84,41.2825,1190.275,30.172203726706424,17.1675,47.9878818450869,11.81241085217389,1.7796429241914276e+18,1.7796372447745866e+18
1779641296909923935,9.64,45.965,355.625,30.165015131291113,17.4475,47.97042725247043,11.812310211838076,1.7796429343345219e+18,1.7796372220896804e+18
1779641297310024439,10.384,27.6475,35.175,30.161125156318498,17.7975,47.99897664140206,11.81225575218846,1.779642944658772e+18,1.7796371989781064e+18
1779641297710236030,11.596,2.0675,327.525,30.146539090961312,17.99,47.981584548123436,11.812051547273459,1.7796429551646684e+18,1.7796371754307254e+18
1779641298110401889,11.648,1.4325,999.525,30.131192029015967,17.727500000000003,47.96130540762199,11.811836688406224,1.7796429658115653e+18,1.7796371515423578e+18
1779641298510655445,11.664,1.4825,1411.9,30.10109141485223,17.4475,47.942171937717326,11.811415279807932,1.7796429765291116e+18,1.7796371274669893e+18
1779641298910864081,11.676,1.415,1031.975,30.104319893925645,17.4475,47.93196470522491,11.81146047851496,1.7796429874587108e+18,1.7796371028972966e+18
1779641299311154540,11.688,1.4825,1510.925,30.121401279561873,17.185000000000002,47.93782732697727,11.811699617913867,1.7796429986538112e+18,1.779637077718177e+18
1779641299711458293,11.696,1.4825,1334.175,30.132982211264757,16.8,47.94148519455696,11.811861750957707,1.7796430101546278e+18,1.7796370518316232e+18
1779641300111787866,11.7,1.4825,794.775,30.14513565242983,16.8,47.946670513072775,11.812031899134018,1.7796430219532687e+18,1.7796370252566234e+18
1779641300512303920,11.716,1.4625,787.05,30.15941923164193,16.6425,47.952841539000325,11.812231869242988,1.779643034073756e+18,1.7796369979385992e+18
1779641301313478526,11.732,1.4625,1440.275,30.17249264398015,15.7675,47.958413659776774,11.812414897015723,1.7796430465260795e+18,1.7796369698601009e+18
1779641301713760471,11.74,1.615,1118.55,30.186716938371262,15.7675,47.96447303736725,11.812614037137198,1.7796430589549071e+18,1.7796369418475428e+18
1779641302113902546,11.744,1.4475,136.725,30.19813219925524,15.4525,47.96935082590715,11.812773850789574,1.7796430714163835e+18,1.779636913767506e+18
1779641302514281739,11.744,1.615,417.25,30.211330358477266,15.102500000000001,47.97497799544284,11.812958625018682,1.7796430839663532e+18,1.77963688549071e+18
1779641302914420560,11.744,1.4975,1273.325,30.217709330640837,15.102500000000001,47.97769881207652,11.813047930628972,1.7796430966217912e+18,1.7796368569723794e+18
1779641303314806807,11.748,1.5475,609.075,30.224874862466507,14.805000000000001,47.98075795644822,11.813148248074532,1.7796431094239672e+18,1.7796368281165522e+18
1779641303915123853,11.748,1.5175,220.325,30.23205030948402,14.805000000000001,47.983828717871695,11.813248704332777,1.7796431223925724e+18,1.779636798880592e+18
1779641304315563526,11.712,2.3325,672.375,30.2350822980811,14.717500000000001,47.98501960149705,11.813291152173136,1.779643135990124e+18,1.779636768174674e+18
1779641304715905878,11.72,2.315,413.525,30.24018466303374,14.56,47.98702723139823,11.813362585282473,1.7796431498621092e+18,1.779636736830858e+18
1779641305116298455,11.728,2.23,1261.975,30.24773671888883,14.56,47.99007026395654,11.813468314064444,1.7796431641850793e+18,1.779636704437614e+18
1779641305516823721,11.728,2.3,574.425,30.256037327464934,14.455,47.993377101402004,11.81358452258451,1.77964317907545e+18,1.779636670722983e+18
1779641305917006922,11.604,5.2475,114.6,30.263850433498956,14.455,47.99484535531189,11.813693906068986,1.7796431945737487e+18,1.7796366355918057e+18
1779641306717874701,11.668,3.5,1067.275,30.262460794528458,14.42,47.99372942727921,11.813674451123399,1.779643210690634e+18,1.7796365990187156e+18
1779641307118120337,11.68,3.05,1618.65,30.260011362842533,14.42,47.99244152612146,11.813640159079796,1.7796432273593574e+18,1.7796365611524173e+18
1779641307518423726,10.596,26.935,24.525,30.251507339485155,14.4725,47.96632884645605,11.813521102752793,1.779643244641717e+18,1.7796365218411528e+18
1779641307918577483,10.488,28.65,74.825,30.238816454325505,14.84,47.9454258704723,11.813343430360558,1.779643262505949e+18,1.7796364811577016e+18
1779641308318874090,10.58,26.6675,228.325,30.2284077574248,14.84,47.927760014118014,11.813197708603948,1.7796432809564813e+18,1.7796364390934367e+18
1779641308719014030,10.484,28.25,696.775,30.214327056019698,15.295,47.914090534635676,11.813000578784276,1.7796433000065267e+18,1.779636395614179e+18
1779641309119165241,10.496,26.7325,487.975,30.195976502538873,15.645,47.91656226515483,11.812743671035545,1.7796433196204946e+18,1.7796363507994947e+18
1779641309519418972,10.572,25.135,1489.175,30.177967578491486,15.645,47.91847621039199,11.812491546098881,1.7796433398040445e+18,1.7796363046360937e+18
1779641309919692224,11.508,3.115,1267.8,30.092087545593298,16.0125,47.88410974330628,11.811289225638307,1.779643360094091e+18,1.779636258150255e+18
1779641310320109165,11.52,4.3175,592.2,30.03744221447872,16.2575,47.86308462235244,11.810524191002703,1.779643380684496e+18,1.7796362109131622e+18
1779641310920627866,11.06,14.6475,515.275,30.006179737565862,16.2225,47.85683091404915,11.810086516325923,1.7796434017990666e+18,1.7796361624229693e+18
1779641311321059987,11.584,2.9825,1572.475,29.95219299006403,16.2575,47.83328812676298,11.809282894850961,1.779643423217387e+18,1.7796361131721006e+18
1779641311721187408,11.132,14.6325,1522.0,29.937945272634465,16.310000000000002,47.82330629955775,11.809069179089517,1.7796434452826647e+18,1.7796360623905344e+18
1779641312121493174,11.08,15.2,1367.975,29.915566853319387,16.310000000000002,47.81319544585804,11.808733502799791,1.7796434679545398e+18,1.7796360101651085e+18
1779641312521664127,10.2,34.5675,897.925,29.889350419223177,16.275000000000002,47.784770381839785,11.808340256288348,1.7796434912215278e+18,1.779635956518597e+18
1779641312921779049,10.392,29.5675,1101.825,29.865050608139093,16.485,47.77445065834174,11.807975759122087,1.779643515102161e+18,1.779635901408593e+18
1779641313322002012,10.244,32.48,85.7,29.839888034449352,16.8875,47.76676929809302,11.80759832051674,1.7796435396307743e+18,1.7796358447530683e+18
1779641313722371954,9.804,41.5475,261.525,29.816344835945024,16.8875,47.76392361086856,11.807245172539176,1.7796435648354765e+18,1.7796357864868585e+18
1779641314122791875,10.052,36.1,798.1,29.790773068894843,17.3075,47.76371163693581,11.806861596033423,1.7796435907043177e+18,1.779635726635262e+18
1779641314522983065,9.932,39.1975,797.2,29.765049105941372,17.709999999999997,47.75460921477197,11.806475736589121,1.779643617226715e+18,1.7796356652220744e+18
1779641314923878833,9.728,44.0825,794.45,29.725968600996023,18.060000000000002,47.73144919885278,11.80588952901494,1.779643644388547e+18,1.7796356022665623e+18
1779641315324329013,9.76,42.9825,786.05,29.70031951474887,18.3925,47.719444118142846,11.805504792721234,1.77964367224942e+18,1.7796355376407923e+18
1779641315724599294,9.712,43.765,760.425,29.679565212356756,18.7075,47.73299617479199,11.805193478185352,1.7796437010581038e+18,1.779635470765117e+18
1779641316124843030,9.796,40.7825,682.225,29.67740195226552,18.7075,47.76953088340222,11.805161029283983,1.7796437309081649e+18,1.7796354014376735e+18
1779641316525860569,9.904,38.8825,443.575,29.658547414561365,18.97,47.78322268906517,11.804878211218421,1.7796437615820687e+18,1.7796353301513897e+18
1779641316926393736,10.052,36.315,1353.675,29.650627841191763,19.4075,47.79059663161333,11.804759417617877,1.779643793248876e+18,1.7796352565183066e+18
1779641317327234222,11.372,5.2475,854.275,29.57530047525746,19.5475,47.76795485855332,11.803629507128862,1.7796438251210534e+18,1.779635182317115e+18
1779641317727579748,11.38,6.2175,968.625,29.52716163806154,19.6875,47.76376771398832,11.802907424570924,1.7796438571639306e+18,1.7796351076552553e+18
1779641318127984630,11.532,2.7,1317.6,29.472450132668186,19.5475,47.76709768560224,11.802086751990023,1.7796438895774886e+18,1.7796350320513964e+18
1779641318528320781,11.636,1.415,744.175,29.428341559423693,19.4075,47.74957079551115,11.801425123391356,1.7796439224663644e+18,1.7796349552725727e+18
1779641318928476091,11.652,1.4975,632.625,29.394813906420865,19.18,47.74052743972981,11.800922208596313,1.7796439559167127e+18,1.7796348771262868e+18
1779641319328855877,11.668,1.4475,292.2,29.365656705105586,19.18,47.72366181692683,11.800484850576584,1.779643990019407e+18,1.7796347974025047e+18
1779641319729013958,11.684,1.3975,891.7,29.343710988927945,18.935000000000002,47.70504653270861,11.80015566483392,1.7796440249227648e+18,1.779634715759535e+18
1779641320129642053,11.696,1.4825,1082.85,29.328744892071086,18.515,47.6966645210104,11.799931173381067,1.7796440605792712e+18,1.779634632315552e+18
1779641320530243674,11.7,1.5325,27.775,29.315829887694093,18.235,47.675896271826936,11.799737448315412,1.7796440969563645e+18,1.7796345471483336e+18
1779641320930705281,11.704,1.4625,84.75,29.305198818534876,18.0075,47.66045604007053,11.799577982278024,1.7796441341062853e+18,1.7796344601330854e+18
1779641321331175224,11.712,1.4475,258.625,29.366155327498973,18.0075,47.68799337207172,11.800492329912485,1.7796441731592796e+18,1.7796343687008166e+18
1779641321731445419,11.724,1.4625,789.25,29.40511704253131,17.885,47.70561093610165,11.80107675563797,1.7796442139340193e+18,1.7796342732526444e+18
1779641322131758118,11.724,1.4475,770.175,29.435053615707623,17.622500000000002,47.71914724151619,11.801525804235615,1.7796442563908641e+18,1.7796341738714079e+18
1779641322531838264,11.724,1.4475,711.975,29.457695021155956,17.57,47.72937573572262,11.80186542531734,1.7796443001188037e+18,1.7796340715146883e+18
1779641322932108375,11.736,1.4625,534.375,29.47998016857239,17.57,47.73946775796914,11.802199702528586,1.7796443452603164e+18,1.7796339658474703e+18
1779641323332522772,11.736,1.4975,1630.775,29.498112924801895,17.412499999999998,47.747651150099124,11.802471693872029,1.7796443918817165e+18,1.779633856708976e+18
1779641323732772017,11.74,1.3825,61.525,29.510380944762865,17.36,47.7531919226559,11.802655714171443,1.7796444397314276e+18,1.7796337446834355e+18
1779641324133157404,11.744,1.4825,187.75,29.520504449074092,17.325,47.75775497051646,11.802807566736112,1.7796444891536479e+18,1.7796336289587459e+18
1779641324533408573,11.744,1.5325,572.95,29.529500055259373,17.325,47.76180128541241,11.802942500828891,1.7796445400261878e+18,1.7796335098206134e+18
1779641324933675220,11.748,1.4325,110.1,29.537586231950808,17.22,47.7654556155612,11.803063793479263,1.7796445923892393e+18,1.7796333871690132e+18
1779641325333919933,11.748,1.4825,335.975,29.54729306621246,17.150000000000002,47.769830041668385,11.803209395993187,1.779644646393891e+18,1.7796332606546143e+18
1779641325734078356,11.748,1.4475,1025.3,29.55040445620173,17.150000000000002,47.77165419234963,11.803256066843026,1.779644701796082e+18,1.7796331308423657e+18
1779641326334440219,11.756,1.4825,1490.55,29.554817249338967,16.9225,47.77391367671321,11.803322258740085,1.779644758817335e+18,1.7796329972154102e+18
1779641326734521582,11.76,1.5175,1271.975,29.55603105276616,16.8875,47.78803802358884,11.803340465791493,1.7796448175728957e+18,1.7796328594948265e+18
1779641327134768582,11.756,1.4625,604.95,29.55883031641619,16.747500000000002,47.80479926001806,11.803382454746243,1.7796448781700562e+18,1.7796327174298627e+18
1779641327534875570,11.764,1.5325,207.75,29.615796540233248,16.747500000000002,47.82949234897967,11.8042369481035,1.7796449416543498e+18,1.779632568639579e+18
1779641327935031936,11.768,1.4825,634.0,29.651546102182092,16.485,47.845532982489274,11.804773191532732,1.779645007697188e+18,1.77963241386837e+18
1779641328335493765,11.768,1.4825,296.4,29.678016625999298,16.45,47.8573946902965,11.80517024938999,1.779645076393178e+18,1.7796322528812352e+18
1779641328735773180,11.768,1.4325,904.525,29.697292097611744,16.45,47.86603912849373,11.805459381464177,1.7796451475596943e+18,1.7796320860981414e+18
1779641329136035579,11.768,1.4975,1121.975,29.710602197497877,16.38,47.87199389086724,11.805659032962469,1.7796452211833748e+18,1.7796319135420613e+18
1779641329536650030,11.776,1.4825,147.175,29.72402285169769,16.2925,47.87800401206295,11.805860342775466,1.779645297378526e+18,1.7796317349446863e+18
1779641329936806816,11.772,1.4825,449.125,29.73259293470882,16.2925,47.88185636794649,11.805988894020633,1.7796453763152197e+18,1.779631549898356e+18
1779641330337410368,11.772,1.4475,1370.6,29.73774488988525,16.3275,47.884188458841834,11.80606617334828,1.7796454563652278e+18,1.7796313622306885e+18
1779641330737936441,11.776,1.4475,905.925,29.747035691934137,16.38,47.888365174489365,11.806205535379013,1.7796455388845266e+18,1.7796311687568596e+18
1779641331138230467,11.776,1.4325,1126.25,29.750479939280606,16.38,47.88993887603571,11.80625719908921,1.7796456240789967e+18,1.7796309689824916e+18
1779641331538473859,11.776,1.4325,160.225,29.755332679237917,16.3625,47.89212158945837,11.80632999018857,1.7796457119290191e+18,1.7796307629562401e+18
1779641331938626760,11.776,1.4825,488.95,29.765347675433347,16.502499999999998,47.89685048984844,11.8064802151315,1.7796458026549494e+18,1.7796305501687662e+18
1779641332338890130,11.776,1.4975,1492.15,29.774984993374716,16.502499999999998,47.90139323478809,11.806624774900621,1.7796458962729984e+18,1.779630330581885e+18
1779641332739333634,11.784,1.4325,1276.875,29.80082379886568,16.52,47.912755012835085,11.807012356982986,1.7796459936702653e+18,1.7796301021380342e+18
1779641333139680982,11.784,1.4975,619.9,29.821541659865908,16.52,47.96094058801691,11.807323124897989,1.7796460951069868e+18,1.7796298642170647e+18
1779641333540179204,11.784,1.4975,253.375,29.854418750699857,16.52,47.97243647316805,11.807816281260498,1.779646201052207e+18,1.779629615740488e+18
1779641333940358698,11.784,1.5175,773.225,29.872661817394004,16.17,47.98858136683468,11.80808992726091,1.7796463104416148e+18,1.7796293591888689e+18
1779641334340684213,11.788,1.4975,721.275,29.89318754441238,15.7675,47.999252251001614,11.808397813166186,1.7796464246161556e+18,1.7796290914115308e+18
1779641334740929263,11.788,1.4325,562.75,29.92263666898502,15.7675,48.038205969278906,11.808839550034776,1.779646542265421e+18,1.779628815515637e+18
1779641335141155640,11.784,1.5675,78.975,29.954861359551472,15.4525,48.094276687000765,11.809322920393273,1.7796466660946668e+18,1.779628525140942e+18
1779641335541462075,11.752,2.18,241.0,29.982467052518587,15.120000000000001,48.13257395374535,11.80973700578778,1.7796467951647688e+18,1.779628222493735e+18
1779641335941690664,11.664,4.2325,735.45,30.014386795754465,15.120000000000001,48.174927121962504,11.810201415140563,1.779646931088776e+18,1.7796279037900506e+18
1779641336742871887,11.696,3.215,210.95,30.030474188527688,14.7525,48.170727366502895,11.810426638639388,1.7796470752890132e+18,1.77962756565738e+18
1779641337143270221,11.716,2.9175,643.75,30.05642956075607,14.4375,48.199769428730434,11.810790013850585,1.7796472298849984e+18,1.7796272031254226e+18
1779641337543427658,11.564,6.1325,326.15,30.0832085877805,14.157499999999999,48.23320396092984,11.811164920228927,1.7796473987738819e+18,1.7796268070267648e+18
1779641337943620588,11.476,8.665,995.325,30.123362902660876,14.157499999999999,48.27838506948011,11.811727080637253,1.7796475746762642e+18,1.7796263945372867e+18
1779641338343794773,11.056,17.3975,1399.075,30.145322721451816,13.9825,48.28646991599013,11.812034518100326,1.7796477586834237e+18,1.7796259630560602e+18
1779641338744029906,11.456,8.4825,992.825,30.169010399394384,13.9825,48.307606801244354,11.812366145591522,1.7796479535872824e+18,1.7796255060216453e+18
1779641339144131403,10.964,18.6975,1391.45,30.17657380032229,13.9475,48.28029038521032,11.812472033204513,1.7796481380230932e+18,1.7796250732190753e+18
1779641339544376015,10.836,20.9975,969.55,30.238790497280867,14.052499999999998,48.290173968536656,11.813343066961933,1.7796483365006392e+18,1.7796246075526966e+18
1779641339944716114,10.896,19.6675,1320.425,30.29293541396314,14.052499999999998,48.29990733704121,11.814101095795484,1.779648549629534e+18,1.779624107581429e+18
1779641340745058694,11.648,2.65,658.95,30.32597136426801,14.4725,48.313126850715776,11.814563599099753,1.779648779612137e+18,1.7796235680755205e+18
1779641341145369296,11.468,7.015,372.55,30.362691187670123,14.4725,48.329298973764566,11.815077676627382,1.7796490281122353e+18,1.7796229851350735e+18
1779641341545673968,11.416,7.6175,1136.925,30.38173665024084,14.367500000000001,48.339946473814265,11.815344313103372,1.779649295609224e+18,1.779622357590323e+18
1779641341945769034,9.964,39.7825,192.8,30.394119100545055,14.367500000000001,48.30994556154781,11.815517667407631,1.7796495835455066e+18,1.779621682036108e+18
1779641342345986944,10.004,38.2475,588.375,30.40986805187249,14.4725,48.29997670157643,11.815738152726215,1.7796498950364585e+18,1.7796209511618826e+18
1779641342746219530,9.868,41.1675,157.175,30.421341068743637,14.944999999999999,48.28500738244878,11.815898774962411,1.779650232801799e+18,1.7796201585645166e+18
1779641343146399107,10.296,30.685,479.65,30.43794281781981,14.944999999999999,48.305939959555566,11.816131199449478,1.779650602198388e+18,1.779619291667113e+18
1779641343546508249,9.728,44.3,1463.775,30.437510226891398,15.540000000000001,48.279199547467705,11.81612514317648,1.7796510031116593e+18,1.7796183506973258e+18
1779641343946765317,9.628,46.1925,190.275,30.43722232747788,16.0825,48.25714844392324,11.81612111258469,1.779651440251367e+18,1.7796173245839237e+18
1779641344347018898,9.728,43.0825,355.625,30.44701103624347,16.625,48.265651482003115,11.816258154507409,1.7796519256338204e+18,1.7796161850964508e+18
1779641344747674540,9.652,44.7325,1085.275,30.45324915471972,16.625,48.270828377593354,11.816345488166077,1.7796524638848215e+18,1.77961492136523e+18
1779641345148092438,9.9,39.7175,35.175,30.454595584663135,17.185000000000002,48.27104145050258,11.816364338185284,1.7796530546714266e+18,1.779613534194298e+18
1779641345548315997,11.46,2.9175,107.325,30.36433799785104,17.675,48.23625582539947,11.815100731969915,1.7796536767323904e+18,1.7796120731854218e+18
1779641345948554857,11.596,1.4325,327.525,30.290848165977767,17.8675,48.20506794658744,11.81407187432369,1.7796543410243246e+18,1.7796105125842783e+18
1779641346349126638,11.632,1.4825,999.525,30.238430105244525,17.8675,48.182883686754565,11.813338021473424,1.7796550711306778e+18,1.7796087969525988e+18
1779641346749494598,11.656,1.4825,1411.9,30.193671535705597,17.9025,48.1639355194602,11.812711401499879,1.779655874855617e+18,1.7796069079495526e+18
1779641347150066462,11.672,1.4325,1031.975,30.154759505576102,17.8675,48.14742363586891,11.812166633078066,1.7796567809376084e+18,1.7796047779432604e+18
1779641347550568385,11.68,1.4325,1510.925,30.118013547483642,17.6925,48.131828876487695,11.811652189664771,1.7796578056504074e+18,1.7796023686221665e+18
1779641347950766354,11.692,1.4475,1334.175,30.083448093046027,17.5,48.11716767060218,11.811168273302645,1.7796589688743063e+18,1.7795996332061834e+18
1779641348351277778,11.704,1.4625,794.775,30.052570373263322,17.5,48.10410932258434,11.810735985225687,1.7796603062991334e+18,1.7795964877030707e+18
1779641348751684066,11.708,1.5325,787.05,30.02220399396575,17.3425,48.09131598468774,11.810310855915521,1.7796618614333417e+18,1.7795928296949786e+18
1779641349152327193,11.72,1.4825,763.475,30.003288982780475,17.1675,48.08369334853619,11.810046045758927,1.7796636934652493e+18,1.7795885199637402e+18
1779641349552819698,11.712,1.5475,691.525,29.97507799186766,17.1675,48.07269657943445,11.809626169878015,1.7796658781665825e+18,1.7795833800682396e+18
1779641351154979454,11.736,1.4975,136.725,29.977309282634153,16.625,48.07364325010031,11.809659639239513,1.7796685776480074e+18,1.779577028820242e+18
1779641351555371719,11.744,1.4325,417.25,29.96497811068134,16.502499999999998,48.07177740550064,11.80947467166022,1.779671936749697e+18,1.7795691251805804e+18
1779641351955794196,11.748,1.4625,1273.325,29.95968214994958,16.2575,48.083197141140026,11.809395232249244,1.7796762565175258e+18,1.7795589607542897e+18
1779641352356104734,11.744,1.4475,609.075,29.954764275039903,16.2575,48.089137112761094,11.809321464125599,1.7796817883713175e+18,1.7795459439009905e+18
1779641352756345934,11.752,1.5325,220.325,29.959680358668617,16.099999999999998,48.09496844113535,11.80939520538003,1.7796892958877934e+18,1.7795282778790141e+18
1779641353156698780,11.752,1.4475,672.375,29.973939609095552,15.837500000000002,48.09638428450054,11.809609094136434,1.779700228126897e+18,1.779502552931933e+18
1779641353556782190,11.756,1.4625,413.525,29.987986295884923,15.837500000000002,48.09684786913632,11.809819794438274,1.7797173502855508e+18,1.7794622621163548e+18
1779641353957091916,11.76,1.4325,1261.975,29.999415180441297,15.75,48.09682952111604,11.80999122770662,1.7797476058838682e+18,1.77939106627055e+18
1779641354357099938,11.76,1.4625,574.425,30.037954451646577,15.662499999999998,48.09931697320148,11.810531362323053,1.7798172584990787e+18,1.7792271648922225e+18
1779641354757363477,11.772,1.4825,114.6,30.0535162541917,15.662499999999998,48.10428016958884,11.810749227558684,1.7801390136375163e+18,1.778470033853141e+18
1779641355157640529,11.764,1.4825,349.725,30.073584618814618,15.522499999999999,48.10162021110919,11.811030184663405,1.779030694796349e+18,1.7810780494885827e+18
1779641355557834152,11.772,1.4475,1067.275,30.08279707964043,15.522499999999999,48.1131334088169,11.811159159114966,1.7794505047198822e+18,1.7800901839654912e+18
1779641355957960875,11.772,1.4975,1618.65,30.098449588115685,15.469999999999999,48.128731281978006,11.81137829423362,1.7795279378793587e+18,1.7799079741331884e+18
1779641356358137894,11.772,1.4475,24.525,30.115670274456726,15.487499999999999,48.148081245570246,11.811619383842395,1.7795604808859553e+18,1.7798313965256696e+18
1779641356758387285,11.772,1.4975,74.825,30.13013685015752,15.487499999999999,48.156602461831696,11.811821915902206,1.779578411731859e+18,1.7797892031840806e+18
1779641357158723876,11.776,1.5175,228.325,30.14734690886531,15.504999999999999,48.16936863484128,11.812062856724115,1.7795897924874112e+18,1.779762422987875e+18
1779641357558908169,11.776,1.4475,696.775,30.158724885202794,15.487499999999999,48.15626909408715,11.81222214839284,1.7795976573031892e+18,1.7797439163315013e+18
1779641357959074151,11.776,1.4975,487.975,30.17651253597885,15.487499999999999,48.17352985153593,11.812471175503704,1.7796034395982817e+18,1.7797303100764856e+18
1779641358359357866,11.784,1.4625,1489.175,30.19349506716969,15.4525,48.17393840770909,11.812708930940376,1.7796078668475576e+18,1.7797198924038853e+18
1779641358759684053,11.784,1.4625,1267.8,30.208526179635374,15.4525,48.16343068158486,11.812919366514896,1.7796113479027034e+18,1.7797117012788234e+18
1779641359159867751,11.784,1.4975,592.2,30.226919769870676,15.382499999999999,48.17486128099459,11.81317687677819,1.7796141602600182e+18,1.7797050836365448e+18
1779641359560274390,11.788,1.4475,168.85,30.245883559272592,15.295,48.16071259370417,11.813442369829817,1.7796164713267804e+18,1.7796996455370437e+18
1779641359960590405,11.788,1.4325,515.275,30.273137599889548,15.295,48.20085722923017,11.813823926398454,1.7796184272198026e+18,1.779695043122692e+18
1779641360360969267,11.788,1.4475,1572.475,30.298969871224894,15.224999999999998,48.238644913070395,11.814185578197149,1.7796200986678313e+18,1.779691109982088e+18
1779641360761122938,11.788,1.4475,1522.0,30.31538884261018,15.067499999999999,48.239886099559655,11.814415443796543,1.7796215142708e+18,1.779687778840777e+18
1779641361161699671,11.788,1.4825,1367.975,30.32908959724676,15.067499999999999,48.22431965921767,11.814607254361455,1.7796227381161124e+18,1.7796848989459727e+18
1779641361562184861,11.792,1.5475,897.925,30.34936577044054,14.84,48.229861382378985,11.814891120786168,1.7796238128277028e+18,1.7796823699601408e+18
1779641361962751056,11.792,1.4325,1101.825,30.368503307318925,14.84,48.24086197764761,11.815159046302465,1.7796247662691261e+18,1.7796801263352776e+18
1779641362363496708,11.792,1.5175,85.7,30.384224695914455,14.629999999999999,48.2290672627414,11.815379145742803,1.779625614228013e+18,1.779678130932728e+18
1779641362763908886,11.792,1.5175,261.525,30.404800892953872,14.455,48.24183909305996,11.815667212501355,1.7796263718670203e+18,1.7796763480328018e+18
1779641363164391901,11.792,1.4825,797.2,30.423291239857377,14.174999999999999,48.248221450941465,11.815926077358004,1.7796270553327296e+18,1.7796747396672522e+18
1779641363564594488,11.8,1.5325,794.45,30.441976148717266,14.174999999999999,48.235466387934174,11.816187666082042,1.7796276706664343e+18,1.7796732916001677e+18
1779641363965021982,11.792,1.4475,786.05,30.455613714604123,13.8775,48.19833517067094,11.816378592004458,1.77962822733659e+18,1.7796719815815089e+18
1779641364365690109,11.796,1.4975,760.425,30.46379053781427,13.65,48.12580988334439,11.8164930675294,1.779628732614274e+18,1.7796707925267433e+18
1779641364766433748,11.796,1.5175,682.225,30.478616082841835,13.65,48.09708562499249,11.816700625159786,1.779629193527138e+18,1.7796697078592476e+18
1779641365166970430,11.804,1.5175,443.575,30.493958752541122,13.405000000000001,48.054816503161206,11.816915422535576,1.779629615607459e+18,1.779668714557689e+18
1779641365567239821,11.804,1.5175,1353.675,30.514571320353856,13.405000000000001,48.049081186688845,11.817203998484954,1.779630003704142e+18,1.7796678011863631e+18
1779641365967829003,11.804,1.4975,968.625,30.553741554163373,13.299999999999999,48.024071304757705,11.817752381758288,1.7796303656759427e+18,1.779666949188951e+18
1779641368970754106,11.804,1.4625,1317.6,30.573790489851135,13.1075,47.99923451981247,11.818033066857916,1.7796307012833654e+18,1.7796661592215314e+18
1779641369370963327,11.804,1.4825,744.175,30.59891124915814,13.1075,47.96808065002966,11.818384757488214,1.779631012463255e+18,1.7796654266886484e+18
1779641369771213867,11.804,1.4825,632.625,30.654982643253817,12.862499999999999,47.966022660473435,11.819169757005554,1.779631307899534e+18,1.7796647310638958e+18
1779641370171583478,11.8,1.4625,292.2,30.71902510641144,12.862499999999999,47.987285417060406,11.82006635148976,1.7796315906203497e+18,1.7796640652150088e+18
1779641370571846922,11.808,1.4625,891.7,30.779217400752792,12.6175,48.008620381299515,11.82090904361054,1.779631859929586e+18,1.7796634308001272e+18
1779641370972241193,11.804,1.4825,1082.85,30.835273415082945,12.32,48.03031158420516,11.821693827811162,1.7796321149843704e+18,1.7796628298171802e+18
1779641371372780158,11.808,1.4625,27.775,30.889381757091897,12.32,48.05309119458079,11.822451344599287,1.7796323558856965e+18,1.7796622620371423e+18
1779641371773002486,11.812,1.4625,84.75,30.93912618346704,12.32,48.0741616519109,11.823147766568539,1.77963258336894e+18,1.7796617257511173e+18
1779641372173443947,11.808,1.4825,258.625,30.983772229395093,11.917499999999999,48.09299081912165,11.823772811211532,1.7796327882342725e+18,1.7796612425273864e+18
1779641372573921190,11.808,1.4975,789.25,31.025964743426382,11.917499999999999,48.11078636226663,11.82436350640797,1.7796329778335813e+18,1.779660795131693e+18
1779641372974340516,11.808,1.5175,770.175,31.063078311417428,11.479999999999999,48.12637580664865,11.824883096359844,1.779633151271214e+18,1.7796603856659164e+18
1779641373374760172,11.808,1.4825,711.975,31.097524047450968,11.479999999999999,48.140916893571074,11.825365336664314,1.7796333107338212e+18,1.7796600090019082e+18
1779641373774962074,11.804,1.4825,534.375,31.129623123363043,11.1475,48.15449126675431,11.825814723727083,1.7796334588459786e+18,1.779659658988266e+18
1779641374175101651,11.812,1.4825,1630.775,31.161926187797448,11.1475,48.16810880191237,11.826266966629165,1.7796335977495995e+18,1.7796593305985777e+18
1779641374575432110,11.812,1.4825,61.525,31.191237125811572,10.6925,48.18046797976689,11.826677319761362,1.7796337310069064e+18,1.779659015499189e+18
1779641374976050055,11.808,1.5175,187.75,31.22002172118524,10.6925,48.19257668941664,11.827080304096594,1.7796338571322785e+18,1.7796587171608118e+18
1779641375776814577,11.812,1.5175,110.1,31.24908035330268,10.2725,48.204805338057604,11.827487124946238,1.7796339808790492e+18,1.7796584244595154e+18
1779641376177197625,11.816,1.4625,335.975,31.279607177696576,10.2725,48.21773602353045,11.827914500487752,1.7796341011764972e+18,1.779658139894115e+18
1779641376577857153,11.808,1.5825,1025.3,31.306795317849776,9.6775,48.22910767876399,11.828295134449897,1.779634219098621e+18,1.7796578609635443e+18
1779641376978282621,11.688,3.8675,1490.55,31.328875545169197,9.6775,48.23635580057835,11.82860425763237,1.7796343348208225e+18,1.7796575872732636e+18
1779641377378780086,10.804,23.6,1271.975,31.340701426712812,9.205,48.19422364645219,11.82876981997398,1.7796344474821215e+18,1.779657320864103e+18
1779641377779313889,11.272,11.98,604.95,31.34776015534299,9.205,48.19318285752194,11.828868642174802,1.7796345554852365e+18,1.7796570654746214e+18
1779641378180043746,11.048,16.8325,207.75,31.355576129933702,9.205,48.18785999958702,11.828978065819072,1.7796346550830615e+18,1.7796568298392453e+18
1779641378580367385,10.68,24.3325,634.0,31.35528112634554,9.1,48.17782770721141,11.828973935768838,1.779634748259287e+18,1.7796566093369518e+18
1779641379181229013,10.408,29.5475,296.4,31.355547793042014,9.1,48.17663916122053,11.828977669102589,1.779634835409011e+18,1.7796564030309422e+18
1779641380582673496,10.204,33.565,904.525,31.353668184558934,9.467500000000001,48.18035534151337,11.828951354583825,1.779634917347629e+18,1.7796562090132419e+18
1779641380983320094,10.132,34.6825,1121.975,31.353221433202897,9.467500000000001,48.19517341594373,11.828945100064841,1.7796349941352596e+18,1.779656027129164e+18
1779641381583902918,10.164,33.7675,147.175,31.350766442719994,10.2025,48.2148510559843,11.82891073019808,1.7796350677347384e+18,1.7796558527990781e+18
1779641381984437286,10.732,21.265,449.125,31.34008147076642,10.2025,48.23431435913884,11.82876114059073,1.7796351377116242e+18,1.7796556870509322e+18
1779641382384677001,10.68,22.0175,1370.6,31.32711535115364,11.112499999999999,48.25874180868341,11.828579614916151,1.7796352041230036e+18,1.7796555297492127e+18
1779641382784851169,11.524,3.9825,905.925,31.282473098320693,11.112499999999999,48.244155455509684,11.82795462337649,1.7796352704627873e+18,1.7796553728354796e+18
1779641383185079162,11.476,5.6325,1126.25,31.251894980403847,11.9,48.23649605671851,11.827526529725654,1.779635335486776e+18,1.7796552191629763e+18
1779641383985636495,11.652,2.23,488.95,31.21644728957765,12.6525,48.22200831459586,11.827030262054087,1.7796353981399224e+18,1.7796550711955612e+18
1779641384385909328,11.28,10.2325,1492.15,31.193476121238096,12.6525,48.21991112387898,11.826708665697334,1.7796354592122542e+18,1.7796549270528133e+18
1779641384786213291,10.216,34.1475,1276.875,31.18190363973131,13.3525,48.195537369836714,11.826546650956239,1.7796355192507497e+18,1.7796547854271852e+18
1779641385186384517,9.9,40.6825,619.9,31.167521325073103,14.209999999999999,48.16777466965511,11.826345298551024,1.7796355776406894e+18,1.7796546477522243e+18
1779641385586607626,9.796,41.2825,253.375,31.165459726396314,14.209999999999999,48.193019474850324,11.826316436169549,1.7796356346306396e+18,1.7796545134139963e+18
1779641385986701799,9.668,45.015,773.225,31.15346614528875,14.9975,48.18058125812561,11.826148526034043,1.7796356897409313e+18,1.779654383549686e+18
1779641386386927553,9.764,42.5175,721.275,31.14554607797883,15.557500000000001,48.18551349805153,11.826037645091704,1.7796357428792673e+18,1.7796542583590572e+18
1779641386787140619,9.64,45.3325,562.75,31.133707824952584,15.557500000000001,48.181629677497554,11.825871909549337,1.779635793857054e+18,1.779654138285779e+18
1779641387187611687,9.7,43.6,78.975,31.12856386228851,16.2225,48.19432126609573,11.82579989407204,1.7796358433220547e+18,1.7796540218039593e+18
1779641387587818151,9.612,45.3475,241.0,31.123151965470075,16.73,48.20902683866291,11.825724127516581,1.779635891134342e+18,1.7796539092360635e+18
1779641387988133210,9.704,43.235,735.45,31.11532671769993,16.73,48.2265986673506,11.8256145740478,1.7796359372907676e+18,1.779653800591871e+18
1779641388388470135,9.7,43.4825,210.95,31.105782327181245,17.814999999999998,48.238302865095825,11.825480952580538,1.779635981579331e+18,1.7796536963641226e+18
1779641388788828683,11.416,3.9825,643.75,31.00882404853487,18.3225,48.205516883927196,11.824123536679489,1.7796360194854643e+18,1.7796536072334838e+18
1779641389189147145,11.388,5.2475,326.15,30.92550192088772,18.3925,48.18019733224575,11.822957026892428,1.779636051915262e+18,1.779653531050177e+18
1779641389589673061,11.504,3.7325,995.325,30.85816179094994,18.3925,48.15653021675421,11.8220142650733,1.77963607989119e+18,1.7796534653929603e+18
1779641389990246090,11.576,2.5475,1399.075,30.792151761573663,18.3925,48.13105930325695,11.821090124662032,1.779636103519304e+18,1.779653410004045e+18
1779641390390835467,11.632,1.9825,992.825,30.7359000167274,18.287499999999998,48.10854093396897,11.820302600234184,1.7796361236083256e+18,1.779653362977549e+18
1779641390791248570,11.652,1.65,1391.45,30.68181340768156,18.147499999999997,48.086469649231844,11.819545387707542,1.7796361402733263e+18,1.7796533240358454e+18
1779641391191954595,11.68,1.4825,969.55,30.633171635458783,18.0775,48.0664888624818,11.818864402896423,1.779636153458444e+18,1.779653293291651e+18
1779641391592221137,11.688,1.4325,1320.425,30.587384949740997,18.060000000000002,48.047625930092096,11.818223389296374,1.7796361645283868e+18,1.779653267569504e+18
1779641391992705128,11.696,1.4975,752.8,30.545282427973127,18.060000000000002,48.03031202332149,11.817633953991624,1.7796361740527032e+18,1.7796532455378967e+18
1779641392393203788,11.716,1.415,372.55,30.511417562896764,17.727500000000003,48.016299888800695,11.817159845880555,1.7796361825275638e+18,1.779653226025805e+18
1779641392793756772,11.716,1.4825,1136.925,30.4779682738491,17.675,48.00252033010977,11.816691555833888,1.7796361904025564e+18,1.7796532079889132e+18
1779641393194365449,11.724,1.4625,192.8,30.447048644643928,17.675,47.989791896080945,11.816258681025015,1.7796361978216128e+18,1.7796531910867812e+18
1779641393594957032,11.728,1.4975,588.375,30.416552168679708,17.4475,47.97726061408416,11.815831730361516,1.7796362045246372e+18,1.7796531759214426e+18
1779641393995319317,11.728,1.4475,157.175,30.383395024818817,17.2025,47.9636243176495,11.815367530347464,1.7796362119714734e+18,1.7796531591147848e+18
1779641394395688978,11.736,1.4625,479.65,30.35519018179122,17.115,47.95198008922423,11.814972662545077,1.7796362202116948e+18,1.7796531405403305e+18
1779641395196183096,11.736,1.4975,1190.275,30.328962142899492,16.9575,47.941169725261034,11.814605470000593,1.779636228219682e+18,1.7796531225754417e+18
1779641395596314191,11.744,1.4625,355.625,30.304075381887007,16.87,47.93089528561864,11.814257055346419,1.7796362368213622e+18,1.779653103297007e+18
1779641395996613954,11.748,1.4625,1085.275,30.280637734063077,16.87,47.92164814269196,11.813928928276884,1.7796362459782863e+18,1.7796530827904276e+18
1779641396596910769,11.748,1.4975,35.175,30.263067600127496,16.8,47.91472595250079,11.813682946401785,1.7796362566083182e+18,1.779653058919788e+18
1779641396997079754,11.752,1.4325,107.325,30.24307047995466,16.485,47.907578616996275,11.813402986719366,1.7796362685179005e+18,1.77965303213546e+18
1779641397397255310,11.752,1.4975,327.525,30.22550527473569,16.485,47.902671738591195,11.8131570738463,1.7796362809884485e+18,1.779653004095739e+18
1779641397797563754,11.752,1.4825,999.525,30.21190034958136,16.397499999999997,47.89844477466262,11.81296660489414,1.779636294545333e+18,1.7796529735763297e+18
1779641398197846146,11.76,1.4625,1411.9,30.199281037852955,16.1175,47.894431252716714,11.812789934529942,1.7796363121108444e+18,1.779652933807362e+18
1779641398598056128,11.764,1.2625,1031.975,30.183865096055822,16.1175,47.900916782983685,11.812574111344782,1.7796363318927836e+18,1.779652888944979e+18
1779641399398694172,11.772,1.4625,787.05,30.194838592441293,15.364999999999998,47.90550923341911,11.812727740294179,1.779636353501991e+18,1.779652839838403e+18
1779641399798932302,11.772,1.415,763.475,30.19568672904085,15.364999999999998,47.90716207957258,11.812739614206572,1.7796363763579628e+18,1.7796527878476045e+18
1779641400199225326,11.772,1.4325,691.525,30.19861727755163,15.102500000000001,47.91499162330379,11.812780641885723,1.7796363992922355e+18,1.7796527356732027e+18
1779641400599581043,11.78,1.4625,471.95,30.210810329873976,14.8925,47.93181642236757,11.812951344618236,1.779636422686014e+18,1.779652682412529e+18
1779641400999917045,11.772,1.4625,1440.275,30.222257004522117,14.8925,47.96604437274576,11.81311159806331,1.7796364461561551e+18,1.779652628954669e+18
1779641401400209214,11.776,1.5325,1118.55,30.23542916356055,14.594999999999999,47.97639104973107,11.813296008289848,1.7796364672655857e+18,1.7796525809371604e+18
1779641401800483535,11.68,3.8825,136.725,30.26665942132365,14.315,47.978999947087004,11.813733231898532,1.7796364892505874e+18,1.7796525308304494e+18
1779641402200726814,11.652,4.1975,417.25,30.281322452829716,14.315,47.98238729231066,11.813938514339617,1.7796365114392945e+18,1.7796524802266442e+18
1779641402601091817,11.684,3.15,1273.325,30.312049972122278,13.9475,47.985411782265935,11.814368699609712,1.7796365311994225e+18,1.779652435183388e+18
1779641403001405860,10.86,20.6825,609.075,30.318724560811138,13.9475,47.9758130582339,11.814462143851356,1.779636549886192e+18,1.779652392616331e+18
1779641403402226991,10.58,25.8825,220.325,30.357589623954524,13.6325,47.98627281270487,11.815006254735364,1.7796365689638098e+18,1.7796523490687933e+18
1779641403802459518,10.772,22.2,672.375,30.36101489760248,14.0,48.00259324181509,11.815054208566435,1.7796365872300178e+18,1.7796523073990113e+18
1779641404203057584,11.568,3.53,413.525,30.337854864385157,14.0,48.018826793291566,11.814729968101393,1.7796366030443507e+18,1.7796522714580298e+18
1779641404603816635,10.892,19.0,1261.975,30.337144944954233,13.8075,48.02485164355172,11.81472002922936,1.779636617675972e+18,1.7796522382608527e+18
1779641405004136141,10.904,17.8675,574.425,30.330386599467303,13.8075,48.01849489608846,11.814625412392543,1.7796366301529746e+18,1.7796522100678047e+18
1779641405805360342,10.804,19.93,114.6,30.32043326809309,13.667499999999999,48.018828536575136,11.814486065753304,1.779636641159822e+18,1.7796521853080906e+18
1779641406406069737,10.76,21.2325,349.725,30.31737045827818,13.685,48.03224813571838,11.814443186415895,1.7796366507338373e+18,1.7796521638768087e+18
1779641406806489516,10.832,19.535,1067.275,30.318753230754382,13.685,48.06709855388515,11.814462545230562,1.7796366598740032e+18,1.7796521434503304e+18
1779641407407285317,11.52,3.715,24.525,30.27927421603101,13.5975,48.01415422277151,11.813909839024435,1.779636666677258e+18,1.779652128519249e+18
1779641407807710749,10.256,32.6825,74.825,30.32511347172396,13.545,48.02702146091468,11.814551588604136,1.779636675154082e+18,1.7796521096257318e+18
1779641408208168886,10.308,31.1,228.325,30.364612913882315,13.545,48.049285347441376,11.815104580794353,1.7796366833529723e+18,1.7796520912967068e+18
1779641408808761329,11.432,4.9,696.775,30.344586110564904,13.5625,48.04832696050489,11.81482420554791,1.779636689104934e+18,1.7796520786746388e+18
1779641409209174855,10.932,17.2825,487.975,30.36393137336991,13.5275,48.06871573743379,11.81509503922718,1.779636696000233e+18,1.779652063372962e+18
1779641409609484975,10.488,27.2175,1489.175,30.385900440168037,13.5275,48.08501951485108,11.815402606162353,1.779636702784129e+18,1.7796520482875397e+18
1779641410009820688,10.036,36.9475,1267.8,30.405784626857987,13.4925,48.094804406127594,11.815680984776012,1.7796367084614054e+18,1.7796520357234004e+18
1779641410410349676,10.064,35.785,592.2,30.42657896794436,13.4925,48.1182801754886,11.815972105551221,1.7796367139397427e+18,1.77965202358059e+18
1779641410811185750,9.792,41.265,168.85,30.44496616586974,13.7025,48.14691960481561,11.816229526322177,1.7796367190970202e+18,1.7796520121465444e+18
1779641411211647596,10.148,33.3325,515.275,30.453640371335016,14.087500000000002,48.177832433874265,11.81635096519869,1.779636723536349e+18,1.7796520023585375e+18
1779641411612021144,9.836,40.8,1572.475,30.455266778783734,14.087500000000002,48.18615577285933,11.816373734902973,1.7796367292349773e+18,1.7796519896622108e+18
1779641412012332710,9.824,41.0325,1522.0,30.458675588015954,14.42,48.19534558976883,11.816421458232224,1.7796367357509076e+18,1.7796519750757563e+18
1779641412412631118,9.816,41.7175,1367.975,30.454793400427793,14.7525,48.18856279680277,11.81636710760599,1.779636742368465e+18,1.7796519602679427e+18
1779641413213132286,11.396,3.8475,1101.825,30.364105364355847,15.155000000000001,48.158024430415104,11.815097475100982,1.7796367453470618e+18,1.7796519540641285e+18
1779641414013696488,10.952,16.215,85.7,30.343847031514375,15.33,48.16491051923058,11.814813858441202,1.7796367473850972e+18,1.7796519500843776e+18
1779641414413963972,11.388,5.43,261.525,30.28082029610158,15.33,48.14691498103516,11.813931484145423,1.7796367469491133e+18,1.7796519519511844e+18
1779641415014392298,11.64,1.4825,797.2,30.233225802701195,14.962500000000002,48.127218996918835,11.813265161237817,1.7796367442161964e+18,1.7796519592261169e+18
1779641415414657683,11.664,1.4625,794.45,30.192430458224308,14.962500000000002,48.11041790580882,11.81269402641514,1.7796367398674941e+18,1.7796519703177088e+18
1779641415814787228,11.676,1.4625,786.05,30.155098630476836,14.665000000000001,48.09508810354434,11.812171380826676,1.7796367337673815e+18,1.779651985531619e+18
1779641416215109675,11.684,1.4625,760.425,30.119810609564755,14.192499999999999,48.08067513065214,11.811677348533907,1.7796367259306442e+18,1.779652004829237e+18
1779641416615387910,11.692,1.4325,682.225,30.08196786210148,14.192499999999999,48.06705379364304,11.811147550069421,1.779636716210112e+18,1.7796520285556605e+18
1779641417015760077,11.7,1.4325,443.575,30.05427868211478,13.825000000000001,48.05617934906546,11.810759901549607,1.7796367051304722e+18,1.779652055478262e+18
1779641417415940203,11.708,1.4325,1353.675,30.03366988365361,13.825000000000001,48.0479266215049,11.810471378371151,1.7796366930347448e+18,1.7796520847903552e+18
1779641417816324293,11.712,1.4825,854.275,30.01799989758768,13.475,48.06730145281087,11.810251998566228,1.7796366797646515e+18,1.779652116847357e+18
1779641418216687214,11.712,1.5675,968.625,30.006908916438572,13.475,48.08194025928289,11.81009672483014,1.7796366655728763e+18,1.7796521510563845e+18
1779641418616937530,11.724,1.4325,1317.6,29.997003765763875,13.2475,48.09480997226018,11.809955056486459,1.7796366505306668e+18,1.77965218725061e+18
1779641419017210317,11.728,1.4475,744.175,29.991198763371496,13.2475,48.10373537776979,11.809867981450573,1.7796366346382587e+18,1.7796522254210532e+18
1779641419417502486,11.724,1.4825,632.625,29.987090096067632,13.1775,48.092596260964804,11.809806351441015,1.7796366179352305e+18,1.7796522654729004e+18
1779641419817745613,11.74,1.4625,292.2,29.98941208951706,13.1775,48.084465619716376,11.809841181342756,1.7796366008263004e+18,1.7796523064580375e+18
1779641420218057049,11.74,1.5175,891.7,30.048436000518468,13.0725,48.10558417359386,11.810678104007259,1.779636585564801e+18,1.7796523430522422e+18
1779641420618236607,11.74,1.4825,1082.85,30.079211074013383,12.950000000000001,48.115008702575416,11.811108955036188,1.7796365710173926e+18,1.7796523779321843e+18
1779641421018581527,11.744,1.7,84.75,30.09550456542153,12.8275,48.1134345293751,11.811337063915902,1.7796365565706696e+18,1.7796524125450268e+18
1779641421418853749,11.744,1.5175,258.625,30.13006050239525,12.8275,48.12580004303203,11.811820847033534,1.779636543020046e+18,1.7796524450146957e+18
1779641421819119276,11.752,1.5175,789.25,30.12993382356046,12.6525,48.130041791710845,11.811819073529847,1.7796365287761825e+18,1.779652479085471e+18
1779641422219310869,11.756,1.5325,770.175,30.137194676349445,12.6525,48.13291653477064,11.811920725468893,1.7796365141479114e+18,1.779652514028269e+18
1779641422619658491,11.72,2.165,711.975,30.14453375743554,12.4775,48.15922381542205,11.812023472604098,1.7796364991681777e+18,1.7796525497667604e+18
1779641423020135070,11.752,1.73,534.375,30.153659519889185,12.4775,48.164345266876396,11.812151233278449,1.7796364839251197e+18,1.7796525860934646e+18
1779641423420408670,11.708,2.4475,1630.775,30.158844087937588,12.25,48.164609896605036,11.812223817231127,1.7796364682347087e+18,1.7796526234417316e+18
1779641423820860144,11.692,2.8825,61.525,30.16479527373102,12.25,48.162562189460914,11.812307133832235,1.7796364521750208e+18,1.779652661629532e+18
1779641424221048210,11.648,3.7325,187.75,30.168784861005406,12.005,48.15273359702658,11.812362988054076,1.779636435811187e+18,1.7796527005106875e+18
1779641424621228257,11.204,13.85,572.95,30.1827597345953,12.005,48.151644243251084,11.812558636284335,1.779636419609362e+18,1.7796527389870106e+18
1779641425021597746,10.744,23.4975,110.1,30.195763735120966,11.9,48.16062025314259,11.812740692291694,1.7796364031399286e+18,1.7796527780523005e+18
1779641425421843302,10.496,28.415,335.975,30.199902230628776,11.9,48.15192741833666,11.812798631228803,1.7796363866108746e+18,1.77965281724583e+18
1779641425822140944,11.436,6.6675,1025.3,30.18345586966235,12.11,48.154034422093886,11.812568382175273,1.7796363681745336e+18,1.7796528608783337e+18
1779641426222417555,11.224,11.415,1490.55,30.165004207372963,12.11,48.11882005018554,11.812310058903222,1.7796363479555146e+18,1.7796529086666627e+18
1779641426622783420,11.104,14.4325,1271.975,30.156804041963913,12.11,48.095120736047626,11.812195256587495,1.7796363266067768e+18,1.779652959080821e+18
1779641427022922049,11.092,14.465,604.95,30.150317291946145,12.11,48.089697689834296,11.812104442087247,1.779636304637207e+18,1.7796530109424182e+18
1779641427423444429,10.136,35.6825,207.75,30.209694954179696,12.2325,48.08074778334448,11.812935729358516,1.7796362846766797e+18,1.7796530580329695e+18
1779641427823728120,10.136,34.5675,634.0,30.254433226076706,12.2325,48.097491464001834,11.813562065165074,1.779636266839833e+18,1.7796531001203203e+18
1779641428223974579,9.92,40.45,296.4,30.303267588541395,12.7225,48.08310465008265,11.81424574623958,1.7796362503652723e+18,1.779653138952276e+18
1779641429024293367,9.916,39.7175,147.175,30.345355290472607,13.86,48.094162761631054,11.814834974066617,1.779636234723632e+18,1.7796531757723528e+18
1779641429424616688,9.932,40.2825,449.125,30.373216259186677,13.86,48.07385046020521,11.815225027628614,1.7796362199333806e+18,1.77965321056335e+18
1779641429824996645,9.896,39.915,1370.6,30.4043762360705,14.4375,48.0871324597169,11.815661267304987,1.7796362061036756e+18,1.7796532430659095e+18
1779641430225276407,9.788,42.6325,1126.25,30.426378868119777,14.9975,48.08307979280739,11.815969304153677,1.7796361930938573e+18,1.7796532736257434e+18
1779641430625614177,9.736,43.5175,160.225,30.443720279417704,15.522499999999999,48.08288700750218,11.816212083911848,1.7796361810075418e+18,1.7796533020147302e+18
1779641431025827993,9.748,43.0675,488.95,30.460492830570864,15.977500000000001,48.088281843811544,11.816446899627993,1.7796361698476321e+18,1.7796533282277164e+18
1779641431425999586,9.712,44.3475,1492.15,30.472344041136026,16.3625,48.07703848776502,11.816612816575905,1.7796361594282378e+18,1.779653352705345e+18
1779641431826204461,9.692,44.4325,1276.875,30.484550753915265,16.3625,48.075552689483544,11.816783710554814,1.779636149520694e+18,1.7796533759745288e+18
1779641432226447928,9.988,37.235,619.9,30.497114393072987,16.8875,48.0983598042338,11.816959601503022,1.7796361361073006e+18,1.7796534073004344e+18
1779641432626658379,10.852,17.2825,253.375,30.48105095394835,17.290000000000003,48.11875225809389,11.816734713355277,1.7796361192337405e+18,1.7796534466424724e+18
1779641433026974831,11.34,6.4,773.225,30.43235582038978,17.36,48.109450668823555,11.816052981485457,1.7796360983390275e+18,1.7796534953689485e+18
1779641433427142208,11.596,1.765,721.275,30.380914844779948,17.36,48.088927048819926,11.81533280782692,1.7796360736506276e+18,1.7796535529609874e+18
1779641433827384762,11.636,1.3825,562.75,30.3370292680307,17.150000000000002,48.07085632798724,11.81471840975243,1.7796360456322606e+18,1.7796536183314826e+18
1779641434227743347,11.656,1.4625,78.975,30.30380383295776,16.87,48.05727259805471,11.814253253661409,1.7796360155031703e+18,1.7796536886444385e+18
1779641434628343280,11.664,1.4475,241.0,30.269919392083274,16.87,48.04339590178259,11.813778871489166,1.779635982674147e+18,1.779653765260307e+18
1779641435028887780,11.676,1.5325,735.45,30.24179148737336,16.59,48.031949883954546,11.813385080823227,1.7796359480940378e+18,1.7796538459785024e+18
1779641435429326250,11.68,1.3975,606.0,30.212838109713005,16.345,48.020049579051346,11.812979733535983,1.7796359116894216e+18,1.779653930971043e+18
1779641435829773344,11.688,1.4325,210.95,30.18694370691197,16.345,48.009437119648304,11.812617211896768,1.7796358734501489e+18,1.7796540202542587e+18
1779641436230110312,11.7,1.5675,326.15,30.169484112043936,15.7675,48.00234362869472,11.812372777568616,1.7796358341664223e+18,1.7796541119874253e+18
1779641436630392334,11.708,1.4325,995.325,30.148576031457207,15.7675,47.99378071463632,11.812080064440401,1.7796357937741988e+18,1.7796542063273848e+18
1779641437030882889,11.712,1.4325,1399.075,30.126985981331984,15.4525,47.98495153576909,11.811777803738648,1.7796357518554194e+18,1.7796543042393556e+18
1779641437431190744,11.716,1.5175,992.825,30.11151309119712,15.155000000000001,47.9786380480134,11.81156118327676,1.7796357091904978e+18,1.7796544039111834e+18
1779641437831520178,11.72,1.4625,1391.45,30.091903224937923,15.155000000000001,47.970639526496,11.811286645149131,1.7796356657198236e+18,1.7796545054914867e+18
1779641438231976167,11.724,1.4625,969.55,30.073270472595993,14.822500000000002,47.963024710414246,11.811025786616344,1.7796356181032748e+18,1.779654616677537e+18
1779641438632361675,11.728,1.4625,1320.425,30.056296410206436,14.4025,47.956088518685874,11.81078814974289,1.7796355675122511e+18,1.779654734766399e+18
1779641439032936039,11.736,1.4975,658.95,30.044311675921705,14.14,47.95117738427728,11.810620363462904,1.779635514882509e+18,1.7796548575895378e+18
1779641439433325395,11.74,1.4325,372.55,30.031423990746784,14.14,47.94591786989392,11.810439935870455,1.7796354605120123e+18,1.779654984463481e+18
1779641439833898005,11.736,1.5175,1136.925,30.01554690182307,13.545,47.93943366568304,11.810217656625523,1.7796354047173868e+18,1.779655114667366e+18
1779641440234430602,11.748,1.4475,192.8,30.00491144171542,13.545,47.935092904204794,11.810068760184016,1.7796353478022697e+18,1.779655247488554e+18
1779641440634812523,11.752,1.5175,588.375,29.99812625049932,12.967500000000001,47.93224629068208,11.80997189375749,1.7796352919979858e+18,1.7796553777741742e+18
1779641441035519313,11.748,1.4825,157.175,29.98793067353044,12.967500000000001,47.927768556250655,11.809818960102957,1.7796352359056607e+18,1.779655508758305e+18
1779641441435985354,11.752,1.4625,479.65,29.979185771210055,12.46,47.923922364295,11.809687786568151,1.7796351788983677e+18,1.7796556418828262e+18
1779641441836229922,11.752,1.5325,1463.775,29.971724254449395,12.46,47.92062444945113,11.809575863816741,1.779635121687988e+18,1.7796557755039027e+18
1779641442636704886,11.756,1.4325,355.625,29.96307294120944,12.215,47.916847808587434,11.809446094118142,1.7796350640338148e+18,1.7796559101889454e+18
1779641443036893775,11.752,1.415,1085.275,29.952279670965066,12.04,47.91214053309731,11.809284195064476,1.779635005892525e+18,1.779656046035873e+18
1779641443437316632,11.764,1.415,35.175,29.94421262985635,12.04,47.908601886422545,11.809163189447846,1.7796349471352847e+18,1.7796561833347581e+18
1779641443837678198,11.764,1.4825,107.325,29.93620962658009,11.987499999999999,47.905108448106766,11.809043144398702,1.7796348862683835e+18,1.7796563255297964e+18
1779641444237971343,11.76,1.4825,327.525,29.92665986541276,11.987499999999999,47.900938152600496,11.808899897981192,1.7796348239480878e+18,1.7796564711135455e+18
1779641444638172897,11.764,1.5325,999.525,29.9192067057462,11.969999999999999,47.897679588180544,11.808788100586193,1.7796347598214956e+18,1.7796566208945925e+18
1779641445038605389,11.74,2.115,1411.9,29.91182097060462,11.969999999999999,47.894194218038045,11.80867731455907,1.7796346941007414e+18,1.7796567743846907e+18
1779641445438899701,11.672,3.13,1031.975,29.898073624862604,11.865,47.88786409445616,11.80847110437294,1.7796346280672942e+18,1.7796569286490716e+18
1779641445839296469,11.692,2.68,1510.925,29.882950033373064,11.865,47.88111018505,11.808244250500596,1.7796345591658621e+18,1.7796570895851832e+18
1779641446239576213,11.324,10.58,1334.175,29.87069682844698,11.8475,47.87356828517919,11.808060452426705,1.7796344883827415e+18,1.7796572549120579e+18
1779641446639937734,11.444,7.9475,794.775,29.855043748699046,11.8475,47.867382922547,11.807825656230486,1.7796344151917542e+18,1.779657425855223e+18
1779641447040345150,10.96,18.7175,787.05,29.847345264017545,11.76,47.85440168411277,11.807710178960264,1.7796343396843433e+18,1.7796576021812378e+18
1779641447440587677,11.22,12.1975,763.475,29.828530747166276,11.76,47.847497658404826,11.807427961207495,1.779634260926325e+18,1.779657786081137e+18
1779641447840832044,10.892,19.1975,691.525,29.8125154594252,11.655000000000001,47.84263851008557,11.807187731891378,1.7796341786116063e+18,1.7796579782550295e+18
1779641448241400106,11.56,5.165,471.95,29.787828651692223,11.655000000000001,47.8392707682145,11.806817429775384,1.779634096267319e+18,1.7796581705983084e+18
1779641448642027098,10.48,28.5825,1440.275,29.77441513656018,11.4275,47.83582255782603,11.806616227048403,1.779634013845522e+18,1.779658363187167e+18
1779641449443255389,10.984,16.765,136.725,29.754020100339957,11.305,47.83557283608029,11.8063103015051,1.7796339295114092e+18,1.7796585602886344e+18
1779641449843873789,10.2,33.4,417.25,29.74579354987121,11.305,47.84645002323801,11.806186903248069,1.779633844523979e+18,1.779658758950448e+18
1779641450244373154,10.208,33.035,1273.325,29.741660677461162,11.515,47.859711438979836,11.806124910161918,1.7796337585440824e+18,1.7796589599423465e+18
1779641450644804966,10.1,34.9325,609.075,29.738631545150962,11.515,47.87921872863917,11.806079473177265,1.7796336644996224e+18,1.7796591795791724e+18
1779641451044946816,10.016,37.25,220.325,29.751037976369616,11.9,47.88702458987641,11.806265569645545,1.7796335645824983e+18,1.779659412754291e+18
1779641451445183296,9.996,36.5675,672.375,29.755877735979226,12.3025,47.913463223909176,11.806338166039689,1.779633457159613e+18,1.7796596632643407e+18
1779641451845416475,9.904,38.8175,413.525,29.76803611417502,12.3025,47.93533261759266,11.806520541712626,1.779633344082015e+18,1.7796599268145733e+18
1779641452245770955,9.956,38.165,1261.975,29.77697834060931,12.775,47.97689061367703,11.80665467510914,1.779633225444267e+18,1.779660203199414e+18
1779641452646000869,9.972,37.8975,574.425,29.78126988738995,12.775,47.99953995569031,11.80671904831085,1.7796331005173742e+18,1.7796604941197906e+18
1779641453046181723,9.932,38.2675,114.6,29.7895241804662,13.229999999999999,48.03663184741741,11.806842862706993,1.7796329699416177e+18,1.779660798085314e+18
1779641453446271988,9.932,38.8175,349.725,29.790937397659008,13.229999999999999,48.02918992866631,11.806864060964886,1.7796328325041423e+18,1.7796611179227876e+18
1779641453846563135,9.856,40.565,1067.275,29.799560462580793,13.719999999999999,48.05840054659104,11.806993406938712,1.7796326896999956e+18,1.7796614501560522e+18
1779641454246754565,11.256,8.1825,1618.65,29.75910330956263,14.280000000000001,48.07501340430533,11.80638654964344,1.7796325353433288e+18,1.7796618092586642e+18
1779641454647034130,11.504,2.6,24.525,29.690235878441058,14.280000000000001,48.0434269033861,11.805353538176616,1.7796323642718428e+18,1.7796622072760635e+18
1779641455047257625,10.876,18.915,74.825,29.686130516738796,14.349999999999998,48.04377667952094,11.805291957751082,1.7796321845291343e+18,1.7796626253964027e+18
1779641455447824181,11.084,12.6675,228.325,29.659101797426196,14.349999999999998,48.04897848205175,11.804886526961393,1.7796319950465203e+18,1.77966306618853e+18
1779641455848057912,11.56,2.765,696.775,29.69373192586879,14.2975,48.0625776589002,11.805405978888032,1.7796318073324777e+18,1.779663502826006e+18
1779641456248351613,11.64,1.4625,487.975,29.711787784377748,14.227500000000001,48.07072000710022,11.805676816765667,1.77963161576536e+18,1.779663948354529e+18
1779641456648561964,11.66,1.4325,1489.175,29.721866215929467,14.227500000000001,48.075180272232714,11.805827993238942,1.7796314202427986e+18,1.7796644030433477e+18
1779641457048712388,11.676,1.4325,1267.8,29.728788919517086,14.0175,48.07823871948407,11.805931833792757,1.779631219131458e+18,1.7796648706790072e+18
1779641457448998365,11.68,1.415,592.2,29.73161322909642,14.0175,48.079493909360885,11.805974198436447,1.779631012038649e+18,1.7796653521885373e+18
1779641457849200467,11.688,1.4625,168.85,29.735376366071314,13.7725,48.08120136496404,11.80603064549107,1.7796308000681756e+18,1.7796658450197898e+18
1779641458249442754,11.696,1.5325,515.275,29.738623205808707,13.545,48.08269645393789,11.806079348087131,1.7796305843792722e+18,1.779666346498315e+18
1779641458649938775,11.7,1.4625,1572.475,29.73703891728801,13.545,48.081986678963446,11.80605558375932,1.7796303636058493e+18,1.7796668598049334e+18
1779641459050087936,11.708,1.4825,1522.0,29.73607075660868,13.4225,48.08153818826363,11.80604106134913,1.7796301373710008e+18,1.779667385810408e+18
1779641459450377501,11.712,1.5325,1367.975,29.73386979403737,13.4225,48.080566380041134,11.806008046910561,1.7796299070130842e+18,1.7796679214311032e+18
1779641459850609242,11.716,1.4625,897.925,29.73381264490501,13.299999999999999,48.08051977123444,11.806007189673576,1.7796296698914427e+18,1.7796684727612547e+18
1779641460250907836,11.72,1.4475,1101.825,29.72652128168491,13.299999999999999,48.077251131339565,11.805897819225274,1.779629425736652e+18,1.779669040465096e+18
1779641460651118502,11.724,1.4475,85.7,29.718880434988698,13.1425,48.07382316708194,11.805783206524831,1.779629169727018e+18,1.779669635695171e+18
1779641461051460187,11.732,1.5175,261.525,29.71359127187801,13.1425,48.07145421452389,11.80570386907817,1.7796289054527936e+18,1.7796702501480799e+18
1779641461451820879,11.728,1.4975,798.1,29.7082072542599,13.020000000000001,48.06904317491954,11.805623108813899,1.7796286433379438e+18,1.7796708597326316e+18
1779641461851933037,11.74,1.5175,797.2,29.703182521765992,13.020000000000001,48.06680468876455,11.80554773782649,1.7796283759455153e+18,1.7796714816407178e+18
1779641462252114282,11.736,1.4475,794.45,29.696842161214505,12.8975,48.063961160891544,11.805452632418218,1.7796280980439232e+18,1.7796721279804718e+18
1779641463052689313,11.744,1.4975,760.425,29.692750546356617,12.6875,48.062123435012246,11.80539125819535,1.7796278092723144e+18,1.7796727995934346e+18
1779641463453263991,11.748,1.5175,682.225,29.689594356789378,12.6875,48.06068973461675,11.805343915351841,1.7796275137649777e+18,1.7796734869082929e+18
1779641463853772785,11.748,1.4475,443.575,29.684558321494286,12.3025,48.05843579035235,11.805268374822415,1.7796272102237786e+18,1.7796741929437025e+18
1779641464254232289,11.756,1.4475,1353.675,29.67756938110739,12.3025,48.055318047462926,11.805163540716611,1.7796268843107538e+18,1.7796749508804365e+18
1779641464654987979,11.756,1.4975,854.275,29.67468356333266,11.8825,48.05402267134353,11.80512025344999,1.7796265445775598e+18,1.7796757409269164e+18
1779641465055479724,11.752,1.4325,968.625,29.66647548026823,11.8825,48.05034437340759,11.804997132204024,1.7796261821381696e+18,1.779676583683773e+18
1779641465455986528,11.764,1.4625,1317.6,29.662659416390298,11.3225,48.048651929933946,11.804939891245855,1.779625802012908e+18,1.7796774675236475e+18
1779641465856430932,11.764,1.4325,744.175,29.65920931754925,11.3225,48.047109886850045,11.80488813976324,1.7796253999078095e+18,1.7796784023910405e+18
1779641466657472758,11.54,6.5825,292.2,29.660512213571316,10.9025,48.04439672132607,11.80490768320357,1.7796249755769068e+18,1.7796793888496545e+18
1779641467057895629,11.004,18.8475,1082.85,29.659621694956495,10.4825,48.02120323811114,11.804894325424348,1.779624525769922e+18,1.7796804344359078e+18
1779641467458200048,10.796,22.3,27.775,29.65023658332856,10.237499999999999,48.0008449069738,11.804753548749929,1.779624041283686e+18,1.7796815605292874e+18
1779641467858428569,11.444,7.315,84.75,29.629862621694087,10.237499999999999,47.99235048865705,11.804447939325412,1.7796235122644823e+18,1.7796827900499412e+18
1779641468258616673,11.628,2.665,258.625,29.591197722528218,10.237499999999999,47.975580964334796,11.803867965837924,1.7796229190427077e+18,1.779684168718875e+18
1779641468658937058,11.072,15.4675,789.25,29.573019254673767,10.2025,47.965553601343366,11.803595288820107,1.7796222651111808e+18,1.7796856883513208e+18
1779641469059100155,10.512,27.25,770.175,29.552497873344592,10.2025,47.95132681906938,11.80328746810017,1.779621545253053e+18,1.7796873611045542e+18
1779641469459421481,10.412,29.815,711.975,29.530608451578928,10.3075,47.9280740201692,11.802959126773684,1.779620752197367e+18,1.7796892038944443e+18
1779641469859712164,10.22,33.515,534.375,29.507458238974543,10.3075,47.9085036742334,11.802611873584619,1.7796198625873137e+18,1.7796912708994522e+18
1779641470259985034,10.104,35.8825,1630.775,29.483226144529866,10.7975,47.8891182643404,11.802248392167948,1.779618856631594e+18,1.7796936080708285e+18
1779641470660222785,10.06,35.9475,61.525,29.461998569095186,10.7975,47.88783941334707,11.801929978536428,1.7796177434548198e+18,1.7796961943701207e+18
1779641471060447384,10.04,36.9975,187.75,29.437269617875046,11.445,47.87263056976275,11.801559044268126,1.7796164960856911e+18,1.7796990924390643e+18
1779641471460862652,9.872,40.5975,572.95,29.408259328925773,11.445,47.85340995964452,11.801123889933887,1.779615081737309e+18,1.7797023784499205e+18
1779641471860970114,10.048,36.5325,110.1,29.383543545602393,12.0225,47.84416058645128,11.800753153184036,1.7796134650803697e+18,1.7797061344228554e+18
1779641472261254977,9.952,38.65,335.975,29.35642004142492,12.7225,47.83181411667489,11.800346300621374,1.7796115996264435e+18,1.7797104683737114e+18
1779641472661416767,9.944,38.3175,1025.3,29.33153203409961,12.6525,47.83004829904783,11.799972980511495,1.7796094441667564e+18,1.7797154761004232e+18
1779641473061631667,9.904,38.565,1490.55,29.31009900973062,13.229999999999999,47.84074739289444,11.79965148514596,1.779606907227495e+18,1.7797213699746547e+18
1779641473462011788,9.96,38.215,1271.975,29.279492834023962,13.229999999999999,47.831502257882,11.79919239251036,1.77960387407333e+18,1.779728416644548e+18
1779641473862157833,11.08,12.035,604.95,29.212483772526742,13.755,47.81731920003083,11.798187256587902,1.7796000715480512e+18,1.7797372508791524e+18
1779641474262306016,10.772,20.415,207.75,29.174394772472382,14.052499999999998,47.8100938491107,11.797615921587086,1.7795952824058276e+18,1.7797483772136172e+18
1779641474662743080,10.74,20.015,634.0,29.126922626147977,14.052499999999998,47.80813415513558,11.79690383939222,1.7795890605008786e+18,1.7797628322961582e+18
1779641475062921955,11.584,1.865,296.4,29.038514850403445,14.087500000000002,47.768825649426184,11.795577722756052,1.7795803840242678e+18,1.7797829903512594e+18
1779641475463119800,11.632,1.4825,904.525,28.962430890807344,14.087500000000002,47.73457811455686,11.79443646336211,1.7795676052048911e+18,1.7798126795999662e+18
1779641475863279795,11.652,1.4475,1121.975,28.89473950461039,13.93,47.70406858091303,11.793421092569156,1.77954709154833e+18,1.7798603394010685e+18
1779641476263517310,11.66,1.4475,147.175,28.831250347765597,13.44,47.67542624828542,11.792468755216484,1.7795082265320376e+18,1.7799506341432799e+18
1779641476663791511,11.668,1.4975,449.125,28.771963649578968,13.44,47.6487254133213,11.791579454743685,1.7794101734455421e+18,1.7801784399806e+18
1779641477064103844,11.684,1.4975,1370.6,28.719685874515765,13.09,47.62517940775859,11.790795288117737,1.778681780436856e+18,1.781870703778746e+18
1779641477464439995,11.692,1.4475,905.925,28.67199487191047,13.09,47.60366698892181,11.790079923078657,1.780058183317144e+18,1.778672936890932e+18
1779641477864814787,11.7,1.4475,1126.25,28.624306239637136,12.844999999999999,47.58215709886825,11.789364593594557,1.779807780149294e+18,1.779254696560839e+18
1779641478264981726,11.704,1.4825,160.225,28.580474170257308,12.844999999999999,47.56241051484159,11.78870711255386,1.779743847938611e+18,1.7794032314652506e+18
1779641478665145910,11.712,1.4475,488.95,28.538052450086397,12.565,47.54327806295747,11.788070786751296,1.7797147494287468e+18,1.7794708376136684e+18
1779641479065645046,11.712,1.4975,1492.15,28.494922721129072,12.565,47.52382908787125,11.787423840816937,1.7796981179241426e+18,1.7795094793158054e+18
1779641479465866723,11.72,1.4625,1276.875,28.455934504611996,12.215,47.50626511830655,11.78683901756918,1.7796875770743716e+18,1.7795339699439944e+18
1779641479866637939,11.72,1.4475,619.9,28.416343513021097,12.215,47.48844455128412,11.786245152695317,1.7796802286011715e+18,1.7795510436910784e+18
1779641480267150664,11.728,1.4825,253.375,28.380599344760476,11.969999999999999,47.47237619738805,11.785708990171408,1.7796748463830436e+18,1.7795635491134994e+18
1779641480667994829,11.732,1.4475,773.225,28.346568165224475,11.969999999999999,47.45705103605253,11.785198522478368,1.779670740223491e+18,1.7795730897835415e+18
1779641481068580049,11.728,1.4975,721.275,28.313566146270524,11.7775,47.44218180238754,11.784703492194058,1.7796675016356977e+18,1.7795806148027302e+18
1779641481469147674,11.736,1.4975,562.75,28.280561938891374,11.7775,47.4273101879965,11.784208429083371,1.7796648780840604e+18,1.7795867109282196e+18
1779641481869678886,11.736,1.4825,78.975,28.247250796911352,11.655000000000001,47.41230378564392,11.78370876195367,1.7796627113923364e+18,1.7795917456332076e+18
1779641482270194340,11.736,1.4475,241.0,28.214300049076904,11.655000000000001,47.39750270819492,11.783214500736154,1.7796608988008612e+18,1.7795959576019e+18
1779641482670973320,11.748,1.415,735.45,28.184205582939185,11.5675,47.384005158993176,11.782763083744088,1.7796593583338693e+18,1.7795995373443679e+18
1779641483071898173,11.744,1.415,606.0,28.15166198769881,11.5675,47.36934412756272,11.782274929815483,1.7796580355335767e+18,1.7796026113394322e+18
1779641483472469720,11.744,1.4975,210.95,28.121991678826372,11.4975,47.35607881322492,11.781829875182396,1.7796568844774807e+18,1.7796052863427694e+18
1779641483872780413,11.748,1.4475,643.75,28.101261517279905,11.4975,47.34897522792799,11.781518922759199,1.7796558785986714e+18,1.779607624072016e+18
1779641484273729513,11.748,1.4325,326.15,28.100865305260267,11.4975,47.381163148885946,11.781512979578904,1.7796549994739208e+18,1.779609667354151e+18
1779641484674484627,11.756,1.4825,995.325,28.103990267078352,11.3225,47.38894842786871,11.781559854006176,1.7796542318115377e+18,1.7796114516211707e+18
1779641485075332707,11.756,1.415,1399.075,28.108575319243254,11.3225,47.40135542399347,11.78162862978865,1.7796535647010604e+18,1.779613002102425e+18
1779641485475937582,11.752,1.4825,992.825,28.120879290803494,11.1825,47.4193276797159,11.781813189362053,1.7796529773779226e+18,1.779614367149677e+18
1779641485876488472,11.756,1.4825,1391.45,28.139205943482473,11.1825,47.43565076307979,11.782088089152237,1.7796524585126694e+18,1.7796155730910684e+18
1779641486477118117,11.764,1.4825,969.55,28.161837663125702,10.955,47.45059777928646,11.782427564946886,1.7796519968222636e+18,1.7796166461699192e+18
1779641486877614214,11.764,1.4825,1320.425,28.183482507760196,10.955,47.45852866013659,11.782752237616403,1.779651583712475e+18,1.779617606355635e+18
1779641487678184080,11.764,1.5175,658.95,28.205157227796988,10.780000000000001,47.46239007350643,11.783077358416955,1.7796512105971366e+18,1.7796184736235287e+18
1779641488078396396,11.76,1.65,372.55,28.23384749357634,10.6925,47.46586385613611,11.783507712403646,1.7796508742702426e+18,1.779619255415263e+18
1779641488478739857,11.74,1.9125,1136.925,28.26064180922269,10.6925,47.4641357690128,11.78390962713834,1.7796505684646572e+18,1.7796199663129715e+18
1779641488878944723,11.696,2.75,192.8,28.304462596385044,10.6925,47.480968742198826,11.784566938945776,1.7796502918594232e+18,1.7796206093978575e+18
1779641489279306261,11.532,5.88,588.375,28.328532907141174,10.342500000000001,47.488423662344886,11.784927993607118,1.7796500382307402e+18,1.7796211991095987e+18
1779641489679673426,10.924,19.415,157.175,28.34955586940027,10.342500000000001,47.48537703841328,11.785243338041004,1.7796498039544796e+18,1.7796217438800732e+18
1779641490079954387,11.66,1.9975,479.65,28.342821011318435,10.29,47.48068408243548,11.785142315169777,1.7796495842220452e+18,1.7796222548448515e+18
1779641490480256764,10.708,23.9175,1463.775,28.350939676099244,10.29,47.4886921961322,11.785264095141489,1.7796493787361623e+18,1.7796227327235679e+18
1779641490880870117,11.196,12.55,1190.275,28.35912178592435,10.4825,47.512321011122644,11.785386826788866,1.779649186217311e+18,1.7796231804872317e+18
1779641491281047720,11.26,11.2675,355.625,28.357653466099514,10.4825,47.497652464877014,11.785364801991493,1.7796490044636964e+18,1.779623603244957e+18
1779641491681168017,10.464,28.9975,1085.275,28.36312430805166,10.657499999999999,47.492662965824245,11.785446864620775,1.7796488331065014e+18,1.7796240018625892e+18
1779641492081463223,10.668,23.4475,35.175,28.362361652567053,10.657499999999999,47.492261333722965,11.785435424788506,1.779648670757614e+18,1.779624379558723e+18
1779641492481758157,10.22,33.38,107.325,28.36305918772605,10.657499999999999,47.48892045239762,11.785445887815891,1.7796485168728205e+18,1.7796247375977462e+18
1779641492881928151,10.192,32.7475,327.525,28.361686987712467,10.9725,47.49520058637485,11.785425304815687,1.7796483704413665e+18,1.7796250783317898e+18
1779641493282308801,10.016,37.235,999.525,28.357258900161312,11.6025,47.48300417042441,11.78535888350242,1.779648230453649e+18,1.7796254041107945e+18
1779641493682537832,9.908,38.2825,1411.9,28.35918233113255,11.6025,47.49628467042615,11.785387734966989,1.7796480971358963e+18,1.7796257144074952e+18
1779641494082722765,9.984,36.8975,1031.975,28.360385826605075,12.1975,47.50782767425342,11.785405787399077,1.779647970161056e+18,1.7796260099745372e+18
1779641494482961175,9.988,37.5175,1510.925,28.430778509087354,12.1975,47.5417050041714,11.78646167763631,1.7796478541372093e+18,1.7796262801430666e+18
1779641494883206540,9.952,37.8325,1334.175,28.489283820195325,12.775,47.57773465203199,11.78733925730293,1.7796477471429896e+18,1.7796265293717332e+18
1779641495283537806,9.88,39.085,794.775,28.53685166007734,12.775,47.61807535018307,11.78805277490116,1.7796476480309345e+18,1.7796267603072187e+18
1779641495683798296,9.932,38.615,787.05,28.57608696611351,13.335,47.6424658247387,11.788641304491703,1.7796475552169318e+18,1.7796269766387028e+18
1779641496084362141,9.884,39.7175,763.475,28.60388856854445,13.965,47.66027690057717,11.789058328528167,1.7796474675259822e+18,1.7796271810885658e+18
1779641496484867737,9.864,39.95,691.525,28.6317888323755,13.965,47.68199178923379,11.789476832485633,1.7796473846588846e+18,1.7796273743496847e+18
1779641496885087438,9.924,38.53,471.95,28.651915736548432,14.245000000000001,47.70272865177905,11.789778736048227,1.7796473058053486e+18,1.779627558300957e+18
1779641497285535256,9.836,40.3325,1440.275,28.670771205822547,14.665000000000001,47.72387149525778,11.790061568087339,1.779647230965654e+18,1.7796277329289564e+18
1779641497685816334,10.0,36.615,1118.55,28.68441400198632,14.665000000000001,47.74607533504514,11.790266210029795,1.7796471593197696e+18,1.779627900146524e+18
1779641498086057919,9.804,40.5325,136.725,28.694786322950993,15.155000000000001,47.771699142958255,11.790421794844265,1.779647090526339e+18,1.779628060744178e+18
1779641498486427883,11.292,7.315,417.25,28.643903958530885,15.487499999999999,47.7577286976079,11.789658559377964,1.7796470207829798e+18,1.779628223540696e+18
1779641498886776518,11.392,5.415,1273.325,28.589046158467756,15.487499999999999,47.73854176598673,11.788835692377017,1.7796469499038876e+18,1.7796283889714708e+18
1779641499287065554,11.52,3.4325,609.075,28.541167147838024,15.242500000000001,47.71892391047161,11.78811750721757,1.7796468784689595e+18,1.779628555690789e+18
1779641499687187920,11.624,1.4625,220.325,28.4956065710031,15.155000000000001,47.69818666885439,11.787434098565047,1.7796468068329395e+18,1.7796287228715087e+18
1779641500087721205,11.64,1.5175,672.375,28.454479545888304,15.155000000000001,47.67951162233615,11.786817193188325,1.779646735410751e+18,1.7796288895491333e+18
1779641500488107985,11.66,1.5175,413.525,28.421431646526266,14.962500000000002,47.66450924757447,11.786321474697894,1.7796466647173453e+18,1.7796290545273892e+18
1779641500888659664,11.668,1.4325,1261.975,28.387254116894717,14.962500000000002,47.64893816576757,11.785808811753421,1.779646594526164e+18,1.7796292183409997e+18
1779641501288986811,11.676,1.4625,574.425,28.35549440327825,14.875,47.63448325979161,11.785332416049174,1.779646525172289e+18,1.7796293802047816e+18
1779641501689429244,11.684,1.4825,114.6,28.326975747415332,14.787499999999998,47.62152245721961,11.78490463621123,1.779646456536893e+18,1.7796295404082522e+18
1779641502090016625,11.688,1.5675,349.725,28.30159872196009,14.787499999999998,47.609985470829486,11.784523980829402,1.7796463886367936e+18,1.7796296989194665e+18
1779641502490276535,11.696,1.4825,1067.275,28.276606482329385,14.735,47.598628272650835,11.784149097234941,1.7796463219539333e+18,1.77962985459857e+18
1779641502890586593,11.7,1.5175,1618.65,28.254423947909693,14.5425,47.588546729578056,11.783816359218646,1.779646256210498e+18,1.7796300081090473e+18
1779641503290845376,11.712,1.4825,24.525,28.233669637611364,14.5425,47.57910051758323,11.783505044564171,1.7796461913143396e+18,1.779630159671921e+18
1779641503691058470,11.708,1.4625,74.825,28.213039715005365,14.4725,47.56962493613805,11.783195595725081,1.7796461277350124e+18,1.779630308174203e+18
1779641504091326575,11.712,1.4825,228.325,28.186989024218132,14.4725,47.55776704646422,11.782804835363272,1.7796460659459858e+18,1.779630452480712e+18
1779641504491609770,11.716,1.4625,696.775,28.16323878799433,14.385000000000002,47.546927846069394,11.782448581819915,1.7796460049684897e+18,1.7796305949153836e+18
1779641504891899333,11.724,1.4975,487.975,28.14339201710899,14.385000000000002,47.5378706188521,11.782150880256635,1.7796459456471933e+18,1.7796307334820442e+18
1779641505292253371,11.72,1.4825,1489.175,28.11733689251957,14.227500000000001,47.526008304146806,11.781760053387794,1.7796458873924564e+18,1.7796308695651722e+18
1779641505692601737,11.732,1.4325,1267.8,28.099068294261357,14.174999999999999,47.51769809247643,11.78148602441392,1.7796458304450237e+18,1.7796310026079252e+18
1779641506092884232,11.732,1.4475,592.2,28.077949873782924,14.174999999999999,47.508137604631955,11.781169248106744,1.7796457760880596e+18,1.779631129555586e+18
1779641506493169177,11.736,1.4975,168.85,28.055712032217226,14.035,47.50012709663626,11.780835680483259,1.7796457228592392e+18,1.7796312538776317e+18
1779641506893567572,11.736,1.3975,515.275,28.037059344951302,14.035,47.493688825372175,11.78055589017427,1.779645670111307e+18,1.779631377115293e+18
1779641507293751718,11.74,1.4825,1572.475,28.028188711518407,13.8775,47.49059241675431,11.780422830672777,1.779645620395725e+18,1.7796314932209935e+18
1779641507694096650,11.74,1.4975,1522.0,28.032264044475195,13.8775,47.50494252219287,11.780483960667128,1.7796455715902193e+18,1.7796316072591352e+18
1779641508094725346,11.74,1.4975,1367.975,28.043445679281646,13.475,47.51751585641865,11.780651685189225,1.7796455246401326e+18,1.7796317169909417e+18
1779641508495448105,11.74,1.5175,897.925,28.051118295386537,13.125,47.53117910034972,11.780766774430798,1.7796454778338532e+18,1.7796318264778844e+18
1779641508896260729,11.744,1.5825,1101.825,28.085748058722075,13.125,47.545753252118374,11.781286220880832,1.779645433573043e+18,1.7796319300497316e+18
1779641509296902099,11.752,1.4825,85.7,28.100997774433914,12.8275,47.55524429511676,11.781514966616509,1.7796453907061998e+18,1.7796320304057825e+18
1779641509697254816,11.748,1.4975,261.525,28.122414154296802,12.8275,47.55993710836432,11.781836212314452,1.7796453500321014e+18,1.779632125649641e+18
1779641510097952673,11.752,1.5175,798.1,28.14521260979739,12.565,47.56414711485362,11.782178189146961,1.779645310934842e+18,1.7796322172449183e+18
1779641510498836212,11.756,1.4825,797.2,28.165713479409558,12.565,47.57065725464682,11.782485702191144,1.7796452738160768e+18,1.7796323042259948e+18
1779641510899631223,11.748,1.4825,794.45,28.184393804628563,12.407499999999999,47.574798811323106,11.782765907069429,1.7796452379977487e+18,1.7796323882000655e+18
1779641511300393145,11.756,1.4475,786.05,28.235610234860125,12.407499999999999,47.595468407862555,11.783534153522902,1.7796452041784735e+18,1.779632467552027e+18
1779641511700876041,11.764,1.5175,760.425,28.258213732471475,12.530000000000001,47.615087298859514,11.783873205987073,1.7796451716110482e+18,1.7796325440094804e+18
1779641512101209719,11.764,1.4975,682.225,28.27958147291251,12.530000000000001,47.626185131262126,11.784193722093688,1.7796451399382246e+18,1.7796326184190894e+18
1779641512501907412,11.76,1.4625,443.575,28.342140368764326,12.2675,47.649396895408024,11.785132105531465,1.7796451101346417e+18,1.7796326885193516e+18
1779641512902222064,11.764,1.4475,1353.675,28.367690944507665,12.2675,47.655484255278374,11.785515364167615,1.7796450808389642e+18,1.779632757493532e+18
1779641513302908144,11.76,1.5475,854.275,28.387497365100536,12.04,47.66404977879439,11.785812460476508,1.7796450527084145e+18,1.7796328237602143e+18
1779641513703032132,11.764,1.4975,968.625,28.408631309168378,12.04,47.67791860487494,11.786129469637526,1.779645026064299e+18,1.7796328865507523e+18
1779641514103906038,11.764,1.4825,1317.6,28.427339198451243,11.7775,47.67984687143308,11.786410087976769,1.7796450006629655e+18,1.7796329464398456e+18
1779641514504759134,11.768,1.5675,744.175,28.446241673596553,11.7775,47.675557658908296,11.786693625103949,1.779644976477811e+18,1.7796330034883315e+18
1779641514905500723,11.776,1.5675,632.625,28.47027102614057,11.515,47.66731006101707,11.787054065392109,1.7796449536334671e+18,1.7796330574034017e+18
1779641515306114873,11.772,1.5325,292.2,28.492559077967343,11.515,47.67420549456084,11.78738838616951,1.7796449321401646e+18,1.7796331081561574e+18
1779641515706673130,11.772,1.5325,891.7,28.514424963453948,11.515,47.68039427881672,11.78771637445181,1.779644911849042e+18,1.779633156097314e+18
1779641516107367788,11.768,1.4825,1082.85,28.537275923789856,11.1475,47.699501156955854,11.788059138856848,1.7796448926816315e+18,1.7796332014133809e+18
1779641516507897433,11.776,1.4325,27.775,28.63524078011092,11.1475,47.73713922291333,11.789528611701664,1.7796448762897633e+18,1.7796332402650634e+18
1779641516908206012,11.772,1.4975,84.75,28.668766684466533,10.64,47.74019926824011,11.790031500266998,1.7796448610401308e+18,1.7796332764556795e+18
1779641517308649381,11.772,1.415,258.625,28.736778524574007,10.64,47.76337585876718,11.79105167786861,1.7796448476631235e+18,1.7796333082870502e+18
1779641517708907688,11.78,1.4975,789.25,28.79207499783327,10.3775,47.788002306466346,11.7918811249675,1.7796448358966395e+18,1.7796333363639076e+18
1779641518109205478,11.776,1.4825,770.175,28.83648839266298,10.3775,47.807806121519924,11.792547325889945,1.7796448253276956e+18,1.7796333616548408e+18
1779641518509385892,11.78,1.4825,711.975,28.877754742288346,10.3775,47.826204983051184,11.793166321134326,1.7796448159089567e+18,1.7796333842661286e+18
1779641518909771224,11.78,1.4325,534.375,28.91497187964736,10.0975,47.84283274654995,11.79372457819471,1.7796448075858396e+18,1.77963340432033e+18
1779641519310086045,11.78,1.4825,1630.775,28.950523840623227,10.0975,47.85869482887623,11.794257857609349,1.7796448003212442e+18,1.7796334219020178e+18
1779641519710406639,11.692,2.9825,61.525,28.97574651740063,9.887500000000001,47.86918431538283,11.79463619776101,1.7796447938735462e+18,1.7796334375730045e+18
1779641520110779790,11.132,15.285,187.75,28.99716402593034,9.887500000000001,47.866688747337925,11.794957460388956,1.7796447880688266e+18,1.7796334517445048e+18
1779641520511054419,11.22,12.85,572.95,29.011562861461165,9.887500000000001,47.86737334087513,11.795173442921918,1.7796447826225382e+18,1.7796334650858916e+18
1779641520911334922,10.668,24.965,110.1,29.019838582828733,9.835,47.85106886800576,11.795297578742431,1.7796447772769114e+18,1.7796334782054482e+18
1779641521311755008,11.372,7.83,335.975,29.005802615049163,9.835,47.84862138404115,11.795087039225738,1.7796447714826225e+18,1.7796334923866253e+18
1779641521712036514,10.9,19.465,1025.3,29.01038410230297,10.237499999999999,47.84253270618527,11.795155761534545,1.779644765673703e+18,1.7796335066169976e+18
1779641522112436951,10.608,24.8825,1490.55,29.010722342133782,10.237499999999999,47.84173148236189,11.795160835132007,1.779644759686251e+18,1.7796335212832479e+18
1779641522512709289,11.62,2.23,1271.975,28.977836122964533,10.762500000000001,47.827456618081804,11.794667541844468,1.779644752755907e+18,1.7796335381694612e+18
1779641522913177217,11.68,1.4975,604.95,28.95326039493924,10.762500000000001,47.81633291540268,11.794298905924089,1.7796447450708262e+18,1.779633556837896e+18
1779641523313774040,11.7,1.4975,207.75,28.937416016673772,11.094999999999999,47.8091552794962,11.794061240250107,1.7796447354334986e+18,1.7796335801763407e+18
1779641523714121130,11.716,1.4625,634.0,28.9216323546651,11.094999999999999,47.802083853938406,11.793824485319977,1.7796447245047437e+18,1.779633606600908e+18
1779641524114403763,11.72,1.5175,296.4,28.911961907994698,11.025,47.79771131454321,11.793679428619921,1.7796447129611223e+18,1.7796336344990382e+18
1779641524514938675,11.728,1.4825,904.525,28.90162006847566,11.025,47.79303751958839,11.793524301027135,1.7796447002870282e+18,1.7796336651074714e+18
1779641524915391606,11.74,1.4475,1121.975,28.893559505049097,10.8675,47.78941334811837,11.793403392575737,1.7796446873358124e+18,1.7796336963816965e+18
1779641525315795880,11.736,1.4825,147.175,28.887146102615617,10.8675,47.786762155269244,11.793307191539235,1.779644673986665e+18,1.779633728614659e+18
1779641525716119724,11.74,1.4825,449.125,28.877681088963364,10.8675,47.78260111924861,11.793165216334451,1.77964466011526e+18,1.77963376210103e+18
1779641526116356760,11.744,1.4975,1370.6,28.874319850035995,10.6925,47.78145542392067,11.79311479775054,1.7796446458878374e+18,1.7796337964509678e+18
1779641526517055087,11.748,1.4975,905.925,28.870932022152168,10.6925,47.780553371559286,11.793063980332283,1.779644631296268e+18,1.7796338316843382e+18
1779641526917640149,11.752,1.65,1126.25,28.873701669802713,10.29,47.78265713889293,11.793105525047041,1.7796446164959839e+18,1.7796338674368297e+18
1779641527317988097,11.704,2.5825,160.225,28.87028383295717,10.29,47.79182982339598,11.793054257494358,1.7796446013391068e+18,1.7796339040550927e+18
1779641527718582386,11.62,4.2975,488.95,28.874945640836984,9.695,47.8131687253388,11.793124184612555,1.7796445859810555e+18,1.7796339411773724e+18
1779641528119203751,11.196,14.6825,1492.15,28.896018436038112,9.695,47.82609626885778,11.793440276540572,1.7796445704792996e+18,1.7796339786887017e+18
1779641528519430077,11.376,8.9325,1276.875,28.911522895873347,9.695,47.829655985597114,11.7936728434381,1.779644554980158e+18,1.7796340162288858e+18
1779641528919982166,11.552,4.5,619.9,28.90827946602355,9.38,47.826230866238326,11.793624191990354,1.7796445392365358e+18,1.779634054365489e+18
1779641529320602656,11.172,13.3,253.375,28.911538728128676,9.38,47.8256436182077,11.79367308092193,1.7796445237043945e+18,1.7796340920110638e+18
1779641529720827158,10.936,18.1825,773.225,28.91569654415011,9.59,47.82339159181955,11.793735448162252,1.7796445080987139e+18,1.7796341298521864e+18
1779641530121768488,10.856,19.485,721.275,28.918570490780297,9.59,47.84728613815008,11.793778557361705,1.7796444925920358e+18,1.7796341674718292e+18
1779641530522329013,10.604,25.03,562.75,28.918877411239002,9.887500000000001,47.84343420981756,11.793783161168585,1.7796444759654756e+18,1.7796342077993539e+18
1779641530923090513,10.508,26.6325,78.975,28.9274967406395,9.887500000000001,47.88227624964805,11.793912451109593,1.7796444588598047e+18,1.7796342493048346e+18
1779641531323555443,10.464,27.515,241.0,28.930495439480268,9.887500000000001,47.89987076664052,11.793957431592204,1.7796444410835282e+18,1.7796342924417137e+18
1779641531724232703,10.42,27.95,735.45,28.940068578385507,10.4125,47.95142322331843,11.794101028675783,1.7796444229456717e+18,1.7796343364753165e+18
1779641532124682897,10.34,28.6175,606.0,28.941620216738478,10.4125,47.99009441414961,11.794124303251078,1.7796444045034276e+18,1.7796343812571784e+18
1779641532524801378,10.228,31.635,210.95,28.951068846662224,10.99,48.036295077903326,11.794266032699934,1.7796443859681467e+18,1.779634426288981e+18
1779641532924956869,10.3,30.065,643.75,28.958719022507328,11.532499999999999,48.078091523378205,11.79438078533761,1.7796443674327058e+18,1.779634471344386e+18
1779641533325325103,11.58,1.4475,326.15,28.906152114782607,11.532499999999999,48.06732593454493,11.79359228172174,1.779644348064529e+18,1.7796345183497006e+18
1779641533725727214,11.628,1.4325,995.325,28.879520232351467,11.69,48.08559955904697,11.793192803485272,1.7796443283370376e+18,1.779634566200484e+18
1779641534125912886,11.644,1.4625,1399.075,28.856950599505215,11.69,48.097319700977536,11.792854258992579,1.7796443083678108e+18,1.779634614619803e+18
1779641534526187158,11.66,1.4325,992.825,28.829892034214005,11.270000000000001,48.07665041594413,11.79244838051321,1.7796442892059397e+18,1.7796346610746406e+18
1779641536527442552,10.328,29.9825,454.5,28.847987437036625,7.5249999999999995,48.06917204070811,11.79271981155555,1.779644271477378e+18,1.779634704137611e+18
1779641536928058927,10.264,31.1,1387.0,28.89611169398964,7.5249999999999995,48.09653572970884,11.793441675409845,1.7796442551522442e+18,1.7796347438934054e+18
1779641537328382444,10.184,32.6325,955.975,28.942873644080368,7.5249999999999995,48.13669564472869,11.794143104661206,1.7796442400560264e+18,1.7796347807583393e+18
1779641537728713311,10.168,33.2825,1279.0,28.981307912811904,8.8025,48.166257291406616,11.794719618692179,1.7796442260237043e+18,1.7796348151175022e+18
1779641538129014841,10.092,35.0175,626.375,29.01028203204341,8.8025,48.18776696726272,11.795154230480652,1.7796442128270298e+18,1.7796348475076083e+18
1779641538529249659,10.084,34.6475,273.125,29.03888429689995,9.8175,48.22067215058901,11.7955832644535,1.7796442003533366e+18,1.7796348781985777e+18
1779641538929603895,10.068,35.0675,833.5,29.060912314350944,9.8175,48.248000735509855,11.795913684715265,1.7796441884594473e+18,1.7796349075263951e+18
1779641539330010351,10.044,35.0825,905.225,29.086414013792876,10.6925,48.28705879285107,11.796296210206894,1.7796441771640197e+18,1.779634935449451e+18
1779641539730670540,10.36,28.65,1124.125,29.102442683638024,10.6925,48.313902256709994,11.79653664025457,1.779644166307018e+18,1.7796349623412257e+18
1779641540131447654,10.432,27.415,153.75,29.110212322118116,11.41,48.33130951080915,11.796653184831772,1.7796441557864863e+18,1.779634988436963e+18
1779641540532061753,10.436,26.55,469.2,29.115740963479958,11.969999999999999,48.35941915361379,11.7967361144522,1.7796441454729078e+18,1.779635014046068e+18
1779641540932764697,10.452,27.1475,1431.875,29.121445236592486,11.969999999999999,48.37279567225816,11.796821678548888,1.7796441354470305e+18,1.7796350389751398e+18
1779641541333237006,10.444,26.565,1092.925,29.12232420452571,12.3375,48.39511528689503,11.796834863067886,1.7796441255302925e+18,1.7796350636474744e+18
1779641541733531741,10.372,28.715,58.525,29.124886317168645,12.3375,48.40855842764793,11.79687329475753,1.7796441157652547e+18,1.7796350879622633e+18
1779641542134453984,10.408,27.6475,178.6,29.124927686482664,12.6175,48.42527185468574,11.79687391529724,1.7796441068475743e+18,1.7796351102369009e+18
1779641542534914764,10.408,27.6675,545.025,29.123284357880102,12.6175,48.44056618734267,11.796849265368202,1.779644098456849e+18,1.7796351312424266e+18
1779641542935443927,10.448,27.1675,24.875,29.117454190527358,13.09,48.448228430101345,11.79676181285791,1.7796440904066399e+18,1.7796351514237353e+18
1779641543536448910,10.424,27.7175,75.9,29.1114961859464,13.387500000000001,48.454995036164235,11.796672442789196,1.7796440826406582e+18,1.7796351709198403e+18
1779641543937036711,10.492,25.1975,231.625,29.10120591104092,13.387500000000001,48.474274044925224,11.796518088665614,1.779644074975575e+18,1.779635190164874e+18
1779641544337680041,10.432,27.33,706.85,29.09082880556142,13.615,48.48167320466244,11.796362432083422,1.7796440674117056e+18,1.7796352091580536e+18
1779641544738385777,10.468,25.95,518.725,29.074842694951574,13.615,48.49459523235337,11.796122640424274,1.779644059812824e+18,1.779635228221896e+18
1779641545139073237,11.524,2.75,1583.0,29.006005337697076,13.86,48.463349995052795,11.795090080065457,1.779644051457008e+18,1.7796352490384788e+18
1779641545539469425,11.552,2.9325,1554.125,28.951544272256463,13.719999999999999,48.43869751383784,11.794273164083847,1.779644042599797e+18,1.7796352710088855e+18
1779641545940084274,10.384,28.5975,1466.0,28.9373388470316,13.719999999999999,48.439907291375796,11.794060082705474,1.7796440336906363e+18,1.7796352930953695e+18
1779641546340728490,10.304,30.3475,1197.075,28.923844921711066,13.755,48.44015040272032,11.793857673825666,1.7796440247588838e+18,1.779635315228064e+18
1779641547141280969,10.268,30.55,376.375,28.913179027179275,14.192499999999999,48.45054270315886,11.79369768540769,1.779644015986672e+18,1.7796353369765578e+18
1779641547541536077,10.316,29.665,1148.6,28.89614130840225,14.192499999999999,48.455387445057085,11.793442119626034,1.7796440072091505e+18,1.7796353587256259e+18
1779641548141865922,10.328,29.5675,228.425,28.877246502952218,14.629999999999999,48.45672218647726,11.793158697544284,1.7796439986468608e+18,1.779635379943276e+18
1779641548542097596,10.388,27.9975,697.075,28.858855158613327,15.102500000000001,48.46235880402256,11.7928828273792,1.7796439902020278e+18,1.779635400863444e+18
1779641548942285839,10.376,28.865,488.9,28.837954408603444,15.102500000000001,48.457760459079154,11.792569316129052,1.779643981994286e+18,1.7796354211940628e+18
1779641549542569125,10.404,27.75,1492.0,28.81450136765568,15.557500000000001,48.459538608672844,11.792217520514836,1.779643973849367e+18,1.7796354413569605e+18
1779641549942823453,10.412,27.0825,1276.4,28.7986628008643,15.942499999999999,48.47160010926024,11.791979942012965,1.7796439658510528e+18,1.7796354611552594e+18
1779641550342996892,10.508,25.015,618.45,28.780535265875244,15.942499999999999,48.4816369884554,11.791708028988129,1.7796439580794982e+18,1.7796354803924636e+18
1779641550743165386,10.516,24.615,248.95,28.760298672044303,16.2925,48.497095842675925,11.791404480080665,1.7796439505416735e+18,1.7796354990493402e+18
1779641551143317463,10.52,24.7975,759.725,28.741713078525827,16.625,48.508147590307225,11.791125696177888,1.7796439432007854e+18,1.7796355172168407e+18
1779641551543464055,10.528,24.4175,680.075,28.72212713276412,16.974999999999998,48.53253161371393,11.790831906991462,1.7796439360957373e+18,1.779635534799692e+18
1779641551943718096,10.572,23.765,437.0,28.710177387577506,17.2375,48.544907008007534,11.790652660813663,1.77964392922444e+18,1.7796355518134303e+18
1779641552343819437,11.44,3.5,1333.6,28.625469523598383,17.2375,48.51407697732795,11.789382042853976,1.7796439217544868e+18,1.7796355701904758e+18
1779641552744037759,11.564,2.3475,793.0,28.565848900061567,17.43,48.487012343670315,11.788487733500924,1.7796439140030195e+18,1.7796355891925138e+18
1779641553144226991,11.596,2.23,781.625,28.526888036249836,17.272499999999997,48.49170963887728,11.787903320543748,1.7796439063734776e+18,1.779635607866237e+18
1779641553544393991,11.608,2.3325,746.925,28.494802172869104,17.08,48.47830608407488,11.787422032593037,1.7796438987365924e+18,1.7796356265329464e+18
1779641553944616513,11.608,2.4825,641.025,28.470804231835277,17.08,48.478560380640445,11.78706206347753,1.779643891207496e+18,1.7796356449229376e+18
1779641554344713029,11.576,3.4325,317.85,28.453254745116446,16.905,48.478952165336615,11.786798821176747,1.7796438836757514e+18,1.779635663311245e+18
1779641554745307846,11.568,3.8325,970.0,28.44011385408524,16.73,48.475981462908614,11.786601707811279,1.7796438768132352e+18,1.7796356800735642e+18
1779641555145905913,11.6,3.115,1321.8,28.429932772591286,16.73,48.48617941418465,11.78644899158887,1.7796438705549133e+18,1.7796356953700826e+18
1779641555546104526,11.568,3.9325,757.0,28.416106055790095,16.537499999999998,48.47304134376572,11.786241590836852,1.779643864698066e+18,1.7796357096891244e+18
1779641555946832622,11.62,3.08,671.775,28.408794175424916,16.38,48.46948285801203,11.786131912631374,1.7796438592714563e+18,1.7796357229662172e+18
1779641556347372486,11.592,3.6,411.675,28.40396401588088,16.24,48.476357692636235,11.786059460238214,1.7796438541025196e+18,1.7796357356223706e+18
1779641556747983817,11.544,5.05,1256.325,28.40885651923444,16.24,48.48901325787163,11.786132847788517,1.7796438492223299e+18,1.779635747592359e+18
1779641557148452192,11.412,7.5325,557.175,28.406049085564725,16.0825,48.488941177729416,11.786090736283471,1.7796438445807772e+18,1.779635758988995e+18
1779641557549102378,11.324,9.4825,61.95,28.41067028139416,16.064999999999998,48.504880898393715,11.786160054220913,1.7796438402101796e+18,1.779635769741481e+18
1779641557949240685,11.272,10.25,189.05,28.414091962457213,16.064999999999998,48.527560580849716,11.786211379436859,1.7796438361512212e+18,1.7796357797491994e+18
1779641558349983452,11.224,11.0,576.925,28.450019005042343,16.0825,48.53766729347602,11.786750285075636,1.7796438325675548e+18,1.7796357886490627e+18
1779641558750656538,11.256,10.065,122.225,28.50425233192617,16.205,48.56758919302921,11.787563784978893,1.779643829652977e+18,1.7796357959887724e+18
1779641559151230151,11.164,12.2825,373.0,28.49619978568001,16.205,48.568911954418006,11.7874429967852,1.7796438268380434e+18,1.7796358030842094e+18
1779641559551443614,11.236,10.7,1138.3,28.5094017709623,16.205,48.56657532584994,11.787641026564435,1.7796438243131238e+18,1.779635809495254e+18
1779641559951984838,11.196,11.6325,197.0,28.541789482081896,16.4325,48.58498552457652,11.788126842231229,1.7796438222291612e+18,1.7796358148749527e+18
1779641560352396745,11.192,11.8475,601.175,28.570872654357565,16.4325,48.60256725312504,11.788563089815364,1.779643819552319e+18,1.779635821733673e+18
1779641560752756809,11.476,5.55,196.225,28.58120118790517,16.345,48.61012802105415,11.788718017818578,1.7796438162614725e+18,1.7796358301031293e+18
1779641561153190076,11.448,6.415,598.825,28.590123039089764,16.1175,48.616556565826265,11.788851845586347,1.7796438125699364e+18,1.7796358394633247e+18
1779641561553379176,11.12,13.515,189.05,28.605450199053383,15.907499999999999,48.62627065764965,11.789081752985801,1.7796438086286692e+18,1.7796358494540413e+18
1779641561953831617,11.08,14.6675,576.925,28.61999435591666,15.907499999999999,48.63303388691027,11.78929991533875,1.7796438044916982e+18,1.7796358599430205e+18
1779641562353900448,11.492,5.95,122.225,28.625541832281986,15.819999999999999,48.636328345139454,11.78938312748423,1.779643800086635e+18,1.7796358710969492e+18
1779641562754081135,11.128,13.3,373.0,28.630324177731175,15.61,48.6410042685395,11.789454862665968,1.7796437954294733e+18,1.7796358828762634e+18
1779641563154211313,10.76,21.385,1138.3,28.63571657253741,15.61,48.64105133848834,11.789535748588062,1.7796437905668232e+18,1.7796358951682726e+18
1779641563554392642,10.756,21.28,197.0,28.637260487247744,15.697500000000002,48.641457779648846,11.789558907308717,1.7796437854647276e+18,1.779635908051744e+18
1779641563954672604,10.764,21.1175,601.175,28.6385635069676,15.855,48.641728568067094,11.789578452604514,1.7796437802429926e+18,1.7796359212347464e+18
1779641564354799041,10.872,18.48,196.225,28.635264912957158,15.855,48.64402186121738,11.789528973694358,1.7796437747570993e+18,1.7796359350646502e+18
1779641564755177177,10.876,17.8475,598.825,28.625346896526743,15.959999999999999,48.64818995922325,11.789380203447902,1.7796437695296837e+18,1.7796359482666762e+18
1779641565155441786,10.892,16.9325,189.05,28.603911141341293,16.099999999999998,48.65127526385932,11.78905866712012,1.779643764023488e+18,1.7796359621326344e+18
1779641565555648982,11.216,10.8475,576.925,28.5847099543084,16.099999999999998,48.64655395165319,11.788770649314626,1.7796437583376712e+18,1.779635976423597e+18
1779641565956000278,10.7,22.0825,122.225,28.57143343128421,16.0825,48.64334047226363,11.788571501469264,1.7796437525393165e+18,1.7796359909825562e+18
1779641566356295268,10.84,18.4325,373.0,28.55458137301637,16.205,48.64540730284436,11.788318720595246,1.779643746694333e+18,1.7796360056452623e+18
1779641566756603070,10.66,21.9,1138.3,28.534904924801957,16.3625,48.65092483730143,11.78802357387203,1.7796437408705856e+18,1.7796360202434348e+18
1779641567156832148,10.972,15.0825,197.0,28.499978185371265,16.3625,48.64629851939603,11.78749967278057,1.7796437349152404e+18,1.7796360351343775e+18
1779641567557248787,10.828,19.0,601.175,28.479532723150008,16.502499999999998,48.64305077167492,11.78719299084725,1.7796437289499323e+18,1.7796360500367616e+18
1779641567957461790,10.788,19.8,196.225,28.455306052133913,16.502499999999998,48.63827717439618,11.786829590782009,1.7796437232087936e+18,1.779636064375369e+18
1779641568357690055,10.696,21.4975,598.825,28.42986673445443,16.59,48.635789996946635,11.786448001016817,1.7796437174518584e+18,1.7796360787348396e+18
1779641568757751667,10.66,21.815,189.05,28.40597828978624,16.59,48.639150979648065,11.786089674346794,1.7796437117407905e+18,1.779636092966455e+18
1779641569158024621,10.568,24.015,576.925,28.378665392530948,16.712500000000002,48.6381410984305,11.785679980887965,1.7796437059371382e+18,1.7796361074050803e+18
1779641569558206261,10.632,22.5675,122.225,28.34972913464408,16.712500000000002,48.63680279935496,11.785245937019662,1.7796437000911268e+18,1.7796361219267694e+18
1779641569958869945,10.588,24.0,373.0,28.3177276093489,16.712500000000002,48.63230237863003,11.784765914140234,1.7796436941912814e+18,1.7796361365568253e+18
1779641570760066184,10.56,24.165,197.0,28.29386251865759,16.939999999999998,48.66077029504031,11.784407937779864,1.7796436883496998e+18,1.7796361510356995e+18
1779641571160316701,10.528,24.3175,601.175,28.281961253843882,17.01,48.69791141756993,11.784229418807659,1.779643682649612e+18,1.7796361651663798e+18
1779641571560556440,10.56,23.7,196.225,28.27146493387697,17.115,48.71170541814715,11.784071974008155,1.7796436770476902e+18,1.7796361790561234e+18
1779641571961000917,10.54,24.2,598.825,28.281102264425144,17.115,48.73374662755044,11.784216533966378,1.7796436717949056e+18,1.7796361921113398e+18
1779641572361618163,10.616,22.7,189.05,28.26651205411992,17.150000000000002,48.74803815364624,11.7839976808118,1.7796436666514678e+18,1.7796362048936166e+18
1779641572762354727,10.628,22.18,576.925,28.26038878771068,17.2375,48.77975684183538,11.78390583181566,1.7796436616781184e+18,1.779636217262783e+18
1779641573162992834,10.66,21.73,122.225,28.25951434308778,17.395,48.82181137608363,11.783892715146317,1.7796436569541622e+18,1.7796362290297805e+18
1779641573763500791,10.744,19.7325,373.0,28.259407951208765,17.395,48.865625125818724,11.783891119268132,1.7796436525187205e+18,1.779636240102094e+18
1779641574364446726,10.596,22.6,1138.3,28.267492444975467,17.57,48.92113063227814,11.784012386674632,1.7796436485233393e+18,1.7796362501164017e+18
1779641574765086909,10.672,21.215,197.0,28.266799579748472,17.814999999999998,48.95270776217492,11.784001993696227,1.7796436448409958e+18,1.7796362593713782e+18
1779641575165592306,10.592,22.765,601.175,28.276858572748445,18.095,49.00721943990276,11.784152878591227,1.779643641481277e+18,1.779636267853768e+18
1779641575966251677,10.66,22.335,196.225,28.29889231538604,18.445,49.06418736740035,11.784483384730791,1.7796436385865014e+18,1.7796362752321147e+18
1779641576366816296,10.676,21.315,598.825,28.30594782279683,18.76,49.107977782368216,11.784589217341953,1.779643636016955e+18,1.7796362818271724e+18
1779641578168129256,10.728,20.3,189.05,28.3177492323519,18.76,49.159385163470034,11.784766238485279,1.77964363401969e+18,1.7796362870586737e+18
1779641579368622623,10.804,19.015,576.925,28.323538236792636,18.9525,49.19315147456923,11.78485307355189,1.7796436324165765e+18,1.7796362913475707e+18
1779641579768798848,10.88,17.4325,122.225,28.320325458415667,19.18,49.20898356043083,11.784804881876235,1.7796436310416023e+18,1.7796362950791327e+18
1779641580168975656,11.408,5.45,373.0,28.289838284027795,19.372500000000002,49.224504584831955,11.784347574260417,1.7796436296210468e+18,1.7796362988971167e+18
1779641580569149651,11.252,9.165,1138.3,28.293457677721705,19.495,49.219175791692486,11.784401865165826,1.779643628476672e+18,1.7796363020464996e+18
1779641580969351707,10.948,15.25,197.0,28.27586817341458,19.564999999999998,49.22298952713516,11.78413802260122,1.7796436273643261e+18,1.7796363051047613e+18
1779641581369652367,10.892,17.25,601.175,28.274966038341567,19.6875,49.21698469513847,11.784124490575124,1.779643626390107e+18,1.779636307828196e+18
1779641581769827740,10.904,16.5175,196.225,28.31791773923478,19.67,49.25416088656178,11.784768766088522,1.779643626022384e+18,1.7796363091106322e+18
1779641582370028876,11.08,12.535,598.825,28.335542422377863,19.7225,49.27693442732566,11.785033136335668,1.7796436260610888e+18,1.7796363094200952e+18
1779641582770204256,10.964,15.6,189.05,28.35719070428641,19.7225,49.29901768342462,11.785357860564297,1.7796436265600187e+18,1.7796363086247997e+18
1779641583170842006,10.936,16.4675,576.925,28.37874220921374,19.897499999999997,49.31872054862973,11.785681133138207,1.7796436276901345e+18,1.7796363063040927e+18
1779641583571327591,10.884,17.58,122.225,28.39639873787292,20.002499999999998,49.33610158816491,11.785945981068094,1.779643629631074e+18,1.7796363020152622e+18
1779641583972012455,10.952,15.4325,373.0,28.395870235811607,20.16,49.349002394439964,11.785938053537174,1.7796436318674678e+18,1.7796362970017556e+18
1779641584372617070,10.776,19.565,1138.3,28.402732138027936,20.247500000000002,49.363381266627876,11.78604098207042,1.7796436347515126e+18,1.779636290404712e+18
1779641584773203869,11.036,13.935,197.0,28.395018069829028,20.37,49.36898688537327,11.785925271047436,1.7796436382257042e+18,1.7796362823499983e+18
1779641585373918730,10.952,15.15,601.175,28.380505280481863,20.352500000000003,49.37582082322715,11.785707579207228,1.779643642232876e+18,1.779636272973831e+18
1779641586776218105,10.904,16.7975,196.225,28.37199441471055,20.51,49.381234435700804,11.785579916220659,1.779643646936004e+18,1.779636261893611e+18
1779641587377150129,10.944,15.8975,598.825,28.35999460732718,20.650000000000002,49.38476894080925,11.785399919109908,1.7796436521564954e+18,1.7796362495313974e+18
1779641588779228758,11.024,14.4325,189.05,28.344267682832395,20.8075,49.383735376158256,11.785164015242486,1.779643657964001e+18,1.7796362357241754e+18
1779641589179956353,11.008,14.4975,576.925,28.325750662247565,20.895,49.38317689095866,11.784886259933714,1.7796436641204052e+18,1.7796362210381722e+18
1779641589580266212,10.932,16.0175,122.225,28.303628252587558,21.0,49.38178601924797,11.784554423788814,1.779643670575416e+18,1.7796362055929623e+18
1779641589980828406,10.96,16.55,373.0,28.291404516837375,20.9825,49.37605632305357,11.784371067752561,1.7796436773867942e+18,1.7796361892561802e+18
1779641590581988006,10.948,15.9325,1138.3,28.270783296859797,21.087500000000002,49.37312813838499,11.784061749452897,1.7796436844877366e+18,1.7796361721862764e+18
1779641590982526796,10.928,15.8825,197.0,28.240421298072064,21.087500000000002,49.36847030338137,11.783606319471081,1.7796436917312205e+18,1.7796361547315215e+18
1779641591383284022,10.948,15.6325,601.175,28.211371692426873,21.0,49.3628483650076,11.783170575386404,1.7796436991377823e+18,1.7796361368423685e+18
1779641591783598332,11.028,13.9825,196.225,28.17991623022167,20.9825,49.35459765239602,11.782698743453325,1.7796437066597806e+18,1.7796361186333115e+18
1779641592183998882,11.54,2.3825,598.825,28.08890375750158,21.0,49.302602957934596,11.781333556362524,1.77964371368978e+18,1.77963610153827e+18
1779641592584252010,11.54,3.25,189.05,28.02596439042925,21.175,49.26744294824671,11.78038946585644,1.7796437205461033e+18,1.7796360848013883e+18
1779641593584843396,10.744,20.6475,576.925,28.00206499471157,21.0525,49.25799559527749,11.780030974920674,1.779643727702034e+18,1.7796360673067354e+18
1779641593985172167,10.492,25.45,122.225,27.979628363226475,21.1575,49.25503207368238,11.779694425448398,1.779643735056062e+18,1.7796360492968138e+18
1779641594385383735,10.168,32.4325,373.0,27.959225114340978,21.1575,49.248450277866176,11.779388376715115,1.779643742584529e+18,1.7796360308317798e+18
1779641594785611522,10.228,30.8825,1138.3,27.93432020131145,21.3325,49.24474347666533,11.779014803019672,1.7796437501425526e+18,1.7796360122640205e+18
1779641595986645890,10.348,28.4,601.175,27.909083196365884,21.4375,49.24045282286854,11.778636247945489,1.7796437577951619e+18,1.7796359934438963e+18
1779641596386913610,10.216,30.735,196.225,27.88861803597916,21.4725,49.24562600103233,11.778329270539688,1.7796437654860163e+18,1.779635974503865e+18
1779641596787062221,10.268,30.5175,598.825,27.858339697731374,21.5075,49.23054429145155,11.777875095465971,1.77964377302826e+18,1.7796359558946227e+18
1779641597387579135,10.192,33.2475,189.05,27.809683148526602,21.525000000000002,49.18350091699626,11.7771452472279,1.7796437802657912e+18,1.779635937983842e+18
1779641597988071182,10.296,30.2825,576.925,27.770743200722645,21.63,49.15818534008079,11.77656114801084,1.7796437873224548e+18,1.7796359204732014e+18
1779641599188716616,10.232,31.0325,373.0,27.734545232970174,21.91,49.14366248942278,11.776018178494553,1.7796437942602104e+18,1.7796359032245847e+18
1779641599589018195,10.232,30.7825,1138.3,27.698129703247247,21.98,49.13305147532691,11.77547194554871,1.779643800956692e+18,1.7796358865285676e+18
1779641599989724785,10.148,32.2825,197.0,27.66930405849361,22.0675,49.13088864410081,11.775039560877405,1.779643807398674e+18,1.7796358704275633e+18
1779641600390024795,10.248,30.5325,601.175,27.638819190922284,22.155,49.1227596364625,11.774582287863835,1.7796438135409462e+18,1.7796358550320256e+18
1779641600790709479,10.248,30.9175,196.225,27.61539445846133,22.2075,49.11404918695071,11.77423091687692,1.7796438191291443e+18,1.779635840980393e+18
1779641601591460090,11.024,14.0475,189.05,27.58064409828341,22.3125,49.122655939448734,11.773709661474252,1.779643824222767e+18,1.77963582811875e+18
1779641601991761576,10.956,15.0675,576.925,27.569011408421254,22.1725,49.127380442356134,11.77353517112632,1.7796438290030935e+18,1.77963581601844e+18
1779641602392360021,11.52,2.75,122.225,27.492251023190004,22.1725,49.111856536571416,11.77238376534785,1.7796438328302584e+18,1.7796358061932884e+18
1779641602793026801,11.42,5.6475,373.0,27.438170916078928,21.9275,49.089077817460144,11.771572563741184,1.779643836079352e+18,1.7796357977412042e+18
1779641603193678256,11.308,8.4475,1138.3,27.39992941247321,21.752499999999998,49.07532504569794,11.770998941187099,1.7796438389008084e+18,1.7796357903085276e+18
1779641603594048948,10.58,25.165,197.0,27.41244395228523,21.3675,49.10625236135991,11.771186659284279,1.779643842005673e+18,1.7796357821900818e+18
1779641603994654247,10.304,31.065,601.175,27.40067549642161,21.3325,49.09219559938737,11.771010132446325,1.7796438450107942e+18,1.7796357743083988e+18
1779641604595368944,10.416,27.6475,196.225,27.420681183677146,21.4375,49.13386933997151,11.771310217755158,1.7796438483458107e+18,1.7796357656359212e+18
1779641604995932192,10.32,29.4675,598.825,27.42745718142831,21.455,49.14909520875603,11.771411857721425,1.7796438517956362e+18,1.7796357566884124e+18
1779641605396351720,10.228,30.5,189.05,27.459825503577477,21.49,49.21170032621949,11.771897382553663,1.7796438557275036e+18,1.7796357465826716e+18
1779641605996943202,10.284,29.8975,122.225,27.469706163799454,21.560000000000002,49.23093336315081,11.772045592456992,1.779643859902575e+18,1.779635735887858e+18
1779641607197961566,10.292,29.9325,373.0,27.480344686050444,21.595,49.250487815434155,11.772205170290757,1.7796438643760632e+18,1.7796357244748518e+18
1779641608198416409,10.396,26.38,1138.3,27.50725137938155,21.665000000000003,49.31379709572927,11.772608770690724,1.7796438693017075e+18,1.779635711977203e+18
1779641608598550701,10.312,29.85,197.0,27.522575142436338,21.91,49.33773929398779,11.772838627136545,1.7796438735258248e+18,1.7796357012430436e+18
1779641609398962091,10.364,28.4,601.175,27.538397564211017,21.962500000000002,49.36475205582156,11.773075963463166,1.7796438772419366e+18,1.7796356917982241e+18
1779641610399453272,10.456,26.6175,196.225,27.56562360455152,22.47,49.40978522945836,11.773484354068273,1.779643880779771e+18,1.77963568283923e+18
1779641610799797371,10.48,25.45,598.825,27.600249004633717,22.662499999999998,49.473151985059715,11.774003735069506,1.7796438841584154e+18,1.779635674319494e+18
1779641611199965094,10.452,26.465,189.05,27.63256330485853,22.89,49.52650000451926,11.774488449572878,1.7796438874503887e+18,1.7796356660559603e+18
1779641611800299969,10.516,24.6,576.925,27.658803514635657,23.135,49.578972345761905,11.774882052719535,1.7796438906298982e+18,1.7796356581087012e+18
1779641612200532925,10.504,24.8975,122.225,27.690775989746594,23.24,49.637256569187784,11.7753616398462,1.7796438937925686e+18,1.7796356502435617e+18
1779641612800944671,11.464,3.4175,373.0,27.620826767481486,23.2925,49.61600343889617,11.774312401512223,1.7796438957625613e+18,1.7796356452735347e+18
1779641613201497554,11.476,4.08,1138.3,27.585762144393946,23.205,49.617407976684525,11.77378643216591,1.7796438969715684e+18,1.7796356421631357e+18
1779641613601978903,11.492,3.9175,197.0,27.59207646227436,23.0825,49.61528726794895,11.773881146934116,1.7796438980095816e+18,1.7796356394914962e+18
1779641614002731230,11.456,4.915,601.175,27.612385801972586,23.03,49.625409489091965,11.77418578702959,1.7796438990481298e+18,1.7796356368475927e+18
1779641614403272164,11.424,6.065,196.225,27.637424884760673,22.855,49.6416233114606,11.77456137327141,1.7796439001691628e+18,1.779635634032422e+18
1779641614804012217,11.412,6.5475,598.825,27.670426105282246,22.785,49.66439117881486,11.775056391579234,1.779643901470365e+18,1.7796356308113551e+18
1779641615404869132,11.344,7.8,189.05,27.689674697329334,22.7325,49.67971133456392,11.77534512045994,1.7796439027833772e+18,1.7796356275908984e+18
1779641615805342668,11.54,3.8975,576.925,27.69156096130777,22.662499999999998,49.68211988107028,11.775373414419617,1.779643903920268e+18,1.7796356248167232e+18
1779641616206071065,11.556,3.6,122.225,27.6913619745537,22.61,49.68309185554324,11.775370429618306,1.779643904928069e+18,1.7796356223690396e+18
1779641616606783715,11.504,5.05,373.0,27.69788347930219,22.540000000000003,49.68805000384666,11.775468252189533,1.7796439058503035e+18,1.7796356201474317e+18
1779641617007299684,11.396,7.1975,1138.3,27.699044187477575,22.4175,49.690328671090796,11.775485662812164,1.779643906636653e+18,1.779635618271376e+18
1779641617407818657,11.072,14.4325,197.0,27.709397750970936,22.295,49.69454216630821,11.775640966264564,1.7796439074877647e+18,1.779635616250354e+18
1779641617808354574,10.98,16.15,601.175,27.715085976347524,22.26,49.69681758626645,11.775726289645213,1.7796439082929293e+18,1.77963561435553e+18
1779641618209013194,10.916,16.9825,196.225,27.712163731518473,22.2075,49.69802100420826,11.775682455972778,1.779643908973927e+18,1.779635612772313e+18
1779641618609810536,10.856,18.4325,598.825,27.704558950117722,22.224999999999998,49.69403713385939,11.775568384251766,1.7796439095172442e+18,1.7796356115291146e+18
1779641619010367064,10.84,18.865,189.05,27.70118683073269,22.2425,49.69152313351418,11.77551780246099,1.779643909984342e+18,1.7796356104774026e+18
1779641621011959410,10.86,18.05,576.925,27.69075945364137,22.189999999999998,49.68877611306452,11.775361391804621,1.7796439105092948e+18,1.779635609297216e+18
1779641621612413460,10.868,18.05,122.225,27.67931528328002,22.189999999999998,49.683729737038504,11.7751897292492,1.7796439112021883e+18,1.7796356076904246e+18
1779641622012780555,10.868,17.265,373.0,27.652568345564113,22.224999999999998,49.676455068565424,11.774788525183462,1.779643911681003e+18,1.7796356065921219e+18
1779641622412898035,10.828,18.7175,1138.3,27.63608461187126,22.1725,49.669658209819374,11.77454126917807,1.779643912094857e+18,1.779635605641524e+18
1779641622813039706,10.776,19.1675,197.0,27.608378055243257,22.1725,49.662162946083534,11.77412567082865,1.7796439124096297e+18,1.7796356049107325e+18
1779641623213393870,10.7,21.0975,601.175,27.584053634356973,22.084999999999997,49.6530774141954,11.773760804515355,1.7796439126606236e+18,1.7796356043156314e+18
1779641623613760011,10.716,21.1475,196.225,27.555624824544065,21.8925,49.63702519236548,11.773334372368161,1.779643912819119e+18,1.7796356039234918e+18
1779641624013976125,10.728,20.5975,598.825,27.528802489330964,21.997500000000002,49.62532829835709,11.772932037339965,1.779643913102611e+18,1.779635603190888e+18
1779641624414335616,10.636,22.3825,189.05,27.496471993752472,22.0675,49.611450726657075,11.772447079906287,1.7796439132681956e+18,1.7796356027206067e+18
1779641624814609881,10.684,21.0825,576.925,27.460436780346296,22.084999999999997,49.59856503148615,11.771906551705195,1.7796439134480192e+18,1.7796356021768038e+18
1779641625214761094,10.564,23.615,122.225,27.427423741742565,22.2075,49.58725976075518,11.771411356126139,1.7796439134218972e+18,1.7796356021161452e+18
1779641625615104563,10.684,20.5,373.0,27.385357398513037,22.2425,49.57644950670702,11.770780360977696,1.7796439134319096e+18,1.7796356019201905e+18
1779641626015450781,10.736,20.0,1138.3,27.338445765267785,22.33,49.55619989368115,11.770076686479017,1.7796439130417915e+18,1.779635602679345e+18
1779641626415640401,10.792,18.585,197.0,27.28308128156123,22.47,49.53251161665658,11.769246219223419,1.7796439118687278e+18,1.7796356053466365e+18
1779641626815803221,10.792,17.8475,601.175,27.22034880581206,22.575,49.5104190236595,11.768305232087181,1.7796439100729318e+18,1.7796356095124257e+18
1779641627216173558,10.844,17.25,196.225,27.155062673465892,22.68,49.48183215371442,11.767325940101989,1.7796439075674022e+18,1.779635615394344e+18
1779641627616478569,11.584,1.4325,598.825,27.007952266635545,22.61,49.388672613990956,11.765119283999534,1.7796439034074678e+18,1.7796356252724808e+18
1779641628016681232,11.62,1.4325,189.05,26.897969987310745,22.540000000000003,49.31903138265712,11.763469549809662,1.7796438981091256e+18,1.7796356378987453e+18
1779641628416854698,11.636,1.4475,576.925,26.796782673812494,22.4525,49.254950226559636,11.761951740107188,1.7796438918237187e+18,1.77963565290724e+18
1779641628817158221,11.648,1.3975,122.225,26.69411960663416,22.155,49.189972194679925,11.760411794099513,1.7796438841556925e+18,1.7796356712968788e+18
1779641629217428702,11.664,1.415,373.0,26.606511051888223,22.102500000000003,49.13452747508423,11.759097665778324,1.7796438761703324e+18,1.7796356904063583e+18
1779641629617806250,11.668,1.4325,1138.3,26.52774154013908,22.0675,49.08465523397351,11.757916123102087,1.7796438679177475e+18,1.7796357101221857e+18
1779641630018090658,11.68,1.415,197.0,26.455575246815556,21.8925,49.03895280293458,11.756833628702234,1.7796438589019333e+18,1.7796357317055521e+18
1779641630418933616,11.372,8.7,601.175,26.41234361097648,21.805,49.008164080571206,11.756185154164648,1.7796438498441492e+18,1.7796357533739272e+18
1779641630819785755,11.636,2.18,196.225,26.332606327124644,21.8225,48.95775882109617,11.75498909490687,1.779643840371514e+18,1.7796357760268337e+18
1779641631220478607,10.58,25.6975,598.825,26.253741922333457,21.77,48.88491315819139,11.753806128835002,1.7796438304900426e+18,1.7796357996529075e+18
1779641631620927835,10.372,28.0325,189.05,26.177532687303362,22.084999999999997,48.84022818692372,11.75266299030955,1.779643820254689e+18,1.779635824119166e+18
1779641632021200555,10.372,27.965,576.925,26.093113748196057,22.627499999999998,48.79139958635942,11.751396706222941,1.77964380957016e+18,1.7796358496597965e+18
1779641632421569241,10.5,24.3675,122.225,26.011751945124985,22.435000000000002,48.755969363132756,11.750176279176875,1.7796437983956762e+18,1.7796358763848428e+18
1779641632821968330,10.356,28.8,373.0,25.922791570859793,22.522499999999997,48.69691563900669,11.748841873562897,1.7796437866060938e+18,1.7796359046059715e+18
1779641633222077865,10.396,27.315,1138.3,25.843532780083756,22.3825,48.65339783004663,11.747652991701257,1.7796437743451702e+18,1.7796359339743e+18
1779641633622192056,10.284,29.615,197.0,25.75912173781803,22.400000000000002,48.60721202971422,11.74638682606727,1.7796437615150423e+18,1.7796359647356723e+18
1779641634022712045,10.308,29.4825,601.175,25.66881493608791,22.435000000000002,48.55213758810802,11.745032224041319,1.7796437473296617e+18,1.779635998881503e+18
1779641634422932348,10.46,25.6,196.225,25.582274761485674,22.400000000000002,48.50860141000703,11.743734121422285,1.77964373252008e+18,1.7796360345682424e+18
1779641634823467907,10.304,30.3675,598.825,25.467984073048378,22.4175,48.42685450634791,11.742019761095726,1.77964371643519e+18,1.779636073424592e+18
1779641635224402111,10.236,30.685,189.05,25.3719678054552,22.47,48.37297776883647,11.740579517081828,1.7796436994709993e+18,1.7796361144729372e+18
1779641636025823975,10.252,30.8325,122.225,25.262079002947086,22.662499999999998,48.30356532187816,11.738931185044207,1.7796436815732035e+18,1.7796361578451668e+18
1779641636426596501,10.304,29.8325,373.0,25.15060666355596,22.82,48.23232761462282,11.73725909995334,1.779643662824679e+18,1.7796362033342461e+18
1779641636827384785,10.38,27.6175,1138.3,25.040223972881336,22.925,48.17039047596364,11.73560335959322,1.7796436433097485e+18,1.7796362507341967e+18
1779641637227609063,10.284,28.835,197.0,24.960196163086994,23.24,48.13955982855547,11.734402942446305,1.779643623335903e+18,1.7796362993010844e+18
1779641637627942398,10.38,27.5825,601.175,24.91347952633216,23.38,48.136162932389055,11.733702192894983,1.7796436033143557e+18,1.7796363480259082e+18
1779641638028332155,10.288,29.3975,196.225,24.868918038677457,23.485,48.129110789283146,11.733033770580162,1.7796435833331026e+18,1.779636396687679e+18
1779641638428495556,10.412,26.965,598.825,24.879878210968386,23.5725,48.173857786991135,11.733198173164526,1.7796435639069888e+18,1.7796364440295647e+18
1779641638828822290,10.364,28.28,189.05,24.869486624527624,23.73,48.170281744120544,11.733042299367915,1.779643544871452e+18,1.779636490446462e+18
1779641639229229390,10.4,27.1675,576.925,24.85205037088433,23.87,48.184359395981105,11.732780755563265,1.7796435261661112e+18,1.77963653608345e+18
1779641639629482904,10.5,24.715,122.225,24.857217362100847,23.9575,48.21434955343238,11.732858260431513,1.779643507991123e+18,1.7796365804491681e+18
1779641640029696804,11.004,13.1175,373.0,24.814470908826596,24.08,48.19905713828802,11.7322170636324,1.7796434899647311e+18,1.7796366244703877e+18
1779641640429913169,11.488,3.4325,1138.3,24.71862858003148,24.22,48.14150316034735,11.730779428700473,1.7796434717279857e+18,1.7796366690149642e+18
1779641640830095997,11.596,1.4625,197.0,24.608319991298032,24.22,48.07350569389163,11.72912479986947,1.7796434535783337e+18,1.779636713308507e+18
1779641641830469260,11.644,1.415,598.825,24.530706067607316,23.625,48.02564463412396,11.72796059101411,1.7796434355571374e+18,1.779636757282097e+18
1779641642230705310,11.66,1.3975,189.05,24.46220300536961,23.310000000000002,47.983444767699986,11.726933045080544,1.779643417664037e+18,1.779636800944218e+18
1779641642631033435,11.524,3.8325,576.925,24.36883902529754,23.1525,47.926314831847634,11.725532585379463,1.7796433998435267e+18,1.7796368444145795e+18
1779641643031189845,10.664,22.1175,122.225,24.27955095331722,23.064999999999998,47.87151126695048,11.724193264299759,1.7796433819179955e+18,1.7796368881567557e+18
1779641643831605528,10.476,26.38,197.0,24.188539700140353,22.7675,47.81182636925309,11.722828095502106,1.7796433639223816e+18,1.7796369320835512e+18
1779641644231791853,10.448,27.1325,601.175,24.08861924454389,22.837500000000002,47.74467369433936,11.721329288668159,1.7796433458317463e+18,1.7796369762522527e+18
1779641644632091052,10.356,28.365,196.225,23.98654991130259,22.9075,47.684722594392454,11.71979824866954,1.7796433276620938e+18,1.7796370206228221e+18
1779641645032454992,10.352,28.785,598.825,23.873146873491123,23.064999999999998,47.61375897034823,11.718097203102367,1.7796433093374794e+18,1.779637065384435e+18
1779641645432794892,10.356,27.0,189.05,23.757155589878746,23.1525,47.56122329501064,11.716357333848181,1.7796432908705556e+18,1.7796371105061627e+18
1779641645832954967,10.476,25.585,576.925,23.63700468994837,23.2925,47.49393582836152,11.714555070349226,1.7796432722495534e+18,1.7796371560189414e+18
1779641646233413625,10.428,26.8,122.225,23.526203694446405,23.485,47.43212072008799,11.712893055416696,1.7796432536096466e+18,1.779637201585055e+18
1779641646633860397,10.456,26.3325,373.0,23.439162855868826,23.73,47.40279374550793,11.711587442838033,1.7796432351021898e+18,1.7796372468358692e+18
1779641647034605528,10.504,24.3475,1138.3,23.369875376618946,23.9225,47.377861905077346,11.710548130649284,1.7796432167903242e+18,1.7796372916241923e+18
1779641647434872415,10.56,23.3675,197.0,23.311147272490082,24.255,47.352276524078576,11.709667209087351,1.7796431986323213e+18,1.7796373360680113e+18
1779641647835168449,10.52,24.65,601.175,23.25849482281708,24.395,47.33495210116986,11.708877422342256,1.779643180655619e+18,1.779637380101283e+18
1779641648235526080,11.444,3.4325,196.225,23.119258957218438,24.5525,47.265363851724565,11.706788884358277,1.7796431624486597e+18,1.779637424722818e+18
1779641648636154738,11.58,1.5975,598.825,23.042346048055332,24.412499999999998,47.23022996693815,11.70563519072083,1.7796431443763543e+18,1.7796374690384932e+18
1779641649036472009,11.608,1.5325,189.05,23.016862848496036,24.1325,47.23239340834822,11.70525294272744,1.7796431270074596e+18,1.7796375116059745e+18
1779641649436883015,11.628,1.4475,576.925,23.01438884516909,23.9925,47.24520721485255,11.705215832677537,1.7796431103595896e+18,1.7796375523927995e+18
1779641649837025629,11.636,1.3975,122.225,23.020741715412466,23.695,47.26353993360576,11.705311125731187,1.7796430944602076e+18,1.7796375913280717e+18
1779641650237501291,11.652,1.3975,373.0,23.04160513713374,23.4325,47.285299919746706,11.705624077057006,1.7796430793450348e+18,1.7796376283231905e+18
1779641650638233757,11.656,1.4975,1138.3,23.061852131646123,23.099999999999998,47.29444909898425,11.705927781974692,1.779643064885111e+18,1.779637663708919e+18
1779641651038718316,11.668,1.415,197.0,23.09966243591143,22.82,47.32297329500444,11.706494936538672,1.7796430511453484e+18,1.7796376973226504e+18
1779641651439487940,11.676,1.4325,601.175,23.1438500629657,22.540000000000003,47.35466699149016,11.707157750944486,1.7796430380847547e+18,1.7796377292702866e+18
1779641652039964442,11.68,1.4325,196.225,23.24892677818138,22.435000000000002,47.41923550540518,11.708733901672721,1.7796430259202583e+18,1.7796377590229885e+18
1779641652440135444,11.684,1.4325,598.825,23.308214041995676,22.0325,47.455671724107994,11.709623210629935,1.7796430144138588e+18,1.7796377871618803e+18
1779641652840560196,11.692,1.415,189.05,23.356688337598484,21.997500000000002,47.485471838222715,11.710350325063978,1.77964300347212e+18,1.7796378139185623e+18
1779641653240682806,11.688,1.4975,576.925,23.389451281304062,21.875,47.505576195975586,11.710841769219561,1.7796429930068908e+18,1.779637839508239e+18
1779641653641058051,11.7,1.3975,122.225,23.4593216202302,21.7,47.56023738974837,11.711889824303453,1.7796429831563438e+18,1.7796378635897846e+18
1779641654041427634,11.7,1.4825,373.0,23.53005271931282,21.525000000000002,47.613015879664395,11.712950790789693,1.779642973794557e+18,1.779637886491073e+18
1779641654441454260,11.704,1.3825,1138.3,23.598101347823373,21.525000000000002,47.66286315279585,11.71397152021735,1.7796429647733745e+18,1.7796379085975224e+18
1779641654841746310,11.708,1.4325,197.0,23.678310136186973,21.227500000000003,47.72561519863702,11.715174652042805,1.7796429561186227e+18,1.7796379298461294e+18
1779641655241919718,11.712,1.4625,601.175,23.769236242004453,20.877499999999998,47.798722328391264,11.716538543630067,1.7796429478853463e+18,1.779637950094896e+18
1779641655642012600,11.708,1.415,196.225,23.839219380145302,20.685000000000002,47.85056546268158,11.71758829070218,1.7796429400129882e+18,1.779637969484587e+18
1779641656042238005,11.712,1.4825,598.825,23.91751309958365,20.4225,47.90966035034731,11.718762696493755,1.7796429325184993e+18,1.7796379879727217e+18
1779641656842524338,11.692,2.0175,576.925,23.986341105619328,19.810000000000002,47.95472543303399,11.71979511658429,1.7796429253796096e+18,1.779638005611446e+18
1779641657242830210,11.36,9.4975,122.225,24.04760616594851,19.810000000000002,47.989262003386706,11.720714092489228,1.779642918546891e+18,1.7796380225199593e+18
1779641657642977053,11.592,4.1975,373.0,24.113013162864465,19.3025,48.03599970493962,11.721695197442967,1.7796429120360105e+18,1.7796380386566912e+18
1779641658043150807,10.768,22.4675,1138.3,24.115142540550437,18.9525,48.006000528193105,11.721727138108257,1.7796429056295872e+18,1.7796380545520786e+18
1779641658443597371,10.3,31.15,197.0,24.095262991838066,18.7425,47.97912611769818,11.721428944877571,1.779642899232874e+18,1.7796380704421353e+18
1779641659244262307,10.408,27.35,196.225,24.095057556897657,19.145,47.9785558951308,11.721425863353465,1.7796428929265423e+18,1.7796380861296806e+18
1779641659644674793,10.264,30.8825,573.825,24.093727088818365,19.845,47.9783257729778,11.721405906332276,1.7796428867139448e+18,1.7796381016003116e+18
1779641660044908327,10.332,29.4475,189.05,24.089882276956885,20.51,47.97252607271753,11.721348234154354,1.7796428805707336e+18,1.779638116916661e+18
1779641660445269652,10.404,27.0975,576.925,24.095552427995596,21.209999999999997,47.98484083594788,11.721433286419934,1.7796428745321664e+18,1.779638131990631e+18
1779641660846032233,10.476,26.3,122.225,24.09854028950438,21.595,47.9906547333175,11.721478104342566,1.7796428685913818e+18,1.7796381468378596e+18
1779641661246504201,10.4,26.915,373.0,24.109847831103735,21.8225,48.01522386492048,11.721647717466556,1.779642862790256e+18,1.7796381613512046e+18
1779641661847029508,10.528,23.7825,197.0,24.10946296052128,21.98,48.022368305461015,11.72164194440782,1.779642857088594e+18,1.7796381756312727e+18
1779641662447799320,10.56,23.3475,196.225,24.113964840726908,22.295,48.04115712765253,11.721709472610904,1.7796428514921646e+18,1.7796381896653532e+18
1779641662848259568,10.524,23.4175,598.825,24.11397972404886,22.47,48.05657605204288,11.721709695860733,1.779642845992773e+18,1.7796382034693804e+18
1779641663248710602,10.584,22.3825,576.925,24.171086746787477,22.82,48.105778305683195,11.722566301201812,1.7796428407906342e+18,1.7796382165441032e+18
1779641663648910113,10.428,26.1675,122.225,24.202580262758094,22.837500000000002,48.134665218485814,11.723038703941372,1.7796428357824663e+18,1.7796382291472056e+18
1779641664049268011,10.484,25.415,1138.3,24.213303051829808,23.0125,48.15637591374712,11.723199545777447,1.7796428308991286e+18,1.7796382414489495e+18
1779641664449794439,10.52,23.765,197.0,24.228768592248255,23.099999999999998,48.193388792878665,11.723431528883724,1.779642826156801e+18,1.7796382534080548e+18
1779641664850359301,10.664,20.765,601.175,24.22843681280025,23.3275,48.210732426501245,11.723426552192004,1.7796428215262423e+18,1.7796382650918129e+18
1779641665450992817,10.628,21.28,196.225,24.229920068703418,23.485,48.23359984327219,11.723448801030552,1.779642816984669e+18,1.7796382765642327e+18
1779641665851588244,10.508,23.58,598.825,24.241390897927023,23.8,48.26914319831431,11.723620863468906,1.779642812561974e+18,1.779638287748453e+18
1779641666252105735,11.272,7.6325,189.05,24.187532407527417,24.6925,48.244920378963535,11.722812986112912,1.7796428080493765e+18,1.7796382991634202e+18
1779641666652816439,11.436,4.565,576.925,24.145226670396806,23.52,48.23396708423966,11.722178400055952,1.7796428034818483e+18,1.7796383107232812e+18
1779641669254462360,11.12,12.2175,196.225,24.14366798836595,22.47,48.240461680265426,11.72215501982549,1.7796427990829425e+18,1.7796383218770545e+18
1779641671055348832,11.656,1.4825,122.225,24.14802703582056,21.735,48.242206356630426,11.722220405537309,1.7796427948416095e+18,1.7796383326487923e+18
1779641671455697079,11.648,1.8325,373.0,24.1603034110281,21.4025,48.248071281269645,11.722404551165422,1.77964279070338e+18,1.77963834317366e+18
1779641671855895811,11.652,1.75,1138.3,24.17150755683846,21.4025,48.25029568630328,11.722572613352577,1.7796427866586947e+18,1.7796383534760707e+18
1779641672256221132,11.656,1.815,197.0,24.189784491460568,21.07,48.26036535261304,11.722846767371909,1.7796427827348598e+18,1.7796383634859328e+18
1779641673056571254,11.348,8.73,196.225,24.21619169142139,20.895,48.26917146843588,11.723242875371321,1.779642778963775e+18,1.77963837312624e+18
1779641673456763747,11.536,4.3325,598.825,24.232977404320565,20.405,48.27822180611862,11.723494661064809,1.779642775315156e+18,1.7796383824665864e+18
1779641674257208112,11.54,3.9825,122.225,24.332935453832093,19.6175,48.33984898781755,11.724994031807482,1.7796427720298373e+18,1.7796383909121615e+18
1779641675057516248,11.136,12.3825,1138.3,24.378399901442847,19.355,48.367563183897396,11.725675998521643,1.779642768943737e+18,1.7796383988704407e+18
1779641675457772705,11.328,8.3,197.0,24.399900268897017,18.8125,48.38099335653565,11.725998504033456,1.7796427659372984e+18,1.7796384066442888e+18
1779641675858348580,11.044,14.33,601.175,24.408502865947135,18.655,48.384839885179616,11.726127542989207,1.7796427629989793e+18,1.7796384142558126e+18
1779641676259021571,11.564,2.665,196.225,24.377936218410255,18.060000000000002,48.3655080230625,11.725669043276154,1.779642760021101e+18,1.779638421972608e+18
1779641676659119638,10.984,16.5175,598.825,24.379347336205313,17.745,48.35688088063056,11.72569021004308,1.779642757102409e+18,1.7796384295462351e+18
1779641677059644015,10.312,30.3475,189.05,24.33783995778812,17.745,48.31306156626106,11.725067599366822,1.7796427541262016e+18,1.7796384372665283e+18
1779641677459778243,10.264,30.235,576.925,24.315732853731298,17.745,48.29937833763015,11.72473599280597,1.7796427511533988e+18,1.779638444980335e+18
1779641677860282040,10.228,31.8475,122.225,24.270798320251252,17.7625,48.25733449337141,11.724061974803769,1.7796427481566582e+18,1.7796384527473068e+18
1779641678260533359,10.112,34.0975,373.0,24.21425274774946,17.78,48.20991209372217,11.723213791216242,1.7796427450851374e+18,1.779638460699386e+18
1779641678661227419,10.072,35.28,1138.3,24.149793473551345,17.885,48.1515597983826,11.72224690210327,1.7796427419365996e+18,1.7796384688381944e+18
1779641679061712833,10.136,33.6975,197.0,24.079556809822186,18.0425,48.09690268120803,11.721193352147333,1.7796427386893978e+18,1.779638477220119e+18
1779641680663057870,10.148,33.1325,601.175,24.03290724146666,18.0425,48.06399468616397,11.720493608622,1.7796427354593354e+18,1.7796384855597596e+18
1779641681063430387,10.22,31.665,196.225,23.987910485279627,18.252499999999998,48.03385594949107,11.719818657279195,1.779642732203318e+18,1.7796384939607322e+18
1779641682264145756,10.172,32.965,576.925,23.94624619065808,18.6725,48.00011524341199,11.719193692859871,1.7796427289536863e+18,1.7796385023473623e+18
1779641682664375595,10.164,32.6475,122.225,23.92296318344188,18.7425,47.98498513062768,11.718844447751628,1.779642725741513e+18,1.779638510635798e+18
1779641683064746751,10.132,33.1975,373.0,23.908122964113396,18.83,47.97554045397397,11.718621844461701,1.7796427224739958e+18,1.7796385190871404e+18
1779641683465153306,10.18,31.8475,1138.3,23.89437117409035,18.83,47.97413877878556,11.718415567611355,1.7796427190885284e+18,1.7796385278750477e+18
1779641683865578892,10.44,25.6325,197.0,23.880467254672237,18.935000000000002,47.9803213256101,11.718207008820084,1.7796427157376812e+18,1.7796385365791964e+18
1779641684265970541,10.408,26.5825,601.175,23.865243468165374,19.0575,47.98337124847236,11.717978652022481,1.7796427123643968e+18,1.7796385453560655e+18
1779641684666250547,10.352,27.7325,196.225,23.848509400529913,19.2675,47.98672897929612,11.717727641007949,1.7796427091067694e+18,1.7796385538232658e+18
1779641685066667616,10.412,27.1825,598.825,23.828278994260963,19.53,47.97562765108886,11.717424184913915,1.7796427059159101e+18,1.7796385621130593e+18
1779641686267783673,10.412,26.35,122.225,23.802242104907677,20.125,47.97163659436759,11.717033631573615,1.77964270279518e+18,1.7796385702228403e+18
1779641686668245351,10.428,26.1675,373.0,23.781161172873,20.195,47.97295761429511,11.716717417593095,1.779642699712354e+18,1.7796385782339607e+18
1779641687068565578,10.416,27.1475,1138.3,23.75236135721289,20.3,47.96355886749865,11.716285420358194,1.7796426966376223e+18,1.779638586223862e+18
1779641687468939036,10.484,25.2825,197.0,23.7025799286507,20.4575,47.9403409905441,11.71553869892976,1.779642693518607e+18,1.7796385943243366e+18
1779641687869182344,10.432,26.7675,601.175,23.677711815074613,20.51,47.930968058107865,11.71516567722612,1.779642690420375e+18,1.7796386023713964e+18
1779641688269374918,10.436,26.45,196.225,23.670157439164367,20.615,47.94251536777453,11.715052361587466,1.7796426873768937e+18,1.7796386102817994e+18
1779641688669572732,10.336,27.38,598.825,23.671963217847573,20.615,47.97179660377302,11.715079448267714,1.779642684412455e+18,1.7796386179936453e+18
1779641689069867293,10.488,24.185,189.05,23.663364511866373,20.825,47.99284088796434,11.714950467677996,1.7796426814965048e+18,1.7796386255847168e+18
1779641689470163184,10.456,25.1825,576.925,23.65412664152865,20.8425,48.00582431936163,11.71481189962293,1.779642678631253e+18,1.7796386330481283e+18
1779641689870484443,10.436,26.565,122.225,23.649238532530074,20.86,48.00651449572603,11.714738577987951,1.779642675811313e+18,1.7796386404013307e+18
1779641690271122378,10.452,26.065,373.0,23.653508965936197,20.9475,48.01032703525485,11.714802634489043,1.7796426730578954e+18,1.7796386475906916e+18
1779641690671738281,10.476,25.98,197.0,23.63921269709604,21.105,48.001660366713445,11.71458819045644,1.7796426703288486e+18,1.7796386547215583e+18
1779641691072299271,10.504,24.7825,601.175,23.634981285607935,21.1925,48.012566956923955,11.71452471928412,1.7796426676483597e+18,1.779638661732608e+18
1779641691472715698,10.528,24.7325,598.825,23.632113525878694,21.28,48.012301112517314,11.71448170288818,1.779642665019637e+18,1.7796386686153866e+18
1779641692474269557,10.56,23.3825,122.225,23.6310327488735,21.5075,48.017638591153926,11.714465491233103,1.7796426624716457e+18,1.779638675297964e+18
1779641692874948281,10.568,23.615,373.0,23.63841186084776,21.5075,48.02236235263048,11.714576177912717,1.779642660024081e+18,1.7796386817220803e+18
1779641693275802627,10.496,25.465,1138.3,23.631758487191416,21.5425,48.021628878858,11.714476377307872,1.7796426576198574e+18,1.7796386880377065e+18
1779641693676092493,10.584,23.5325,197.0,23.626553594519415,21.5075,48.02275371357002,11.714398303917791,1.7796426552578995e+18,1.7796386942484728e+18
1779641694076646140,10.552,23.8325,601.175,23.624170071463688,21.5075,48.02767231931577,11.714362551071956,1.7796426529402742e+18,1.7796387003500616e+18
1779641694477377821,10.536,24.1,196.225,23.62464453018394,21.5775,48.03111063925355,11.71436966795276,1.7796426506812413e+18,1.779638706303885e+18
1779641694878007562,10.492,24.25,598.825,23.623991735305403,21.6125,48.04446031177141,11.714359876029581,1.7796426484664988e+18,1.779638712149027e+18
1779641695278630423,10.56,22.25,189.05,23.615206162543544,21.5425,48.05610489031286,11.714228092438153,1.7796426462850819e+18,1.779638717910925e+18
1779641696079422151,10.364,27.065,122.225,23.620582435437324,21.5075,48.0768615753099,11.71430873653156,1.779642644189486e+18,1.7796387234561385e+18
1779641696480199848,10.484,24.8825,373.0,23.62113728290189,21.7175,48.08619945911877,11.714317059243529,1.7796426421804114e+18,1.7796387287737682e+18
1779641696880757415,10.388,26.515,1138.3,23.626075491648223,21.227500000000003,48.09751661606117,11.714391132374724,1.7796426402395587e+18,1.7796387339171364e+18
1779641697680993708,10.448,25.2475,196.225,23.62842613339715,20.772499999999997,48.10744608493337,11.714426392000957,1.7796426383631644e+18,1.7796387389006141e+18
1779641698081375980,10.448,25.3675,598.825,23.63042124615067,20.93,48.11671651627981,11.71445631869226,1.7796426365085125e+18,1.7796387438383421e+18
1779641698481712352,10.544,23.8975,189.05,23.63036764554038,21.07,48.11975034210545,11.714455514683106,1.779642634635125e+18,1.7796387488432573e+18
1779641698881888261,10.46,25.865,576.925,23.63303272401189,21.2625,48.11989417513527,11.714495490860179,1.7796426327884006e+18,1.7796387537886735e+18
1779641699282322530,10.508,24.0,122.225,23.63292556564023,21.525000000000002,48.12894738165692,11.714493883484604,1.7796426309570568e+18,1.7796387587045832e+18
1779641699682469940,11.044,12.1325,373.0,23.588404841021614,21.595,48.10729257525325,11.713826072615324,1.779642629038938e+18,1.77963876385279e+18
1779641700082745166,11.424,4.215,1138.3,23.51105991035585,21.787499999999998,48.05709772074812,11.712665898655338,1.7796426269603802e+18,1.779638769422592e+18
1779641700482965929,11.46,4.05,197.0,23.46101717720751,21.5775,48.024581901077354,11.711915257658113,1.7796426247826908e+18,1.779638775258174e+18
1779641700883224944,10.992,14.715,601.175,23.457280350348068,21.1575,48.018658727495676,11.711859205255221,1.7796426226149578e+18,1.7796387810790477e+18
1779641701283627823,10.956,15.785,196.225,23.45614250963137,20.912499999999998,48.021743012746775,11.71184213764447,1.779642620456032e+18,1.779638786889952e+18
1779641701683832923,10.876,16.665,598.825,23.44550932069935,20.5975,48.01815358382919,11.71168263981049,1.7796426182770693e+18,1.779638792766995e+18
1779641702084111147,10.82,17.515,189.05,23.431518897044693,20.4925,48.01582753080514,11.71147278345567,1.7796426160789527e+18,1.7796387987057275e+18
1779641702484461319,10.78,18.8475,576.925,23.42357332856728,20.352500000000003,48.01631444366659,11.71135359992851,1.7796426138704804e+18,1.7796388046848942e+18
1779641702884750722,10.804,18.6325,122.225,23.41850698344252,20.212500000000002,48.016180466948526,11.711277604751638,1.7796426116618908e+18,1.779638810677113e+18
1779641703285261866,10.796,18.915,373.0,23.45230804412288,20.16,48.03610194156373,11.711784620661843,1.7796426095415526e+18,1.7796388164538365e+18
1779641703685498370,10.724,20.1675,1138.3,23.462137344197195,20.0725,48.043934441722435,11.711932060162958,1.7796426074405494e+18,1.7796388221965007e+18
1779641704085870826,10.78,18.95,197.0,23.469817049071715,20.0725,48.04803384684905,11.712047255736076,1.7796426052882788e+18,1.7796388281052357e+18
1779641704486721731,10.768,19.5,601.175,23.465343555162303,20.0725,48.04784364212337,11.711980153327435,1.779642603111452e+18,1.779638834096558e+18
1779641704887270981,11.408,4.665,196.225,23.39943592156342,20.1425,48.00864134970958,11.710991538823452,1.7796426007666452e+18,1.7796388405439247e+18
1779641705287660598,10.896,16.815,598.825,23.412470247833937,20.055,48.01454898485171,11.71118705371751,1.779642598346607e+18,1.7796388472304648e+18
1779641705688304168,10.38,28.765,189.05,23.40222215625172,19.9325,47.99594392934416,11.711033332343776,1.7796425958261146e+18,1.7796388542147983e+18
1779641706088907663,10.368,28.5825,576.925,23.391448964782022,20.1075,47.98439279574152,11.71087173447173,1.7796425932201649e+18,1.7796388614541798e+18
1779641706489446885,10.244,30.55,122.225,23.386404778837708,20.23,47.98412053188964,11.710796071682566,1.7796425905488305e+18,1.779638868894929e+18
1779641706890116984,10.472,24.98,373.0,23.3945310704522,20.37,47.995290707620576,11.710917966056783,1.7796425878465572e+18,1.7796388764462717e+18
1779641707290323020,10.244,30.05,1138.3,23.39944351379841,20.474999999999998,48.00533853209889,11.710991652706976,1.7796425851191316e+18,1.7796388840897267e+18
1779641707690778691,10.272,28.85,197.0,23.412196028020148,21.175,48.025676245079524,11.711182940420303,1.7796425823899515e+18,1.7796388917626755e+18
1779641708091380885,10.244,30.2,601.175,23.429950990908747,21.0,48.03663435474735,11.711449264863631,1.7796425796684518e+18,1.7796388994407398e+18
1779641708491981569,10.252,30.4175,196.225,23.42973379511069,21.0175,48.03598597992709,11.71144600692666,1.7796425769256622e+18,1.7796389071965635e+18
1779641708892699903,10.316,27.2175,598.825,23.440118310387767,21.2625,48.06190902310344,11.711601774655817,1.7796425741845548e+18,1.77963891497019e+18
1779641709292882557,10.184,31.115,189.05,23.445973645933492,21.5075,48.074526852155095,11.711689604689003,1.779642571434949e+18,1.7796389227881661e+18
1779641709693395272,10.492,24.2325,576.925,23.447106506827062,21.752499999999998,48.08546094427261,11.711706597602406,1.7796425686746079e+18,1.7796389306541394e+18
1779641710094275251,10.336,27.2825,122.225,23.457173167850996,21.787499999999998,48.10468475714054,11.711857597517765,1.7796425659194586e+18,1.7796389385272658e+18
1779641710494744835,10.252,29.9975,373.0,23.443730891716367,21.7175,48.10691345482547,11.711655963375746,1.7796425631313664e+18,1.7796389465039862e+18
1779641710895077828,10.316,28.6825,1138.3,23.44501233990387,21.665000000000003,48.11178161744512,11.711675185098558,1.7796425603410998e+18,1.7796389545040038e+18
1779641711295497165,10.34,28.465,197.0,23.45353033323168,21.752499999999998,48.11480066313396,11.711802954998475,1.7796425575635418e+18,1.7796389624883346e+18
1779641711696139549,10.292,29.165,601.175,23.46141840803397,21.805,48.12191962171714,11.71192127612051,1.7796425547970893e+18,1.7796389704610588e+18
1779641712096644119,10.272,29.5825,196.225,23.470131915782314,21.77,48.129737738635775,11.712051978736735,1.7796425520423322e+18,1.779638978420741e+18
1779641712497171821,10.308,27.1675,598.825,23.53774261706831,21.8225,48.18968221343002,11.713066139256025,1.7796425494056417e+18,1.7796389860922565e+18
1779641712897610806,10.172,30.665,189.05,23.569601791128573,21.805,48.223566947454174,11.713544026866929,1.7796425468244265e+18,1.7796389936357622e+18
1779641713298002070,10.26,29.5325,576.925,23.569214700170175,21.787499999999998,48.23456318879878,11.713538220502553,1.7796425442360527e+18,1.7796390012142907e+18
1779641713698427143,10.244,29.85,122.225,23.575066089798767,21.8225,48.246286731373466,11.713625991346982,1.779642541655965e+18,1.779639008786458e+18
1779641714098789384,10.26,29.75,373.0,23.584678254461565,21.787499999999998,48.26121906936596,11.713770173816924,1.7796425391041385e+18,1.77963901629615e+18
1779641714499149262,10.272,29.3,1138.3,23.590655408130644,21.805,48.272358489332426,11.71385983112196,1.77964253660464e+18,1.779639023671033e+18
1779641714899641838,10.252,29.9175,197.0,23.59489509176,21.8575,48.28021345929152,11.7139234263764,1.7796425341588268e+18,1.7796390309058125e+18
1779641715300040758,10.504,22.9325,601.175,23.579581973561822,21.8575,48.28658187922678,11.713693729603428,1.779642531734344e+18,1.7796390380834767e+18
1779641715700492751,10.208,29.4175,196.225,23.601568763114443,22.05,48.326404032940445,11.714023531446717,1.779642529406266e+18,1.779639045005863e+18
1779641716100937945,10.468,23.4675,598.825,23.62231239306609,22.084999999999997,48.38239460335929,11.714334685895992,1.7796425271796902e+18,1.7796390516567365e+18
1779641716501308558,10.264,28.215,189.05,23.644057661995003,4.7775,48.4259891516414,11.714660864929925,1.7796425250744228e+18,1.7796390579790144e+18
1779641716901497046,10.276,28.6325,576.925,23.65720138924624,22.189999999999998,48.45080394664839,11.714858020838694,1.7796425230591875e+18,1.7796390640576333e+18
1779641717301839455,10.276,27.9,122.225,23.669666689753363,22.015,48.47990258923574,11.7150450003463,1.7796425211579802e+18,1.7796390698231844e+18
1779641717702099774,10.444,24.4325,373.0,23.665573274587068,22.3125,48.49406897561875,11.714983599118806,1.7796425193255713e+18,1.7796390753964564e+18
1779641718102419099,10.464,24.7475,1138.3,23.667725133016702,22.3825,48.50894694622654,11.71501587699525,1.7796425175687242e+18,1.7796390807607283e+18
1779641718502655575,10.34,27.7325,197.0,23.67986060852226,22.4875,48.531093433850614,11.715197909127834,1.7796425159273902e+18,1.7796390858040658e+18
1779641718902982516,10.456,24.25,601.175,23.680927782683924,22.5575,48.546820834105446,11.71521391674026,1.7796425143537846e+18,1.7796390906597711e+18
1779641719303245748,10.292,28.2,196.225,23.701519772810485,22.61,48.56797821549708,11.715522796592158,1.7796425128745162e+18,1.7796390952601403e+18
1779641719703514734,10.44,25.3175,598.825,23.76775672237563,22.715,48.615171799905646,11.716516350835635,1.7796425115226883e+18,1.7796390995323958e+18
1779641720104060369,10.42,26.115,189.05,23.789442006459247,22.925,48.63262716061622,11.716841630096889,1.779642510245526e+18,1.7796391036062285e+18
1779641721305652152,11.26,6.7825,1138.3,23.675242068211414,23.555,48.57206612373154,11.715128631023171,1.779642508867446e+18,1.7796391079367386e+18
1779641722106681117,11.34,5.6675,601.175,23.581754037294132,23.2925,48.53884010817313,11.713726310559412,1.7796425073874468e+18,1.779639112531934e+18
1779641722507092436,10.872,16.9675,196.225,23.601577021469154,23.66,48.57767612062795,11.714023655322038,1.779642505977316e+18,1.7796391169423345e+18
1779641722907697080,10.796,18.03,598.825,23.592375602008,22.61,48.58843252809622,11.71388563403012,1.779642504581028e+18,1.7796391213165335e+18
1779641723308071871,11.324,5.6475,189.05,23.494086325844957,22.5575,48.54428451431265,11.712411294887675,1.7796425030589558e+18,1.779639126017208e+18
1779641723708526887,10.696,20.05,576.925,23.482831750675302,22.33,48.54368485687073,11.71224247626013,1.7796425015481708e+18,1.7796391306887444e+18
1779641724109212878,10.508,24.5,122.225,23.4876541621692,22.1725,48.555230501056464,11.712314812432538,1.7796425000696888e+18,1.7796391352778348e+18
1779641724509820721,10.396,26.465,373.0,23.497320990931257,22.47,48.575953032765035,11.71245981486397,1.7796424986393083e+18,1.77963913974026e+18
1779641724910484341,10.548,23.1,1138.3,23.491215251619305,22.3125,48.572744652799926,11.71236822877429,1.779642497230786e+18,1.7796391441446582e+18
1779641725310955757,10.388,26.6825,197.0,23.504730935215854,22.2425,48.59925313680789,11.712570964028238,1.7796424959686377e+18,1.7796391481336627e+18
1779641725711367940,10.308,27.78,601.175,23.516891157428613,22.2075,48.626423875985374,11.71275336736143,1.779642494833256e+18,1.7796391517636902e+18
1779641726112108955,10.588,21.835,195.225,23.510310726756426,22.26,48.642089966385626,11.712654660901347,1.7796424937799101e+18,1.779639155156273e+18
1779641726512848859,10.476,24.6825,598.825,23.509883758429893,22.2775,48.650294298479636,11.712648256376449,1.779642492806274e+18,1.7796391583211958e+18
1779641726913655564,10.336,27.915,189.05,23.514297258672855,22.1375,48.66309465254644,11.712714458880093,1.7796424919038305e+18,1.7796391612858668e+18
1779641727313807827,10.496,24.0325,576.925,23.512115343256156,22.224999999999998,48.67123605900726,11.712681730148843,1.7796424910621071e+18,1.7796391640773732e+18
1779641727714134420,10.468,24.7975,122.225,23.51173000637032,22.295,48.67937515332542,11.712675950095555,1.7796424902730473e+18,1.7796391667202606e+18
1779641728114445530,10.428,26.0825,373.0,23.597791699207647,22.2425,48.73186221160166,11.713966875488115,1.7796424896654625e+18,1.7796391688782766e+18
1779641728514727553,10.52,23.4975,1138.3,23.63396196417996,22.435000000000002,48.76162039729246,11.7145094294627,1.7796424891552584e+18,1.779639170773268e+18
1779641728915049202,10.384,26.95,197.0,23.668189276935617,22.5575,48.78469192509737,11.715022839154035,1.7796424887343327e+18,1.7796391724276864e+18
1779641729315339089,10.488,24.3325,601.175,23.68598953213622,22.662499999999998,48.802442074683555,11.715289842982044,1.7796424882957005e+18,1.7796391741501478e+18
1779641729715627344,11.432,3.615,196.225,23.567916116357132,22.68,48.735200085743394,11.713518741745357,1.7796424876301322e+18,1.779639176490421e+18
1779641730115693419,11.492,3.05,598.825,23.472633139778473,22.7325,48.68098381579736,11.712089497096677,1.779642486783015e+18,1.7796391793269983e+18
1779641730515892073,11.58,1.4825,189.05,23.393558731882244,22.4875,48.63521586075115,11.710903380978234,1.7796424857834068e+18,1.7796391825831493e+18
1779641730916035539,11.544,2.5325,576.925,23.326036238126655,22.33,48.59638706305058,11.7098905435719,1.7796424846559813e+18,1.7796391861925253e+18
1779641731316222039,11.564,2.0825,122.225,23.253826083525855,22.189999999999998,48.55465171292123,11.708807391252888,1.7796424834059505e+18,1.7796391901379845e+18
1779641731716465281,11.612,1.4475,373.0,23.184072780524847,22.0675,48.5150013626027,11.707761091707873,1.7796424820370962e+18,1.7796391944104412e+18
1779641732116736404,11.62,1.4825,1138.3,23.133727880692298,21.752499999999998,48.4873625548073,11.707005918210385,1.7796424805826084e+18,1.7796391989219756e+18
1779641732516931611,11.636,1.4325,197.0,23.098949922018683,21.4375,48.47425958124302,11.70648424883028,1.779642479070554e+18,1.7796392035975905e+18
1779641732917156787,11.64,1.4625,601.175,23.079974216169383,21.087500000000002,48.4703232635899,11.706199613242541,1.7796424775286812e+18,1.7796392083630838e+18
1779641733317433301,11.64,1.4475,196.225,23.07179574000985,20.877499999999998,48.4699770337673,11.706076936100148,1.7796424759733814e+18,1.779639213175309e+18
1779641733717724172,11.644,1.5175,598.825,23.070745370388288,20.6675,48.47574370885321,11.706061180555825,1.779642474418558e+18,1.7796392179964431e+18
1779641734118141348,11.648,1.4825,189.05,23.0715608353829,20.58,48.48355283594784,11.706073412530744,1.779642472868559e+18,1.7796392228144e+18
1779641734518501643,11.656,1.4625,576.925,23.084172066362942,20.58,48.495095186175206,11.706262580995444,1.779642471340087e+18,1.7796392275851955e+18
1779641734918956745,11.656,1.4475,122.225,23.093149650140713,20.5275,48.505695381775666,11.706397244752111,1.7796424698206497e+18,1.7796392323441756e+18
1779641735319711171,11.664,1.4825,373.0,23.123646536174594,20.405,48.52325918008319,11.70685469804262,1.779642468343086e+18,1.7796392370038438e+18
1779641735719949347,11.664,1.4475,1138.3,23.143077309199537,20.212500000000002,48.53898698794348,11.707146159637993,1.7796424668959101e+18,1.7796392415925432e+18
1779641736120529698,11.672,1.4325,197.0,23.17758336549189,20.037499999999998,48.55885924873112,11.707663750482379,1.7796424654917307e+18,1.7796392460798835e+18
1779641736520832353,11.672,1.415,601.175,23.20717610816707,19.897499999999997,48.57891934104518,11.708107641622506,1.7796424641325245e+18,1.7796392504569866e+18
1779641736921479593,11.672,1.4475,196.225,23.234323931696174,19.337500000000002,48.60078087366341,11.708514858975443,1.7796424628105303e+18,1.779639254745514e+18
1779641737322014230,11.676,1.4475,598.825,23.266621235386317,19.337500000000002,48.62294760857974,11.708999318530795,1.77964246153069e+18,1.779639258932903e+18
1779641737722343340,11.68,1.4625,189.05,23.30458035865473,19.005,48.647727152955895,11.709568705379821,1.7796424603043453e+18,1.7796392629875067e+18
1779641738122972435,11.68,1.4475,576.925,23.3426982821588,18.865,48.66972577902397,11.710140474232382,1.779642459142802e+18,1.779639266874897e+18
1779641738523279703,11.684,1.4975,122.225,23.385450189490285,18.445,48.69499616647113,11.710781752842355,1.779642458067245e+18,1.7796392705330673e+18
1779641738924053907,11.684,1.4625,373.0,23.431204187815112,18.3925,48.716424047425555,11.711468062817227,1.7796424570893596e+18,1.7796392739277243e+18
1779641739324580707,11.308,9.765,1138.3,23.47417175544724,18.3925,48.73553289110074,11.712112576331709,1.779642456199934e+18,1.7796392770845844e+18
1779641739724863520,11.26,11.08,197.0,23.525304100377006,17.9025,48.75505814919698,11.712879561505655,1.7796424554417917e+18,1.7796392798779233e+18
1779641740125513027,11.604,2.3825,601.175,23.54588429749078,17.745,48.75925471033231,11.713188264462362,1.7796424547492268e+18,1.7796392824899617e+18
1779641740526232266,9.68,46.2825,196.225,23.386059065987595,17.709999999999997,48.57417374482569,11.710790885989814,1.779642453887914e+18,1.7796392855369295e+18
1779641740927009634,9.692,44.4475,598.825,23.341974689828213,18.147499999999997,48.496010336080694,11.710129620347423,1.7796424530162765e+18,1.7796392885997394e+18
1779641741327800762,9.7,43.4475,189.05,23.29895070837823,18.147499999999997,48.436451167195735,11.709484260625674,1.7796424521334346e+18,1.779639291681775e+18
1779641741728015463,9.868,38.53,122.225,23.29075089231084,18.8825,48.42397314009833,11.709361263384663,1.7796424512837222e+18,1.7796392946665766e+18
1779641742128598859,9.812,38.4825,373.0,23.30025384446284,19.127499999999998,48.43991482203719,11.709503807666943,1.7796424505295178e+18,1.7796392973739796e+18
1779641742528980907,9.94,36.2,1138.3,23.284760717022305,19.372500000000002,48.43593257883244,11.709271410755335,1.7796424498030548e+18,1.779639299996287e+18
1779641742929278963,9.82,38.565,197.0,23.26813210572538,19.5475,48.43326017463257,11.709021981585881,1.7796424491013555e+18,1.779639302541865e+18
1779641743329574240,9.72,40.985,601.175,23.232945324267664,19.6525,48.41509101900306,11.708494179864015,1.779642448449436e+18,1.7796393049253586e+18
1779641743729709425,9.78,38.9,196.225,23.196388118241693,20.352500000000003,48.41361604939507,11.707945821773626,1.7796424478015347e+18,1.7796393072848965e+18
1779641744130120887,9.932,35.715,598.825,23.180968347062194,20.352500000000003,48.418203371058794,11.707714525205933,1.7796424471786941e+18,1.7796393095672614e+18
1779641744530499481,9.98,36.4475,189.05,23.162527475105147,19.845,48.42029750532732,11.707437912126577,1.7796424465785674e+18,1.7796393117779715e+18
1779641744931129627,9.976,34.2325,576.925,23.18381074215636,19.845,48.455780177727405,11.707757161132346,1.7796424460498721e+18,1.7796393137887084e+18
1779641745331174445,9.772,40.1325,122.225,23.180151720338497,19.95,48.45511360335015,11.707702275805078,1.7796424455601203e+18,1.7796393156854085e+18
1779641745731537300,9.912,37.4675,373.0,23.17526202666229,19.985,48.442026780420676,11.707628930399935,1.779642445113718e+18,1.77963931745386e+18
1779641746131718441,9.98,34.415,1138.3,23.19423912741652,20.125,48.47720020257447,11.707913586911248,1.7796424447392558e+18,1.7796393190186765e+18
1779641746532279347,9.944,36.0675,197.0,23.199345944783964,20.16,48.486592183738736,11.70799018917176,1.779642444418107e+18,1.7796393204293143e+18
1779641746932574365,9.968,34.4825,601.175,23.218525717365843,20.825,48.51701439301223,11.708277885760488,1.7796424441693545e+18,1.779639321634325e+18
1779641747332947051,9.828,38.8675,196.225,23.218614163121213,20.1775,48.52201133062766,11.708279212446818,1.7796424440570496e+18,1.7796393224282716e+18
1779641747733070850,9.9,38.135,598.825,23.20258433447773,20.125,48.50041122626266,11.708038765017166,1.779642443984647e+18,1.7796393230973402e+18
1779641748133313546,10.496,22.6,189.05,23.190036820153818,20.125,48.52790347634092,11.707850552302308,1.7796424439975672e+18,1.7796393235043082e+18
1779641748533581984,11.448,2.3975,576.925,23.06336112095723,20.16,48.464783799309025,11.705950416814359,1.7796424439353513e+18,1.779639324082393e+18
1779641748933788521,11.492,2.3475,122.225,22.979464919874168,20.439999999999998,48.429620623794165,11.704691973798113,1.7796424438409644e+18,1.779639324722116e+18
1779641749334005084,11.396,4.3825,373.0,22.90560266327825,20.212500000000002,48.4019179723703,11.703584039949174,1.7796424437243126e+18,1.7796393253984778e+18
1779641749734347748,10.1,32.965,1138.3,22.907353814396167,20.195,48.40754327677163,11.703610307215943,1.7796424436776128e+18,1.7796393258670272e+18
1779641750134919586,10.932,14.1175,197.0,22.86529126589319,20.5625,48.38856566707093,11.702979368988398,1.779642443643285e+18,1.779639326282009e+18
1779641750535660579,10.176,31.2325,601.175,22.86760249152694,20.685000000000002,48.39589298180595,11.703014037372904,1.779642443665967e+18,1.7796393265286822e+18
1779641750936320950,10.276,28.785,196.225,22.869990092216305,20.86,48.40617844370484,11.703049851383245,1.7796424437413376e+18,1.7796393266200381e+18
1779641751336934170,10.144,32.2825,598.825,22.86918954300799,21.035,48.407721361395446,11.70303784314512,1.7796424438571354e+18,1.7796393265918643e+18
1779641751737447877,10.26,28.9975,189.05,22.872546639396482,21.227500000000003,48.424341276359286,11.703088199590947,1.7796424440114683e+18,1.7796393264518226e+18
1779641752137980161,10.252,30.0325,576.925,22.87217341572348,21.3325,48.425937167953876,11.703082601235852,1.779642444173243e+18,1.7796393262934364e+18
1779641752538513241,10.228,29.8825,122.225,22.875229149755512,21.4725,48.4326706646962,11.703128437246333,1.7796424443687695e+18,1.779639326037433e+18
1779641752939229054,10.28,28.915,373.0,22.908403520801286,21.560000000000002,48.44949994403052,11.70362605281202,1.7796424446312233e+18,1.7796393255965647e+18
1779641753340008873,10.312,27.7175,1138.3,22.95085479048123,21.665000000000003,48.48138930480178,11.704262821857219,1.7796424449328003e+18,1.779639325060702e+18
1779641753740336846,10.36,26.815,197.0,22.984716173954276,21.787499999999998,48.50816754078026,11.704770742609314,1.7796424452720658e+18,1.7796393244297147e+18
1779641754141088007,10.36,26.3,601.175,22.974451346133588,21.805,48.515807765505095,11.704616770192004,1.77964244560322e+18,1.7796393238225428e+18
1779641754541621064,10.308,28.45,196.225,22.952806371041437,22.015,48.5075627208577,11.704292095565622,1.7796424459118548e+18,1.7796393232779658e+18
1779641754942329755,10.336,27.4,598.825,22.947788475478667,22.1375,48.51268293622581,11.70421682713218,1.779642446226339e+18,1.7796393227168717e+18
1779641755342880603,11.516,1.415,189.05,22.826838133483154,22.2775,48.45307451509901,11.702402572002248,1.779642446398995e+18,1.7796393225373238e+18
1779641755743323829,11.548,1.4825,576.925,22.74698141835791,22.12,48.42024175179453,11.701204721275369,1.779642446485171e+18,1.7796393225897047e+18
1779641756144043126,11.572,1.4475,122.225,22.691220827799032,21.91,48.40236644949148,11.700368312416986,1.7796424465177766e+18,1.7796393227848317e+18
1779641756544708041,11.584,1.4475,373.0,22.649590582248244,21.77,48.38603947030175,11.699743858733724,1.7796424465113516e+18,1.7796393230851361e+18
1779641756945498942,11.596,1.4625,1138.3,22.621815765847295,21.7,48.38075965490217,11.69932723648771,1.7796424464909123e+18,1.7796393234203494e+18
1779641757345698798,11.584,2.165,197.0,22.613135399146785,21.4375,48.368774005724205,11.699197030987202,1.77964244648068e+18,1.7796393237250798e+18
1779641757745949931,11.436,4.48,601.175,22.57578949826253,21.28,48.35261477302816,11.698636842473938,1.7796424464518733e+18,1.77963932407417e+18
1779641758146301111,10.58,23.3,196.225,22.57639259372209,21.245,48.35659413497323,11.698645888905832,1.779642446445184e+18,1.779639324360506e+18
1779641758546446206,10.636,21.5675,598.825,22.571380051090337,21.1575,48.36305494671533,11.698570700766355,1.7796424464631613e+18,1.7796393245732447e+18
1779641758946805058,10.392,26.6825,189.05,22.57276343474259,21.1575,48.36392489571663,11.698591451521139,1.7796424465335593e+18,1.7796393246292562e+18
1779641759347014449,10.368,27.415,576.925,22.57393077305548,21.1925,48.36405232964536,11.698608961595832,1.7796424466495414e+18,1.779639324549397e+18
1779641759747296158,10.404,27.0975,122.225,22.572822762956637,21.349999999999998,48.36272137309822,11.69859234144435,1.7796424467859072e+18,1.7796393244106286e+18
1779641760147551724,10.232,29.65,373.0,22.648680774299443,21.3675,48.409078588826866,11.699730211614492,1.779642447047311e+18,1.779639323925691e+18
1779641760547722811,10.144,31.515,1138.3,22.691190757768418,21.560000000000002,48.4387461514645,11.700367861366527,1.7796424473925914e+18,1.7796393232053266e+18
1779641760947956627,10.18,31.3675,197.0,22.707945300853723,21.7,48.44789773181492,11.700619179512806,1.7796424477877683e+18,1.7796393223420296e+18
1779641761348157372,10.2,30.05,601.175,22.714279591621363,21.63,48.461055265363235,11.70071419387432,1.7796424482166618e+18,1.7796393213807473e+18
1779641761748321974,10.84,15.4975,196.225,22.66384086778851,21.875,48.44586313951658,11.699957613016828,1.77964244861783e+18,1.7796393204845071e+18
1779641762148605849,10.252,29.2,598.825,22.647003148646707,21.8925,48.443875384823144,11.6997050472297,1.7796424490271444e+18,1.779639319558374e+18
1779641762548962947,10.352,26.38,189.05,22.616187864006978,21.805,48.440539446258896,11.699242817960105,1.7796424494351058e+18,1.7796393186249836e+18
1779641762949241334,10.388,25.415,576.925,22.57320031983366,21.945,48.43197038729957,11.698598004797505,1.779642449816878e+18,1.779639317755851e+18
1779641763349858609,10.336,27.2175,122.225,22.52611169835231,21.91,48.41533742703846,11.697891675475285,1.7796424501770929e+18,1.7796393169346156e+18
1779641763750335534,10.3,27.815,373.0,22.47470284941814,21.647499999999997,48.397878759345076,11.697120542741272,1.7796424505084132e+18,1.7796393161822077e+18
1779641764150991580,10.316,27.8,1138.3,22.417481398044544,21.665000000000003,48.37422204623296,11.696262220970668,1.7796424507305093e+18,1.7796393157472724e+18
1779641764551523354,10.328,27.1175,197.0,22.34973959158987,21.63,48.34863728688446,11.695246093873848,1.7796424508615327e+18,1.7796393155683187e+18
1779641764952088652,10.292,28.365,601.175,22.2822016221621,21.647499999999997,48.31881247715424,11.694233024332432,1.779642450906844e+18,1.779639315629227e+18
1779641765352661851,10.264,28.6175,196.225,22.20561717385573,21.735,48.28721368035645,11.693084257607836,1.7796424508497907e+18,1.7796393159782188e+18
1779641765752959763,10.356,27.1175,598.825,22.119868077699863,21.805,48.24651500044877,11.691798021165498,1.7796424508020744e+18,1.7796393162620856e+18
1779641766153470633,10.648,19.985,189.05,22.0071943518482,21.98,48.19680266746184,11.690107915277723,1.7796424506985702e+18,1.7796393166705638e+18
1779641766554211691,10.432,24.8825,576.925,21.90302738040131,22.0675,48.150906301114325,11.68854541070602,1.7796424505493693e+18,1.7796393171767373e+18
1779641766954890394,10.292,27.95,122.225,21.797103358867126,22.26,48.1037871787999,11.686956550383007,1.7796424503432072e+18,1.779639317815632e+18
1779641767355528365,10.316,27.9825,373.0,21.694337582229362,22.505,48.053418997479156,11.68541506373344,1.7796424500736166e+18,1.7796393186097426e+18
1779641767755905140,10.224,30.05,1138.3,21.58137073730368,22.645,47.996481025223126,11.683720561059555,1.7796424497282534e+18,1.779639319593433e+18
1779641768156287711,10.3,28.3,197.0,21.459286431811076,22.872500000000002,47.93634685886037,11.681889296477166,1.7796424492888225e+18,1.7796393208205248e+18
1779641768556664187,10.324,27.315,601.175,21.347237333595544,23.0475,47.89270700290424,11.680208560003933,1.7796424487731948e+18,1.779639322240567e+18
1779641768957139810,10.312,28.5175,196.225,21.223946660351057,23.1175,47.82942350966042,11.678359199905266,1.7796424481570604e+18,1.7796393239254802e+18
1779641769357420809,10.46,25.115,598.825,21.182075707102943,23.135,47.83386200180438,11.677731135606544,1.7796424475331907e+18,1.7796393256238822e+18
1779641769758025782,10.42,26.2825,189.05,21.200425842135523,23.24,47.866993813562004,11.678006387632033,1.7796424469741164e+18,1.7796393271366449e+18
1779641770158668088,10.328,27.9,576.925,21.20005829944851,23.2925,47.876531407923956,11.678000874491728,1.7796424464564726e+18,1.7796393285278318e+18
1779641770559376506,10.396,26.3,122.225,21.208485606143956,23.4675,47.898252290325054,11.67812728409216,1.7796424459852608e+18,1.7796393297856722e+18
1779641770959864366,10.356,26.7675,373.0,21.212454125317088,23.52,47.92002994467689,11.678186811879756,1.7796424455567596e+18,1.779639330919343e+18
1779641771360332514,10.372,26.8325,1138.3,21.211140044255405,23.59,47.92729339497612,11.678167100663831,1.779642445161307e+18,1.779639331956529e+18
1779641771760741080,10.396,25.1,197.0,21.198335944958014,23.712500000000002,47.9436420460511,11.67797503917437,1.7796424447825935e+18,1.7796393329430277e+18
1779641772161240041,10.396,25.2175,601.175,21.189838466549272,23.87,47.95342145407286,11.67784757699824,1.7796424444209518e+18,1.7796393338798228e+18
1779641772561442605,10.372,25.665,196.225,21.184717274171255,23.9225,47.961919647773485,11.677770759112569,1.7796424440877384e+18,1.7796393347322593e+18
1779641772961777685,10.348,26.415,598.825,21.180794087868854,24.08,47.97107791430625,11.677711911318033,1.7796424437718397e+18,1.779639335536187e+18
1779641773362137249,10.44,24.185,189.05,21.174314129671213,24.185000000000002,47.97525480884749,11.677614711945068,1.7796424434699343e+18,1.7796393363007708e+18
1779641773762508222,10.688,18.665,576.925,21.13981657448114,24.272499999999997,47.96520515732739,11.677097248617217,1.7796424431408573e+18,1.7796393371431882e+18
1779641774162868478,10.512,22.735,122.225,21.12248307943569,24.185000000000002,47.968063772108096,11.676837246191536,1.7796424427427904e+18,1.7796393382058122e+18
1779641774563126247,10.536,22.285,373.0,21.10204557326329,24.3075,47.97199560166478,11.67653068359895,1.7796424422888922e+18,1.779639339445525e+18
1779641774963158127,10.5,23.715,1138.3,21.097962305626627,23.852500000000003,47.97329157136893,11.6764694345844,1.7796424418470694e+18,1.7796393406537334e+18
1779641775363425915,10.464,23.9175,197.0,21.091992956211502,23.7825,47.978113078040835,11.676379894343173,1.7796424414157688e+18,1.7796393418343634e+18
1779641775763786158,10.484,24.135,601.175,21.094513001585536,23.834999999999997,47.98112233495762,11.676417695023783,1.7796424410237555e+18,1.779639342899368e+18
1779641776164113865,10.508,23.3325,196.225,21.091715907939296,23.8875,47.98137558496669,11.67637573861909,1.779642440641771e+18,1.779639343939639e+18
1779641776564454558,10.444,24.715,598.825,21.121332106294656,23.939999999999998,48.003124372563676,11.67681998159442,1.7796424403145172e+18,1.7796393448278374e+18
1779641776964844356,10.368,26.985,189.05,21.144832417558913,23.9925,48.01761602790479,11.677172486263384,1.7796424400272653e+18,1.7796393456077594e+18
1779641777365124907,10.524,23.0825,576.925,21.11314815090253,23.9925,48.00955547918237,11.676697222263538,1.779642439709648e+18,1.7796393464776015e+18
1779641777765396537,11.08,10.3325,122.225,20.96450713989604,24.045,47.936124984454054,11.67446760709844,1.7796424392243666e+18,1.7796393478207478e+18
1779641778165801931,11.38,4.1975,373.0,20.780915558322803,23.8175,47.839683152352315,11.671713733374842,1.7796424385317832e+18,1.7796393497488714e+18
1779641778565987861,11.296,6.6475,1138.3,20.640402240401034,23.625,47.76654178939465,11.669606033606016,1.7796424376831347e+18,1.7796393521204257e+18
1779641779166517162,10.784,18.215,197.0,20.539226846463116,23.485,47.714211664222205,11.668088402696947,1.7796424367310863e+18,1.7796393547896663e+18
1779641779567027329,10.764,18.015,601.175,20.426528445592922,23.4675,47.66360981617546,11.666397926683894,1.7796424356584937e+18,1.7796393578043602e+18
1779641779967621287,10.66,20.265,196.225,20.321409754515756,23.3275,47.613877952439374,11.664821146317736,1.7796424344746862e+18,1.779639361139455e+18
1779641780368155481,10.628,20.9975,598.825,20.229889797063027,23.24,47.57077096748039,11.663448346955946,1.7796424332062272e+18,1.7796393647170563e+18
1779641780768523066,10.6,22.0825,189.05,20.1775939348704,23.2925,47.549099457929216,11.662663909023056,1.7796424318162668e+18,1.7796393686770424e+18
1779641781169165347,10.496,23.9675,576.925,20.111780482528683,23.205,47.52069094101937,11.66167670723793,1.7796424303188974e+18,1.7796393729682076e+18
1779641781569408851,10.528,22.5475,122.225,20.051034529293286,23.2225,47.5025285617258,11.6607655179394,1.7796424287451712e+18,1.7796393774934666e+18
1779641781969804838,10.46,24.7825,373.0,20.007623929779992,23.205,47.48317659176556,11.6601143589467,1.7796424271243894e+18,1.7796393821671002e+18
1779641782370519341,10.456,24.185,1138.3,19.932854174771062,23.17,47.46260804583918,11.658992812621566,1.7796424254297103e+18,1.7796393870614257e+18
1779641782771184389,10.428,24.8475,197.0,19.93914139404687,23.1525,47.49241703734751,11.659087120910703,1.779642423764235e+18,1.7796393918818532e+18
1779641783171892499,10.444,24.7475,601.175,19.939018713718163,23.2925,47.50660057083792,11.659085280705773,1.7796424221250875e+18,1.7796393966342433e+18
1779641783572348332,10.48,24.2325,196.225,19.953202998893786,23.38,47.53547452340734,11.659298044983407,1.7796424205317914e+18,1.7796394012616701e+18
1779641783972744170,10.54,22.735,598.825,19.969757312610362,23.537499999999998,47.56640355563672,11.659546359689156,1.779642418982266e+18,1.7796394057715492e+18
1779641784373363181,10.464,24.2325,189.05,20.001178687815678,23.695,47.61111273123811,11.660017680317235,1.7796424175003005e+18,1.7796394100929398e+18
1779641784774072783,10.568,21.9475,576.925,20.01519629045544,24.0275,47.64320072969631,11.660227944356832,1.7796424160678577e+18,1.7796394142755308e+18
1779641785174809762,10.608,20.8,122.225,20.014730964954996,24.1675,47.66567915881632,11.660220964474325,1.7796424146787474e+18,1.7796394183319672e+18
1779641785575105141,10.692,20.0,373.0,20.025594170692028,24.290000000000003,47.688015178686086,11.66038391256038,1.7796424133367708e+18,1.7796394222548808e+18
1779641785975732723,10.7,19.1325,1138.3,20.03104174947796,24.395,47.715309289332325,11.66046562624217,1.7796424120435837e+18,1.7796394260357174e+18
1779641786376098918,10.64,21.315,197.0,20.048552616746633,24.4475,47.73876114939733,11.6607282892512,1.7796424108109542e+18,1.7796394296412014e+18
1779641786776832351,10.744,18.585,601.175,20.053783572589456,24.605,47.757730598516055,11.660806753588842,1.7796424096606461e+18,1.7796394329932493e+18
1779641787177257599,10.628,19.985,196.225,20.034337701608678,24.465,47.765971556956565,11.66051506552413,1.7796424085848013e+18,1.779639436104941e+18
1779641787577444116,10.636,20.5,598.825,20.01795607261279,24.5175,47.763751818995175,11.660269341089192,1.7796424075176799e+18,1.7796394391935634e+18
1779641787977745346,10.684,19.5,189.05,19.999274185380454,24.709999999999997,47.76234456679355,11.659989112780707,1.7796424064801638e+18,1.779639442189141e+18
1779641788377976512,10.712,19.3175,576.925,19.9894575591019,24.7975,47.76327103073223,11.659841863386529,1.7796424055032323e+18,1.7796394449935498e+18
1779641789178468794,10.948,13.0,373.0,19.92141947344173,24.92,47.742587294077026,11.658821292101626,1.7796424045300616e+18,1.7796394477714926e+18
1779641789578780153,10.772,17.2825,1138.3,19.888938686772498,25.1125,47.73368064834774,11.658334080301588,1.779642403568232e+18,1.7796394505094195e+18
1779641789979145406,10.716,18.4325,197.0,19.859718613049136,24.92,47.72850842204026,11.657895779195737,1.779642402619947e+18,1.7796394532015926e+18
1779641790379373656,10.776,17.3175,601.175,19.83222733626711,25.060000000000002,47.72961926308217,11.657483410044007,1.7796424016942228e+18,1.7796394558189087e+18
1779641790779700373,10.732,19.115,196.225,19.824064900816012,25.2,47.732503029391175,11.65736097351224,1.7796424008115807e+18,1.779639458302529e+18
1779641791180057712,10.796,16.9175,598.825,19.795444738817572,25.235,47.73229035078099,11.656931671082264,1.7796423999395418e+18,1.7796394607499492e+18
1779641791580244428,11.496,2.3,189.05,19.728295269133227,25.165000000000003,47.70300660075742,11.655924429036999,1.7796423990351158e+18,1.779639463285277e+18
1779641792180664828,11.468,3.6825,122.225,19.713018566699557,24.9725,47.69212642740069,11.655695278500493,1.7796423981619164e+18,1.7796394657254152e+18
1779641792580825133,11.404,4.8475,373.0,19.691697717749033,24.622500000000002,47.67844964269812,11.655375465766236,1.7796423973034207e+18,1.7796394681192215e+18
1779641792981127601,11.444,4.65,1138.3,19.703217147638533,24.5,47.68481169449385,11.655548257214578,1.779642396495235e+18,1.7796394703638303e+18
1779641793381421444,11.44,4.565,197.0,19.705308787657643,24.4825,47.6947075184866,11.655579631814865,1.7796423957217654e+18,1.7796394725061632e+18
1779641793781690817,11.432,4.9,601.175,19.715077565592125,24.43,47.707117919019645,11.655726163483882,1.7796423949839716e+18,1.7796394745463572e+18
1779641794181991586,11.444,4.3675,196.225,19.709430616399196,24.3075,47.715016681018824,11.655641459245988,1.7796423942523543e+18,1.7796394765751437e+18
1779641794582224094,11.224,9.63,598.825,19.729717210345115,24.115,47.72996860087015,11.655945758155177,1.7796423935572905e+18,1.7796394785033487e+18
1779641794983099925,11.364,5.95,189.05,19.717035229892186,23.974999999999998,47.73242227485557,11.655755528448383,1.7796423928691963e+18,1.7796394804137405e+18
1779641795383761069,11.444,4.135,576.925,19.69854336911238,24.9025,47.72582986886911,11.655478150536686,1.7796423921778767e+18,1.779639482337634e+18
1779641795784230677,11.504,3.115,122.225,19.68989106875199,23.8,47.72772910885085,11.65534836603128,1.7796423914908739e+18,1.7796394842544673e+18
1779641796184779283,11.496,3.765,373.0,19.708432851834182,23.2925,47.74793139554436,11.655626492777513,1.7796423908208722e+18,1.7796394861346455e+18
1779641796585114737,11.552,2.615,1138.3,19.72436755056151,23.064999999999998,47.765381267366266,11.655865513258423,1.7796423901803443e+18,1.7796394879348124e+18
1779641796985634043,11.56,2.6,197.0,19.750606700143273,22.785,47.78562292174689,11.65625910050215,1.779642389575949e+18,1.7796394896371638e+18
1779641797386153116,11.564,2.715,601.175,19.78677066775236,22.5575,47.81079523612383,11.656801560016286,1.7796423890166164e+18,1.7796394912159985e+18
1779641797786646539,11.552,2.8325,196.225,19.819108905898684,22.365,47.82743532122478,11.65728663358848,1.7796423884994593e+18,1.7796394926787203e+18
1779641798187144175,11.552,2.9475,598.825,19.86170300530558,22.2075,47.84524738181063,11.657925545079584,1.7796423880313428e+18,1.779639494006623e+18
1779641798587832662,11.552,3.13,189.05,19.905469774200505,21.997500000000002,47.86912419606178,11.658582046613008,1.7796423876112968e+18,1.7796394952030116e+18
1779641798988394692,11.332,7.965,576.925,19.947264127236345,21.805,47.892538333245895,11.659208961908545,1.7796423872334582e+18,1.7796394962862461e+18
1779641799388987304,11.512,3.9825,122.225,19.988275468821424,21.525000000000002,47.91414801235542,11.659824132032321,1.779642386920092e+18,1.779639497180198e+18
1779641799789279438,11.484,4.3975,373.0,20.02027659981536,21.314999999999998,47.93068471101763,11.66030414899723,1.7796423866594145e+18,1.7796394979198792e+18
1779641800390105802,11.284,9.0175,1138.3,20.060253511274883,21.0175,47.95018649731331,11.660903802669123,1.7796423864681487e+18,1.7796394984552015e+18
1779641800790878840,11.22,10.08,197.0,20.085614785768584,20.8425,47.966551070929036,11.661284221786529,1.7796423863452987e+18,1.7796394987787364e+18
1779641801591963047,10.312,28.9475,196.225,20.080678368508913,20.72,47.96287216624154,11.661210175527634,1.779642386246556e+18,1.7796394990321505e+18
1779641801992430923,10.288,29.3,598.825,20.077281474643815,20.7375,47.95348049852076,11.661159222119657,1.7796423861684954e+18,1.7796394992211208e+18
1779641802392588692,10.212,31.0,189.05,20.091450782333524,20.772499999999997,47.949568386357996,11.661371761735003,1.7796423861355994e+18,1.779639499270725e+18
1779641802792897744,10.26,28.5675,576.925,20.126585496408893,20.7025,47.974970541429855,11.661898782446134,1.779642386178434e+18,1.7796394990866808e+18
1779641803193215911,10.316,28.1675,122.225,20.133408461336632,20.8075,47.97744801381727,11.66200112692005,1.779642386275489e+18,1.7796394987279736e+18
1779641803593460044,10.228,29.8325,373.0,20.115739650701013,20.877499999999998,47.972024101177304,11.661736094760515,1.7796423863839265e+18,1.7796394983283192e+18
1779641803993746388,10.176,30.8325,1138.3,20.093242945475208,20.895,47.9668782748519,11.661398644182128,1.7796423865103562e+18,1.7796394978628055e+18
1779641804393981369,10.14,31.4325,197.0,20.089943770361128,20.912499999999998,47.969867662042745,11.661349156555417,1.7796423867027684e+18,1.7796394971766659e+18
1779641805194694096,10.124,30.765,196.225,20.10036269649743,20.9825,47.9892812785724,11.661505440447462,1.7796423869606193e+18,1.7796394962846628e+18
1779641805595027102,10.068,31.7475,598.825,20.10661539789041,21.209999999999997,48.01193928361446,11.661599230968356,1.7796423873181588e+18,1.7796394950596347e+18
1779641805995670032,10.116,31.115,189.05,20.102589450934094,21.0525,48.0262317651527,11.661538841764012,1.7796423877366927e+18,1.7796394936283684e+18
1779641806395889581,10.224,29.285,576.925,20.09098243109141,21.314999999999998,48.03213189616046,11.661364736466371,1.7796423881718205e+18,1.7796394921394176e+18
1779641806796177460,10.236,28.765,122.225,20.085039582187107,21.455,48.04234033170922,11.661275593732807,1.779642388600559e+18,1.7796394906742482e+18
1779641807196468620,10.244,29.0325,373.0,20.07692580927774,21.77,48.04643182840113,11.661153887139166,1.779642389057089e+18,1.7796394891145306e+18
1779641807596707479,10.264,28.35,1138.3,20.064728615821608,22.015,48.0528034288164,11.660970929237324,1.779642389514337e+18,1.7796394875510372e+18
1779641808397155345,10.396,25.95,196.225,20.09108721733651,22.662499999999998,48.06970736915001,11.661366308260048,1.7796423900475267e+18,1.779639485750916e+18
1779641808797794420,10.42,25.135,598.825,20.069435443236426,22.82,48.068723184807304,11.661041531648547,1.7796423906368146e+18,1.7796394837514852e+18
1779641809198432879,10.3,26.8,189.05,20.075048381138505,22.9075,48.106214344713564,11.661125725717078,1.779642391291744e+18,1.7796394815326694e+18
1779641809599150280,10.504,22.265,576.925,20.062238460033488,22.995,48.129230085809766,11.660933576900502,1.7796423919905178e+18,1.7796394791602327e+18
1779641809999475063,10.348,26.35,122.225,20.068484076382447,23.0825,48.15258914756992,11.661027261145737,1.7796423927545556e+18,1.7796394765693893e+18
1779641810399722227,10.412,25.085,373.0,20.0636768560265,23.1875,48.15968276091907,11.660955152840398,1.7796423935680453e+18,1.7796394738087939e+18
1779641810800421426,10.436,24.3825,1138.3,20.061622925416316,23.2575,48.17377176166223,11.660924343881245,1.7796423944146324e+18,1.7796394709359176e+18
1779641811201188878,10.472,24.08,197.0,20.058024951911406,23.3625,48.176909438724536,11.660870374278671,1.7796423953011054e+18,1.7796394679263178e+18
1779641811601590386,10.5,23.4175,601.175,20.058100482745143,23.485,48.1906057538366,11.660871507241177,1.7796423962158405e+18,1.779639464821729e+18
1779641812001840677,10.492,23.8675,196.225,20.063854324244634,23.7825,48.20937340995154,11.66095781486367,1.7796423971640128e+18,1.779639461606546e+18
1779641812402492492,10.516,23.165,598.825,20.05896129275224,23.834999999999997,48.2049339766645,11.660884419391284,1.7796423981648548e+18,1.77963945820723e+18
1779641812802981508,10.576,20.9825,189.05,20.044455320110142,23.974999999999998,48.213071169139255,11.660666829801652,1.7796423991796383e+18,1.7796394547541798e+18
1779641813203740747,10.592,21.2325,576.925,20.03360662542941,23.939999999999998,48.21383746513582,11.660504099381441,1.7796424002320348e+18,1.77963945116543e+18
1779641813604196552,10.508,23.55,122.225,20.03102404686371,23.939999999999998,48.2135028392917,11.660465360702956,1.7796424012989468e+18,1.7796394475269635e+18
1779641814004475612,10.568,21.915,373.0,20.02848727297386,23.9225,48.22595999663236,11.660427309094608,1.7796424023764836e+18,1.7796394438522301e+18
1779641814405050348,10.584,20.9975,1138.3,20.0156682578402,23.939999999999998,48.23656408346792,11.660235023867603,1.7796424034640643e+18,1.7796394401379638e+18
1779641814805769877,11.376,4.135,197.0,19.938400753942368,24.01,48.20684268014266,11.659076011309136,1.7796424044849244e+18,1.7796394366183644e+18
1779641815206218784,11.448,3.165,601.175,19.884764614985144,23.8875,48.18647192796137,11.658271469224777,1.779642405448876e+18,1.7796394332720748e+18
1779641815606725231,11.512,2.165,196.225,19.846943386333347,23.6775,48.174494726159494,11.657704150795,1.779642406375103e+18,1.7796394300405788e+18
1779641816006947084,11.564,1.4975,598.825,19.824196461377095,23.52,48.153730052722224,11.657362946920657,1.7796424072778762e+18,1.7796394268820288e+18
1779641816407204826,11.576,1.5825,189.05,19.817632520561972,23.3275,48.14810596714746,11.65726448780843,1.779642408107993e+18,1.7796394239768054e+18
1779641816807859285,11.584,1.4625,576.925,19.81756446294021,23.0125,48.15357675078076,11.657263466944103,1.779642408903805e+18,1.7796394211946499e+18
1779641817208063126,11.592,1.4825,122.225,19.82656781393852,22.837500000000002,48.16402290527727,11.657398517209078,1.7796424097382152e+18,1.7796394182842842e+18
1779641818008828571,11.608,1.4475,1138.3,19.850508375189644,22.2075,48.18532368634458,11.657757625627845,1.779642410627597e+18,1.779639415203681e+18
1779641818408967447,11.612,1.4475,197.0,19.876105979076257,22.05,48.20534385345008,11.658141589686144,1.7796424115606477e+18,1.7796394119859968e+18
1779641818809228066,11.616,1.4825,601.175,19.90823979515208,21.875,48.23146580534823,11.658623596927281,1.77964241254e+18,1.7796394086251016e+18
1779641819209616752,11.62,1.4625,196.225,19.944532825598742,21.77,48.24293844209525,11.659167992383981,1.779642413594869e+18,1.77963940501889e+18
1779641819609852082,11.628,1.4825,598.825,19.978246667036313,21.6125,48.25415914106287,11.659673700005545,1.7796424147034844e+18,1.7796394012433907e+18
1779641820009985197,11.628,1.3825,189.05,20.01678997621255,21.5075,48.26462650829913,11.660251849643188,1.7796424158604785e+18,1.7796393973196954e+18
1779641820410325109,11.636,1.4625,576.925,20.056253575916426,21.455,48.27870606361388,11.660843803638747,1.779642417052002e+18,1.7796393932964516e+18
1779641820810589642,11.636,1.4975,122.225,20.09797957787671,21.455,48.3011544888945,11.66146969366815,1.7796424182919534e+18,1.7796393891256988e+18
1779641821210888534,11.636,1.5175,373.0,20.137851553629414,21.385,48.314681051056056,11.662067773304441,1.7796424195999818e+18,1.7796393847359296e+18
1779641821611214486,11.648,1.5175,1138.3,20.191583920688505,21.385,48.33696309622206,11.662873758810328,1.7796424209679908e+18,1.7796393801639926e+18
1779641822011469084,11.644,1.4325,197.0,20.23473943616092,21.14,48.3602514377327,11.663521091542414,1.7796424223923802e+18,1.7796393754167252e+18
1779641822411797478,11.648,1.5325,601.175,20.284683576809996,21.07,48.3917466662517,11.66427025365215,1.7796424238796733e+18,1.779639370474399e+18
1779641822812128903,11.652,1.4325,196.225,20.334859954756556,21.035,48.412584819642824,11.665022899321349,1.7796424254388534e+18,1.7796393653050926e+18
1779641823212367567,11.652,1.4325,598.825,20.38082991507835,20.7025,48.43614002682338,11.665712448726175,1.7796424270645248e+18,1.779639359924707e+18
1779641823612703786,11.652,1.4625,189.05,20.427272830500886,20.58,48.461859358778256,11.666409092457513,1.779642428772567e+18,1.7796393542776207e+18
1779641824013046701,11.656,1.4325,576.925,20.474547902114132,20.615,48.49207986739699,11.667118218531712,1.7796424304871227e+18,1.7796393486328077e+18
1779641824413659916,11.656,1.4825,122.225,20.572495790465528,20.545,48.54233965069877,11.668587436856983,1.779642432297165e+18,1.7796393427021804e+18
1779641824814233120,11.656,1.4625,373.0,20.65460963697236,20.545,48.58553670665768,11.669819144554586,1.7796424342027937e+18,1.7796393364765676e+18
1779641825214703984,11.66,1.5475,1138.3,20.698077956395338,20.4575,48.61299513853734,11.67047116934593,1.7796424362184576e+18,1.7796393298834358e+18
1779641825615002394,11.636,1.9675,197.0,20.744477494260327,20.545,48.63847671319093,11.671167162413905,1.7796424383198205e+18,1.7796393230104266e+18
1779641826015216828,11.64,1.9475,601.175,20.840307651467615,20.4925,48.68806863757173,11.672604614772014,1.7796424406158418e+18,1.7796393154967944e+18
1779641826415576540,11.652,1.665,196.225,20.886746327169515,20.474999999999998,48.71332577687712,11.673301194907543,1.779642443024308e+18,1.779639307607549e+18
1779641826816092868,11.644,1.85,598.825,20.930732159158744,20.439999999999998,48.742975475106114,11.673960982387381,1.7796424455760983e+18,1.7796392992311962e+18
1779641827216428258,11.644,1.8,189.05,20.973821682300386,20.352500000000003,48.76907791352249,11.674607325234506,1.7796424482508664e+18,1.779639290438884e+18
1779641827616775595,11.404,7.25,576.925,21.021866047222865,20.352500000000003,48.791050453209195,11.675327990708343,1.7796424510762258e+18,1.7796392811333921e+18
1779641828017072093,10.052,37.3825,122.225,20.957998702662145,20.0725,48.69503800356636,11.674369980539932,1.779642453922743e+18,1.7796392717132375e+18
1779641828417868919,9.952,37.3,373.0,20.928284707500044,19.810000000000002,48.64573418284194,11.6739242706125,1.7796424568034166e+18,1.7796392621522527e+18
1779641828818512233,9.948,36.665,1138.3,20.91517371253502,19.88,48.616434333668664,11.673727605688025,1.7796424597529958e+18,1.7796392523345441e+18
1779641829218969835,9.936,36.3325,197.0,20.907156292492196,20.0725,48.603801931188165,11.673607344387383,1.7796424627993385e+18,1.7796392421625162e+18
1779641829619313029,9.916,37.9675,601.175,20.879685148044846,20.125,48.5654837774035,11.673195277220673,1.7796424659114732e+18,1.779639231736861e+18
1779641830019654272,9.892,37.635,196.225,20.866435216151725,20.265,48.54182001062276,11.672996528242276,1.779642469107573e+18,1.7796392210004577e+18
1779641830420229127,9.988,34.835,598.825,20.86521480194174,20.4225,48.53919566675597,11.672978222029126,1.7796424724033326e+18,1.779639209903061e+18
1779641830820738682,9.956,35.0325,189.05,20.868163904202508,20.615,48.54997658879324,11.673022458563038,1.779642475809567e+18,1.7796391984086733e+18
1779641831221407000,9.96,35.3,576.925,20.86934555795809,20.8075,48.54807958073898,11.673040183369372,1.7796424791947026e+18,1.7796391869862607e+18
1779641831621878140,10.02,34.4,122.225,20.86568411171228,21.0525,48.54556018966063,11.672985261675684,1.7796424825928888e+18,1.7796391755115092e+18
1779641832022128214,9.928,36.4325,373.0,20.860018032536654,21.2625,48.534850213683335,11.67290027048805,1.7796424860577147e+18,1.7796391637911188e+18
1779641833422832395,10.172,30.0825,601.175,20.907992430243944,21.945,48.568842792463045,11.67361988645366,1.7796424897456479e+18,1.7796391513167631e+18
1779641833823157751,11.448,2.715,598.825,20.864669846905148,21.997500000000002,48.546474787545506,11.672970047703577,1.7796424934768138e+18,1.7796391386574326e+18
1779641834223517646,11.468,3.1,189.05,20.84210391916978,21.91,48.53528345508599,11.672631558787547,1.7796424972943619e+18,1.7796391256703524e+18
1779641834623710564,10.952,14.865,576.925,20.84655725782004,21.84,48.53749592837619,11.6726983588673,1.7796425012256717e+18,1.779639112272267e+18
1779641835224330424,10.82,17.25,122.225,20.847598122074796,21.805,48.54004304535091,11.672713971831122,1.7796425052512307e+18,1.7796390985358804e+18
1779641835624612140,10.784,17.58,373.0,20.8298970569637,21.91,48.535393670629546,11.672448455854456,1.7796425093298455e+18,1.7796390845932116e+18
1779641836225024980,11.396,4.2475,1138.3,20.766473337793983,22.0675,48.50332661838273,11.67149710006691,1.7796425134146852e+18,1.779639070588416e+18
1779641836625123897,11.484,2.8325,197.0,20.703564499588317,22.0325,48.47045215327063,11.670553467493825,1.7796425174864246e+18,1.779639056586629e+18
1779641837025464829,11.44,3.9825,601.175,20.6461595199017,21.997500000000002,48.44071187478171,11.669692392798526,1.7796425215671375e+18,1.7796390425115034e+18
1779641837425668848,11.44,4.3475,196.225,20.601640624951116,21.8575,48.41747691752579,11.669024609374267,1.7796425256704123e+18,1.7796390283217613e+18
1779641837826037021,11.516,2.75,598.825,20.5494609090262,21.6825,48.38993977518041,11.668241913635393,1.7796425297714332e+18,1.7796390141016087e+18
1779641838226250340,11.396,5.2675,189.05,20.49788787027284,22.1725,48.36302874346178,11.667468318054093,1.779642533863732e+18,1.7796389998744095e+18
1779641838626898995,10.996,13.935,576.925,20.452393459653656,22.1725,48.33850488512414,11.666785901894805,1.7796425379634813e+18,1.7796389855854428e+18
1779641840029015148,11.012,12.6675,197.0,20.386548018542143,21.209999999999997,48.3072762147583,11.665798220278132,1.7796425421095055e+18,1.7796389710925286e+18
1779641840429637360,10.468,24.5,601.175,20.32953106573418,21.0175,48.27952788126098,11.664942965986013,1.779642546232085e+18,1.7796389566394762e+18
1779641840830276195,10.348,26.8325,196.225,20.273415708585745,21.227500000000003,48.25399682632865,11.664101235628786,1.7796425503042132e+18,1.7796389423253266e+18
1779641841230940508,10.46,24.065,598.825,20.205930226880586,21.28,48.22579954580897,11.663088953403209,1.779642554321372e+18,1.7796389281588554e+18
1779641841631349382,10.344,27.7,189.05,20.14177489229444,21.3675,48.18785844671137,11.662126623384417,1.7796425582693809e+18,1.7796389141933947e+18
1779641842032119614,10.296,28.315,576.925,20.07511360550249,21.595,48.15254490204109,11.661126704082537,1.779642562147409e+18,1.7796389004302513e+18
1779641842432729884,10.412,25.2975,122.225,20.001327480113506,21.752499999999998,48.11897572414565,11.660019912201703,1.7796425659341847e+18,1.7796388869416822e+18
1779641842833094134,10.392,26.1825,373.0,19.923517988082722,21.9275,48.0789150019531,11.658852769821241,1.7796425696228406e+18,1.779638873749941e+18
1779641843233822036,10.34,27.05,1138.3,19.844497168917812,22.155,48.04030648392895,11.657667457533767,1.7796425731994363e+18,1.779638860904857e+18
1779641843634217954,10.488,23.4475,197.0,19.7525306109992,22.4525,47.99856944916159,11.656287959164988,1.779642576631664e+18,1.779638848515131e+18
1779641844034867027,10.472,23.685,601.175,19.659471114373233,22.68,47.9569683798372,11.654892066715599,1.7796425799194465e+18,1.7796388365806374e+18
1779641844435615389,10.424,25.085,196.225,19.58347518904951,22.9075,47.92933351166625,11.653752127835743,1.7796425830750218e+18,1.7796388250689777e+18
1779641845436975987,10.5,22.3975,576.925,19.49201562282409,23.52,47.90384944197994,11.652380234342361,1.779642586086473e+18,1.7796388140239877e+18
1779641845837709317,10.628,20.35,122.225,19.422201239393836,23.4675,47.87418559251511,11.651333018590908,1.7796425889469384e+18,1.7796388034752276e+18
1779641846238423259,10.588,21.5325,373.0,19.582156533777898,23.502499999999998,48.05258082157674,11.653732348006669,1.7796425920685908e+18,1.7796387920814226e+18
1779641846638965401,10.556,21.9675,1138.3,19.684194174015655,23.397499999999997,48.1749978464927,11.655262912610235,1.7796425953416417e+18,1.7796387802016492e+18
1779641847039336074,10.52,22.865,197.0,19.762952770471003,23.3275,48.2708441476421,11.656444291557065,1.7796425985760579e+18,1.7796387685122883e+18
1779641847439505772,10.88,14.75,601.175,19.7658285711573,23.17,48.301099123043656,11.65648742856736,1.7796426016916375e+18,1.7796387572534917e+18
1779641847839769756,10.844,15.265,196.225,19.740891976019224,23.099999999999998,48.300253120990625,11.656113379640288,1.7796426046473623e+18,1.7796387465562079e+18
1779641848239933478,10.708,18.3175,598.825,19.73354085054626,22.977500000000003,48.31443436107723,11.656003112758194,1.779642607470256e+18,1.779638736335003e+18
1779641849040256090,10.616,20.415,576.925,19.734177193127376,22.872500000000002,48.33182923540464,11.65601265789691,1.77964261022108e+18,1.7796387263817075e+18
1779641849840779512,10.728,17.65,373.0,19.7352160297852,22.9425,48.3577930768111,11.656028240446778,1.7796426129147297e+18,1.779638716642611e+18
1779641850240949017,10.636,19.615,1138.3,19.72034406320051,22.9425,48.362178078327155,11.655805160948008,1.7796426155087744e+18,1.7796387072544486e+18
1779641850641270898,10.696,18.48,197.0,19.702918932830308,22.89,48.36306163087102,11.655543783992455,1.7796426180505997e+18,1.779638698042441e+18
1779641851041663354,10.716,18.5,601.175,19.72584715862804,22.837500000000002,48.40933555277541,11.65588770737942,1.779642620549988e+18,1.7796386890000612e+18
1779641851441987977,10.72,18.4,196.225,19.705722939711805,22.7325,48.398041006256584,11.655585844095677,1.7796426229204472e+18,1.7796386804136563e+18
1779641851842364310,10.7,18.9,598.825,19.728328844668823,22.6975,48.4374938908384,11.655924932670032,1.77964262525054e+18,1.7796386719900324e+18
1779641852242651923,10.744,17.2325,189.05,19.736856792057203,22.575,48.476200478096125,11.656052851880858,1.7796426274941827e+18,1.7796386638884247e+18
1779641852642909426,10.612,20.5325,576.925,19.724887864723993,22.5575,48.47535713012461,11.65587331797086,1.7796426296133855e+18,1.7796386562339773e+18
1779641853043100894,11.484,1.4625,122.225,19.64662051282775,22.3125,48.441476576153256,11.654699307692416,1.7796426314553958e+18,1.7796386495402834e+18
1779641853843469881,11.548,1.4625,1138.3,19.607884021087756,21.7175,48.41397644218298,11.654118260316316,1.7796426331377807e+18,1.7796386434128794e+18
1779641854243711752,11.572,1.4475,197.0,19.626501894664088,21.314999999999998,48.444293472049864,11.654397528419961,1.7796426347448417e+18,1.7796386375771192e+18
1779641854644320316,11.58,1.4625,601.175,19.67037287113326,21.0,48.50234332424918,11.655055593066999,1.779642636315347e+18,1.7796386319093412e+18
1779641855044684703,10.94,15.5175,196.225,19.689511725451634,21.0175,48.49594963928909,11.655342675881775,1.7796426378037537e+18,1.779638626559338e+18
1779641855445419653,10.236,29.75,598.825,19.76467888619413,21.2975,48.53299995699995,11.656470183292912,1.7796426392693975e+18,1.7796386213502973e+18
1779641855845785966,10.376,26.2325,189.05,19.80978368118668,22.084999999999997,48.56072715241021,11.6571467552178,1.779642640684084e+18,1.7796386163641708e+18
1779641856246376703,10.384,26.35,576.925,19.848788635921437,22.540000000000003,48.5807786021962,11.657731829538822,1.779642642023041e+18,1.7796386116877286e+18
1779641856646799069,11.416,3.25,122.225,19.79126478889041,22.82,48.56133993040223,11.656868971833356,1.7796426430615967e+18,1.7796386080796508e+18
1779641857047334501,11.488,2.5325,373.0,19.767862291462233,22.715,48.54339051254462,11.656517934371934,1.779642643871004e+18,1.779638605303698e+18
1779641858249169514,10.608,20.6175,601.175,19.768701198777997,23.45,48.56254747082803,11.65653051798167,1.7796426446076454e+18,1.7796386028167967e+18
1779641858650001574,10.472,23.18,196.225,19.76748831127568,23.59,48.57844633872797,11.656512324669135,1.779642645286815e+18,1.7796386005456082e+18
1779641859050255354,10.568,20.415,598.825,19.767252951563517,23.6775,48.61218203010157,11.656508794273453,1.7796426459142495e+18,1.7796385984699261e+18
1779641859450856257,10.68,18.565,189.05,19.75153080113941,23.6775,48.618468526682534,11.656272962017091,1.779642646569005e+18,1.7796385962858012e+18
1779641859851166349,10.62,19.985,576.925,19.75135214819275,23.625,48.645251253952615,11.656270282222891,1.7796426472411154e+18,1.7796385940416445e+18
1779641860251829329,10.584,20.5325,122.225,19.744755516422266,23.59,48.66184759416655,11.656171332746334,1.7796426479026243e+18,1.7796385918361298e+18
1779641860652365886,11.472,1.9675,373.0,19.671959160247546,23.5725,48.62721851863169,11.655079387403713,1.7796426484586365e+18,1.7796385899715244e+18
1779641861052934857,11.504,2.0825,1138.3,19.62933416686918,23.52,48.60335519622826,11.654440012503038,1.7796426488760748e+18,1.7796385885938127e+18
1779641861653796502,11.56,1.4825,601.175,19.610416359914332,23.064999999999998,48.594305665902155,11.654156245398715,1.7796426491080164e+18,1.7796385878996221e+18
1779641862654588408,11.588,1.5325,189.05,19.616540576362667,22.4875,48.59396757407561,11.65424810864544,1.7796426492002053e+18,1.779638587746672e+18
1779641863054870172,11.592,1.5175,576.925,19.63175836778445,22.224999999999998,48.612842859650506,11.654476375516767,1.7796426492366612e+18,1.779638587819265e+18
1779641863455082521,11.6,1.4325,122.225,19.64611641959221,22.015,48.624956271401956,11.654691746293883,1.7796426492008253e+18,1.7796385881781263e+18
1779641864055468053,11.604,1.4975,373.0,19.72434144927315,21.735,48.67167904879363,11.655865121739097,1.77964264919e+18,1.7796385885137444e+18
1779641864455642471,11.612,1.5325,1138.3,19.78065020963977,21.5775,48.70526452508708,11.656709753144597,1.7796426491521142e+18,1.7796385889990907e+18
1779641865856729673,11.624,1.5175,196.225,19.827630710719127,20.772499999999997,48.733290014845224,11.657414460660787,1.7796426491494418e+18,1.779638589416326e+18
1779641866256885061,11.048,13.1475,598.825,19.84327429170321,20.772499999999997,48.73895640873332,11.657649114375548,1.7796426490095012e+18,1.779638590363088e+18
1779641866657227889,11.384,3.6,189.05,19.758528223629384,20.3,48.69038473819555,11.656377923354441,1.7796426485112497e+18,1.7796385925879332e+18
1779641867057576945,11.56,1.7,576.925,19.7194800310132,20.615,48.66729903270613,11.655792200465198,1.779642647731362e+18,1.7796385958416343e+18
1779641867457922669,11.596,1.4625,122.225,19.73053369992814,20.1775,48.67385174864114,11.655958005498922,1.7796426467728957e+18,1.7796385997790792e+18
1779641867858135424,11.6,1.5175,373.0,19.74321239343501,19.88,48.69427703297168,11.656148185901525,1.7796426456311217e+18,1.7796386044199631e+18
1779641868459034782,11.612,1.4625,1138.3,19.76269640966855,18.5325,48.71205855904195,11.656440446145028,1.7796426443521487e+18,1.7796386096020705e+18
1779641868859712604,11.616,1.4625,197.0,19.79102344956535,18.48,48.738101079582016,11.65686535174348,1.7796426429898555e+18,1.779638615127039e+18
1779641869260189105,11.62,1.4625,601.175,19.824228136535474,18.48,48.77060864510349,11.657363422048032,1.779642641589616e+18,1.7796386208290053e+18
1779641869660494448,10.664,21.5175,196.225,19.83657198301058,17.7975,48.784451469683965,11.657548579745159,1.7796426401278945e+18,1.7796386267802527e+18
1779641870061102597,10.132,32.7325,598.825,19.819311308061387,17.6925,48.7572010902532,11.657289669620921,1.7796426385547814e+18,1.7796386331455567e+18
1779641870461660758,10.116,32.7675,189.05,19.8084314945127,17.622500000000002,48.739718656913595,11.65712647241769,1.779642636714552e+18,1.7796386405136445e+18
1779641870862166581,10.004,34.85,576.925,19.804357801382558,17.622500000000002,48.73758742394226,11.657065367020738,1.779642634745694e+18,1.7796386483718833e+18
1779641871262889663,9.716,41.7175,122.225,19.75035448483188,17.587500000000002,48.669867852902954,11.656255317272478,1.7796426326466511e+18,1.7796386566894845e+18
1779641871663285484,9.688,41.435,373.0,19.742297935653568,17.622500000000002,48.63691530883624,11.656134469034804,1.7796426305583672e+18,1.7796386649729208e+18
1779641872063938320,9.672,42.3,1138.3,19.70104186429995,17.849999999999998,48.58741026655935,11.6555156279645,1.7796426284301217e+18,1.7796386733878825e+18
1779641872464330261,9.704,40.4,197.0,19.69410862485854,18.147499999999997,48.57362298547545,11.655411629372878,1.7796426263603336e+18,1.7796386815906941e+18
1779641872865050729,9.684,40.7175,601.175,19.69053018584404,18.375,48.561388147273256,11.65535795278766,1.7796426243539886e+18,1.7796386895648084e+18
1779641873265770800,9.704,40.1325,196.225,19.69189507280151,18.584999999999997,48.56369003078201,11.655378426092023,1.7796426224535785e+18,1.7796386971537992e+18
1779641873666036205,9.692,40.1175,598.825,19.69885012214069,18.584999999999997,48.57214107080063,11.65548275183211,1.7796426206811005e+18,1.7796387042784435e+18
1779641874066603149,9.732,39.3825,189.05,19.704435637056104,18.795,48.581888682756286,11.655566534555842,1.779642619161874e+18,1.7796387104664684e+18
1779641874467164584,9.72,40.1175,576.925,19.69768148706481,18.97,48.570671081691266,11.655465222305972,1.779642617768515e+18,1.779638716186017e+18
1779641874867914486,9.732,39.2475,122.225,19.706312859815565,19.11,48.58527186503246,11.655594692897234,1.7796426165103718e+18,1.779638721412533e+18
1779641875268489918,9.808,37.8175,373.0,19.71011297645731,19.3025,48.59058536641276,11.65565169464686,1.779642615347641e+18,1.779638726291718e+18
1779641875668959135,9.868,35.785,1138.3,19.726100031867187,19.5475,48.619485190421926,11.655891500478008,1.779642614372464e+18,1.7796387304845274e+18
1779641876069757770,10.16,28.25,197.0,19.741848307520797,19.8275,48.652522029973184,11.656127724612812,1.7796426135849367e+18,1.7796387339894326e+18
1779641876470352263,9.864,36.6,601.175,19.746164289835214,20.16,48.65572104587526,11.656192464347528,1.7796426129569882e+18,1.7796387369030116e+18
1779641876871096564,9.864,35.5975,196.225,19.763842513818446,20.16,48.683399484097386,11.656457637707277,1.7796426125367962e+18,1.7796387390523203e+18
1779641877271323376,9.824,36.8675,598.825,19.777608488603775,20.405,48.70850679242443,11.656664127329057,1.7796426123362378e+18,1.7796387403885537e+18
1779641877671616813,10.612,18.6825,189.05,19.749850516125942,20.6325,48.72246761114501,11.65624775774189,1.7796426122361085e+18,1.779638741330976e+18
1779641878071971721,10.176,29.4825,576.925,19.7559242895516,20.895,48.742669141376616,11.656338864343274,1.7796426123181435e+18,1.7796387415947392e+18
1779641878472141023,10.028,33.365,122.225,19.756348366582753,20.877499999999998,48.743279396628914,11.656345225498741,1.7796426125783555e+18,1.779638741190876e+18
1779641878872465124,10.016,33.5825,1138.3,19.76036296973234,21.175,48.75778189798995,11.656405444545985,1.7796426129862077e+18,1.7796387402357146e+18
1779641879272804412,10.0,33.7825,197.0,19.76146082723562,21.2975,48.767144612152606,11.656421912408534,1.7796426135445043e+18,1.779638738715826e+18
1779641879673156513,9.928,35.85,601.175,19.755490750580243,21.4375,48.767827160337404,11.656332361258704,1.7796426141234383e+18,1.7796387371171822e+18
1779641880073769585,9.964,33.965,196.225,19.765290366816828,21.525000000000002,48.79142130115486,11.656479355502253,1.7796426147130755e+18,1.77963873548885e+18
1779641880474009859,10.004,33.43,598.825,19.769719871815948,21.8225,48.805049051304415,11.65654579807724,1.7796426153620708e+18,1.779638733643018e+18
1779641880874265453,10.008,33.2175,189.05,19.77536708376403,21.752499999999998,48.81723567377277,11.65663050625646,1.7796426160480532e+18,1.7796387316644718e+18
1779641881274596544,10.056,32.585,576.925,19.77738320871256,21.962500000000002,48.826800488021675,11.656660748130689,1.779642616759367e+18,1.7796387295946214e+18
1779641881674822172,10.12,31.6825,122.225,19.77743165512294,22.084999999999997,48.81669523258754,11.656661474826844,1.7796426175099346e+18,1.7796387273790083e+18
1779641882074944064,10.22,28.9,373.0,19.780503378098473,22.224999999999998,48.81842599348864,11.656707550671477,1.7796426183009306e+18,1.779638725015216e+18
1779641882475146962,10.228,29.25,1138.3,19.781540497825105,22.33,48.81237436345306,11.656723107467377,1.7796426191441126e+18,1.7796387224568758e+18
1779641883475843656,10.256,28.0975,197.0,19.78295841967769,22.4525,48.81576210868763,11.656744376295165,1.7796426200694413e+18,1.7796387196035154e+18
1779641883876058669,10.292,26.935,601.175,19.786085749203462,22.5575,48.82144207305351,11.656791286238052,1.7796426210500362e+18,1.7796387165451246e+18
1779641884276347552,10.32,26.8,196.225,19.800286114710822,22.7325,48.82680135471081,11.657004291720662,1.7796426220885693e+18,1.779638713279173e+18
1779641884676484274,10.32,27.0825,598.825,19.80470710126331,22.75,48.8259799072799,11.65707060651895,1.7796426232732134e+18,1.7796387094623747e+18
1779641885077367988,10.336,25.98,189.05,19.807944681404475,22.837500000000002,48.8330263178356,11.657119170221067,1.7796426245549647e+18,1.7796387052799444e+18
1779641885478068218,10.332,25.9,576.925,19.80623384067921,22.855,48.845209172081255,11.657093507610188,1.7796426258857582e+18,1.7796387009110339e+18
1779641885878597626,10.272,27.1975,122.225,19.809095351988358,22.82,48.8546402746829,11.657136430279825,1.7796426272842824e+18,1.779638696287578e+18
1779641886279281748,10.28,27.7,373.0,19.809245909330002,22.837500000000002,48.8613775543649,11.65713868863995,1.779642628715787e+18,1.7796386915398548e+18
1779641886680015813,10.32,26.865,1138.3,19.810232720392023,22.89,48.86560700743717,11.65715349080588,1.7796426301962778e+18,1.779638686607434e+18
1779641887080320282,10.32,26.3175,196.225,19.809762063159134,22.837500000000002,48.87533199177905,11.657146430947387,1.7796426317318195e+18,1.7796386814656942e+18
1779641887480903259,10.352,24.53,598.825,19.802461030593413,22.837500000000002,48.89938972230416,11.657036915458901,1.7796426331837176e+18,1.7796386766391217e+18
1779641887881300103,11.296,4.55,189.05,19.709899779180233,22.365,48.85204197970901,11.655648496687704,1.7796426344005693e+18,1.7796386726426813e+18
1779641888281817227,11.132,9.165,576.925,19.70472768911544,22.365,48.84884709071755,11.655570915336732,1.7796426357527572e+18,1.7796386681285158e+18
1779641888682508171,10.66,18.8475,122.225,19.73504447644667,21.665000000000003,48.875025620671586,11.6560256671467,1.7796426372794772e+18,1.779638662971593e+18
1779641889083062766,10.628,19.815,373.0,19.743946744614814,21.4375,48.88781043802164,11.656159201169222,1.779642638881572e+18,1.7796386575337953e+18
1779641889483414555,10.384,25.2175,1138.3,19.73715602469054,21.28,48.89491864603906,11.656057340370358,1.7796426405256763e+18,1.7796386519307e+18
1779641889883897337,10.368,25.7175,197.0,19.739111475513436,21.385,48.900807466237495,11.656086672132702,1.7796426422437417e+18,1.779638646046308e+18
1779641890284666524,10.376,25.15,601.175,19.73747021057958,21.5075,48.90938573953943,11.656062053158694,1.7796426440640538e+18,1.7796386397690202e+18
1779641890685136438,10.348,25.6325,196.225,19.735537201495106,21.6825,48.91951487976823,11.656033058022427,1.7796426459494103e+18,1.7796386332409518e+18
1779641891486440353,10.4,24.665,598.825,19.728537986445907,21.91,48.929937663092176,11.655928069796689,1.779642648094887e+18,1.779638625717288e+18
1779641891886946780,10.38,24.965,189.05,19.724114294941657,22.26,48.94105814186319,11.655861714424125,1.7796426503765258e+18,1.7796386176661097e+18
1779641892287072117,10.308,27.05,576.925,19.72746313225874,22.1725,48.94373675126723,11.655911946983881,1.7796426527488266e+18,1.7796386092681592e+18
1779641892687323899,10.244,27.7,122.225,19.72758057024874,22.102500000000003,48.959894850412624,11.655913708553731,1.779642655181602e+18,1.7796386006367496e+18
1779641893087513445,10.248,27.1475,373.0,19.729323669754898,21.945,48.975131638752686,11.655939855046324,1.7796426576033257e+18,1.7796385920483023e+18
1779641893487688698,10.26,27.38,1138.3,19.73068727028552,21.805,48.98588765575867,11.655960309054283,1.779642660074975e+18,1.7796385832677466e+18
1779641893888026897,10.32,26.1825,197.0,19.729325212291663,21.787499999999998,48.99653372738071,11.655939878184375,1.7796426625074053e+18,1.7796385746362258e+18
1779641894288239560,10.216,28.2325,601.175,19.730435356360186,21.6825,49.01233139677378,11.655956530345403,1.7796426649431022e+18,1.7796385659921085e+18
1779641894688490915,10.224,28.5325,196.225,19.73215728131765,21.63,49.02070545704033,11.655982359219765,1.7796426673380132e+18,1.7796385575057905e+18
1779641895088805805,10.22,27.765,598.825,19.734076843811913,21.6825,49.03775000653515,11.656011152657179,1.7796426696683878e+18,1.7796385492692416e+18
1779641895489147526,10.264,27.5325,189.05,19.73646421617867,21.647499999999997,49.04627508619757,11.65604696324268,1.7796426719179474e+18,1.7796385413459423e+18
1779641895889382221,10.264,27.38,576.925,19.742198511077973,21.735,49.05559449005387,11.65613297766617,1.7796426740806116e+18,1.7796385337623964e+18
1779641896289642576,10.304,26.43,122.225,19.73726538971223,21.8575,49.06735785201226,11.656058980845684,1.7796426762361016e+18,1.7796385262022428e+18
1779641896689936576,10.232,28.35,373.0,19.742650327999982,21.875,49.07515536449932,11.65613975492,1.7796426783529585e+18,1.7796385187957402e+18
1779641897090221495,10.8,15.4975,1138.3,19.703409107754364,21.9275,49.0704468605868,11.655551136616316,1.7796426803771062e+18,1.7796385117158205e+18
1779641897490722992,10.9,13.5975,197.0,19.66695441195519,21.98,49.06000845340463,11.655004316179328,1.7796426823121738e+18,1.7796385049510461e+18
1779641897890958401,10.8,16.4675,601.175,19.66181611587016,21.8925,49.0559358388973,11.654927241738053,1.7796426842437809e+18,1.7796384981958781e+18
1779641898291827875,10.588,20.7325,196.225,19.654770085273608,21.875,49.05815102507466,11.654821551279104,1.7796426861698007e+18,1.7796384914570143e+18
1779641898692273100,10.544,20.0825,598.825,19.631082661245074,21.9275,49.063071209468426,11.654466239918676,1.7796426880526362e+18,1.77963848486643e+18
1779641899092723585,10.824,14.965,189.05,19.59430383440413,22.4175,49.055143425789424,11.653914557516062,1.7796426898599688e+18,1.7796384785387663e+18
1779641899493291298,10.568,21.1825,122.225,19.615102818120132,22.084999999999997,49.06745822435324,11.654226542271802,1.7796426917174769e+18,1.7796384720344983e+18
1779641900093982835,10.62,18.3325,373.0,19.589224001718435,22.1725,49.06820509140197,11.653838360025777,1.7796426935269775e+18,1.7796384657002598e+18
1779641900494668251,10.812,14.7,1138.3,19.552518894982,22.3125,49.05721220785429,11.65328778342473,1.7796426952766136e+18,1.779638459568709e+18
1779641900895403501,10.284,27.1825,197.0,19.56079548514829,22.3825,49.06570313530336,11.653411932277224,1.7796426970390625e+18,1.7796384533952492e+18
1779641901295845130,10.512,21.75,601.175,19.544427517759242,22.400000000000002,49.072071190493034,11.653166412766389,1.7796426987422564e+18,1.7796384474393083e+18
1779641901696339147,10.512,22.315,196.225,19.54598547532013,22.12,49.07748716553389,11.653189782129802,1.779642700383277e+18,1.7796384417275313e+18
1779641902097110629,10.444,23.665,598.825,19.574607501384214,21.997500000000002,49.101401478927684,11.653619112520763,1.7796427020743754e+18,1.7796384358463086e+18
1779641902497731192,10.46,22.8,189.05,19.567946888811086,22.015,49.110930005952454,11.653519203332166,1.7796427037704484e+18,1.7796384299412132e+18
1779641902898396740,10.408,23.9675,576.925,19.568958659424094,21.997500000000002,49.1239447054591,11.653534379891362,1.7796427055086134e+18,1.7796384238742062e+18
1779641903298893065,10.516,22.1325,122.225,19.54747326561749,21.8925,49.121517627833654,11.653212098984262,1.779642707215758e+18,1.779638417910834e+18
1779641903699409214,10.34,25.48,373.0,19.536085852166067,21.91,49.12787086680884,11.653041287782491,1.7796427089137416e+18,1.7796384119746074e+18
1779641904100048102,10.388,25.05,1138.3,19.519585189989712,21.8225,49.12622083763082,11.652793777849846,1.779642710599817e+18,1.7796384060719117e+18
1779641904500791616,10.44,23.265,197.0,19.50631872248662,21.805,49.1316725932336,11.6525947808373,1.7796427123008092e+18,1.7796384001009165e+18
1779641904901439333,10.412,24.515,601.175,19.47759927799271,21.787499999999998,49.12599962683998,11.65216398916989,1.7796427139418947e+18,1.7796383943403026e+18
1779641905301717840,10.42,24.4175,196.225,19.471650310108238,21.7,49.12902288841637,11.652074754651624,1.779642715597127e+18,1.7796383885206863e+18
1779641905702030696,10.38,24.55,598.825,19.469427698373757,21.752499999999998,49.13999594340458,11.652041415475606,1.779642717278263e+18,1.7796383825992998e+18
1779641906102659779,10.38,24.8175,189.05,19.46102662409165,21.752499999999998,49.14539292673215,11.651915399361375,1.7796427190044657e+18,1.7796383764958853e+18
1779641906503166296,10.82,14.25,576.925,19.3804914634989,21.752499999999998,49.116166355491856,11.650707371952484,1.7796427205948058e+18,1.779638370855296e+18
1779641906903971038,11.224,6.6975,122.225,19.28805395958804,21.7175,49.070872778414625,11.64932080939382,1.7796427219912625e+18,1.7796383658947087e+18
1779641907304269630,10.908,13.065,373.0,19.20773982383935,21.5425,49.03731893317496,11.64811609735759,1.7796427232250783e+18,1.779638361503191e+18
1779641907704483316,10.896,14.365,1138.3,19.14553425359903,21.314999999999998,49.009225180669766,11.647183013803986,1.7796427243449375e+18,1.779638357506588e+18
1779641908104604792,10.916,13.5,197.0,19.075825708393715,21.227500000000003,48.978799930712995,11.646137385625906,1.7796427253392988e+18,1.7796383539441708e+18
1779641908504925222,10.936,12.565,601.175,18.985176508871817,21.175,48.93885151718863,11.644777647633077,1.7796427261564216e+18,1.7796383510012142e+18
1779641908905312333,10.924,13.4825,196.225,18.904886689116132,21.245,48.9021078197605,11.643573300336742,1.779642726803788e+18,1.7796383486584325e+18
1779641909305777581,10.864,14.9975,598.825,18.83230550190199,21.175,48.87187671279896,11.64248458252853,1.7796427273494042e+18,1.7796383466565844e+18
1779641909706157978,10.948,13.1475,189.05,18.753668692856543,21.175,48.835443283679496,11.641305030392848,1.7796427277502725e+18,1.7796383451600177e+18
1779641910106307418,10.892,14.1325,576.925,18.679404347989323,21.1575,48.802517712773096,11.64019106521984,1.779642728026853e+18,1.7796383440931423e+18
1779641910506785908,10.888,14.4,122.225,18.60225121048731,21.122500000000002,48.77082678576082,11.63903376815731,1.7796427281860856e+18,1.7796383434268805e+18
1779641910907102272,10.892,14.1675,1138.3,18.53155808405916,21.2625,48.743131061530214,11.637973371260887,1.7796427282249526e+18,1.7796383431798392e+18
1779641911307354379,10.892,13.9825,197.0,18.507032500028423,21.1925,48.75483148957642,11.637605487500426,1.7796427282490202e+18,1.7796383429777446e+18
1779641911707797156,10.924,13.6975,601.175,18.491644274366767,21.2625,48.7685138590302,11.637374664115502,1.7796427282858934e+18,1.7796383427199872e+18
1779641912108148661,10.9,14.35,196.225,18.48726174090826,21.385,48.79055720030807,11.637308926113624,1.7796427283557706e+18,1.7796383423365012e+18
1779641912508437839,10.968,12.565,598.825,18.459361747788073,21.385,48.78400762289641,11.636890426216821,1.779642728308868e+18,1.7796383423973143e+18
1779641912908826412,10.9,13.95,189.05,18.435859089093476,21.5425,48.78843127000427,11.636537886336402,1.7796427280860024e+18,1.7796383431407593e+18
1779641913309005297,10.88,14.385,576.925,18.4166816658784,21.752499999999998,48.79458451168633,11.636250224988176,1.779642727755311e+18,1.779638344302732e+18
1779641913709195944,11.296,5.45,122.225,18.3669094723112,22.102500000000003,48.78041847300481,11.635503642084668,1.7796427273433236e+18,1.7796383457523387e+18
1779641914109491916,10.844,15.715,373.0,18.36358600838509,21.805,48.79090160986188,11.635453790125776,1.7796427269649818e+18,1.7796383470763776e+18
1779641914509844572,10.812,16.13,1138.3,18.348466884251103,21.805,48.78448867124183,11.635227003263767,1.7796427265725604e+18,1.7796383484531418e+18
1779641914910636093,10.792,16.6,197.0,18.333233411681917,20.615,48.77563655854628,11.634998501175229,1.779642726158849e+18,1.7796383499112302e+18
1779641915311146046,10.768,16.8675,601.175,18.317850457658203,20.5275,48.772529375695804,11.634767756864873,1.7796427257363228e+18,1.7796383514012347e+18
1779641915711731321,11.332,4.8325,196.225,18.26838893247742,20.51,48.75117790243176,11.634025833987161,1.7796427252320384e+18,1.7796383531826637e+18
1779641916112288727,10.872,14.715,598.825,18.250336523931978,20.2825,48.74719880531324,11.63375504785898,1.7796427248011617e+18,1.7796383546680102e+18
1779641916512942818,10.76,16.55,189.05,18.22959396528954,20.334999999999997,48.75032845383765,11.633443909479343,1.7796427243873587e+18,1.779638356078131e+18
1779641916913702798,10.708,16.4325,576.925,18.187201745928007,20.23,48.74563584659487,11.63280802618892,1.7796427239363686e+18,1.7796383576096072e+18
1779641917313722009,10.388,25.03,122.225,18.18576426456657,20.16,48.75576525766755,11.632786463968499,1.7796427235178135e+18,1.779638359021828e+18
1779641917714054241,10.68,18.4325,373.0,18.170296779660173,20.1075,48.75764256619932,11.632554451694903,1.779642722971092e+18,1.7796383609412972e+18
1779641918114876725,10.644,19.43,1138.3,18.159881226082277,20.09,48.75256543071362,11.632398218391234,1.7796427224723994e+18,1.779638362671827e+18
1779641918515296252,10.616,20.75,197.0,18.16496368790719,20.002499999999998,48.74847905392195,11.632474455318608,1.7796427220087877e+18,1.7796383642782118e+18
1779641918915753191,10.616,20.33,601.175,18.15969142473999,19.985,48.74970025947816,11.6323953713711,1.7796427215551626e+18,1.7796383658511506e+18
1779641919316211812,10.576,20.6675,196.225,18.150072818391017,19.985,48.75298044576408,11.632251092275865,1.7796427211133704e+18,1.7796383673793677e+18
1779641919716832050,10.6,20.7175,598.825,18.146270389572628,19.985,48.75307078839302,11.63219405584359,1.779642720723924e+18,1.779638368706117e+18
1779641920117534283,10.652,19.1325,189.05,18.133505897096647,20.002499999999998,48.75593921311401,11.63200258845645,1.779642720359641e+18,1.7796383699317722e+18
1779641920517954422,10.62,20.0825,576.925,18.12554185528283,20.1425,48.7586799185294,11.631883127829242,1.7796427200476662e+18,1.7796383709518172e+18
1779641920918666708,10.62,20.0,122.225,18.115702443093163,20.23,48.76377921131994,11.631735536646397,1.7796427197940672e+18,1.779638371739966e+18
1779641921319189225,10.92,13.9,373.0,18.099679879481513,20.3175,48.761127354823856,11.631495198192223,1.7796427195478285e+18,1.779638372494603e+18
1779641921719738487,10.776,16.1,1138.3,18.080724144869205,20.3,48.753996588466464,11.631210862173038,1.779642719324272e+18,1.7796383731517688e+18
1779641922120224877,10.828,14.865,197.0,18.050481679490417,20.3875,48.74556659039366,11.630757225192356,1.77964271908875e+18,1.7796383738403377e+18
1779641922520466966,10.752,17.25,601.175,18.036539976047745,20.3875,48.74790954369551,11.630548099640716,1.7796427188687127e+18,1.7796383744645962e+18
1779641922920872810,10.744,17.4175,196.225,18.024355138663097,20.4575,48.74737841985299,11.630365327079947,1.7796427186865774e+18,1.7796383749359903e+18
1779641923321252244,10.72,17.95,598.825,18.018355462145248,20.5275,48.74522138666511,11.630275331932179,1.779642718508096e+18,1.7796383753972355e+18
1779641923721525566,10.728,17.6,189.05,18.045972136931667,20.5625,48.765819486366674,11.630689582053975,1.7796427184389573e+18,1.7796383754528686e+18
1779641924121625171,10.768,16.6,576.925,18.051237343617245,20.5625,48.77543541440865,11.630768560154259,1.779642718443273e+18,1.779638375226754e+18
1779641924521999415,10.708,17.565,122.225,18.04248644793698,20.4925,48.77974467503577,11.630637296719055,1.7796427184882015e+18,1.7796383748382612e+18
1779641924922368443,10.68,19.0825,373.0,18.031764413612528,20.3875,48.776746037580374,11.630476466204188,1.7796427185711017e+18,1.7796383742959826e+18
1779641925522914715,10.648,19.2825,1138.3,18.000917606649082,20.23,48.765858145004486,11.630013764099736,1.7796427187769784e+18,1.7796383732432215e+18
1779641925923182198,10.656,19.0,197.0,17.965365590310334,20.265,48.752985400466,11.629480483854655,1.7796427190134044e+18,1.7796383720438858e+18
1779641926323494119,10.7,17.265,601.175,17.904313262172362,20.3,48.73044328423634,11.628564698932585,1.7796427191576366e+18,1.779638371170819e+18
1779641926723804522,10.524,21.015,196.225,17.842220014989564,20.4225,48.70883987101372,11.627633300224844,1.779642719220768e+18,1.7796383705790838e+18
1779641927124261457,10.76,16.5175,598.825,17.767047463016972,20.790000000000003,48.674357244283584,11.626505711945255,1.7796427191819185e+18,1.7796383703423247e+18
1779641927524439660,10.756,16.9325,189.05,17.691510922115306,20.6675,48.637608481847835,11.62537266383173,1.7796427190338066e+18,1.7796383704906345e+18
1779641927924720105,10.728,17.65,576.925,17.614781796327684,20.6325,48.599359521307846,11.624221726944915,1.779642718771263e+18,1.7796383710449644e+18
1779641928324845458,11.432,1.85,122.225,17.442913385004346,20.6325,48.50192090253443,11.621643700775065,1.7796427181429921e+18,1.7796383729407956e+18
1779641928725125017,11.5,1.415,373.0,17.319431571945128,20.474999999999998,48.4315881897782,11.619791473579177,1.7796427173362422e+18,1.7796383754653353e+18
1779641929125441834,11.524,1.4475,1138.3,17.209613988655747,20.474999999999998,48.36909927071966,11.618144209829836,1.7796427163813724e+18,1.7796383785095447e+18
1779641929525727473,11.54,1.3975,197.0,17.111502942289846,20.1775,48.31329704139568,11.616672544134348,1.7796427153086602e+18,1.7796383819626158e+18
1779641929926330967,11.552,1.3975,601.175,17.024267590570673,19.53,48.26370824115049,11.61536401385856,1.7796427141268037e+18,1.7796383858003185e+18
1779641930326791084,11.556,1.5825,196.225,16.937876295077537,19.285,48.214586143600684,11.614068144426163,1.7796427128381978e+18,1.7796383900151555e+18
1779641930727503140,11.548,1.68,598.825,16.85573308678055,19.040000000000003,48.1677928484312,11.612835996301708,1.77964271142084e+18,1.779638394701965e+18
1779641931127951955,11.312,6.0825,189.05,16.743154561954377,18.97,48.10406129661442,11.611147318429316,1.7796427098228677e+18,1.779638400047277e+18
1779641931528440463,11.488,3.3675,576.925,16.670485727540157,18.97,48.06200089993822,11.610057285913102,1.77964270815406e+18,1.7796384056406497e+18
1779641931929022104,11.5,2.9975,122.225,16.59280922892062,18.5675,48.01726059988509,11.60889213843381,1.779642706383263e+18,1.7796384116061166e+18
1779641932329684952,11.532,2.265,373.0,16.511669430426995,18.34,47.97079602398251,11.607675041456405,1.7796427045436183e+18,1.779638417806744e+18
1779641932730338157,11.452,3.6825,1138.3,16.41494615644782,18.147499999999997,47.91521541783553,11.606224192346717,1.7796427026933138e+18,1.7796384239920914e+18
1779641933130893814,10.772,18.3825,197.0,16.308540706967833,18.095,47.847753374244924,11.604628110604517,1.7796427007260518e+18,1.7796384305899333e+18
1779641933531501650,10.668,19.43,196.225,16.18396689125403,18.2,47.77763079545853,11.60275950336881,1.7796426983668703e+18,1.7796384387119037e+18
1779641933931957074,11.116,8.9325,598.825,16.008479967845528,18.305,47.68115557733811,11.600127199517683,1.7796426955450588e+18,1.7796384486116306e+18
1779641934933708344,10.26,27.265,373.0,15.879908967721297,18.602500000000003,47.616951326859315,11.59819863451582,1.7796426925784916e+18,1.7796384590385316e+18
1779641935334238239,9.944,33.75,1138.3,15.758080051840022,18.602500000000003,47.56075238394656,11.5963712007776,1.7796426894233523e+18,1.7796384701744108e+18
1779641935734681554,9.568,43.3675,197.0,15.591472112756541,19.3025,47.4546110731001,11.593872081691348,1.7796426858263455e+18,1.7796384830286162e+18
1779641936536047340,9.66,40.85,196.225,15.44405877207468,18.935000000000002,47.37032632556301,11.59166088158112,1.7796426820021937e+18,1.779638496743754e+18
1779641936936426436,11.356,2.735,598.825,15.192304141719351,18.9875,47.22964619244018,11.58788456212579,1.7796426777730463e+18,1.7796385119655107e+18
1779641937336627046,9.788,38.3825,189.05,15.055432842326713,18.76,47.15625819414139,11.5858314926349,1.779642673393647e+18,1.7796385277475167e+18
1779641937736767189,9.672,40.915,576.925,15.155714695152831,18.900000000000002,47.27384490464483,11.587335720427292,1.7796426693143593e+18,1.7796385424299535e+18
1779641938137090751,9.832,36.8825,122.225,15.22226739371754,19.040000000000003,47.35150933280942,11.588334010905763,1.779642665494312e+18,1.7796385561476196e+18
1779641938537315683,9.808,36.0675,373.0,15.296272191576877,19.040000000000003,47.44045591899097,11.589444082873653,1.7796426619384724e+18,1.779638568881262e+18
1779641938937631485,9.672,39.6825,1138.3,15.346869742261605,19.459999999999997,47.499237166141555,11.590203046133924,1.7796426585617764e+18,1.7796385809600448e+18
1779641939337847440,9.724,39.015,197.0,15.419014018251158,19.005,47.58152253551472,11.591285210273767,1.7796426554116577e+18,1.7796385922012178e+18
1779641939738105243,9.696,39.2675,601.175,15.478553673327593,19.040000000000003,47.64959487519359,11.592178305099914,1.779642652466721e+18,1.779638602679243e+18
1779641940138240640,9.752,37.9675,196.225,15.514364102715643,19.18,47.69361290730961,11.592715461540735,1.7796426496659843e+18,1.7796386126251791e+18
1779641940538359356,9.908,33.935,598.825,15.548779009231204,19.564999999999998,47.73930840818795,11.593231685138468,1.7796426470066765e+18,1.7796386220469468e+18
1779641940938661822,9.868,34.6825,189.05,15.593815610891763,19.88,47.797155337909146,11.593907234163376,1.7796426446508582e+18,1.7796386302726141e+18
1779641941338848874,10.004,32.45,576.925,15.628609714901588,20.16,47.8449235429963,11.594429145723524,1.7796426424908838e+18,1.7796386377401052e+18
1779641941739109116,9.996,32.085,122.225,15.678161766970277,20.5275,47.90991631723827,11.595172426504554,1.7796426405475036e+18,1.7796386443716116e+18
1779641942139302923,10.032,31.7325,373.0,15.691233528314505,20.5275,47.93184445422897,11.595368502924718,1.779642638723039e+18,1.7796386505436826e+18
1779641942539643222,9.976,33.3325,1138.3,15.715523406447893,20.772499999999997,47.950778787804495,11.595732851096718,1.7796426368127017e+18,1.7796386571251602e+18
1779641942939902636,10.036,31.3825,197.0,15.70625590765593,20.9825,47.958875058257085,11.595593838614839,1.7796426347931886e+18,1.779638664187127e+18
1779641943340147826,10.02,31.7,601.175,15.683832393854722,21.209999999999997,47.966835566569,11.59525748590782,1.779642632668389e+18,1.7796386717037379e+18
1779641943740362065,10.056,31.55,196.225,15.668411507470225,21.4725,47.97080150697125,11.595026172612053,1.7796426304710917e+18,1.7796386795439068e+18
1779641944140556542,10.064,31.4175,598.825,15.660796543779735,21.5775,47.97620277051432,11.594911948156696,1.7796426282087485e+18,1.7796386876836114e+18
1779641944540803021,10.192,28.7,189.05,15.65841437614349,21.9275,47.980466381218626,11.594876215642152,1.7796426258954545e+18,1.7796386960684022e+18
1779641944941517861,10.188,28.6325,576.925,15.634673418207102,22.0675,47.97448371811341,11.594520101273107,1.7796426235250376e+18,1.779638704707452e+18
1779641945342076253,10.336,23.9325,122.225,15.583556436070213,22.155,47.96585397837796,11.593753346541053,1.7796426210751956e+18,1.779638713673667e+18
1779641945742664601,10.272,25.7675,373.0,15.523905313817547,22.2425,47.94990124132598,11.592858579707263,1.7796426185576955e+18,1.7796387229115482e+18
1779641946143212846,10.288,25.45,1138.3,15.457782078343822,22.3825,47.92918222506139,11.591866731175157,1.7796426159799805e+18,1.7796387323855565e+18
1779641946543647527,10.268,26.415,197.0,15.39986709267854,22.5575,47.90962407105955,11.590998006390178,1.7796426133689316e+18,1.779638741989357e+18
1779641946944049634,10.612,18.8475,601.175,15.327880786269278,22.6975,47.886558705748506,11.58991821179404,1.7796426107047475e+18,1.7796387517967365e+18
1779641947344393029,10.516,21.385,196.225,15.296201061612381,22.75,47.87891806365398,11.589443015924186,1.7796426080752118e+18,1.7796387614674143e+18
1779641947744857918,10.46,22.5675,598.825,15.281337181729253,22.837500000000002,47.88742297104413,11.589220057725939,1.7796426055027382e+18,1.779638770918999e+18
1779641948145288387,10.444,22.4825,189.05,15.268124608107279,22.925,47.899351486932545,11.58902186912161,1.7796426030214792e+18,1.7796387800060595e+18
1779641948545975197,10.552,20.315,576.925,15.245996696317679,22.9425,47.90023452742457,11.588689950444765,1.779642600598749e+18,1.779638788859987e+18
1779641948946723948,10.376,24.7475,122.225,15.247793671359098,22.9075,47.92234037978735,11.588716905070386,1.7796425982953754e+18,1.779638797238646e+18
1779641949347585603,10.456,21.85,373.0,15.233733315168472,22.855,47.940839522597074,11.588505999727527,1.7796425960762708e+18,1.779638805277994e+18
1779641949747824993,10.48,21.6825,1138.3,15.215428483459174,23.24,47.94782984800174,11.588231427251888,1.7796425939297846e+18,1.7796388130234893e+18
1779641950148477776,10.412,23.3825,197.0,15.206001240299909,22.872500000000002,47.96288162653317,11.588090018604499,1.779642591876768e+18,1.779638820391556e+18
1779641950549130505,10.308,25.3475,601.175,15.203458419217444,22.61,47.982750876295,11.588051876288262,1.7796425899351388e+18,1.7796388273091927e+18
1779641950949513535,10.436,22.3975,196.225,15.184438481240257,22.61,47.988678633598,11.587766577218604,1.779642588077327e+18,1.7796388338804096e+18
1779641951350113086,10.16,29.2,598.825,15.184872379023144,22.6975,47.99801544226059,11.587773085685347,1.7796425863398697e+18,1.7796388399618721e+18
1779641951750309855,10.352,24.55,189.05,15.176470022560515,22.575,48.01063309045156,11.587647050338408,1.7796425847115912e+18,1.779638845593007e+18
1779641952150862407,10.212,27.45,576.925,15.181274775569129,22.68,48.02271928668326,11.587719121633537,1.779642583208096e+18,1.7796388507152128e+18
1779641952550938063,10.332,24.565,122.225,15.168622361522768,22.68,48.03150153315598,11.587529335422841,1.7796425818122004e+18,1.7796388553871757e+18
1779641952951071301,10.332,25.135,373.0,15.156769108395533,22.5925,48.03882813336659,11.587351536625933,1.7796425804812575e+18,1.779638859792904e+18
1779641953351223065,10.412,22.18,1138.3,15.128181155961293,22.785,48.043885246910776,11.58692271733942,1.77964257893607e+18,1.7796388651303619e+18
1779641953751486878,10.508,20.6325,197.0,15.097535445563146,22.68,48.044710456673066,11.586463031683447,1.7796425773369231e+18,1.7796388707043884e+18
1779641954151617205,10.276,25.7675,601.175,15.09323325938535,22.715,48.0558257051221,11.58639849889078,1.779642575726461e+18,1.7796388763511153e+18
1779641954551821279,10.18,27.78,196.225,15.101782666134476,22.715,48.07375489731565,11.586526739992017,1.7796425741723633e+18,1.7796388817859244e+18
1779641954951997384,10.148,28.1675,598.825,15.106774779764685,22.5575,48.093646036290494,11.58660162169647,1.7796425726927232e+18,1.779638886926139e+18
1779641955352218400,10.18,28.415,189.05,15.106535880791903,22.4175,48.10315328200753,11.586598038211879,1.779642571244468e+18,1.7796388919545933e+18
1779641955752557871,10.152,29.285,576.925,15.113807917596809,22.435000000000002,48.111365223356145,11.586707118763952,1.7796425698369055e+18,1.7796388968359877e+18
1779641956152698646,10.136,28.5475,122.225,15.122544325249704,22.365,48.130738138570685,11.586838164878746,1.7796425684464082e+18,1.7796389016742193e+18
1779641956552908730,10.168,27.2825,373.0,15.125184198749828,22.47,48.152186104536796,11.586877762981247,1.7796425670615647e+18,1.7796389065141532e+18
1779641956953172934,10.196,28.0825,1138.3,15.119330642659737,22.4875,48.159051681816834,11.586789959639896,1.7796425656979315e+18,1.7796389112807053e+18
1779641957353494643,10.156,28.4825,197.0,15.115769225100179,22.662499999999998,48.171226563962556,11.586736538376503,1.7796425643545618e+18,1.7796389159795116e+18
1779641957753871148,10.164,27.6675,601.175,15.109571505032177,22.7675,48.18811347245623,11.586643572575483,1.7796425630803208e+18,1.779638920393243e+18
1779641958154348915,10.244,26.7675,196.225,15.114714018447456,22.9425,48.19926424995196,11.586720710276712,1.7796425618580362e+18,1.779638924605396e+18
1779641958555088334,10.32,25.65,598.825,15.10804682171403,23.135,48.20305238819187,11.58662070232571,1.77964256066817e+18,1.7796389286920543e+18
1779641958955831038,10.224,27.0975,189.05,15.148391455598034,23.2225,48.235604945246585,11.58722587183397,1.7796425596105344e+18,1.7796389322489807e+18
1779641959356447622,10.36,24.3325,576.925,15.10135608427439,23.38,48.21870934782039,11.586520341264116,1.7796425585383043e+18,1.7796389358545236e+18
1779641959756965044,10.264,26.5,122.225,15.028471596668153,23.5725,48.18686438618805,11.585427073950022,1.7796425574329393e+18,1.7796389395708564e+18
1779641960157782841,10.316,25.95,373.0,14.941533180168268,23.6425,48.142599583157775,11.584122997702524,1.7796425562500544e+18,1.779638943584353e+18
1779641960558314300,10.356,24.4825,1138.3,14.873461777233352,23.695,48.12381449322245,11.5831019266585,1.7796425549971133e+18,1.7796389478780813e+18
1779641960958904508,10.348,24.965,197.0,14.881782170568853,23.747500000000002,48.15113481634526,11.583226732558533,1.7796425537891791e+18,1.779638952002109e+18
1779641961359661924,10.384,23.7975,601.175,14.870592187952608,23.8,48.16343851560015,11.583058882819289,1.7796425524501522e+18,1.7796389567231276e+18
1779641961760169557,10.292,26.415,196.225,14.86757054321623,23.852500000000003,48.17761682072603,11.583013558148243,1.779642551047737e+18,1.7796389617481613e+18
1779641962160873082,10.292,25.95,598.825,14.878323324836593,23.8875,48.190489647056154,11.583174849872549,1.7796425496146885e+18,1.7796389669428582e+18
1779641962761883223,10.268,26.43,189.05,14.841686855840747,23.9575,48.177975756819116,11.582625302837611,1.779642548184865e+18,1.7796389721229865e+18
1779641963162487499,10.256,25.915,576.925,14.830459235091892,24.0625,48.18787916026652,11.582456888526378,1.7796425467344148e+18,1.7796389774116252e+18
1779641963562968117,10.372,24.08,122.225,14.821096549238971,24.185000000000002,48.191776741678986,11.582316448238585,1.7796425453222444e+18,1.7796389825471608e+18
1779641963963336156,10.472,20.5975,373.0,14.791173939497629,24.395,48.187248341223246,11.581867609092464,1.779642543919444e+18,1.779638987642505e+18
1779641964363975722,10.132,28.75,1138.3,14.80022408550114,24.4825,48.20372550402699,11.582003361282517,1.7796425425760479e+18,1.7796389925035328e+18
1779641964764660915,10.436,21.5475,197.0,14.767706564315084,24.57,48.20132937434134,11.581515598464726,1.7796425412391688e+18,1.7796389973344433e+18
1779641965165279138,10.392,22.765,601.175,14.748959956059423,24.6925,48.20387478394481,11.581234399340891,1.7796425399231964e+18,1.7796390020812303e+18
1779641965565801014,10.32,24.1,196.225,14.752402504743586,24.5,48.22151410951692,11.581286037571154,1.7796425386625692e+18,1.7796390066058563e+18
1779641965966588379,10.288,25.2175,598.825,14.711976653586675,24.5,48.21233985576112,11.5806796498038,1.7796425374341228e+18,1.7796390109779346e+18
1779641966367103333,10.368,23.615,189.05,14.623203760776196,24.272499999999997,48.17522538267051,11.579348056411643,1.7796425361837404e+18,1.7796390154038674e+18
1779641966767820155,10.392,23.565,576.925,14.490010072899262,24.272499999999997,48.11035691257537,11.577350151093489,1.7796425348418898e+18,1.7796390201640596e+18
1779641967168156244,10.284,25.9,122.225,14.353583864035679,24.3425,48.043688229117315,11.575303757960535,1.779642533352479e+18,1.7796390255115835e+18
1779641967568386955,10.356,24.265,373.0,14.198860433004125,24.395,47.96732362704938,11.572982906495062,1.7796425316799916e+18,1.779639031596229e+18
1779641967968778326,10.372,24.2325,1138.3,14.02881372249007,24.43,47.88019443960892,11.570432205837351,1.7796425298277094e+18,1.7796390383952835e+18
1779641968369035918,10.316,25.03,197.0,13.835214693028504,24.465,47.78313251580476,11.567528220395427,1.779642527629611e+18,1.7796390466483185e+18
1779641968769348185,10.264,25.165,601.175,13.60858237136293,24.4475,47.67519227216223,11.564128735570444,1.7796425250987814e+18,1.779639056278235e+18
1779641969169695671,10.296,25.2975,196.225,13.500383823508686,24.4825,47.634702033896154,11.56250575735263,1.7796425224260086e+18,1.779639066514923e+18
1779641969570084240,10.392,22.9975,598.825,13.490880154392539,24.5,47.640307868522505,11.562363202315888,1.7796425197588652e+18,1.779639076764127e+18
1779641969970370043,10.348,24.55,189.05,13.346838510008958,24.4475,47.56841541272088,11.560202577650134,1.7796425169416297e+18,1.7796390876348646e+18
1779641970370663553,10.336,23.9475,576.925,13.139216038837363,24.4475,47.467342390592286,11.55708824058256,1.7796425139205437e+18,1.779639099329248e+18
1779641970770993918,10.228,26.7175,122.225,12.92656632209388,24.4475,47.36098113529124,11.553898494831408,1.7796425106637125e+18,1.7796391119957583e+18
1779641971171301497,10.284,25.8825,373.0,12.682044278344376,24.272499999999997,47.23395084562596,11.550230664175166,1.7796425071826609e+18,1.7796391255648888e+18
1779641971571687930,10.316,25.3475,1138.3,12.415457021846965,24.3425,47.093456667217055,11.546231855327704,1.7796425034530063e+18,1.7796391401399347e+18
1779641971971748292,10.356,24.3825,197.0,12.122042879323747,24.290000000000003,46.938664696300265,11.541830643189856,1.7796424994597578e+18,1.7796391557788861e+18
1779641972371915308,10.324,24.2975,601.175,12.047733155196473,24.272499999999997,46.92698056506948,11.540715997327947,1.7796424954760067e+18,1.7796391713939543e+18
1779641972772226136,10.272,26.035,196.225,12.100382708732454,24.2375,46.98986117838107,11.541505740630987,1.7796424916499113e+18,1.779639186394471e+18
1779641973172529733,10.284,26.2175,598.825,12.150147406403722,24.185000000000002,47.04513547342856,11.542252211096056,1.7796424880543578e+18,1.7796392004364078e+18
1779641973572714129,10.244,25.93,189.05,12.206466941359503,24.272499999999997,47.11142240912021,11.543097004120392,1.7796424846550057e+18,1.779639213677602e+18
1779641973973023954,10.32,24.6825,576.925,12.359875042932197,24.255,47.24304378574268,11.545398125643983,1.7796424815302226e+18,1.7796392258192284e+18
1779641974373248650,10.348,24.65,122.225,12.473204052338332,24.412499999999998,47.33821989393708,11.547098060785075,1.7796424786156887e+18,1.7796392371235297e+18
1779641974773881531,10.356,23.615,373.0,12.619023989519906,24.535,47.466108108990795,11.549285359842798,1.7796424758842432e+18,1.7796392477346442e+18
1779641975174674357,10.36,23.565,1138.3,12.685207805622381,24.8325,47.53325944063037,11.550278117084336,1.779642473275882e+18,1.7796392578699018e+18
1779641975575141209,10.396,23.2,197.0,12.754749648647696,24.885,47.59892021854922,11.551321244729715,1.7796424707771704e+18,1.7796392675912082e+18
1779641975975417852,10.452,21.865,601.175,12.806991349649946,25.025000000000002,47.653732112866386,11.552104870244749,1.7796424683543183e+18,1.7796392770413919e+18
1779641976376246267,10.52,21.1475,196.225,12.858640741068772,25.252499999999998,47.70045278631283,11.552879611116031,1.7796424660007142e+18,1.779639286248933e+18
1779641976776839844,10.416,22.4675,598.825,12.905280011192458,25.3225,47.7521887934967,11.553579200167887,1.7796424637049713e+18,1.7796392952618063e+18
1779641977177395434,10.624,18.1825,189.05,12.966137376609499,25.497500000000002,47.8170140181834,11.554492060649142,1.7796424614751452e+18,1.779639304050534e+18
1779641977578169432,10.512,18.45,576.925,12.925379238342522,25.462500000000002,47.82780295753487,11.553880688575138,1.779642459191841e+18,1.7796393131038835e+18
1779641977978686847,10.368,23.65,122.225,12.983652303347732,25.3575,47.88678987108924,11.554754784550216,1.7796424569606144e+18,1.7796393219949537e+18
1779641978579764822,10.472,21.215,373.0,12.981360266400888,25.55,47.901765173761966,11.554720403996013,1.7796424547108347e+18,1.7796393310163512e+18
1779641978980447718,10.564,19.565,1138.3,12.941893822047696,25.5675,47.877805428018064,11.554128407330715,1.779642452393489e+18,1.7796393403712794e+18
1779641979381089100,10.684,17.065,197.0,12.963801279655218,25.689999999999998,47.91271763425008,11.554457019194828,1.7796424500483615e+18,1.7796393499158154e+18
1779641979781366557,10.464,20.6975,601.175,12.934611856898659,25.76,47.91350463552295,11.55401917785348,1.7796424476317297e+18,1.7796393598220849e+18
1779641980181937820,10.764,14.5175,196.225,12.878662237975616,25.9525,47.8994532356232,11.553179933569634,1.779642445116862e+18,1.779639370200231e+18
1779641980582510220,10.648,17.215,598.825,12.846523805244765,25.9175,47.884101615100896,11.552697857078671,1.7796424425331896e+18,1.779639380929039e+18
1779641980983123543,10.628,18.6325,189.05,12.840025597438132,25.8475,47.89180314245687,11.552600383961572,1.779642439899001e+18,1.7796393919406802e+18
1779641981383582200,10.74,15.9325,576.925,12.852674171160286,25.900000000000002,47.92227752483555,11.552790112567404,1.7796424372264696e+18,1.7796394031912097e+18
1779641981783955617,10.7,16.8825,122.225,12.875995754392466,26.040000000000003,47.9588470469307,11.553139936315887,1.7796424345358213e+18,1.7796394145917688e+18
1779641982184432438,10.696,17.215,373.0,12.907432271780284,26.11,47.99780945508554,11.553611484076704,1.7796424318256387e+18,1.7796394261547382e+18
1779641982584671552,10.688,16.685,1138.3,12.954222038219468,26.040000000000003,48.05838310123236,11.554313330573292,1.7796424291808863e+18,1.779639437482728e+18
1779641982984851787,10.692,17.2,197.0,12.964231622358675,26.145,48.07926160633493,11.55446347433538,1.779642426616272e+18,1.7796394484781312e+18
1779641983385155720,10.824,13.75,601.175,12.937897588371397,25.935000000000002,48.08425235859788,11.55406846382557,1.7796424240802153e+18,1.779639459362815e+18
1779641983785566499,10.84,13.765,196.225,12.924756859425527,25.9525,48.0941208864226,11.553871352891383,1.7796424215918817e+18,1.7796394700528957e+18
1779641984185745819,11.188,6.6325,598.825,12.896959376008343,26.075,48.09630673892214,11.553454390640125,1.7796424191332209e+18,1.7796394806247544e+18
1779641984586111333,10.66,17.4825,189.05,12.921749008454567,25.9525,48.13967586150106,11.553826235126818,1.7796424167472637e+18,1.7796394909051395e+18
1779641984986159687,10.472,21.365,576.925,12.92903411794753,25.9525,48.16508812592125,11.553935511769213,1.7796424144071995e+18,1.7796395010104535e+18
1779641985386331905,10.576,19.7825,122.225,12.95463482273691,25.8825,48.20270662943564,11.554319522341054,1.779642412131825e+18,1.779639510860621e+18
1779641985786725455,10.456,21.385,373.0,12.953857277741882,25.689999999999998,48.224981037153306,11.554307859166128,1.7796424098989722e+18,1.7796395205442278e+18
1779641986186931023,10.488,20.435,1138.3,12.931640740878187,25.7075,48.23129372218823,11.553974611113173,1.7796424076899402e+18,1.7796395301370816e+18
1779641986587146999,10.4,23.05,197.0,12.939036121534375,25.5675,48.255081890798955,11.554085541823016,1.779642405528165e+18,1.77963953954424e+18
1779641987387715791,10.42,22.615,196.225,12.949915821560834,27.23,48.284032379557964,11.554248737323412,1.7796424034010258e+18,1.7796395488356977e+18
1779641988188224266,10.38,23.215,189.05,12.949188125376399,25.3575,48.30010561945498,11.554237821880646,1.7796424013114442e+18,1.7796395579888655e+18
1779641988588520497,10.372,23.5175,576.925,12.94934412211406,25.287499999999998,48.31412598464141,11.55424016183171,1.7796423992500419e+18,1.7796395670421212e+18
1779641988988777685,10.48,20.9975,122.225,12.938692242308361,25.27,48.32369941359815,11.554080383634625,1.7796423972194798e+18,1.7796395759747072e+18
1779641989389042111,10.364,23.65,373.0,12.95592156358755,25.252499999999998,48.356435188069746,11.554338823453813,1.7796423952412293e+18,1.7796395846988723e+18
1779641989789727245,10.432,22.315,1138.3,12.963130998849781,25.165000000000003,48.38153112310405,11.554446964982747,1.7796423933121341e+18,1.779639593222351e+18
1779641990190256109,10.248,25.8175,197.0,12.978486431239933,25.1125,48.41010755484702,11.554677296468599,1.7796423914340055e+18,1.7796396015404352e+18
1779641990590961461,10.42,21.9975,601.175,12.962782810636586,25.0425,48.40930995363318,11.554441742159549,1.7796423896040343e+18,1.7796396096456376e+18
1779641991392376178,10.228,26.1825,189.05,13.046547586285199,24.8675,48.47132642349267,11.555698213794278,1.7796423879060498e+18,1.7796396171954737e+18
1779641992193609945,10.3,24.665,122.225,13.017551942350842,26.162499999999998,48.46614906080452,11.555263279135263,1.7796423862064136e+18,1.7796396247745021e+18
1779641992594123418,10.112,29.25,373.0,13.019726459229464,24.727500000000003,48.47572959994292,11.555295896888442,1.7796423844387267e+18,1.7796396327238564e+18
1779641992994577867,10.12,28.7,1138.3,13.022862581939727,24.6575,48.49211473959381,11.555342938729096,1.779642382580257e+18,1.779639641158025e+18
1779641993395306096,10.412,21.385,197.0,12.994849827550887,24.622500000000002,48.50183603470264,11.554922747413263,1.7796423806384412e+18,1.7796396500217554e+18
1779641993795837592,10.276,23.8975,601.175,12.9960538938288,24.955,48.53587103141952,11.554940808407432,1.779642378672955e+18,1.7796396590397944e+18
1779641994196403368,10.328,23.4675,196.225,12.990681765455362,24.4475,48.55604833927118,11.55486022648183,1.779642376664363e+18,1.7796396683042058e+18
1779641994597067929,10.136,27.9975,598.825,13.015733330180948,24.5,48.591242900170656,11.555235999952714,1.7796423746425014e+18,1.77963967768642e+18
1779641994997814185,10.592,18.3825,189.05,12.975418481565832,24.5175,48.584253997841365,11.554631277223487,1.7796423725667497e+18,1.7796396873477158e+18
1779641995398512752,10.424,22.1325,576.925,12.965161687013419,24.5175,48.594427869035485,11.554477425305201,1.7796423704878738e+18,1.7796396970546217e+18
1779641995798763143,10.452,21.415,122.225,12.9649119632585,24.727500000000003,48.61822951944413,11.554473679448877,1.7796423684046892e+18,1.7796397068194076e+18
1779641996199537083,10.512,20.6975,373.0,12.963820839285223,24.8325,48.63086887697034,11.554457312589278,1.7796423663201533e+18,1.7796397166267574e+18
1779641996600272508,10.472,21.4325,1138.3,12.956206389165665,25.0775,48.63556500441397,11.554343095837485,1.7796423642409446e+18,1.7796397264390006e+18
1779641997600986149,10.524,19.43,196.225,12.926736967781208,25.1825,48.63781583539575,11.553901054516718,1.7796423621439396e+18,1.7796397363712333e+18
1779641998001232442,10.488,20.815,598.825,12.91598369614464,25.27,48.647601712207184,11.55373975544217,1.7796423600825347e+18,1.7796397461542556e+18
1779641998401503896,10.492,20.6475,189.05,12.909772978752294,25.2,48.660553399484364,11.553646594681284,1.7796423580552758e+18,1.7796397557975283e+18
1779641998801777717,10.492,20.265,576.925,12.90555413021434,25.235,48.68260277464211,11.553583311953215,1.7796423560718907e+18,1.7796397652524882e+18
1779641999202058224,10.48,20.5675,122.225,12.886289650691857,25.305,48.685985275493465,11.553294344760378,1.7796423541222884e+18,1.7796397745599862e+18
1779641999602463815,10.496,21.0475,373.0,12.893483717585111,25.3925,48.70664047896909,11.553402255763777,1.779642352233623e+18,1.7796397835982188e+18
1779642000002584777,10.54,19.565,1138.3,12.880648913631957,25.462500000000002,48.71719966275988,11.55320973370448,1.7796423503800005e+18,1.7796397924848911e+18
1779642000402800273,10.524,19.7825,197.0,12.861770613776091,25.5675,48.72338344024913,11.552926559206641,1.779642348547864e+18,1.7796398012844946e+18
1779642000803034741,10.748,14.965,601.175,12.819724640436043,25.5325,48.7193492360834,11.55229586960654,1.779642346727845e+18,1.7796398100302285e+18
1779642001603661566,10.764,14.835,598.825,12.758006164486435,25.462500000000002,48.68874317603963,11.551370092467296,1.7796423449122017e+18,1.7796398187583007e+18
1779642002003894665,10.516,19.95,189.05,12.720995249159223,25.305,48.67673656751402,11.550814928737388,1.779642343116256e+18,1.7796398273972014e+18
1779642002404176688,10.476,21.365,576.925,12.673417517960878,25.48,48.65936430975591,11.550101262769413,1.7796423413256184e+18,1.779639836013865e+18
1779642002804533041,10.528,20.0825,122.225,12.640304978856035,25.3925,48.653272112787356,11.54960457468284,1.7796423395357932e+18,1.7796398446401984e+18
1779642003204946810,10.56,19.35,373.0,12.62906374783753,25.4275,48.6490564761859,11.549435956217563,1.7796423377631188e+18,1.7796398532058176e+18
1779642003605124815,10.52,19.985,1138.3,12.603482452403814,25.445,48.64229490162269,11.549052236786057,1.779642335996713e+18,1.7796398617576328e+18
1779642004005330021,10.512,20.435,197.0,12.573814712979795,25.3575,48.63876026624494,11.548607220694697,1.7796423342389924e+18,1.7796398702808064e+18
1779642004405626325,10.416,21.4975,601.175,12.572648348948897,25.3225,48.64730176830137,11.548589725234233,1.7796423324897876e+18,1.7796398787955717e+18
1779642004805921757,10.372,22.9475,196.225,12.58597137007671,25.1125,48.66386821133745,11.54878957055115,1.7796423307641254e+18,1.7796398872304584e+18
1779642005206533506,10.396,22.335,598.825,12.592694864353593,24.99,48.69172942670196,11.548890422965304,1.779642329059152e+18,1.77963989559564e+18
1779642005607011651,10.408,22.765,189.05,12.58329760824397,25.0075,48.69534205363025,11.54874946412366,1.7796423273653496e+18,1.7796399039302292e+18
1779642006007410135,10.384,22.25,576.925,12.559686386196342,25.13,48.70330470821274,11.548395295792945,1.779642325684181e+18,1.7796399122181048e+18
1779642006407592082,10.424,20.95,122.225,12.525332411936052,25.0425,48.70767879382364,11.54787998617904,1.7796423239981107e+18,1.779639920543706e+18
1779642006807872457,10.416,21.5175,373.0,12.501160412994466,25.2175,48.71063690879743,11.547517406194917,1.7796423222933937e+18,1.7796399289846374e+18
1779642007208254350,10.436,21.4325,1138.3,12.483262248229318,25.305,48.715942093310574,11.54724893372344,1.77964232060843e+18,1.7796399373467638e+18
1779642007608483496,10.36,22.335,197.0,12.457254112200378,25.41,48.7250329153066,11.546858811683006,1.779642318928174e+18,1.7796399457020595e+18
1779642008008720422,10.62,16.7,601.175,12.37945883413613,25.48,48.698069113727776,11.545691882512042,1.7796423172389097e+18,1.779639954092118e+18
1779642008408916165,10.44,21.3,196.225,12.367522352394971,25.515,48.71416504004375,11.545512835285924,1.7796423155750538e+18,1.7796399623759332e+18
1779642008809079089,10.412,21.835,598.825,12.350402968900406,25.3925,48.72044033658669,11.545256044533506,1.7796423139370092e+18,1.7796399705478892e+18
1779642009209609419,10.764,13.6975,189.05,12.237241703709945,25.62,48.67359100241309,11.543558625555649,1.7796423122614449e+18,1.7796399788842355e+18
1779642009609938591,11.428,1.4325,576.925,12.140399476005323,25.252499999999998,48.6259582215586,11.54210599214008,1.779642310571846e+18,1.7796399872727135e+18
1779642010010196777,11.448,1.4975,122.225,12.097366900785735,25.1825,48.60540709331753,11.541460503511786,1.779642308883365e+18,1.7796399956653391e+18
1779642010410683060,11.468,1.5325,373.0,12.103068330111427,25.095,48.61781221762211,11.541546024951671,1.7796423072207304e+18,1.7796400039599053e+18
1779642010810854242,11.48,1.4975,1138.3,12.150397424152567,24.99,48.64405091146949,11.542255961362288,1.7796423056112182e+18,1.7796400120354775e+18
1779642011211399163,11.496,1.5475,197.0,12.196173258640613,24.885,48.67274036614518,11.542942598879609,1.7796423040655933e+18,1.7796400198327675e+18
1779642011611788928,11.5,1.5975,601.175,12.26235204771576,24.955,48.71377462404759,11.543935280715736,1.7796423025922445e+18,1.7796400273170696e+18
1779642012012124324,11.508,1.615,196.225,12.300814671605398,24.727500000000003,48.743203765698084,11.54451222007408,1.7796423011792722e+18,1.7796400345337644e+18
1779642012412255770,11.516,1.365,598.825,12.346170582667753,24.745,48.7742883098317,11.545192558740016,1.7796422998336445e+18,1.7796400414481393e+18
1779642013613294997,11.536,1.5325,1138.3,12.461918790727555,23.45,48.846034335788325,11.546928781860913,1.7796422986079232e+18,1.7796400478380042e+18
1779642015013948468,11.564,1.5675,601.175,12.598696692670655,20.93,48.93393696289078,11.54898045039006,1.7796422975217119e+18,1.779640053613388e+18
1779642015414305993,11.564,1.5175,196.225,12.720224446521744,20.8075,49.014405280840236,11.550803366697826,1.779642296541703e+18,1.7796400589149404e+18
1779642016214778029,11.572,1.4975,189.05,12.84793441942762,20.37,49.097108331144526,11.552719016291414,1.7796422956783468e+18,1.7796400636979732e+18
1779642016615032516,11.572,1.5325,576.925,12.982171157565237,20.3,49.18314434913944,11.554732567363478,1.7796422949228828e+18,1.779640067999785e+18
1779642017015299671,11.572,1.4975,122.225,13.102836108233113,19.6175,49.26179987381961,11.556542541623497,1.7796422942622938e+18,1.7796400718797466e+18
1779642017415689964,11.576,1.5475,373.0,13.233791786447656,19.6175,49.34567474408055,11.558506876796715,1.779642293710019e+18,1.7796400752705766e+18
1779642017815959323,11.576,1.5675,1138.3,13.367591288634005,19.127499999999998,49.43006892872557,11.56051386932951,1.7796422932536312e+18,1.7796400782369085e+18
1779642018216535995,11.576,1.5825,197.0,13.484369813864292,19.11,49.50569892200512,11.562265547207964,1.7796422928813875e+18,1.779640080832375e+18
1779642019017802064,11.58,1.5475,196.225,13.596995833871468,18.9525,49.57982098840473,11.563954937508072,1.7796422925906642e+18,1.779640083076176e+18
1779642019418055263,11.58,1.5975,598.825,13.719617822958782,18.9525,49.657155689468865,11.565794267344382,1.7796422923820227e+18,1.779640084957984e+18
1779642019818846102,11.576,1.6325,189.05,13.836615636478049,18.83,49.73127289832808,11.56754923454717,1.7796422922608494e+18,1.779640086444104e+18
1779642020219016487,11.576,1.5975,576.925,13.947117543710132,18.5325,49.80159435336056,11.569206763155652,1.7796422922107182e+18,1.7796400876178908e+18
1779642020619412028,11.584,1.5475,122.225,14.08273902860258,18.1825,49.88400890170095,11.571241085429039,1.7796422922334057e+18,1.7796400884825992e+18
1779642021020183588,11.584,1.5175,373.0,14.178593710430544,17.78,49.94927811574397,11.572678905656458,1.7796422923056522e+18,1.779640089140341e+18
1779642021420901820,11.588,1.4625,197.0,14.28029189054358,17.2375,50.01679936344859,11.574204378358154,1.7796422924383892e+18,1.7796400895345252e+18
1779642021821416583,11.496,3.5,598.825,14.38020090855897,16.852500000000003,50.08207017559511,11.575703013628384,1.7796422926477102e+18,1.779640089578338e+18
1779642022222057334,11.508,2.9475,576.925,14.46584343031031,16.52,50.137967555166426,11.576987651454655,1.7796422929127475e+18,1.7796400893736115e+18
1779642022622631608,11.512,3.08,122.225,14.58243431205786,16.52,50.20730235550654,11.578736514680868,1.779642293244831e+18,1.7796400888756493e+18
1779642023023303074,11.524,2.815,373.0,14.673931669668825,16.345,50.26542388947327,11.580108975045032,1.7796422936275067e+18,1.7796400881587674e+18
1779642023423729308,11.28,7.8,1138.3,14.757476445150258,16.17,50.31245711614386,11.581362146677254,1.7796422940589663e+18,1.779640087227731e+18
1779642023824600198,10.808,16.7975,197.0,14.810920790273924,16.17,50.32901071284484,11.582163811854109,1.7796422945226514e+18,1.7796400861549878e+18
1779642024225046087,10.888,15.0175,601.175,14.846965140086812,16.1875,50.35712726038801,11.582704477101302,1.7796422950077368e+18,1.7796400849892234e+18
1779642024625269116,10.752,17.2825,196.225,14.8544742058271,16.38,50.35997215137714,11.582817113087406,1.7796422955274565e+18,1.7796400836441633e+18
1779642025026111669,10.56,21.015,598.825,14.850001408066014,16.59,50.35742655272592,11.58275002112099,1.7796422960436618e+18,1.779640082318299e+18
1779642025426531291,10.512,21.765,189.05,14.837349697278022,16.59,50.358526608623805,11.58256024545917,1.779642296563902e+18,1.7796400809658957e+18
1779642025827126403,10.584,19.93,576.925,14.825196455584653,16.8875,50.359854219742786,11.58237794683377,1.7796422970804884e+18,1.7796400796291023e+18
1779642026227981914,10.548,20.75,122.225,14.8200013226399,17.22,50.360736124978615,11.582300019839598,1.7796422976053274e+18,1.779640078246985e+18
1779642026628623240,10.54,20.515,373.0,14.80495648259069,17.5525,50.36352124828484,11.58207434723886,1.77964229812853e+18,1.7796400768678262e+18
1779642027029148018,10.844,13.7325,1138.3,14.766135386886805,17.5525,50.350244765741024,11.581492030803302,1.779642298638971e+18,1.7796400755388431e+18
1779642027429502147,11.42,1.9675,197.0,14.674271441526884,17.78,50.30304993957871,11.580114071622903,1.7796422991084183e+18,1.7796400743841408e+18
1779642027829874730,11.492,1.4475,601.175,14.643348212876564,17.92,50.291896434601654,11.579650223193148,1.7796422995702792e+18,1.7796400732562703e+18
1779642028230290126,11.516,1.4625,196.225,14.633042560645713,17.885,50.290028376753384,11.579495638409686,1.7796423000378353e+18,1.779640072094411e+18
1779642029030914802,11.524,1.73,576.925,14.669056032400565,17.885,50.31251712694017,11.580035840486008,1.7796423005444132e+18,1.7796400707554685e+18
1779642029431177233,11.492,2.5475,122.225,14.718228327993863,17.745,50.34131007836314,11.580773424919908,1.7796423010788982e+18,1.7796400692945777e+18
1779642029831535531,11.5,2.4825,373.0,14.754402143842036,17.587500000000002,50.36832464350941,11.58131603215763,1.7796423016360704e+18,1.779640067732657e+18
1779642030231790637,11.56,1.4975,1138.3,14.804300121085928,17.587500000000002,50.40409558998983,11.582064501816289,1.7796423022267663e+18,1.7796400660179428e+18
1779642030632105784,11.56,1.4975,197.0,14.852780133368729,17.3425,50.43959280797517,11.58279170200053,1.7796423028503027e+18,1.7796400641530893e+18
1779642031432670833,11.568,1.4475,196.225,14.908855865760357,16.765,50.47811081927806,11.583632837986405,1.7796423035205514e+18,1.7796400620793024e+18
1779642031832866517,11.564,1.5175,598.825,14.965040490406487,16.765,50.51487446024405,11.584475607356097,1.7796423041946455e+18,1.779640060018633e+18
1779642032233314582,11.572,1.4975,189.05,15.032404800417218,16.45,50.5568405162911,11.585486072006258,1.779642304888766e+18,1.7796400578885837e+18
1779642032633515728,11.576,1.5675,576.925,15.093870893986708,16.1175,50.60311236914053,11.5864080634098,1.7796423056066913e+18,1.7796400556648e+18
1779642033033819798,11.58,1.4825,122.225,15.15949231311468,16.1175,50.6484634281836,11.58739238469672,1.7796423063573123e+18,1.7796400533006295e+18
1779642033434113718,11.576,1.5475,373.0,15.223392790409289,15.8725,50.69159907719661,11.58835089185614,1.7796423071470157e+18,1.7796400507597279e+18
1779642033834358474,11.58,1.4975,1138.3,15.299608624243852,15.557500000000001,50.73520250640767,11.589494129363658,1.7796423079854587e+18,1.7796400479958863e+18
1779642034234597387,11.584,1.4325,197.0,15.37003011826453,15.557500000000001,50.77738990270278,11.590550451773968,1.7796423088738598e+18,1.7796400449987886e+18
1779642034635097877,11.588,1.5175,601.175,15.444012855385207,15.364999999999998,50.82260287993242,11.591660192830778,1.7796423098326267e+18,1.7796400416598185e+18
1779642035035629322,11.32,7.0975,196.225,15.504812385472952,15.364999999999998,50.85776821248375,11.592572185782094,1.7796423108445181e+18,1.7796400380640852e+18
1779642035435838144,11.448,4.1975,598.825,15.556524141501963,15.19,50.89179650825972,11.59334786212253,1.779642311908094e+18,1.7796400342140613e+18
1779642035836050462,11.408,5.05,189.05,15.685932998468587,15.015,50.96631605825434,11.595288994977029,1.7796423130680246e+18,1.7796400299088197e+18
1779642036236697533,11.356,6.1125,576.925,15.769096569580853,15.015,51.01282887178348,11.596536448543713,1.779642314298949e+18,1.7796400252610706e+18
1779642036636869855,11.336,6.2175,122.225,15.814221870836874,14.717500000000001,51.037277383607304,11.597213328062553,1.7796423155831235e+18,1.7796400203462377e+18
1779642037037407145,11.468,3.4675,373.0,15.844730321160782,14.56,51.05460634988318,11.597670954817412,1.7796423169137362e+18,1.7796400151932974e+18
1779642037437768551,10.324,27.4825,1138.3,15.800908615576347,14.56,50.99740098387875,11.597013629233645,1.7796423182514598e+18,1.7796400099752804e+18
1779642037838132548,9.932,34.5975,197.0,15.713950681223054,14.4725,50.9156606964618,11.595709260218346,1.7796423195717704e+18,1.779640004801889e+18
1779642038238516340,9.896,34.5325,601.175,15.64726435480337,14.8575,50.85868223177104,11.59470896532205,1.7796423208926236e+18,1.7796399995857743e+18
1779642038638845355,9.704,38.53,196.225,15.580880943816748,14.8575,50.797827806896535,11.593713214157251,1.7796423222094602e+18,1.7796399943521887e+18
1779642039039241676,9.676,38.4175,598.825,15.494424485565107,15.1725,50.737104558382796,11.592416367283477,1.7796423235144492e+18,1.7796399891322324e+18
1779642039839961889,9.712,37.4325,576.925,15.422224503405447,15.540000000000001,50.68974780160115,11.591333367551082,1.779642324831947e+18,1.779639983813461e+18
1779642040240197259,9.712,37.5325,122.225,15.349232406315814,15.7325,50.64037269915194,11.590238486094737,1.7796423261436083e+18,1.7796399784826455e+18
1779642040640596502,9.724,37.3675,373.0,15.285354541893726,16.03,50.596222089041646,11.589280318128406,1.7796423274551334e+18,1.7796399731135995e+18
1779642041041021405,9.908,33.2325,1138.3,15.24797723296673,16.03,50.590649297574224,11.588719658494501,1.779642328782512e+18,1.779639967633714e+18
1779642041441360999,11.184,4.115,197.0,15.036480756391496,16.17,50.482109153718554,11.585547211345872,1.7796423300503706e+18,1.7796399623541176e+18
1779642041841914499,11.244,3.58,601.175,14.888691870614998,16.24,50.398324421567615,11.583330378059225,1.7796423312878784e+18,1.7796399571518643e+18
1779642042242119185,11.42,1.615,196.225,14.804319461240295,16.24,50.360775567351006,11.582064791918604,1.7796423325129728e+18,1.7796399519662607e+18
1779642042642454189,11.456,1.4975,598.825,14.773176673967672,16.064999999999998,50.359844495647884,11.581597650109515,1.7796423337585564e+18,1.7796399466472888e+18
1779642043042782258,11.484,1.4325,189.05,14.88481523364161,16.17,50.48739551269838,11.583272228504624,1.7796423351343836e+18,1.7796399406731346e+18
1779642043443020925,11.016,11.6825,576.925,14.997954032412117,16.17,50.60034815891671,11.584969310486182,1.7796423366183652e+18,1.779639934167194e+18
1779642044243745480,11.476,1.9125,373.0,15.076558929516265,17.185000000000002,50.64554585848053,11.586148383942744,1.77964233820624e+18,1.7796399271451387e+18
1779642044643975494,11.504,1.665,1138.3,15.16697326359445,17.5,50.74713427505506,11.587504598953917,1.779642339890654e+18,1.7796399196414787e+18
1779642045044185569,11.504,1.815,197.0,15.292297303418643,17.5,50.87918240353662,11.58938445955128,1.779642341697261e+18,1.7796399115353608e+18
1779642045444428575,11.516,1.6325,601.175,15.367110731765703,17.675,50.96258694272519,11.590506660976486,1.7796423435388605e+18,1.7796399032807834e+18
1779642046244889967,11.544,1.5825,189.05,15.430186445365344,17.5,51.01816164418152,11.59145279668048,1.7796423454434885e+18,1.7796398947284823e+18
1779642046645251182,11.544,1.4475,576.925,15.527757165482551,17.4825,51.11472780709308,11.592916357482238,1.779642347425589e+18,1.7796398858060534e+18
1779642047045491615,11.556,1.5175,122.225,15.649759147269139,17.377499999999998,51.23346370238821,11.594746387209037,1.7796423495047465e+18,1.7796398764203868e+18
1779642047445758166,11.556,1.4625,373.0,15.760881200919467,17.325,51.3424602744075,11.596413218013792,1.779642351665474e+18,1.7796398666514094e+18
1779642047645817668,11.56,1.4325,1138.3,15.861611026543287,17.325,51.44164528941014,11.59792416539815,1.779642353901528e+18,1.7796398565204723e+18
1779642048046024787,11.564,1.5325,197.0,15.929553867912423,17.2025,51.50120825279103,11.598943308018686,1.7796423562092357e+18,1.7796398460346432e+18
1779642048446253079,11.564,1.5175,601.175,15.997040901569747,17.0625,51.561102364379614,11.599955613523546,1.779642358592326e+18,1.7796398351732882e+18
1779642048846403248,11.564,1.5175,196.225,16.065953301786433,17.0625,51.627838565082506,11.600989299526796,1.7796423610525768e+18,1.7796398239279222e+18
1779642049246728765,11.572,1.4325,598.825,16.126759724452064,16.974999999999998,51.68157454602837,11.601901395866781,1.7796423635837573e+18,1.7796398123285322e+18
1779642050047917105,11.312,6.6825,576.925,16.190574157755183,16.695,51.740086673709875,11.602858612366328,1.7796423662078948e+18,1.7796398002698522e+18
1779642051249272380,11.256,7.4,601.175,16.255664728674983,16.6775,51.81098442734643,11.603834970930125,1.7796423690017428e+18,1.7796397873398566e+18
1779642051649722786,10.86,14.75,196.225,16.282745344414767,16.8175,51.84340070698856,11.604241180166222,1.7796423718272637e+18,1.7796397742540943e+18
1779642052050195305,10.98,11.9,598.825,16.300153338518523,17.0975,51.87420914320606,11.604502300077778,1.7796423746905518e+18,1.7796397609722176e+18
1779642052450656895,10.88,13.7175,189.05,16.325987420876785,17.0975,51.92067529003382,11.604889811313152,1.7796423776147256e+18,1.7796397473710866e+18
1779642052851015407,10.728,16.7,576.925,16.355099420476748,17.272499999999997,51.96998531195637,11.605326491307151,1.7796423806060608e+18,1.7796397334181181e+18
1779642053251459051,10.612,19.6325,122.225,16.377865037402927,17.3425,52.00223664472488,11.605667975561044,1.7796423836456786e+18,1.7796397192149522e+18
1779642053651780116,10.588,19.3325,373.0,16.392912553759786,17.43,52.03537288335847,11.605893688306397,1.779642386704608e+18,1.7796397049182794e+18
1779642054052456293,10.588,19.93,1138.3,16.394594229680198,17.43,52.02651023990232,11.605918913445203,1.7796423897686482e+18,1.779639690598408e+18
1779642054452832157,10.748,16.0675,197.0,16.388778553209427,17.3075,52.028135864582076,11.605831678298141,1.7796423928350868e+18,1.7796396762651712e+18
1779642054853580039,10.572,19.985,601.175,16.390220079627305,17.64,52.02950004037122,11.60585330119441,1.779642395917215e+18,1.7796396618494597e+18
1779642055254043128,10.724,16.715,196.225,16.392408510322987,17.605,52.04305370607377,11.605886127654845,1.7796423990103606e+18,1.7796396473779791e+18
1779642055654616537,10.664,17.8325,598.825,16.39165477638017,17.605,52.0425764593708,11.605874821645703,1.7796424021122783e+18,1.7796396328612247e+18
1779642056055098941,10.452,22.6325,189.05,16.390422802688164,17.605,52.041256009976735,11.605856342040322,1.7796424052262932e+18,1.7796396182802624e+18
1779642056455638750,10.452,22.4675,576.925,16.39026940496709,17.622500000000002,52.04426451676256,11.605854041074506,1.7796424083627261e+18,1.779639603577828e+18
1779642056855963835,10.648,17.53,122.225,16.379466151387078,17.6925,52.04742162082537,11.605691992270806,1.779642411494957e+18,1.779639588895336e+18
1779642057256109473,10.736,15.8325,373.0,16.365063377253325,17.6575,52.04629757363959,11.6054759506588,1.7796424146197734e+18,1.7796395742479406e+18
1779642057656414918,10.492,21.665,1138.3,16.370497958014674,17.6925,52.061783637383115,11.60555746937022,1.7796424177444585e+18,1.779639559609687e+18
1779642058056639127,10.516,20.9,197.0,16.370915173472945,17.6925,52.05963827525498,11.605563727602094,1.7796424208663557e+18,1.7796395449916805e+18
1779642058456817318,10.592,19.565,601.175,16.371464061220287,17.7625,52.05970872079283,11.605571960918304,1.779642423982849e+18,1.779639530408685e+18
1779642058856997623,10.724,16.235,196.225,16.36156772109199,17.8325,52.06521423789263,11.60542351581638,1.7796424270787814e+18,1.7796395159375007e+18
1779642059257238076,10.672,17.7475,598.825,16.361942831965436,17.8325,52.07315740474892,11.605429142479482,1.7796424301584678e+18,1.7796395015617318e+18
1779642059657515219,10.628,17.7975,189.05,16.351006506623932,17.92,52.07472493520597,11.605265097599359,1.7796424332097608e+18,1.779639487340579e+18
1779642314716475749,10.636,17.465,576.925,16.358484156606046,17.92,52.11402530253333,11.60537726234909,1.7796424674584837e+18,1.779639316524327e+18
1779642315116830124,10.376,23.55,122.225,16.36062116568312,17.99,52.12273067814402,11.605409317485247,1.7796425019132557e+18,1.7796391445215483e+18
1779642315517052330,10.472,20.865,373.0,16.364733399819976,17.745,52.14653898374476,11.6054710009973,1.779642536592997e+18,1.7796389712342223e+18
1779642315917188957,10.6,18.2675,1138.3,16.355224272574592,17.622500000000002,52.152517363213846,11.605328364088619,1.7796425714475453e+18,1.779638796917389e+18
1779642316317613454,10.536,19.565,197.0,16.352782261635173,17.92,52.171234539877425,11.605291733924528,1.7796426064995543e+18,1.779638621459989e+18
1779642316717863294,10.448,21.45,601.175,16.351522230123983,17.6575,52.17059542178482,11.60527283345186,1.7796426420127585e+18,1.7796384433948477e+18
1779642317117988086,10.424,21.25,196.225,16.348968913658112,17.6575,52.180812001042575,11.605234533704872,1.7796426779585021e+18,1.7796382628834337e+18
1779642317518145610,10.316,23.565,598.825,16.353568557004255,17.709999999999997,52.20313470082412,11.605303528355064,1.7796427143750868e+18,1.779638079734422e+18
1779642317918302177,10.376,22.23,189.05,16.358207933275736,17.272499999999997,52.2300823402501,11.605373118999136,1.7796427511964052e+18,1.779637894322877e+18
1779642318318950927,10.252,24.9175,576.925,16.367014887883574,17.290000000000003,52.254053724086845,11.605505223318254,1.7796427884240387e+18,1.7796377066573965e+18
1779642318719291045,10.316,24.0325,122.225,16.38465387096058,17.290000000000003,52.29271879223318,11.605769808064409,1.7796428261491837e+18,1.7796375162626074e+18
1779642319119556995,10.12,28.5325,373.0,16.406151290601734,16.6075,52.329645277201266,11.606092269359026,1.779642864439083e+18,1.7796373227828106e+18
1779642319519999472,10.296,24.4175,1138.3,16.41528590415595,16.625,52.35162807693255,11.60622928856234,1.7796429032570726e+18,1.7796371263950694e+18
1779642319920164049,10.248,25.115,197.0,16.418251896253683,16.537499999999998,52.36248083920762,11.606273778443805,1.779642942561568e+18,1.7796369273222254e+18
1779642320320527047,10.292,25.415,601.175,16.431104671787327,16.537499999999998,52.3848544632154,11.60646657007681,1.7796429824299118e+18,1.779636725172894e+18
1779642320720821147,10.164,27.2825,196.225,16.445099048231487,16.415000000000003,52.41100203178665,11.606676485723472,1.7796430229779085e+18,1.7796365193168563e+18
1779642321521586116,10.172,27.6175,189.05,16.443880116412362,16.485,52.408578132912865,11.606658201746185,1.7796430641360996e+18,1.7796363101343793e+18
1779642321921823300,10.744,15.0825,576.925,16.42831108914176,16.485,52.421772459763524,11.606424666337126,1.779643105830346e+18,1.7796360979510595e+18
1779642322322075892,10.908,12.165,122.225,16.409499930881527,16.6775,52.43362689941453,11.606142498963223,1.7796431480228055e+18,1.7796358829641257e+18
1779642322722367699,10.4,22.8975,373.0,16.417892505962644,16.537499999999998,52.45219845510412,11.60626838758944,1.7796431908898404e+18,1.779635664299863e+18
1779642323523160071,10.684,17.2975,197.0,16.417337695278732,16.555,52.46274735447131,11.606260065429181,1.7796432343062684e+18,1.7796354426620027e+18
1779642323923881331,10.076,30.25,601.175,16.406269508122012,16.537499999999998,52.450410659697134,11.60609404262183,1.7796432781975475e+18,1.77963521837992e+18
1779642324323992248,9.512,42.0325,196.225,16.322912916024595,16.66,52.364287353722474,11.604843693740369,1.7796433220873114e+18,1.779634993789405e+18
1779642324724146364,9.68,37.165,598.825,16.31226291483871,16.9225,52.35744856583858,11.60468394372258,1.7796433666713285e+18,1.779634765328271e+18
1779642325124483219,9.628,39.3825,189.05,16.256807928625804,16.9225,52.29844970040637,11.603852118929387,1.779643411480158e+18,1.779634535394867e+18
1779642325524831946,9.568,39.7475,576.925,16.227534783942904,17.1675,52.26748493532777,11.603413021759144,1.7796434569320038e+18,1.779634301778491e+18
1779642325925273294,9.696,36.4825,122.225,16.237642293672593,17.535,52.29348890639217,11.603564634405089,1.779643503365014e+18,1.7796340627903273e+18
1779642326325854035,9.572,39.1325,373.0,16.233181670842438,17.885,52.296837688724956,11.603497725062637,1.7796435506669996e+18,1.779633818990076e+18
1779642326725962686,9.744,35.6825,1138.3,16.235935353679626,17.885,52.30895305041617,11.603539030305194,1.779643598615795e+18,1.7796335716471437e+18
1779642327126353786,9.764,35.835,197.0,16.219142438710875,18.3225,52.287420375742855,11.603287136580663,1.7796436471283374e+18,1.7796333211254395e+18
1779642327526680747,9.808,34.2325,601.175,16.222224413745167,18.6725,52.29810568025834,11.603333366206178,1.7796436965069156e+18,1.7796330658344804e+18
1779642327926895259,11.236,4.08,196.225,16.110280647413532,18.900000000000002,52.22133501959792,11.601654209711203,1.7796437453923953e+18,1.7796328126897743e+18
1779642328327308925,10.704,15.8325,598.825,16.096004067686174,18.865,52.23313641140863,11.601440061015293,1.7796437949369014e+18,1.7796325558241595e+18
1779642328727685301,10.924,11.7175,189.05,16.068736725622976,18.6725,52.21460754647371,11.601031050884345,1.7796438449190016e+18,1.7796322963860314e+18
1779642329128016356,10.532,19.88,576.925,16.064966628002452,18.7075,52.21376286095784,11.600974499420037,1.7796438957275502e+18,1.779632032356801e+18
1779642329528280088,10.504,20.85,122.225,16.063424335597375,18.7075,52.20890906187948,11.60095136503396,1.7796439473985231e+18,1.77963176355425e+18
1779642329928578599,10.456,21.215,373.0,16.060687196536904,18.795,52.2163343209726,11.600910307948054,1.779643999618291e+18,1.7796314917069747e+18
1779642330328871498,10.452,21.0675,1138.3,16.056476348583086,18.8475,52.22437606388924,11.600847145228746,1.7796440525171018e+18,1.7796312160888965e+18
1779642330729116323,10.428,21.385,197.0,16.052667653923518,18.900000000000002,52.23976724376736,11.600790014808853,1.7796441062261821e+18,1.7796309359734464e+18
1779642331129486000,10.36,22.315,601.175,16.053895645431464,18.935000000000002,52.26785040518674,11.600808434681472,1.779644160961118e+18,1.7796306501913285e+18
1779642331529702205,10.4,21.9675,196.225,16.05233314232039,19.005,52.28487827488153,11.600784997134806,1.7796442168238285e+18,1.7796303581876736e+18
1779642331930053394,11.376,2.315,598.825,15.968623212578791,18.97,52.24296032912837,11.599529348188682,1.7796442724494298e+18,1.7796300669406356e+18
1779642332330484923,11.444,1.4825,189.05,15.904413527429838,18.97,52.20898021260652,11.598566202911448,1.7796443284921536e+18,1.779629772934768e+18
1779642332730824486,11.48,1.4825,122.225,15.868413051870633,18.5325,52.18072825421624,11.59802619577806,1.7796443853459896e+18,1.7796294741807808e+18
1779642333131030766,11.24,6.765,373.0,15.86678882714969,18.34,52.1849270659759,11.598001832407245,1.7796444435152294e+18,1.7796291680885898e+18
1779642346546014656,11.384,3.7325,197.0,15.852656056011071,18.13,52.17505578091416,11.597789840840166,1.7796445058881987e+18,1.7796288397186227e+18
1779642346946168358,11.36,4.565,601.175,15.854696423406349,17.92,52.18465484715088,11.597820446351095,1.7796445690004844e+18,1.779628507258354e+18
1779642347346481705,11.4,3.6825,196.225,15.850179691261072,17.64,52.17876704142188,11.597752695368916,1.7796446330498514e+18,1.7796281695690967e+18
1779642347746670404,11.404,3.63,598.825,15.850436898159813,17.5,52.18626389988599,11.597756553472397,1.77964469855766e+18,1.7796278238156984e+18
1779642348146885229,11.428,3.2,189.05,15.852434365739125,17.36,52.19827174843428,11.597786515486087,1.779644765656861e+18,1.7796274692848312e+18
1779642348547081227,11.18,9.0675,576.925,15.884457799524025,17.36,52.22531580938507,11.59826686699286,1.7796448351818678e+18,1.7796271016246e+18
1779642348947314250,11.104,9.7825,122.225,15.894197181790148,17.1325,52.23839476140201,11.598412957726852,1.7796449068640945e+18,1.7796267221582449e+18
1779642349347818345,11.428,2.68,373.0,15.87158400656495,17.0625,52.223045381525814,11.598073760098474,1.7796449800636838e+18,1.7796263341411356e+18
1779642349747964443,11.452,2.63,1138.3,15.869150037718509,16.852500000000003,52.231644682874595,11.598037250565778,1.7796450551887803e+18,1.7796259354986486e+18
1779642350148170026,11.452,2.75,197.0,15.874297430447452,16.852500000000003,52.25175218835247,11.598114461456712,1.7796451322597018e+18,1.779625526193659e+18
1779642350548403995,11.472,2.5475,601.175,15.87941221202031,16.537499999999998,52.255154355616284,11.598191183180305,1.7796452114417738e+18,1.7796251053242883e+18
1779642350948815227,11.468,2.7,196.225,15.887922399416453,16.275000000000002,52.26376713935147,11.598318835991247,1.7796452930238162e+18,1.7796246713417884e+18
1779642351349533416,11.444,3.2325,598.825,15.900527365826477,16.275000000000002,52.282525886847246,11.598507910487397,1.7796453767065787e+18,1.7796242259475817e+18
1779642351750265848,11.436,3.55,189.05,15.915607004288963,16.0475,52.289361011879464,11.598734105064334,1.779645463204531e+18,1.7796237652458819e+18
1779642352151055387,11.176,9.0175,576.925,15.938397361837374,15.785,52.29744135610726,11.59907596042756,1.7796455525381473e+18,1.779623289221431e+18
1779642352551373710,10.204,28.5325,122.225,15.91880145069177,15.785,52.25451573802663,11.598782021760377,1.7796456438697275e+18,1.779622802069042e+18
1779642352951640401,10.172,28.28,373.0,15.90908824857596,15.715,52.23002819390464,11.59863632372864,1.7796457376673206e+18,1.7796223013117322e+18
1779642353351874334,9.788,35.5825,1138.3,15.886726926796712,15.942499999999999,52.20186589331995,11.59830090390195,1.7796458336580803e+18,1.7796217883155935e+18
