busv,current,power,hall_speed
11.659520741235939,27.351264525573608,351.6324717299628,17.02898416488739
11.738113243457319,28.51240957841522,364.8068518161225,18.026296865579813
11.81531455860592,29.656290746924924,377.8118139185141,19.003136675137903
11.89067795275643,30.777353579773926,390.59222900557063,19.9529153933289
11.963771067009514,31.87021301090242,403.0941105112953,20.869244835618552
12.034179273111155,32.92969298533618,415.264888489467,21.745983918119755
12.101508873581059,33.95086430693679,427.0536762179392,22.577283830994265
12.16539011847808,34.92908038765486,438.41152783394847,23.357630952065406
12.225480012638911,35.86001059651799,449.2916856301008,24.08188717051489
