busv,current,power,hall_speed
11.714086331936503,28.20720358377934,355.5861115248249,16.53819137715668
11.819674147882417,29.787569300852834,370.7402077596941,17.298392536218508
11.923524999702263,31.340250541228222,385.72828796387836,18.04798206699223
12.025075597420999,32.856348663596464,400.4962350207036,18.78352532612682
12.123775983423984,34.327243812728426,414.99097066802506,19.501674695681565
12.219092712558936,35.74466008328721,429.1607050186687,20.199190236291074
